source_path,n_windows,participant_id,session,environment,activity,condition,y_true,y_true_name,y_pred,y_pred_name,confidence,proba_female,proba_male
C:/Users/KUBA/GitProjects/WKIRO-Project/data/AJ026/Session1/Overground_Run/Run_Comfortable/Post_Process/Run_Comfortable8.csv,3,AJ026,Session1,overground,run,comfortable,0,female,0,female,1.0,1.0,7.324839401690042e-08
C:/Users/KUBA/GitProjects/WKIRO-Project/data/AJ026/Session1/Overground_Run/Run_Fast/Post_Process/Run_Fast2.csv,2,AJ026,Session1,overground,run,fast,0,female,0,female,0.9999993443489075,0.9999993443489075,6.380086574608868e-07
C:/Users/KUBA/GitProjects/WKIRO-Project/data/AJ026/Session1/Overground_Run/Run_Fast/Post_Process/Run_Fast3.csv,2,AJ026,Session1,overground,run,fast,0,female,0,female,0.9999697208404541,0.9999697208404541,3.0295548640424386e-05
C:/Users/KUBA/GitProjects/WKIRO-Project/data/AJ026/Session1/Overground_Run/Run_Fast/Post_Process/Run_Fast4.csv,2,AJ026,Session1,overground,run,fast,0,female,0,female,0.9999986290931702,0.9999986290931702,1.3544542980525875e-06
C:/Users/KUBA/GitProjects/WKIRO-Project/data/AJ026/Session1/Overground_Run/Run_Fast/Post_Process/Run_Fast9.csv,2,AJ026,Session1,overground,run,fast,0,female,0,female,0.9999694228172302,0.9999694228172302,3.0586510547436774e-05
C:/Users/KUBA/GitProjects/WKIRO-Project/data/AJ026/Session1/Overground_Walk/Walk_Slow/Post_Process/Walk_Slow2.csv,10,AJ026,Session1,overground,walk,slow,0,female,0,female,0.9999996423721313,0.9999996423721313,3.7684776543756016e-07
C:/Users/KUBA/GitProjects/WKIRO-Project/data/AJ026/Session1/Overground_Walk/Walk_Slow/Post_Process/Walk_Slow3.csv,10,AJ026,Session1,overground,walk,slow,0,female,0,female,0.9999713897705078,0.9999713897705078,2.8555998142110184e-05
C:/Users/KUBA/GitProjects/WKIRO-Project/data/AJ026/Session2/Overground_Run/Run_Comfortable/Post_Process/Run_Comfortable1.csv,4,AJ026,Session2,overground,run,comfortable,0,female,0,female,0.9999698400497437,0.9999698400497437,3.019192627107259e-05
C:/Users/KUBA/GitProjects/WKIRO-Project/data/AJ026/Session2/Overground_Run/Run_Comfortable/Post_Process/Run_Comfortable7.csv,4,AJ026,Session2,overground,run,comfortable,0,female,0,female,0.9999687671661377,0.9999687671661377,3.1248437153408304e-05
C:/Users/KUBA/GitProjects/WKIRO-Project/data/AJ026/Session2/Overground_Run/Run_Fast/Post_Process/Run_Fast9.csv,3,AJ026,Session2,overground,run,fast,0,female,0,female,0.9999704360961914,0.9999704360961914,2.9523791454266757e-05
C:/Users/KUBA/GitProjects/WKIRO-Project/data/AJ026/Session2/Overground_Walk/Walk_Comfortable/Post_Process/Walk_Comfortable1.csv,6,AJ026,Session2,overground,walk,comfortable,0,female,0,female,0.9999716877937317,0.9999716877937317,2.8277099772822112e-05
C:/Users/KUBA/GitProjects/WKIRO-Project/data/AJ026/Session2/Overground_Walk/Walk_Comfortable/Post_Process/Walk_Comfortable2.csv,5,AJ026,Session2,overground,walk,comfortable,0,female,0,female,0.9999997019767761,0.9999997019767761,2.881414218336431e-07
C:/Users/KUBA/GitProjects/WKIRO-Project/data/AJ026/Session2/Overground_Walk/Walk_Slow/Post_Process/Walk_Slow1.csv,9,AJ026,Session2,overground,walk,slow,0,female,0,female,0.9999718070030212,0.9999718070030212,2.8177795684314333e-05
C:/Users/KUBA/GitProjects/WKIRO-Project/data/BD004/Session1/Overground_Run/Run_Comfortable/Post_Process/Run_Comfortable10.csv,3,BD004,Session1,overground,run,comfortable,0,female,0,female,0.9999997615814209,0.9999997615814209,2.0985430637665559e-07
C:/Users/KUBA/GitProjects/WKIRO-Project/data/BD004/Session1/Overground_Run/Run_Fast/Post_Process/Run_Fast13.csv,2,BD004,Session1,overground,run,fast,0,female,0,female,0.9999573826789856,0.9999573826789856,4.257117325323634e-05
C:/Users/KUBA/GitProjects/WKIRO-Project/data/BD004/Session1/Overground_Run/Run_Fast/Post_Process/Run_Fast4.csv,2,BD004,Session1,overground,run,fast,0,female,0,female,0.9999997615814209,0.9999997615814209,2.4880856130948814e-07
C:/Users/KUBA/GitProjects/WKIRO-Project/data/BD004/Session1/Overground_Walk/Walk_Slow/Post_Process/Walk_Slow1.csv,13,BD004,Session1,overground,walk,slow,0,female,0,female,0.9999217987060547,0.9999217987060547,7.810866372892633e-05
C:/Users/KUBA/GitProjects/WKIRO-Project/data/BD004/Session1/Overground_Walk/Walk_Slow/Post_Process/Walk_Slow3.csv,12,BD004,Session1,overground,walk,slow,0,female,0,female,0.9999227523803711,0.9999227523803711,7.72692947066389e-05
C:/Users/KUBA/GitProjects/WKIRO-Project/data/BD004/Session1/Overground_Walk/Walk_Slow/Post_Process/Walk_Slow4.csv,13,BD004,Session1,overground,walk,slow,0,female,0,female,0.9999926090240479,0.9999926090240479,7.396658020297764e-06
C:/Users/KUBA/GitProjects/WKIRO-Project/data/BD004/Session1/Overground_Walk/Walk_Slow/Post_Process/Walk_Slow8.csv,9,BD004,Session1,overground,walk,slow,0,female,0,female,0.9999980926513672,0.9999980926513672,1.9166272977599874e-06
C:/Users/KUBA/GitProjects/WKIRO-Project/data/BD004/Session2/Overground_Run/Run_Comfortable/Post_Process/Run_Comfortable12.csv,3,BD004,Session2,overground,run,comfortable,0,female,0,female,0.9999998211860657,0.9999998211860657,1.8701052795222495e-07
C:/Users/KUBA/GitProjects/WKIRO-Project/data/BD004/Session2/Overground_Run/Run_Comfortable/Post_Process/Run_Comfortable6.csv,2,BD004,Session2,overground,run,comfortable,0,female,0,female,0.9999997615814209,0.9999997615814209,1.9230063230679662e-07
C:/Users/KUBA/GitProjects/WKIRO-Project/data/BD004/Session2/Overground_Run/Run_Fast/Post_Process/Run_Fast13.csv,3,BD004,Session2,overground,run,fast,0,female,0,female,0.9999606609344482,0.9999606609344482,3.931953324354254e-05
C:/Users/KUBA/GitProjects/WKIRO-Project/data/BD004/Session2/Overground_Run/Run_Fast/Post_Process/Run_Fast15.csv,3,BD004,Session2,overground,run,fast,0,female,0,female,0.9999613761901855,0.9999613761901855,3.8607762689935043e-05
C:/Users/KUBA/GitProjects/WKIRO-Project/data/BD004/Session2/Overground_Run/Run_Fast/Post_Process/Run_Fast3.csv,2,BD004,Session2,overground,run,fast,0,female,0,female,0.9999638795852661,0.9999638795852661,3.6107721825828776e-05
C:/Users/KUBA/GitProjects/WKIRO-Project/data/BD004/Session2/Overground_Run/Run_Fast/Post_Process/Run_Fast5.csv,3,BD004,Session2,overground,run,fast,0,female,0,female,0.9999625086784363,0.9999625086784363,3.747014488908462e-05
C:/Users/KUBA/GitProjects/WKIRO-Project/data/BD004/Session2/Overground_Walk/Walk_Comfortable/Post_Process/Walk_Comfortable1.csv,5,BD004,Session2,overground,walk,comfortable,0,female,0,female,0.9999328851699829,0.9999328851699829,6.71422531013377e-05
C:/Users/KUBA/GitProjects/WKIRO-Project/data/BD004/Session2/Overground_Walk/Walk_Fast/Post_Process/Walk_Fast2.csv,4,BD004,Session2,overground,walk,fast,0,female,0,female,0.9999997615814209,0.9999997615814209,2.154171454549214e-07
C:/Users/KUBA/GitProjects/WKIRO-Project/data/BD004/Session2/Treadmill_Walk/Treadmill_Walk_Slow/Post_Process/Treadmill_Walk_Slow.csv,120,BD004,Session2,treadmill,walk,slow,0,female,0,female,0.9999991059303284,0.9999991059303284,9.864712637863704e-07
C:/Users/KUBA/GitProjects/WKIRO-Project/data/BL025/Session1/Overground_Run/Run_Comfortable/Post_Process/Run_Comfortable2.csv,3,BL025,Session1,overground,run,comfortable,1,male,1,male,0.9999995231628418,5.110285314913199e-07,0.9999995231628418
C:/Users/KUBA/GitProjects/WKIRO-Project/data/BL025/Session1/Overground_Run/Run_Comfortable/Post_Process/Run_Comfortable8.csv,3,BL025,Session1,overground,run,comfortable,1,male,1,male,0.9999995231628418,4.672508566727629e-07,0.9999995231628418
C:/Users/KUBA/GitProjects/WKIRO-Project/data/BL025/Session1/Overground_Run/Run_Fast/Post_Process/Run_Fast1.csv,2,BL025,Session1,overground,run,fast,1,male,1,male,0.9999614357948303,3.858645504806191e-05,0.9999614357948303
C:/Users/KUBA/GitProjects/WKIRO-Project/data/BL025/Session1/Overground_Walk/Walk_Comfortable/Post_Process/Walk_Comfortable6.csv,6,BL025,Session1,overground,walk,comfortable,1,male,1,male,0.9999985694885254,1.4280823279477772e-06,0.9999985694885254
C:/Users/KUBA/GitProjects/WKIRO-Project/data/BL025/Session1/Overground_Walk/Walk_Fast/Post_Process/Walk_Fast4.csv,5,BL025,Session1,overground,walk,fast,1,male,1,male,0.9999996423721313,3.8809724856037064e-07,0.9999996423721313
C:/Users/KUBA/GitProjects/WKIRO-Project/data/BL025/Session1/Overground_Walk/Walk_Fast/Post_Process/Walk_Fast7.csv,5,BL025,Session1,overground,walk,fast,1,male,1,male,0.9999809265136719,1.9128367057419382e-05,0.9999809265136719
C:/Users/KUBA/GitProjects/WKIRO-Project/data/BL025/Session1/Overground_Walk/Walk_Fast/Post_Process/Walk_Fast8.csv,5,BL025,Session1,overground,walk,fast,1,male,1,male,0.9999993443489075,6.223371542546374e-07,0.9999993443489075
C:/Users/KUBA/GitProjects/WKIRO-Project/data/BL025/Session1/Overground_Walk/Walk_Slow/Post_Process/Walk_Slow1.csv,10,BL025,Session1,overground,walk,slow,1,male,1,male,0.9999836087226868,1.6474292351631448e-05,0.9999836087226868
C:/Users/KUBA/GitProjects/WKIRO-Project/data/BL025/Session1/Treadmill_Walk/Treadmill_Walk_Fast/Post_Process/Treadmill_Walk_Fast.csv,122,BL025,Session1,treadmill,walk,fast,1,male,1,male,0.999998927116394,1.1012541563104605e-06,0.999998927116394
C:/Users/KUBA/GitProjects/WKIRO-Project/data/BL025/Session2/Overground_Run/Run_Comfortable/Post_Process/Run_Comfortable2.csv,3,BL025,Session2,overground,run,comfortable,1,male,1,male,0.9999971389770508,2.9050388548057526e-06,0.9999971389770508
C:/Users/KUBA/GitProjects/WKIRO-Project/data/BL025/Session2/Overground_Run/Run_Fast/Post_Process/Run_Fast3.csv,2,BL025,Session2,overground,run,fast,1,male,1,male,0.9998682737350464,0.0001317271962761879,0.9998682737350464
C:/Users/KUBA/GitProjects/WKIRO-Project/data/BL025/Session2/Overground_Run/Run_Fast/Post_Process/Run_Fast5.csv,1,BL025,Session2,overground,run,fast,1,male,1,male,0.9999213218688965,7.87067401688546e-05,0.9999213218688965
C:/Users/KUBA/GitProjects/WKIRO-Project/data/BL025/Session2/Overground_Walk/Walk_Fast/Post_Process/Walk_Fast6.csv,3,BL025,Session2,overground,walk,fast,1,male,1,male,0.9999976754188538,2.3054117264109664e-06,0.9999976754188538
C:/Users/KUBA/GitProjects/WKIRO-Project/data/BL025/Session2/Overground_Walk/Walk_Slow/Post_Process/Walk_Slow5.csv,10,BL025,Session2,overground,walk,slow,1,male,1,male,0.9999697804450989,3.0265116947703063e-05,0.9999697804450989
C:/Users/KUBA/GitProjects/WKIRO-Project/data/CF027/Session1/Overground_Run/Run_Comfortable/Post_Process/Run_Comfortable3.csv,3,CF027,Session1,overground,run,comfortable,1,male,1,male,0.9999993443489075,5.982860784570221e-07,0.9999993443489075
C:/Users/KUBA/GitProjects/WKIRO-Project/data/CF027/Session1/Overground_Run/Run_Fast/Post_Process/Run_Fast6.csv,2,CF027,Session1,overground,run,fast,1,male,1,male,0.9999996423721313,3.752311386051588e-07,0.9999996423721313
C:/Users/KUBA/GitProjects/WKIRO-Project/data/CF027/Session1/Overground_Run/Run_Fast/Post_Process/Run_Fast8.csv,1,CF027,Session1,overground,run,fast,1,male,1,male,0.9999995231628418,5.326614882505964e-07,0.9999995231628418
C:/Users/KUBA/GitProjects/WKIRO-Project/data/CF027/Session1/Overground_Walk/Walk_Comfortable/Post_Process/Walk_Comfortable8.csv,7,CF027,Session1,overground,walk,comfortable,1,male,1,male,0.9999873042106628,1.2638416592380963e-05,0.9999873042106628
C:/Users/KUBA/GitProjects/WKIRO-Project/data/CF027/Session1/Overground_Walk/Walk_Fast/Post_Process/Walk_Fast6.csv,3,CF027,Session1,overground,walk,fast,1,male,1,male,0.9999995231628418,4.843660121878202e-07,0.9999995231628418
C:/Users/KUBA/GitProjects/WKIRO-Project/data/CF027/Session1/Treadmill_Walk/Treadmill_Walk_Fast/Post_Process/Treadmill_Walk_Fast.csv,120,CF027,Session1,treadmill,walk,fast,1,male,1,male,0.9999993443489075,6.561922987202706e-07,0.9999993443489075
C:/Users/KUBA/GitProjects/WKIRO-Project/data/CF027/Session2/Overground_Run/Run_Comfortable/Post_Process/Run_Comfortable3.csv,3,CF027,Session2,overground,run,comfortable,1,male,1,male,0.9999918341636658,8.231592801166698e-06,0.9999918341636658
C:/Users/KUBA/GitProjects/WKIRO-Project/data/CF027/Session2/Overground_Run/Run_Fast/Post_Process/Run_Fast3.csv,2,CF027,Session2,overground,run,fast,1,male,1,male,0.9999902248382568,9.80660661298316e-06,0.9999902248382568
C:/Users/KUBA/GitProjects/WKIRO-Project/data/CF027/Session2/Overground_Run/Run_Fast/Post_Process/Run_Fast6.csv,2,CF027,Session2,overground,run,fast,1,male,1,male,0.9999989867210388,1.0117807960341452e-06,0.9999989867210388
C:/Users/KUBA/GitProjects/WKIRO-Project/data/CF027/Session2/Overground_Run/Run_Fast/Post_Process/Run_Fast7.csv,2,CF027,Session2,overground,run,fast,1,male,1,male,0.9999926090240479,7.409062163787894e-06,0.9999926090240479
C:/Users/KUBA/GitProjects/WKIRO-Project/data/CF027/Session2/Overground_Walk/Walk_Comfortable/Post_Process/Walk_Comfortable4.csv,5,CF027,Session2,overground,walk,comfortable,1,male,1,male,0.9999996423721313,3.398610601834662e-07,0.9999996423721313
C:/Users/KUBA/GitProjects/WKIRO-Project/data/CF027/Session2/Overground_Walk/Walk_Fast/Post_Process/Walk_Fast8.csv,4,CF027,Session2,overground,walk,fast,1,male,1,male,0.9999994039535522,6.225684501259821e-07,0.9999994039535522
C:/Users/KUBA/GitProjects/WKIRO-Project/data/CF027/Session2/Overground_Walk/Walk_Slow/Post_Process/Walk_Slow5.csv,9,CF027,Session2,overground,walk,slow,1,male,1,male,0.9999874830245972,1.2466344742279034e-05,0.9999874830245972
C:/Users/KUBA/GitProjects/WKIRO-Project/data/CF027/Session2/Treadmill_Run/Treadmill_Run_Comfortable/Post_Process/Treadmill_Run_Comfortable.csv,120,CF027,Session2,treadmill,run,comfortable,1,male,1,male,0.9999996423721313,4.4763783080270514e-07,0.9999996423721313
C:/Users/KUBA/GitProjects/WKIRO-Project/data/CL007/Session1/Overground_Run/Run_Fast/Post_Process/Run_Fast4.csv,3,CL007,Session1,overground,run,fast,0,female,0,female,0.9999998211860657,0.9999998211860657,1.20787476021178e-07
C:/Users/KUBA/GitProjects/WKIRO-Project/data/CL007/Session1/Overground_Run/Run_Fast/Post_Process/Run_Fast6.csv,2,CL007,Session1,overground,run,fast,0,female,0,female,0.9999998211860657,0.9999998211860657,1.5551398746538325e-07
C:/Users/KUBA/GitProjects/WKIRO-Project/data/CL007/Session1/Overground_Run/Run_Fast/Post_Process/Run_Fast7.csv,2,CL007,Session1,overground,run,fast,0,female,0,female,0.9999786019325256,0.9999786019325256,2.1412877686088905e-05
C:/Users/KUBA/GitProjects/WKIRO-Project/data/CL007/Session1/Overground_Walk/Walk_Comfortable/Post_Process/Walk_Comfortable2.csv,4,CL007,Session1,overground,walk,comfortable,0,female,0,female,0.9999998807907104,0.9999998807907104,9.377606602356536e-08
C:/Users/KUBA/GitProjects/WKIRO-Project/data/CL007/Session1/Overground_Walk/Walk_Fast/Post_Process/Walk_Fast6.csv,3,CL007,Session1,overground,walk,fast,0,female,0,female,0.9999998211860657,0.9999998211860657,1.094674928481254e-07
C:/Users/KUBA/GitProjects/WKIRO-Project/data/CL007/Session1/Overground_Walk/Walk_Slow/Post_Process/Walk_Slow7.csv,7,CL007,Session1,overground,walk,slow,0,female,0,female,0.9999709129333496,0.9999709129333496,2.9065284252283163e-05
C:/Users/KUBA/GitProjects/WKIRO-Project/data/CL007/Session2/Overground_Run/Run_Comfortable/Post_Process/Run_Comfortable1.csv,3,CL007,Session2,overground,run,comfortable,0,female,0,female,0.9999716877937317,0.9999716877937317,2.824563671310898e-05
C:/Users/KUBA/GitProjects/WKIRO-Project/data/CL007/Session2/Overground_Run/Run_Comfortable/Post_Process/Run_Comfortable4.csv,3,CL007,Session2,overground,run,comfortable,0,female,0,female,0.9999999403953552,0.9999999403953552,6.52737242035073e-08
C:/Users/KUBA/GitProjects/WKIRO-Project/data/CL007/Session2/Overground_Run/Run_Fast/Post_Process/Run_Fast11.csv,2,CL007,Session2,overground,run,fast,0,female,0,female,0.9999778866767883,0.9999778866767883,2.21209556912072e-05
C:/Users/KUBA/GitProjects/WKIRO-Project/data/CL007/Session2/Overground_Walk/Walk_Fast/Post_Process/Walk_Fast2.csv,4,CL007,Session2,overground,walk,fast,0,female,0,female,1.0,1.0,4.500516581629199e-08
C:/Users/KUBA/GitProjects/WKIRO-Project/data/CL007/Session2/Overground_Walk/Walk_Fast/Post_Process/Walk_Fast6.csv,3,CL007,Session2,overground,walk,fast,0,female,0,female,1.0,1.0,4.1839044229163846e-08
C:/Users/KUBA/GitProjects/WKIRO-Project/data/CL007/Session2/Overground_Walk/Walk_Fast/Post_Process/Walk_Fast7.csv,4,CL007,Session2,overground,walk,fast,0,female,0,female,0.9999715089797974,0.9999715089797974,2.846704956027679e-05
C:/Users/KUBA/GitProjects/WKIRO-Project/data/CL007/Session2/Overground_Walk/Walk_Slow/Post_Process/Walk_Slow8.csv,6,CL007,Session2,overground,walk,slow,0,female,0,female,1.0,1.0,7.381399313999282e-08
C:/Users/KUBA/GitProjects/WKIRO-Project/data/CL007/Session2/Treadmill_Run/Treadmill_Run_Fast/Post_Process/Treadmill_Run_Fast.csv,120,CL007,Session2,treadmill,run,fast,0,female,0,female,0.9999999403953552,0.9999999403953552,1.059470235986737e-07
C:/Users/KUBA/GitProjects/WKIRO-Project/data/CL007/Session2/Treadmill_Walk/Treadmill_Walk_Fast/Post_Process/Treadmill_Walk_Fast.csv,120,CL007,Session2,treadmill,walk,fast,0,female,0,female,1.0,1.0,7.673255453255479e-08
C:/Users/KUBA/GitProjects/WKIRO-Project/data/DA013/Session1/Overground_Run/Run_Comfortable/Post_Process/Run_Comfortable1.csv,3,DA013,Session1,overground,run,comfortable,1,male,1,male,0.9999997019767761,2.8034250476594025e-07,0.9999997019767761
C:/Users/KUBA/GitProjects/WKIRO-Project/data/DA013/Session1/Overground_Run/Run_Comfortable/Post_Process/Run_Comfortable5.csv,3,DA013,Session1,overground,run,comfortable,1,male,1,male,0.9999997019767761,2.8735379942190775e-07,0.9999997019767761
C:/Users/KUBA/GitProjects/WKIRO-Project/data/DA013/Session1/Overground_Run/Run_Fast/Post_Process/Run_Fast7.csv,2,DA013,Session1,overground,run,fast,1,male,1,male,0.9999854564666748,1.4558150724042207e-05,0.9999854564666748
C:/Users/KUBA/GitProjects/WKIRO-Project/data/DA013/Session1/Overground_Run/Run_Fast/Post_Process/Run_Fast9.csv,2,DA013,Session1,overground,run,fast,1,male,1,male,0.9999878406524658,1.2129454262321815e-05,0.9999878406524658
C:/Users/KUBA/GitProjects/WKIRO-Project/data/DA013/Session1/Overground_Walk/Walk_Fast/Post_Process/Walk_Fast1.csv,4,DA013,Session1,overground,walk,fast,1,male,1,male,0.9999890327453613,1.0976496923831291e-05,0.9999890327453613
C:/Users/KUBA/GitProjects/WKIRO-Project/data/DA013/Session1/Overground_Walk/Walk_Fast/Post_Process/Walk_Fast3.csv,4,DA013,Session1,overground,walk,fast,1,male,1,male,0.9999883770942688,1.1629126674961299e-05,0.9999883770942688
C:/Users/KUBA/GitProjects/WKIRO-Project/data/DA013/Session2/Overground_Run/Run_Comfortable/Post_Process/Run_Comfortable10.csv,2,DA013,Session2,overground,run,comfortable,1,male,1,male,0.9999995827674866,3.9284174135900685e-07,0.9999995827674866
C:/Users/KUBA/GitProjects/WKIRO-Project/data/DA013/Session2/Overground_Run/Run_Comfortable/Post_Process/Run_Comfortable8.csv,3,DA013,Session2,overground,run,comfortable,1,male,1,male,0.9999988675117493,1.113626694859704e-06,0.9999988675117493
C:/Users/KUBA/GitProjects/WKIRO-Project/data/DA013/Session2/Overground_Run/Run_Fast/Post_Process/Run_Fast3.csv,2,DA013,Session2,overground,run,fast,1,male,1,male,0.9999886751174927,1.1302339771646075e-05,0.9999886751174927
C:/Users/KUBA/GitProjects/WKIRO-Project/data/DA013/Session2/Overground_Run/Run_Fast/Post_Process/Run_Fast4.csv,1,DA013,Session2,overground,run,fast,1,male,1,male,0.9999998807907104,1.3039650070822972e-07,0.9999998807907104
C:/Users/KUBA/GitProjects/WKIRO-Project/data/DA013/Session2/Overground_Walk/Walk_Fast/Post_Process/Walk_Fast4.csv,4,DA013,Session2,overground,walk,fast,1,male,1,male,0.9999988675117493,1.0898995697061764e-06,0.9999988675117493
C:/Users/KUBA/GitProjects/WKIRO-Project/data/DA013/Session2/Overground_Walk/Walk_Slow/Post_Process/Walk_Slow4.csv,8,DA013,Session2,overground,walk,slow,1,male,1,male,0.9999992251396179,7.846139737921476e-07,0.9999992251396179
C:/Users/KUBA/GitProjects/WKIRO-Project/data/DA013/Session2/Overground_Walk/Walk_Slow/Post_Process/Walk_Slow7.csv,8,DA013,Session2,overground,walk,slow,1,male,1,male,0.9999873042106628,1.2682539818342775e-05,0.9999873042106628
C:/Users/KUBA/GitProjects/WKIRO-Project/data/DA013/Session2/Overground_Walk/Walk_Slow/Post_Process/Walk_Slow8.csv,9,DA013,Session2,overground,walk,slow,1,male,1,male,0.999999463558197,5.25367966019985e-07,0.999999463558197
C:/Users/KUBA/GitProjects/WKIRO-Project/data/DC005/Session1/Overground_Run/Run_Comfortable/Post_Process/Run_Comfortable9.csv,3,DC005,Session1,overground,run,comfortable,1,male,1,male,0.9999879002571106,1.2143121239205357e-05,0.9999879002571106
C:/Users/KUBA/GitProjects/WKIRO-Project/data/DC005/Session1/Overground_Run/Run_Fast/Post_Process/Run_Fast11.csv,2,DC005,Session1,overground,run,fast,1,male,1,male,0.9999880790710449,1.1934020221815445e-05,0.9999880790710449
C:/Users/KUBA/GitProjects/WKIRO-Project/data/DC005/Session1/Overground_Run/Run_Fast/Post_Process/Run_Fast15.csv,2,DC005,Session1,overground,run,fast,1,male,1,male,0.999986469745636,1.3567485439125448e-05,0.999986469745636
C:/Users/KUBA/GitProjects/WKIRO-Project/data/DC005/Session1/Overground_Walk/Walk_Fast/Post_Process/Walk_Fast5.csv,3,DC005,Session1,overground,walk,fast,1,male,1,male,0.99998539686203,1.4616252883570269e-05,0.99998539686203
C:/Users/KUBA/GitProjects/WKIRO-Project/data/DC005/Session1/Overground_Walk/Walk_Fast/Post_Process/Walk_Fast7.csv,3,DC005,Session1,overground,walk,fast,1,male,1,male,0.99998539686203,1.4632813872594852e-05,0.99998539686203
C:/Users/KUBA/GitProjects/WKIRO-Project/data/DC005/Session1/Overground_Walk/Walk_Fast/Post_Process/Walk_Fast9.csv,4,DC005,Session1,overground,walk,fast,1,male,1,male,0.9999864101409912,1.3576303899753839e-05,0.9999864101409912
C:/Users/KUBA/GitProjects/WKIRO-Project/data/DC005/Session1/Treadmill_Walk/Treadmill_Walk_Slow/Post_Process/Treadmill_Walk_Slow.csv,120,DC005,Session1,treadmill,walk,slow,1,male,1,male,0.999999463558197,5.233479214439285e-07,0.999999463558197
C:/Users/KUBA/GitProjects/WKIRO-Project/data/DC005/Session2/Overground_Run/Run_Comfortable/Post_Process/Run_Comfortable1.csv,3,DC005,Session2,overground,run,comfortable,1,male,1,male,0.9999918937683105,8.150505891535431e-06,0.9999918937683105
C:/Users/KUBA/GitProjects/WKIRO-Project/data/DC005/Session2/Overground_Run/Run_Comfortable/Post_Process/Run_Comfortable13.csv,3,DC005,Session2,overground,run,comfortable,1,male,1,male,0.9999892115592957,1.0866573575185612e-05,0.9999892115592957
C:/Users/KUBA/GitProjects/WKIRO-Project/data/DC005/Session2/Overground_Run/Run_Comfortable/Post_Process/Run_Comfortable4.csv,2,DC005,Session2,overground,run,comfortable,1,male,1,male,0.9999998807907104,1.3475558091613493e-07,0.9999998807907104
C:/Users/KUBA/GitProjects/WKIRO-Project/data/DC005/Session2/Overground_Run/Run_Fast/Post_Process/Run_Fast12.csv,2,DC005,Session2,overground,run,fast,1,male,1,male,0.9999988675117493,1.1288423138466896e-06,0.9999988675117493
C:/Users/KUBA/GitProjects/WKIRO-Project/data/DC005/Session2/Overground_Run/Run_Fast/Post_Process/Run_Fast3.csv,3,DC005,Session2,overground,run,fast,1,male,1,male,0.9999883770942688,1.1600714060477912e-05,0.9999883770942688
C:/Users/KUBA/GitProjects/WKIRO-Project/data/DC005/Session2/Overground_Walk/Walk_Comfortable/Post_Process/Walk_Comfortable8.csv,8,DC005,Session2,overground,walk,comfortable,1,male,1,male,0.999999463558197,5.433307137536758e-07,0.999999463558197
C:/Users/KUBA/GitProjects/WKIRO-Project/data/DC005/Session2/Overground_Walk/Walk_Fast/Post_Process/Walk_Fast2.csv,6,DC005,Session2,overground,walk,fast,1,male,1,male,0.9999995827674866,3.989052856923081e-07,0.9999995827674866
C:/Users/KUBA/GitProjects/WKIRO-Project/data/DC005/Session2/Overground_Walk/Walk_Fast/Post_Process/Walk_Fast4.csv,7,DC005,Session2,overground,walk,fast,1,male,1,male,0.9999997019767761,3.109325064087898e-07,0.9999997019767761
C:/Users/KUBA/GitProjects/WKIRO-Project/data/DC005/Session2/Overground_Walk/Walk_Slow/Post_Process/Walk_Slow4.csv,6,DC005,Session2,overground,walk,slow,1,male,1,male,0.9999993443489075,6.449886882364808e-07,0.9999993443489075
C:/Users/KUBA/GitProjects/WKIRO-Project/data/DC005/Session2/Treadmill_Run/Treadmill_Run_Fast/Post_Process/Treadmill_Run_Fast.csv,120,DC005,Session2,treadmill,run,fast,1,male,1,male,0.9999993443489075,7.331013307521062e-07,0.9999993443489075
C:/Users/KUBA/GitProjects/WKIRO-Project/data/GF022/Session1/Overground_Run/Run_Comfortable/Post_Process/Run_Comfortable1.csv,4,GF022,Session1,overground,run,comfortable,0,female,0,female,0.999981164932251,0.999981164932251,1.8817336240317672e-05
C:/Users/KUBA/GitProjects/WKIRO-Project/data/GF022/Session1/Overground_Run/Run_Comfortable/Post_Process/Run_Comfortable3.csv,3,GF022,Session1,overground,run,comfortable,0,female,0,female,0.9999801516532898,0.9999801516532898,1.9837125364574604e-05
C:/Users/KUBA/GitProjects/WKIRO-Project/data/GF022/Session1/Overground_Run/Run_Comfortable/Post_Process/Run_Comfortable4.csv,3,GF022,Session1,overground,run,comfortable,0,female,0,female,0.9999780654907227,0.9999780654907227,2.1933397874818183e-05
C:/Users/KUBA/GitProjects/WKIRO-Project/data/GF022/Session1/Overground_Run/Run_Comfortable/Post_Process/Run_Comfortable6.csv,3,GF022,Session1,overground,run,comfortable,0,female,0,female,0.9999995231628418,0.9999995231628418,4.189004982890765e-07
C:/Users/KUBA/GitProjects/WKIRO-Project/data/GF022/Session1/Overground_Run/Run_Fast/Post_Process/Run_Fast2.csv,2,GF022,Session1,overground,run,fast,0,female,0,female,0.9999980926513672,0.9999980926513672,1.9137371509714285e-06
C:/Users/KUBA/GitProjects/WKIRO-Project/data/GF022/Session1/Overground_Walk/Walk_Comfortable/Post_Process/Walk_Comfortable3.csv,8,GF022,Session1,overground,walk,comfortable,0,female,0,female,0.9999633431434631,0.9999633431434631,3.664377800305374e-05
C:/Users/KUBA/GitProjects/WKIRO-Project/data/GF022/Session1/Overground_Walk/Walk_Slow/Post_Process/Walk_Slow1.csv,7,GF022,Session1,overground,walk,slow,0,female,0,female,0.9999657869338989,0.9999657869338989,3.424691021791659e-05
C:/Users/KUBA/GitProjects/WKIRO-Project/data/GF022/Session2/Overground_Run/Run_Fast/Post_Process/Run_Fast2.csv,2,GF022,Session2,overground,run,fast,0,female,0,female,0.9999966025352478,0.9999966025352478,3.367970066392445e-06
C:/Users/KUBA/GitProjects/WKIRO-Project/data/GF022/Session2/Overground_Run/Run_Fast/Post_Process/Run_Fast3.csv,2,GF022,Session2,overground,run,fast,0,female,0,female,0.9999289512634277,0.9999289512634277,7.109157741069794e-05
C:/Users/KUBA/GitProjects/WKIRO-Project/data/GF022/Session2/Overground_Run/Run_Fast/Post_Process/Run_Fast4.csv,2,GF022,Session2,overground,run,fast,0,female,0,female,0.9999985694885254,0.9999985694885254,1.4186491625878261e-06
C:/Users/KUBA/GitProjects/WKIRO-Project/data/GF022/Session2/Overground_Walk/Walk_Comfortable/Post_Process/Walk_Comfortable4.csv,6,GF022,Session2,overground,walk,comfortable,0,female,0,female,0.9999999403953552,0.9999999403953552,1.0018464280392436e-07
C:/Users/KUBA/GitProjects/WKIRO-Project/data/GF022/Session2/Overground_Walk/Walk_Comfortable/Post_Process/Walk_Comfortable6.csv,6,GF022,Session2,overground,walk,comfortable,0,female,0,female,0.9999999403953552,0.9999999403953552,6.852067002682816e-08
C:/Users/KUBA/GitProjects/WKIRO-Project/data/GF022/Session2/Overground_Walk/Walk_Fast/Post_Process/Walk_Fast2.csv,5,GF022,Session2,overground,walk,fast,0,female,0,female,1.0,1.0,4.879162673887549e-08
C:/Users/KUBA/GitProjects/WKIRO-Project/data/GF022/Session2/Overground_Walk/Walk_Slow/Post_Process/Walk_Slow1.csv,11,GF022,Session2,overground,walk,slow,0,female,0,female,0.999967634677887,0.999967634677887,3.2262603781418875e-05
C:/Users/KUBA/GitProjects/WKIRO-Project/data/GM001/Session1/Overground_Run/Run_Comfortable/Post_Process/Run_Comfortable7.csv,3,GM001,Session1,overground,run,comfortable,1,male,1,male,0.9999899864196777,1.004097157419892e-05,0.9999899864196777
C:/Users/KUBA/GitProjects/WKIRO-Project/data/GM001/Session1/Overground_Run/Run_Fast/Post_Process/Run_Fast12.csv,1,GM001,Session1,overground,run,fast,1,male,1,male,0.9999998807907104,1.330204639771182e-07,0.9999998807907104
C:/Users/KUBA/GitProjects/WKIRO-Project/data/GM001/Session1/Overground_Run/Run_Fast/Post_Process/Run_Fast9.csv,1,GM001,Session1,overground,run,fast,1,male,1,male,0.9999874830245972,1.2575342225318309e-05,0.9999874830245972
C:/Users/KUBA/GitProjects/WKIRO-Project/data/GM001/Session1/Overground_Walk/Walk_Comfortable/Post_Process/Walk_Comfortable7.csv,5,GM001,Session1,overground,walk,comfortable,1,male,1,male,0.9999855160713196,1.4511571862385608e-05,0.9999855160713196
C:/Users/KUBA/GitProjects/WKIRO-Project/data/GM001/Session1/Overground_Walk/Walk_Comfortable/Post_Process/Walk_Comfortable8.csv,5,GM001,Session1,overground,walk,comfortable,1,male,1,male,0.8022031784057617,0.1977967768907547,0.8022031784057617
C:/Users/KUBA/GitProjects/WKIRO-Project/data/GM001/Session1/Overground_Walk/Walk_Comfortable/Post_Process/Walk_Comfortable9.csv,5,GM001,Session1,overground,walk,comfortable,1,male,1,male,0.9999855160713196,1.4488960914604831e-05,0.9999855160713196
C:/Users/KUBA/GitProjects/WKIRO-Project/data/GM001/Session1/Overground_Walk/Walk_Fast/Post_Process/Walk_Fast2.csv,2,GM001,Session1,overground,walk,fast,1,male,1,male,0.9999996423721313,3.3553271805430995e-07,0.9999996423721313
C:/Users/KUBA/GitProjects/WKIRO-Project/data/GM001/Session1/Overground_Walk/Walk_Slow/Post_Process/Walk_Slow3.csv,9,GM001,Session1,overground,walk,slow,1,male,1,male,0.9999839067459106,1.606799560249783e-05,0.9999839067459106
C:/Users/KUBA/GitProjects/WKIRO-Project/data/GM001/Session2/Overground_Run/Run_Comfortable/Post_Process/Run_Comfortable6.csv,4,GM001,Session2,overground,run,comfortable,1,male,1,male,0.9999997615814209,2.2917949138445692e-07,0.9999997615814209
C:/Users/KUBA/GitProjects/WKIRO-Project/data/GM001/Session2/Overground_Run/Run_Fast/Post_Process/Run_Fast12.csv,2,GM001,Session2,overground,run,fast,1,male,1,male,0.9999993443489075,6.925789648448699e-07,0.9999993443489075
C:/Users/KUBA/GitProjects/WKIRO-Project/data/GM001/Session2/Overground_Run/Run_Fast/Post_Process/Run_Fast4.csv,2,GM001,Session2,overground,run,fast,1,male,1,male,0.999999463558197,5.110498477733927e-07,0.999999463558197
C:/Users/KUBA/GitProjects/WKIRO-Project/data/GM001/Session2/Overground_Walk/Walk_Fast/Post_Process/Walk_Fast12.csv,2,GM001,Session2,overground,walk,fast,1,male,1,male,0.9999997019767761,2.832234997640626e-07,0.9999997019767761
C:/Users/KUBA/GitProjects/WKIRO-Project/data/GM001/Session2/Overground_Walk/Walk_Fast/Post_Process/Walk_Fast2.csv,3,GM001,Session2,overground,walk,fast,1,male,1,male,0.999999463558197,5.564524485635047e-07,0.999999463558197
C:/Users/KUBA/GitProjects/WKIRO-Project/data/GM001/Session2/Overground_Walk/Walk_Fast/Post_Process/Walk_Fast3.csv,3,GM001,Session2,overground,walk,fast,1,male,1,male,0.999984085559845,1.5890020222286694e-05,0.999984085559845
C:/Users/KUBA/GitProjects/WKIRO-Project/data/GM001/Session2/Overground_Walk/Walk_Slow/Post_Process/Walk_Slow1.csv,12,GM001,Session2,overground,walk,slow,1,male,1,male,0.9999842047691345,1.5754905689391308e-05,0.9999842047691345
C:/Users/KUBA/GitProjects/WKIRO-Project/data/GM001/Session2/Treadmill_Walk/Treadmill_Walk_Slow/Post_Process/Treadmill_Walk_Slow.csv,120,GM001,Session2,treadmill,walk,slow,1,male,1,male,0.9999996423721313,3.780997701596789e-07,0.9999996423721313
C:/Users/KUBA/GitProjects/WKIRO-Project/data/GQ016/Session1/Overground_Run/Run_Comfortable/Post_Process/Run_Comfortable1.csv,4,GQ016,Session1,overground,run,comfortable,1,male,1,male,0.9999896287918091,1.0394208402431104e-05,0.9999896287918091
C:/Users/KUBA/GitProjects/WKIRO-Project/data/GQ016/Session1/Overground_Run/Run_Comfortable/Post_Process/Run_Comfortable3.csv,4,GQ016,Session1,overground,run,comfortable,1,male,1,male,0.9999894499778748,1.0538255082792602e-05,0.9999894499778748
C:/Users/KUBA/GitProjects/WKIRO-Project/data/GQ016/Session1/Overground_Run/Run_Comfortable/Post_Process/Run_Comfortable8.csv,2,GQ016,Session1,overground,run,comfortable,1,male,1,male,0.9999997019767761,2.7672314217852545e-07,0.9999997019767761
C:/Users/KUBA/GitProjects/WKIRO-Project/data/GQ016/Session1/Overground_Run/Run_Fast/Post_Process/Run_Fast10.csv,3,GQ016,Session1,overground,run,fast,1,male,1,male,0.9999995827674866,3.890274058448995e-07,0.9999995827674866
C:/Users/KUBA/GitProjects/WKIRO-Project/data/GQ016/Session1/Overground_Run/Run_Fast/Post_Process/Run_Fast2.csv,2,GQ016,Session1,overground,run,fast,1,male,1,male,0.9999997019767761,3.114052447017457e-07,0.9999997019767761
C:/Users/KUBA/GitProjects/WKIRO-Project/data/GQ016/Session1/Overground_Run/Run_Fast/Post_Process/Run_Fast4.csv,2,GQ016,Session1,overground,run,fast,1,male,1,male,0.9999988675117493,1.1315577239656704e-06,0.9999988675117493
C:/Users/KUBA/GitProjects/WKIRO-Project/data/GQ016/Session1/Overground_Run/Run_Fast/Post_Process/Run_Fast9.csv,2,GQ016,Session1,overground,run,fast,1,male,1,male,0.9999856352806091,1.433883880963549e-05,0.9999856352806091
C:/Users/KUBA/GitProjects/WKIRO-Project/data/GQ016/Session1/Overground_Walk/Walk_Comfortable/Post_Process/Walk_Comfortable8.csv,5,GQ016,Session1,overground,walk,comfortable,1,male,1,male,0.9999996423721313,4.0429353020954295e-07,0.9999996423721313
C:/Users/KUBA/GitProjects/WKIRO-Project/data/GQ016/Session1/Overground_Walk/Walk_Slow/Post_Process/Walk_Slow7.csv,9,GQ016,Session1,overground,walk,slow,1,male,1,male,0.9999871850013733,1.2810111002181657e-05,0.9999871850013733
C:/Users/KUBA/GitProjects/WKIRO-Project/data/GQ016/Session2/Overground_Run/Run_Comfortable/Post_Process/Run_Comfortable1.csv,3,GQ016,Session2,overground,run,comfortable,1,male,1,male,0.9999859929084778,1.398619860992767e-05,0.9999859929084778
C:/Users/KUBA/GitProjects/WKIRO-Project/data/GQ016/Session2/Overground_Run/Run_Comfortable/Post_Process/Run_Comfortable5.csv,3,GQ016,Session2,overground,run,comfortable,1,male,1,male,0.9999849200248718,1.505157706560567e-05,0.9999849200248718
C:/Users/KUBA/GitProjects/WKIRO-Project/data/GQ016/Session2/Overground_Walk/Walk_Comfortable/Post_Process/Walk_Comfortable3.csv,5,GQ016,Session2,overground,walk,comfortable,1,male,1,male,0.9999850988388062,1.4862645002722275e-05,0.9999850988388062
C:/Users/KUBA/GitProjects/WKIRO-Project/data/GQ016/Session2/Overground_Walk/Walk_Comfortable/Post_Process/Walk_Comfortable8.csv,5,GQ016,Session2,overground,walk,comfortable,1,male,1,male,0.9999996423721313,3.921109623661323e-07,0.9999996423721313
C:/Users/KUBA/GitProjects/WKIRO-Project/data/GQ016/Session2/Overground_Walk/Walk_Fast/Post_Process/Walk_Fast3.csv,4,GQ016,Session2,overground,walk,fast,1,male,1,male,0.9999873042106628,1.2699289982265327e-05,0.9999873042106628
C:/Users/KUBA/GitProjects/WKIRO-Project/data/GQ016/Session2/Overground_Walk/Walk_Slow/Post_Process/Walk_Slow8.csv,5,GQ016,Session2,overground,walk,slow,1,male,1,male,0.9999995231628418,4.578499499530153e-07,0.9999995231628418
C:/Users/KUBA/GitProjects/WKIRO-Project/data/HN021/Session1/Overground_Run/Run_Comfortable/Post_Process/Run_Comfortable3.csv,6,HN021,Session1,overground,run,comfortable,0,female,0,female,0.9999716877937317,0.9999716877937317,2.8317181204329245e-05
C:/Users/KUBA/GitProjects/WKIRO-Project/data/HN021/Session1/Overground_Run/Run_Comfortable/Post_Process/Run_Comfortable7.csv,5,HN021,Session1,overground,run,comfortable,0,female,0,female,0.9999713897705078,0.9999713897705078,2.8612226742552593e-05
C:/Users/KUBA/GitProjects/WKIRO-Project/data/HN021/Session1/Overground_Run/Run_Fast/Post_Process/Run_Fast10.csv,2,HN021,Session1,overground,run,fast,0,female,0,female,0.9999997615814209,0.9999997615814209,2.0489363805609173e-07
C:/Users/KUBA/GitProjects/WKIRO-Project/data/HN021/Session1/Overground_Run/Run_Fast/Post_Process/Run_Fast9.csv,2,HN021,Session1,overground,run,fast,0,female,0,female,0.9999722242355347,0.9999722242355347,2.7784091798821464e-05
C:/Users/KUBA/GitProjects/WKIRO-Project/data/HN021/Session1/Overground_Walk/Walk_Fast/Post_Process/Walk_Fast1.csv,4,HN021,Session1,overground,walk,fast,0,female,0,female,0.9999700784683228,0.9999700784683228,2.992213558172807e-05
C:/Users/KUBA/GitProjects/WKIRO-Project/data/HN021/Session1/Overground_Walk/Walk_Fast/Post_Process/Walk_Fast4.csv,5,HN021,Session1,overground,walk,fast,0,female,0,female,0.9999998211860657,0.9999998211860657,2.0029031588819635e-07
C:/Users/KUBA/GitProjects/WKIRO-Project/data/HN021/Session1/Overground_Walk/Walk_Fast/Post_Process/Walk_Fast6.csv,5,HN021,Session1,overground,walk,fast,0,female,0,female,0.9999998211860657,0.9999998211860657,2.461158032929234e-07
C:/Users/KUBA/GitProjects/WKIRO-Project/data/HN021/Session2/Overground_Run/Run_Comfortable/Post_Process/Run_Comfortable6.csv,4,HN021,Session2,overground,run,comfortable,0,female,0,female,0.9999997615814209,0.9999997615814209,2.140756976132252e-07
C:/Users/KUBA/GitProjects/WKIRO-Project/data/HN021/Session2/Overground_Run/Run_Comfortable/Post_Process/Run_Comfortable8.csv,3,HN021,Session2,overground,run,comfortable,0,female,0,female,0.9999998211860657,0.9999998211860657,1.2899695889245777e-07
C:/Users/KUBA/GitProjects/WKIRO-Project/data/HN021/Session2/Overground_Run/Run_Fast/Post_Process/Run_Fast5.csv,2,HN021,Session2,overground,run,fast,0,female,0,female,0.9999966621398926,0.9999966621398926,3.3480027923360467e-06
C:/Users/KUBA/GitProjects/WKIRO-Project/data/HN021/Session2/Overground_Run/Run_Fast/Post_Process/Run_Fast6.csv,2,HN021,Session2,overground,run,fast,0,female,0,female,0.9999740123748779,0.9999740123748779,2.6002882805187255e-05
C:/Users/KUBA/GitProjects/WKIRO-Project/data/HN021/Session2/Overground_Walk/Walk_Comfortable/Post_Process/Walk_Comfortable1.csv,6,HN021,Session2,overground,walk,comfortable,0,female,0,female,0.9999715685844421,0.9999715685844421,2.8495409424067475e-05
C:/Users/KUBA/GitProjects/WKIRO-Project/data/HN021/Session2/Overground_Walk/Walk_Slow/Post_Process/Walk_Slow2.csv,7,HN021,Session2,overground,walk,slow,0,female,0,female,0.9999998211860657,0.9999998211860657,2.407284682703903e-07
C:/Users/KUBA/GitProjects/WKIRO-Project/data/HN021/Session2/Overground_Walk/Walk_Slow/Post_Process/Walk_Slow4.csv,7,HN021,Session2,overground,walk,slow,0,female,0,female,0.9999998211860657,0.9999998211860657,2.0031096426009753e-07
C:/Users/KUBA/GitProjects/WKIRO-Project/data/HS018/Session1/Overground_Run/Run_Comfortable/Post_Process/Run_Comfortable1.csv,3,HS018,Session1,overground,run,comfortable,0,female,0,female,0.9999513030052185,0.9999513030052185,4.87162615172565e-05
C:/Users/KUBA/GitProjects/WKIRO-Project/data/HS018/Session1/Overground_Run/Run_Comfortable/Post_Process/Run_Comfortable2.csv,3,HS018,Session1,overground,run,comfortable,0,female,0,female,0.9999993443489075,0.9999993443489075,6.39058100659895e-07
C:/Users/KUBA/GitProjects/WKIRO-Project/data/HS018/Session1/Overground_Run/Run_Comfortable/Post_Process/Run_Comfortable6.csv,3,HS018,Session1,overground,run,comfortable,0,female,0,female,0.9999998211860657,0.9999998211860657,2.0159016855814116e-07
C:/Users/KUBA/GitProjects/WKIRO-Project/data/HS018/Session1/Overground_Run/Run_Fast/Post_Process/Run_Fast4.csv,2,HS018,Session1,overground,run,fast,0,female,0,female,0.9999976754188538,0.9999976754188538,2.3576076273457147e-06
C:/Users/KUBA/GitProjects/WKIRO-Project/data/HS018/Session1/Overground_Run/Run_Fast/Post_Process/Run_Fast7.csv,2,HS018,Session1,overground,run,fast,0,female,0,female,0.9999992847442627,0.9999992847442627,6.890152235428104e-07
C:/Users/KUBA/GitProjects/WKIRO-Project/data/HS018/Session1/Overground_Walk/Walk_Fast/Post_Process/Walk_Fast3.csv,3,HS018,Session1,overground,walk,fast,0,female,0,female,0.9999997019767761,0.9999997019767761,2.9842371418453695e-07
C:/Users/KUBA/GitProjects/WKIRO-Project/data/HS018/Session1/Overground_Walk/Walk_Fast/Post_Process/Walk_Fast4.csv,4,HS018,Session1,overground,walk,fast,0,female,0,female,0.9999475479125977,0.9999475479125977,5.243537452770397e-05
C:/Users/KUBA/GitProjects/WKIRO-Project/data/HS018/Session1/Overground_Walk/Walk_Slow/Post_Process/Walk_Slow1.csv,5,HS018,Session1,overground,walk,slow,0,female,0,female,0.9999498128890991,0.9999498128890991,5.026825238019228e-05
C:/Users/KUBA/GitProjects/WKIRO-Project/data/HS018/Session1/Treadmill_Walk/Treadmill_Walk_Comfortable/Post_Process/Treadmill_Walk_Comfortable.csv,120,HS018,Session1,treadmill,walk,comfortable,0,female,0,female,0.9999996423721313,0.9999996423721313,4.570636917833326e-07
C:/Users/KUBA/GitProjects/WKIRO-Project/data/HS018/Session2/Overground_Run/Run_Comfortable/Post_Process/Run_Comfortable2.csv,3,HS018,Session2,overground,run,comfortable,0,female,0,female,0.9999604225158691,0.9999604225158691,3.955139618483372e-05
C:/Users/KUBA/GitProjects/WKIRO-Project/data/HS018/Session2/Overground_Run/Run_Comfortable/Post_Process/Run_Comfortable4.csv,3,HS018,Session2,overground,run,comfortable,0,female,0,female,0.9999595284461975,0.9999595284461975,4.0449813241139054e-05
C:/Users/KUBA/GitProjects/WKIRO-Project/data/HS018/Session2/Overground_Walk/Walk_Fast/Post_Process/Walk_Fast3.csv,3,HS018,Session2,overground,walk,fast,0,female,0,female,0.9999990463256836,0.9999990463256836,9.105521598939958e-07
C:/Users/KUBA/GitProjects/WKIRO-Project/data/HS018/Session2/Treadmill_Run/Treadmill_Run_Fast/Post_Process/Treadmill_Run_Fast.csv,120,HS018,Session2,treadmill,run,fast,0,female,0,female,0.9999986290931702,0.9999986290931702,1.4596265600630431e-06
C:/Users/KUBA/GitProjects/WKIRO-Project/data/HS018/Session2/Treadmill_Walk/Treadmill_Walk_Slow/Post_Process/Treadmill_Walk_Slow.csv,120,HS018,Session2,treadmill,walk,slow,0,female,0,female,0.999999463558197,0.999999463558197,5.815219310534303e-07
C:/Users/KUBA/GitProjects/WKIRO-Project/data/JS009/Session1/Overground_Run/Run_Comfortable/Post_Process/Run_Comfortable3.csv,3,JS009,Session1,overground,run,comfortable,0,female,0,female,0.9999677538871765,0.9999677538871765,3.225775799364783e-05
C:/Users/KUBA/GitProjects/WKIRO-Project/data/JS009/Session1/Overground_Run/Run_Comfortable/Post_Process/Run_Comfortable9.csv,2,JS009,Session1,overground,run,comfortable,0,female,0,female,0.9999701976776123,0.9999701976776123,2.9838010959792882e-05
C:/Users/KUBA/GitProjects/WKIRO-Project/data/JS009/Session1/Overground_Run/Run_Fast/Post_Process/Run_Fast1.csv,2,JS009,Session1,overground,run,fast,0,female,0,female,0.999950110912323,0.999950110912323,4.9909875087905675e-05
C:/Users/KUBA/GitProjects/WKIRO-Project/data/JS009/Session1/Overground_Run/Run_Fast/Post_Process/Run_Fast13.csv,2,JS009,Session1,overground,run,fast,0,female,0,female,0.9999600052833557,0.9999600052833557,4.0010585507843643e-05
C:/Users/KUBA/GitProjects/WKIRO-Project/data/JS009/Session1/Overground_Run/Run_Fast/Post_Process/Run_Fast7.csv,2,JS009,Session1,overground,run,fast,0,female,0,female,0.9999523162841797,0.9999523162841797,4.767636346514337e-05
C:/Users/KUBA/GitProjects/WKIRO-Project/data/JS009/Session1/Overground_Run/Run_Fast/Post_Process/Run_Fast9.csv,2,JS009,Session1,overground,run,fast,0,female,0,female,0.9999368786811829,0.9999368786811829,6.313209451036528e-05
C:/Users/KUBA/GitProjects/WKIRO-Project/data/JS009/Session1/Overground_Walk/Walk_Comfortable/Post_Process/Walk_Comfortable4.csv,5,JS009,Session1,overground,walk,comfortable,0,female,0,female,0.9999992251396179,0.9999992251396179,7.699046591369552e-07
C:/Users/KUBA/GitProjects/WKIRO-Project/data/JS009/Session1/Overground_Walk/Walk_Comfortable/Post_Process/Walk_Comfortable6.csv,4,JS009,Session1,overground,walk,comfortable,0,female,0,female,0.9999973177909851,0.9999973177909851,2.6547975267021684e-06
C:/Users/KUBA/GitProjects/WKIRO-Project/data/JS009/Session1/Overground_Walk/Walk_Fast/Post_Process/Walk_Fast2.csv,3,JS009,Session1,overground,walk,fast,0,female,0,female,0.9999997019767761,0.9999997019767761,3.822533187758381e-07
C:/Users/KUBA/GitProjects/WKIRO-Project/data/JS009/Session1/Overground_Walk/Walk_Fast/Post_Process/Walk_Fast6.csv,3,JS009,Session1,overground,walk,fast,0,female,0,female,0.9999995231628418,0.9999995231628418,5.112087251291086e-07
C:/Users/KUBA/GitProjects/WKIRO-Project/data/JS009/Session1/Overground_Walk/Walk_Fast/Post_Process/Walk_Fast7.csv,4,JS009,Session1,overground,walk,fast,0,female,0,female,0.9999271631240845,0.9999271631240845,7.279818237293512e-05
C:/Users/KUBA/GitProjects/WKIRO-Project/data/JS009/Session2/Overground_Run/Run_Comfortable/Post_Process/Run_Comfortable9.csv,3,JS009,Session2,overground,run,comfortable,0,female,0,female,0.9999702572822571,0.9999702572822571,2.9688490030821413e-05
C:/Users/KUBA/GitProjects/WKIRO-Project/data/JS009/Session2/Overground_Run/Run_Fast/Post_Process/Run_Fast11.csv,3,JS009,Session2,overground,run,fast,0,female,0,female,0.9999576210975647,0.9999576210975647,4.2350744479335845e-05
C:/Users/KUBA/GitProjects/WKIRO-Project/data/JS009/Session2/Overground_Run/Run_Fast/Post_Process/Run_Fast3.csv,2,JS009,Session2,overground,run,fast,0,female,0,female,0.9999672174453735,0.9999672174453735,3.278511212556623e-05
C:/Users/KUBA/GitProjects/WKIRO-Project/data/JS009/Session2/Overground_Run/Run_Fast/Post_Process/Run_Fast5.csv,2,JS009,Session2,overground,run,fast,0,female,0,female,0.9999537467956543,0.9999537467956543,4.6259847295004874e-05
C:/Users/KUBA/GitProjects/WKIRO-Project/data/JS009/Session2/Overground_Run/Run_Fast/Post_Process/Run_Fast6.csv,2,JS009,Session2,overground,run,fast,0,female,0,female,0.9999984502792358,0.9999984502792358,1.5467926459677983e-06
C:/Users/KUBA/GitProjects/WKIRO-Project/data/JS009/Session2/Overground_Run/Run_Fast/Post_Process/Run_Fast9.csv,2,JS009,Session2,overground,run,fast,0,female,0,female,0.9999540448188782,0.9999540448188782,4.594786878442392e-05
C:/Users/KUBA/GitProjects/WKIRO-Project/data/JS009/Session2/Overground_Walk/Walk_Fast/Post_Process/Walk_Fast3.csv,4,JS009,Session2,overground,walk,fast,0,female,0,female,0.9999558925628662,0.9999558925628662,4.409664688864723e-05
C:/Users/KUBA/GitProjects/WKIRO-Project/data/JS009/Session2/Overground_Walk/Walk_Fast/Post_Process/Walk_Fast8.csv,3,JS009,Session2,overground,walk,fast,0,female,0,female,0.999999463558197,0.999999463558197,5.335460286914895e-07
C:/Users/KUBA/GitProjects/WKIRO-Project/data/LA014/Session1/Overground_Run/Run_Comfortable/Post_Process/Run_Comfortable8.csv,2,LA014,Session1,overground,run,comfortable,0,female,0,female,0.9999997615814209,0.9999997615814209,2.5562889049979276e-07
C:/Users/KUBA/GitProjects/WKIRO-Project/data/LA014/Session1/Overground_Run/Run_Fast/Post_Process/Run_Fast5.csv,2,LA014,Session1,overground,run,fast,0,female,0,female,0.9991031885147095,0.9991031885147095,0.0008968141046352684
C:/Users/KUBA/GitProjects/WKIRO-Project/data/LA014/Session1/Overground_Run/Run_Fast/Post_Process/Run_Fast6.csv,2,LA014,Session1,overground,run,fast,0,female,0,female,0.9999982118606567,0.9999982118606567,1.8057612578559201e-06
C:/Users/KUBA/GitProjects/WKIRO-Project/data/LA014/Session1/Overground_Walk/Walk_Fast/Post_Process/Walk_Fast6.csv,4,LA014,Session1,overground,walk,fast,0,female,0,female,0.9999995231628418,0.9999995231628418,4.5962835315549455e-07
C:/Users/KUBA/GitProjects/WKIRO-Project/data/LA014/Session1/Overground_Walk/Walk_Slow/Post_Process/Walk_Slow2.csv,6,LA014,Session1,overground,walk,slow,0,female,0,female,0.9999995827674866,0.9999995827674866,3.5164589462510776e-07
C:/Users/KUBA/GitProjects/WKIRO-Project/data/LA014/Session1/Treadmill_Run/Treadmill_Run_Comfortable/Post_Process/Treadmill_Run_Comfortable.csv,120,LA014,Session1,treadmill,run,comfortable,0,female,0,female,0.9999998807907104,0.9999998807907104,2.097667248790458e-07
C:/Users/KUBA/GitProjects/WKIRO-Project/data/LA014/Session1/Treadmill_Walk/Treadmill_Walk_Fast/Post_Process/Treadmill_Walk_Fast.csv,120,LA014,Session1,treadmill,walk,fast,0,female,0,female,0.9999998807907104,0.9999998807907104,2.0559107838380442e-07
C:/Users/KUBA/GitProjects/WKIRO-Project/data/LA014/Session2/Overground_Run/Run_Comfortable/Post_Process/Run_Comfortable4.csv,3,LA014,Session2,overground,run,comfortable,0,female,0,female,0.999999463558197,0.999999463558197,5.750487730438181e-07
C:/Users/KUBA/GitProjects/WKIRO-Project/data/LA014/Session2/Overground_Run/Run_Comfortable/Post_Process/Run_Comfortable8.csv,3,LA014,Session2,overground,run,comfortable,0,female,0,female,0.999999463558197,0.999999463558197,5.719936666537251e-07
C:/Users/KUBA/GitProjects/WKIRO-Project/data/LA014/Session2/Overground_Run/Run_Fast/Post_Process/Run_Fast1.csv,2,LA014,Session2,overground,run,fast,0,female,0,female,0.9998986124992371,0.9998986124992371,0.00010137325443793088
C:/Users/KUBA/GitProjects/WKIRO-Project/data/LA014/Session2/Overground_Run/Run_Fast/Post_Process/Run_Fast3.csv,2,LA014,Session2,overground,run,fast,0,female,0,female,0.9968193769454956,0.9968193769454956,0.003180661704391241
C:/Users/KUBA/GitProjects/WKIRO-Project/data/LA014/Session2/Overground_Run/Run_Fast/Post_Process/Run_Fast7.csv,2,LA014,Session2,overground,run,fast,0,female,0,female,0.998788058757782,0.998788058757782,0.0012119050370529294
C:/Users/KUBA/GitProjects/WKIRO-Project/data/LA014/Session2/Overground_Walk/Walk_Comfortable/Post_Process/Walk_Comfortable8.csv,3,LA014,Session2,overground,walk,comfortable,0,female,0,female,0.9999986290931702,0.9999986290931702,1.3341870044314419e-06
C:/Users/KUBA/GitProjects/WKIRO-Project/data/LA014/Session2/Overground_Walk/Walk_Fast/Post_Process/Walk_Fast6.csv,3,LA014,Session2,overground,walk,fast,0,female,0,female,0.9999979138374329,0.9999979138374329,2.029365987255005e-06
C:/Users/KUBA/GitProjects/WKIRO-Project/data/LA014/Session2/Overground_Walk/Walk_Slow/Post_Process/Walk_Slow1.csv,5,LA014,Session2,overground,walk,slow,0,female,0,female,0.99994295835495,0.99994295835495,5.703165152226575e-05
C:/Users/KUBA/GitProjects/WKIRO-Project/data/LD002/Session1/Overground_Run/Run_Comfortable/Post_Process/Run_Comfortable1.csv,3,LD002,Session1,overground,run,comfortable,1,male,1,male,0.9999856948852539,1.4316702618089039e-05,0.9999856948852539
C:/Users/KUBA/GitProjects/WKIRO-Project/data/LD002/Session1/Overground_Run/Run_Fast/Post_Process/Run_Fast11.csv,2,LD002,Session1,overground,run,fast,1,male,1,male,0.9999843239784241,1.571033863001503e-05,0.9999843239784241
C:/Users/KUBA/GitProjects/WKIRO-Project/data/LD002/Session1/Overground_Run/Run_Fast/Post_Process/Run_Fast12.csv,2,LD002,Session1,overground,run,fast,1,male,1,male,0.9999988079071045,1.220828835357679e-06,0.9999988079071045
C:/Users/KUBA/GitProjects/WKIRO-Project/data/LD002/Session1/Overground_Run/Run_Fast/Post_Process/Run_Fast4.csv,2,LD002,Session1,overground,run,fast,1,male,1,male,0.9999987483024597,1.2917208778162603e-06,0.9999987483024597
C:/Users/KUBA/GitProjects/WKIRO-Project/data/LD002/Session1/Overground_Run/Run_Fast/Post_Process/Run_Fast9.csv,2,LD002,Session1,overground,run,fast,1,male,1,male,0.9999464750289917,5.3477233450394124e-05,0.9999464750289917
C:/Users/KUBA/GitProjects/WKIRO-Project/data/LD002/Session1/Overground_Walk/Walk_Comfortable/Post_Process/Walk_Comfortable10.csv,3,LD002,Session1,overground,walk,comfortable,1,male,1,male,0.999999463558197,5.986229894006101e-07,0.999999463558197
C:/Users/KUBA/GitProjects/WKIRO-Project/data/LD002/Session1/Overground_Walk/Walk_Comfortable/Post_Process/Walk_Comfortable12.csv,4,LD002,Session1,overground,walk,comfortable,1,male,1,male,0.9999992251396179,8.068257102422649e-07,0.9999992251396179
C:/Users/KUBA/GitProjects/WKIRO-Project/data/LD002/Session1/Overground_Walk/Walk_Fast/Post_Process/Walk_Fast6.csv,3,LD002,Session1,overground,walk,fast,1,male,1,male,0.9999980330467224,2.017865199377411e-06,0.9999980330467224
C:/Users/KUBA/GitProjects/WKIRO-Project/data/LD002/Session2/Overground_Run/Run_Comfortable/Post_Process/Run_Comfortable14.csv,2,LD002,Session2,overground,run,comfortable,1,male,1,male,0.9999995827674866,4.048224013786239e-07,0.9999995827674866
C:/Users/KUBA/GitProjects/WKIRO-Project/data/LD002/Session2/Overground_Run/Run_Comfortable/Post_Process/Run_Comfortable8.csv,3,LD002,Session2,overground,run,comfortable,1,male,1,male,0.999999463558197,5.553383743972518e-07,0.999999463558197
C:/Users/KUBA/GitProjects/WKIRO-Project/data/LD002/Session2/Overground_Walk/Walk_Comfortable/Post_Process/Walk_Comfortable6.csv,4,LD002,Session2,overground,walk,comfortable,1,male,1,male,0.9999995231628418,5.299848453432787e-07,0.9999995231628418
C:/Users/KUBA/GitProjects/WKIRO-Project/data/LD002/Session2/Overground_Walk/Walk_Fast/Post_Process/Walk_Fast1.csv,3,LD002,Session2,overground,walk,fast,1,male,1,male,0.999986469745636,1.3522217159334105e-05,0.999986469745636
C:/Users/KUBA/GitProjects/WKIRO-Project/data/LD002/Session2/Overground_Walk/Walk_Fast/Post_Process/Walk_Fast6.csv,3,LD002,Session2,overground,walk,fast,1,male,1,male,0.9999992251396179,8.197218335226353e-07,0.9999992251396179
C:/Users/KUBA/GitProjects/WKIRO-Project/data/LD002/Session2/Treadmill_Run/Treadmill_Run_Fast/Post_Process/Treadmill_Run_Fast.csv,120,LD002,Session2,treadmill,run,fast,1,male,1,male,0.9999994039535522,6.529667757604329e-07,0.9999994039535522
C:/Users/KUBA/GitProjects/WKIRO-Project/data/LD002/Session2/Treadmill_Walk/Treadmill_Walk_Comfortable/Post_Process/Treadmill_Walk_Comfortable.csv,125,LD002,Session2,treadmill,walk,comfortable,1,male,1,male,0.9999995231628418,4.732916636385198e-07,0.9999995231628418
C:/Users/KUBA/GitProjects/WKIRO-Project/data/LD002/Session2/Treadmill_Walk/Treadmill_Walk_Fast/Post_Process/Treadmill_Walk_Fast.csv,125,LD002,Session2,treadmill,walk,fast,1,male,1,male,0.9999994039535522,6.081041874494986e-07,0.9999994039535522
C:/Users/KUBA/GitProjects/WKIRO-Project/data/LF003/Session1/Overground_Run/Run_Comfortable/Post_Process/Run_Comfortable10.csv,3,LF003,Session1,overground,run,comfortable,1,male,1,male,0.9999958872795105,4.10424445362878e-06,0.9999958872795105
C:/Users/KUBA/GitProjects/WKIRO-Project/data/LF003/Session1/Overground_Run/Run_Comfortable/Post_Process/Run_Comfortable8.csv,3,LF003,Session1,overground,run,comfortable,1,male,1,male,0.9999988675117493,1.133078740167548e-06,0.9999988675117493
C:/Users/KUBA/GitProjects/WKIRO-Project/data/LF003/Session1/Overground_Run/Run_Fast/Post_Process/Run_Fast3.csv,2,LF003,Session1,overground,run,fast,1,male,1,male,0.999954879283905,4.512411396717653e-05,0.999954879283905
C:/Users/KUBA/GitProjects/WKIRO-Project/data/LF003/Session1/Overground_Run/Run_Fast/Post_Process/Run_Fast8.csv,2,LF003,Session1,overground,run,fast,1,male,1,male,0.9999950528144836,4.917211754218442e-06,0.9999950528144836
C:/Users/KUBA/GitProjects/WKIRO-Project/data/LF003/Session1/Overground_Walk/Walk_Fast/Post_Process/Walk_Fast3.csv,3,LF003,Session1,overground,walk,fast,1,male,1,male,0.9999855160713196,1.446310034225462e-05,0.9999855160713196
C:/Users/KUBA/GitProjects/WKIRO-Project/data/LF003/Session1/Overground_Walk/Walk_Fast/Post_Process/Walk_Fast4.csv,4,LF003,Session1,overground,walk,fast,1,male,1,male,0.9999996423721313,3.4859704101108946e-07,0.9999996423721313
C:/Users/KUBA/GitProjects/WKIRO-Project/data/LF003/Session1/Overground_Walk/Walk_Fast/Post_Process/Walk_Fast9.csv,4,LF003,Session1,overground,walk,fast,1,male,1,male,0.999984860420227,1.512429298600182e-05,0.999984860420227
C:/Users/KUBA/GitProjects/WKIRO-Project/data/LF003/Session1/Overground_Walk/Walk_Slow/Post_Process/Walk_Slow5.csv,5,LF003,Session1,overground,walk,slow,1,male,1,male,0.999987006187439,1.2947682989761233e-05,0.999987006187439
C:/Users/KUBA/GitProjects/WKIRO-Project/data/LF003/Session1/Treadmill_Walk/Treadmill_Walk_Comfortable/Post_Process/Treadmill_Walk_Comfortable.csv,124,LF003,Session1,treadmill,walk,comfortable,1,male,1,male,0.9999994039535522,5.938813387729169e-07,0.9999994039535522
C:/Users/KUBA/GitProjects/WKIRO-Project/data/LF003/Session1/Treadmill_Walk/Treadmill_Walk_Fast/Post_Process/Treadmill_Walk_Fast.csv,124,LF003,Session1,treadmill,walk,fast,1,male,1,male,0.999998927116394,1.0675165640350315e-06,0.999998927116394
C:/Users/KUBA/GitProjects/WKIRO-Project/data/LF003/Session2/Overground_Run/Run_Comfortable/Post_Process/Run_Comfortable6.csv,2,LF003,Session2,overground,run,comfortable,1,male,1,male,0.9999998211860657,2.1645479364451603e-07,0.9999998211860657
C:/Users/KUBA/GitProjects/WKIRO-Project/data/LF003/Session2/Overground_Run/Run_Fast/Post_Process/Run_Fast11.csv,2,LF003,Session2,overground,run,fast,1,male,1,male,0.999898374080658,0.00010162036051042378,0.999898374080658
C:/Users/KUBA/GitProjects/WKIRO-Project/data/LF003/Session2/Overground_Run/Run_Fast/Post_Process/Run_Fast7.csv,2,LF003,Session2,overground,run,fast,1,male,1,male,0.9998141527175903,0.0001858324249042198,0.9998141527175903
C:/Users/KUBA/GitProjects/WKIRO-Project/data/LF003/Session2/Overground_Walk/Walk_Fast/Post_Process/Walk_Fast10.csv,2,LF003,Session2,overground,walk,fast,1,male,1,male,0.9999992251396179,7.190275255197776e-07,0.9999992251396179
C:/Users/KUBA/GitProjects/WKIRO-Project/data/LF003/Session2/Overground_Walk/Walk_Slow/Post_Process/Walk_Slow2.csv,5,LF003,Session2,overground,walk,slow,1,male,1,male,0.9999994039535522,5.426509233075194e-07,0.9999994039535522
C:/Users/KUBA/GitProjects/WKIRO-Project/data/LF003/Session2/Treadmill_Run/Treadmill_Run_Comfortable/Post_Process/Treadmill_Run_Comfortable.csv,120,LF003,Session2,treadmill,run,comfortable,1,male,1,male,0.9999991655349731,8.728363241061743e-07,0.9999991655349731
C:/Users/KUBA/GitProjects/WKIRO-Project/data/LL011/Session1/Overground_Run/Run_Comfortable/Post_Process/Run_Comfortable2.csv,2,LL011,Session1,overground,run,comfortable,1,male,1,male,0.9999996423721313,3.58994213911501e-07,0.9999996423721313
C:/Users/KUBA/GitProjects/WKIRO-Project/data/LL011/Session1/Overground_Run/Run_Comfortable/Post_Process/Run_Comfortable9.csv,2,LL011,Session1,overground,run,comfortable,1,male,1,male,0.9999823570251465,1.7651711459620856e-05,0.9999823570251465
C:/Users/KUBA/GitProjects/WKIRO-Project/data/LL011/Session1/Overground_Run/Run_Fast/Post_Process/Run_Fast4.csv,2,LL011,Session1,overground,run,fast,1,male,1,male,0.9999855756759644,1.4392513548955321e-05,0.9999855756759644
C:/Users/KUBA/GitProjects/WKIRO-Project/data/LL011/Session1/Overground_Run/Run_Fast/Post_Process/Run_Fast5.csv,1,LL011,Session1,overground,run,fast,1,male,1,male,0.9999685287475586,3.147338793496601e-05,0.9999685287475586
C:/Users/KUBA/GitProjects/WKIRO-Project/data/LL011/Session1/Overground_Walk/Walk_Comfortable/Post_Process/Walk_Comfortable14.csv,5,LL011,Session1,overground,walk,comfortable,1,male,1,male,0.9999997019767761,2.6767006033878715e-07,0.9999997019767761
C:/Users/KUBA/GitProjects/WKIRO-Project/data/LL011/Session1/Overground_Walk/Walk_Comfortable/Post_Process/Walk_Comfortable15.csv,5,LL011,Session1,overground,walk,comfortable,1,male,1,male,0.9999876022338867,1.2357335435808636e-05,0.9999876022338867
C:/Users/KUBA/GitProjects/WKIRO-Project/data/LL011/Session1/Overground_Walk/Walk_Comfortable/Post_Process/Walk_Comfortable3.csv,4,LL011,Session1,overground,walk,comfortable,1,male,1,male,0.9999880194664001,1.1960901247221045e-05,0.9999880194664001
C:/Users/KUBA/GitProjects/WKIRO-Project/data/LL011/Session1/Overground_Walk/Walk_Comfortable/Post_Process/Walk_Comfortable9.csv,5,LL011,Session1,overground,walk,comfortable,1,male,1,male,0.9999887347221375,1.1237493708904367e-05,0.9999887347221375
C:/Users/KUBA/GitProjects/WKIRO-Project/data/LL011/Session1/Overground_Walk/Walk_Slow/Post_Process/Walk_Slow7.csv,6,LL011,Session1,overground,walk,slow,1,male,1,male,0.9999881386756897,1.1881827958859503e-05,0.9999881386756897
C:/Users/KUBA/GitProjects/WKIRO-Project/data/LL011/Session2/Overground_Run/Run_Comfortable/Post_Process/Run_Comfortable3.csv,2,LL011,Session2,overground,run,comfortable,1,male,1,male,0.9999881386756897,1.185760811495129e-05,0.9999881386756897
C:/Users/KUBA/GitProjects/WKIRO-Project/data/LL011/Session2/Overground_Run/Run_Fast/Post_Process/Run_Fast2.csv,1,LL011,Session2,overground,run,fast,1,male,1,male,0.9999998807907104,1.0324384192017533e-07,0.9999998807907104
C:/Users/KUBA/GitProjects/WKIRO-Project/data/LL011/Session2/Overground_Walk/Walk_Comfortable/Post_Process/Walk_Comfortable5.csv,5,LL011,Session2,overground,walk,comfortable,1,male,1,male,0.9999883770942688,1.1554711818462238e-05,0.9999883770942688
C:/Users/KUBA/GitProjects/WKIRO-Project/data/LL011/Session2/Overground_Walk/Walk_Comfortable/Post_Process/Walk_Comfortable7.csv,5,LL011,Session2,overground,walk,comfortable,1,male,1,male,0.9999876022338867,1.2377150596876163e-05,0.9999876022338867
C:/Users/KUBA/GitProjects/WKIRO-Project/data/LL011/Session2/Overground_Walk/Walk_Comfortable/Post_Process/Walk_Comfortable8.csv,5,LL011,Session2,overground,walk,comfortable,1,male,1,male,0.9999996423721313,4.317303705647646e-07,0.9999996423721313
C:/Users/KUBA/GitProjects/WKIRO-Project/data/LL011/Session2/Overground_Walk/Walk_Fast/Post_Process/Walk_Fast5.csv,4,LL011,Session2,overground,walk,fast,1,male,1,male,0.9999865889549255,1.3464115909300745e-05,0.9999865889549255
C:/Users/KUBA/GitProjects/WKIRO-Project/data/LM012/Session1/Overground_Run/Run_Comfortable/Post_Process/Run_Comfortable1.csv,3,LM012,Session1,overground,run,comfortable,1,male,1,male,0.9998294711112976,0.00017056868819054216,0.9998294711112976
C:/Users/KUBA/GitProjects/WKIRO-Project/data/LM012/Session1/Overground_Walk/Walk_Comfortable/Post_Process/Walk_Comfortable4.csv,6,LM012,Session1,overground,walk,comfortable,1,male,1,male,0.9999993443489075,5.751061848968675e-07,0.9999993443489075
C:/Users/KUBA/GitProjects/WKIRO-Project/data/LM012/Session1/Overground_Walk/Walk_Fast/Post_Process/Walk_Fast1.csv,5,LM012,Session1,overground,walk,fast,1,male,1,male,0.9999972581863403,2.7456546831672313e-06,0.9999972581863403
C:/Users/KUBA/GitProjects/WKIRO-Project/data/LM012/Session1/Overground_Walk/Walk_Fast/Post_Process/Walk_Fast2.csv,4,LM012,Session1,overground,walk,fast,1,male,1,male,0.9999877214431763,1.2242829143360723e-05,0.9999877214431763
C:/Users/KUBA/GitProjects/WKIRO-Project/data/LM012/Session1/Overground_Walk/Walk_Fast/Post_Process/Walk_Fast7.csv,4,LM012,Session1,overground,walk,fast,1,male,1,male,0.9999854564666748,1.4577739420928992e-05,0.9999854564666748
C:/Users/KUBA/GitProjects/WKIRO-Project/data/LM012/Session1/Treadmill_Run/Treadmill_Run_Comfortable/Post_Process/Treadmill_Run_Comfortable.csv,120,LM012,Session1,treadmill,run,comfortable,1,male,1,male,0.9999996423721313,3.8870564367243787e-07,0.9999996423721313
C:/Users/KUBA/GitProjects/WKIRO-Project/data/LM012/Session1/Treadmill_Walk/Treadmill_Walk_Comfortable/Post_Process/Treadmill_Walk_Comfortable.csv,120,LM012,Session1,treadmill,walk,comfortable,1,male,1,male,0.9999992251396179,8.186888180716778e-07,0.9999992251396179
C:/Users/KUBA/GitProjects/WKIRO-Project/data/LM012/Session2/Overground_Run/Run_Comfortable/Post_Process/Run_Comfortable10.csv,2,LM012,Session2,overground,run,comfortable,1,male,1,male,0.9999394416809082,6.057564678485505e-05,0.9999394416809082
C:/Users/KUBA/GitProjects/WKIRO-Project/data/LM012/Session2/Overground_Run/Run_Comfortable/Post_Process/Run_Comfortable7.csv,2,LM012,Session2,overground,run,comfortable,1,male,1,male,0.999832034111023,0.00016798177966848016,0.999832034111023
C:/Users/KUBA/GitProjects/WKIRO-Project/data/LM012/Session2/Overground_Run/Run_Comfortable/Post_Process/Run_Comfortable9.csv,3,LM012,Session2,overground,run,comfortable,1,male,1,male,0.9999988675117493,1.1450168813098571e-06,0.9999988675117493
C:/Users/KUBA/GitProjects/WKIRO-Project/data/LM012/Session2/Overground_Run/Run_Fast/Post_Process/Run_Fast1.csv,1,LM012,Session2,overground,run,fast,1,male,1,male,0.9992855191230774,0.0007145155104808509,0.9992855191230774
C:/Users/KUBA/GitProjects/WKIRO-Project/data/LM012/Session2/Overground_Walk/Walk_Comfortable/Post_Process/Walk_Comfortable7.csv,4,LM012,Session2,overground,walk,comfortable,1,male,1,male,0.9999831914901733,1.6863836208358407e-05,0.9999831914901733
C:/Users/KUBA/GitProjects/WKIRO-Project/data/LM012/Session2/Overground_Walk/Walk_Fast/Post_Process/Walk_Fast2.csv,4,LM012,Session2,overground,walk,fast,1,male,1,male,0.9999980330467224,1.9347960460436298e-06,0.9999980330467224
C:/Users/KUBA/GitProjects/WKIRO-Project/data/LM012/Session2/Overground_Walk/Walk_Slow/Post_Process/Walk_Slow8.csv,9,LM012,Session2,overground,walk,slow,1,male,1,male,0.9999921321868896,7.782361535646487e-06,0.9999921321868896
C:/Users/KUBA/GitProjects/WKIRO-Project/data/MR015/Session1/Overground_Run/Run_Fast/Post_Process/Run_Fast4.csv,2,MR015,Session1,overground,run,fast,1,male,1,male,0.9999995827674866,3.9867725831754797e-07,0.9999995827674866
C:/Users/KUBA/GitProjects/WKIRO-Project/data/MR015/Session1/Overground_Run/Run_Fast/Post_Process/Run_Fast5.csv,2,MR015,Session1,overground,run,fast,1,male,1,male,0.9999876022338867,1.2421098290360533e-05,0.9999876022338867
C:/Users/KUBA/GitProjects/WKIRO-Project/data/MR015/Session1/Overground_Walk/Walk_Slow/Post_Process/Walk_Slow4.csv,8,MR015,Session1,overground,walk,slow,1,male,1,male,0.9999995827674866,3.8393579870898975e-07,0.9999995827674866
C:/Users/KUBA/GitProjects/WKIRO-Project/data/MR015/Session2/Overground_Run/Run_Comfortable/Post_Process/Run_Comfortable1.csv,3,MR015,Session2,overground,run,comfortable,1,male,1,male,0.9999876618385315,1.2301771675993223e-05,0.9999876618385315
C:/Users/KUBA/GitProjects/WKIRO-Project/data/MR015/Session2/Overground_Run/Run_Comfortable/Post_Process/Run_Comfortable10.csv,3,MR015,Session2,overground,run,comfortable,1,male,1,male,0.9999995231628418,4.3085393031105923e-07,0.9999995231628418
C:/Users/KUBA/GitProjects/WKIRO-Project/data/MR015/Session2/Overground_Run/Run_Comfortable/Post_Process/Run_Comfortable4.csv,3,MR015,Session2,overground,run,comfortable,1,male,1,male,0.9999998211860657,2.3783464087046013e-07,0.9999998211860657
C:/Users/KUBA/GitProjects/WKIRO-Project/data/MR015/Session2/Overground_Run/Run_Comfortable/Post_Process/Run_Comfortable5.csv,3,MR015,Session2,overground,run,comfortable,1,male,1,male,0.999986469745636,1.357282144454075e-05,0.999986469745636
C:/Users/KUBA/GitProjects/WKIRO-Project/data/MR015/Session2/Overground_Run/Run_Fast/Post_Process/Run_Fast3.csv,2,MR015,Session2,overground,run,fast,1,male,1,male,0.9999994039535522,5.611440201391815e-07,0.9999994039535522
C:/Users/KUBA/GitProjects/WKIRO-Project/data/MR015/Session2/Overground_Run/Run_Fast/Post_Process/Run_Fast6.csv,1,MR015,Session2,overground,run,fast,1,male,1,male,0.9999834299087524,1.6538895579287782e-05,0.9999834299087524
C:/Users/KUBA/GitProjects/WKIRO-Project/data/MR015/Session2/Overground_Run/Run_Fast/Post_Process/Run_Fast9.csv,1,MR015,Session2,overground,run,fast,1,male,1,male,0.9999979734420776,1.967812295333715e-06,0.9999979734420776
C:/Users/KUBA/GitProjects/WKIRO-Project/data/MR015/Session2/Overground_Walk/Walk_Comfortable/Post_Process/Walk_Comfortable3.csv,5,MR015,Session2,overground,walk,comfortable,1,male,1,male,0.9999867677688599,1.3218414096627384e-05,0.9999867677688599
C:/Users/KUBA/GitProjects/WKIRO-Project/data/MR015/Session2/Overground_Walk/Walk_Comfortable/Post_Process/Walk_Comfortable8.csv,3,MR015,Session2,overground,walk,comfortable,1,male,1,male,0.9999997019767761,3.044432332899305e-07,0.9999997019767761
C:/Users/KUBA/GitProjects/WKIRO-Project/data/MR015/Session2/Overground_Walk/Walk_Fast/Post_Process/Walk_Fast3.csv,3,MR015,Session2,overground,walk,fast,1,male,1,male,0.9999997019767761,2.7704629701474914e-07,0.9999997019767761
C:/Users/KUBA/GitProjects/WKIRO-Project/data/MR015/Session2/Overground_Walk/Walk_Fast/Post_Process/Walk_Fast4.csv,4,MR015,Session2,overground,walk,fast,1,male,1,male,0.9999866485595703,1.3302955267135985e-05,0.9999866485595703
C:/Users/KUBA/GitProjects/WKIRO-Project/data/OB010/Session1/Overground_Run/Run_Comfortable/Post_Process/Run_Comfortable5.csv,3,OB010,Session1,overground,run,comfortable,1,male,1,male,0.999988853931427,1.1112763786513824e-05,0.999988853931427
C:/Users/KUBA/GitProjects/WKIRO-Project/data/OB010/Session1/Overground_Walk/Walk_Comfortable/Post_Process/Walk_Comfortable4.csv,4,OB010,Session1,overground,walk,comfortable,1,male,1,male,0.9999994039535522,6.030526833455951e-07,0.9999994039535522
C:/Users/KUBA/GitProjects/WKIRO-Project/data/OB010/Session1/Overground_Walk/Walk_Fast/Post_Process/Walk_Fast2.csv,3,OB010,Session1,overground,walk,fast,1,male,1,male,0.9999992251396179,7.671463322367345e-07,0.9999992251396179
C:/Users/KUBA/GitProjects/WKIRO-Project/data/OB010/Session1/Treadmill_Walk/Treadmill_Walk_Slow/Post_Process/Treadmill_Walk_Slow.csv,120,OB010,Session1,treadmill,walk,slow,1,male,1,male,0.9999992251396179,7.072167704791354e-07,0.9999992251396179
C:/Users/KUBA/GitProjects/WKIRO-Project/data/OB010/Session2/Overground_Run/Run_Fast/Post_Process/Run_Fast3.csv,2,OB010,Session2,overground,run,fast,1,male,1,male,0.9999862909317017,1.3668694919033442e-05,0.9999862909317017
C:/Users/KUBA/GitProjects/WKIRO-Project/data/OB010/Session2/Overground_Run/Run_Fast/Post_Process/Run_Fast6.csv,1,OB010,Session2,overground,run,fast,1,male,1,male,0.9999996423721313,3.400205628167896e-07,0.9999996423721313
C:/Users/KUBA/GitProjects/WKIRO-Project/data/OB010/Session2/Overground_Walk/Walk_Fast/Post_Process/Walk_Fast1.csv,3,OB010,Session2,overground,walk,fast,1,male,1,male,0.9999856948852539,1.4312485291156918e-05,0.9999856948852539
C:/Users/KUBA/GitProjects/WKIRO-Project/data/OB010/Session2/Overground_Walk/Walk_Fast/Post_Process/Walk_Fast2.csv,3,OB010,Session2,overground,walk,fast,1,male,1,male,0.9999997019767761,3.819837104401813e-07,0.9999997019767761
C:/Users/KUBA/GitProjects/WKIRO-Project/data/OB010/Session2/Overground_Walk/Walk_Fast/Post_Process/Walk_Fast6.csv,3,OB010,Session2,overground,walk,fast,1,male,1,male,0.9999997019767761,2.9728138883911015e-07,0.9999997019767761
C:/Users/KUBA/GitProjects/WKIRO-Project/data/OB010/Session2/Overground_Walk/Walk_Fast/Post_Process/Walk_Fast7.csv,4,OB010,Session2,overground,walk,fast,1,male,1,male,0.9999891519546509,1.0770251719804946e-05,0.9999891519546509
C:/Users/KUBA/GitProjects/WKIRO-Project/data/OB010/Session2/Overground_Walk/Walk_Fast/Post_Process/Walk_Fast8.csv,3,OB010,Session2,overground,walk,fast,1,male,1,male,0.9999995231628418,5.424230380413064e-07,0.9999995231628418
C:/Users/KUBA/GitProjects/WKIRO-Project/data/OB010/Session2/Overground_Walk/Walk_Slow/Post_Process/Walk_Slow1.csv,9,OB010,Session2,overground,walk,slow,1,male,1,male,0.9999881386756897,1.1900123354280367e-05,0.9999881386756897
C:/Users/KUBA/GitProjects/WKIRO-Project/data/OB010/Session2/Overground_Walk/Walk_Slow/Post_Process/Walk_Slow4.csv,3,OB010,Session2,overground,walk,slow,1,male,1,male,0.9999995231628418,4.0724421523918863e-07,0.9999995231628418
C:/Users/KUBA/GitProjects/WKIRO-Project/data/OB010/Session2/Overground_Walk/Walk_Slow/Post_Process/Walk_Slow6.csv,5,OB010,Session2,overground,walk,slow,1,male,1,male,0.9999994039535522,5.159972147339431e-07,0.9999994039535522
C:/Users/KUBA/GitProjects/WKIRO-Project/data/OB010/Session2/Treadmill_Walk/Treadmill_Walk_Slow/Post_Process/Treadmill_Walk_Slow.csv,120,OB010,Session2,treadmill,walk,slow,1,male,1,male,0.999999463558197,5.807087859466264e-07,0.999999463558197
C:/Users/KUBA/GitProjects/WKIRO-Project/data/PC008/Session1/Overground_Run/Run_Comfortable/Post_Process/Run_Comfortable5.csv,3,PC008,Session1,overground,run,comfortable,0,female,0,female,0.999980628490448,0.999980628490448,1.9340644939802587e-05
C:/Users/KUBA/GitProjects/WKIRO-Project/data/PC008/Session1/Overground_Run/Run_Comfortable/Post_Process/Run_Comfortable9.csv,3,PC008,Session1,overground,run,comfortable,0,female,0,female,0.9999804496765137,0.9999804496765137,1.9506971511873417e-05
C:/Users/KUBA/GitProjects/WKIRO-Project/data/PC008/Session1/Overground_Run/Run_Fast/Post_Process/Run_Fast10.csv,2,PC008,Session1,overground,run,fast,0,female,0,female,0.9999999403953552,0.9999999403953552,9.3775959442155e-08
C:/Users/KUBA/GitProjects/WKIRO-Project/data/PC008/Session1/Overground_Run/Run_Fast/Post_Process/Run_Fast12.csv,2,PC008,Session1,overground,run,fast,0,female,0,female,0.9999998211860657,0.9999998211860657,1.6584999684710056e-07
C:/Users/KUBA/GitProjects/WKIRO-Project/data/PC008/Session1/Overground_Run/Run_Fast/Post_Process/Run_Fast14.csv,2,PC008,Session1,overground,run,fast,0,female,0,female,0.9999998807907104,0.9999998807907104,1.0617510781685269e-07
C:/Users/KUBA/GitProjects/WKIRO-Project/data/PC008/Session1/Overground_Run/Run_Fast/Post_Process/Run_Fast4.csv,2,PC008,Session1,overground,run,fast,0,female,0,female,0.9999807476997375,0.9999807476997375,1.9296378013677895e-05
C:/Users/KUBA/GitProjects/WKIRO-Project/data/PC008/Session1/Overground_Walk/Walk_Fast/Post_Process/Walk_Fast5.csv,4,PC008,Session1,overground,walk,fast,0,female,0,female,0.9999740123748779,0.9999740123748779,2.600090010673739e-05
C:/Users/KUBA/GitProjects/WKIRO-Project/data/PC008/Session1/Overground_Walk/Walk_Slow/Post_Process/Walk_Slow4.csv,6,PC008,Session1,overground,walk,slow,0,female,0,female,0.9999995827674866,0.9999995827674866,3.861781294745015e-07
C:/Users/KUBA/GitProjects/WKIRO-Project/data/PC008/Session1/Treadmill_Walk/Treadmill_Walk_Fast/Post_Process/Treadmill_Walk_Fast.csv,120,PC008,Session1,treadmill,walk,fast,0,female,0,female,0.999999463558197,0.999999463558197,5.886349185857398e-07
C:/Users/KUBA/GitProjects/WKIRO-Project/data/PC008/Session1/Treadmill_Walk/Treadmill_Walk_Slow/Post_Process/Treadmill_Walk_Slow.csv,120,PC008,Session1,treadmill,walk,slow,0,female,0,female,0.9999993443489075,0.9999993443489075,6.613535106225754e-07
C:/Users/KUBA/GitProjects/WKIRO-Project/data/PC008/Session2/Overground_Run/Run_Comfortable/Post_Process/Run_Comfortable1.csv,4,PC008,Session2,overground,run,comfortable,0,female,0,female,0.9999770522117615,0.9999770522117615,2.2990354409557767e-05
C:/Users/KUBA/GitProjects/WKIRO-Project/data/PC008/Session2/Overground_Run/Run_Comfortable/Post_Process/Run_Comfortable12.csv,2,PC008,Session2,overground,run,comfortable,0,female,0,female,0.9999998211860657,0.9999998211860657,1.642141427282695e-07
C:/Users/KUBA/GitProjects/WKIRO-Project/data/PC008/Session2/Overground_Run/Run_Comfortable/Post_Process/Run_Comfortable13.csv,2,PC008,Session2,overground,run,comfortable,0,female,0,female,0.9999786615371704,0.9999786615371704,2.1344767446862534e-05
C:/Users/KUBA/GitProjects/WKIRO-Project/data/PC008/Session2/Overground_Run/Run_Fast/Post_Process/Run_Fast2.csv,2,PC008,Session2,overground,run,fast,0,female,0,female,0.9999999403953552,0.9999999403953552,7.932355572393135e-08
C:/Users/KUBA/GitProjects/WKIRO-Project/data/PC008/Session2/Overground_Walk/Walk_Comfortable/Post_Process/Walk_Comfortable11.csv,3,PC008,Session2,overground,walk,comfortable,0,female,0,female,0.9999739527702332,0.9999739527702332,2.6047142455354333e-05
C:/Users/KUBA/GitProjects/WKIRO-Project/data/PC008/Session2/Overground_Walk/Walk_Slow/Post_Process/Walk_Slow12.csv,5,PC008,Session2,overground,walk,slow,0,female,0,female,0.9999998211860657,0.9999998211860657,2.3158440853876527e-07
C:/Users/KUBA/GitProjects/WKIRO-Project/data/PC008/Session2/Overground_Walk/Walk_Slow/Post_Process/Walk_Slow3.csv,4,PC008,Session2,overground,walk,slow,0,female,0,female,0.9999740123748779,0.9999740123748779,2.605567715363577e-05
C:/Users/KUBA/GitProjects/WKIRO-Project/data/PC008/Session2/Overground_Walk/Walk_Slow/Post_Process/Walk_Slow6.csv,3,PC008,Session2,overground,walk,slow,0,female,0,female,0.9999997615814209,0.9999997615814209,2.3082365885329637e-07
C:/Users/KUBA/GitProjects/WKIRO-Project/data/PC008/Session2/Treadmill_Walk/Treadmill_Walk_Slow/Post_Process/Treadmill_Walk_Slow.csv,120,PC008,Session2,treadmill,walk,slow,0,female,0,female,0.999999463558197,0.999999463558197,5.666313995789096e-07
C:/Users/KUBA/GitProjects/WKIRO-Project/data/PQ006/Session1/Overground_Run/Run_Comfortable/Post_Process/Run_Comfortable5.csv,2,PQ006,Session1,overground,run,comfortable,1,male,1,male,0.9999922513961792,7.771955097268801e-06,0.9999922513961792
C:/Users/KUBA/GitProjects/WKIRO-Project/data/PQ006/Session1/Overground_Run/Run_Fast/Post_Process/Run_Fast7.csv,2,PQ006,Session1,overground,run,fast,1,male,1,male,0.9999879002571106,1.208519097417593e-05,0.9999879002571106
C:/Users/KUBA/GitProjects/WKIRO-Project/data/PQ006/Session1/Overground_Walk/Walk_Comfortable/Post_Process/Walk_Comfortable5.csv,8,PQ006,Session1,overground,walk,comfortable,1,male,1,male,0.9999866485595703,1.3379418305703439e-05,0.9999866485595703
C:/Users/KUBA/GitProjects/WKIRO-Project/data/PQ006/Session1/Overground_Walk/Walk_Comfortable/Post_Process/Walk_Comfortable6.csv,7,PQ006,Session1,overground,walk,comfortable,1,male,1,male,0.9999997019767761,3.127410934666841e-07,0.9999997019767761
C:/Users/KUBA/GitProjects/WKIRO-Project/data/PQ006/Session1/Overground_Walk/Walk_Comfortable/Post_Process/Walk_Comfortable9.csv,8,PQ006,Session1,overground,walk,comfortable,1,male,1,male,0.9999839067459106,1.607036028872244e-05,0.9999839067459106
C:/Users/KUBA/GitProjects/WKIRO-Project/data/PQ006/Session1/Overground_Walk/Walk_Fast/Post_Process/Walk_Fast1.csv,6,PQ006,Session1,overground,walk,fast,1,male,1,male,0.9999875426292419,1.2504247024480719e-05,0.9999875426292419
C:/Users/KUBA/GitProjects/WKIRO-Project/data/PQ006/Session1/Overground_Walk/Walk_Fast/Post_Process/Walk_Fast13.csv,4,PQ006,Session1,overground,walk,fast,1,male,1,male,0.9999865293502808,1.3471821148414165e-05,0.9999865293502808
C:/Users/KUBA/GitProjects/WKIRO-Project/data/PQ006/Session1/Overground_Walk/Walk_Slow/Post_Process/Walk_Slow14.csv,8,PQ006,Session1,overground,walk,slow,1,male,1,male,0.9999995827674866,4.157726607445511e-07,0.9999995827674866
C:/Users/KUBA/GitProjects/WKIRO-Project/data/PQ006/Session1/Overground_Walk/Walk_Slow/Post_Process/Walk_Slow15.csv,7,PQ006,Session1,overground,walk,slow,1,male,1,male,0.999986469745636,1.3491890058503486e-05,0.999986469745636
C:/Users/KUBA/GitProjects/WKIRO-Project/data/PQ006/Session1/Overground_Walk/Walk_Slow/Post_Process/Walk_Slow2.csv,8,PQ006,Session1,overground,walk,slow,1,male,1,male,0.9999994039535522,5.61943011234689e-07,0.9999994039535522
C:/Users/KUBA/GitProjects/WKIRO-Project/data/PQ006/Session1/Overground_Walk/Walk_Slow/Post_Process/Walk_Slow4.csv,7,PQ006,Session1,overground,walk,slow,1,male,1,male,0.9999990463256836,9.266606753044471e-07,0.9999990463256836
C:/Users/KUBA/GitProjects/WKIRO-Project/data/PQ006/Session1/Treadmill_Walk/Treadmill_Walk_Fast/Post_Process/Treadmill_Walk_Fast.csv,120,PQ006,Session1,treadmill,walk,fast,1,male,1,male,0.999999463558197,5.805078444609535e-07,0.999999463558197
C:/Users/KUBA/GitProjects/WKIRO-Project/data/PQ006/Session2/Overground_Run/Run_Comfortable/Post_Process/Run_Comfortable6.csv,2,PQ006,Session2,overground,run,comfortable,1,male,1,male,0.9999998211860657,1.643175266963226e-07,0.9999998211860657
C:/Users/KUBA/GitProjects/WKIRO-Project/data/PQ006/Session2/Overground_Run/Run_Comfortable/Post_Process/Run_Comfortable8.csv,2,PQ006,Session2,overground,run,comfortable,1,male,1,male,0.9999998211860657,1.897928285643502e-07,0.9999998211860657
C:/Users/KUBA/GitProjects/WKIRO-Project/data/PQ006/Session2/Overground_Run/Run_Comfortable/Post_Process/Run_Comfortable9.csv,3,PQ006,Session2,overground,run,comfortable,1,male,1,male,0.9999920725822449,7.892779649409931e-06,0.9999920725822449
C:/Users/KUBA/GitProjects/WKIRO-Project/data/PQ006/Session2/Overground_Run/Run_Fast/Post_Process/Run_Fast1.csv,3,PQ006,Session2,overground,run,fast,1,male,1,male,0.9999883770942688,1.1556666322576348e-05,0.9999883770942688
C:/Users/KUBA/GitProjects/WKIRO-Project/data/PQ006/Session2/Overground_Run/Run_Fast/Post_Process/Run_Fast7.csv,2,PQ006,Session2,overground,run,fast,1,male,1,male,0.9999889135360718,1.1086169251939282e-05,0.9999889135360718
C:/Users/KUBA/GitProjects/WKIRO-Project/data/PQ006/Session2/Overground_Walk/Walk_Comfortable/Post_Process/Walk_Comfortable6.csv,4,PQ006,Session2,overground,walk,comfortable,1,male,1,male,0.9999994039535522,5.667270102094335e-07,0.9999994039535522
C:/Users/KUBA/GitProjects/WKIRO-Project/data/PQ006/Session2/Overground_Walk/Walk_Slow/Post_Process/Walk_Slow2.csv,6,PQ006,Session2,overground,walk,slow,1,male,1,male,0.9999992251396179,7.689653216402803e-07,0.9999992251396179
C:/Users/KUBA/GitProjects/WKIRO-Project/data/RC020/Session1/Overground_Run/Run_Comfortable/Post_Process/Run_Comfortable7.csv,4,RC020,Session1,overground,run,comfortable,0,female,0,female,0.9999659657478333,0.9999659657478333,3.405835013836622e-05
C:/Users/KUBA/GitProjects/WKIRO-Project/data/RC020/Session1/Overground_Run/Run_Fast/Post_Process/Run_Fast1.csv,2,RC020,Session1,overground,run,fast,0,female,0,female,0.9999439716339111,0.9999439716339111,5.599582800641656e-05
C:/Users/KUBA/GitProjects/WKIRO-Project/data/RC020/Session1/Overground_Run/Run_Fast/Post_Process/Run_Fast4.csv,2,RC020,Session1,overground,run,fast,0,female,0,female,0.9999997615814209,0.9999997615814209,2.2164465462992666e-07
C:/Users/KUBA/GitProjects/WKIRO-Project/data/RC020/Session1/Overground_Walk/Walk_Comfortable/Post_Process/Walk_Comfortable4.csv,4,RC020,Session1,overground,walk,comfortable,0,female,0,female,0.9999996423721313,0.9999996423721313,3.5908306017518044e-07
C:/Users/KUBA/GitProjects/WKIRO-Project/data/RC020/Session1/Overground_Walk/Walk_Comfortable/Post_Process/Walk_Comfortable5.csv,7,RC020,Session1,overground,walk,comfortable,0,female,0,female,0.9999422430992126,0.9999422430992126,5.7726931117940694e-05
C:/Users/KUBA/GitProjects/WKIRO-Project/data/RC020/Session1/Overground_Walk/Walk_Fast/Post_Process/Walk_Fast5.csv,4,RC020,Session1,overground,walk,fast,0,female,0,female,0.9999529123306274,0.9999529123306274,4.7051780711626634e-05
C:/Users/KUBA/GitProjects/WKIRO-Project/data/RC020/Session2/Overground_Run/Run_Comfortable/Post_Process/Run_Comfortable5.csv,3,RC020,Session2,overground,run,comfortable,0,female,0,female,0.9999737739562988,0.9999737739562988,2.6236773919663392e-05
C:/Users/KUBA/GitProjects/WKIRO-Project/data/RC020/Session2/Overground_Run/Run_Comfortable/Post_Process/Run_Comfortable6.csv,2,RC020,Session2,overground,run,comfortable,0,female,0,female,0.9999998807907104,0.9999998807907104,1.456355249729313e-07
C:/Users/KUBA/GitProjects/WKIRO-Project/data/RC020/Session2/Overground_Run/Run_Fast/Post_Process/Run_Fast8.csv,2,RC020,Session2,overground,run,fast,0,female,0,female,0.9999992847442627,0.9999992847442627,7.117970994841016e-07
C:/Users/KUBA/GitProjects/WKIRO-Project/data/RC020/Session2/Overground_Run/Run_Fast/Post_Process/Run_Fast9.csv,2,RC020,Session2,overground,run,fast,0,female,0,female,0.9999756217002869,0.9999756217002869,2.4337716240552254e-05
C:/Users/KUBA/GitProjects/WKIRO-Project/data/RC020/Session2/Overground_Walk/Walk_Fast/Post_Process/Walk_Fast3.csv,3,RC020,Session2,overground,walk,fast,0,female,0,female,0.9999693036079407,0.9999693036079407,3.0643976060673594e-05
C:/Users/KUBA/GitProjects/WKIRO-Project/data/RC020/Session2/Overground_Walk/Walk_Fast/Post_Process/Walk_Fast8.csv,3,RC020,Session2,overground,walk,fast,0,female,0,female,0.9999998211860657,0.9999998211860657,1.4457373254117556e-07
C:/Users/KUBA/GitProjects/WKIRO-Project/data/RC020/Session2/Overground_Walk/Walk_Slow/Post_Process/Walk_Slow5.csv,5,RC020,Session2,overground,walk,slow,0,female,0,female,0.9999680519104004,0.9999680519104004,3.19282480631955e-05
C:/Users/KUBA/GitProjects/WKIRO-Project/data/RC020/Session2/Overground_Walk/Walk_Slow/Post_Process/Walk_Slow6.csv,4,RC020,Session2,overground,walk,slow,0,female,0,female,0.9999998211860657,0.9999998211860657,1.759191547989758e-07
C:/Users/KUBA/GitProjects/WKIRO-Project/data/RC023/Session1/Overground_Run/Run_Fast/Post_Process/Run_Fast3.csv,2,RC023,Session1,overground,run,fast,0,female,0,female,0.9999960064888,0.9999960064888,3.966300937463529e-06
C:/Users/KUBA/GitProjects/WKIRO-Project/data/RC023/Session1/Overground_Walk/Walk_Comfortable/Post_Process/Walk_Comfortable1.csv,5,RC023,Session1,overground,walk,comfortable,0,female,0,female,0.9999700784683228,0.9999700784683228,2.9998351237736642e-05
C:/Users/KUBA/GitProjects/WKIRO-Project/data/RC023/Session1/Overground_Walk/Walk_Comfortable/Post_Process/Walk_Comfortable2.csv,6,RC023,Session1,overground,walk,comfortable,0,female,0,female,0.9999998211860657,0.9999998211860657,1.7119759831984993e-07
C:/Users/KUBA/GitProjects/WKIRO-Project/data/RC023/Session1/Overground_Walk/Walk_Comfortable/Post_Process/Walk_Comfortable5.csv,7,RC023,Session1,overground,walk,comfortable,0,female,0,female,0.9999698996543884,0.9999698996543884,3.0164301279000938e-05
C:/Users/KUBA/GitProjects/WKIRO-Project/data/RC023/Session1/Overground_Walk/Walk_Slow/Post_Process/Walk_Slow2.csv,7,RC023,Session1,overground,walk,slow,0,female,0,female,0.9999998807907104,0.9999998807907104,1.467461601123432e-07
C:/Users/KUBA/GitProjects/WKIRO-Project/data/RC023/Session1/Treadmill_Run/Treadmill_Run_Fast/Post_Process/Treadmill_Run_Fast.csv,120,RC023,Session1,treadmill,run,fast,0,female,0,female,0.9999992847442627,0.9999992847442627,7.241308139782632e-07
C:/Users/KUBA/GitProjects/WKIRO-Project/data/RC023/Session2/Overground_Run/Run_Comfortable/Post_Process/Run_Comfortable4.csv,3,RC023,Session2,overground,run,comfortable,0,female,0,female,0.9999997615814209,0.9999997615814209,2.320405201317044e-07
C:/Users/KUBA/GitProjects/WKIRO-Project/data/RC023/Session2/Overground_Run/Run_Fast/Post_Process/Run_Fast9.csv,2,RC023,Session2,overground,run,fast,0,female,0,female,0.9999780058860779,0.9999780058860779,2.1968662622384727e-05
C:/Users/KUBA/GitProjects/WKIRO-Project/data/RC023/Session2/Overground_Walk/Walk_Comfortable/Post_Process/Walk_Comfortable4.csv,5,RC023,Session2,overground,walk,comfortable,0,female,0,female,0.9999998211860657,0.9999998211860657,2.0987688742479804e-07
C:/Users/KUBA/GitProjects/WKIRO-Project/data/RC023/Session2/Overground_Walk/Walk_Fast/Post_Process/Walk_Fast6.csv,4,RC023,Session2,overground,walk,fast,0,female,0,female,0.9999997615814209,0.9999997615814209,2.3748027899728186e-07
C:/Users/KUBA/GitProjects/WKIRO-Project/data/RC023/Session2/Overground_Walk/Walk_Slow/Post_Process/Walk_Slow3.csv,11,RC023,Session2,overground,walk,slow,0,female,0,female,0.9999999403953552,0.9999999403953552,1.5542117637323827e-07
C:/Users/KUBA/GitProjects/WKIRO-Project/data/RC023/Session2/Overground_Walk/Walk_Slow/Post_Process/Walk_Slow5.csv,10,RC023,Session2,overground,walk,slow,0,female,0,female,0.9999998807907104,0.9999998807907104,1.271225329446679e-07
C:/Users/KUBA/GitProjects/WKIRO-Project/data/RC023/Session2/Treadmill_Walk/Treadmill_Walk_Comfortable/Post_Process/Treadmill_Walk_Comfortable.csv,120,RC023,Session2,treadmill,walk,comfortable,0,female,0,female,0.9999998807907104,0.9999998807907104,1.7349573511182825e-07
C:/Users/KUBA/GitProjects/WKIRO-Project/data/RC023/Session2/Treadmill_Walk/Treadmill_Walk_Slow/Post_Process/Treadmill_Walk_Slow.csv,120,RC023,Session2,treadmill,walk,slow,0,female,0,female,0.9999998807907104,0.9999998807907104,2.1496948932053783e-07
C:/Users/KUBA/GitProjects/WKIRO-Project/data/RV028/Session1/Overground_Run/Run_Comfortable/Post_Process/Run_Comfortable9.csv,2,RV028,Session1,overground,run,comfortable,1,male,1,male,0.9999849796295166,1.5015106328064576e-05,0.9999849796295166
C:/Users/KUBA/GitProjects/WKIRO-Project/data/RV028/Session1/Overground_Walk/Walk_Comfortable/Post_Process/Walk_Comfortable10.csv,7,RV028,Session1,overground,walk,comfortable,1,male,1,male,0.999999463558197,5.309142352416529e-07,0.999999463558197
C:/Users/KUBA/GitProjects/WKIRO-Project/data/RV028/Session1/Overground_Walk/Walk_Fast/Post_Process/Walk_Fast4.csv,5,RV028,Session1,overground,walk,fast,1,male,1,male,0.9999993443489075,6.720264309478807e-07,0.9999993443489075
C:/Users/KUBA/GitProjects/WKIRO-Project/data/RV028/Session1/Treadmill_Walk/Treadmill_Walk_Comfortable/Post_Process/Treadmill_Walk_Comfortable.csv,118,RV028,Session1,treadmill,walk,comfortable,1,male,1,male,0.9999995827674866,4.757730494020507e-07,0.9999995827674866
C:/Users/KUBA/GitProjects/WKIRO-Project/data/RV028/Session2/Overground_Run/Run_Comfortable/Post_Process/Run_Comfortable4.csv,3,RV028,Session2,overground,run,comfortable,1,male,1,male,0.9999902844429016,9.697313544165809e-06,0.9999902844429016
C:/Users/KUBA/GitProjects/WKIRO-Project/data/RV028/Session2/Overground_Run/Run_Comfortable/Post_Process/Run_Comfortable5.csv,3,RV028,Session2,overground,run,comfortable,1,male,1,male,0.999988853931427,1.1099245057266671e-05,0.999988853931427
C:/Users/KUBA/GitProjects/WKIRO-Project/data/RV028/Session2/Overground_Run/Run_Comfortable/Post_Process/Run_Comfortable6.csv,3,RV028,Session2,overground,run,comfortable,1,male,1,male,0.9999898076057434,1.01607447504648e-05,0.9999898076057434
C:/Users/KUBA/GitProjects/WKIRO-Project/data/RV028/Session2/Overground_Run/Run_Fast/Post_Process/Run_Fast10.csv,2,RV028,Session2,overground,run,fast,1,male,1,male,0.9999989867210388,1.0285002645105124e-06,0.9999989867210388
C:/Users/KUBA/GitProjects/WKIRO-Project/data/RV028/Session2/Overground_Run/Run_Fast/Post_Process/Run_Fast7.csv,2,RV028,Session2,overground,run,fast,1,male,1,male,0.9999995231628418,4.5912346990917285e-07,0.9999995231628418
C:/Users/KUBA/GitProjects/WKIRO-Project/data/RV028/Session2/Overground_Walk/Walk_Comfortable/Post_Process/Walk_Comfortable1.csv,6,RV028,Session2,overground,walk,comfortable,1,male,1,male,0.9999858736991882,1.4197954442352057e-05,0.9999858736991882
C:/Users/KUBA/GitProjects/WKIRO-Project/data/RV028/Session2/Overground_Walk/Walk_Comfortable/Post_Process/Walk_Comfortable5.csv,7,RV028,Session2,overground,walk,comfortable,1,male,1,male,0.9999995827674866,3.819865810328338e-07,0.9999995827674866
C:/Users/KUBA/GitProjects/WKIRO-Project/data/RV028/Session2/Overground_Walk/Walk_Fast/Post_Process/Walk_Fast8.csv,5,RV028,Session2,overground,walk,fast,1,male,1,male,0.9999891519546509,1.0942360859189648e-05,0.9999891519546509
C:/Users/KUBA/GitProjects/WKIRO-Project/data/RV028/Session2/Overground_Walk/Walk_Slow/Post_Process/Walk_Slow3.csv,10,RV028,Session2,overground,walk,slow,1,male,1,male,0.9999871253967285,1.2821314157918096e-05,0.9999871253967285
C:/Users/KUBA/GitProjects/WKIRO-Project/data/RV028/Session2/Overground_Walk/Walk_Slow/Post_Process/Walk_Slow5.csv,10,RV028,Session2,overground,walk,slow,1,male,1,male,0.9999876022338867,1.2482103556976654e-05,0.9999876022338867
C:/Users/KUBA/GitProjects/WKIRO-Project/data/RV028/Session2/Treadmill_Run/Treadmill_Run_Fast/Post_Process/Treadmill_Run_Fast.csv,120,RV028,Session2,treadmill,run,fast,1,male,1,male,0.999999463558197,5.951139314674947e-07,0.999999463558197
C:/Users/KUBA/GitProjects/WKIRO-Project/data/SA017/Session1/Overground_Run/Run_Fast/Post_Process/Run_Fast7.csv,2,SA017,Session1,overground,run,fast,0,female,0,female,0.9999586343765259,0.9999586343765259,4.1399682231713086e-05
C:/Users/KUBA/GitProjects/WKIRO-Project/data/SA017/Session1/Overground_Walk/Walk_Comfortable/Post_Process/Walk_Comfortable1.csv,4,SA017,Session1,overground,walk,comfortable,0,female,0,female,0.9999591112136841,0.9999591112136841,4.090050424565561e-05
C:/Users/KUBA/GitProjects/WKIRO-Project/data/SA017/Session1/Overground_Walk/Walk_Comfortable/Post_Process/Walk_Comfortable5.csv,3,SA017,Session1,overground,walk,comfortable,0,female,0,female,0.9999561905860901,0.9999561905860901,4.376822107587941e-05
C:/Users/KUBA/GitProjects/WKIRO-Project/data/SA017/Session1/Overground_Walk/Walk_Slow/Post_Process/Walk_Slow3.csv,6,SA017,Session1,overground,walk,slow,0,female,0,female,0.9999516606330872,0.9999516606330872,4.8336631152778864e-05
C:/Users/KUBA/GitProjects/WKIRO-Project/data/SA017/Session1/Overground_Walk/Walk_Slow/Post_Process/Walk_Slow6.csv,4,SA017,Session1,overground,walk,slow,0,female,0,female,0.9999992847442627,0.9999992847442627,7.180228180914128e-07
C:/Users/KUBA/GitProjects/WKIRO-Project/data/SA017/Session1/Treadmill_Run/Treadmill_Run_Fast/Post_Process/Treadmill_Run_Fast.csv,120,SA017,Session1,treadmill,run,fast,0,female,0,female,0.9999997615814209,0.9999997615814209,2.5173841322612134e-07
C:/Users/KUBA/GitProjects/WKIRO-Project/data/SA017/Session2/Overground_Run/Run_Comfortable/Post_Process/Run_Comfortable10.csv,3,SA017,Session2,overground,run,comfortable,0,female,0,female,0.9999740123748779,0.9999740123748779,2.596170270408038e-05
C:/Users/KUBA/GitProjects/WKIRO-Project/data/SA017/Session2/Overground_Run/Run_Comfortable/Post_Process/Run_Comfortable2.csv,3,SA017,Session2,overground,run,comfortable,0,female,0,female,0.999975860118866,0.999975860118866,2.414373193460051e-05
C:/Users/KUBA/GitProjects/WKIRO-Project/data/SA017/Session2/Overground_Run/Run_Fast/Post_Process/Run_Fast3.csv,2,SA017,Session2,overground,run,fast,0,female,0,female,0.9999712109565735,0.9999712109565735,2.8774127713404596e-05
C:/Users/KUBA/GitProjects/WKIRO-Project/data/SA017/Session2/Overground_Run/Run_Fast/Post_Process/Run_Fast9.csv,2,SA017,Session2,overground,run,fast,0,female,0,female,0.9999706149101257,0.9999706149101257,2.9382419597823173e-05
C:/Users/KUBA/GitProjects/WKIRO-Project/data/SA017/Session2/Overground_Walk/Walk_Comfortable/Post_Process/Walk_Comfortable3.csv,5,SA017,Session2,overground,walk,comfortable,0,female,0,female,0.9999486207962036,0.9999486207962036,5.139093264006078e-05
C:/Users/KUBA/GitProjects/WKIRO-Project/data/SA017/Session2/Overground_Walk/Walk_Slow/Post_Process/Walk_Slow1.csv,5,SA017,Session2,overground,walk,slow,0,female,0,female,0.999954104423523,0.999954104423523,4.587000876199454e-05
C:/Users/KUBA/GitProjects/WKIRO-Project/data/SA017/Session2/Overground_Walk/Walk_Slow/Post_Process/Walk_Slow2.csv,5,SA017,Session2,overground,walk,slow,0,female,0,female,0.9999993443489075,0.9999993443489075,6.536054115713341e-07
C:/Users/KUBA/GitProjects/WKIRO-Project/data/SA017/Session2/Treadmill_Walk/Treadmill_Walk_Slow/Post_Process/Treadmill_Walk_Slow.csv,120,SA017,Session2,treadmill,walk,slow,0,female,0,female,0.9999992847442627,0.9999992847442627,7.70039093822561e-07
C:/Users/KUBA/GitProjects/WKIRO-Project/data/SM019/Session1/Overground_Run/Run_Comfortable/Post_Process/Run_Comfortable3.csv,2,SM019,Session1,overground,run,comfortable,0,female,0,female,0.9999998807907104,0.9999998807907104,9.075259299606842e-08
C:/Users/KUBA/GitProjects/WKIRO-Project/data/SM019/Session1/Overground_Run/Run_Comfortable/Post_Process/Run_Comfortable5.csv,3,SM019,Session1,overground,run,comfortable,0,female,0,female,0.999977171421051,0.999977171421051,2.2810092559666373e-05
C:/Users/KUBA/GitProjects/WKIRO-Project/data/SM019/Session1/Overground_Run/Run_Fast/Post_Process/Run_Fast4.csv,1,SM019,Session1,overground,run,fast,0,female,0,female,0.9999786615371704,0.9999786615371704,2.129414315277245e-05
C:/Users/KUBA/GitProjects/WKIRO-Project/data/SM019/Session1/Overground_Run/Run_Fast/Post_Process/Run_Fast7.csv,2,SM019,Session1,overground,run,fast,0,female,0,female,0.9999827742576599,0.9999827742576599,1.721785156405531e-05
C:/Users/KUBA/GitProjects/WKIRO-Project/data/SM019/Session1/Overground_Run/Run_Fast/Post_Process/Run_Fast8.csv,2,SM019,Session1,overground,run,fast,0,female,0,female,0.9999191164970398,0.9999191164970398,8.08567347121425e-05
C:/Users/KUBA/GitProjects/WKIRO-Project/data/SM019/Session1/Overground_Walk/Walk_Fast/Post_Process/Walk_Fast4.csv,4,SM019,Session1,overground,walk,fast,0,female,0,female,0.9999998807907104,0.9999998807907104,9.76195337898389e-08
C:/Users/KUBA/GitProjects/WKIRO-Project/data/SM019/Session2/Overground_Run/Run_Comfortable/Post_Process/Run_Comfortable6.csv,3,SM019,Session2,overground,run,comfortable,0,female,0,female,0.9999997615814209,0.9999997615814209,2.660997324710479e-07
C:/Users/KUBA/GitProjects/WKIRO-Project/data/SM019/Session2/Overground_Run/Run_Fast/Post_Process/Run_Fast10.csv,2,SM019,Session2,overground,run,fast,0,female,0,female,0.9999938011169434,0.9999938011169434,6.2003909988561645e-06
C:/Users/KUBA/GitProjects/WKIRO-Project/data/SM019/Session2/Overground_Walk/Walk_Fast/Post_Process/Walk_Fast3.csv,4,SM019,Session2,overground,walk,fast,0,female,0,female,0.9999696612358093,0.9999696612358093,3.0358183721546084e-05
C:/Users/KUBA/GitProjects/WKIRO-Project/data/SM019/Session2/Overground_Walk/Walk_Fast/Post_Process/Walk_Fast4.csv,3,SM019,Session2,overground,walk,fast,0,female,0,female,0.9999682903289795,0.9999682903289795,3.171614298480563e-05
C:/Users/KUBA/GitProjects/WKIRO-Project/data/SM019/Session2/Overground_Walk/Walk_Fast/Post_Process/Walk_Fast5.csv,3,SM019,Session2,overground,walk,fast,0,female,0,female,0.9999998211860657,0.9999998211860657,1.4119426339220809e-07
C:/Users/KUBA/GitProjects/WKIRO-Project/data/SM019/Session2/Overground_Walk/Walk_Slow/Post_Process/Walk_Slow2.csv,7,SM019,Session2,overground,walk,slow,0,female,0,female,0.9999998807907104,0.9999998807907104,1.4178934293340717e-07
C:/Users/KUBA/GitProjects/WKIRO-Project/data/SM019/Session2/Overground_Walk/Walk_Slow/Post_Process/Walk_Slow5.csv,9,SM019,Session2,overground,walk,slow,0,female,0,female,0.9999666213989258,0.9999666213989258,3.3381573302904144e-05
C:/Users/KUBA/GitProjects/WKIRO-Project/data/SM019/Session2/Treadmill_Run/Treadmill_Run_Comfortable/Post_Process/Treadmill_Run_Comfortable.csv,120,SM019,Session2,treadmill,run,comfortable,0,female,0,female,0.9999998211860657,0.9999998211860657,2.7341039299244585e-07
C:/Users/KUBA/GitProjects/WKIRO-Project/data/TB030/Session1/Overground_Run/Run_Comfortable/Post_Process/Run_Comfortable8.csv,2,TB030,Session1,overground,run,comfortable,1,male,1,male,0.9999997019767761,3.26152587604156e-07,0.9999997019767761
C:/Users/KUBA/GitProjects/WKIRO-Project/data/TB030/Session1/Overground_Run/Run_Fast/Post_Process/Run_Fast10.csv,2,TB030,Session1,overground,run,fast,1,male,1,male,0.999940037727356,5.999134373269044e-05,0.999940037727356
C:/Users/KUBA/GitProjects/WKIRO-Project/data/TB030/Session1/Overground_Walk/Walk_Comfortable/Post_Process/Walk_Comfortable5.csv,6,TB030,Session1,overground,walk,comfortable,1,male,1,male,0.9999874234199524,1.2565748875204008e-05,0.9999874234199524
C:/Users/KUBA/GitProjects/WKIRO-Project/data/TB030/Session1/Overground_Walk/Walk_Fast/Post_Process/Walk_Fast2.csv,6,TB030,Session1,overground,walk,fast,1,male,1,male,0.9999997019767761,2.894398392072617e-07,0.9999997019767761
C:/Users/KUBA/GitProjects/WKIRO-Project/data/TB030/Session1/Overground_Walk/Walk_Slow/Post_Process/Walk_Slow6.csv,7,TB030,Session1,overground,walk,slow,1,male,1,male,0.999998927116394,1.0778403520816937e-06,0.999998927116394
C:/Users/KUBA/GitProjects/WKIRO-Project/data/TB030/Session2/Overground_Run/Run_Comfortable/Post_Process/Run_Comfortable7.csv,3,TB030,Session2,overground,run,comfortable,1,male,1,male,0.9999861717224121,1.3854500139132142e-05,0.9999861717224121
C:/Users/KUBA/GitProjects/WKIRO-Project/data/TB030/Session2/Overground_Run/Run_Fast/Post_Process/Run_Fast2.csv,3,TB030,Session2,overground,run,fast,1,male,1,male,0.9999672770500183,3.279385418863967e-05,0.9999672770500183
C:/Users/KUBA/GitProjects/WKIRO-Project/data/TB030/Session2/Overground_Run/Run_Fast/Post_Process/Run_Fast3.csv,3,TB030,Session2,overground,run,fast,1,male,1,male,0.9999995827674866,3.541340163337736e-07,0.9999995827674866
C:/Users/KUBA/GitProjects/WKIRO-Project/data/TB030/Session2/Overground_Run/Run_Fast/Post_Process/Run_Fast7.csv,2,TB030,Session2,overground,run,fast,1,male,1,male,0.9999601244926453,3.9881902921479195e-05,0.9999601244926453
C:/Users/KUBA/GitProjects/WKIRO-Project/data/TB030/Session2/Overground_Run/Run_Fast/Post_Process/Run_Fast8.csv,2,TB030,Session2,overground,run,fast,1,male,1,male,0.9999979734420776,2.0099878383916803e-06,0.9999979734420776
C:/Users/KUBA/GitProjects/WKIRO-Project/data/TB030/Session2/Overground_Walk/Walk_Comfortable/Post_Process/Walk_Comfortable6.csv,6,TB030,Session2,overground,walk,comfortable,1,male,1,male,0.9999993443489075,6.26514236046205e-07,0.9999993443489075
C:/Users/KUBA/GitProjects/WKIRO-Project/data/TB030/Session2/Overground_Walk/Walk_Fast/Post_Process/Walk_Fast5.csv,5,TB030,Session2,overground,walk,fast,1,male,1,male,0.99998539686203,1.4553942492057104e-05,0.99998539686203
C:/Users/KUBA/GitProjects/WKIRO-Project/data/TB030/Session2/Treadmill_Walk/Treadmill_Walk_Fast/Post_Process/Treadmill_Walk_Fast.csv,120,TB030,Session2,treadmill,walk,fast,1,male,1,male,0.9999995827674866,4.909212520942674e-07,0.9999995827674866
C:/Users/KUBA/GitProjects/WKIRO-Project/data/TK029/Session1/Overground_Run/Run_Comfortable/Post_Process/Run_Comfortable8.csv,4,TK029,Session1,overground,run,comfortable,0,female,0,female,0.9999998807907104,0.9999998807907104,1.0446582621170819e-07
C:/Users/KUBA/GitProjects/WKIRO-Project/data/TK029/Session1/Overground_Run/Run_Comfortable/Post_Process/Run_Comfortable9.csv,3,TK029,Session1,overground,run,comfortable,0,female,0,female,0.9999706149101257,0.9999706149101257,2.9365388400037773e-05
C:/Users/KUBA/GitProjects/WKIRO-Project/data/TK029/Session1/Overground_Run/Run_Fast/Post_Process/Run_Fast2.csv,2,TK029,Session1,overground,run,fast,0,female,0,female,0.9999751448631287,0.9999751448631287,2.4848628527252004e-05
C:/Users/KUBA/GitProjects/WKIRO-Project/data/TK029/Session1/Overground_Walk/Walk_Comfortable/Post_Process/Walk_Comfortable4.csv,6,TK029,Session1,overground,walk,comfortable,0,female,0,female,1.0,1.0,6.603341518029993e-08
C:/Users/KUBA/GitProjects/WKIRO-Project/data/TK029/Session1/Overground_Walk/Walk_Slow/Post_Process/Walk_Slow2.csv,10,TK029,Session1,overground,walk,slow,0,female,0,female,0.9999998807907104,0.9999998807907104,7.475211560858952e-08
C:/Users/KUBA/GitProjects/WKIRO-Project/data/TK029/Session1/Overground_Walk/Walk_Slow/Post_Process/Walk_Slow6.csv,9,TK029,Session1,overground,walk,slow,0,female,0,female,0.9999998807907104,0.9999998807907104,8.300884957179733e-08
C:/Users/KUBA/GitProjects/WKIRO-Project/data/TK029/Session1/Overground_Walk/Walk_Slow/Post_Process/Walk_Slow7.csv,11,TK029,Session1,overground,walk,slow,0,female,0,female,0.9999688863754272,0.9999688863754272,3.1054645660333335e-05
C:/Users/KUBA/GitProjects/WKIRO-Project/data/TK029/Session1/Treadmill_Walk/Treadmill_Walk_Comfortable/Post_Process/Treadmill_Walk_Comfortable.csv,120,TK029,Session1,treadmill,walk,comfortable,0,female,0,female,0.9999999403953552,0.9999999403953552,9.510247167554553e-08
C:/Users/KUBA/GitProjects/WKIRO-Project/data/TK029/Session2/Overground_Run/Run_Fast/Post_Process/Run_Fast4.csv,2,TK029,Session2,overground,run,fast,0,female,0,female,0.9999998807907104,0.9999998807907104,1.2626541945337522e-07
C:/Users/KUBA/GitProjects/WKIRO-Project/data/TK029/Session2/Overground_Walk/Walk_Comfortable/Post_Process/Walk_Comfortable2.csv,5,TK029,Session2,overground,walk,comfortable,0,female,0,female,0.9999998807907104,0.9999998807907104,8.329948286700528e-08
C:/Users/KUBA/GitProjects/WKIRO-Project/data/TK029/Session2/Overground_Walk/Walk_Comfortable/Post_Process/Walk_Comfortable8.csv,5,TK029,Session2,overground,walk,comfortable,0,female,0,female,0.9999998807907104,0.9999998807907104,1.2821598716072913e-07
C:/Users/KUBA/GitProjects/WKIRO-Project/data/TK029/Session2/Overground_Walk/Walk_Fast/Post_Process/Walk_Fast5.csv,6,TK029,Session2,overground,walk,fast,0,female,0,female,0.9999709725379944,0.9999709725379944,2.9035823899903335e-05
C:/Users/KUBA/GitProjects/WKIRO-Project/data/TK029/Session2/Overground_Walk/Walk_Slow/Post_Process/Walk_Slow5.csv,10,TK029,Session2,overground,walk,slow,0,female,0,female,0.999969482421875,0.999969482421875,3.05155263049528e-05
C:/Users/KUBA/GitProjects/WKIRO-Project/data/TK029/Session2/Treadmill_Walk/Treadmill_Walk_Slow/Post_Process/Treadmill_Walk_Slow.csv,180,TK029,Session2,treadmill,walk,slow,0,female,0,female,0.9999998211860657,0.9999998211860657,1.712802912834377e-07
C:/Users/KUBA/GitProjects/WKIRO-Project/data/YX024/Session1/Overground_Run/Run_Comfortable/Post_Process/Run_Comfortable10.csv,3,YX024,Session1,overground,run,comfortable,1,male,1,male,0.9999904036521912,9.625548955227714e-06,0.9999904036521912
C:/Users/KUBA/GitProjects/WKIRO-Project/data/YX024/Session1/Overground_Run/Run_Fast/Post_Process/Run_Fast1.csv,2,YX024,Session1,overground,run,fast,1,male,1,male,0.9999860525131226,1.3946899343864061e-05,0.9999860525131226
C:/Users/KUBA/GitProjects/WKIRO-Project/data/YX024/Session1/Overground_Walk/Walk_Comfortable/Post_Process/Walk_Comfortable4.csv,5,YX024,Session1,overground,walk,comfortable,1,male,1,male,0.9999879598617554,1.19885280582821e-05,0.9999879598617554
C:/Users/KUBA/GitProjects/WKIRO-Project/data/YX024/Session1/Overground_Walk/Walk_Comfortable/Post_Process/Walk_Comfortable7.csv,6,YX024,Session1,overground,walk,comfortable,1,male,1,male,0.9999890923500061,1.0867247510759626e-05,0.9999890923500061
C:/Users/KUBA/GitProjects/WKIRO-Project/data/YX024/Session1/Overground_Walk/Walk_Fast/Post_Process/Walk_Fast3.csv,5,YX024,Session1,overground,walk,fast,1,male,1,male,0.999987006187439,1.3051282621745486e-05,0.999987006187439
C:/Users/KUBA/GitProjects/WKIRO-Project/data/YX024/Session1/Overground_Walk/Walk_Fast/Post_Process/Walk_Fast5.csv,3,YX024,Session1,overground,walk,fast,1,male,1,male,0.9999892115592957,1.0812844266183674e-05,0.9999892115592957
C:/Users/KUBA/GitProjects/WKIRO-Project/data/YX024/Session1/Overground_Walk/Walk_Slow/Post_Process/Walk_Slow1.csv,13,YX024,Session1,overground,walk,slow,1,male,1,male,0.9999882578849792,1.1823551176348701e-05,0.9999882578849792
C:/Users/KUBA/GitProjects/WKIRO-Project/data/YX024/Session1/Overground_Walk/Walk_Slow/Post_Process/Walk_Slow3.csv,10,YX024,Session1,overground,walk,slow,1,male,1,male,0.9999884366989136,1.153231096395757e-05,0.9999884366989136
C:/Users/KUBA/GitProjects/WKIRO-Project/data/YX024/Session2/Overground_Run/Run_Fast/Post_Process/Run_Fast5.csv,2,YX024,Session2,overground,run,fast,1,male,1,male,0.9999996423721313,3.5670484521688195e-07,0.9999996423721313
C:/Users/KUBA/GitProjects/WKIRO-Project/data/YX024/Session2/Overground_Run/Run_Fast/Post_Process/Run_Fast6.csv,2,YX024,Session2,overground,run,fast,1,male,1,male,0.9999816417694092,1.838221214711666e-05,0.9999816417694092
C:/Users/KUBA/GitProjects/WKIRO-Project/data/YX024/Session2/Overground_Walk/Walk_Comfortable/Post_Process/Walk_Comfortable3.csv,5,YX024,Session2,overground,walk,comfortable,1,male,1,male,0.9999997019767761,2.4978177748380404e-07,0.9999997019767761
C:/Users/KUBA/GitProjects/WKIRO-Project/data/YX024/Session2/Overground_Walk/Walk_Fast/Post_Process/Walk_Fast6.csv,4,YX024,Session2,overground,walk,fast,1,male,1,male,0.9999995827674866,4.4814149191552133e-07,0.9999995827674866
C:/Users/KUBA/GitProjects/WKIRO-Project/data/YX024/Session2/Overground_Walk/Walk_Fast/Post_Process/Walk_Fast8.csv,4,YX024,Session2,overground,walk,fast,1,male,1,male,0.9999995827674866,4.041378360852832e-07,0.9999995827674866
C:/Users/KUBA/GitProjects/WKIRO-Project/data/YX024/Session2/Overground_Walk/Walk_Slow/Post_Process/Walk_Slow2.csv,10,YX024,Session2,overground,walk,slow,1,male,1,male,0.9999996423721313,3.8332464669110777e-07,0.9999996423721313
