source_path,n_windows,participant_id,session,environment,activity,condition,y_true,y_true_name,y_pred,y_pred_name,confidence,proba_AJ026,proba_BD004,proba_BL025,proba_CF027,proba_CL007,proba_DA013,proba_DC005,proba_GF022,proba_GM001,proba_GQ016,proba_HN021,proba_HS018,proba_JS009,proba_LA014,proba_LD002,proba_LF003,proba_LL011,proba_LM012,proba_MR015,proba_OB010,proba_PC008,proba_PQ006,proba_RC020,proba_RC023,proba_RV028,proba_SA017,proba_SM019,proba_TB030,proba_TK029,proba_YX024
C:/Users/KUBA/GitProjects/WKIRO-Project/data/AJ026/Session1/Overground_Run/Run_Comfortable/Post_Process/Run_Comfortable8.csv,2,AJ026,Session1,overground,run,comfortable,0,AJ026,0,AJ026,0.9998774528503418,0.9998774528503418,9.44186786047685e-13,3.3156947409906934e-08,3.5239047235791077e-08,2.2502941732227555e-09,6.886758385782343e-10,1.0458891530618075e-09,1.257774471241646e-07,5.706287664608567e-10,1.603453064769056e-10,1.3586634395323927e-07,1.3432955938696978e-06,1.7506955884982744e-09,4.776421747010318e-07,1.6730267171638502e-09,5.337779551695121e-09,5.686123794035325e-10,6.819484497100348e-07,3.9086884839889535e-08,3.5304514867107173e-10,1.777143552317284e-05,2.0404150591346593e-11,1.2797187991964165e-05,8.739953773329034e-05,2.8847487953953532e-08,1.0668037120353802e-08,3.395786620785657e-07,4.737638725771376e-09,1.303388444284792e-06,8.542706986247595e-09
C:/Users/KUBA/GitProjects/WKIRO-Project/data/AJ026/Session1/Overground_Run/Run_Fast/Post_Process/Run_Fast2.csv,1,AJ026,Session1,overground,run,fast,0,AJ026,0,AJ026,0.999817430973053,0.999817430973053,2.1166813961304154e-12,3.454203323371985e-08,5.893993204608705e-08,6.677848496394745e-09,3.403140880209321e-09,1.0614145118381657e-09,1.439704391259511e-07,4.047671087192839e-09,1.522805631593016e-10,7.270095352396311e-07,8.903021466721839e-07,4.296962341499011e-09,4.758981333452539e-07,6.886092251967568e-10,9.138354073456867e-09,1.4038467055499382e-09,1.135950014941045e-06,2.6717380308127758e-08,2.5069508691188958e-09,2.5134144379990175e-05,1.2155323969587073e-10,1.2228230843902566e-05,0.00013876402226742357,1.2649049807578194e-08,3.590645292206318e-08,1.0812632353918161e-06,1.075837552377834e-08,1.8201783404947491e-06,2.8925816408786886e-08
C:/Users/KUBA/GitProjects/WKIRO-Project/data/AJ026/Session1/Overground_Run/Run_Fast/Post_Process/Run_Fast3.csv,1,AJ026,Session1,overground,run,fast,0,AJ026,0,AJ026,0.4333111643791199,0.4333111643791199,3.408207021493581e-06,0.0008433571783825755,0.00012759001401718706,0.0134513471275568,1.2098616934963502e-05,6.814529479015619e-05,0.0026007001288235188,4.037746293761302e-06,0.00018524295592214912,0.04212536662817001,0.0010757665149867535,0.00019947030523326248,0.0005325618549250066,1.2879378118668683e-05,2.970583773276303e-05,1.4955348888179287e-05,0.0009697824716567993,0.0006451492081396282,3.512579496600665e-05,0.10286223143339157,5.04171339343884e-06,0.009132652543485165,0.2552524507045746,0.0003468951035756618,0.0017614669632166624,0.13098253309726715,0.00033463785075582564,0.0029618062544614077,0.00011227268259972334
C:/Users/KUBA/GitProjects/WKIRO-Project/data/AJ026/Session1/Overground_Run/Run_Fast/Post_Process/Run_Fast4.csv,1,AJ026,Session1,overground,run,fast,0,AJ026,0,AJ026,0.9946773052215576,0.9946773052215576,7.829913384327369e-10,2.407232386758551e-06,2.0975439838366583e-06,1.005972080747597e-06,4.202020775778692e-08,8.318565392073651e-08,1.7307444068137556e-05,2.155561418248908e-07,6.312911970951518e-09,2.500075424904935e-05,3.376297900103964e-05,1.8249963318339724e-07,6.806576493545435e-06,4.15568059963789e-08,2.9735915063611174e-07,3.6811250936352735e-08,3.8476620829897e-05,1.595669459675264e-06,1.4288606564605288e-07,0.00016285278252325952,8.70707506095414e-09,0.00039631532854400575,0.004559367895126343,2.169108938687714e-06,7.663900305487914e-07,4.449927291716449e-05,1.6020287318951887e-07,2.6875561161432415e-05,3.163099506764411e-07
C:/Users/KUBA/GitProjects/WKIRO-Project/data/AJ026/Session1/Overground_Run/Run_Fast/Post_Process/Run_Fast9.csv,1,AJ026,Session1,overground,run,fast,0,AJ026,0,AJ026,0.3594234883785248,0.3594234883785248,5.203072760195937e-06,0.001617757952772081,0.0001744593755574897,0.028241299092769623,2.0260244127712213e-05,8.879965753294528e-05,0.00316754006780684,7.45925126466318e-06,0.00034510245313867927,0.07072348892688751,0.0014894796768203378,0.00030411314219236374,0.0008322090143337846,1.1211969649593811e-05,4.5183209294918925e-05,2.109031811414752e-05,0.0008975327364169061,0.0009621340432204306,4.8596979468129575e-05,0.09074937552213669,8.121990504150745e-06,0.008722535334527493,0.2663198709487915,0.0002828535216394812,0.0022806660272181034,0.16014602780342102,0.0003088674566242844,0.002566680544987321,0.00018861018179450184
C:/Users/KUBA/GitProjects/WKIRO-Project/data/AJ026/Session1/Overground_Walk/Walk_Slow/Post_Process/Walk_Slow2.csv,9,AJ026,Session1,overground,walk,slow,0,AJ026,0,AJ026,0.9999390840530396,0.9999390840530396,7.191551499273474e-13,1.779326197492992e-08,1.068494341893711e-07,3.187040409358133e-09,3.4733795839514414e-09,3.3570068946886522e-09,1.9186592226105859e-07,1.783592717963245e-09,3.2255759174759646e-10,2.461174233303609e-07,9.056445264832291e-07,1.922011882982133e-09,4.562460844681482e-07,4.948861320741571e-10,6.513733996627025e-09,1.3289153111273322e-09,3.510773183279525e-07,9.652742249954827e-08,2.915809815817738e-10,1.0710140486480668e-05,1.9836477946344466e-11,6.17874547970132e-06,4.084231477463618e-05,1.2605882560023929e-08,2.123887732352614e-08,3.0370495096576633e-07,5.5472684223900615e-09,4.044080981202569e-07,1.525476278629867e-08
C:/Users/KUBA/GitProjects/WKIRO-Project/data/AJ026/Session1/Overground_Walk/Walk_Slow/Post_Process/Walk_Slow3.csv,9,AJ026,Session1,overground,walk,slow,0,AJ026,0,AJ026,0.4031442403793335,0.4031442403793335,1.0346145245421212e-05,0.0016019900795072317,0.0001242693542735651,0.03381766751408577,2.284024412801955e-05,5.477709055412561e-05,0.002962379716336727,9.990490070777014e-06,0.00039647764060646296,0.062286801636219025,0.002705148421227932,0.00027123780455440283,0.0005896699149161577,1.0579471563687548e-05,8.293812425108626e-05,3.1898780434858054e-05,0.000949062523432076,0.0008630450465716422,7.13591871317476e-05,0.12997294962406158,9.902219971991144e-06,0.009565053507685661,0.23122242093086243,0.00030530872754752636,0.001317791175097227,0.11472491174936295,0.00019822007743641734,0.0024433471262454987,0.00023336568847298622
C:/Users/KUBA/GitProjects/WKIRO-Project/data/AJ026/Session2/Overground_Run/Run_Comfortable/Post_Process/Run_Comfortable1.csv,3,AJ026,Session2,overground,run,comfortable,0,AJ026,0,AJ026,0.4300555884838104,0.4300555884838104,5.095001597510418e-06,0.0009597786702215672,0.0001146665308624506,0.01648866944015026,1.2565925317176152e-05,5.865643106517382e-05,0.0028302036225795746,4.545730917016044e-06,0.00019477603200357407,0.044497132301330566,0.0014011007733643055,0.00018534601258579642,0.0005295328446663916,1.163588331110077e-05,4.31701191700995e-05,1.702508598100394e-05,0.0009968485683202744,0.0005990934441797435,3.755846046260558e-05,0.11821060627698898,5.311543645802885e-06,0.009616126306355,0.2458716183900833,0.0003173249133396894,0.0016042328206822276,0.12191791087388992,0.0002552448713686317,0.003032016335055232,0.00012660065840464085
C:/Users/KUBA/GitProjects/WKIRO-Project/data/AJ026/Session2/Overground_Run/Run_Comfortable/Post_Process/Run_Comfortable7.csv,3,AJ026,Session2,overground,run,comfortable,0,AJ026,0,AJ026,0.4259202778339386,0.4259202778339386,4.548179276753217e-06,0.0009320270619355142,0.00011131438805023208,0.015522454865276814,1.231156875292072e-05,5.810848597320728e-05,0.002749641425907612,4.1781099753279705e-06,0.00018491862283553928,0.044204384088516235,0.0013214284554123878,0.00018294791516382247,0.0005352825974114239,1.1424250260461122e-05,3.7661728129023686e-05,1.5349954992416315e-05,0.001011547283269465,0.0005862797261215746,3.560284312698059e-05,0.1134340837597847,5.208341008255957e-06,0.009651568718254566,0.25291159749031067,0.00030895438976585865,0.0016226005973294377,0.12523576617240906,0.00026632161461748183,0.0030069276690483093,0.0001153291595983319
C:/Users/KUBA/GitProjects/WKIRO-Project/data/AJ026/Session2/Overground_Run/Run_Fast/Post_Process/Run_Fast9.csv,2,AJ026,Session2,overground,run,fast,0,AJ026,0,AJ026,0.3326418995857239,0.3326418995857239,4.235885171510745e-06,0.0016980661312118173,0.0002560144348535687,0.026955872774124146,2.155501533707138e-05,0.0001389655953971669,0.0035988769959658384,7.168646334321238e-06,0.00035886320983991027,0.07618217170238495,0.0010980847291648388,0.00035584758734330535,0.0010301927104592323,1.3350916560739279e-05,3.649933205451816e-05,2.004980342462659e-05,0.0008784273522906005,0.0011545796878635883,4.1132014303002506e-05,0.09137272834777832,7.803329935995862e-06,0.008380547165870667,0.26277050375938416,0.0003345307777635753,0.00297678355127573,0.18409037590026855,0.00040865130722522736,0.002966464962810278,0.00019976517069153488
C:/Users/KUBA/GitProjects/WKIRO-Project/data/AJ026/Session2/Overground_Walk/Walk_Comfortable/Post_Process/Walk_Comfortable1.csv,5,AJ026,Session2,overground,walk,comfortable,0,AJ026,0,AJ026,0.4127054810523987,0.4127054810523987,8.571820217184722e-06,0.0013629966415464878,0.00012534551206044853,0.026814034208655357,1.8981176253873855e-05,5.766520553152077e-05,0.0030361548997461796,7.886431376391556e-06,0.0003173593431711197,0.0555829182267189,0.0022200027015060186,0.00024099007714539766,0.0005691604455932975,1.1352780347806402e-05,7.0176538429223e-05,2.718258838285692e-05,0.0009730764431878924,0.0007772594108246267,5.892989065614529e-05,0.13062015175819397,8.12590224086307e-06,0.009683823212981224,0.23370972275733948,0.00032407749677076936,0.0014020889066159725,0.11613698303699493,0.00021547137293964624,0.0027153147384524345,0.0001987499708775431
C:/Users/KUBA/GitProjects/WKIRO-Project/data/AJ026/Session2/Overground_Walk/Walk_Comfortable/Post_Process/Walk_Comfortable2.csv,4,AJ026,Session2,overground,walk,comfortable,0,AJ026,0,AJ026,0.9999723434448242,0.9999723434448242,1.9656693807379444e-13,8.021441288974529e-09,1.16668644523088e-07,5.83707415735546e-10,2.4930129072231466e-09,7.553004888194437e-10,1.2834942708650487e-07,5.478769660172134e-10,1.6745368980330966e-10,9.385838950493053e-08,6.023705623192654e-07,6.071557701048391e-10,1.0268479400110664e-07,1.7859572154499403e-10,7.323863737696001e-10,4.073160697615208e-10,1.9573690224206075e-07,8.531050355031766e-08,9.215642832183235e-11,7.72781640989706e-06,7.212916462023822e-12,9.346622960038076e-07,1.7105960068874992e-05,1.1245591124975363e-08,8.720085986624326e-09,1.6598153251834447e-07,5.407974068560861e-09,3.067906959586253e-07,7.742483987271953e-09
C:/Users/KUBA/GitProjects/WKIRO-Project/data/AJ026/Session2/Overground_Walk/Walk_Slow/Post_Process/Walk_Slow1.csv,8,AJ026,Session2,overground,walk,slow,0,AJ026,0,AJ026,0.4119204878807068,0.4119204878807068,8.615894330432639e-06,0.0013705776073038578,0.0001241539721377194,0.027274519205093384,1.9153454559273086e-05,5.705410148948431e-05,0.002990320324897766,7.985014235600829e-06,0.000320992199704051,0.056002646684646606,0.002231791615486145,0.000242036345298402,0.000569379364605993,1.1173516213602852e-05,7.027549872873351e-05,2.728955769271124e-05,0.0009660080540925264,0.0007782107568345964,5.93014046899043e-05,0.12930512428283691,8.21099729364505e-06,0.009632764384150505,0.2346544861793518,0.0003181342617608607,0.0013982191449031234,0.11654692888259888,0.00021508900681510568,0.0026695318520069122,0.0001995320781134069
C:/Users/KUBA/GitProjects/WKIRO-Project/data/BD004/Session1/Overground_Run/Run_Comfortable/Post_Process/Run_Comfortable10.csv,2,BD004,Session1,overground,run,comfortable,1,BD004,1,BD004,0.9999901652336121,1.8061058223539476e-14,0.9999901652336121,2.3454049813409483e-10,3.407740756244948e-11,1.326840219917358e-07,7.735437179690052e-08,2.0241955681066237e-11,1.3345870684133843e-06,7.698944592959833e-09,3.2598368449043846e-08,6.962389553777371e-10,5.900063797525945e-07,6.423669755839523e-12,1.8678444901887303e-10,3.071860821268757e-11,7.434487997670658e-06,2.4361689554552868e-08,4.084522231551091e-08,1.1443643810338244e-09,5.024633153993818e-09,1.6381550560495839e-09,1.1498887886318698e-07,6.000693830721104e-10,4.7778959608169025e-12,4.2116781173717754e-09,4.7380486201120675e-09,2.1513155146202223e-10,2.2436783098100932e-08,5.358800625465676e-10,6.07720949119539e-08
C:/Users/KUBA/GitProjects/WKIRO-Project/data/BD004/Session1/Overground_Run/Run_Fast/Post_Process/Run_Fast13.csv,1,BD004,Session1,overground,run,fast,1,BD004,1,BD004,0.8179288506507874,2.47715761361178e-05,0.8179288506507874,0.004328079521656036,0.00020539482648018748,0.001024907804094255,0.0027582186739891768,0.0009155323496088386,0.004547213204205036,0.0010353659745305777,0.0004241198184899986,0.0005180919542908669,0.008473358117043972,6.47217602818273e-05,0.015175526030361652,0.005513300187885761,0.07422931492328644,0.0030088440980762243,0.023833682760596275,0.0001171260082628578,0.0023257231805473566,0.0030626251827925444,0.010402402840554714,0.004416285082697868,0.0003170115815009922,0.0003139247128274292,0.000162914177053608,0.0003402830334380269,0.0008286052034236491,0.013101632706820965,0.0006021176232025027
C:/Users/KUBA/GitProjects/WKIRO-Project/data/BD004/Session1/Overground_Run/Run_Fast/Post_Process/Run_Fast4.csv,1,BD004,Session1,overground,run,fast,1,BD004,1,BD004,0.9999761581420898,1.6550293308135317e-13,0.9999761581420898,5.755866450130043e-09,2.2979493308206145e-11,1.8384639588475693e-06,2.1056503385352698e-07,5.2262364574895415e-11,4.126395936054905e-07,1.4890343891238444e-07,1.5320949842134723e-07,9.060760142176605e-09,1.570082713442389e-05,5.096103747326275e-11,7.571667598460508e-11,1.8694966408272506e-10,4.712041118182242e-06,8.8029192824024e-09,1.4149534877105907e-07,1.613193884031361e-10,6.628200566183295e-08,1.7011387853926863e-09,2.3235297419432754e-07,2.980834690191614e-09,5.638162506316213e-11,1.6434814620325255e-09,1.1300699043204077e-07,5.056094654065646e-09,3.4892870814928756e-08,1.82663911774128e-10,3.058175934711471e-10
C:/Users/KUBA/GitProjects/WKIRO-Project/data/BD004/Session1/Overground_Walk/Walk_Slow/Post_Process/Walk_Slow1.csv,12,BD004,Session1,overground,walk,slow,1,BD004,1,BD004,0.8229101300239563,3.210929571650922e-05,0.8229101300239563,0.004158311523497105,0.0001364535855827853,0.000912023417185992,0.0024515038821846247,0.0008919246611185372,0.004761343356221914,0.0006369895418174565,0.00044050978613086045,0.0005335325258783996,0.01045170146971941,7.082093361532316e-05,0.012234978377819061,0.007024094928056002,0.056576475501060486,0.0022183137480169535,0.03244638442993164,0.00012769010209012777,0.002984185004606843,0.0032774105202406645,0.011874393559992313,0.004903318826109171,0.0003746416186913848,0.00046339313848875463,0.00017971797205973417,0.0003624295350164175,0.0009553751442581415,0.01525804027915001,0.00035171350464224815
C:/Users/KUBA/GitProjects/WKIRO-Project/data/BD004/Session1/Overground_Walk/Walk_Slow/Post_Process/Walk_Slow3.csv,11,BD004,Session1,overground,walk,slow,1,BD004,1,BD004,0.7834926843643188,6.402689177775756e-05,0.7834926843643188,0.010711517184972763,0.00027966510970145464,0.0016680295811966062,0.002193169202655554,0.0009819759288802743,0.015549968928098679,0.00046401089639402926,0.00042007199954241514,0.0011798408813774586,0.009196806699037552,0.00042324469541199505,0.009898909367620945,0.007844598032534122,0.04716220125555992,0.0019049211405217648,0.030036242678761482,0.000197174638742581,0.003056030021980405,0.006110316142439842,0.011781413108110428,0.00420054467394948,0.0007056714384816587,0.000832941965200007,0.0006093572592362761,0.0006719966768287122,0.0009565902291797101,0.04698016494512558,0.00042588572250679135
C:/Users/KUBA/GitProjects/WKIRO-Project/data/BD004/Session1/Overground_Walk/Walk_Slow/Post_Process/Walk_Slow4.csv,12,BD004,Session1,overground,walk,slow,1,BD004,1,BD004,0.9994314312934875,4.3186262899119754e-10,0.9994314312934875,7.154868058023567e-07,1.0552831497534498e-08,2.6665838959161192e-05,7.87612771091517e-06,8.840449261526828e-09,7.381895557045937e-06,1.8189735783380456e-05,4.137330961384578e-06,1.133409114117967e-05,1.2086993592674844e-06,2.5313985929642513e-07,1.6482393050409883e-07,4.163482358876536e-08,9.462222078582272e-05,6.586420653320602e-08,2.4590005978097906e-06,1.2725678288916242e-06,1.529437577119097e-05,4.268267275620019e-06,0.0003506769717205316,3.6859421470580855e-07,1.3737732729168783e-08,6.211803338374011e-06,5.133746071805945e-06,7.047584063002432e-07,2.066582283077878e-06,3.4807987958629383e-06,4.0334334698854946e-06
C:/Users/KUBA/GitProjects/WKIRO-Project/data/BD004/Session1/Overground_Walk/Walk_Slow/Post_Process/Walk_Slow8.csv,8,BD004,Session1,overground,walk,slow,1,BD004,1,BD004,0.9993528127670288,1.796761212036202e-10,0.9993528127670288,5.317098839441314e-06,2.9048996097458257e-08,3.931897663278505e-05,2.26957090490032e-05,1.4616163923619752e-07,6.185163783811731e-06,7.075531812006375e-06,3.8348657653841656e-06,7.467230261681834e-06,6.449392458307557e-06,1.279474872717401e-06,1.7110339456394286e-07,2.8830038445448736e-07,1.6558447896386497e-05,4.027360319014406e-06,2.1556072624662193e-06,1.214915528180427e-06,2.5542754883645102e-05,2.6161160349147394e-07,0.00043064283090643585,1.3916367436195287e-07,2.1819909434839246e-08,8.06493881100323e-06,4.288379568606615e-05,9.21588991786848e-08,7.591831945319427e-06,1.2095675856471644e-06,6.546457370859571e-06
C:/Users/KUBA/GitProjects/WKIRO-Project/data/BD004/Session2/Overground_Run/Run_Comfortable/Post_Process/Run_Comfortable12.csv,2,BD004,Session2,overground,run,comfortable,1,BD004,1,BD004,0.9999980926513672,3.546895409485811e-15,0.9999980926513672,1.653194525719215e-10,8.634623506649508e-13,2.6721528456619126e-07,7.447164551699359e-10,5.382541981568956e-11,1.3225145494288881e-06,9.210610052434731e-10,1.1840137759122626e-09,2.1884327683352467e-10,4.4698047929614404e-08,1.2800490702125078e-11,4.6601706868432125e-12,3.1915453613251543e-10,2.8095593052057666e-07,1.013482409106814e-09,3.721419616908861e-09,1.1120836890254893e-11,6.044916567304881e-09,1.4413361615339682e-09,1.1469762917215576e-08,1.0900612357200856e-10,3.385759554663803e-13,1.918618153240459e-09,1.0498629521293878e-08,2.534102372386826e-10,1.0423284457772297e-08,3.403734516460588e-10,4.0517886268354175e-10
C:/Users/KUBA/GitProjects/WKIRO-Project/data/BD004/Session2/Overground_Run/Run_Comfortable/Post_Process/Run_Comfortable6.csv,1,BD004,Session2,overground,run,comfortable,1,BD004,1,BD004,0.9999974966049194,2.2692035950348756e-15,0.9999974966049194,2.69953170928261e-10,2.1592172494422357e-12,4.0549491586716613e-07,9.725967808904556e-10,4.300898179265822e-11,1.6410663192800712e-06,3.0559159647225442e-09,8.00662147693032e-10,2.6803992358992446e-10,4.454593494074288e-08,1.3133468271253612e-11,3.059311267858411e-12,4.0370859433203066e-10,4.145009597777971e-07,8.051184718915749e-10,4.505028794454802e-09,4.600881741562146e-12,1.5126273567034332e-08,1.5405637876497735e-09,2.8782581651398687e-08,1.648158415301637e-10,1.915029549867664e-13,3.154508043667903e-10,2.4908962004133173e-08,2.1570502328760455e-10,1.1886001516359102e-08,4.4950529409781836e-10,1.7863145684859916e-10
C:/Users/KUBA/GitProjects/WKIRO-Project/data/BD004/Session2/Overground_Run/Run_Fast/Post_Process/Run_Fast13.csv,2,BD004,Session2,overground,run,fast,1,BD004,1,BD004,0.8356062173843384,2.342497100471519e-05,0.8356062173843384,0.0033164755441248417,0.00015314671327359974,0.000774542277213186,0.0020949076861143112,0.0008550339844077826,0.004673949908465147,0.0006510074017569423,0.00033581419847905636,0.00041316909482702613,0.007963540032505989,5.409877485362813e-05,0.010623179376125336,0.006409762427210808,0.06338748335838318,0.0024688527919352055,0.024593111127614975,0.00010374293196946383,0.002244450617581606,0.003212257055565715,0.008942675776779652,0.004124619998037815,0.0002807758282870054,0.00040685286512598395,0.00014084819122217596,0.00028819480212405324,0.0007604962447658181,0.01467837207019329,0.0004189981264062226
C:/Users/KUBA/GitProjects/WKIRO-Project/data/BD004/Session2/Overground_Run/Run_Fast/Post_Process/Run_Fast15.csv,2,BD004,Session2,overground,run,fast,1,BD004,1,BD004,0.841443657875061,2.2549606001120992e-05,0.841443657875061,0.0035190358757972717,0.00013394025154411793,0.0007954516331665218,0.002102266065776348,0.0010684927692636847,0.005310378968715668,0.00047072797315195203,0.0003826595493592322,0.0004578016814775765,0.008385628461837769,6.416339601855725e-05,0.009602382779121399,0.008138259872794151,0.04920164495706558,0.002078333171084523,0.027769675478339195,0.00012990061077289283,0.0027417391538619995,0.0030165831558406353,0.010519061237573624,0.003975186496973038,0.0002926910819951445,0.0005703328642994165,0.00016469621914438903,0.00031514634611085057,0.0008909088792279363,0.016126107424497604,0.0003107530064880848
C:/Users/KUBA/GitProjects/WKIRO-Project/data/BD004/Session2/Overground_Run/Run_Fast/Post_Process/Run_Fast3.csv,1,BD004,Session2,overground,run,fast,1,BD004,1,BD004,0.7097635865211487,1.0082950211653952e-05,0.7097635865211487,0.023340217769145966,0.0009897886775434017,0.005611158907413483,0.00976845808327198,0.004406910389661789,0.007017394527792931,0.003938853275030851,0.0018086624331772327,0.002340582897886634,0.006897760089486837,0.00022727427131030709,0.08070775121450424,0.0043622530065476894,0.07207141071557999,0.004972813650965691,0.014222213067114353,0.0004142231191508472,0.0029076833743602037,0.0011910635512322187,0.027007047086954117,0.002929644426330924,0.000379330653231591,0.0001729608338791877,0.0005401154048740864,0.0009060055017471313,0.0013983524404466152,0.007686067372560501,0.002010214375331998
C:/Users/KUBA/GitProjects/WKIRO-Project/data/BD004/Session2/Overground_Run/Run_Fast/Post_Process/Run_Fast5.csv,2,BD004,Session2,overground,run,fast,1,BD004,1,BD004,0.8415720462799072,2.1290285076247528e-05,0.8415720462799072,0.004226465243846178,0.0001389790268149227,0.0009393369546160102,0.002343356842175126,0.001332124462351203,0.005859455093741417,0.0004104188992641866,0.0004661005223169923,0.0005509488401003182,0.008523639291524887,7.78992980485782e-05,0.010552329011261463,0.008588548749685287,0.04306229576468468,0.001953315921127796,0.02824568748474121,0.00016038566536735743,0.003051220905035734,0.0027871320489794016,0.012280035763978958,0.003848342690616846,0.00030724634416401386,0.0005926530575379729,0.00019848404917865992,0.000359840109013021,0.0010030075209215283,0.016268404200673103,0.000279031228274107
C:/Users/KUBA/GitProjects/WKIRO-Project/data/BD004/Session2/Overground_Walk/Walk_Comfortable/Post_Process/Walk_Comfortable1.csv,4,BD004,Session2,overground,walk,comfortable,1,BD004,1,BD004,0.8434248566627502,2.182075877499301e-05,0.8434248566627502,0.003847906831651926,0.000128468731418252,0.0008544183219783008,0.0022079511545598507,0.0012596029555425048,0.005780999548733234,0.00037576095201075077,0.00042852023034356534,0.0005109307821840048,0.008645622991025448,7.37866066629067e-05,0.009522035717964172,0.009104538708925247,0.04123159870505333,0.001852524932473898,0.029368003830313683,0.00015052861999720335,0.00304242130368948,0.002864333800971508,0.011899352073669434,0.0038913730531930923,0.0003048487415071577,0.0006536440341733396,0.000186505465535447,0.0003432871017139405,0.000977177289314568,0.01679234206676483,0.00025486008962616324
C:/Users/KUBA/GitProjects/WKIRO-Project/data/BD004/Session2/Overground_Walk/Walk_Fast/Post_Process/Walk_Fast2.csv,3,BD004,Session2,overground,walk,fast,1,BD004,1,BD004,0.9999788403511047,2.367913807740929e-12,0.9999788403511047,6.830820353798117e-08,7.255592238131214e-10,6.028175903338706e-06,3.7276496556160055e-08,2.5009114223983886e-10,1.9386582152947085e-06,1.0119035209754657e-07,1.1968068314160973e-08,1.2917297453896026e-07,6.380942068062723e-07,1.5440715372960767e-09,6.522773987605035e-10,1.984275854738371e-09,1.0914375707216095e-05,5.504830014047002e-08,7.085966302611268e-08,4.220538141197494e-09,8.259602424232071e-08,1.1973842362067444e-08,6.79447850870929e-07,5.317076556821121e-09,1.9191066791268696e-10,4.89906319955935e-08,2.473072129305365e-07,3.99441324461236e-09,3.047421159863006e-08,3.751197041879095e-08,3.2623635348727476e-08
C:/Users/KUBA/GitProjects/WKIRO-Project/data/BD004/Session2/Treadmill_Walk/Treadmill_Walk_Slow/Post_Process/Treadmill_Walk_Slow.csv,119,BD004,Session2,treadmill,walk,slow,1,BD004,1,BD004,0.9999340176582336,9.806316349225686e-12,0.9999340176582336,3.489188316052605e-07,1.4929429914545267e-09,1.358145027552382e-06,2.517081725272874e-07,1.5036285549996364e-09,5.5233563216461334e-06,1.4130661440958647e-07,7.726177386757627e-08,2.3463621801056433e-07,3.674314541513013e-07,2.759055428569468e-09,9.199081496547024e-09,1.924503223449392e-08,3.324375575175509e-05,3.184042185466751e-08,2.432411520203459e-06,4.2195715366233344e-08,1.3372070952755166e-06,1.2449267217107263e-07,1.9503881958371494e-06,2.3813077731915655e-08,2.411437993732335e-10,3.4539348803264147e-07,1.7756785382516682e-05,4.850047030657834e-10,1.8568809423413768e-07,1.247081229394098e-07,7.496991827338206e-08
C:/Users/KUBA/GitProjects/WKIRO-Project/data/BL025/Session1/Overground_Run/Run_Comfortable/Post_Process/Run_Comfortable2.csv,2,BL025,Session1,overground,run,comfortable,2,BL025,2,BL025,0.9999769926071167,4.106667089720517e-11,1.110343372801026e-09,0.9999769926071167,1.2617626055089204e-08,1.8640497501110076e-07,1.4892814412248434e-11,3.263911016460064e-11,2.4054315830857043e-11,1.0017980889287514e-10,1.695963874226436e-05,3.911733585937327e-07,8.613217516995064e-08,2.2925054565803293e-07,1.3766663187197992e-07,4.9602038032503515e-09,1.3174592528031326e-09,1.0727276134048225e-07,3.2450719888998947e-10,5.021627771384374e-07,4.228557827445911e-06,4.475534526315883e-11,7.866912676846027e-10,7.415340785854596e-09,8.176693988559691e-09,2.993166270393033e-10,1.2966788176527189e-07,9.945654300125284e-10,1.2740577481906712e-08,3.3936231602638145e-10,4.9793875689374545e-08
C:/Users/KUBA/GitProjects/WKIRO-Project/data/BL025/Session1/Overground_Run/Run_Comfortable/Post_Process/Run_Comfortable8.csv,2,BL025,Session1,overground,run,comfortable,2,BL025,2,BL025,0.9999805092811584,1.2383143122018936e-10,7.248532885029135e-10,0.9999805092811584,1.5562184429995796e-08,3.983014806863139e-08,2.316897368404014e-11,5.0686968511293173e-11,6.884976096188655e-12,1.2869119658809325e-10,4.902050022792537e-06,2.7109131224278826e-06,1.529122073407052e-07,2.2969970814301632e-07,1.7504368088339106e-07,1.3241924889939582e-08,4.791318897190422e-09,1.4241376788959315e-07,5.930916868734926e-10,2.65711122438006e-07,1.0701165592763573e-05,3.994189007316962e-11,2.5923094781887812e-09,9.71113500725096e-09,1.7035571175938458e-08,1.9468954226553592e-10,1.1253707299374582e-07,2.2751274475485417e-10,5.914951195507001e-09,1.936720339656972e-09,3.2656242154871507e-08
C:/Users/KUBA/GitProjects/WKIRO-Project/data/BL025/Session1/Overground_Run/Run_Fast/Post_Process/Run_Fast1.csv,1,BL025,Session1,overground,run,fast,2,BL025,2,BL025,0.6274210214614868,0.01456232089549303,0.00028458572342060506,0.6274210214614868,0.0006336515652947128,0.04360509291291237,3.861552249873057e-05,0.00013986103294882923,0.0026499794330447912,0.00020609849889297038,0.006233787164092064,0.045751944184303284,0.0008231166284531355,0.04197241738438606,0.02807433158159256,0.00011096210801042616,0.003549946006387472,7.074009045027196e-05,0.00257173296995461,0.009320477023720741,0.006584490649402142,0.0016875104047358036,0.000529594486579299,0.0002139327843906358,0.004492416046559811,5.1603845349745825e-05,0.1377953737974167,0.011749989353120327,0.0020575998350977898,0.003142037894576788,0.0036746759433299303
C:/Users/KUBA/GitProjects/WKIRO-Project/data/BL025/Session1/Overground_Walk/Walk_Comfortable/Post_Process/Walk_Comfortable6.csv,5,BL025,Session1,overground,walk,comfortable,2,BL025,2,BL025,0.9999479055404663,2.365877715959641e-09,2.6107940698238963e-08,0.9999479055404663,5.400591476245609e-07,4.288927755169425e-07,7.869400270310578e-11,2.395839526769805e-09,4.803683562037975e-10,8.559848829747807e-09,6.522691364807542e-06,1.6344887626473792e-05,2.1237242719962524e-07,2.6137697659578407e-06,8.809816790744662e-06,3.064561155952106e-07,1.7077920233532495e-07,1.4413774351851316e-06,1.3895764539029187e-08,3.3621006423345534e-07,4.736236405733507e-06,1.7361667659088198e-10,9.373641418619627e-09,3.667925341233058e-07,1.7692963183435495e-07,5.406671998997581e-09,8.467106454190798e-06,1.769229029946473e-08,5.58995338906243e-08,5.0065001033772205e-08,4.5051046981825493e-07
C:/Users/KUBA/GitProjects/WKIRO-Project/data/BL025/Session1/Overground_Walk/Walk_Fast/Post_Process/Walk_Fast4.csv,4,BL025,Session1,overground,walk,fast,2,BL025,2,BL025,0.9999819397926331,8.862832689970901e-10,6.588780632199587e-10,0.9999819397926331,4.932373443011784e-08,1.4052434949007875e-07,5.1236334619453316e-11,1.9467180645271753e-10,2.705908240530075e-11,2.5236551737251034e-10,9.826355835684808e-07,8.651690222905017e-06,4.313032420100171e-08,4.1035713138626306e-07,3.91073399441666e-06,1.6197870422729466e-07,5.220170073982899e-09,8.065833867476613e-08,1.96896587922879e-09,6.619602288537862e-08,2.495541139069246e-06,3.642106408130452e-11,4.349852034124524e-09,6.092169257954083e-08,4.04989606295203e-08,5.220228138647087e-10,7.573182756459573e-07,2.0206122997024067e-08,9.221142249771219e-08,1.433407792461594e-08,7.105447252797603e-08
C:/Users/KUBA/GitProjects/WKIRO-Project/data/BL025/Session1/Overground_Walk/Walk_Fast/Post_Process/Walk_Fast7.csv,4,BL025,Session1,overground,walk,fast,2,BL025,2,BL025,0.8193503022193909,0.0003434186219237745,0.0008288422832265496,0.8193503022193909,4.572430771077052e-05,0.042517684400081635,0.0001359271554974839,1.0798152288771234e-05,0.0028761832509189844,1.8994329366250895e-05,0.0005135240498930216,0.0477973148226738,0.0011185421608388424,0.004025483038276434,0.0436876006424427,9.361746378999669e-06,0.0001761245512170717,5.175776095711626e-06,0.004707047715783119,0.0006326119182631373,0.0006615443271584809,0.0016578411450609565,0.0015355630312114954,0.0003449643263593316,0.00609167292714119,2.9703901418542955e-06,0.004753196612000465,0.011739726178348064,0.00034543531364761293,0.0036664821673184633,0.00039992795791476965
C:/Users/KUBA/GitProjects/WKIRO-Project/data/BL025/Session1/Overground_Walk/Walk_Fast/Post_Process/Walk_Fast8.csv,4,BL025,Session1,overground,walk,fast,2,BL025,2,BL025,0.9999772310256958,1.2543779348561657e-09,5.590117813092377e-10,0.9999772310256958,2.7830449056409634e-08,1.0969657182613446e-07,1.37469141972546e-11,9.989495342033194e-11,1.958195931794915e-11,1.329603926958356e-10,1.63845072620461e-06,9.06107834452996e-06,2.0641843789803715e-08,6.583392746506433e-07,5.423458333098097e-06,3.8415585379425465e-08,1.6836433358591307e-09,4.720374846556297e-08,1.6743054720436135e-09,8.05732440767315e-08,3.7164518289500847e-06,1.6619264991968308e-11,1.5725796220777966e-09,5.045466622277672e-08,3.4781564295371936e-08,3.32109034717476e-10,1.6728141645216965e-06,9.045040272326332e-09,9.096771691474714e-08,1.0422039231627878e-08,3.528275627218136e-08
C:/Users/KUBA/GitProjects/WKIRO-Project/data/BL025/Session1/Overground_Walk/Walk_Slow/Post_Process/Walk_Slow1.csv,9,BL025,Session1,overground,walk,slow,2,BL025,2,BL025,0.7398741245269775,0.0007894444861449301,0.0005771659780293703,0.7398741245269775,5.397881614044309e-05,0.03191481530666351,0.00010144892439711839,3.07591435557697e-05,0.005173405632376671,8.317797437484842e-06,0.00042560711153782904,0.056433454155921936,0.0008759100455790758,0.004750062711536884,0.058681827038526535,2.7892852813238278e-05,9.188231342704967e-05,2.9483187518053455e-06,0.012181421741843224,0.0007944454555399716,0.000605695357080549,0.0020808945409953594,0.001361691509373486,0.0006204365054145455,0.015134705230593681,8.38321284390986e-06,0.021814925596117973,0.031210489571094513,0.0017505525611341,0.012429744005203247,0.0001935330656124279
C:/Users/KUBA/GitProjects/WKIRO-Project/data/BL025/Session1/Treadmill_Walk/Treadmill_Walk_Fast/Post_Process/Treadmill_Walk_Fast.csv,121,BL025,Session1,treadmill,walk,fast,2,BL025,2,BL025,0.9999309778213501,2.3801522974764566e-09,4.884673776572868e-10,0.9999309778213501,1.1287166756801525e-07,1.5819276555362194e-08,1.4027295991425603e-10,8.640115289892947e-10,3.832087772104309e-11,1.7622192594046737e-10,5.217428679316072e-06,1.3395145288086496e-05,3.946888682548888e-08,2.1477430323102453e-07,1.7994943846133538e-05,4.192446851902787e-07,4.659665719941586e-08,3.5583471458267013e-07,5.737767949653971e-08,5.345034423953621e-07,1.5625369996996596e-05,1.6514670186928981e-10,1.672774141425748e-09,7.9246331097238e-07,6.601231206104785e-08,2.042505942156936e-09,1.405345756211318e-05,3.0549400786838987e-09,6.489283066457574e-08,1.4054019281672936e-08,1.517248016114081e-08
C:/Users/KUBA/GitProjects/WKIRO-Project/data/BL025/Session2/Overground_Run/Run_Comfortable/Post_Process/Run_Comfortable2.csv,2,BL025,Session2,overground,run,comfortable,2,BL025,2,BL025,0.9999828338623047,7.368890497794212e-10,3.996727115929133e-10,0.9999828338623047,3.947920035329844e-08,5.8927479784642856e-08,2.593937911687938e-11,8.310942489764273e-10,4.6581381113464104e-11,5.749493936502148e-11,7.832305527699646e-06,1.493201693847368e-06,3.206883292250495e-08,1.9686788164108293e-06,1.0880888794417842e-06,5.715964590535805e-08,2.1774950731412446e-09,1.0004269768160157e-07,1.3479976024299845e-09,5.040880068918341e-07,2.280405396959395e-06,6.99153512861983e-11,1.4493671818271991e-09,3.1281537360428047e-08,6.437468869080476e-08,1.1319100101658819e-09,1.500526423114934e-06,5.266048930252509e-09,6.26026235295285e-08,4.6373673789901204e-09,5.410678483031006e-08
C:/Users/KUBA/GitProjects/WKIRO-Project/data/BL025/Session2/Overground_Run/Run_Fast/Post_Process/Run_Fast3.csv,1,BL025,Session2,overground,run,fast,2,BL025,2,BL025,0.7887665629386902,0.0003534291172400117,0.003660699585452676,0.7887665629386902,0.000338073936291039,0.06018922105431557,0.0005871565663255751,4.058425474795513e-05,0.0024584687780588865,0.0001737998245516792,0.0003365332668181509,0.05427735671401024,0.002741711214184761,0.0027863639406859875,0.04360613599419594,4.15512768086046e-05,0.0008607453783042729,3.4973407309735194e-05,0.004775484092533588,0.000315370736643672,0.0004262689035385847,0.0021563933696597815,0.0034950915724039078,0.0008306682575494051,0.00749653996899724,9.912117093335837e-06,0.003712759353220463,0.011450313031673431,0.00021755995112471282,0.0034151519648730755,0.00044508621795102954
C:/Users/KUBA/GitProjects/WKIRO-Project/data/BL025/Session2/Overground_Walk/Walk_Fast/Post_Process/Walk_Fast6.csv,2,BL025,Session2,overground,walk,fast,2,BL025,2,BL025,0.9999644756317139,3.63883978504731e-10,1.3462718717605071e-09,0.9999644756317139,1.4522946401029913e-07,2.5059677000172087e-07,1.424079344031215e-11,3.5895045269462855e-10,1.0401597638765026e-10,3.973999462836275e-10,2.9049956538074184e-06,2.9456671200023266e-06,3.52217988108805e-09,7.003096470725723e-06,8.822210020298371e-07,2.1604003919151182e-08,2.689766187558007e-10,2.6384814333368922e-08,2.1142756989611655e-10,9.003318268696603e-07,1.5072988389874808e-05,3.600799779873709e-12,2.3090689360572014e-09,1.4388631397466156e-09,5.577313899607361e-08,2.2582523351299955e-10,4.785390501638176e-06,1.7244266459215396e-08,5.100125690660207e-07,1.7164058618845957e-08,9.414776513949619e-08
C:/Users/KUBA/GitProjects/WKIRO-Project/data/BL025/Session2/Overground_Walk/Walk_Slow/Post_Process/Walk_Slow5.csv,9,BL025,Session2,overground,walk,slow,2,BL025,2,BL025,0.5902607440948486,0.0015510456869378686,0.0002576846454758197,0.5902607440948486,9.852793300524354e-05,0.01600697636604309,7.644078868906945e-05,7.740444561932236e-05,0.009957713074982166,3.0219978270906722e-06,0.000283335946733132,0.0678572952747345,0.00048255641013383865,0.0070244427770376205,0.0890091136097908,7.159623055486009e-05,3.9512287912657484e-05,1.5908741488601663e-06,0.023749954998493195,0.0011854725889861584,0.00048088235780596733,0.003049801103770733,0.0010898173786699772,0.0010773875983431935,0.03081795573234558,2.137374394806102e-05,0.055272169411182404,0.06456900388002396,0.005049446132034063,0.03047633171081543,0.00010141819075215608
C:/Users/KUBA/GitProjects/WKIRO-Project/data/CF027/Session1/Overground_Run/Run_Comfortable/Post_Process/Run_Comfortable3.csv,2,CF027,Session1,overground,run,comfortable,3,CF027,3,CF027,0.9999357461929321,1.7648831729388803e-08,3.392451944361774e-11,1.6919005929594277e-07,0.9999357461929321,3.569153306237638e-11,3.863843573981285e-07,5.526364111574367e-05,1.5389206575733283e-09,1.0486616019989015e-06,1.966253790897099e-07,4.4258968712185265e-10,2.0453732041403327e-09,1.7398602381035744e-07,2.2245050246283427e-09,3.749073496095434e-09,1.2756417255843644e-08,4.0088330024445895e-06,4.140821019404939e-10,1.1016347798431525e-06,6.186400725027852e-08,6.317150136325722e-10,1.428751561505237e-09,3.4917177482718387e-10,1.2135282112524237e-08,1.107600610339432e-06,2.3986173047774173e-09,8.264329220963873e-10,1.5934521480076569e-09,6.369076932521978e-10,7.725233217570349e-07
C:/Users/KUBA/GitProjects/WKIRO-Project/data/CF027/Session1/Overground_Run/Run_Fast/Post_Process/Run_Fast6.csv,1,CF027,Session1,overground,run,fast,3,CF027,3,CF027,0.9994986057281494,1.577699038080027e-07,4.0413667967698075e-09,8.038497298912262e-07,0.9994986057281494,2.080431243944858e-10,8.319358312292024e-05,5.37592641194351e-05,5.860548490943529e-09,9.819824481382966e-05,9.278767720388714e-06,1.145449779471619e-08,4.297430677979719e-08,1.040081315295538e-06,2.2215228767663575e-08,1.27451169618098e-08,3.123892966527819e-08,0.0001864398072939366,7.396909751378189e-08,2.206996441600495e-06,6.57895100175665e-07,1.0579129933185882e-10,1.0037246767069519e-07,4.0468433049056785e-09,1.053801579331548e-08,1.1535785233718343e-06,2.910944196798937e-08,1.3318836700193515e-08,2.4920043983911455e-07,9.224417896191994e-10,6.396686512744054e-05
C:/Users/KUBA/GitProjects/WKIRO-Project/data/CF027/Session1/Overground_Walk/Walk_Comfortable/Post_Process/Walk_Comfortable8.csv,6,CF027,Session1,overground,walk,comfortable,3,CF027,3,CF027,0.5204586386680603,7.367839134531096e-05,0.00016495463205501437,0.00024362298427149653,0.5204586386680603,0.0004314816615078598,0.007511856034398079,0.19044344127178192,0.0010304953902959824,0.05344749987125397,0.0031765419989824295,0.0004278537817299366,3.765189103432931e-05,0.012738663703203201,0.0003115238796453923,0.021502362564206123,0.001602719072252512,0.020711349323391914,1.9420383978285827e-05,0.005576319992542267,0.0007322337478399277,0.00015439886192325503,0.0020648129284381866,3.976067091571167e-05,7.701710273977369e-05,0.03758147358894348,0.0005967837641946971,0.00024022487923502922,0.001108545926399529,0.00022767792688682675,0.11726704984903336
C:/Users/KUBA/GitProjects/WKIRO-Project/data/CF027/Session1/Overground_Walk/Walk_Fast/Post_Process/Walk_Fast6.csv,2,CF027,Session1,overground,walk,fast,3,CF027,3,CF027,0.9999728798866272,3.0936195827280244e-08,4.4683468036765817e-10,5.133762215336901e-07,0.9999728798866272,5.243994474768421e-11,7.270061814779183e-07,1.2926135468660505e-06,2.397093412653817e-09,7.849464054743294e-06,2.1362939151003957e-07,1.8575618820904083e-09,5.639595457296309e-09,9.324884331363137e-08,1.7979544519874935e-09,1.3107595009387296e-09,1.4871910813951672e-08,1.2056105333613232e-05,1.9686210439573415e-09,3.997835165137076e-07,8.603605294865702e-08,5.75480774145376e-11,1.510843561369768e-09,2.4558372002658757e-10,2.5984570051207356e-09,1.9937654371915414e-07,2.5902641809238958e-08,1.5516836704421166e-09,1.9632100389799234e-08,7.768501397720229e-10,3.661051096059964e-06
C:/Users/KUBA/GitProjects/WKIRO-Project/data/CF027/Session1/Treadmill_Walk/Treadmill_Walk_Fast/Post_Process/Treadmill_Walk_Fast.csv,119,CF027,Session1,treadmill,walk,fast,3,CF027,3,CF027,0.9999756813049316,1.566148277731827e-08,2.2536141008888677e-10,1.966842688716497e-07,0.9999756813049316,1.734112506368568e-11,3.362979157373047e-07,1.5188638826657552e-06,1.3116445707339608e-09,1.8617412251842325e-06,1.0207333644984828e-07,7.218266540043317e-10,2.0474819617533058e-09,3.177487073457996e-08,7.342993990633317e-10,1.3022920519745185e-09,2.0070251238735182e-08,1.766289096849505e-05,1.235943902777592e-09,1.9626487812729465e-07,4.211661774888853e-08,6.972517702097392e-11,4.526208574606727e-10,2.769247331446678e-10,1.2107145286321952e-09,1.4894669675413752e-07,9.436878833923856e-09,4.5985151797545143e-10,5.9551270581437166e-09,5.494852350906854e-10,2.2856938812765293e-06
C:/Users/KUBA/GitProjects/WKIRO-Project/data/CF027/Session2/Overground_Run/Run_Comfortable/Post_Process/Run_Comfortable3.csv,2,CF027,Session2,overground,run,comfortable,3,CF027,3,CF027,0.3502234220504761,0.0002489648759365082,0.0003297734656371176,0.00018728076247498393,0.3502234220504761,0.00031965633388608694,0.00620469031855464,0.18482708930969238,0.001758501515723765,0.033640261739492416,0.002674093935638666,0.0003849300555884838,9.210525604430586e-05,0.012780051678419113,0.00020375796884763986,0.07383111119270325,0.002039874903857708,0.022094544023275375,6.780746480217203e-05,0.006113071925938129,0.0015052193775773048,0.000550584401935339,0.0024755429476499557,9.772726480150595e-05,0.00014369153359439224,0.21476800739765167,0.00061824731528759,0.00029139636899344623,0.0017946045845746994,0.0007252981304191053,0.07900872081518173
C:/Users/KUBA/GitProjects/WKIRO-Project/data/CF027/Session2/Overground_Run/Run_Fast/Post_Process/Run_Fast3.csv,1,CF027,Session2,overground,run,fast,3,CF027,3,CF027,0.41537612676620483,0.0004106147098354995,9.870992653304711e-05,0.0005934342043474317,0.41537612676620483,0.0007344139739871025,0.015430108644068241,0.24843448400497437,0.0010073272278532386,0.07033167034387589,0.008879284374415874,0.0013087033294141293,0.00010524104436626658,0.03761793300509453,0.001052801962941885,0.03178855776786804,0.0010607765289023519,0.01252762321382761,9.794867219170555e-05,0.01408791821449995,0.0021284238900989294,0.00018804323917720467,0.005845436826348305,0.00014166822074912488,0.0003760938416235149,0.048946741968393326,0.002673256443813443,0.0009524224442429841,0.005648922640830278,0.0003120694018434733,0.07184329628944397
C:/Users/KUBA/GitProjects/WKIRO-Project/data/CF027/Session2/Overground_Run/Run_Fast/Post_Process/Run_Fast6.csv,1,CF027,Session2,overground,run,fast,3,CF027,3,CF027,0.99626225233078,5.744208010582952e-06,4.950317489260669e-09,3.43672877534118e-06,0.99626225233078,6.203582092467741e-10,0.0010797864524647593,0.0010832437546923757,1.4247899571273592e-07,0.0002992649679072201,5.619797775580082e-06,2.0256445409927437e-08,1.1975267000252643e-07,3.228788045817055e-06,2.0133194311711122e-07,1.1385186837742367e-07,3.323316022374456e-08,0.0010503109078854322,5.731799319619313e-07,3.171271237079054e-05,1.028046654028003e-06,6.68710420370644e-10,1.115491386372014e-06,1.801693549907668e-08,3.5227967032369634e-07,5.786886958958348e-06,8.567378273482973e-08,2.9521521582864807e-07,2.9173622806411004e-06,7.980188954093137e-09,0.0001625109143787995
C:/Users/KUBA/GitProjects/WKIRO-Project/data/CF027/Session2/Overground_Run/Run_Fast/Post_Process/Run_Fast7.csv,1,CF027,Session2,overground,run,fast,3,CF027,24,RV028,0.2783552408218384,0.0007914903690107167,0.0010438624303787947,0.00012742723629344255,0.2623814642429352,0.0002576478582341224,0.006434954237192869,0.08694925159215927,0.0019647658336907625,0.0508878119289875,0.0020738679450005293,0.00025879565509967506,0.0002659890160430223,0.008078659884631634,0.00014702901535201818,0.09882491081953049,0.009018550626933575,0.05918710678815842,0.00013596277858596295,0.0038282768800854683,0.0022289983462542295,0.002339745871722698,0.0024995277635753155,0.0002742120123002678,0.00020812355796806514,0.2783552408218384,0.00031414715340361,0.00023522925039287657,0.0015290160663425922,0.00133415125310421,0.11802371591329575
C:/Users/KUBA/GitProjects/WKIRO-Project/data/CF027/Session2/Overground_Walk/Walk_Comfortable/Post_Process/Walk_Comfortable4.csv,4,CF027,Session2,overground,walk,comfortable,3,CF027,3,CF027,0.9999735951423645,6.3821490314808216e-09,2.214255168109247e-10,1.1399214372431743e-07,0.9999735951423645,9.055559253845491e-12,2.416396398530196e-07,1.250048967449402e-06,9.73934377590524e-10,1.2640606428249157e-06,3.728278485937153e-08,5.889101428735444e-10,8.248501326413304e-10,1.2317665998295979e-08,5.712045836325785e-10,1.6441824568502739e-09,4.87627502820942e-08,2.0085884898435324e-05,1.1737036897940811e-09,8.712398624766138e-08,2.6691260757161217e-08,7.562393072868545e-11,3.4031327755812413e-10,3.4074382204707376e-10,6.197247715000742e-10,1.3390219066877762e-07,3.963353201186237e-09,2.696074474783927e-10,2.8995568168710406e-09,4.891303473364417e-10,3.1196764211927075e-06
C:/Users/KUBA/GitProjects/WKIRO-Project/data/CF027/Session2/Overground_Walk/Walk_Fast/Post_Process/Walk_Fast8.csv,3,CF027,Session2,overground,walk,fast,3,CF027,3,CF027,0.9999690055847168,7.089362696888202e-08,2.6894064752980285e-10,1.6888755283162027e-07,0.9999690055847168,1.5247096987747177e-11,5.302400154505449e-07,2.787006678772741e-06,1.5115340090687823e-09,2.6863629045692505e-06,1.0841286979257347e-07,7.537204749219484e-10,4.997563252118198e-09,3.835831918763688e-08,7.796083223432504e-10,2.773161922320355e-09,3.134914194902194e-08,2.205274358857423e-05,2.9092628306415236e-09,2.1918879156146431e-07,7.73177575297268e-08,1.6403782499008202e-10,7.171439553310677e-10,7.348102126769618e-10,2.05888683879607e-09,3.2702806151974073e-07,1.0348450985020463e-08,5.174948247699263e-10,8.405427465163484e-09,1.164332963377035e-09,1.937070692292764e-06
C:/Users/KUBA/GitProjects/WKIRO-Project/data/CF027/Session2/Overground_Walk/Walk_Slow/Post_Process/Walk_Slow5.csv,8,CF027,Session2,overground,walk,slow,3,CF027,3,CF027,0.5225095748901367,7.139959780033678e-05,0.0001642119896132499,0.00023532840714324266,0.5225095748901367,0.00042346585541963577,0.0075196269899606705,0.18624047935009003,0.0009909684304147959,0.05634269863367081,0.003100311616435647,0.00041472393786534667,3.7272737245075405e-05,0.012017974629998207,0.0003148124669678509,0.020545344799757004,0.0016620145179331303,0.021104518324136734,1.8812930647982284e-05,0.005293740890920162,0.0006971125840209424,0.0001509599678684026,0.00200098380446434,3.969117096858099e-05,7.452210411429405e-05,0.035283394157886505,0.0005688730161637068,0.0002321152132935822,0.0010563518153503537,0.00021660950733348727,0.12067210674285889
C:/Users/KUBA/GitProjects/WKIRO-Project/data/CF027/Session2/Treadmill_Run/Treadmill_Run_Comfortable/Post_Process/Treadmill_Run_Comfortable.csv,119,CF027,Session2,treadmill,run,comfortable,3,CF027,3,CF027,0.9999673962593079,1.663938675733334e-08,1.317337905426541e-10,6.813417030571145e-08,0.9999673962593079,1.120052054576215e-11,3.936852692731918e-07,1.2862918993050698e-05,1.9151236152481488e-09,7.015745495664305e-07,3.965813988315858e-08,1.801524207589722e-10,2.2612745009809032e-09,4.844098455691892e-08,3.9747846680704413e-10,7.1089529818380015e-09,2.170471269380414e-08,1.6201231119339354e-05,9.732001871043394e-10,1.953281554278874e-07,4.138312803547706e-08,4.032101319495496e-10,7.113212241449673e-10,4.1960282470832055e-10,4.127535646603064e-09,1.0426923608974903e-06,1.2174025121325371e-09,8.146869845404581e-10,2.729656500832789e-09,1.3079041183416962e-09,1.040043684952252e-06
C:/Users/KUBA/GitProjects/WKIRO-Project/data/CL007/Session1/Overground_Run/Run_Fast/Post_Process/Run_Fast4.csv,2,CL007,Session1,overground,run,fast,4,CL007,4,CL007,0.9999859929084778,4.5230869050172373e-10,4.197886028123321e-06,2.1447075226888046e-09,3.528813907749395e-09,0.9999859929084778,1.675377836463099e-09,7.159847020821175e-11,1.1790431386771161e-07,6.64753883938829e-07,3.218536548388329e-08,7.143538596210419e-07,3.7152162803977262e-06,7.01927227453325e-09,4.992457836028308e-11,4.393188479667742e-09,7.67037100501966e-09,3.27883586948019e-09,3.6234249108091365e-12,1.4000572923222876e-10,6.846775368885005e-10,3.1646272873331327e-06,5.091692845127227e-09,3.3640449714766874e-07,1.5061833380514145e-07,2.324978209955475e-09,1.1808924504919105e-08,8.196618068723183e-07,1.9066129230971285e-10,3.221193589642013e-10,3.011713989309328e-09
C:/Users/KUBA/GitProjects/WKIRO-Project/data/CL007/Session1/Overground_Run/Run_Fast/Post_Process/Run_Fast6.csv,1,CL007,Session1,overground,run,fast,4,CL007,4,CL007,0.9999419450759888,1.0532008598573839e-10,3.457846275978227e-07,3.556329986054152e-08,3.5292233024897257e-10,0.9999419450759888,2.4635988804533326e-09,2.7400427846796527e-12,4.565192455174838e-07,2.4412733168333034e-08,5.679271808389785e-08,3.31627097693854e-06,9.329455110673734e-07,1.1471994465495072e-09,1.2219542044888954e-09,5.485206178157398e-10,1.850172814954476e-08,9.844428383587456e-09,2.900406997907723e-11,3.802694964472053e-11,2.0106192266666767e-09,2.4331689019163605e-06,2.2122522480572115e-08,3.0271919513324974e-06,2.8629008852476545e-07,3.8752129283281533e-10,4.305356959832807e-09,4.7105881094466895e-05,1.2310753527700058e-09,6.119377782276558e-10,3.9736590906613856e-08
C:/Users/KUBA/GitProjects/WKIRO-Project/data/CL007/Session1/Overground_Run/Run_Fast/Post_Process/Run_Fast7.csv,1,CL007,Session1,overground,run,fast,4,CL007,4,CL007,0.4542315900325775,0.004552511498332024,3.2375523005612195e-05,0.019986789673566818,0.0002300222695339471,0.4542315900325775,0.0007148590520955622,6.019541251589544e-05,0.0031457473523914814,7.444166840286925e-05,0.0025099129416048527,0.30385109782218933,0.004244971089065075,0.0006545992800965905,0.0029077541548758745,9.787596582100377e-07,2.8747261239914224e-05,5.253923882264644e-05,0.00019257664098404348,0.0019544761162251234,7.85590527812019e-05,0.01440105028450489,0.00014709666720591486,0.0021991801913827658,0.07940983772277832,2.1763651602668688e-05,0.0002588835486676544,0.10246450453996658,5.1646711654029787e-05,0.0002840916276909411,0.001257256488315761
C:/Users/KUBA/GitProjects/WKIRO-Project/data/CL007/Session1/Overground_Walk/Walk_Comfortable/Post_Process/Walk_Comfortable2.csv,3,CL007,Session1,overground,walk,comfortable,4,CL007,4,CL007,0.9999969601631165,1.8023994796667608e-10,6.037614639353706e-07,2.2308475067234212e-09,6.896535009737192e-10,0.9999969601631165,1.1083135520451037e-09,1.42617272158585e-11,5.0034017817779386e-08,6.820705777954572e-08,4.776634554559678e-08,2.8759356496266264e-07,4.5462266484719294e-07,4.2925329957199665e-10,1.093336740587425e-10,1.5115438900537015e-09,8.889159630598442e-09,2.8011701846963888e-09,1.983946860961705e-12,8.026362907642692e-11,2.3636598234233475e-10,7.765681289129134e-07,1.270778260398231e-09,3.446254766004131e-07,1.037019572436293e-07,2.4087409844497643e-09,4.722782609434262e-09,2.879484952700295e-07,3.110852894727678e-11,4.170541342829459e-11,2.4689421618262486e-09
C:/Users/KUBA/GitProjects/WKIRO-Project/data/CL007/Session1/Overground_Walk/Walk_Fast/Post_Process/Walk_Fast6.csv,2,CL007,Session1,overground,walk,fast,4,CL007,4,CL007,0.9999955892562866,4.924736174416466e-10,5.614816700472147e-07,3.682583571418263e-09,1.1473589855981459e-09,0.9999955892562866,4.1739203204826936e-09,1.385911611168078e-11,1.0111608617080492e-07,5.97756013576145e-08,3.924978031477622e-08,3.2889570888983144e-07,6.719030238855339e-07,3.4481723032442346e-10,1.6257963031396372e-10,4.13125000875425e-09,8.135101481343554e-09,5.222931420689747e-09,4.2760933682828295e-12,1.223024320706756e-10,2.487085259961219e-10,1.2857399269705638e-06,2.236937302058095e-09,5.663983984049992e-07,9.658899102760188e-08,6.183305867324407e-09,7.047605166121684e-09,6.562878525073756e-07,9.676633799804435e-11,1.345788064321951e-10,2.1984747355929812e-09
C:/Users/KUBA/GitProjects/WKIRO-Project/data/CL007/Session1/Overground_Walk/Walk_Slow/Post_Process/Walk_Slow7.csv,6,CL007,Session1,overground,walk,slow,4,CL007,4,CL007,0.45825091004371643,0.005052053369581699,2.773675623757299e-05,0.014785644598305225,0.00013167214638087898,0.45825091004371643,0.00044418885954655707,4.5121483708499e-05,0.0025742824655026197,4.058101330883801e-05,0.001794434618204832,0.2927681505680084,0.003749905154109001,0.0004736246482934803,0.002134101465344429,8.225873102674086e-07,2.326028152310755e-05,3.222670056857169e-05,0.00018079264555126429,0.0013671288033947349,6.196884351084009e-05,0.015227649360895157,0.00011050880857510492,0.0021651575807482004,0.09003130346536636,1.770681956259068e-05,0.00023383107327390462,0.10728832334280014,3.9073220250429586e-05,0.0002924339787568897,0.0006554063875228167
C:/Users/KUBA/GitProjects/WKIRO-Project/data/CL007/Session2/Overground_Run/Run_Comfortable/Post_Process/Run_Comfortable1.csv,2,CL007,Session2,overground,run,comfortable,4,CL007,4,CL007,0.45885971188545227,0.004937999881803989,2.7712605515262112e-05,0.01490558311343193,0.00010682249558158219,0.45885971188545227,0.00035366532392799854,3.869191277772188e-05,0.0025447360239923,3.257076605223119e-05,0.0015082615427672863,0.2961304187774658,0.003643493866547942,0.00039440966793335974,0.0021504154428839684,6.675261943200894e-07,2.41064844885841e-05,2.4883865989977494e-05,0.00017860610387288034,0.0011147719342261553,5.0234608352184296e-05,0.014396021142601967,9.098229929804802e-05,0.00213152589276433,0.08894255757331848,1.3747227058047429e-05,0.00025135677424259484,0.10630086064338684,3.1028339435579255e-05,0.0002865979331545532,0.0005275204894132912
C:/Users/KUBA/GitProjects/WKIRO-Project/data/CL007/Session2/Overground_Run/Run_Comfortable/Post_Process/Run_Comfortable4.csv,2,CL007,Session2,overground,run,comfortable,4,CL007,4,CL007,0.9999834895133972,1.2478235111856861e-09,1.253706841453095e-06,1.8245749799916666e-08,1.5207403114558815e-09,0.9999834895133972,2.0143759993374033e-09,1.0139062332770177e-11,9.73696842265781e-07,1.2112815284126555e-07,1.5963566468712997e-08,3.5012666899092437e-07,5.268001359581831e-07,1.3938915577327293e-09,4.635130335106652e-10,2.967029288925005e-09,7.489644460179079e-09,5.477157394295773e-09,2.5905860789876556e-11,8.467884726748309e-11,4.338857051422451e-10,4.663351774070179e-06,3.416634530850615e-09,2.1908190319663845e-06,2.985592004733917e-07,4.145815246658913e-09,1.723904397010756e-08,6.047833267075475e-06,6.414674347254845e-10,1.3863310499573345e-09,1.9140469209588673e-09
C:/Users/KUBA/GitProjects/WKIRO-Project/data/CL007/Session2/Overground_Run/Run_Fast/Post_Process/Run_Fast11.csv,1,CL007,Session2,overground,run,fast,4,CL007,4,CL007,0.48769479990005493,0.006097324192523956,3.367830504430458e-05,0.01554778404533863,0.00019690042245201766,0.48769479990005493,0.00045283581130206585,2.9549111786764115e-05,0.0023216677363961935,0.00010349882359150797,0.0013904105871915817,0.26641035079956055,0.003841614117845893,0.0003332183405291289,0.0032887717243283987,4.955302301823394e-07,5.6935135944513604e-05,5.071483610663563e-05,0.00015922631428111345,0.000844175519887358,3.9848091546446085e-05,0.01917342096567154,7.849447138141841e-05,0.00268841115757823,0.08979673683643341,8.407235327467788e-06,0.0002083011786453426,0.09730132669210434,2.6821357096196152e-05,0.0002718364994507283,0.001552318804897368
C:/Users/KUBA/GitProjects/WKIRO-Project/data/CL007/Session2/Overground_Walk/Walk_Fast/Post_Process/Walk_Fast2.csv,3,CL007,Session2,overground,walk,fast,4,CL007,4,CL007,0.9983072876930237,6.987153824411507e-07,2.686990592337679e-05,6.64392871385644e-07,1.5696701893830323e-07,0.9983072876930237,4.706612060090265e-07,2.072615679082901e-08,8.511210580763873e-06,7.514927801821614e-06,8.437561405116867e-07,0.00013404259516391903,5.8247765991836786e-05,2.2123784049199458e-07,1.7236459370906232e-08,4.717972501566692e-08,2.680348814010358e-07,3.3092229045905697e-07,5.587272311480262e-10,1.508783675774339e-08,2.0832876757026497e-08,2.528135519241914e-05,3.0271380069279985e-07,5.078658432466909e-06,0.001238935044966638,2.2371426666722982e-07,1.2662126209761482e-06,0.0001824026694521308,1.9844019760739684e-09,3.95736741154451e-08,1.6385691026243876e-07
C:/Users/KUBA/GitProjects/WKIRO-Project/data/CL007/Session2/Overground_Walk/Walk_Fast/Post_Process/Walk_Fast6.csv,2,CL007,Session2,overground,walk,fast,4,CL007,4,CL007,0.9999957084655762,6.271617669639795e-10,7.484793513867771e-07,4.880279735886006e-09,1.0362888325232689e-09,0.9999957084655762,1.444414143847439e-09,9.985582673233129e-12,2.5536581915730494e-07,7.525583356482457e-08,3.2266051164242526e-08,2.2080777739574842e-07,6.25844108981255e-07,5.809751568719435e-10,1.2414883010514188e-10,1.7676853314441132e-09,8.459692502071903e-09,1.5897164695743982e-09,8.09259950718122e-12,1.000092370029293e-10,1.387079756609566e-10,8.689517017046455e-07,1.2167575835775324e-09,6.326630455077975e-07,1.5184721746663854e-07,3.770949330572648e-09,3.373753543201019e-08,7.046839982649544e-07,1.1632726726329423e-10,8.480954827305709e-11,2.9059377126827712e-09
C:/Users/KUBA/GitProjects/WKIRO-Project/data/CL007/Session2/Overground_Walk/Walk_Fast/Post_Process/Walk_Fast7.csv,3,CL007,Session2,overground,walk,fast,4,CL007,26,SM019,0.2641874849796295,0.013307922519743443,1.4208538232196588e-05,0.00887354463338852,0.0001651121856411919,0.20132072269916534,0.00019534277089405805,9.598496399121359e-05,0.00417367136105895,1.4015216038387734e-05,0.0007424320210702717,0.24832630157470703,0.0020395417232066393,0.0003294848429504782,0.0031353384256362915,1.8384852182862232e-06,1.2387338756525423e-05,1.3790088814857882e-05,0.0004336596466600895,0.0009623849764466286,2.9757264201180078e-05,0.021231522783637047,5.065968070994131e-05,0.004363598767668009,0.22344712913036346,3.258281503804028e-05,0.0010214530630037189,0.2641874849796295,0.000155833171447739,0.001049074693582952,0.0002732377324718982
C:/Users/KUBA/GitProjects/WKIRO-Project/data/CL007/Session2/Overground_Walk/Walk_Slow/Post_Process/Walk_Slow8.csv,5,CL007,Session2,overground,walk,slow,4,CL007,4,CL007,0.9997727274894714,6.353464954145238e-08,1.0008138815464918e-06,8.686890282660897e-07,3.108963753106764e-08,0.9997727274894714,1.9341533175065706e-07,3.367833345535587e-09,6.707610964440391e-07,3.205755660928844e-07,6.663557314823265e-07,9.812112693907693e-06,2.800190031848615e-06,1.9200975032163115e-08,5.487848397933703e-09,2.1300815333802348e-08,4.11087341944949e-08,2.2567371615878073e-07,3.210007260001646e-10,8.920513216992276e-10,8.667553896835045e-10,8.612824785814155e-06,2.8638174498496483e-08,7.83959694672376e-06,0.00010415089491289109,6.416002662490428e-08,4.269545073043446e-08,8.976941171567887e-05,5.133626856945739e-10,3.96112387335279e-09,1.7549506736713738e-08
C:/Users/KUBA/GitProjects/WKIRO-Project/data/CL007/Session2/Treadmill_Run/Treadmill_Run_Fast/Post_Process/Treadmill_Run_Fast.csv,119,CL007,Session2,treadmill,run,fast,4,CL007,4,CL007,0.999941885471344,5.191433505302712e-09,3.1330982892541215e-06,1.982253117205346e-08,1.7211241321035686e-09,0.999941885471344,7.0962795639673004e-09,1.2863514073369053e-11,2.457754135321011e-06,3.038017837297957e-07,3.085917654743753e-08,2.792163741105469e-06,1.5554225001324085e-06,2.0297701297522508e-08,2.2278014988330597e-09,4.090033645098856e-09,2.061674386766299e-08,7.811965296866674e-09,1.3732832926383054e-10,6.546974629095814e-10,2.8015345598930708e-09,1.8926539269159548e-05,1.6860409957075717e-08,3.313053412057343e-06,5.982448101349291e-07,5.498509203505364e-09,1.8017379943557899e-07,2.4608365492895246e-05,9.594876004825892e-09,3.6800322789076745e-08,4.3051237241797935e-08
C:/Users/KUBA/GitProjects/WKIRO-Project/data/CL007/Session2/Treadmill_Walk/Treadmill_Walk_Fast/Post_Process/Treadmill_Walk_Fast.csv,119,CL007,Session2,treadmill,walk,fast,4,CL007,4,CL007,0.9999942183494568,8.354177349900738e-10,6.256137226046121e-07,7.80566988822784e-09,1.6300134575431002e-09,0.9999942183494568,2.994719583426786e-09,1.0066145833542706e-11,1.352733391968286e-07,6.558474296980421e-08,5.302946348706428e-08,1.0541164101596223e-06,8.493129257658438e-07,6.565733512431393e-10,1.462873572277701e-10,2.552111855180783e-09,9.043191973034936e-09,4.635399619701275e-09,8.30080362085317e-12,1.3424895917157897e-10,3.2351923917595116e-10,1.0221040156466188e-06,1.966564244781921e-09,7.209098384919344e-07,2.780250838441134e-07,4.3119920967171765e-09,1.3151433719826855e-08,8.594506084591558e-07,8.969973375183571e-11,2.1784622716847224e-10,2.939803511736727e-09
C:/Users/KUBA/GitProjects/WKIRO-Project/data/DA013/Session1/Overground_Run/Run_Comfortable/Post_Process/Run_Comfortable1.csv,2,DA013,Session1,overground,run,comfortable,5,DA013,5,DA013,0.9999722838401794,2.433784840327746e-10,9.602985073797754e-09,1.269460925268362e-11,3.0115381832729327e-07,2.7236869010183185e-11,0.9999722838401794,1.0708856734709116e-06,8.28107857842042e-08,9.761722594703315e-07,2.4543227450379845e-09,1.7767216586861423e-09,3.6042397955071692e-09,6.361513538166719e-10,5.836497507516469e-09,3.195655295940014e-08,3.2198117505544133e-09,9.686871180747403e-07,2.84714133158559e-06,8.745212554117643e-09,2.4531463083121707e-08,1.8654635614012705e-09,1.7898963051266037e-05,7.76772282051752e-08,8.866572476229351e-10,9.907837466016645e-07,4.6893194188823983e-11,1.9681493768075597e-07,2.161434622394154e-06,1.9292731856523915e-09,1.2401376636717032e-07
C:/Users/KUBA/GitProjects/WKIRO-Project/data/DA013/Session1/Overground_Run/Run_Comfortable/Post_Process/Run_Comfortable5.csv,2,DA013,Session1,overground,run,comfortable,5,DA013,5,DA013,0.999976634979248,8.059561351636546e-11,5.998682883756601e-09,4.140312225009435e-12,1.2901713475343968e-08,4.617671175988214e-11,0.999976634979248,1.998321295104688e-06,8.111641847108331e-08,5.516825467566377e-07,3.6696594651886016e-09,7.211053976163839e-10,1.5409205023075856e-09,1.4573592332922658e-10,6.374646588369615e-09,1.0938884287270412e-07,1.9399095663175103e-09,9.300053989136359e-07,2.2629337763646618e-06,8.87723228260029e-09,2.946894461786087e-08,2.330184711851757e-09,1.5384764992631972e-05,9.750134211117256e-08,4.5636153189754225e-10,7.290344115062908e-07,4.382393753443736e-11,6.921349893218576e-08,1.082979679267737e-06,3.3186031700438434e-10,3.989336860854564e-09
C:/Users/KUBA/GitProjects/WKIRO-Project/data/DA013/Session1/Overground_Run/Run_Fast/Post_Process/Run_Fast7.csv,1,DA013,Session1,overground,run,fast,5,DA013,13,LA014,0.3740769326686859,5.254031202639453e-05,0.15877752006053925,0.13021118938922882,0.00041415993473492563,0.024990659207105637,0.029711615294218063,0.002169016981497407,0.001967695076018572,0.00929228775203228,0.009543129242956638,0.01559689175337553,0.031115636229515076,0.0008771157008595765,0.3740769326686859,0.00128645240329206,0.0233269352465868,0.0016022224444895983,0.04491623118519783,0.0010856359731405973,0.008566908538341522,0.0005150589277036488,0.10773731023073196,0.007572640664875507,0.0021293640602380037,4.7914749302435666e-05,0.001908064354211092,0.004272390156984329,0.003549540415406227,0.0018306518904864788,0.0008562912698835135
C:/Users/KUBA/GitProjects/WKIRO-Project/data/DA013/Session1/Overground_Run/Run_Fast/Post_Process/Run_Fast9.csv,1,DA013,Session1,overground,run,fast,5,DA013,21,PQ006,0.4780645966529846,2.8701740575343138e-06,0.0042904093861579895,0.0035658120177686214,0.003971463069319725,0.0022685499861836433,0.3743261396884918,0.012420372106134892,0.00017857657803688198,0.06449916213750839,0.00990360602736473,0.0015532802790403366,0.0017544095171615481,0.004865553695708513,0.011321423575282097,0.00457751052454114,0.0003835716925095767,0.003150822361931205,0.0011362226214259863,0.0016943808877840638,0.006113232579082251,4.6219531213864684e-05,0.4780645966529846,0.0003886345948558301,0.00021023328008595854,0.0006335734506137669,4.3531304982025176e-05,0.00042078166734427214,0.0024329035077244043,8.703053026692942e-05,0.005695193540304899
C:/Users/KUBA/GitProjects/WKIRO-Project/data/DA013/Session1/Overground_Walk/Walk_Fast/Post_Process/Walk_Fast1.csv,3,DA013,Session1,overground,walk,fast,5,DA013,5,DA013,0.6098997592926025,5.974590749247e-06,0.002249180106446147,0.0011543662985786796,0.005794852506369352,0.0024824778083711863,0.6098997592926025,0.022276075556874275,0.00029231992084532976,0.07185018062591553,0.013644027523696423,0.0020248203072696924,0.0035018064081668854,0.002863643690943718,0.0040828692726790905,0.0030549538787454367,0.0002579411375336349,0.005162735935300589,0.000626434397418052,0.0024463243316859007,0.0033093455713242292,8.711967529961839e-05,0.23032589256763458,0.0007212196360342205,0.0003373174404259771,0.002135009504854679,2.126858635165263e-05,0.0005636298446916044,0.001183354645036161,4.882370194536634e-05,0.007596295326948166
C:/Users/KUBA/GitProjects/WKIRO-Project/data/DA013/Session1/Overground_Walk/Walk_Fast/Post_Process/Walk_Fast3.csv,3,DA013,Session1,overground,walk,fast,5,DA013,5,DA013,0.5855241417884827,1.6114796380861662e-05,0.004204384051263332,0.0009558252058923244,0.005017988849431276,0.0020814742892980576,0.5855241417884827,0.020514531061053276,0.0004295179678592831,0.06230754777789116,0.011988918296992779,0.0018675299361348152,0.007044944446533918,0.0026865974068641663,0.003339592134580016,0.006280269008129835,0.00043732565245591104,0.007184645626693964,0.0014393414603546262,0.0023991952184587717,0.005046764854341745,0.000254880782449618,0.25198739767074585,0.0016071588033810258,0.0005607426282949746,0.005360238254070282,2.0716403014375828e-05,0.0006609015981666744,0.001613491214811802,0.0001104713010136038,0.00705730589106679
C:/Users/KUBA/GitProjects/WKIRO-Project/data/DA013/Session2/Overground_Run/Run_Comfortable/Post_Process/Run_Comfortable10.csv,1,DA013,Session2,overground,run,comfortable,5,DA013,5,DA013,0.9960112571716309,4.262017796463624e-07,5.05543937379116e-07,3.164403183930631e-09,0.0015011377399787307,1.2097651769238382e-09,0.9960112571716309,1.4476578144240193e-05,4.6938433229115617e-07,0.00142368592787534,3.5204280379730335e-07,8.415620555979331e-08,2.4321397518178856e-07,8.906848165679548e-07,3.929995955331833e-07,1.9472339829462726e-07,7.590010113744938e-07,0.0002812097663991153,4.991601144865854e-06,2.4131679765559966e-06,5.872032033948926e-06,9.195586514465504e-09,7.483828085241839e-05,2.7139336111758894e-07,1.1073182371035273e-08,6.31006114417687e-05,1.0278434992017083e-08,2.172276708733989e-06,0.0002607515489216894,4.088278515723687e-08,0.00034960947232320905
C:/Users/KUBA/GitProjects/WKIRO-Project/data/DA013/Session2/Overground_Run/Run_Comfortable/Post_Process/Run_Comfortable8.csv,2,DA013,Session2,overground,run,comfortable,5,DA013,5,DA013,0.9997291564941406,2.1514248160769966e-09,1.4475594412033388e-07,7.094076992508747e-10,2.7348072762833908e-05,4.567122374732335e-11,0.9997291564941406,9.211063115799334e-06,2.5276915494032437e-07,8.68460483616218e-06,3.32363718769102e-08,1.0591193699838186e-08,3.166339723748024e-08,4.1967798125597255e-09,8.092721515140511e-08,3.455681394370913e-07,4.283205612409802e-08,0.00013965707330498844,3.464804194663884e-06,2.441159949739813e-07,1.47573729236683e-07,3.858129105083208e-08,9.918607247527689e-06,5.561201987802633e-07,1.2572053398329786e-09,5.421102832769975e-05,3.2000094241091404e-10,6.54857956305932e-07,7.611263754370157e-06,1.686727202354632e-08,8.061972039286047e-06
C:/Users/KUBA/GitProjects/WKIRO-Project/data/DA013/Session2/Overground_Run/Run_Fast/Post_Process/Run_Fast3.csv,1,DA013,Session2,overground,run,fast,5,DA013,5,DA013,0.612003743648529,3.328299499116838e-06,0.0016821380704641342,0.001247591688297689,0.005344031844288111,0.0026925785932689905,0.612003743648529,0.03259659186005592,0.00029734402778558433,0.04253193363547325,0.01609501987695694,0.0023006086703389883,0.002568498719483614,0.0034151868894696236,0.0035571663174778223,0.0029455663170665503,0.00013333698734641075,0.0034745077136904,0.0004523305397015065,0.0031388364732265472,0.003151428420096636,4.9536341975908726e-05,0.2507907450199127,0.00045574840623885393,0.00026522614643909037,0.002193563850596547,2.3998773031053133e-05,0.000562437460757792,0.0011422851821407676,3.716133869602345e-05,0.004847543314099312
C:/Users/KUBA/GitProjects/WKIRO-Project/data/DA013/Session2/Overground_Walk/Walk_Fast/Post_Process/Walk_Fast4.csv,3,DA013,Session2,overground,walk,fast,5,DA013,5,DA013,0.6364560723304749,5.138678261573659e-06,3.3006162993842736e-06,9.012326245283475e-07,0.001388759701512754,2.3124837600363435e-09,0.6364560723304749,0.0005887189181521535,3.4719232644420117e-06,0.0007282658480107784,3.8114329072413966e-05,6.971848875991782e-08,5.596593837253749e-07,6.308685840394901e-08,2.5397517674718983e-05,6.481033051386476e-05,8.059237006818876e-05,0.3554022014141083,6.686308915959671e-05,0.0007203143904916942,0.00018321182869840413,1.7407933228241745e-06,1.39048024720978e-05,6.474896963482024e-06,1.308646204734032e-07,0.001651761238463223,2.026043830483104e-06,4.3543595893424936e-06,0.0025331659708172083,8.040390753194515e-07,2.8878110242658295e-05
C:/Users/KUBA/GitProjects/WKIRO-Project/data/DA013/Session2/Overground_Walk/Walk_Slow/Post_Process/Walk_Slow4.csv,7,DA013,Session2,overground,walk,slow,5,DA013,5,DA013,0.9994109272956848,6.0625704456640506e-09,1.404703425578191e-06,1.6057958296400443e-09,1.468871323595522e-05,5.912693112897216e-10,0.9994109272956848,9.786058399186004e-06,3.2684411621630716e-07,0.0003552651614882052,1.7431206345008832e-07,3.172727502942507e-08,5.458112894984879e-08,2.7100210076014264e-08,1.686754899310472e-06,4.5529057501880743e-07,9.649409093981376e-07,0.00012059940490871668,8.085062290774658e-06,2.2426650048146257e-06,8.724172175789136e-07,6.205738856124299e-08,2.5013910999405198e-05,5.528216320271895e-07,8.300162335217465e-08,2.6104376956936903e-05,1.1234781105429192e-08,2.849361919743387e-07,1.614058237464633e-05,3.145699523088297e-08,4.156787781539606e-06
C:/Users/KUBA/GitProjects/WKIRO-Project/data/DA013/Session2/Overground_Walk/Walk_Slow/Post_Process/Walk_Slow7.csv,7,DA013,Session2,overground,walk,slow,5,DA013,5,DA013,0.626767635345459,4.6544746510335244e-06,0.001846111612394452,0.0011215928243473172,0.006773400120437145,0.0025173877365887165,0.626767635345459,0.020705359056591988,0.0002466347359586507,0.08908711373806,0.012796655297279358,0.0019310603383928537,0.0027697558980435133,0.002618752419948578,0.0043476661667227745,0.0022007417865097523,0.0002504524018149823,0.0052012731321156025,0.00044817017624154687,0.0021284054964780807,0.002506828401237726,6.806554301874712e-05,0.20068132877349854,0.0005890202010050416,0.00028587839915417135,0.0014232444809749722,1.9031309420824982e-05,0.0005082400748506188,0.0009552506380714476,3.6639168683905154e-05,0.009163685142993927
C:/Users/KUBA/GitProjects/WKIRO-Project/data/DA013/Session2/Overground_Walk/Walk_Slow/Post_Process/Walk_Slow8.csv,8,DA013,Session2,overground,walk,slow,5,DA013,5,DA013,0.9998244047164917,1.3768183260154387e-09,2.1187956917856354e-06,8.305120480223138e-10,7.247228495543823e-06,6.672247199190906e-10,0.9998244047164917,1.3432326113616e-06,4.670422129038343e-07,7.480594649678096e-05,5.6170812001710146e-08,2.5602993503071048e-08,2.918981856225855e-08,1.2153856587815426e-08,1.3320362768354244e-07,5.8179022488502596e-08,8.844929055840112e-08,1.5682928278692998e-05,3.492393261694815e-06,2.941080765594961e-07,2.074041987043529e-07,1.960746942586411e-08,3.393865335965529e-05,1.8318493744118314e-07,1.1577102831950015e-08,2.718773794185836e-05,1.8965806702908594e-09,3.7614290704368614e-07,4.240888301865198e-06,2.8214387270963925e-08,3.528288743837038e-06
C:/Users/KUBA/GitProjects/WKIRO-Project/data/DC005/Session1/Overground_Run/Run_Comfortable/Post_Process/Run_Comfortable9.csv,2,DC005,Session1,overground,run,comfortable,6,DC005,6,DC005,0.6203531622886658,2.0348947145976126e-05,0.00035229179775342345,9.133447019848973e-05,0.11445488780736923,0.00018549711967352778,0.013657599687576294,0.6203531622886658,0.00041898078052327037,0.045545026659965515,0.007986221462488174,0.00019244494615122676,8.790871652308851e-05,0.0037292190827429295,0.0005771495052613318,0.06905832886695862,0.0016625416465103626,0.02700451761484146,6.396653043339029e-05,0.006186522543430328,0.0021653417497873306,5.162607703823596e-05,0.005504238419234753,7.611406908836216e-05,3.120848850812763e-05,0.051675230264663696,0.0002454679924994707,0.00012446538312360644,0.0031445776112377644,9.259685612050816e-05,0.025261247530579567
C:/Users/KUBA/GitProjects/WKIRO-Project/data/DC005/Session1/Overground_Run/Run_Fast/Post_Process/Run_Fast11.csv,1,DC005,Session1,overground,run,fast,6,DC005,6,DC005,0.6932539939880371,1.5979792806319892e-05,0.0002539559209253639,7.484004163416103e-05,0.08152562379837036,0.00015860630082897842,0.011294929310679436,0.6932539939880371,0.00039979623397812247,0.023244589567184448,0.007678020745515823,0.00018467035260982811,7.545090920757502e-05,0.00348600628785789,0.0004034032463096082,0.06762944906949997,0.0008856623899191618,0.01734202168881893,5.547348700929433e-05,0.006654307711869478,0.0019909264519810677,3.815823220065795e-05,0.004916014149785042,6.038588981027715e-05,2.750936255324632e-05,0.06148944050073624,0.00023436961055267602,0.00011809527495643124,0.0029356961604207754,7.683477451791987e-05,0.013495699502527714
C:/Users/KUBA/GitProjects/WKIRO-Project/data/DC005/Session1/Overground_Run/Run_Fast/Post_Process/Run_Fast15.csv,1,DC005,Session1,overground,run,fast,6,DC005,6,DC005,0.5862574577331543,2.2584157704841346e-05,0.00030056049581617117,7.811604154994711e-05,0.14520837366580963,0.00017387153638992459,0.01375509425997734,0.5862574577331543,0.00039645642391406,0.061855074018239975,0.006942808162420988,0.0001816177973523736,8.068499300861731e-05,0.0030423791613429785,0.0006283235852606595,0.05655538663268089,0.0019201833056285977,0.03169235214591026,5.597084964392707e-05,0.0052271392196416855,0.0015965267084538937,5.563749073189683e-05,0.004267483483999968,8.44909664010629e-05,3.2615920645184815e-05,0.042712435126304626,0.00022467543021775782,0.000125997350551188,0.0028512333519756794,8.462677214993164e-05,0.03358985483646393
C:/Users/KUBA/GitProjects/WKIRO-Project/data/DC005/Session1/Overground_Walk/Walk_Fast/Post_Process/Walk_Fast5.csv,2,DC005,Session1,overground,walk,fast,6,DC005,6,DC005,0.47248876094818115,2.4419319743174128e-05,0.0003908773069269955,8.414190961048007e-05,0.1784190833568573,0.000204876356292516,0.01649927720427513,0.47248876094818115,0.000371737580280751,0.11612947285175323,0.007363862358033657,0.0001786824723239988,9.559521276969463e-05,0.0028663896955549717,0.000725250574760139,0.04701830819249153,0.0032713760156184435,0.04843149334192276,5.179593790671788e-05,0.004654950462281704,0.0016136975027620792,6.629779818467796e-05,0.004401074256747961,9.292927279602736e-05,3.179320628987625e-05,0.03305841237306595,0.00018387158343102783,0.00011483170965220779,0.0023533403873443604,7.868520333431661e-05,0.05873461067676544
C:/Users/KUBA/GitProjects/WKIRO-Project/data/DC005/Session1/Overground_Walk/Walk_Fast/Post_Process/Walk_Fast7.csv,2,DC005,Session1,overground,walk,fast,6,DC005,6,DC005,0.6073832511901855,2.1509167709155008e-05,0.0003441603621467948,8.368505950784311e-05,0.11937393248081207,0.00018231000285595655,0.013791149482131004,0.6073832511901855,0.0004156717041041702,0.05143655836582184,0.007787554524838924,0.00018833327339962125,9.120894537772983e-05,0.0034344764426350594,0.0005522361607290804,0.06618338078260422,0.00178194185718894,0.02939857728779316,6.178009789437056e-05,0.005980163346976042,0.0020378855988383293,5.484623397933319e-05,0.005109568126499653,8.038223313633353e-05,3.164831650792621e-05,0.052847083657979965,0.00022667215671390295,0.00012298679212108254,0.002946095773950219,8.882219844963402e-05,0.02796199917793274
C:/Users/KUBA/GitProjects/WKIRO-Project/data/DC005/Session1/Overground_Walk/Walk_Fast/Post_Process/Walk_Fast9.csv,3,DC005,Session1,overground,walk,fast,6,DC005,6,DC005,0.6415352821350098,2.009866148000583e-05,0.00031865877099335194,8.203466859413311e-05,0.10383602976799011,0.00017480763199273497,0.012909934855997562,0.6415352821350098,0.0004201841074973345,0.0380413793027401,0.007833651266992092,0.00018929959333036095,8.741045166971162e-05,0.003527027554810047,0.0005017626681365073,0.0688825473189354,0.0014143319567665458,0.024502918124198914,6.208458944456652e-05,0.006304911803454161,0.0020829467102885246,5.010501263313927e-05,0.005145465489476919,7.481828652089462e-05,3.0926952604204416e-05,0.0570879764854908,0.00023538211826235056,0.00012367285671643913,0.003042313503101468,8.819108916213736e-05,0.021393870934844017
C:/Users/KUBA/GitProjects/WKIRO-Project/data/DC005/Session1/Treadmill_Walk/Treadmill_Walk_Slow/Post_Process/Treadmill_Walk_Slow.csv,119,DC005,Session1,treadmill,walk,slow,6,DC005,6,DC005,0.999844491481781,8.500796511157205e-09,1.5206667924871908e-08,1.079061888731303e-07,5.198202779865824e-05,4.578573076230441e-10,1.94103158719372e-05,0.999844491481781,6.027608634440185e-08,2.7499807401909493e-05,6.166633852444647e-07,3.036537687961527e-09,1.3130504461500436e-09,1.032088448482682e-06,1.1043739505112171e-06,6.7944515649287496e-06,6.284232512143717e-08,1.5914993127807975e-05,2.9070273299680593e-08,2.5311150238849223e-05,5.14622229275119e-07,6.26927709745928e-09,9.005609626910882e-07,1.3689708255881783e-09,3.072618426358531e-07,3.5139082683599554e-06,5.642936784511221e-09,1.160756557538889e-08,1.9649368709906412e-07,6.685528242122984e-10,1.26962305557754e-07
C:/Users/KUBA/GitProjects/WKIRO-Project/data/DC005/Session2/Overground_Run/Run_Comfortable/Post_Process/Run_Comfortable1.csv,2,DC005,Session2,overground,run,comfortable,6,DC005,6,DC005,0.37737900018692017,0.0003974450519308448,0.0002606651105452329,0.00015414287918247283,0.15526524186134338,0.0002257979940623045,0.006845543626695871,0.37737900018692017,0.002195879118517041,0.014487149193882942,0.004440639168024063,0.0003402596921660006,7.494297460652888e-05,0.01613585464656353,0.0002430273889331147,0.07639789581298828,0.0008982267463579774,0.012748682871460915,6.182417564559728e-05,0.006702957674860954,0.0017552449135109782,0.0007652565254829824,0.0034616957418620586,6.76546769682318e-05,0.0001607882441021502,0.2931636869907379,0.0006834605010226369,0.00027089391369372606,0.0022176175843924284,0.0011987899197265506,0.020999714732170105
C:/Users/KUBA/GitProjects/WKIRO-Project/data/DC005/Session2/Overground_Run/Run_Comfortable/Post_Process/Run_Comfortable13.csv,2,DC005,Session2,overground,run,comfortable,6,DC005,6,DC005,0.6532434225082397,2.2078114852774888e-05,0.0003292564651928842,7.745383481960744e-05,0.08817343413829803,0.00016635749489068985,0.011947276070713997,0.6532434225082397,0.00044841234921477735,0.028764866292476654,0.0078058866783976555,0.00018840498523786664,9.571712871547788e-05,0.003446010872721672,0.0004361220635473728,0.07666605710983276,0.0012759852688759565,0.0225776806473732,6.915617268532515e-05,0.0066338758915662766,0.0022518266923725605,5.46503797522746e-05,0.0050893789157271385,7.951800944283605e-05,3.251753514632583e-05,0.06985655426979065,0.00023643989698030055,0.00012646910909097642,0.0031931481789797544,9.661150397732854e-05,0.01661541499197483
C:/Users/KUBA/GitProjects/WKIRO-Project/data/DC005/Session2/Overground_Run/Run_Comfortable/Post_Process/Run_Comfortable4.csv,1,DC005,Session2,overground,run,comfortable,6,DC005,6,DC005,0.9999700784683228,5.1070156992238935e-09,3.1363554114927084e-11,5.550698234380036e-10,8.969277587311808e-06,5.440562063363519e-12,1.04943928818102e-05,0.9999700784683228,9.133611089673366e-10,2.761935320449993e-06,5.6740283582712436e-08,9.922342808499351e-11,2.9376148735771324e-10,8.971352372100228e-07,4.267284836600993e-08,4.523841653281124e-06,2.4443511659200112e-09,4.591207982684864e-07,6.431561061503999e-09,1.8716234251314745e-07,3.674854838209285e-07,3.6671227165996356e-10,7.845104050829832e-07,3.6192046581895454e-10,2.0475125594998644e-08,6.264114915666141e-08,5.298230743022714e-10,4.598560643387373e-09,2.1469811883889633e-07,5.803315120123109e-11,1.3417263744486263e-08
C:/Users/KUBA/GitProjects/WKIRO-Project/data/DC005/Session2/Overground_Run/Run_Fast/Post_Process/Run_Fast12.csv,1,DC005,Session2,overground,run,fast,6,DC005,6,DC005,0.9999600648880005,5.280794690420976e-10,3.5341387594201024e-09,1.2966601126152e-09,1.866980346676428e-05,7.816746382116602e-12,7.88070337875979e-07,0.9999600648880005,4.143714349424954e-08,3.9168426155811176e-06,4.8019797027620825e-09,2.7672895225316907e-11,1.7731482948590838e-10,1.996498212974984e-06,1.1710705738465776e-09,9.977552508644294e-06,1.7130282747856995e-09,2.723775423874031e-06,4.566461375699049e-10,2.762872668427008e-07,7.30202316390205e-08,8.412471413921097e-11,1.148740977896523e-07,3.77946328747325e-12,2.5387164592771683e-10,6.54460222904163e-07,4.38127423230128e-10,8.742219170798649e-10,4.6279873799903726e-07,6.282133147017532e-11,2.6451735379851016e-07
C:/Users/KUBA/GitProjects/WKIRO-Project/data/DC005/Session2/Overground_Run/Run_Fast/Post_Process/Run_Fast3.csv,2,DC005,Session2,overground,run,fast,6,DC005,6,DC005,0.5003471374511719,7.121951057342812e-05,0.0002100782876368612,0.00039741810178384185,0.21585191786289215,0.00035117799416184425,0.007645413279533386,0.5003471374511719,0.0015209844568744302,0.013947835192084312,0.006038988009095192,0.0005592889501713216,5.2829691412625834e-05,0.03327794745564461,0.0003817558172158897,0.06896445900201797,0.0006749049061909318,0.011063812300562859,5.645231431117281e-05,0.01158348098397255,0.0020843367092311382,0.00010729052155511454,0.004705138970166445,4.6181339712347835e-05,9.811672498472035e-05,0.09058791399002075,0.0019372283713892102,0.0003693642502184957,0.0037342533469200134,0.0005216003628447652,0.022811440750956535
C:/Users/KUBA/GitProjects/WKIRO-Project/data/DC005/Session2/Overground_Walk/Walk_Comfortable/Post_Process/Walk_Comfortable8.csv,7,DC005,Session2,overground,walk,comfortable,6,DC005,6,DC005,0.9996735453605652,1.0405523553913554e-08,2.6415261089596243e-09,1.6123711077398184e-07,4.705829269369133e-05,5.779595690924566e-10,5.400047666626051e-05,0.9996735453605652,5.5802779286295845e-08,6.511878018500283e-05,4.992445155949099e-06,2.496252538009003e-09,1.8464849649291182e-09,1.2880816939286888e-05,8.116122671708581e-07,1.6348709323210642e-05,3.140900517450973e-08,1.476634952268796e-05,6.797985463435907e-08,8.906856237445027e-05,8.34636011859402e-06,8.585330668609004e-09,1.2476000392780406e-06,9.94452520330924e-10,1.7153861620045063e-07,1.2135512861277675e-06,2.8429912646288358e-08,1.6140811354148354e-08,1.0035460036306176e-05,4.086954663584663e-10,8.445162791304028e-08
C:/Users/KUBA/GitProjects/WKIRO-Project/data/DC005/Session2/Overground_Walk/Walk_Fast/Post_Process/Walk_Fast2.csv,5,DC005,Session2,overground,walk,fast,6,DC005,6,DC005,0.9998682141304016,7.82107179020386e-09,8.063963941040697e-10,4.74638852665521e-08,1.7957534510060214e-05,6.42581099441486e-10,2.660655081854202e-05,0.9998682141304016,3.354969990709833e-08,3.741707041626796e-05,1.7506075664641685e-06,1.0884649848108552e-09,4.865393643527227e-10,7.93719846114982e-06,1.1944581501666107e-06,8.222870746976696e-06,1.1288260992614596e-08,6.537973149534082e-06,2.9729752881735294e-08,1.818056625779718e-05,3.4838280953408685e-06,4.869455505485121e-09,7.935448707030446e-07,3.5380920415661876e-10,1.2568327178996697e-07,4.111288376407174e-07,2.1259200622125718e-08,6.849133704633914e-09,1.0055456414193031e-06,1.7763270021564637e-10,2.196941650822737e-08
C:/Users/KUBA/GitProjects/WKIRO-Project/data/DC005/Session2/Overground_Walk/Walk_Fast/Post_Process/Walk_Fast4.csv,6,DC005,Session2,overground,walk,fast,6,DC005,6,DC005,0.9999467730522156,5.5568349921486515e-09,7.41387840008656e-10,5.3691795898203054e-08,2.1921236111666076e-05,9.408460815985009e-11,7.944591743580531e-06,0.9999467730522156,1.8462179340872353e-08,4.31548323831521e-06,4.059572518144705e-07,9.101379094822448e-10,4.5203771281698835e-10,3.144264383081463e-06,4.218244669118576e-07,4.036428890685784e-06,1.4274166737493488e-08,6.226741334103281e-06,9.88777770771776e-09,3.3856597383419285e-06,1.5058972735459975e-07,2.2218367146109586e-09,1.8784129451887566e-07,4.5765757850091404e-10,5.862717600280121e-08,5.441119697024988e-07,5.4110120828454455e-09,1.3545643717804978e-08,1.864432448428488e-07,7.325844930683445e-10,1.389651487215815e-07
C:/Users/KUBA/GitProjects/WKIRO-Project/data/DC005/Session2/Overground_Walk/Walk_Slow/Post_Process/Walk_Slow4.csv,5,DC005,Session2,overground,walk,slow,6,DC005,6,DC005,0.9999426007270813,2.1813786332813834e-09,2.663636866628849e-09,3.469925147214781e-08,3.7774964312120574e-06,3.6296823879844453e-10,1.41480632009916e-05,0.9999426007270813,1.8357118491962865e-08,9.676537047198508e-06,6.42387647076248e-07,8.917268035091297e-10,3.9890099556849634e-10,4.208704012853559e-06,2.77843724916238e-07,9.527142537990585e-06,7.1434138604331565e-09,6.0928759921807796e-06,6.511057470959258e-09,6.6545080699143e-06,5.039605071033293e-07,2.4099582329739633e-09,6.867604724902776e-07,5.010055703635885e-10,4.761131222608128e-08,8.658724368615367e-07,6.7704717388039626e-09,3.6339962150577776e-09,1.8259913758811308e-07,1.0205871564528124e-10,1.9133620909883575e-08
C:/Users/KUBA/GitProjects/WKIRO-Project/data/DC005/Session2/Treadmill_Run/Treadmill_Run_Fast/Post_Process/Treadmill_Run_Fast.csv,119,DC005,Session2,treadmill,run,fast,6,DC005,6,DC005,0.9999585151672363,1.2375378943829674e-08,5.957512955179212e-11,2.5670923164966553e-09,1.3073804439045489e-05,6.026566745642725e-11,1.655076448514592e-05,0.9999585151672363,1.348764655517698e-08,1.8818707303580595e-06,1.4318000296498212e-07,1.6984459672020336e-10,3.231371004108752e-10,2.7675400815496687e-06,1.180849551474239e-07,3.882081728079356e-06,4.4452752590018463e-10,7.600127673867973e-07,3.501424039598078e-09,4.4710211000165145e-07,1.6077811437753553e-07,3.480496724161952e-10,3.8134308510962e-07,1.528708826192826e-10,1.5621710147684098e-08,1.9878741852608073e-07,2.2268782373657814e-09,2.932443798897566e-08,1.0716609040173353e-06,1.3845370683274183e-10,3.078922006238827e-08
C:/Users/KUBA/GitProjects/WKIRO-Project/data/GF022/Session1/Overground_Run/Run_Comfortable/Post_Process/Run_Comfortable1.csv,3,GF022,Session1,overground,run,comfortable,7,GF022,7,GF022,0.6559889912605286,0.002963779726997018,0.0017369188135489821,0.0123964324593544,0.005524007603526115,0.012503932230174541,0.0006750100292265415,0.0032908108551055193,0.6559889912605286,1.9914919903385453e-05,0.0005683348863385618,0.04255155101418495,0.0012683378299698234,0.0015748463338240981,0.003186362562701106,0.00022263343271333724,0.0003853186790365726,0.00017064152052626014,0.0018098624423146248,0.0043455203995108604,9.473230602452531e-05,0.052766185253858566,0.0001723023015074432,0.003716234117746353,0.031007995828986168,0.003714046673849225,0.0108101861551404,0.05082158371806145,0.0006943432963453233,0.09165506809949875,0.003364133881404996
C:/Users/KUBA/GitProjects/WKIRO-Project/data/GF022/Session1/Overground_Run/Run_Comfortable/Post_Process/Run_Comfortable3.csv,2,GF022,Session1,overground,run,comfortable,7,GF022,7,GF022,0.6049755811691284,0.004794700536876917,0.0020733033306896687,0.0063157761469483376,0.005416544154286385,0.006302729249000549,0.0005293104331940413,0.0033061015419662,0.6049755811691284,1.4418192222365178e-05,0.0002740128547884524,0.026606783270835876,0.0016073165461421013,0.0009317582007497549,0.0018515749834477901,0.00044379098108038306,0.0004513752646744251,0.00018507924687583,0.0027193943969905376,0.002442945260554552,7.643138087587431e-05,0.09101724624633789,0.00012874440290033817,0.006189778447151184,0.03597477823495865,0.008134088478982449,0.007984432391822338,0.042056307196617126,0.0006489090155810118,0.13468977808952332,0.0018570073880255222
C:/Users/KUBA/GitProjects/WKIRO-Project/data/GF022/Session1/Overground_Run/Run_Comfortable/Post_Process/Run_Comfortable4.csv,2,GF022,Session1,overground,run,comfortable,7,GF022,7,GF022,0.6303290128707886,0.003716094419360161,0.0012829819461330771,0.009163319133222103,0.0037600272335112095,0.00823261495679617,0.00039193034172058105,0.0024425191804766655,0.6303290128707886,9.829225746216252e-06,0.00045202416367828846,0.034655213356018066,0.0010511765722185373,0.0013126078993082047,0.002913517877459526,0.0002500246337149292,0.0003008474304806441,0.00010605515853967518,0.0024805653374642134,0.00394107261672616,8.09297343948856e-05,0.06697671115398407,0.00010490264685358852,0.004194900393486023,0.03198506310582161,0.004011972341686487,0.010914345271885395,0.049098409712314606,0.0007705939933657646,0.12222851812839508,0.002842174842953682
C:/Users/KUBA/GitProjects/WKIRO-Project/data/GF022/Session1/Overground_Run/Run_Comfortable/Post_Process/Run_Comfortable6.csv,2,GF022,Session1,overground,run,comfortable,7,GF022,7,GF022,0.9997926950454712,2.489540307237803e-08,1.4005226489643974e-07,1.879538191751351e-10,7.962562165175768e-09,2.005456707365738e-07,9.559325917507522e-07,4.715067447591537e-09,0.9997926950454712,3.098379863786249e-08,3.354078614847822e-08,2.2405390043278572e-10,1.7246311045937546e-09,2.7665534307885764e-09,9.301859726917883e-09,2.7643727307236077e-08,1.1110304143358007e-07,1.9054016142661112e-09,1.900208275174009e-07,1.195810568788147e-06,3.5802733000522835e-10,6.834495991370204e-08,9.818944546324815e-10,3.5502251138908036e-10,9.644302023659179e-11,4.802538100534548e-08,4.313353565521538e-05,6.4943010329443496e-06,0.00015106640057638288,2.8110937364544952e-06,6.824362230872794e-07
C:/Users/KUBA/GitProjects/WKIRO-Project/data/GF022/Session1/Overground_Run/Run_Fast/Post_Process/Run_Fast2.csv,1,GF022,Session1,overground,run,fast,7,GF022,7,GF022,0.9722912311553955,2.5232329790014774e-06,2.8827997766711633e-07,4.3800459934573155e-06,7.309181455639191e-07,2.6461691504664486e-06,1.3528366253012791e-05,1.539527438865207e-08,0.9722912311553955,7.192316076043426e-09,8.739081458486453e-09,2.416036970487312e-08,2.3734078524739743e-07,3.832711092943697e-10,3.7674012673960533e-06,8.026658804283215e-08,1.3068023463347345e-07,2.332868831445012e-07,0.0013759649591520429,2.8416204713721527e-06,1.9944563334206578e-08,8.602191314821539e-07,9.555702007446598e-08,7.536131079177721e-07,1.161637115387748e-07,1.474530904488347e-06,8.155113391694613e-06,0.007603428792208433,0.018010543659329414,0.0006752556073479354,6.030975896464952e-07
C:/Users/KUBA/GitProjects/WKIRO-Project/data/GF022/Session1/Overground_Walk/Walk_Comfortable/Post_Process/Walk_Comfortable3.csv,7,GF022,Session1,overground,walk,comfortable,7,GF022,7,GF022,0.6220439076423645,0.007472905796021223,0.0009394601220265031,0.003049346851184964,0.0018804334104061127,0.00451394310221076,0.00024287891574203968,0.00113634520675987,0.6220439076423645,6.038727860868676e-06,0.00026872011949308217,0.01988145522773266,0.0015674241585657,0.0005610306980088353,0.001029905048198998,0.00014173437375575304,0.0002809527504723519,0.00011168490891577676,0.0020049731247127056,0.0024375556968152523,5.84839035582263e-05,0.13670691847801208,4.500658906181343e-05,0.006078345235437155,0.03579604998230934,0.0056137219071388245,0.004231079947203398,0.035869043320417404,0.0004179793468210846,0.1033501997590065,0.002262481953948736
C:/Users/KUBA/GitProjects/WKIRO-Project/data/GF022/Session1/Overground_Walk/Walk_Slow/Post_Process/Walk_Slow1.csv,6,GF022,Session1,overground,walk,slow,7,GF022,7,GF022,0.6055359840393066,0.004735224414616823,0.0008304980583488941,0.006894197314977646,0.003185395849868655,0.011390688829123974,0.0003621186187956482,0.0020249055232852697,0.6055359840393066,9.293676157540176e-06,0.0005349632701836526,0.042140111327171326,0.0010453653521835804,0.0011201380984857678,0.00237505161203444,0.0001435618323739618,0.00021931937953922898,9.92958593997173e-05,0.002133940579369664,0.004237289074808359,7.750088116154075e-05,0.07635987550020218,7.480674685211852e-05,0.0041245361790061,0.0388842411339283,0.0029537135269492865,0.008197140879929066,0.06006937101483345,0.0006764517747797072,0.11606710404157639,0.0034979332704097033
C:/Users/KUBA/GitProjects/WKIRO-Project/data/GF022/Session2/Overground_Run/Run_Fast/Post_Process/Run_Fast2.csv,1,GF022,Session2,overground,run,fast,7,GF022,7,GF022,0.9997619986534119,1.898278689793642e-08,1.6308108286011702e-07,5.2670880990035585e-09,1.4983317697669918e-08,5.936504265946496e-08,8.781733527030156e-07,6.943107866419496e-09,0.9997619986534119,3.430001838111707e-09,9.294428005013344e-10,3.9771078791384085e-11,8.190312872358163e-10,3.3032451773884475e-10,1.222039580639489e-09,4.4162074885889524e-08,8.536015450033574e-09,6.587232981303259e-09,3.4172978757851524e-07,5.750908940171939e-07,3.5311413792982194e-09,7.227791698483088e-09,8.663874950798345e-09,1.4870134290578818e-10,4.838570100140771e-10,9.87645080385846e-07,1.8487096440367168e-06,4.662651917897165e-06,0.00019725369929801673,3.115570871159434e-05,2.8350218173045505e-08
C:/Users/KUBA/GitProjects/WKIRO-Project/data/GF022/Session2/Overground_Run/Run_Fast/Post_Process/Run_Fast3.csv,1,GF022,Session2,overground,run,fast,7,GF022,28,TK029,0.7641878724098206,0.0010339855216443539,0.006571703590452671,0.01339681539684534,0.00035266016493551433,0.000698629766702652,4.374476338853128e-05,0.00024960399605333805,0.1297483891248703,1.4596250821341528e-06,3.2791820558486506e-05,0.0028257512021809816,0.00021930926595814526,0.001550448127090931,0.002496563596650958,0.0018149527022615075,0.0004734436224680394,1.6901176422834396e-05,0.013198032043874264,0.0003952196566388011,0.0002767121768556535,0.027564063668251038,0.00034639789373613894,0.0011077352100983262,0.006860880181193352,0.0013290855567902327,0.01420314610004425,0.006676178891211748,0.0021078470163047314,0.7641878724098206,0.00021963284234516323
C:/Users/KUBA/GitProjects/WKIRO-Project/data/GF022/Session2/Overground_Run/Run_Fast/Post_Process/Run_Fast4.csv,1,GF022,Session2,overground,run,fast,7,GF022,7,GF022,0.9490059614181519,1.8176706362282857e-05,1.704725463014256e-07,3.988452590419911e-07,2.122415708072367e-06,2.7017478032576037e-07,4.261535650584847e-05,2.8367983517796347e-08,0.9490059614181519,1.351431251350732e-07,7.593752116008545e-08,2.0685980928192294e-07,1.913896994665265e-06,1.8997221573613388e-08,1.9949281977460487e-06,8.173072387762659e-07,7.041038315946935e-06,1.0776133052559089e-07,0.0006498908041976392,1.9869587049470283e-05,4.3170805952286173e-07,3.637263716882444e-07,2.4813582513161236e-06,8.170169962795626e-08,6.681793252028001e-08,9.730905730975792e-06,8.597815030952916e-05,0.0010408153757452965,0.03585704043507576,0.013136859983205795,0.00011436567729106173
C:/Users/KUBA/GitProjects/WKIRO-Project/data/GF022/Session2/Overground_Walk/Walk_Comfortable/Post_Process/Walk_Comfortable4.csv,5,GF022,Session2,overground,walk,comfortable,7,GF022,7,GF022,0.9999963641166687,1.42572154082643e-09,4.879478865404963e-07,1.0919101178785695e-09,1.1913042108346872e-08,1.0190164800860657e-07,3.100303302971952e-08,4.863444091895985e-10,0.9999963641166687,3.795848080301312e-09,5.58219337420951e-09,1.294911677884869e-10,4.21367829517294e-10,9.526442135143753e-11,6.16099324335373e-11,1.1230094631997645e-10,1.8358001341312047e-08,4.987137369738548e-10,3.2802883964677676e-08,1.6718729511921993e-07,4.364852923544049e-10,8.767541714860272e-08,2.179173924643507e-10,1.9010387014573027e-11,7.959679027003119e-10,3.538600168440098e-08,1.0100286544911796e-06,2.85268498600999e-07,5.151354685040133e-07,7.714027674410318e-07,3.990616725957352e-09
C:/Users/KUBA/GitProjects/WKIRO-Project/data/GF022/Session2/Overground_Walk/Walk_Comfortable/Post_Process/Walk_Comfortable6.csv,5,GF022,Session2,overground,walk,comfortable,7,GF022,7,GF022,0.9999984502792358,2.4329829262370595e-09,1.3384756414325238e-07,1.3995221648244183e-09,1.5415043463917755e-08,1.3036476786965068e-07,1.545788386181357e-08,7.445343230827461e-10,0.9999984502792358,9.167042125390878e-10,4.742558346038095e-09,3.7870019620189765e-11,3.227018652296465e-10,2.839319925007633e-11,7.511281180372364e-11,7.211611169344323e-11,8.652838445755151e-09,1.8146201208324442e-10,1.2445781294445624e-08,2.0276573309274681e-07,1.402356147872652e-10,1.1357324325445006e-07,7.21346940513179e-11,1.809103040983917e-11,9.08311481584434e-10,2.9810017565523594e-08,3.317053085538646e-07,1.846572956765158e-07,2.0514191589882103e-07,1.4173500062497624e-07,1.1012595280135429e-09
C:/Users/KUBA/GitProjects/WKIRO-Project/data/GF022/Session2/Overground_Walk/Walk_Fast/Post_Process/Walk_Fast2.csv,4,GF022,Session2,overground,walk,fast,7,GF022,7,GF022,0.9999963045120239,5.95600679886843e-10,1.596514835000562e-06,1.3250296415634466e-09,8.46366976503532e-09,5.713951978236764e-08,4.0348297147829726e-08,5.81622194850695e-10,0.9999963045120239,3.0945581652730425e-09,6.979934852324732e-09,6.926950679719823e-11,7.093668985547197e-10,2.076155740382557e-11,6.125927543010334e-11,1.5370789363533532e-10,5.036711669959004e-08,6.897622473189813e-10,6.633882065898433e-08,8.001052265171893e-08,1.6566352456504063e-10,4.819891330498649e-08,2.359569484244872e-10,2.2738214089379483e-11,4.5772829970758266e-10,7.595991746711661e-08,6.57145733384823e-07,9.36415887053954e-08,2.5588201424397994e-07,6.693510385957779e-07,1.714266506525064e-09
C:/Users/KUBA/GitProjects/WKIRO-Project/data/GF022/Session2/Overground_Walk/Walk_Slow/Post_Process/Walk_Slow1.csv,10,GF022,Session2,overground,walk,slow,7,GF022,7,GF022,0.6321930885314941,0.007467578165233135,0.0009874542010948062,0.00302902446128428,0.0017249223310500383,0.005454343743622303,0.00025381328305229545,0.0010392684489488602,0.6321930885314941,6.71780571792624e-06,0.0003343060379847884,0.021188555285334587,0.0018395272782072425,0.0005464887944981456,0.000985321239568293,0.00010462349746376276,0.0003026396152563393,0.0001230348425451666,0.0017498942324891686,0.002705586375668645,6.332807970466092e-05,0.13846661150455475,4.2282608774257824e-05,0.00573353748768568,0.03516443446278572,0.004844167735427618,0.0038972601760178804,0.036312054842710495,0.0003828522458206862,0.09025033563375473,0.0028069664258509874
C:/Users/KUBA/GitProjects/WKIRO-Project/data/GM001/Session1/Overground_Run/Run_Comfortable/Post_Process/Run_Comfortable7.csv,2,GM001,Session1,overground,run,comfortable,8,GM001,8,GM001,0.571073591709137,9.244739339919761e-05,0.0003457206184975803,0.00041426438838243484,0.04296054691076279,0.0010431751143187284,0.06842131167650223,0.08652298152446747,8.77692800713703e-05,0.571073591709137,0.05511048808693886,0.0006793304346501827,0.0008105047163553536,0.011244311928749084,0.0014934450155124068,0.01117713749408722,0.0034037840086966753,0.03505861014127731,0.00011888216249644756,0.010537885129451752,0.01079891249537468,3.4602828236529604e-05,0.0295318104326725,0.00016188182053156197,8.57769264257513e-05,0.007762339897453785,0.00024031923385336995,0.00019336282275617123,0.002492536325007677,1.6476493328809738e-05,0.0480857715010643
C:/Users/KUBA/GitProjects/WKIRO-Project/data/GM001/Session1/Overground_Walk/Walk_Comfortable/Post_Process/Walk_Comfortable7.csv,4,GM001,Session1,overground,walk,comfortable,8,GM001,8,GM001,0.5755572319030762,7.137024658732116e-05,0.00028227685834281147,0.00042555283289402723,0.0457158163189888,0.0010833891574293375,0.06896623969078064,0.08763239532709122,8.169548527803272e-05,0.5755572319030762,0.05486705154180527,0.0007006702944636345,0.0006670818547718227,0.011820134706795216,0.0014712190022692084,0.009306130930781364,0.0028399319853633642,0.03134217858314514,9.162628703052178e-05,0.01050014141947031,0.009352825582027435,2.6187964976998046e-05,0.028518319129943848,0.00012905814219266176,7.680065755266696e-05,0.006459874100983143,0.00024084972392302006,0.000187850120710209,0.002200852846726775,1.325717312283814e-05,0.04937198385596275
C:/Users/KUBA/GitProjects/WKIRO-Project/data/GM001/Session1/Overground_Walk/Walk_Comfortable/Post_Process/Walk_Comfortable8.csv,4,GM001,Session1,overground,walk,comfortable,8,GM001,8,GM001,0.9998467564582825,4.002490783250323e-09,1.7515970966996974e-06,4.065397796182424e-09,7.069270213833079e-05,5.265996527725747e-09,1.602791962795891e-05,3.2851141895662295e-06,4.433094957789763e-08,0.9998467564582825,6.151728939585155e-07,1.3069341164850812e-08,4.0741886664363847e-07,3.5292127904540394e-06,1.561538027772258e-07,2.6144652665038848e-08,8.0747213360155e-06,6.4882733568083495e-06,2.543262667131785e-08,4.148136554249504e-07,6.147486146801384e-07,4.721321111844645e-10,1.1671896800180548e-06,7.868555584877868e-09,3.1774574082987783e-09,1.979514081540401e-07,9.198606676363852e-08,9.885669172149392e-09,2.3230509782479203e-07,1.646384278908286e-10,3.9300259231822565e-05
C:/Users/KUBA/GitProjects/WKIRO-Project/data/GM001/Session1/Overground_Walk/Walk_Comfortable/Post_Process/Walk_Comfortable9.csv,4,GM001,Session1,overground,walk,comfortable,8,GM001,8,GM001,0.5686017274856567,7.359703886322677e-05,0.00028017719159834087,0.0004532391903921962,0.04967620223760605,0.001141162239946425,0.06815933436155319,0.08858238160610199,8.833904576022178e-05,0.5686017274856567,0.054025985300540924,0.0007375383283942938,0.0006378102116286755,0.012831375934183598,0.001449656905606389,0.009218007326126099,0.0028174985200166702,0.031242836266756058,8.704871288500726e-05,0.010804211720824242,0.009104985743761063,2.7391495677875355e-05,0.028035826981067657,0.0001236705284100026,7.956392073538154e-05,0.006628603208810091,0.00025718435063026845,0.00019573919416870922,0.0021524489857256413,1.4194992218108382e-05,0.05247226357460022
C:/Users/KUBA/GitProjects/WKIRO-Project/data/GM001/Session1/Overground_Walk/Walk_Fast/Post_Process/Walk_Fast2.csv,1,GM001,Session1,overground,walk,fast,8,GM001,8,GM001,0.9998998641967773,2.593195880251642e-08,1.1048396686419437e-07,1.1384340692366379e-10,8.472214176435955e-06,2.5856169982851895e-10,5.7615237892605364e-05,4.378016001282958e-06,5.99155356439951e-08,0.9998998641967773,1.4484550447946276e-08,4.15099898898319e-10,7.44745491942922e-08,7.230832466120773e-08,1.725579750200268e-07,1.285551149976527e-07,4.827060365641955e-06,5.499805411091074e-06,7.089231246482086e-08,4.6059494707151316e-07,6.29752818781526e-08,3.6617928689253176e-09,1.0872378879867028e-05,1.028033569383524e-08,3.80031006663728e-10,1.2201065828776336e-06,1.4751454280315102e-08,3.1444297832194934e-08,3.5850735002895817e-06,5.784456247326375e-10,2.376888005528599e-06
C:/Users/KUBA/GitProjects/WKIRO-Project/data/GM001/Session1/Overground_Walk/Walk_Slow/Post_Process/Walk_Slow3.csv,8,GM001,Session1,overground,walk,slow,8,GM001,8,GM001,0.5657411813735962,6.337181548587978e-05,0.0002687653177417815,0.0004228305770084262,0.04694604501128197,0.001057564513757825,0.06922115385532379,0.09924434125423431,8.08045660960488e-05,0.5657411813735962,0.055586449801921844,0.0007000502664595842,0.0006113727577030659,0.01142933964729309,0.0016182875260710716,0.00944727472960949,0.002699890173971653,0.030253317207098007,9.026869520312175e-05,0.010615235194563866,0.00890551321208477,2.3166405298979953e-05,0.02832791954278946,0.00012522898032329977,7.374444976449013e-05,0.006132451817393303,0.0002558293635956943,0.00019129269639961421,0.002357068005949259,1.2744525520247407e-05,0.04749748855829239
C:/Users/KUBA/GitProjects/WKIRO-Project/data/GM001/Session2/Overground_Run/Run_Comfortable/Post_Process/Run_Comfortable6.csv,3,GM001,Session2,overground,run,comfortable,8,GM001,8,GM001,0.9999241828918457,7.907877130897134e-10,1.6778182043708512e-07,1.68976943548671e-10,1.3333935385162476e-05,2.026007583921796e-09,1.6447280358988792e-05,9.722416507429443e-06,2.0992445115552982e-08,0.9999241828918457,9.470819151147225e-08,8.665112516403894e-10,9.107032639121826e-08,2.066341721729259e-06,4.710677714570011e-08,1.9140814799811778e-07,1.1049746717617381e-06,3.2463151455885964e-06,4.584490564951693e-09,7.181015604373897e-08,9.47155740504968e-08,4.0984185489811864e-10,7.307793111976935e-06,3.820090022088607e-09,1.4380811819147965e-10,8.390036754235553e-08,8.021405761837741e-09,8.198914436263749e-09,1.1099822359028622e-06,5.0660600714458326e-11,2.0605713871191256e-05
C:/Users/KUBA/GitProjects/WKIRO-Project/data/GM001/Session2/Overground_Run/Run_Fast/Post_Process/Run_Fast12.csv,1,GM001,Session2,overground,run,fast,8,GM001,8,GM001,0.9999310970306396,1.920108161357348e-08,4.094195901416242e-06,3.859216834989354e-10,1.1505925613164436e-05,5.585331663837678e-08,1.167931804957334e-05,9.176740149996476e-07,3.8243908306867525e-07,0.9999310970306396,4.395663495415647e-07,2.217735772802598e-09,7.97428015175683e-07,7.655817171325907e-06,4.1285190377493564e-08,1.0121601690116222e-07,1.1152329534525052e-05,4.30113504990004e-06,1.8669378931690517e-08,1.3805760090690455e-06,1.3125768418831285e-06,3.7066207880798174e-09,1.2614132174348924e-06,8.271143769889022e-09,4.1327452571238155e-10,1.658500394796647e-07,5.270310907690146e-07,1.6674359670787453e-08,3.952737188228639e-06,8.248186578185823e-10,7.107670626282925e-06
C:/Users/KUBA/GitProjects/WKIRO-Project/data/GM001/Session2/Overground_Run/Run_Fast/Post_Process/Run_Fast4.csv,1,GM001,Session2,overground,run,fast,8,GM001,8,GM001,0.9998805522918701,6.132912488965303e-08,1.0134805705774852e-07,1.5810291964513112e-10,7.958520654938184e-06,7.137159308001628e-09,1.1567736692086328e-05,5.361853823160345e-07,2.3854211050888807e-08,0.9998805522918701,6.058791512941752e-08,3.7583580692057694e-09,2.9688362701563165e-07,7.562598511867691e-06,7.652214435438509e-07,2.4017072064452805e-07,1.1258926861046348e-05,5.205324669077527e-07,2.1349809031789846e-08,9.042204140996546e-08,4.1498287828289904e-07,9.693367220009463e-10,4.805572643817868e-06,1.666165871938574e-08,1.6968988714172184e-10,2.167150903176207e-08,8.171599574779975e-08,3.542788107324668e-08,4.968403573002433e-06,7.496456788658179e-10,6.790097540942952e-05
C:/Users/KUBA/GitProjects/WKIRO-Project/data/GM001/Session2/Overground_Walk/Walk_Fast/Post_Process/Walk_Fast12.csv,1,GM001,Session2,overground,walk,fast,8,GM001,8,GM001,0.9998950958251953,2.8590330103384076e-08,1.4211418886134197e-07,1.1723727544321605e-10,5.981242793495767e-06,2.560023304454262e-10,5.403141403803602e-05,4.370478109194664e-06,6.006009556358549e-08,0.9998950958251953,1.5484280524447058e-08,5.565292116038734e-10,9.511668963568809e-08,5.6719908769764515e-08,2.1438188468891894e-07,2.2624570306106762e-07,1.0723108061938547e-05,5.5897244237712584e-06,9.246991794498172e-08,4.2639075559236517e-07,1.1758434226294412e-07,7.974061411175626e-09,1.371396501781419e-05,1.9784275551160135e-08,3.9729147749412164e-10,1.6285276842609164e-06,1.3164670242815646e-08,3.361337874707715e-08,4.058544163854094e-06,9.755960483914805e-10,3.1108472740015713e-06
C:/Users/KUBA/GitProjects/WKIRO-Project/data/GM001/Session2/Overground_Walk/Walk_Fast/Post_Process/Walk_Fast2.csv,2,GM001,Session2,overground,walk,fast,8,GM001,8,GM001,0.9999136328697205,4.711248280386826e-09,2.7509961455507437e-06,6.00474947543006e-10,2.200476774305571e-05,4.04112343588281e-09,1.0130312148248777e-05,7.69672340084071e-07,5.9627005555285e-08,0.9999136328697205,1.6999833007957932e-07,2.402042564852991e-09,5.811693313262367e-07,8.119325229927199e-07,5.482529985556539e-08,4.986853241462086e-08,2.104033228533808e-05,5.835980573465349e-06,2.9797934786301994e-08,4.2557570623102947e-07,6.232669420569437e-07,6.990404366469249e-10,1.29787531477632e-06,2.7197866181438712e-09,4.379573093071798e-10,2.4327360392817354e-07,5.6093838907145255e-08,1.1324782001054245e-08,5.712229835808103e-07,5.030921790272203e-10,1.8809805624186993e-05
C:/Users/KUBA/GitProjects/WKIRO-Project/data/GM001/Session2/Overground_Walk/Walk_Fast/Post_Process/Walk_Fast3.csv,2,GM001,Session2,overground,walk,fast,8,GM001,8,GM001,0.5693851709365845,5.611656524706632e-05,0.00032650711364112794,0.00045515852980315685,0.045506030321121216,0.0010133562609553337,0.06634299457073212,0.09343158453702927,7.962570816744119e-05,0.5693851709365845,0.05275088548660278,0.0006321251858025789,0.000582181615754962,0.01201933715492487,0.0016475978773087263,0.010716719552874565,0.0030718366615474224,0.03167640417814255,9.575502917869017e-05,0.010041657835245132,0.010091584175825119,2.3278571461560205e-05,0.03181174024939537,0.00011474823259050027,6.531707185786217e-05,0.005993928760290146,0.00024926249170675874,0.00016958301421254873,0.0024218105245381594,1.4227296560420655e-05,0.049213483929634094
C:/Users/KUBA/GitProjects/WKIRO-Project/data/GM001/Session2/Overground_Walk/Walk_Slow/Post_Process/Walk_Slow1.csv,11,GM001,Session2,overground,walk,slow,8,GM001,8,GM001,0.5274597406387329,8.972133946372196e-05,0.0003395368403289467,0.0004251531499903649,0.05219624936580658,0.00098518468439579,0.06810051202774048,0.11746355891227722,0.00010290353384334594,0.5274597406387329,0.05278662219643593,0.0007067011320032179,0.0007078535272739828,0.012167050503194332,0.0017408061539754272,0.0142774423584342,0.0032395832240581512,0.034109413623809814,0.00012889788195025176,0.011186713352799416,0.010324046015739441,3.53005452780053e-05,0.030220067128539085,0.00016947741096373647,9.233019954990596e-05,0.0093888770788908,0.00030844155116938055,0.0002236995060229674,0.0031725196167826653,1.9965738829341717e-05,0.04783163219690323
C:/Users/KUBA/GitProjects/WKIRO-Project/data/GM001/Session2/Treadmill_Walk/Treadmill_Walk_Slow/Post_Process/Treadmill_Walk_Slow.csv,119,GM001,Session2,treadmill,walk,slow,8,GM001,8,GM001,0.999874472618103,1.3376092233841064e-08,5.345120257516101e-07,7.815871838623423e-10,3.459486470092088e-05,2.8228128723384316e-09,3.141760316793807e-05,2.6151726615353255e-06,3.9677239271895814e-08,0.999874472618103,1.5775258077610488e-07,5.068453656775773e-09,2.535863643515768e-07,5.342521944839973e-07,6.557046958732826e-07,2.0432986502783024e-07,2.246636177005712e-05,3.5048910831392277e-06,7.243572497372952e-08,4.849918582294777e-07,7.071092227306508e-07,5.44301714811013e-09,5.364454864320578e-06,1.344996913843488e-08,7.99373123250291e-10,6.434108286157425e-07,6.861765911025941e-08,3.4611083776781015e-08,2.2166943836054998e-06,1.3460537129361683e-09,1.887469261419028e-05
C:/Users/KUBA/GitProjects/WKIRO-Project/data/GQ016/Session1/Overground_Run/Run_Comfortable/Post_Process/Run_Comfortable1.csv,3,GQ016,Session1,overground,run,comfortable,9,GQ016,9,GQ016,0.4983796775341034,0.00033981792512349784,0.0006941196625120938,0.0030654603615403175,0.006991419475525618,0.004677157383412123,0.0176572073251009,0.031485654413700104,0.00048460913239978254,0.08405634015798569,0.4983796775341034,0.0025632933247834444,0.0020062250550836325,0.011968583799898624,0.008758053183555603,0.0031606967095285654,0.004761920310556889,0.0407450906932354,0.0005209134542383254,0.11320686340332031,0.08573886007070541,8.115436503430828e-05,0.013688035309314728,0.00032045782427303493,0.0002465831639710814,0.0020303770434111357,0.0019246754236519337,0.0009267970453947783,0.02858029305934906,7.608312444062904e-05,0.030863577499985695
C:/Users/KUBA/GitProjects/WKIRO-Project/data/GQ016/Session1/Overground_Run/Run_Comfortable/Post_Process/Run_Comfortable3.csv,3,GQ016,Session1,overground,run,comfortable,9,GQ016,9,GQ016,0.556609570980072,0.0002961565041914582,0.00040628635906614363,0.003091709455475211,0.003757050959393382,0.0041961027309298515,0.010997460223734379,0.02099532075226307,0.0004945717519149184,0.04160015285015106,0.556609570980072,0.0024791311006993055,0.0013997824862599373,0.013545777648687363,0.008286956697702408,0.0018025193130597472,0.0026947457809001207,0.021023942157626152,0.0004829285608138889,0.1386439949274063,0.09441718459129333,6.554008723469451e-05,0.01051531732082367,0.00022080796770751476,0.00021734641632065177,0.0012564481003209949,0.0021003223955631256,0.0009098757873289287,0.031362518668174744,7.246537279570475e-05,0.026058031246066093
C:/Users/KUBA/GitProjects/WKIRO-Project/data/GQ016/Session1/Overground_Run/Run_Comfortable/Post_Process/Run_Comfortable8.csv,1,GQ016,Session1,overground,run,comfortable,9,GQ016,9,GQ016,0.9999955892562866,1.0520101283162386e-11,5.448026474397238e-10,4.2381694242976664e-07,2.735734305758797e-09,2.1474139799693148e-08,3.572986795319366e-09,1.6367763047697714e-11,6.574752027532771e-12,3.731233100268128e-09,0.9999955892562866,1.3981806823437637e-08,1.6521731538432505e-08,8.485312008588153e-09,2.5927468172426416e-08,2.0895342747739853e-12,5.026798888252415e-08,2.644815992880467e-07,7.119888706386135e-11,2.72182046501257e-06,1.1992804083149622e-08,2.744762750417351e-11,4.0062862749490336e-11,2.0459461902433418e-10,4.3050937814648194e-10,1.984300050661414e-11,4.110038176463604e-08,2.622919242911692e-12,1.7126702833714091e-10,7.14234850733228e-14,7.480532531189965e-07
C:/Users/KUBA/GitProjects/WKIRO-Project/data/GQ016/Session1/Overground_Run/Run_Fast/Post_Process/Run_Fast10.csv,2,GQ016,Session1,overground,run,fast,9,GQ016,9,GQ016,0.9999021887779236,2.7535088875652036e-08,4.435276590442072e-09,2.0082226910744794e-05,4.147875642956933e-07,5.7458446889313564e-08,1.7624691395212722e-07,1.1228920016037591e-08,1.5788714780029522e-10,1.809363254778873e-07,0.9999021887779236,3.6410509096640453e-07,3.560445520633948e-07,1.8245924593429663e-06,3.1581084840581752e-06,3.400015824439606e-09,6.967351282582968e-07,8.501332558807917e-06,1.6587923923339076e-08,3.355219814693555e-05,1.7522168604955368e-07,8.725056233060968e-10,3.937603576531501e-09,8.488886038549026e-08,1.7291576170919143e-07,3.889509603283159e-09,1.2812458862754283e-06,6.807393537755502e-10,2.1083895518358986e-08,1.270947375120457e-10,2.6651170628611e-05
C:/Users/KUBA/GitProjects/WKIRO-Project/data/GQ016/Session1/Overground_Run/Run_Fast/Post_Process/Run_Fast2.csv,1,GQ016,Session1,overground,run,fast,9,GQ016,9,GQ016,0.9999687671661377,1.05044284381961e-09,1.412994610205942e-09,3.851971541735111e-06,2.5222740873687144e-07,8.048045430086859e-08,2.762718942506126e-08,2.6718405266024092e-09,2.6434110109163633e-11,8.088482772450334e-09,0.9999687671661377,2.329081070229222e-07,1.7728265788719e-07,3.3727621939760866e-07,2.1592009034065995e-06,2.518424635500338e-10,1.2612989053195633e-07,1.0658353630788042e-06,2.3686732575356473e-09,9.273709110857453e-06,1.1409897915370948e-08,9.574571691040035e-11,1.9039565757328347e-10,1.374541280796393e-08,2.383471198186271e-08,2.031407125846485e-10,2.4510416096745757e-06,4.94784102578194e-10,3.237346746232106e-08,1.2267190735437694e-11,1.1039080163754988e-05
C:/Users/KUBA/GitProjects/WKIRO-Project/data/GQ016/Session1/Overground_Run/Run_Fast/Post_Process/Run_Fast4.csv,1,GQ016,Session1,overground,run,fast,9,GQ016,9,GQ016,0.999268114566803,6.00366631409166e-11,6.556425091730489e-08,7.858984645281453e-07,1.0485113222102882e-07,9.2154074593509e-08,2.3512917834977998e-07,6.61385879396903e-09,8.258659311977112e-10,2.1388366633345868e-07,0.999268114566803,4.738467040965588e-08,2.871950073313201e-07,1.074286046787165e-06,4.731533636004315e-07,1.3678206345346666e-09,4.963660103385337e-06,9.49723289522808e-06,8.612843216404542e-10,5.5724725825712085e-05,3.087971833792835e-07,4.203974113270448e-10,3.2586344733687156e-09,5.14940257101415e-10,2.376282504101823e-09,1.257922210839979e-09,1.157996010192619e-07,9.999188976816953e-11,1.0991403343041384e-08,1.58008692935363e-11,0.0006577776512131095
C:/Users/KUBA/GitProjects/WKIRO-Project/data/GQ016/Session1/Overground_Run/Run_Fast/Post_Process/Run_Fast9.csv,1,GQ016,Session1,overground,run,fast,9,GQ016,9,GQ016,0.5619214773178101,0.0004572509496938437,0.00028019194724038243,0.0036834382917732,0.002377274679020047,0.004418606869876385,0.006558510474860668,0.011665452271699905,0.0006422532605938613,0.020096324384212494,0.5619214773178101,0.0027338892687112093,0.001172281801700592,0.017018096521496773,0.00852136965841055,0.0010942874941974878,0.0020181972067803144,0.012373794801533222,0.0005048686289228499,0.16071905195713043,0.09993070363998413,9.421080903848633e-05,0.007372980937361717,0.00019931214046664536,0.00026866767439059913,0.0009286716231144965,0.002582533285021782,0.001079245237633586,0.03357269987463951,0.00010046043462352827,0.0356140062212944
C:/Users/KUBA/GitProjects/WKIRO-Project/data/GQ016/Session1/Overground_Walk/Walk_Comfortable/Post_Process/Walk_Comfortable8.csv,4,GQ016,Session1,overground,walk,comfortable,9,GQ016,9,GQ016,0.9998956918716431,1.7496737392264095e-10,1.246966441215136e-08,8.79729100233817e-07,5.694935012456881e-08,5.751771681161699e-08,1.1595554383347917e-07,8.886272162555997e-09,2.2778068320405964e-09,3.4345862331974786e-07,0.9998956918716431,4.9601382556829776e-08,3.693117207603791e-07,1.4111148516349203e-07,2.0996310468035517e-07,4.4940828836104174e-11,4.08256028094911e-07,1.1484377182569006e-06,1.8774644061636536e-09,9.760545799508691e-05,2.237610914335164e-07,4.900609917868337e-10,4.679651111061389e-10,1.1650529430085044e-09,3.724413488725986e-08,8.293474795806333e-10,1.5888555537912907e-07,4.081266227751179e-11,2.4883717308910036e-09,1.1674111113565977e-12,2.4139148990798276e-06
C:/Users/KUBA/GitProjects/WKIRO-Project/data/GQ016/Session1/Overground_Walk/Walk_Slow/Post_Process/Walk_Slow7.csv,8,GQ016,Session1,overground,walk,slow,9,GQ016,9,GQ016,0.5537108182907104,0.00027674445300363004,0.00045702385250478983,0.0030251271091401577,0.0028093443252146244,0.0038640687707811594,0.010511255823075771,0.0276955533772707,0.0005171954398974776,0.020725442096590996,0.5537108182907104,0.0024998532608151436,0.001555244904011488,0.014285009354352951,0.006520852446556091,0.002948241773992777,0.0018174462020397186,0.015755072236061096,0.0005765012465417385,0.15061801671981812,0.1119341105222702,6.0498688981169835e-05,0.012996403500437737,0.00021701866353396326,0.0002177099813707173,0.00215642130933702,0.0022611001040786505,0.0009184761438518763,0.03520786762237549,8.047674054978415e-05,0.013781114481389523
C:/Users/KUBA/GitProjects/WKIRO-Project/data/GQ016/Session2/Overground_Run/Run_Comfortable/Post_Process/Run_Comfortable1.csv,2,GQ016,Session2,overground,run,comfortable,9,GQ016,9,GQ016,0.45945483446121216,0.00035474461037665606,0.0009613733272999525,0.002961528254672885,0.008463442325592041,0.004728714004158974,0.02127969264984131,0.04110179468989372,0.0004978802753612399,0.09999708086252213,0.45945483446121216,0.002637229859828949,0.0024848810862749815,0.01205033902078867,0.007490722928196192,0.004655707627534866,0.00625530956313014,0.0528583899140358,0.0005841391393914819,0.10738803446292877,0.08768744766712189,9.173627040581778e-05,0.017034314572811127,0.00039364054100587964,0.0002631550014484674,0.002987298183143139,0.0019252188503742218,0.0009318238589912653,0.0279383547604084,8.364162204088643e-05,0.024457572028040886
C:/Users/KUBA/GitProjects/WKIRO-Project/data/GQ016/Session2/Overground_Run/Run_Comfortable/Post_Process/Run_Comfortable5.csv,2,GQ016,Session2,overground,run,comfortable,9,GQ016,9,GQ016,0.5199512839317322,0.0003868339699693024,0.0006142416968941689,0.0030915685929358006,0.0049827187322080135,0.004543437622487545,0.014682263135910034,0.029850464314222336,0.0005273940041661263,0.05442652851343155,0.5199512839317322,0.0025998076889663935,0.0019633928313851357,0.012801360338926315,0.00870243925601244,0.003020890988409519,0.004073255695402622,0.030684802681207657,0.0005844467668794096,0.12198435515165329,0.09660407900810242,9.152177517535165e-05,0.013515928760170937,0.00031549338018521667,0.0002598484861664474,0.002136451657861471,0.002035014098510146,0.0009667121921665967,0.03159155696630478,8.644736954011023e-05,0.03292553499341011
C:/Users/KUBA/GitProjects/WKIRO-Project/data/GQ016/Session2/Overground_Walk/Walk_Comfortable/Post_Process/Walk_Comfortable3.csv,4,GQ016,Session2,overground,walk,comfortable,9,GQ016,9,GQ016,0.5456113219261169,0.00036824936978518963,0.00041442556539550424,0.0032840592321008444,0.0034717160742729902,0.004231355153024197,0.010099056176841259,0.02063894271850586,0.000587940274272114,0.03111954778432846,0.5456113219261169,0.0026378673501312733,0.0014598635025322437,0.015821246430277824,0.007320045493543148,0.0020352371502667665,0.002370580332353711,0.018809054046869278,0.0005371275474317372,0.15233734250068665,0.1038145199418068,7.971098239067942e-05,0.010467899963259697,0.00022671140322927386,0.00024890631902962923,0.0015620033955201507,0.0023838079068809748,0.0009993332205340266,0.033511560410261154,9.183623478747904e-05,0.023458654060959816
C:/Users/KUBA/GitProjects/WKIRO-Project/data/GQ016/Session2/Overground_Walk/Walk_Comfortable/Post_Process/Walk_Comfortable8.csv,4,GQ016,Session2,overground,walk,comfortable,9,GQ016,9,GQ016,0.9999173879623413,2.150652433918765e-10,1.0435430297661696e-08,7.208607257780386e-07,3.794966829673285e-08,6.976206634590199e-08,7.587101436001831e-08,9.107536946828532e-09,6.442153477337342e-10,6.942340178284212e-07,0.9999173879623413,6.096609439509848e-08,5.211745133237855e-07,1.3955684607935837e-07,1.4941956294478587e-07,2.2709950239785393e-11,6.989560574766074e-07,6.329967732199293e-07,1.931374171704192e-09,7.55170185584575e-05,2.101458846937021e-07,3.1462971117335314e-10,5.454636187174344e-10,1.23534282803206e-09,4.959038690799389e-08,3.095988743151423e-10,1.0281412698986969e-07,1.6549418085931578e-11,1.2215792821734794e-09,5.931677132982316e-13,2.8648291845456697e-06
C:/Users/KUBA/GitProjects/WKIRO-Project/data/GQ016/Session2/Overground_Walk/Walk_Fast/Post_Process/Walk_Fast3.csv,3,GQ016,Session2,overground,walk,fast,9,GQ016,9,GQ016,0.5528898239135742,0.0004232934152241796,0.00026545303990133107,0.004260593559592962,0.0026489663869142532,0.004882839508354664,0.0067353942431509495,0.012452799826860428,0.0006977354059927166,0.021411648020148277,0.5528898239135742,0.003115607425570488,0.0010712851071730256,0.021795518696308136,0.008389781229197979,0.0010743498569354415,0.0019158461363986135,0.012133464217185974,0.000446319580078125,0.17086173593997955,0.09357040375471115,8.450105087831616e-05,0.007554503623396158,0.00017829181160777807,0.0002726256789173931,0.0009826215682551265,0.0030914852395653725,0.0011472349287942052,0.03150837495923042,0.00010189857130171731,0.03403559327125549
C:/Users/KUBA/GitProjects/WKIRO-Project/data/GQ016/Session2/Overground_Walk/Walk_Slow/Post_Process/Walk_Slow8.csv,4,GQ016,Session2,overground,walk,slow,9,GQ016,9,GQ016,0.9998645782470703,1.4178908047668415e-09,4.707250695901166e-07,3.7412137317005545e-05,3.4230234291499073e-07,2.2702479327563196e-06,1.8810187185636096e-08,8.187798883341202e-09,1.7337814517404126e-09,7.664650638616877e-07,0.9998645782470703,3.40904136919562e-07,2.3873286409070715e-05,1.5421170473928214e-06,3.7008192066423362e-06,5.484389054011274e-10,8.337312465300784e-06,2.0018503619212424e-06,4.048372304055192e-09,4.789344529854134e-05,2.5461333734710934e-06,6.143098918443002e-09,8.246396343558615e-10,3.267263792849917e-08,3.7316948464649613e-07,3.343665622157488e-10,6.742237133039453e-07,1.0878464795638365e-10,1.8564623172068195e-09,2.759528066123562e-12,2.8652107175730634e-06
C:/Users/KUBA/GitProjects/WKIRO-Project/data/HN021/Session1/Overground_Run/Run_Comfortable/Post_Process/Run_Comfortable3.csv,5,HN021,Session1,overground,run,comfortable,10,HN021,10,HN021,0.3694160580635071,0.005031406879425049,8.04522424004972e-05,0.05692163109779358,0.00026917486684396863,0.3460579812526703,0.0008705059881322086,8.616538980277255e-05,0.009275796823203564,6.055940320948139e-05,0.0031124756205826998,0.3694160580635071,0.009491560980677605,0.000856805476360023,0.005764126777648926,1.3533330047721392e-06,5.646953286486678e-05,4.6855064283590764e-05,0.0005072677740827203,0.0029747416265308857,0.00010165778076043352,0.015601041726768017,0.0001767563371686265,0.003223130479454994,0.06956847757101059,3.7520763726206496e-05,0.0006789891049265862,0.09778988361358643,5.809019785374403e-05,0.00045839586528018117,0.0014247321523725986
C:/Users/KUBA/GitProjects/WKIRO-Project/data/HN021/Session1/Overground_Run/Run_Comfortable/Post_Process/Run_Comfortable7.csv,4,HN021,Session1,overground,run,comfortable,10,HN021,10,HN021,0.35892191529273987,0.005708766169846058,6.848516204627231e-05,0.04518051818013191,0.00022737888502888381,0.35833674669265747,0.0007601141114719212,7.861408812459558e-05,0.007684447802603245,5.148025957169011e-05,0.00284670852124691,0.35892191529273987,0.008445004001259804,0.0007826616056263447,0.00471456628292799,1.3186796650188626e-06,4.717932461062446e-05,4.239075497025624e-05,0.00045276779565028846,0.002672448754310608,9.690817387308925e-05,0.017607295885682106,0.00016437118756584823,0.003208040725439787,0.07769803702831268,3.5847948311129585e-05,0.0005804564571008086,0.10191319137811661,5.546371539821848e-05,0.000460366893094033,0.0011564688757061958
C:/Users/KUBA/GitProjects/WKIRO-Project/data/HN021/Session1/Overground_Run/Run_Fast/Post_Process/Run_Fast10.csv,1,HN021,Session1,overground,run,fast,10,HN021,10,HN021,0.9999775886535645,1.0739062972220381e-08,9.830916525288558e-08,6.841416961833602e-06,1.2022614903628437e-08,4.447409196473018e-07,2.2431320800819776e-08,1.0267789285478557e-08,8.741855572758084e-10,2.520500475000631e-09,1.3968600498515116e-08,0.9999775886535645,8.105306733341422e-06,1.1328521765108235e-07,5.2062340216707526e-08,1.6134036329162882e-08,3.042950424969604e-08,5.617737830476699e-09,1.99600780348419e-08,4.879388448841837e-09,3.1037068026762427e-08,9.07949093686966e-09,1.1429813895347252e-07,1.4384934274858097e-06,4.066853307449492e-06,1.360056671728671e-07,3.1793481980457727e-07,2.2383761688615778e-07,2.614070515605249e-09,2.7599978125181224e-07,1.1566254443096113e-07
C:/Users/KUBA/GitProjects/WKIRO-Project/data/HN021/Session1/Overground_Run/Run_Fast/Post_Process/Run_Fast9.csv,1,HN021,Session1,overground,run,fast,10,HN021,10,HN021,0.40360283851623535,0.003000306896865368,0.00018353124323766679,0.10802779346704483,0.0007078975904732943,0.29202035069465637,0.0018113908590748906,0.00018708378775045276,0.016135146841406822,0.00013089869753457606,0.0035286403726786375,0.40360283851623535,0.01608334295451641,0.0009976550936698914,0.009182226844131947,2.2918422928341897e-06,0.00011637651914497837,8.798520866548643e-05,0.0006781514966860414,0.0035619994159787893,9.783413406694308e-05,0.010463832877576351,0.0002619923325255513,0.00374937173910439,0.044643305242061615,6.768493039999157e-05,0.0010587240103632212,0.07706751674413681,5.464975401991978e-05,0.00043202273081988096,0.002057117410004139
C:/Users/KUBA/GitProjects/WKIRO-Project/data/HN021/Session1/Overground_Walk/Walk_Fast/Post_Process/Walk_Fast1.csv,3,HN021,Session1,overground,walk,fast,10,HN021,10,HN021,0.3491739332675934,0.009599328972399235,0.00011452277976786718,0.06705231219530106,0.00030520858126692474,0.19654297828674316,0.0007721052970737219,0.00013413226406555623,0.01625705510377884,4.1148592572426423e-05,0.002618494676426053,0.3491739332675934,0.013563123531639576,0.0008554385858587921,0.007358704227954149,2.5420083602512022e-06,6.828058394603431e-05,4.044122761115432e-05,0.0010924659436568618,0.0032458503264933825,0.00010687182657420635,0.020328644663095474,0.00015811269986443222,0.005455866921693087,0.1267760545015335,7.300321158254519e-05,0.0015696851769462228,0.17426328361034393,0.00015378785610664636,0.001056545996107161,0.001220023725181818
C:/Users/KUBA/GitProjects/WKIRO-Project/data/HN021/Session1/Overground_Walk/Walk_Fast/Post_Process/Walk_Fast4.csv,4,HN021,Session1,overground,walk,fast,10,HN021,10,HN021,0.9999599456787109,4.26216892890352e-08,6.104060901179764e-08,3.2104269394039875e-06,1.1004706479411652e-08,2.7285454962111544e-06,3.594593778188937e-08,1.94078690896049e-08,1.1508811681437692e-09,1.219726719625669e-08,2.5034651685018616e-08,0.9999599456787109,8.058126695686951e-06,8.1348709102258e-08,4.6660286301403175e-08,2.1416685314079587e-08,2.81831873394367e-08,2.9100569065576565e-08,1.6626877652470284e-08,4.811411269400878e-09,3.671197745802601e-08,4.770441108803425e-08,2.391439863913547e-07,3.1919612411002163e-06,2.125499304383993e-05,2.1968612884393224e-07,6.507723782078756e-08,3.6765138133887376e-07,1.0237828362846813e-09,5.440695005631824e-08,2.1537738348342828e-07
C:/Users/KUBA/GitProjects/WKIRO-Project/data/HN021/Session1/Overground_Walk/Walk_Fast/Post_Process/Walk_Fast6.csv,4,HN021,Session1,overground,walk,fast,10,HN021,10,HN021,0.9999614953994751,3.1175748205214404e-08,6.658554241312231e-08,3.709448719746433e-06,1.1974668367997765e-08,3.6616786474041874e-06,2.705860779883551e-08,1.456341269800987e-08,1.1980642034004063e-09,7.598183415780113e-09,3.235593837302986e-08,0.9999614953994751,1.3972949091112241e-05,7.916578681488318e-08,3.988203189919659e-08,1.594145970784666e-08,3.035479778645822e-08,2.098721374466095e-08,1.2385003245185544e-08,5.6749280830104e-09,4.457004365576722e-08,3.593149244807137e-08,1.2161977736013796e-07,2.328681830476853e-06,1.3545246474677697e-05,1.6898906096685096e-07,9.795324729111599e-08,2.0910312059641e-07,8.765225212314931e-10,5.285231452489825e-08,2.2168906355091167e-07
C:/Users/KUBA/GitProjects/WKIRO-Project/data/HN021/Session2/Overground_Run/Run_Comfortable/Post_Process/Run_Comfortable6.csv,3,HN021,Session2,overground,run,comfortable,10,HN021,10,HN021,0.9998952746391296,2.665304776883204e-08,2.699601111544325e-07,2.750082603597548e-05,1.172813526295613e-07,3.605612846513395e-06,4.600165581791771e-08,2.574687663070563e-08,3.714468510551683e-09,9.973387449235815e-09,6.164685117937552e-08,0.9998952746391296,3.7522229831665754e-05,1.8699078907502553e-07,3.404889170610659e-08,2.7419963188890506e-08,1.4097707889959565e-07,9.717916071849686e-08,2.7346191089350214e-08,2.8396740958669398e-08,2.3789600334112038e-07,6.555540466024468e-08,3.502683227907255e-07,1.889360646600835e-06,2.9642460503964685e-05,7.89578109561262e-07,6.501520601887023e-07,4.983737085240136e-07,6.249899708876683e-09,6.247193482522562e-07,2.229267721531869e-07
C:/Users/KUBA/GitProjects/WKIRO-Project/data/HN021/Session2/Overground_Run/Run_Comfortable/Post_Process/Run_Comfortable8.csv,2,HN021,Session2,overground,run,comfortable,10,HN021,10,HN021,0.99995356798172,7.649560984646087e-09,8.300476395106671e-08,1.3972062333778013e-05,2.2654118581044713e-08,1.4799263681197772e-06,1.5160715349793463e-08,9.744431039848678e-09,1.110799452419542e-09,1.5566666844435417e-09,3.499583201005407e-08,0.99995356798172,2.4502889573341236e-05,8.361389802757913e-08,3.014747562701814e-08,7.736730367469136e-09,3.185523667070811e-08,6.326083656915671e-09,7.753019559686436e-09,6.494206061802288e-09,4.6912397522191895e-08,1.7663957407876296e-08,7.942921342873888e-08,1.0784331152535742e-06,3.7361310205596965e-06,1.2572290586376766e-07,4.805830258192145e-07,2.3741097265883582e-07,2.615418104312539e-09,2.527771414406743e-07,8.596899192525598e-08
C:/Users/KUBA/GitProjects/WKIRO-Project/data/HN021/Session2/Overground_Run/Run_Fast/Post_Process/Run_Fast5.csv,1,HN021,Session2,overground,run,fast,10,HN021,10,HN021,0.9996920824050903,6.788788198264228e-08,1.4383392681338592e-06,1.9915038137696683e-05,1.2587547359999007e-07,3.7589401472359896e-05,8.617640645525171e-08,5.586137774571398e-08,2.6154797438948663e-08,2.9494822584297253e-08,1.2400232662912458e-07,0.9996920824050903,0.00022174144396558404,6.368911158460833e-07,7.109068178579037e-08,2.0406950795859302e-07,1.4556145515598473e-06,2.246374464220935e-08,1.569631358222523e-08,1.6087379606233299e-07,2.7385601697460515e-07,1.854397453371348e-07,5.041798658567131e-07,2.1264327187964227e-06,8.012334546947386e-06,5.622998742182972e-07,3.042949174414389e-06,5.054122311776155e-07,9.228904929159398e-08,8.112125215120614e-06,8.015585422072036e-07
C:/Users/KUBA/GitProjects/WKIRO-Project/data/HN021/Session2/Overground_Run/Run_Fast/Post_Process/Run_Fast6.csv,1,HN021,Session2,overground,run,fast,10,HN021,10,HN021,0.34081101417541504,0.011415885761380196,2.0602859876817092e-05,0.05026239901781082,0.0007569861481897533,0.053210727870464325,0.00037313095526769757,0.00048733310541138053,0.03783860057592392,9.671184670878574e-06,0.0009971157414838672,0.34081101417541504,0.003176691010594368,0.000940153026022017,0.017177488654851913,6.22146762907505e-06,1.5311885363189504e-05,1.2467054148146417e-05,0.0024003745056688786,0.003924652934074402,3.6024626751895994e-05,0.01667071133852005,6.509955710498616e-05,0.007898537442088127,0.15247662365436554,0.0001684102462604642,0.007663974538445473,0.28761208057403564,0.0005243565537966788,0.0025375408586114645,0.000509761564899236
C:/Users/KUBA/GitProjects/WKIRO-Project/data/HN021/Session2/Overground_Walk/Walk_Comfortable/Post_Process/Walk_Comfortable1.csv,5,HN021,Session2,overground,walk,comfortable,10,HN021,26,SM019,0.31613239645957947,0.017904970794916153,1.256069663213566e-05,0.02246151491999626,0.0003599720948841423,0.058457475155591965,0.000204701122129336,0.00023977376986294985,0.0179086085408926,6.3793208937568124e-06,0.0005864122067578137,0.2847839295864105,0.002358275232836604,0.0005446531577035785,0.009292049333453178,4.374062427814351e-06,1.091055128199514e-05,8.338906809512991e-06,0.0017647364875301719,0.001961037050932646,2.5752093279152177e-05,0.02297278121113777,4.323692701291293e-05,0.008341826498508453,0.2263660728931427,0.00010286130418535322,0.004215833730995655,0.31613239645957947,0.00036860359250567853,0.0023050899617373943,0.00025491154519841075
C:/Users/KUBA/GitProjects/WKIRO-Project/data/HN021/Session2/Overground_Walk/Walk_Slow/Post_Process/Walk_Slow2.csv,6,HN021,Session2,overground,walk,slow,10,HN021,10,HN021,0.9999721050262451,2.1230858848753087e-08,5.8397962021672356e-08,6.1046080190862995e-06,6.432377741560913e-09,1.0207378409177181e-06,3.413059346257796e-08,8.853202615455302e-09,5.179799367205362e-10,6.717054024107938e-09,2.4931727793386926e-08,0.9999721050262451,8.75383284437703e-06,1.1813337863486595e-07,3.5035132128768964e-08,1.5550687848531197e-08,2.2631299501085778e-08,1.2852797048878983e-08,1.342778954693813e-08,3.431796402608711e-09,2.8303185573008705e-08,1.025868723303347e-08,1.2740180466153106e-07,1.6049608575485763e-06,8.796384463494178e-06,1.6972894911759795e-07,5.154457127787282e-08,2.7092792720395664e-07,3.8552480652320753e-10,3.893751099326437e-08,4.651037954772619e-07
C:/Users/KUBA/GitProjects/WKIRO-Project/data/HN021/Session2/Overground_Walk/Walk_Slow/Post_Process/Walk_Slow4.csv,6,HN021,Session2,overground,walk,slow,10,HN021,10,HN021,0.9999597072601318,1.5902168470915967e-08,1.3672001841769088e-07,7.924849342089146e-06,1.04420534441374e-08,3.2171758448384935e-06,3.401577686190649e-08,8.445812937907249e-09,1.1478039629864156e-09,9.650579890774225e-09,3.268457859917362e-08,0.9999597072601318,1.6444188077002764e-05,1.5666260821944888e-07,2.5735372943813672e-08,1.6031703964358712e-08,4.8329070523323026e-08,1.7653208672641085e-08,7.949474856161487e-09,4.830338351524688e-09,6.172849253971435e-08,2.6068988745464594e-08,1.887361378294372e-07,1.3709809536521789e-06,9.196755854645744e-06,2.734585677899304e-07,8.781635330024073e-08,3.131970629510761e-07,6.419060838425139e-10,7.387979650275156e-08,5.719889486499596e-07
C:/Users/KUBA/GitProjects/WKIRO-Project/data/HS018/Session1/Overground_Run/Run_Comfortable/Post_Process/Run_Comfortable1.csv,2,HS018,Session1,overground,run,comfortable,11,HS018,11,HS018,0.6048314571380615,0.0020875465124845505,0.016937198117375374,0.00578156067058444,0.0001284835598198697,0.020839987322688103,0.011257082223892212,0.0011194521794095635,0.0020590329077094793,0.0018387985182926059,0.0035050357691943645,0.02458655834197998,0.6048314571380615,1.8706054106587544e-05,0.026707716286182404,0.00021224317606538534,0.007368696853518486,0.002509936224669218,0.04122874140739441,0.0004917931510135531,0.0007017237367108464,0.017678435891866684,0.0024142530746757984,0.17686940729618073,0.015909697860479355,0.0006735358037985861,5.701974805560894e-05,0.011314026080071926,0.000299975392408669,0.0003543889324646443,0.0002175626577809453
C:/Users/KUBA/GitProjects/WKIRO-Project/data/HS018/Session1/Overground_Run/Run_Comfortable/Post_Process/Run_Comfortable2.csv,2,HS018,Session1,overground,run,comfortable,11,HS018,11,HS018,0.9999898672103882,1.303103829286556e-07,8.234534476514455e-08,5.328546848204496e-08,6.439523190238106e-07,1.158321794036965e-07,9.92735778027054e-08,3.428817008099827e-09,1.938817550950489e-09,2.0257374444554443e-07,9.646754506320576e-08,1.5392472505482147e-06,0.9999898672103882,9.034108572336663e-09,1.6986728690326913e-09,3.3447256075902487e-09,5.787160262116231e-07,6.190448686993477e-08,1.1653119713628257e-07,7.029387294466005e-09,1.0198539790451377e-08,3.2726912735370206e-08,3.804294124165608e-08,3.3298188100161497e-06,2.7981043331237743e-06,4.163987821215187e-09,5.647015632881391e-10,3.5681313903523915e-08,5.885360643276272e-09,2.8594686618532705e-09,2.3290375850137934e-07
C:/Users/KUBA/GitProjects/WKIRO-Project/data/HS018/Session1/Overground_Run/Run_Comfortable/Post_Process/Run_Comfortable6.csv,2,HS018,Session1,overground,run,comfortable,11,HS018,11,HS018,0.9999517798423767,2.7950389380748675e-07,6.759035997561114e-09,3.890352786584117e-07,1.0060084321139584e-07,3.954556149210475e-08,1.0575876530083406e-07,4.862488189871783e-09,2.9774949172889364e-09,1.5795430741150085e-08,1.7257954709748446e-07,6.144111921457807e-07,0.9999517798423767,4.852451773729172e-09,1.183230935453139e-08,9.692540103856118e-09,2.63949971213151e-07,1.6576434802573203e-07,4.4368906060299196e-07,1.8668377954611515e-09,3.911265977762923e-09,2.0256329946732876e-07,1.7902063831343185e-08,3.510147871566005e-05,1.0025968549598474e-05,9.46700606796469e-10,8.025231867936355e-11,1.668930025289228e-07,4.201019976335374e-09,2.064891146957848e-09,4.167319644921008e-08
C:/Users/KUBA/GitProjects/WKIRO-Project/data/HS018/Session1/Overground_Run/Run_Fast/Post_Process/Run_Fast4.csv,1,HS018,Session1,overground,run,fast,11,HS018,11,HS018,0.9999490976333618,4.0846845195119386e-07,2.5540188630657212e-08,2.664693568021903e-07,1.8458956674294313e-07,6.46247855229376e-08,1.7076155245376867e-07,9.501225584074291e-09,7.454653783156573e-09,4.0427977410217864e-08,6.469397817454592e-08,2.3586926545249298e-07,0.9999490976333618,2.912593721760004e-09,1.3792098130238628e-08,5.039726502786834e-08,7.519989253523818e-07,3.818806817434961e-07,6.907538363520871e-07,4.372771034155676e-09,2.0705286374322895e-09,1.0270438366433154e-07,4.334824055263198e-08,4.031438220408745e-05,6.847116310382262e-06,6.080957959397892e-09,1.4936055170444718e-10,6.504821215003176e-08,7.568972115734596e-09,4.488780014355598e-09,2.066300730518833e-08
C:/Users/KUBA/GitProjects/WKIRO-Project/data/HS018/Session1/Overground_Run/Run_Fast/Post_Process/Run_Fast7.csv,1,HS018,Session1,overground,run,fast,11,HS018,11,HS018,0.9999203681945801,9.86391341939452e-07,9.246056364986543e-09,8.043254524636723e-07,1.9447959687113325e-07,5.001813363492147e-08,1.8816687941125565e-07,1.2039985897160932e-08,8.368520099111265e-09,2.667786347387846e-08,2.203442051040838e-07,3.49819714529076e-07,0.9999203681945801,4.859485258634777e-09,2.555646005930612e-08,3.847391027989033e-08,4.3002012262149947e-07,4.14220039601787e-07,7.924002716208634e-07,5.6589590791134015e-09,6.327622426027801e-09,4.725658584447956e-07,3.179200547265282e-08,6.102150655351579e-05,1.3259106708574109e-05,3.3866547344274522e-09,1.8457148309725113e-10,2.2162470258990652e-07,1.0299996411333723e-08,4.857742652575325e-09,7.551512481995815e-08
C:/Users/KUBA/GitProjects/WKIRO-Project/data/HS018/Session1/Overground_Walk/Walk_Fast/Post_Process/Walk_Fast3.csv,2,HS018,Session1,overground,walk,fast,11,HS018,11,HS018,0.9999901056289673,8.198281165050503e-08,2.5262448133389626e-08,3.541389617112145e-07,1.1963966528583114e-07,7.561776271813869e-08,1.080342926229605e-08,2.672202459308437e-09,8.941206663948265e-10,1.3984200464278729e-08,4.914422788715456e-07,1.6304340988426702e-06,0.9999901056289673,2.2623577677904905e-08,2.3783763847262662e-09,3.959840455536323e-09,5.741080499888085e-08,4.190944480342296e-08,4.7550521742323326e-08,2.451759684163335e-09,2.6245130513302684e-09,1.4955006122363557e-08,2.8507958216295037e-09,6.348992087623628e-07,6.160998054838274e-06,7.393222145601897e-10,3.0795407890416016e-10,2.624674166895602e-08,1.1089880125325635e-09,9.162823277897303e-10,6.385957540544496e-09
C:/Users/KUBA/GitProjects/WKIRO-Project/data/HS018/Session1/Overground_Walk/Walk_Fast/Post_Process/Walk_Fast4.csv,3,HS018,Session1,overground,walk,fast,11,HS018,10,HN021,0.2378448247909546,0.024328136816620827,0.0019374005496501923,0.046751469373703,0.0013669099425897002,0.15889973938465118,0.0033552476670593023,0.00024659052724018693,0.022902606055140495,0.0003746306465473026,0.0012130792019888759,0.2378448247909546,0.13154105842113495,0.0004352576797828078,0.003986834082752466,2.9216904295026325e-05,0.0010751652298495173,0.000558673869818449,0.0041014812886714935,0.0012666844995692372,0.00014562213618773967,0.1165553629398346,0.00045554444659501314,0.037275590002536774,0.1252250224351883,0.0010668224422261119,0.0005613412358798087,0.07316034287214279,5.7193396060029045e-05,0.002051984192803502,0.0012301153037697077
C:/Users/KUBA/GitProjects/WKIRO-Project/data/HS018/Session1/Overground_Walk/Walk_Slow/Post_Process/Walk_Slow1.csv,4,HS018,Session1,overground,walk,slow,11,HS018,11,HS018,0.6167489290237427,0.0022149786818772554,0.010080012492835522,0.003965831361711025,0.0001800402533262968,0.024066708981990814,0.01325834821909666,0.000991769484244287,0.001852637273259461,0.002719525946304202,0.0035730781964957714,0.02598307467997074,0.6167489290237427,1.2438335033948533e-05,0.02192354016005993,0.00010344798647565767,0.006297579035162926,0.0034650282468646765,0.022546643391251564,0.00042488949839025736,0.00039551311056129634,0.01824161596596241,0.0014035049825906754,0.19091935455799103,0.016042955219745636,0.0004334739351179451,3.688936340040527e-05,0.01140312384814024,0.0001791953545762226,0.0001896075118565932,0.0003463044122327119
C:/Users/KUBA/GitProjects/WKIRO-Project/data/HS018/Session1/Treadmill_Walk/Treadmill_Walk_Comfortable/Post_Process/Treadmill_Walk_Comfortable.csv,119,HS018,Session1,treadmill,walk,comfortable,11,HS018,11,HS018,0.9999731779098511,4.591678859355852e-08,1.0722944665531031e-07,6.360844508890295e-07,5.736685011470399e-07,3.438264855049056e-07,4.564590483369102e-08,4.07079880915262e-09,1.6971311023183944e-09,1.4488558974790067e-07,6.245864483389596e-07,6.937424586794805e-06,0.9999731779098511,1.742087007983173e-08,4.103590356407949e-09,2.7074371633517558e-09,1.138752239171481e-07,1.1504155850161624e-07,1.0779239545399832e-07,2.717355673809152e-09,4.393867492069603e-09,2.1303989683474356e-08,8.093253001106859e-08,3.827549790003104e-06,1.166753463621717e-05,4.560770427985972e-09,2.786933184228957e-10,1.2011742001050152e-06,1.5424552746168274e-09,1.6400335534072497e-09,1.1012138401156335e-07
C:/Users/KUBA/GitProjects/WKIRO-Project/data/HS018/Session2/Overground_Run/Run_Comfortable/Post_Process/Run_Comfortable2.csv,2,HS018,Session2,overground,run,comfortable,11,HS018,11,HS018,0.6401417255401611,0.002281919587403536,0.007988831028342247,0.0027895623352378607,0.0001030444327625446,0.023464519530534744,0.010590534657239914,0.0013607046566903591,0.001861360389739275,0.0009116798173636198,0.003489502239972353,0.02847760170698166,0.6401417255401611,1.2244639947311953e-05,0.011251550167798996,0.00015335509669966996,0.0027132825925946236,0.0020086090080440044,0.023607326671481133,0.0004945216351188719,0.00044734118273481727,0.01734541542828083,0.0014819882344454527,0.18301847577095032,0.01914973184466362,0.0008769282721914351,3.5886063415091485e-05,0.013446822762489319,0.00018992976401932538,0.00019907072419300675,0.00010659941472113132
C:/Users/KUBA/GitProjects/WKIRO-Project/data/HS018/Session2/Overground_Run/Run_Comfortable/Post_Process/Run_Comfortable4.csv,2,HS018,Session2,overground,run,comfortable,11,HS018,11,HS018,0.6452664136886597,0.002203879877924919,0.008047444745898247,0.0028680134564638138,0.00010244918667012826,0.022644951939582825,0.01060706190764904,0.0013624257408082485,0.0019104864913970232,0.0008919085375964642,0.0035169837065041065,0.028147319331765175,0.6452664136886597,1.2358417734503746e-05,0.011397873982787132,0.0001521377416793257,0.002689707325771451,0.0019735090900212526,0.023989949375391006,0.0005039171664975584,0.0004498436173889786,0.01680363342165947,0.0014817139599472284,0.18013747036457062,0.018359586596488953,0.0008820169605314732,3.654692045529373e-05,0.013066204264760017,0.0001900014467537403,0.00019750141655094922,0.00010668196046026424
C:/Users/KUBA/GitProjects/WKIRO-Project/data/HS018/Session2/Overground_Walk/Walk_Fast/Post_Process/Walk_Fast3.csv,2,HS018,Session2,overground,walk,fast,11,HS018,11,HS018,0.9999873638153076,1.7266168583773833e-07,2.9621858743666962e-08,2.8141462848907395e-07,4.5383370661511435e-07,4.5213614185968254e-08,2.694647172063469e-08,5.362806199116221e-09,2.732333914678975e-09,8.262082573651242e-09,6.189173973325524e-07,1.1359662721588393e-06,0.9999873638153076,6.623756210188958e-09,7.594120332576892e-10,3.4262241932481174e-09,3.379745550091684e-08,1.4146914395496424e-07,1.5718670454134553e-07,4.822844346108468e-09,2.67833955014396e-09,9.167834491563553e-08,2.278516486597937e-09,4.77342723570473e-07,8.884199814929161e-06,1.6053722795561498e-09,1.7629510351557798e-10,1.3513133723108695e-08,1.2271732519053558e-09,8.559983277756089e-10,3.7782910133898895e-09
C:/Users/KUBA/GitProjects/WKIRO-Project/data/HS018/Session2/Treadmill_Run/Treadmill_Run_Fast/Post_Process/Treadmill_Run_Fast.csv,119,HS018,Session2,treadmill,run,fast,11,HS018,11,HS018,0.9988328814506531,3.2388183171860874e-05,1.6665032944729319e-06,3.4779833413267625e-07,1.2199862794659566e-05,2.207963916589506e-06,8.55378220876446e-06,1.2968697546966723e-06,2.3507282094215043e-06,3.0920866720407503e-06,1.0295474339727662e-06,1.232534259543172e-06,0.9988328814506531,2.57023540228829e-08,1.8968678716646536e-07,5.434119998426468e-07,1.0790628948598169e-05,5.683830750058405e-06,6.491663225460798e-05,9.283805724180638e-08,8.459907263613786e-08,0.0004757079586852342,1.5053389006425277e-06,0.0005076848319731653,3.1773877708474174e-05,3.01309313499587e-07,3.5242639029320344e-08,8.113487410810194e-07,1.954267929704656e-07,4.310883383595865e-08,3.1688540502727847e-07
C:/Users/KUBA/GitProjects/WKIRO-Project/data/HS018/Session2/Treadmill_Walk/Treadmill_Walk_Slow/Post_Process/Treadmill_Walk_Slow.csv,119,HS018,Session2,treadmill,walk,slow,11,HS018,11,HS018,0.9996210336685181,7.110201067916933e-07,7.984791494664023e-08,1.6614767446299084e-06,6.485478252216126e-07,1.0225846835965058e-06,1.3334489779026626e-07,1.4143186888304626e-07,3.5047187374459554e-09,1.9770024550780363e-07,2.5331587494292762e-06,3.761886546271853e-05,0.9996210336685181,1.203322312903765e-07,1.4204714737786617e-08,1.6195420116105197e-08,1.9800398831648636e-07,6.216885708454356e-07,7.301768505385553e-07,4.7365737998461555e-09,9.861754968198966e-09,2.757221295723866e-07,1.8751364905256196e-08,0.00010220356489298865,0.0002296494203619659,6.02688210449287e-09,1.1239263963958024e-09,2.450113356644579e-07,2.0141919243599204e-09,2.0296730962598986e-09,3.5535919096219004e-08
C:/Users/KUBA/GitProjects/WKIRO-Project/data/JS009/Session1/Overground_Run/Run_Comfortable/Post_Process/Run_Comfortable3.csv,2,JS009,Session1,overground,run,comfortable,12,JS009,12,JS009,0.9011777639389038,0.00022454671852756292,9.030879482452292e-06,0.00823902152478695,0.006058293394744396,0.000720279582310468,0.00040731625631451607,0.0016934920568019152,0.0004644393047783524,0.00048599508590996265,0.005071651190519333,0.0013335954863578081,6.0811444200226106e-06,0.9011777639389038,0.00042766297701746225,0.0015899479622021317,2.808169119816739e-05,4.390990943647921e-05,5.3341496823122725e-05,0.021070508286356926,0.008244833908975124,3.172015567542985e-05,0.005249773617833853,2.4595453851361526e-06,0.00017611692601349205,0.0012081576278433204,0.01612621173262596,0.0005271573318168521,0.004706432111561298,0.0005892961053177714,0.014032888226211071
C:/Users/KUBA/GitProjects/WKIRO-Project/data/JS009/Session1/Overground_Run/Run_Comfortable/Post_Process/Run_Comfortable9.csv,1,JS009,Session1,overground,run,comfortable,12,JS009,12,JS009,0.8964565396308899,0.00026634178357198834,8.011919817363378e-06,0.007843161933124065,0.006693016737699509,0.000636606477200985,0.00038893785676918924,0.0020249686203897,0.0005075667286291718,0.00044197699753567576,0.004687218461185694,0.001356682158075273,5.669340225722408e-06,0.8964565396308899,0.0004939655191265047,0.0019081662176176906,2.598680839582812e-05,4.105381231056526e-05,6.447063060477376e-05,0.02144996076822281,0.007753575220704079,3.445596303208731e-05,0.0049585155211389065,2.920648284998606e-06,0.0002077419776469469,0.0013842815533280373,0.01992359198629856,0.0006215902976691723,0.00615707878023386,0.0007107522687874734,0.012945236638188362
C:/Users/KUBA/GitProjects/WKIRO-Project/data/JS009/Session1/Overground_Run/Run_Fast/Post_Process/Run_Fast1.csv,1,JS009,Session1,overground,run,fast,12,JS009,12,JS009,0.880856990814209,0.00031946596573106945,9.978462003346067e-06,0.009991570375859737,0.006300110369920731,0.0008094189688563347,0.0003699439112097025,0.0019060206832364202,0.0006237981142476201,0.00041450606659054756,0.005846244748681784,0.0016247625462710857,6.9554134825011715e-06,0.880856990814209,0.0005738707259297371,0.0017753804568201303,3.104150164290331e-05,4.923810774926096e-05,7.422802445944399e-05,0.026721542701125145,0.009510280564427376,4.057222031406127e-05,0.004760031122714281,3.3560618248884566e-06,0.00024073835811577737,0.0013094056630507112,0.024236610159277916,0.0007398014422506094,0.007428595330566168,0.0008489476749673486,0.012576653622090816
C:/Users/KUBA/GitProjects/WKIRO-Project/data/JS009/Session1/Overground_Run/Run_Fast/Post_Process/Run_Fast13.csv,1,JS009,Session1,overground,run,fast,12,JS009,12,JS009,0.902086615562439,0.00019639090169221163,1.0407731679151766e-05,0.008690787479281425,0.005548273678869009,0.0008133153896778822,0.00044098624493926764,0.0014792777365073562,0.0004277904226910323,0.000555932754650712,0.005676968488842249,0.0013252678327262402,6.777447197237052e-06,0.902086615562439,0.00039493953227065504,0.0013893580762669444,3.1393366953125224e-05,4.867458847002126e-05,4.728973362944089e-05,0.021157411858439445,0.009092996828258038,2.978370503115002e-05,0.005731462966650724,2.211665105278371e-06,0.00015438010450452566,0.0010766693158075213,0.013430210761725903,0.00046155034215189517,0.003878201823681593,0.000499935878906399,0.015314695425331593
C:/Users/KUBA/GitProjects/WKIRO-Project/data/JS009/Session1/Overground_Run/Run_Fast/Post_Process/Run_Fast7.csv,1,JS009,Session1,overground,run,fast,12,JS009,12,JS009,0.9009754657745361,0.00022938637994229794,8.96430810826132e-06,0.00823842454701662,0.006045566406100988,0.0007209448958747089,0.00040663991239853203,0.001702441368252039,0.0004687163745984435,0.00048085409798659384,0.005073555279523134,0.0013472583377733827,6.138808203104418e-06,0.9009754657745361,0.00042934215161949396,0.0015927451895549893,2.791980659822002e-05,4.3521726183826104e-05,5.406488708104007e-05,0.0211609099060297,0.008221060037612915,3.2047784770838916e-05,0.005223352462053299,2.5009344426507596e-06,0.00017935369396582246,0.0012206047540530562,0.01634925790131092,0.0005353720625862479,0.004741364158689976,0.0005939773400314152,0.013888144865632057
C:/Users/KUBA/GitProjects/WKIRO-Project/data/JS009/Session1/Overground_Run/Run_Fast/Post_Process/Run_Fast9.csv,1,JS009,Session1,overground,run,fast,12,JS009,12,JS009,0.8766655921936035,0.0003654204774647951,9.51326910580974e-06,0.008869077078998089,0.007544154301285744,0.0008260327158495784,0.0004416952433530241,0.0023875576443970203,0.00067781878169626,0.00048499536933377385,0.006237202323973179,0.0017440903466194868,7.853848728700541e-06,0.8766655921936035,0.0005748529219999909,0.0019475073786452413,3.1704876164440066e-05,5.578294803854078e-05,7.6110394729767e-05,0.02836562506854534,0.009002977050840855,4.612108750734478e-05,0.004819008056074381,4.014518708572723e-06,0.0002717103052418679,0.0016651926562190056,0.023301199078559875,0.0008173108217306435,0.00744554353877902,0.0008291566045954823,0.014485218562185764
C:/Users/KUBA/GitProjects/WKIRO-Project/data/JS009/Session1/Overground_Walk/Walk_Comfortable/Post_Process/Walk_Comfortable4.csv,4,JS009,Session1,overground,walk,comfortable,12,JS009,12,JS009,0.9998806715011597,3.32775390576856e-10,5.8109332456979246e-08,5.520469130715355e-05,4.875075632071457e-08,3.9928261230670614e-07,1.876549193813304e-10,1.4726283552590758e-06,6.735643154343052e-10,4.1172252167598344e-06,4.026833835268917e-07,6.85248096488067e-07,2.6653462770198644e-10,0.9998806715011597,3.0704661035940717e-09,1.3524867199521395e-06,1.270413080289856e-10,3.5239133833187e-10,6.211092404284635e-12,7.031949280644767e-07,3.8875390600878745e-05,2.717843172739265e-10,5.568454071180895e-07,9.476393194457478e-13,2.120884090572872e-08,1.4171109619098843e-08,1.4674204066977836e-05,7.413889502316806e-09,1.4180821494846896e-07,3.3457688175531075e-08,4.996874736207246e-07
C:/Users/KUBA/GitProjects/WKIRO-Project/data/JS009/Session1/Overground_Walk/Walk_Comfortable/Post_Process/Walk_Comfortable6.csv,3,JS009,Session1,overground,walk,comfortable,12,JS009,12,JS009,0.9997585415840149,3.001676773806139e-08,7.3477566253643545e-09,0.00017809985729400069,6.353391654556617e-06,9.170034900307655e-07,7.55992513035153e-09,9.15453983907355e-06,2.486892691777598e-09,1.740157699714473e-06,2.556652987095731e-07,1.2103254221074167e-06,8.60331805796477e-09,0.9997585415840149,1.9051936916980594e-08,3.1774925446370617e-06,8.880523399978912e-11,2.2320252313079436e-09,2.7294616219974976e-11,1.32241166284075e-06,2.394246075709816e-05,3.1211500051142593e-10,1.8927248390809837e-07,2.5882530493848144e-11,1.3268596887883177e-07,1.0549680240501402e-08,1.3545646652346477e-05,4.7377443479490466e-07,4.1800362282629067e-07,1.3113036345657747e-07,3.5254012686891656e-07
C:/Users/KUBA/GitProjects/WKIRO-Project/data/JS009/Session1/Overground_Walk/Walk_Fast/Post_Process/Walk_Fast2.csv,2,JS009,Session1,overground,walk,fast,12,JS009,12,JS009,0.9999127388000488,1.030018292880186e-10,7.469611595922743e-09,3.777519305003807e-05,2.289966261059817e-08,4.761209311254788e-07,5.83069148518689e-11,6.626951289945282e-07,1.841533731061773e-10,3.786630031754612e-07,2.3025798157050303e-07,3.156246464186552e-07,1.4328072062141928e-10,0.9999127388000488,5.092575694476409e-09,7.99825215835881e-07,2.5194986721932544e-11,1.1847212447180233e-11,2.620847115719638e-12,1.9692109276547853e-07,2.746160316746682e-05,7.900068099697677e-11,2.594661054899916e-07,1.151001494635595e-12,5.815816717102962e-09,8.078077651241244e-10,1.8492526578484103e-05,4.4443861924037265e-09,6.917763073488459e-08,8.135672580067421e-09,7.033248294874284e-08
C:/Users/KUBA/GitProjects/WKIRO-Project/data/JS009/Session1/Overground_Walk/Walk_Fast/Post_Process/Walk_Fast6.csv,2,JS009,Session1,overground,walk,fast,12,JS009,12,JS009,0.9999668598175049,3.654194655200449e-11,3.3892075812502753e-09,2.2695544430462178e-06,2.0014642387877757e-08,4.0294011682817654e-08,2.4368680684450084e-11,3.631706420037517e-07,3.0602735623386224e-11,7.635476322320756e-07,9.078167551024308e-08,5.8908497635457024e-08,2.0978637230162356e-11,0.9999668598175049,7.712570582185663e-10,8.272704121736751e-07,3.270747214734193e-11,1.511327868408685e-11,1.460732468143433e-12,1.3100239470986708e-07,1.232560862263199e-05,1.6516642220576472e-11,4.7094911082012914e-08,8.707569170915419e-14,6.914877559438537e-10,1.8863566264570863e-10,1.601874828338623e-05,3.8891934117657456e-10,5.445344086751902e-08,4.7175969797308426e-09,8.770312120987e-08
C:/Users/KUBA/GitProjects/WKIRO-Project/data/JS009/Session1/Overground_Walk/Walk_Fast/Post_Process/Walk_Fast7.csv,3,JS009,Session1,overground,walk,fast,12,JS009,12,JS009,0.875633716583252,0.0003968738892581314,7.386250672425376e-06,0.007145219948142767,0.007923029363155365,0.0005825326661579311,0.0003379322588443756,0.002814964158460498,0.0006194173474796116,0.00039322557859122753,0.004115868825465441,0.0013302735751494765,4.998308213544078e-06,0.875633716583252,0.0005594760295934975,0.0027394441422075033,2.297620812896639e-05,3.599085539462976e-05,8.834945037961006e-05,0.020571067929267883,0.006824033334851265,3.954523344873451e-05,0.004345916677266359,3.7347963370848447e-06,0.0003018418501596898,0.0018882019212469459,0.03616883233189583,0.0009001356665976346,0.011508863419294357,0.0012081345776095986,0.011488039046525955
C:/Users/KUBA/GitProjects/WKIRO-Project/data/JS009/Session2/Overground_Run/Run_Comfortable/Post_Process/Run_Comfortable9.csv,2,JS009,Session2,overground,run,comfortable,12,JS009,12,JS009,0.8996841907501221,0.00019177485955879092,1.2114014680264518e-05,0.00876969937235117,0.005860737059265375,0.0008521252311766148,0.00046015786938369274,0.0015238977503031492,0.00045796582708135247,0.00059965078253299,0.005823357030749321,0.0013121075462549925,7.184816240624059e-06,0.8996841907501221,0.000383777980459854,0.0014765569940209389,3.597605609684251e-05,5.540675556403585e-05,4.670692578656599e-05,0.02133580669760704,0.009490358643233776,3.2620286219753325e-05,0.005919948220252991,2.2298877411230933e-06,0.000148946070112288,0.0011650691740214825,0.012568287551403046,0.0004439392942003906,0.0036798911169171333,0.000528622476849705,0.017130859196186066
C:/Users/KUBA/GitProjects/WKIRO-Project/data/JS009/Session2/Overground_Run/Run_Fast/Post_Process/Run_Fast11.csv,2,JS009,Session2,overground,run,fast,12,JS009,12,JS009,0.871843695640564,0.0003854392562061548,9.536890502204187e-06,0.007997006177902222,0.00736161507666111,0.00072112848283723,0.0003718561783898622,0.0026143700815737247,0.0005957013927400112,0.0004667465982493013,0.005016799550503492,0.0013688267208635807,6.105255124566611e-06,0.871843695640564,0.0005475974176079035,0.0025173285976052284,2.822403985192068e-05,4.309625364840031e-05,8.507198072038591e-05,0.021469198167324066,0.00812472403049469,3.8359645259333774e-05,0.004842778202146292,3.6122874007560313e-06,0.00029169063782319427,0.0017379836644977331,0.03528516739606857,0.0008715633302927017,0.011361655779182911,0.0011418990325182676,0.01285121962428093
C:/Users/KUBA/GitProjects/WKIRO-Project/data/JS009/Session2/Overground_Run/Run_Fast/Post_Process/Run_Fast3.csv,1,JS009,Session2,overground,run,fast,12,JS009,12,JS009,0.8496164083480835,0.0006052529206499457,2.9694820113945752e-06,0.00540719972923398,0.010158438235521317,0.00028008519439026713,0.0002104311133734882,0.004132131114602089,0.000794478808529675,0.00016237967065535486,0.002174320165067911,0.001345649710856378,2.705521183088422e-06,0.8496164083480835,0.0007367338403128088,0.004005214665085077,1.1329599146847613e-05,1.901120413094759e-05,0.00013003747153561562,0.02008158154785633,0.004036156460642815,4.778225775226019e-05,0.0026246532797813416,5.256170879874844e-06,0.00045732915168628097,0.0026310912799090147,0.060825444757938385,0.0013661975972354412,0.019798798486590385,0.0018880297429859638,0.0064427852630615234
C:/Users/KUBA/GitProjects/WKIRO-Project/data/JS009/Session2/Overground_Run/Run_Fast/Post_Process/Run_Fast5.csv,1,JS009,Session2,overground,run,fast,12,JS009,12,JS009,0.8967480659484863,0.00014545791782438755,1.5931902453303337e-05,0.010344566777348518,0.004515199922025204,0.0011535185622051358,0.0005390449077822268,0.001066286931745708,0.0003680037334561348,0.0007870048866607249,0.007800712715834379,0.0013448648387566209,9.304623745265417e-06,0.8967480659484863,0.0003357746754772961,0.0010039475746452808,4.440570410224609e-05,6.696919444948435e-05,3.623701195465401e-05,0.022129623219370842,0.012038929387927055,2.6856067051994614e-05,0.0071209087036550045,1.7673235106485663e-06,0.00011420758528402075,0.0008158203563652933,0.008773455396294594,0.0003418261185288429,0.0024727557320147753,0.00034932506969198585,0.01948922500014305
C:/Users/KUBA/GitProjects/WKIRO-Project/data/JS009/Session2/Overground_Run/Run_Fast/Post_Process/Run_Fast6.csv,1,JS009,Session2,overground,run,fast,12,JS009,12,JS009,0.9996236562728882,1.0905725211785011e-09,4.935619024593052e-09,6.2629044350615e-07,1.3272864407554152e-06,5.064939045951178e-08,3.860918251774592e-09,0.0003551444096956402,9.618941754219179e-11,2.6026243631349644e-06,1.306339072471019e-07,4.384234841836587e-08,1.3147416488834551e-09,0.9996236562728882,3.1699129987572405e-09,9.10800099518383e-06,7.898359917490883e-12,3.334938991628178e-10,1.1064622135181779e-10,3.501954779494554e-07,2.7809510356746614e-06,4.991164773149315e-11,9.868139727586822e-08,2.100879583147308e-12,2.7103739697054152e-08,1.0167872099842157e-09,3.493553549560602e-06,8.519074334856214e-09,1.760010377438448e-07,2.551122646465842e-09,3.587911976410396e-07
C:/Users/KUBA/GitProjects/WKIRO-Project/data/JS009/Session2/Overground_Run/Run_Fast/Post_Process/Run_Fast9.csv,1,JS009,Session2,overground,run,fast,12,JS009,12,JS009,0.8997963666915894,0.00021273888705763966,1.0368386938353069e-05,0.008849052712321281,0.0056397696025669575,0.0008072867058217525,0.0004282755544409156,0.0015361245023086667,0.00045321014476940036,0.0005286933737806976,0.005661605391651392,0.001362090464681387,6.814035259594675e-06,0.8997963666915894,0.0004165812861174345,0.0014566032914444804,3.133385689579882e-05,4.8538699047639966e-05,5.1068334869341925e-05,0.021822087466716766,0.00916789285838604,3.1402872991748154e-05,0.005585869774222374,2.3666334527661093e-06,0.00016567079001106322,0.0011191435623914003,0.014701404608786106,0.0004956171615049243,0.004290962591767311,0.000546157534699887,0.014774935320019722
C:/Users/KUBA/GitProjects/WKIRO-Project/data/JS009/Session2/Overground_Walk/Walk_Fast/Post_Process/Walk_Fast3.csv,3,JS009,Session2,overground,walk,fast,12,JS009,12,JS009,0.887165367603302,0.00029483926482498646,9.669226528785657e-06,0.008036330342292786,0.006649095099419355,0.0007403867784887552,0.0004031458811368793,0.0021286706905812025,0.00051642901962623,0.0005108638433739543,0.005133025348186493,0.0013219037791714072,6.15489670963143e-06,0.887165367603302,0.00047205560258589685,0.0020366322714835405,2.8863853003713302e-05,4.462072320166044e-05,6.720060628140345e-05,0.0207904651761055,0.008237973786890507,3.408652264624834e-05,0.005220651160925627,2.9350819659157423e-06,0.00022704731964040548,0.0014591449871659279,0.02508605271577835,0.0006784377037547529,0.007773339282721281,0.0008476357907056808,0.014076904393732548
C:/Users/KUBA/GitProjects/WKIRO-Project/data/JS009/Session2/Overground_Walk/Walk_Fast/Post_Process/Walk_Fast8.csv,2,JS009,Session2,overground,walk,fast,12,JS009,12,JS009,0.9999834895133972,4.537080711131125e-10,1.6174844796879029e-09,7.211270940388204e-07,7.905190102519555e-08,3.1000706002259903e-08,9.007170009844856e-11,2.4268299512186786e-06,3.8865168028312524e-11,1.7021911844494753e-06,8.090319880693642e-08,2.6409278319761142e-08,4.990902136015052e-11,0.9999834895133972,1.5604768588417528e-09,4.3942691263509914e-07,1.5852652524017685e-11,4.508008896730864e-11,4.899690896065234e-12,1.9949590068790712e-07,2.5126093987637432e-06,5.4478879740749164e-11,2.8730990919711985e-08,2.044345460061256e-13,9.586227367464062e-10,1.3049804292730727e-10,7.359933078987524e-06,6.539663810478658e-10,6.968867438672532e-08,6.32664809430139e-09,8.498575425619492e-07
C:/Users/KUBA/GitProjects/WKIRO-Project/data/LA014/Session1/Overground_Run/Run_Comfortable/Post_Process/Run_Comfortable8.csv,1,LA014,Session1,overground,run,comfortable,13,LA014,13,LA014,0.999982476234436,2.751493752839451e-07,1.033077703244123e-12,6.621140983043006e-06,1.7170895261209296e-10,3.791067459957276e-10,3.094279832360769e-10,1.2418892580967622e-09,9.647135312818023e-10,3.561575478983059e-10,8.514979832341396e-10,1.9071605095177802e-07,1.3964645440012191e-08,1.3359481298991227e-09,0.999982476234436,1.7720095613071862e-08,2.5978659223824252e-08,9.990818172767035e-10,8.162089216057211e-06,2.2528512033659354e-07,3.0877592149813893e-10,6.670506924599806e-10,8.322411648720163e-10,4.326482780925289e-07,3.111350466156182e-08,5.51492636280404e-11,4.709056256047006e-08,1.475805504469463e-07,1.2025071782773011e-06,1.1896506002528895e-08,1.2910820146316837e-07
C:/Users/KUBA/GitProjects/WKIRO-Project/data/LA014/Session1/Overground_Run/Run_Fast/Post_Process/Run_Fast5.csv,1,LA014,Session1,overground,run,fast,13,LA014,13,LA014,0.7676816582679749,0.00020838354248553514,0.0008755254093557596,0.046358272433280945,1.5703724784543738e-05,0.002058950485661626,0.00023133610375225544,0.00018978842126671225,0.000735421956051141,3.194392047589645e-05,0.0005880164681002498,0.007129891309887171,0.0019607774447649717,0.00013202961417846382,0.7676816582679749,0.00013467553071677685,0.00032493623439222574,1.1113126674899831e-05,0.12678012251853943,0.0002753130393102765,0.0007626290898770094,0.000704603677149862,0.001767716254107654,0.0075373779982328415,0.004586476366966963,4.370846909296233e-06,0.002993786009028554,0.010797067545354366,0.01250588707625866,0.0025610062293708324,5.528058318304829e-05
C:/Users/KUBA/GitProjects/WKIRO-Project/data/LA014/Session1/Overground_Run/Run_Fast/Post_Process/Run_Fast6.csv,1,LA014,Session1,overground,run,fast,13,LA014,13,LA014,0.9997519850730896,4.900408021057956e-05,8.875729144708355e-12,2.227733602921944e-05,3.052511488021992e-08,3.916938950965232e-08,8.621571900846448e-09,1.587579845363507e-09,1.7841234978277498e-07,2.5099167189068794e-08,2.0124788946418448e-08,8.00262171196664e-07,1.7204404230142245e-06,1.0735784172766216e-07,0.9997519850730896,5.11212050469112e-08,1.9737035472644493e-07,2.422627209952566e-09,8.178715506801382e-05,6.869851176816155e-07,4.6541551168566286e-10,7.000270141332976e-09,7.589215367254099e-10,3.7176243495196104e-05,7.186552920757094e-06,6.539829788820839e-10,3.2503139664186165e-06,3.5473680327413604e-05,7.506052043027012e-06,1.4369820178217196e-07,2.9381578769971384e-07
C:/Users/KUBA/GitProjects/WKIRO-Project/data/LA014/Session1/Overground_Walk/Walk_Fast/Post_Process/Walk_Fast6.csv,3,LA014,Session1,overground,walk,fast,13,LA014,13,LA014,0.9999309182167053,1.947794771695044e-06,4.8240241662389494e-11,6.990978818066651e-07,2.92473850693753e-10,2.957785349977371e-09,5.137908587471429e-08,1.2792766845848291e-08,1.187498810395482e-08,6.47455138391706e-08,7.073822416714393e-09,4.793027983396314e-07,2.318480163410186e-08,6.946386577055819e-09,0.9999309182167053,1.0988972398706665e-08,2.0008970480489552e-08,8.137384988060603e-09,5.904641511733644e-06,1.9564067770261317e-06,1.0552273499442322e-09,2.280285266165194e-10,2.4654356334252725e-09,9.160037848232605e-07,1.3844753254943498e-07,1.742331418030929e-10,5.7206602122050754e-08,9.666246114647947e-07,5.529671034310013e-05,4.305058975972997e-09,5.175136266188929e-07
C:/Users/KUBA/GitProjects/WKIRO-Project/data/LA014/Session1/Overground_Walk/Walk_Slow/Post_Process/Walk_Slow2.csv,5,LA014,Session1,overground,walk,slow,13,LA014,13,LA014,0.9998146295547485,1.9921288185287267e-05,4.893009331041753e-10,8.970634439720016e-07,7.69143149170759e-09,9.070557638324317e-09,6.490002846248899e-08,4.212298776451462e-08,2.2525060927591767e-08,9.794190418688231e-07,3.291554406814612e-08,1.1942083801841363e-06,2.2410551991924876e-07,4.715569090762983e-08,0.9998146295547485,4.813728793351402e-08,2.538313879085763e-07,7.002208146644762e-09,7.338672003243119e-05,5.81421204515209e-07,5.374851674844194e-09,2.6545181608383928e-09,1.8627975606477776e-08,2.8674633085756795e-06,2.9680549573640747e-07,5.985725803903108e-10,1.599893977299871e-07,1.0194864444201812e-05,5.896594302612357e-05,9.259262867544749e-08,1.5049449757498223e-05
C:/Users/KUBA/GitProjects/WKIRO-Project/data/LA014/Session1/Treadmill_Run/Treadmill_Run_Comfortable/Post_Process/Treadmill_Run_Comfortable.csv,119,LA014,Session1,treadmill,run,comfortable,13,LA014,13,LA014,0.9996923804283142,4.28645853389753e-06,2.951114352889306e-11,5.0521784942247905e-06,3.9841825838493605e-08,3.820474958615705e-08,9.069997197741486e-09,2.07232169202598e-08,2.0459635834413348e-06,9.730778316452415e-08,2.2049194470241673e-08,1.8871877500714618e-06,1.5793002461350625e-08,4.3755312617577147e-07,0.9996923804283142,3.322416119999616e-08,5.630877097928533e-08,8.539833840082167e-10,0.00021069683134555817,1.6983214663923718e-05,1.1313880321495162e-07,9.351288632331034e-09,9.704628922690972e-08,4.264299775513791e-07,3.636333076428855e-06,3.4082017763559236e-10,7.026731509540696e-06,4.948156515638402e-07,5.322882134350948e-05,2.8496006621026027e-07,6.668653327324137e-07
C:/Users/KUBA/GitProjects/WKIRO-Project/data/LA014/Session1/Treadmill_Walk/Treadmill_Walk_Fast/Post_Process/Treadmill_Walk_Fast.csv,119,LA014,Session1,treadmill,walk,fast,13,LA014,13,LA014,0.9999733567237854,9.129922773354338e-08,1.3439861203112802e-11,1.1830910295884678e-07,8.339034324178485e-11,2.2407614652664165e-10,1.291660556290708e-08,1.0804334316105724e-08,2.057762182872125e-09,4.972354084031849e-09,2.6277684028741533e-08,6.792759421614392e-08,9.561703429028512e-09,1.4158055838819905e-09,0.9999733567237854,3.985445751197858e-09,5.099482791592891e-08,7.639778809576114e-10,2.396442141616717e-05,1.327018850361128e-07,1.5087142646308394e-10,2.9401120427152705e-10,1.3739277493485247e-09,2.46938242298711e-07,1.1559188273224663e-08,1.763474262450604e-11,8.970223674964473e-09,1.5639366779396369e-07,1.739602680572716e-06,5.300292982290955e-10,6.857461443132706e-08
C:/Users/KUBA/GitProjects/WKIRO-Project/data/LA014/Session2/Overground_Run/Run_Comfortable/Post_Process/Run_Comfortable4.csv,2,LA014,Session2,overground,run,comfortable,13,LA014,13,LA014,0.8580210208892822,0.0010898732580244541,2.3904862533896676e-09,0.0008608284406363964,1.5374556824099272e-05,2.7011456040781923e-05,5.947825343355362e-07,5.972731855763413e-07,0.0023720008321106434,3.217417372525233e-07,1.2714856438833522e-06,3.1343981390818954e-05,2.145764938177308e-06,9.041862085723551e-07,0.8580210208892822,4.044264642288908e-06,6.90111903622892e-07,2.583668674560613e-06,2.634606607898604e-05,0.005312040448188782,1.3833286516273802e-07,7.617059623044042e-07,3.581426000209831e-08,3.9509218368039e-06,4.734255344374105e-05,1.389110138916294e-06,3.427683259360492e-05,0.002579732099547982,0.1292271912097931,0.00029572664061561227,4.060631908942014e-05
C:/Users/KUBA/GitProjects/WKIRO-Project/data/LA014/Session2/Overground_Run/Run_Comfortable/Post_Process/Run_Comfortable8.csv,2,LA014,Session2,overground,run,comfortable,13,LA014,13,LA014,0.9999592304229736,3.713168439389847e-07,2.3697105389075546e-10,3.0896849239070434e-06,9.234605302665955e-10,4.230561145845968e-08,1.2879334043702784e-08,6.640859595563597e-08,1.675980172421987e-07,1.7420905606968518e-08,1.9046154875468346e-07,3.880282974932925e-07,1.0012564111150368e-08,6.546868824841567e-09,0.9999592304229736,4.5438536488973114e-08,5.581354045602893e-09,2.9154969993783197e-08,4.441091732587665e-06,1.3452538496494526e-06,3.621123401131854e-10,5.114006995654563e-10,9.63760293792859e-10,7.408742703773896e-07,1.0511831760595669e-07,7.581958394453636e-10,1.7473601587880694e-07,4.46014155386365e-06,2.4821949409670196e-05,3.835461725998357e-09,2.18685585195999e-07
C:/Users/KUBA/GitProjects/WKIRO-Project/data/LA014/Session2/Overground_Run/Run_Fast/Post_Process/Run_Fast1.csv,1,LA014,Session2,overground,run,fast,13,LA014,13,LA014,0.7351701259613037,0.00027185166254639626,0.000921777100302279,0.06404077261686325,2.2863425328978337e-05,0.002770197344943881,0.0002741185307968408,0.0002320734492968768,0.0011050860630348325,3.209172791684978e-05,0.0007265673484653234,0.00984406191855669,0.0019571182783693075,0.00023546248849015683,0.7351701259613037,0.00016485324886161834,0.00030214927392080426,1.2022627743135672e-05,0.1258348524570465,0.0004139062075410038,0.0009578167228028178,0.0008804750978015363,0.002192241605371237,0.0072221094742417336,0.006110659334808588,6.456007213273551e-06,0.0045370678417384624,0.01453023124486208,0.015424251556396484,0.0037356140092015266,7.119358633644879e-05
C:/Users/KUBA/GitProjects/WKIRO-Project/data/LA014/Session2/Overground_Run/Run_Fast/Post_Process/Run_Fast3.csv,1,LA014,Session2,overground,run,fast,13,LA014,13,LA014,0.6574947834014893,0.0002839657827280462,0.0009840760612860322,0.07706279307603836,1.837260242609773e-05,0.0031096392776817083,0.0002839213702827692,0.00034670293098315597,0.0014590990031138062,1.7134785593952984e-05,0.0009427389013580978,0.012701816856861115,0.002331749303266406,0.0003315672802273184,0.6574947834014893,0.00025899751926772296,0.00019777516718022525,8.986462489701807e-06,0.17062030732631683,0.0006302364636212587,0.001418587053194642,0.0008782680379226804,0.003025016514584422,0.007441129069775343,0.007216805126518011,1.186880672321422e-05,0.006274965591728687,0.018442291766405106,0.021407831460237503,0.004757753107696772,4.0822480514179915e-05
C:/Users/KUBA/GitProjects/WKIRO-Project/data/LA014/Session2/Overground_Run/Run_Fast/Post_Process/Run_Fast7.csv,1,LA014,Session2,overground,run,fast,13,LA014,13,LA014,0.7600176334381104,0.0002079858968500048,0.0009526553913019598,0.04668737202882767,2.2331756554194726e-05,0.0021757963113486767,0.0003438538988120854,0.00026419287314638495,0.0008470307802781463,4.448478284757584e-05,0.0008407866698689759,0.007344793528318405,0.001970806624740362,0.0001935517939273268,0.7600176334381104,0.0001892646396299824,0.0003194527525920421,1.626125413167756e-05,0.1249229907989502,0.00041028615669347346,0.0011032373877242208,0.0007225694134831429,0.002535245381295681,0.007365057710558176,0.00473116897046566,6.458103143813787e-06,0.003167999442666769,0.011357801035046577,0.01827336475253105,0.0028869030065834522,7.858828757889569e-05
C:/Users/KUBA/GitProjects/WKIRO-Project/data/LA014/Session2/Overground_Walk/Walk_Comfortable/Post_Process/Walk_Comfortable8.csv,2,LA014,Session2,overground,walk,comfortable,13,LA014,13,LA014,0.999973714351654,2.1662323490545532e-07,4.607023443292668e-11,2.0855093225691235e-06,2.4825769218139726e-10,1.5451879775696398e-08,1.6577533301642688e-07,1.1906275965145596e-08,2.887907157855807e-08,9.607697748492683e-09,3.873132925491518e-08,3.997070052719209e-06,1.0580749609800932e-08,1.0865187860531478e-08,0.999973714351654,2.29131398299387e-08,1.168883745350513e-08,1.4436004391882307e-08,2.251292698929319e-06,1.4380743778019678e-06,1.3736214388160306e-09,1.7436320443042774e-10,4.12206935251902e-10,1.0717988061514916e-06,1.4901749523232866e-07,3.7868649882533134e-10,8.609719515106917e-08,4.48293349109008e-06,8.37296829558909e-06,1.4021516170359405e-09,1.7428217233828036e-06
C:/Users/KUBA/GitProjects/WKIRO-Project/data/LA014/Session2/Overground_Walk/Walk_Fast/Post_Process/Walk_Fast6.csv,2,LA014,Session2,overground,walk,fast,13,LA014,13,LA014,0.9999337792396545,9.430445970792789e-07,6.33153751650184e-10,4.251798145560315e-06,1.6820693726771196e-09,8.634307846477896e-08,1.617419513877394e-07,9.083554886046841e-08,4.1548318563400244e-08,2.277594468580446e-08,1.4272910675572348e-07,4.89064268549555e-06,1.1010552469770118e-07,5.6533494330324174e-08,0.9999337792396545,3.411792448559936e-08,3.880516175058801e-08,1.6425558158061904e-07,6.05834702582797e-06,2.021640739258146e-06,5.868508790030091e-09,1.5614649573336692e-09,8.139985907540392e-10,1.7351596397929825e-05,7.800423418302671e-07,7.824761949493109e-10,3.128117498363281e-07,6.5042063397413585e-06,2.0656934793805704e-05,8.507435644844463e-09,1.4773340808460489e-06
C:/Users/KUBA/GitProjects/WKIRO-Project/data/LA014/Session2/Overground_Walk/Walk_Slow/Post_Process/Walk_Slow1.csv,4,LA014,Session2,overground,walk,slow,13,LA014,13,LA014,0.7493970394134521,0.0002295126614626497,0.003342674346640706,0.0709269568324089,1.948274439200759e-05,0.005798022262752056,0.0005308929830789566,0.00018427851318847388,0.0007937428308650851,0.0001366685173707083,0.0014696069993078709,0.009347389452159405,0.005669679958373308,0.00015654049639124423,0.7493970394134521,0.00010933022713288665,0.0011394218308851123,3.575847949832678e-05,0.10638738423585892,0.0003586815146263689,0.0016399838495999575,0.0009208029368892312,0.0035549362655729055,0.008641866967082024,0.00471892487257719,4.490026185521856e-06,0.002235668944194913,0.01060410961508751,0.009431448765099049,0.0020473033655434847,0.00016740200226195157
C:/Users/KUBA/GitProjects/WKIRO-Project/data/LD002/Session1/Overground_Run/Run_Comfortable/Post_Process/Run_Comfortable1.csv,2,LD002,Session1,overground,run,comfortable,14,LD002,14,LD002,0.7371741533279419,4.720645665656775e-05,0.002112946007400751,6.489666702691466e-05,0.009263705462217331,2.0275056158425286e-05,0.0017703905468806624,0.0813319981098175,0.00025152330636046827,0.004323757253587246,0.0010194727219641209,2.6872035959968343e-05,8.687356603331864e-05,0.003087980207055807,0.00026209367206320167,0.7371741533279419,0.0032326781656593084,0.007533232681453228,0.0008516128873452544,0.0012944028712809086,0.009374826215207577,0.0001708308409433812,0.00983862578868866,0.00010411748371552676,2.354167190787848e-05,0.11323800683021545,0.0002365879772696644,3.810150155914016e-05,0.009406710043549538,0.001206860295496881,0.0026056934148073196
C:/Users/KUBA/GitProjects/WKIRO-Project/data/LD002/Session1/Overground_Run/Run_Fast/Post_Process/Run_Fast11.csv,1,LD002,Session1,overground,run,fast,14,LD002,14,LD002,0.7450479865074158,6.2947889091447e-05,0.0009918523719534278,5.1692484703380615e-05,0.009414377622306347,1.258340671483893e-05,0.0009272058960050344,0.07871320843696594,0.00028869969537481666,0.001761091174557805,0.0005364082171581686,2.440753269183915e-05,4.5426135329762474e-05,0.0028962325304746628,0.00021854383521713316,0.7450479865074158,0.0015523246256634593,0.0037051488179713488,0.0008442997350357473,0.0010801402386277914,0.00533229811117053,0.00017547533207107335,0.005327367689460516,9.640459029469639e-05,3.0196335501386784e-05,0.12526796758174896,0.0003738971136044711,4.842352063860744e-05,0.011931235902011395,0.0017584271263331175,0.0014837635681033134
C:/Users/KUBA/GitProjects/WKIRO-Project/data/LD002/Session1/Overground_Run/Run_Fast/Post_Process/Run_Fast12.csv,1,LD002,Session1,overground,run,fast,14,LD002,14,LD002,0.999951958656311,1.3724512193391547e-08,9.772917891615052e-11,5.615555243032588e-10,1.3836792822630173e-09,3.5471132975306574e-11,5.966382943256576e-10,2.696054025363992e-06,1.9305701925986796e-08,2.9664415368557684e-09,1.3532687470618754e-10,3.0413805154894114e-12,9.366174502645208e-10,3.86764886783908e-09,8.138590912309951e-10,0.999951958656311,2.8561936460391735e-07,1.0247084958336927e-07,1.966550087217911e-07,1.4112039536939847e-07,1.4898009794706013e-05,3.7701292399106023e-07,8.371706599064055e-07,7.031618620700897e-10,2.455026980319186e-11,5.999312975291105e-07,3.2664979610075306e-09,1.0434954983429279e-10,2.722383214859292e-05,5.662381568072306e-07,6.382914197189393e-10
C:/Users/KUBA/GitProjects/WKIRO-Project/data/LD002/Session1/Overground_Run/Run_Fast/Post_Process/Run_Fast4.csv,1,LD002,Session1,overground,run,fast,14,LD002,14,LD002,0.9999856948852539,9.146048363106729e-09,2.263475344654875e-11,1.0427367996834747e-10,1.7219228820586352e-10,9.118061340684935e-12,1.8213476560280384e-10,1.263889828351239e-07,4.868678793457093e-10,2.4186268543502365e-09,3.639095969010242e-12,1.8064242593082702e-12,2.121898906581876e-10,3.713496399271321e-09,9.364716641035997e-11,0.9999856948852539,1.84577721995538e-08,7.708005789197614e-09,3.3032314661340934e-08,4.4415573441369816e-09,1.186666509056522e-06,4.93513923061073e-08,5.4782644838269334e-06,2.7246707667849535e-10,1.766326017740849e-12,2.163118324460811e-06,6.554984888218485e-10,1.4716332319419934e-11,5.024114216212183e-06,1.7887953163153725e-07,1.9758186198259864e-09
C:/Users/KUBA/GitProjects/WKIRO-Project/data/LD002/Session1/Overground_Run/Run_Fast/Post_Process/Run_Fast9.csv,1,LD002,Session1,overground,run,fast,14,LD002,14,LD002,0.5125128626823425,0.0011236198479309678,0.0007291609072126448,0.0006572644924744964,0.037192925810813904,8.257614535978064e-05,0.00045763354864902794,0.04880613088607788,0.004347317386418581,0.0006537885637953877,0.0008834321633912623,0.00022312841610983014,3.983339047408663e-05,0.041921716183423996,0.00042910611955448985,0.5125128626823425,0.001407776726409793,0.0023707030341029167,0.0014457653742283583,0.006947367452085018,0.009546171873807907,0.0018245961982756853,0.0034975260496139526,0.0001297856797464192,0.0003417917469050735,0.23597657680511475,0.008208190090954304,0.000529253447894007,0.03846769779920578,0.031556833535432816,0.007689525838941336
C:/Users/KUBA/GitProjects/WKIRO-Project/data/LD002/Session1/Overground_Walk/Walk_Comfortable/Post_Process/Walk_Comfortable10.csv,2,LD002,Session1,overground,walk,comfortable,14,LD002,14,LD002,0.9996111989021301,2.4423489008995602e-08,1.3826484401846528e-09,1.2847982233665789e-08,2.0049296944879558e-10,9.595509109505684e-11,6.888082104694604e-09,3.727285275090253e-06,1.8273500490550987e-09,1.701142782195575e-09,3.3199726301447186e-10,5.928293272949858e-11,2.3172370688939736e-09,2.6153966103947823e-08,1.1837152591454014e-08,0.9996111989021301,9.77117053935217e-08,2.050125118557844e-07,2.2916979105502833e-06,8.94675551421642e-08,0.00012538093142211437,2.951501585357619e-07,0.00023006262199487537,6.118140216671009e-09,4.41527953087828e-10,1.1644505093499902e-06,1.168960839237343e-08,5.865404273386332e-10,2.4809345632093027e-05,6.037714683770901e-07,2.593950831908387e-09
C:/Users/KUBA/GitProjects/WKIRO-Project/data/LD002/Session1/Overground_Walk/Walk_Comfortable/Post_Process/Walk_Comfortable12.csv,3,LD002,Session1,overground,walk,comfortable,14,LD002,14,LD002,0.9998911023139954,3.378228896622204e-08,3.404265758177871e-10,1.02394914769377e-09,1.3105970475546513e-10,1.5645746850867503e-11,1.4418897187340463e-09,1.6503648794241599e-06,6.277642294882924e-10,9.933774913761795e-10,2.2075008487831838e-11,1.7169165394959052e-11,1.378069214297284e-09,2.569074730729426e-08,2.6066858893614153e-08,0.9998911023139954,2.4056861391841267e-08,2.735253978869423e-08,2.4186128939618357e-06,2.0897613239867496e-07,9.108945960178971e-06,2.4759305006227805e-07,1.4668207768409047e-05,9.573656312156231e-10,5.799489014024495e-11,2.529219216285128e-07,4.227220795627318e-09,3.1320560034409084e-10,7.833666313672438e-05,1.7841592807599227e-06,3.1522244814397027e-09
C:/Users/KUBA/GitProjects/WKIRO-Project/data/LD002/Session1/Overground_Walk/Walk_Fast/Post_Process/Walk_Fast6.csv,2,LD002,Session1,overground,walk,fast,14,LD002,14,LD002,0.9999410510063171,8.402587070577283e-09,3.6053635077415436e-10,1.2941779869990455e-09,9.216513663368175e-11,4.013406967873223e-11,3.372222778796896e-10,2.6910518613476597e-07,4.0878661566878804e-10,3.5966402078813076e-10,4.8522331985711986e-11,5.425562343147616e-12,3.029548278909999e-10,1.8932546197447664e-08,9.346940110788182e-09,0.9999410510063171,1.9443167076360623e-08,2.604950921636373e-08,1.0906823035838897e-06,1.636505402302646e-07,5.468108611239586e-06,2.3632627232927916e-07,3.938886493415339e-06,8.97185381543153e-10,1.6195916135997024e-11,1.3788951491733314e-07,1.4649596202787052e-08,8.03847127750501e-11,4.6199478674679995e-05,1.1831825759145431e-06,1.4818331006694052e-09
C:/Users/KUBA/GitProjects/WKIRO-Project/data/LD002/Session2/Overground_Run/Run_Comfortable/Post_Process/Run_Comfortable14.csv,1,LD002,Session2,overground,run,comfortable,14,LD002,14,LD002,0.9999834299087524,3.2149571893569373e-09,8.363614661943686e-11,1.9899919212473804e-10,1.481474165565544e-09,5.689592894042583e-11,1.2080058731100962e-08,2.9222110242699273e-06,3.913120938392467e-10,2.7814875735998612e-08,6.872717672745665e-11,1.5604782006503615e-12,2.0129656275180707e-10,2.4578437063382808e-09,2.2430357571323611e-10,0.9999834299087524,2.4633587614175667e-08,2.057049869108596e-06,8.188324329694296e-08,8.282690977523544e-09,2.7895689527213108e-06,7.771673082856978e-09,4.9515210776007734e-06,7.356342202058386e-10,8.458097937313891e-12,5.484553184942342e-07,1.0519098925243497e-09,1.9139750548347045e-11,3.11589951706992e-06,4.118319019141836e-09,4.312151524743513e-09
C:/Users/KUBA/GitProjects/WKIRO-Project/data/LD002/Session2/Overground_Run/Run_Comfortable/Post_Process/Run_Comfortable8.csv,2,LD002,Session2,overground,run,comfortable,14,LD002,14,LD002,0.9999104738235474,7.696613901764238e-10,1.5915748718953182e-09,2.622746020364275e-09,6.714593880907671e-10,2.07989025308164e-11,1.3241734375668557e-09,3.2451243896503e-06,4.985050150452253e-10,1.4490638688968716e-09,1.7198503732274162e-10,1.218872225372536e-11,4.5969844597593124e-10,1.1731969840056422e-09,9.563894121100702e-10,0.9999104738235474,2.2397520638151036e-07,4.900093244941672e-06,2.3889847966529487e-07,7.56374429755624e-09,7.740542787360027e-05,1.2830564344312734e-07,6.112545065661834e-07,1.327202614476164e-08,9.858361349479594e-11,1.4896735365255154e-06,7.054512529691692e-10,1.635512211772827e-11,1.2033621032969677e-06,2.013204003503688e-08,3.636412060359362e-09
C:/Users/KUBA/GitProjects/WKIRO-Project/data/LD002/Session2/Overground_Walk/Walk_Comfortable/Post_Process/Walk_Comfortable6.csv,3,LD002,Session2,overground,walk,comfortable,14,LD002,14,LD002,0.9996869564056396,3.888169342047831e-09,4.4960790646086934e-10,1.3233435680604089e-08,1.7166272570090513e-10,3.044802951435166e-11,1.743404887122324e-08,4.800120223080739e-06,2.8916793959332665e-10,3.800995518332684e-09,3.5937131048768833e-10,2.092780948537154e-10,2.3107869784322332e-10,5.677631165212915e-08,7.2063381928444414e-09,0.9996869564056396,6.506629546265685e-08,8.57372242535348e-07,1.7793062170312623e-06,3.182709917837201e-08,0.00028702232521027327,2.1721229259696884e-08,1.2892526683572214e-05,1.3849370539276151e-09,1.503108748579507e-09,1.4774838064113283e-07,3.965301420549849e-09,1.2180194353117457e-10,5.284477083478123e-06,8.34062987564721e-08,6.118769046992156e-09
C:/Users/KUBA/GitProjects/WKIRO-Project/data/LD002/Session2/Overground_Walk/Walk_Fast/Post_Process/Walk_Fast1.csv,2,LD002,Session2,overground,walk,fast,14,LD002,14,LD002,0.7411235570907593,4.815521970158443e-05,0.0019394156988710165,6.162644422147423e-05,0.008719107136130333,1.8632799765327945e-05,0.0015947575448080897,0.08086524903774261,0.0002524620504118502,0.0036861635744571686,0.000950960093177855,2.5970650312956423e-05,8.115086529869586e-05,0.002917202189564705,0.00025718240067362785,0.7411235570907593,0.0029156175442039967,0.006834898144006729,0.0008750705746933818,0.0012670864816755056,0.008897071704268456,0.00016816359129734337,0.009003821760416031,0.00010446189116919413,2.3899714506114833e-05,0.11356066167354584,0.0002480086695868522,3.883830868289806e-05,0.009991802275180817,0.001255021896213293,0.0022739709820598364
C:/Users/KUBA/GitProjects/WKIRO-Project/data/LD002/Session2/Overground_Walk/Walk_Fast/Post_Process/Walk_Fast6.csv,2,LD002,Session2,overground,walk,fast,14,LD002,14,LD002,0.9999035000801086,1.656673198624503e-08,2.4663002196056993e-10,2.2558244161530183e-09,6.508199534849268e-11,4.111570806042408e-11,1.7597021617632436e-09,6.400435950126848e-07,6.124035722976373e-10,1.4141952053847717e-09,1.6768833543956418e-10,1.8287467026811832e-11,4.867524161511483e-10,1.5782605444769615e-08,1.6648977751998473e-09,0.9999035000801086,9.998615979611714e-08,8.038746841521061e-07,7.28701479602023e-07,5.476308118090856e-08,8.235960558522493e-05,1.7590348022622493e-07,1.698773530733888e-06,5.873124209188063e-09,1.8848070326704658e-10,3.5802187881017744e-07,9.60255253090736e-09,3.20925092056612e-11,8.78298124007415e-06,7.287718517545727e-07,2.2041450886689518e-09
C:/Users/KUBA/GitProjects/WKIRO-Project/data/LD002/Session2/Treadmill_Run/Treadmill_Run_Fast/Post_Process/Treadmill_Run_Fast.csv,119,LD002,Session2,treadmill,run,fast,14,LD002,14,LD002,0.9999555349349976,1.2629745027581407e-09,4.858998758905386e-10,1.3848829860663159e-09,5.980452244536139e-10,3.160894462839181e-11,1.018135353803018e-08,3.686904165078886e-06,6.40969222143184e-10,3.1215490192693096e-09,1.2528553194890435e-10,1.485802800238467e-11,2.469606741328789e-10,1.4668832815090127e-09,6.488357073841655e-10,0.9999555349349976,7.340013041812199e-08,2.328803930140566e-06,2.605940210287372e-07,7.142673119631127e-09,3.5088727599941194e-05,3.659108571696379e-08,1.0789351563289529e-06,6.073781921855925e-09,6.850205125363829e-11,5.287362228045822e-07,9.792534561015032e-10,2.1187628040930662e-11,1.4205315892468207e-06,1.7213585223885275e-08,7.500013055050658e-09
C:/Users/KUBA/GitProjects/WKIRO-Project/data/LD002/Session2/Treadmill_Walk/Treadmill_Walk_Comfortable/Post_Process/Treadmill_Walk_Comfortable.csv,124,LD002,Session2,treadmill,walk,comfortable,14,LD002,14,LD002,0.9994262456893921,1.2804206583894029e-08,1.616052180963834e-09,4.8646167982724364e-08,5.743564290838776e-09,6.721467826764638e-11,1.3553027145007945e-07,9.817086538532749e-05,7.857854922299623e-10,1.5748627291145567e-08,4.606939718598824e-09,1.2719327813215386e-09,6.8053240820376e-10,1.6821252302179346e-07,6.808819108528041e-08,0.9994262456893921,1.4680836102343164e-07,3.355507487867726e-06,1.7108189922510064e-06,2.466208854912111e-07,0.0004207455785945058,7.859068062998631e-08,3.8896319892955944e-05,6.433448440645861e-09,3.3936522481070597e-09,9.8729958608601e-07,8.962071085250045e-09,3.376800783438938e-10,8.689623427926563e-06,2.2745537364698976e-07,4.496651229146664e-08
C:/Users/KUBA/GitProjects/WKIRO-Project/data/LD002/Session2/Treadmill_Walk/Treadmill_Walk_Fast/Post_Process/Treadmill_Walk_Fast.csv,124,LD002,Session2,treadmill,walk,fast,14,LD002,14,LD002,0.9995039701461792,5.826584992263406e-09,9.796164990305556e-10,3.351089006287111e-08,1.70243830144301e-09,4.38676872605015e-11,1.0120292870396952e-07,6.425131141440943e-05,4.279715193344913e-10,8.464787093487303e-09,2.3998103504396795e-09,5.952276449505689e-10,7.220481434977444e-10,6.695056953276435e-08,3.5312858415181836e-08,0.9995039701461792,1.3763040840331087e-07,3.995703082182445e-06,2.0100951587664895e-06,7.148749858743031e-08,0.0003739206586033106,5.215194676111423e-08,4.5378536015050486e-05,5.808883596358783e-09,3.3774329999403108e-09,7.818978247087216e-07,4.471924164306529e-09,3.313311569552724e-10,5.107382548885653e-06,1.292633982075131e-07,3.331835785047588e-08
C:/Users/KUBA/GitProjects/WKIRO-Project/data/LF003/Session1/Overground_Run/Run_Comfortable/Post_Process/Run_Comfortable10.csv,2,LF003,Session1,overground,run,comfortable,15,LF003,15,LF003,0.9999297857284546,5.021833504592621e-10,9.215437785314862e-06,7.610517771539094e-10,1.2420210637742457e-08,3.36831229574841e-09,8.517987453160458e-07,3.189564723449223e-10,4.3586588560629025e-08,5.861171302967705e-06,3.6623303003580077e-06,5.621672016786761e-09,9.144222303802962e-07,1.3167034129679678e-10,1.27936283789154e-08,1.2162132634330192e-07,0.9999297857284546,4.3826756154885516e-05,1.8091540141540463e-06,3.452105090673285e-08,1.6320163922500797e-06,1.101143709547614e-08,8.102135780063691e-07,3.263999204250467e-08,7.350286178320342e-12,9.477225226817154e-09,8.28319173251657e-08,1.1142348155246395e-10,6.874293490000127e-08,3.6109586432075957e-09,1.2370581998766284e-06
C:/Users/KUBA/GitProjects/WKIRO-Project/data/LF003/Session1/Overground_Run/Run_Comfortable/Post_Process/Run_Comfortable8.csv,2,LF003,Session1,overground,run,comfortable,15,LF003,15,LF003,0.9999065399169922,7.165295023980889e-10,1.0749397915787995e-05,8.344653856795503e-10,1.2682433769839463e-08,2.8914648453337577e-09,1.3428525562630966e-06,5.225019306109857e-10,6.088236403911651e-08,8.859869922162034e-06,4.696227279055165e-06,4.415512400157695e-09,8.482779776386451e-07,1.5831130850685327e-10,8.130843553999512e-09,9.215582963406632e-08,0.9999065399169922,5.834092007717118e-05,1.9748199520108756e-06,5.6917286883617635e-08,3.2498446671525016e-06,1.2442397334666566e-08,1.4248046227294253e-06,4.60761988563263e-08,8.942677327816728e-12,1.1666408283872443e-08,1.1564749513581773e-07,1.2847881092348246e-10,1.0233456748665049e-07,3.10657544133619e-09,1.3797621249977965e-06
C:/Users/KUBA/GitProjects/WKIRO-Project/data/LF003/Session1/Overground_Run/Run_Fast/Post_Process/Run_Fast3.csv,1,LF003,Session1,overground,run,fast,15,LF003,8,GM001,0.29882100224494934,0.0003515249118208885,0.0021460815332829952,0.002296304563060403,0.022176584228873253,0.004793055821210146,0.03438109904527664,0.05783289670944214,0.00042020820546895266,0.29882100224494934,0.23765115439891815,0.00217870413325727,0.0036175313871353865,0.005813139025121927,0.007314505986869335,0.007366878911852837,0.01763211190700531,0.1388085037469864,0.0005121295107528567,0.04337684065103531,0.04462379589676857,0.000118683856271673,0.01671760529279709,0.0006317035877145827,0.0002575645048636943,0.003880192758515477,0.0012462515151128173,0.0007474736776202917,0.014536051079630852,7.77990062488243e-05,0.029672663658857346
C:/Users/KUBA/GitProjects/WKIRO-Project/data/LF003/Session1/Overground_Run/Run_Fast/Post_Process/Run_Fast8.csv,1,LF003,Session1,overground,run,fast,15,LF003,15,LF003,0.9990414977073669,1.798686923848436e-07,8.817132766125724e-05,7.470070784165728e-08,2.8171059966553003e-05,3.104215906546415e-08,3.531565744196996e-05,9.976741210948603e-09,7.0169876380532514e-06,4.22767479903996e-05,1.7846613218353014e-06,1.7212043985637138e-06,0.00033417760278098285,4.372111117589839e-09,1.5727455320302397e-06,3.551087104369799e-07,0.9990414977073669,0.00011596357944654301,0.00014174790703691542,2.004976295211236e-06,5.7151228247676045e-06,5.98331295620369e-09,1.765206252457574e-05,1.3415348121270654e-07,2.4860327130227233e-09,3.030629045497335e-07,2.082107357637142e-06,1.6303428651553986e-07,9.298991062678397e-05,7.747104291411233e-07,3.80956735170912e-05
C:/Users/KUBA/GitProjects/WKIRO-Project/data/LF003/Session1/Overground_Walk/Walk_Fast/Post_Process/Walk_Fast3.csv,2,LF003,Session1,overground,walk,fast,15,LF003,15,LF003,0.7922323942184448,0.0012832452775910497,0.05787407606840134,0.0004487218684516847,0.0035454598255455494,0.0008083345601335168,0.0007240517297759652,0.00961985532194376,0.003430723212659359,0.013665927574038506,0.003629001323133707,0.0003837969561573118,0.007067195139825344,0.00010592510807327926,0.0021132335532456636,0.009123307652771473,0.7922323942184448,0.06342539191246033,0.0020302459597587585,0.001045971643179655,0.003070221282541752,0.0036729048006236553,0.00042294885497540236,0.003267190419137478,0.00020545843290165067,0.005274513736367226,0.0007797829457558692,0.0002565744798630476,0.0006866410840302706,0.001874423585832119,0.007932517677545547
C:/Users/KUBA/GitProjects/WKIRO-Project/data/LF003/Session1/Overground_Walk/Walk_Fast/Post_Process/Walk_Fast4.csv,3,LF003,Session1,overground,walk,fast,15,LF003,15,LF003,0.9996304512023926,5.100292188586764e-09,4.1274219256592914e-05,3.3570350410627725e-07,4.1388464211422615e-08,7.691598113979126e-08,2.51212753710206e-07,3.125074365950553e-10,1.3738078052938363e-07,6.19113961874973e-06,7.460970209649531e-06,3.82998450731975e-07,9.486873295827536e-07,6.024032384033262e-10,4.409754339462779e-08,1.6127016166933572e-08,0.9996304512023926,0.0001202844941872172,9.279051482735667e-07,7.356226205956773e-08,0.0001667159522185102,4.146068874888442e-07,1.244824943569256e-05,3.281924421116855e-07,4.4849191027651614e-10,2.283373987665982e-07,1.3512590157915838e-07,1.0693125496175071e-08,1.1068377858691747e-07,3.616785804183564e-08,1.0700155144149903e-05
C:/Users/KUBA/GitProjects/WKIRO-Project/data/LF003/Session1/Overground_Walk/Walk_Fast/Post_Process/Walk_Fast9.csv,3,LF003,Session1,overground,walk,fast,15,LF003,15,LF003,0.7712912559509277,0.0015202482463791966,0.05514492094516754,0.0007241273415274918,0.004432443529367447,0.0012481982121244073,0.001070926315151155,0.012291098944842815,0.003579025389626622,0.019494883716106415,0.0059344875626266,0.000600410217884928,0.008661351166665554,0.0001682823640294373,0.0032986823935061693,0.008966567926108837,0.7712912559509277,0.06686165183782578,0.0023825429379940033,0.0015612520510330796,0.004134271293878555,0.003290656954050064,0.0006370927440002561,0.0036639466416090727,0.0002705939405132085,0.004891991149634123,0.0011686932994052768,0.00036291367723606527,0.000933547446038574,0.0017474672058597207,0.009666457772254944
C:/Users/KUBA/GitProjects/WKIRO-Project/data/LF003/Session1/Overground_Walk/Walk_Slow/Post_Process/Walk_Slow5.csv,4,LF003,Session1,overground,walk,slow,15,LF003,15,LF003,0.7860666513442993,0.0013223061105236411,0.05696229636669159,0.0005272863199934363,0.003839067416265607,0.000936162075959146,0.0008224123739637434,0.010476998053491116,0.0035126972943544388,0.015371422283351421,0.0042905486188828945,0.00044483807869255543,0.007404552772641182,0.00012412600335665047,0.002463075565174222,0.009047933854162693,0.7860666513442993,0.06464139372110367,0.002105585066601634,0.0012034622486680746,0.0033783914986997843,0.00350919715128839,0.00048208475345745683,0.0033335951156914234,0.0002220992901129648,0.005109251476824284,0.0008956008241511881,0.0002871328906621784,0.0007607136503793299,0.0018375285435467958,0.008621599525213242
C:/Users/KUBA/GitProjects/WKIRO-Project/data/LF003/Session1/Treadmill_Walk/Treadmill_Walk_Comfortable/Post_Process/Treadmill_Walk_Comfortable.csv,123,LF003,Session1,treadmill,walk,comfortable,15,LF003,15,LF003,0.9998912215232849,2.369743734575991e-09,2.5583283331798157e-06,2.2916202269129826e-08,1.9322586197745295e-08,8.87435902541256e-09,1.1839248372780276e-06,1.8861217032650757e-09,1.9193601374922764e-08,6.41559336145292e-06,1.4398098755918909e-05,6.496404836298098e-08,3.508350800984772e-07,1.0305246656017175e-09,1.961912516890152e-07,1.1374560671129075e-07,0.9998912215232849,5.144874012330547e-05,3.3621654438320547e-06,1.3316419256170775e-07,2.492568273737561e-05,1.6179913586711336e-07,1.0357284736528527e-06,2.1587121068478154e-07,1.358428786124577e-10,2.984562996743989e-08,1.8455143901974225e-07,7.719882511025844e-10,8.241428872679535e-08,1.9124584582641546e-08,1.8798668861563783e-06
C:/Users/KUBA/GitProjects/WKIRO-Project/data/LF003/Session1/Treadmill_Walk/Treadmill_Walk_Fast/Post_Process/Treadmill_Walk_Fast.csv,123,LF003,Session1,treadmill,walk,fast,15,LF003,15,LF003,0.9999195337295532,3.250991476022591e-09,2.4895987280615373e-06,2.428165757351053e-08,2.2589428994024274e-08,1.286829665048117e-08,5.036297352489782e-07,2.6704732869475833e-10,2.195288217876623e-08,3.716025048561278e-06,1.2315073945501354e-05,4.875230530387853e-08,3.713927583248733e-07,4.699847733213858e-10,1.0743831779791435e-07,3.611247478829682e-08,0.9999195337295532,4.379191159387119e-05,2.4044959445745917e-06,1.6391093993206596e-07,1.1108854778285604e-05,1.247529866077457e-07,4.1467470168754517e-07,1.5552932097762096e-07,8.39443375921789e-11,2.7626938958746905e-08,1.6393852320106816e-07,3.520019553615583e-10,4.386808782896878e-08,1.5357871419041658e-08,2.4188595943996916e-06
C:/Users/KUBA/GitProjects/WKIRO-Project/data/LF003/Session2/Overground_Run/Run_Comfortable/Post_Process/Run_Comfortable6.csv,1,LF003,Session2,overground,run,comfortable,15,LF003,15,LF003,0.9996285438537598,1.8037473736853826e-09,0.00010072139411931857,1.1370315800007802e-10,2.893309591911475e-08,1.5910428885490546e-07,5.8775185607373714e-06,1.7626121673330886e-09,3.870127329719253e-07,0.0001427941460860893,8.914048521546647e-07,1.182703623925363e-08,2.1365626707847696e-06,3.1098076891389326e-10,4.1302072872895224e-08,3.432004689329915e-07,0.9996285438537598,3.381555507075973e-05,7.203992026916239e-06,4.313050183668565e-08,3.117689993814565e-05,9.57483479169241e-08,2.5034767531906255e-05,1.1660149112913132e-07,1.9325914132894972e-11,5.441503247993751e-09,8.784556939644972e-07,3.4936920023653784e-09,1.9132794477627613e-05,8.02623567608407e-09,5.670686960002058e-07
C:/Users/KUBA/GitProjects/WKIRO-Project/data/LF003/Session2/Overground_Run/Run_Fast/Post_Process/Run_Fast11.csv,1,LF003,Session2,overground,run,fast,15,LF003,14,LD002,0.2882661819458008,0.007778720930218697,0.03948638215661049,0.003138879081234336,0.0029374477453529835,0.0003144507063552737,0.00024940920411609113,0.034274253994226456,0.006551652681082487,0.0012367432937026024,0.001679322449490428,0.0007786331116221845,0.002819785615429282,0.0008655707933939993,0.031333234161138535,0.2882661819458008,0.22479848563671112,0.005411380901932716,0.10904786735773087,0.0018477874109521508,0.01279210764914751,0.0053335982374846935,0.0019330253126099706,0.01160716637969017,0.0016218794044107199,0.016275689005851746,0.05412926524877548,0.0021995925344526768,0.06788086146116257,0.06274470686912537,0.0006658153142780066
C:/Users/KUBA/GitProjects/WKIRO-Project/data/LF003/Session2/Overground_Run/Run_Fast/Post_Process/Run_Fast7.csv,1,LF003,Session2,overground,run,fast,15,LF003,15,LF003,0.758281409740448,0.001126831048168242,0.10781767964363098,0.0031805678736418486,0.0009083872428163886,0.0007283382583409548,0.0005210075760260224,0.0030508101917803288,0.0011432729661464691,0.009662081487476826,0.00382430967874825,0.00038290955126285553,0.005250332877039909,0.0005689888494089246,0.009479869157075882,0.02335381507873535,0.758281409740448,0.013923119753599167,0.012763858772814274,0.000941034930292517,0.02008596993982792,0.0012716170167550445,0.0033302451483905315,0.0020470924209803343,0.0002139406860806048,0.0013593225739896297,0.004008280113339424,0.0002515561645850539,0.003859812393784523,0.004366162233054638,0.0022972295992076397
C:/Users/KUBA/GitProjects/WKIRO-Project/data/LF003/Session2/Overground_Walk/Walk_Fast/Post_Process/Walk_Fast10.csv,1,LF003,Session2,overground,walk,fast,15,LF003,15,LF003,0.9996328353881836,8.538035278782274e-10,2.803900542858173e-06,2.3764027190509296e-08,3.0500348913165e-08,1.1119692944205894e-09,8.877699997356103e-07,1.940249488852075e-10,1.3277477783901759e-08,2.548242036937154e-06,1.1041993275284767e-05,2.0657209631735896e-07,2.6154532406508224e-07,7.257644485392234e-10,3.261765968431973e-08,1.8133627932570562e-08,0.9996328353881836,5.0303415264352225e-06,9.919760486809537e-06,2.5605496034586395e-07,0.00032754885614849627,4.732362128834211e-07,1.8625598841026658e-06,9.368679343424446e-08,1.7377996264222872e-10,1.0974547492992315e-08,9.821686717259581e-07,5.039252348737477e-10,3.595312705328979e-07,6.345964465026555e-08,2.683969114514184e-06
C:/Users/KUBA/GitProjects/WKIRO-Project/data/LF003/Session2/Overground_Walk/Walk_Slow/Post_Process/Walk_Slow2.csv,4,LF003,Session2,overground,walk,slow,15,LF003,15,LF003,0.9999094009399414,1.701401575182615e-09,4.5518299884861335e-06,1.6193173024703356e-08,1.160454132786981e-08,5.5204254501006744e-09,2.689384359655378e-07,6.031268262596257e-10,1.1788726439476704e-08,9.930128044288722e-07,1.7121750715887174e-05,9.170742032438284e-08,3.654182592072175e-07,5.364090838178015e-10,2.0090794805582846e-07,4.685723808961484e-08,0.9999094009399414,2.2261856429395266e-05,4.2781143747561146e-06,1.7127688067830604e-07,3.8203834265004843e-05,1.0202881384202556e-07,4.5889547095612215e-07,1.264846076765025e-07,1.4062892517152648e-10,8.323334910187441e-09,2.169041124489013e-07,1.4937838466178022e-10,1.429908706995775e-07,4.18224104237197e-08,8.972020282271842e-07
C:/Users/KUBA/GitProjects/WKIRO-Project/data/LF003/Session2/Treadmill_Run/Treadmill_Run_Comfortable/Post_Process/Treadmill_Run_Comfortable.csv,119,LF003,Session2,treadmill,run,comfortable,15,LF003,15,LF003,0.9988951683044434,2.8878275326604808e-09,4.418465687194839e-05,1.8345380770057318e-09,1.2326636067427899e-07,9.640852738357353e-08,1.6783875253167935e-05,2.11789892290426e-08,2.4785540517768823e-05,0.0009045132319442928,4.115065621590475e-06,1.5793363061789023e-08,1.306918534282886e-06,8.117269634233537e-10,4.6341804704752576e-07,1.9876998180734518e-07,0.9988951683044434,2.950368980236817e-05,6.12165513302898e-06,1.0727726618142697e-07,3.0341009278345155e-06,4.0347497787251996e-08,1.113982762035448e-06,1.0484730239568307e-07,4.84485680740665e-11,6.077430469986211e-08,1.4313537803900545e-06,7.957305570016615e-07,6.441695586545393e-05,2.712267033189164e-08,1.448336547582585e-06
C:/Users/KUBA/GitProjects/WKIRO-Project/data/LL011/Session1/Overground_Run/Run_Comfortable/Post_Process/Run_Comfortable2.csv,1,LL011,Session1,overground,run,comfortable,16,LL011,16,LL011,0.9997662901878357,2.6421577103974414e-07,2.9600149886732652e-08,7.639524483238347e-06,0.00015386716404464096,9.352613128399412e-11,2.500685241102474e-06,6.536704404425109e-07,2.7836694727056965e-08,2.6301218980506746e-08,4.49708204541821e-05,1.659399839759601e-10,9.74197718051073e-08,4.2231430158468086e-11,9.252058816855424e-07,3.238564545426925e-07,5.21472929904121e-06,0.9997662901878357,9.891754189084168e-07,7.905494385340717e-06,4.084198792497773e-07,1.0329387345464625e-09,2.664267473306836e-09,1.2969800877726811e-07,6.402491870005633e-10,1.9068554024670448e-07,1.4617963728369432e-08,1.182811959488106e-09,4.41807105744374e-06,4.608844417219871e-09,3.1191887046588818e-06
C:/Users/KUBA/GitProjects/WKIRO-Project/data/LL011/Session1/Overground_Run/Run_Comfortable/Post_Process/Run_Comfortable9.csv,1,LL011,Session1,overground,run,comfortable,16,LL011,16,LL011,0.5344558954238892,0.0002832505269907415,0.011339319869875908,0.00022698855900671333,0.030232904478907585,0.0006747427396476269,0.007857104763388634,0.05968454107642174,0.0012725827982649207,0.09327970445156097,0.025236299261450768,0.00024037431285250932,0.0020319365430623293,0.0008088774047791958,0.0009403462754562497,0.04020276293158531,0.07158387452363968,0.5344558954238892,0.00041511098970659077,0.01009884849190712,0.017427019774913788,0.001116874162107706,0.0030220584012567997,0.0007388880476355553,8.721146878087893e-05,0.03398546203970909,0.00017063357518054545,0.00016753937234170735,0.00601183483377099,0.0005178669234737754,0.04588906839489937
C:/Users/KUBA/GitProjects/WKIRO-Project/data/LL011/Session1/Overground_Run/Run_Fast/Post_Process/Run_Fast4.csv,1,LL011,Session1,overground,run,fast,16,LL011,16,LL011,0.277390718460083,0.00013756391126662493,0.003748923074454069,0.001550088170915842,0.13932646811008453,0.003597711445763707,0.011829412542283535,0.10679775476455688,0.0025976314209401608,0.12267064303159714,0.0566558912396431,0.0011825587134808302,0.0005855857743881643,0.0061217257753014565,0.001979106804355979,0.012874380685389042,0.02548646740615368,0.277390718460083,9.707922436064109e-05,0.034089766442775726,0.012313704937696457,0.00039543010643683374,0.00402437848970294,0.00016657556989230216,0.00011041949619539082,0.012924766167998314,0.0009135125437751412,0.00044331999379210174,0.005202665459364653,0.0004045770619995892,0.15438108146190643
C:/Users/KUBA/GitProjects/WKIRO-Project/data/LL011/Session1/Overground_Walk/Walk_Comfortable/Post_Process/Walk_Comfortable14.csv,4,LL011,Session1,overground,walk,comfortable,16,LL011,16,LL011,0.9999587535858154,4.4828688317011256e-08,2.652828072768898e-07,4.056142870467738e-07,2.5656368052295875e-06,4.5349553973172974e-11,7.270514288393315e-07,1.7434618371225952e-07,1.529524773502544e-08,7.89498670883404e-08,5.868491371074924e-06,1.553400741372002e-10,7.654033851167696e-09,2.5090301364327772e-11,2.975614847855468e-07,1.0286510132573312e-06,2.3580943889101036e-05,0.9999587535858154,6.785521122765203e-07,1.3250323718239088e-06,1.1716276731021935e-06,4.119149910053466e-09,3.974133466755347e-09,6.306902378128143e-08,1.679478223159947e-09,1.5333442604514858e-07,6.3690404061844674e-09,2.280347438654573e-10,2.362827444812865e-06,2.439983504132215e-08,3.973904654230864e-07
C:/Users/KUBA/GitProjects/WKIRO-Project/data/LL011/Session1/Overground_Walk/Walk_Comfortable/Post_Process/Walk_Comfortable15.csv,4,LL011,Session1,overground,walk,comfortable,16,LL011,16,LL011,0.5459818840026855,0.0003927327343262732,0.012960266321897507,0.0001988677540794015,0.02631625533103943,0.000582823297008872,0.006727389059960842,0.049009229987859726,0.0013649362372234464,0.07971161603927612,0.021123778074979782,0.0002144851314369589,0.0023658787831664085,0.0007334788679145277,0.0007843500934541225,0.04615012928843498,0.08085043728351593,0.5459818840026855,0.0005110683268867433,0.009009839035570621,0.018301405012607574,0.0015805696602910757,0.0027382855769246817,0.000900045211892575,9.866125765256584e-05,0.042432885617017746,0.00015823644935153425,0.00016410686657764018,0.006051587872207165,0.0006660507642664015,0.04191875830292702
C:/Users/KUBA/GitProjects/WKIRO-Project/data/LL011/Session1/Overground_Walk/Walk_Comfortable/Post_Process/Walk_Comfortable3.csv,3,LL011,Session1,overground,walk,comfortable,16,LL011,16,LL011,0.5452709197998047,0.00037831711233593524,0.013164900243282318,0.00019357736164238304,0.02519339881837368,0.0005667734076268971,0.0068067568354308605,0.050287794321775436,0.0013273064978420734,0.07926150411367416,0.021527206525206566,0.00020891342137474567,0.002397247590124607,0.0007109306752681732,0.0007979199290275574,0.04748484492301941,0.08072400838136673,0.5452709197998047,0.0005258699529804289,0.008990384638309479,0.018793726339936256,0.0015310170128941536,0.0028123995289206505,0.0009086431819014251,9.596920426702127e-05,0.04251741245388985,0.0001544248079881072,0.0001605918660061434,0.006208529695868492,0.0006510757957585156,0.040347710251808167
C:/Users/KUBA/GitProjects/WKIRO-Project/data/LL011/Session1/Overground_Walk/Walk_Comfortable/Post_Process/Walk_Comfortable9.csv,4,LL011,Session1,overground,walk,comfortable,16,LL011,16,LL011,0.5411085486412048,0.0003465501358732581,0.012519411742687225,0.00020767834212165326,0.026848094537854195,0.0006077557918615639,0.007147341035306454,0.053114790469408035,0.001311540137976408,0.08450236171483994,0.023018240928649902,0.00022067093232180923,0.002264065435156226,0.0007504806853830814,0.0008630427182652056,0.0444493368268013,0.07817024737596512,0.5411085486412048,0.0004891198477707803,0.00943340826779604,0.018424279987812042,0.001391796045936644,0.0028847933281213045,0.0008500644471496344,9.304702689405531e-05,0.03884366154670715,0.00016147017595358193,0.00016361560847144574,0.006190106272697449,0.000606991583481431,0.043017446994781494
C:/Users/KUBA/GitProjects/WKIRO-Project/data/LL011/Session1/Overground_Walk/Walk_Slow/Post_Process/Walk_Slow7.csv,5,LL011,Session1,overground,walk,slow,16,LL011,16,LL011,0.5464743971824646,0.00036951308720745146,0.012892728671431541,0.00019416413852013648,0.025542357936501503,0.0005723832873627543,0.006863309536129236,0.05027153342962265,0.0013072272995486856,0.08130153268575668,0.021667789667844772,0.0002097998803947121,0.0023590917699038982,0.0007066719117574394,0.000808434677310288,0.04590865224599838,0.08034846931695938,0.5464743971824646,0.0005106549942865968,0.008963207714259624,0.018411893397569656,0.001487986883148551,0.002787606557831168,0.0008938092505559325,9.47829830693081e-05,0.040921881794929504,0.0001536522468086332,0.00016003470227587968,0.006115681957453489,0.0006299832602962852,0.041070763021707535
C:/Users/KUBA/GitProjects/WKIRO-Project/data/LL011/Session2/Overground_Run/Run_Comfortable/Post_Process/Run_Comfortable3.csv,1,LL011,Session2,overground,run,comfortable,16,LL011,3,CF027,0.3304329812526703,0.0007710453355684876,0.0019767715130001307,0.0009468652424402535,0.3304329812526703,0.0016190405003726482,0.006986402440816164,0.12818171083927155,0.005388516467064619,0.0534369982779026,0.012903676368296146,0.0011406303383409977,0.00039692112477496266,0.010826464742422104,0.000890021154191345,0.04147276282310486,0.015008845366537571,0.13884641230106354,0.0001694248931016773,0.021209286525845528,0.005779413506388664,0.001685287686996162,0.002498357556760311,0.0003143757930956781,0.00035458343336358666,0.07758600264787674,0.00184747320599854,0.0008287535165436566,0.006377893034368753,0.0019071941496804357,0.12821586430072784
C:/Users/KUBA/GitProjects/WKIRO-Project/data/LL011/Session2/Overground_Walk/Walk_Comfortable/Post_Process/Walk_Comfortable5.csv,4,LL011,Session2,overground,walk,comfortable,16,LL011,16,LL011,0.5313826203346252,0.000408953899750486,0.01339625008404255,0.00020398743799887598,0.026178739964962006,0.000586191366892308,0.007000216748565435,0.05525311082601547,0.0014514982467517257,0.07440999895334244,0.022208038717508316,0.0002242484624730423,0.002481563948094845,0.0007910449057817459,0.0007978702778927982,0.05333411321043968,0.07758662104606628,0.5313826203346252,0.0005672000115737319,0.009742707945406437,0.01996891014277935,0.0016311799408867955,0.00300269341096282,0.0009481725282967091,0.00010433509305585176,0.0495004802942276,0.00017093437782023102,0.0001743431348586455,0.006713843904435635,0.0007212393684312701,0.03905888646841049
C:/Users/KUBA/GitProjects/WKIRO-Project/data/LL011/Session2/Overground_Walk/Walk_Comfortable/Post_Process/Walk_Comfortable7.csv,4,LL011,Session2,overground,walk,comfortable,16,LL011,16,LL011,0.5069844722747803,0.00046106966328807175,0.013911617919802666,0.0002367090928601101,0.02766065113246441,0.0006622771034017205,0.007276616990566254,0.06154662370681763,0.0017337060999125242,0.06687186658382416,0.024083219468593597,0.00026325631188228726,0.0026409407146275043,0.0010038117179647088,0.0007763520115986466,0.06104280799627304,0.07255837321281433,0.5069844722747803,0.0006124593201093376,0.011542437598109245,0.022549767047166824,0.0018051330698654056,0.003358554095029831,0.000965394894592464,0.00011956432717852294,0.06265316903591156,0.00020528698223643005,0.00020072906045243144,0.007270596921443939,0.000851001008413732,0.038151565939188004
C:/Users/KUBA/GitProjects/WKIRO-Project/data/LL011/Session2/Overground_Walk/Walk_Comfortable/Post_Process/Walk_Comfortable8.csv,4,LL011,Session2,overground,walk,comfortable,16,LL011,16,LL011,0.9999809861183167,2.2864314885850945e-08,4.939205666687485e-08,1.459190315244996e-07,2.473355834808899e-06,1.521880191313052e-11,6.154251650514198e-07,1.6024014826143684e-07,5.6340794252207616e-09,1.3512403640447701e-08,5.483085715241032e-06,2.8260839848859298e-11,8.464923872963936e-09,4.022357100175178e-12,5.571698835638017e-08,4.961096351507877e-07,7.789823939674534e-06,0.9999809861183167,1.5849740009343805e-07,2.490992585535423e-07,3.508768884330493e-07,2.2322632631244232e-09,1.0733706146126565e-09,1.0073746636862779e-07,3.4995861764031133e-10,2.104427778704121e-07,9.551361923598733e-10,1.796009868604287e-10,5.190852334635565e-07,2.307666502332495e-09,1.9501624137774343e-07
C:/Users/KUBA/GitProjects/WKIRO-Project/data/LL011/Session2/Overground_Walk/Walk_Fast/Post_Process/Walk_Fast5.csv,3,LL011,Session2,overground,walk,fast,16,LL011,16,LL011,0.4974076747894287,0.000561766792088747,0.013834618963301182,0.00028315174859017134,0.03195296600461006,0.0007553271134383976,0.007080049719661474,0.059005409479141235,0.0020952627528458834,0.06435499340295792,0.02327846921980381,0.0003075342101510614,0.0026200786232948303,0.0013037198223173618,0.0007421334739774466,0.06101405248045921,0.07198626548051834,0.4974076747894287,0.0006045811460353434,0.012448246590793133,0.02236739732325077,0.0021305340342223644,0.003296230686828494,0.0009619576740078628,0.00014078315871302038,0.06954976171255112,0.0002510995836928487,0.0002302831708220765,0.007157960440963507,0.001042999210767448,0.04123469069600105
C:/Users/KUBA/GitProjects/WKIRO-Project/data/LM012/Session1/Overground_Run/Run_Comfortable/Post_Process/Run_Comfortable1.csv,2,LM012,Session1,overground,run,comfortable,17,LM012,17,LM012,0.7254114747047424,0.0008911063196137547,0.011190556921064854,0.014273153617978096,2.010540629271418e-05,0.0008844609837979078,0.0004279064596630633,0.0005679079331457615,0.0010623290436342359,2.4550678062951192e-05,0.00017913576448336244,0.003843515645712614,0.017607972025871277,5.7838922657538205e-05,0.11165772378444672,0.004717279691249132,0.001112691592425108,4.501161311054602e-05,0.7254114747047424,0.00011354155139997602,0.001383294234983623,0.004835075698792934,0.004637447651475668,0.05296103656291962,0.009512284770607948,0.00026471068849787116,0.0013546228874474764,0.008267777040600777,0.011571254581212997,0.011118646711111069,5.515985321835615e-06
C:/Users/KUBA/GitProjects/WKIRO-Project/data/LM012/Session1/Overground_Walk/Walk_Comfortable/Post_Process/Walk_Comfortable4.csv,5,LM012,Session1,overground,walk,comfortable,17,LM012,17,LM012,0.9953691363334656,6.244225403406745e-08,8.651831251427211e-08,5.480990328265989e-09,1.6925424972669134e-07,3.498755798969633e-11,0.004420703276991844,8.585728039633977e-08,6.162920271890471e-06,7.889232378488487e-09,8.73865985795419e-07,1.6342511344191735e-08,8.205555786844343e-06,2.4193047565290726e-10,2.107300360876252e-06,3.602383458201075e-07,2.0664698240580037e-05,3.326485602883622e-05,0.9953691363334656,1.8208638152827916e-08,1.779217768671515e-07,2.8202896373841213e-07,4.555040504783392e-06,0.0001245397434104234,1.0234008129827998e-07,1.6287660997704734e-08,1.4431053685370898e-08,1.2463513030525064e-06,2.612714069982758e-06,1.0678568287403323e-06,3.3772278129617916e-06
C:/Users/KUBA/GitProjects/WKIRO-Project/data/LM012/Session1/Overground_Walk/Walk_Fast/Post_Process/Walk_Fast1.csv,4,LM012,Session1,overground,walk,fast,17,LM012,17,LM012,0.999965250492096,3.432261053148977e-08,5.615918396983943e-08,9.41774769280812e-10,9.802353373444816e-10,1.1379461825958281e-12,7.504292625526432e-06,3.240636647916517e-09,3.637852614701842e-06,7.980948124597376e-10,4.17085121995342e-09,1.4458665376082536e-09,1.3985477380629163e-06,1.3368030640781292e-11,2.51635441372855e-07,5.612954510070267e-07,1.344133670500014e-05,2.280270479104729e-07,0.999965250492096,1.772398228183647e-09,1.3080585858915583e-07,2.0800712263735477e-08,3.7946679753986245e-07,3.900963292835513e-06,3.155822270173303e-08,1.4877784559885754e-09,5.054625162870252e-09,1.2916268943286013e-08,9.314837825513678e-07,2.126406798197422e-06,9.351485630304524e-08
C:/Users/KUBA/GitProjects/WKIRO-Project/data/LM012/Session1/Overground_Walk/Walk_Fast/Post_Process/Walk_Fast2.csv,3,LM012,Session1,overground,walk,fast,17,LM012,17,LM012,0.7283698916435242,0.0010666674934327602,0.006187962368130684,0.017365194857120514,6.467917046393268e-06,0.0009449636563658714,0.00021825065778102726,0.0001881349744508043,0.0011143041774630547,1.1984961929556448e-05,0.0002790699654724449,0.0038166597951203585,0.013813593424856663,7.40395043976605e-05,0.13520075380802155,0.0014885934069752693,0.0007359672454185784,2.080731064779684e-05,0.7283698916435242,0.00016699433035682887,0.0020872093737125397,0.005095076747238636,0.003146248171105981,0.03575468063354492,0.0088588185608387,9.397757094120607e-05,0.0013914062874391675,0.008160939440131187,0.013292398303747177,0.011039923876523972,9.016835065267514e-06
C:/Users/KUBA/GitProjects/WKIRO-Project/data/LM012/Session1/Overground_Walk/Walk_Fast/Post_Process/Walk_Fast7.csv,3,LM012,Session1,overground,walk,fast,17,LM012,17,LM012,0.7354264259338379,0.0010329048382118344,0.00607120618224144,0.01461308728903532,9.688494174042717e-06,0.0007842548075132072,0.000246606272412464,0.0002871998876798898,0.0010437647579237819,1.3174362720747013e-05,0.0002077007811749354,0.0036253693979233503,0.012778169475495815,6.41762962914072e-05,0.12585429847240448,0.0022778455168008804,0.0007006537052802742,2.293282886967063e-05,0.7354264259338379,0.00013675795344170183,0.0015726623823866248,0.004669658374041319,0.003178079379722476,0.04108578711748123,0.00940579455345869,0.00013390765525400639,0.0014855206245556474,0.008484425023198128,0.013640078715980053,0.011141516268253326,6.427551397791831e-06
C:/Users/KUBA/GitProjects/WKIRO-Project/data/LM012/Session1/Treadmill_Run/Treadmill_Run_Comfortable/Post_Process/Treadmill_Run_Comfortable.csv,119,LM012,Session1,treadmill,run,comfortable,17,LM012,17,LM012,0.9999350309371948,1.1627484752807504e-07,1.2938636828607741e-08,2.1847790243612053e-10,1.389091175418855e-09,1.3611301755839245e-12,1.8788419765769504e-05,4.1974984599235654e-10,6.260616373765515e-06,2.530229581410026e-09,8.202102108612053e-09,8.159401626572915e-11,3.333548761474958e-07,9.390940282349991e-12,9.876897593130707e-07,3.7432531030390237e-07,1.3570763258030638e-05,8.34071016697635e-08,0.9999350309371948,4.2120600340922465e-09,4.8345775383040746e-08,8.676844487354174e-08,6.98196629400627e-07,1.1428875950514339e-05,3.054045016881446e-09,1.7722224798788488e-09,3.984267138434916e-09,5.992487217554299e-08,1.0059734449896496e-05,1.942633161888807e-06,4.3672184091292365e-08
C:/Users/KUBA/GitProjects/WKIRO-Project/data/LM012/Session1/Treadmill_Walk/Treadmill_Walk_Comfortable/Post_Process/Treadmill_Walk_Comfortable.csv,119,LM012,Session1,treadmill,walk,comfortable,17,LM012,17,LM012,0.9999701380729675,9.49139522532505e-09,6.21202147499389e-08,2.417251065978121e-09,2.2545119937600333e-10,8.651051337967008e-13,1.2985494322492741e-05,1.2155780826361706e-09,6.056334314052947e-07,6.194675883364198e-10,3.7460279322942824e-09,4.542196840873203e-09,6.488081538691404e-08,2.8983466668353053e-11,6.8867666414007545e-06,3.123224985301931e-07,3.1595609470969066e-06,4.084913385327127e-08,0.9999701380729675,4.5082027000376e-09,1.4046375440557313e-07,8.598797229808497e-09,7.176986969170684e-07,1.655502273933962e-06,1.1552512724222197e-08,4.0259240385864814e-10,1.819488026910676e-08,5.8149289827724715e-09,2.5779409043025225e-06,6.072583573768497e-07,2.4504309692474635e-08
C:/Users/KUBA/GitProjects/WKIRO-Project/data/LM012/Session2/Overground_Run/Run_Comfortable/Post_Process/Run_Comfortable10.csv,1,LM012,Session2,overground,run,comfortable,17,LM012,17,LM012,0.702613115310669,0.0014314147410914302,0.0024568724911659956,0.01369552593678236,3.91433013646747e-06,0.0005855747731402516,9.367176971863955e-05,8.170938235707581e-05,0.001050463761202991,6.937081707292236e-06,0.00020484649576246738,0.002847582334652543,0.006934909150004387,5.971809150651097e-05,0.17968447506427765,0.0006158396136015654,0.0005171185475774109,1.0541793926677201e-05,0.702613115310669,0.00014104305591899902,0.0014476926298812032,0.005755712278187275,0.0013143274700269103,0.03127963840961456,0.009065802209079266,3.618335540522821e-05,0.0014932726044207811,0.008274827152490616,0.015879031270742416,0.012404553592205048,1.3665468941326253e-05
C:/Users/KUBA/GitProjects/WKIRO-Project/data/LM012/Session2/Overground_Run/Run_Comfortable/Post_Process/Run_Comfortable7.csv,1,LM012,Session2,overground,run,comfortable,17,LM012,17,LM012,0.7438392639160156,0.0011360422940924764,0.0034844111651182175,0.013242383487522602,5.372200575948227e-06,0.0006018754211254418,0.00013433782442007214,0.00016784429317340255,0.0010829498060047626,6.636135822191136e-06,0.0001920164650073275,0.0031196060590445995,0.008693120442330837,6.126490916358307e-05,0.13334618508815765,0.001317315036430955,0.0004639954713638872,1.2516591596067883e-05,0.7438392639160156,0.00014225795166566968,0.001474431250244379,0.004789402708411217,0.0019701849669218063,0.03383155167102814,0.009011960588395596,8.140993304550648e-05,0.001575780799612403,0.008417628705501556,0.015573176555335522,0.012218212708830833,6.820616818004055e-06
C:/Users/KUBA/GitProjects/WKIRO-Project/data/LM012/Session2/Overground_Run/Run_Comfortable/Post_Process/Run_Comfortable9.csv,2,LM012,Session2,overground,run,comfortable,17,LM012,17,LM012,0.9999540448188782,7.303459028662473e-07,2.1457363663657247e-10,7.40390471154484e-10,6.858187351355127e-10,2.6305962616546275e-12,2.212680527691191e-07,8.945501457635618e-12,3.029638264706591e-07,2.0730961391990377e-10,1.44211531605265e-10,5.458716811901354e-10,9.479733762418618e-07,1.164052036185803e-13,8.070144758676179e-06,2.4954118771347567e-08,4.024357167509152e-06,4.7200261477087224e-09,0.9999540448188782,3.3614078187582663e-10,1.1345775707827244e-10,5.932908564432182e-08,1.7143024777510618e-08,3.049757651751861e-05,7.158313941602046e-09,1.4652379309865182e-10,2.176652191820949e-09,1.2696526141553477e-07,5.748582907472155e-07,3.3800603205236257e-07,1.123144022230349e-09
C:/Users/KUBA/GitProjects/WKIRO-Project/data/LM012/Session2/Overground_Walk/Walk_Comfortable/Post_Process/Walk_Comfortable7.csv,3,LM012,Session2,overground,walk,comfortable,17,LM012,17,LM012,0.6688721776008606,0.001452412805519998,0.004926156718283892,0.01339226495474577,1.1216588063689414e-05,0.0006849931669421494,0.00019795680418610573,0.00015085899212863296,0.0009663046221248806,2.4484261302859522e-05,0.00017270812531933188,0.0029310837853699923,0.010101127438247204,5.1285471272422e-05,0.19380450248718262,0.0011909794993698597,0.0012186948442831635,2.860630957002286e-05,0.6688721776008606,0.000102140438684728,0.0011608561035245657,0.006484889890998602,0.001931816921569407,0.046371787786483765,0.009762302972376347,5.9405301726656035e-05,0.0013236332451924682,0.00796821340918541,0.012867097742855549,0.011771388351917267,1.8568902305560187e-05
C:/Users/KUBA/GitProjects/WKIRO-Project/data/LM012/Session2/Overground_Walk/Walk_Fast/Post_Process/Walk_Fast2.csv,3,LM012,Session2,overground,walk,fast,17,LM012,17,LM012,0.9999664425849915,1.4473087617261626e-08,6.56531184972664e-08,2.1668837835164823e-09,1.0030414721029501e-08,1.04799567461622e-12,2.0457526261452585e-05,1.7629626647419627e-09,1.9277233604952926e-06,2.179966651638665e-09,1.6382308842821658e-09,5.469542596614474e-09,8.108951732310743e-08,2.1570743455323615e-11,2.722411409195047e-06,3.298832780274097e-07,2.3725613118585898e-06,3.658866276623485e-08,0.9999664425849915,2.2674084831919572e-08,1.1478626937844183e-08,5.991189766518801e-09,9.857524219114566e-07,9.135807772508997e-07,2.3257138437315916e-08,1.1847224534733414e-08,5.9351233261395464e-08,1.2565847917755946e-08,1.6918202163651586e-06,1.7223429722434958e-06,1.496615986695815e-08
C:/Users/KUBA/GitProjects/WKIRO-Project/data/LM012/Session2/Overground_Walk/Walk_Slow/Post_Process/Walk_Slow8.csv,8,LM012,Session2,overground,walk,slow,17,LM012,17,LM012,0.9999585747718811,8.178125732172248e-09,1.464071829104796e-06,3.519559044207199e-08,2.1259310978294366e-10,1.521708106744235e-12,1.752119146658515e-06,1.0822321927506096e-09,1.4141073734208476e-06,6.125512874710637e-10,4.644715723145509e-09,9.348780416473801e-09,7.568729643026018e-08,5.231689040319232e-11,1.0262278010486625e-05,1.2173839536444575e-07,7.903518053353764e-06,1.5073487347194714e-08,0.9999585747718811,1.6149432013889964e-08,3.347132064845937e-07,4.429459909971456e-09,1.3476967069436796e-05,2.399356731075386e-07,1.2901864465675317e-08,1.890053891173693e-09,4.821752241923605e-08,1.0017709328735691e-08,2.992351937791682e-06,1.1770780474762432e-06,1.2776220970067698e-08
C:/Users/KUBA/GitProjects/WKIRO-Project/data/MR015/Session1/Overground_Run/Run_Fast/Post_Process/Run_Fast4.csv,1,MR015,Session1,overground,run,fast,18,MR015,18,MR015,0.9904406070709229,8.421296115557197e-06,6.784678287935497e-12,3.6965593608329073e-06,5.349258117348654e-06,8.443547527825501e-10,1.922868442250092e-08,8.125310557716148e-08,2.1779717940262344e-07,2.9267328116588942e-08,2.3983466235222295e-06,8.20500005715985e-08,5.147028137031384e-09,3.1801682780496776e-05,7.3230139605584554e-06,7.220048559020142e-08,1.9163501896457547e-09,1.5067023184656136e-08,5.33204001840204e-07,0.9904406070709229,1.3104539902997203e-05,1.3653629338250539e-08,7.572404037148317e-09,1.0376543374546188e-11,1.9608609846955005e-08,2.217585581831827e-08,9.050609151017852e-06,1.4940981785116492e-09,0.009474131278693676,1.2907496511616046e-06,1.7621956658331328e-06
C:/Users/KUBA/GitProjects/WKIRO-Project/data/MR015/Session1/Overground_Run/Run_Fast/Post_Process/Run_Fast5.csv,1,MR015,Session1,overground,run,fast,18,MR015,27,TB030,0.34867146611213684,0.025489525869488716,9.033770766109228e-05,0.005506699439138174,0.0112442122772336,0.0018015619134530425,0.0012545720674097538,0.019996745511889458,0.007423032075166702,0.0016440663021057844,0.07113571465015411,0.006029005162417889,0.00047783341142348945,0.07784557342529297,0.008840616792440414,0.009932232089340687,0.0007422645576298237,0.0028486556839197874,0.004096706863492727,0.20552310347557068,0.04914503172039986,0.0020207809284329414,0.0023370725102722645,0.0010421306360512972,0.0059446971863508224,0.01591813936829567,0.07378885895013809,0.012562437914311886,0.34867146611213684,0.007449483964592218,0.019197413697838783
C:/Users/KUBA/GitProjects/WKIRO-Project/data/MR015/Session1/Overground_Walk/Walk_Slow/Post_Process/Walk_Slow4.csv,7,MR015,Session1,overground,walk,slow,18,MR015,18,MR015,0.9999316930770874,2.1712924080929952e-07,3.805921688915248e-10,3.0438440035140957e-07,1.3758884733761079e-06,1.3417243982516425e-09,5.531828151106311e-07,4.484747478272766e-06,7.557401460189794e-08,2.6567937183585855e-08,5.500036422745325e-05,1.876924216048792e-08,9.827235691872716e-10,5.653868129229522e-07,8.46207015570144e-08,1.4199448283847005e-09,4.725001501171278e-10,5.20720639940464e-08,2.486291839076671e-09,0.9999316930770874,2.9332516078284243e-06,2.4872115478302703e-09,5.143592218814774e-10,1.5167621932737907e-12,8.251668504044574e-08,3.1724940185995365e-07,5.223132575338241e-07,3.163062043190501e-12,1.5726217270639609e-06,4.6463496938820015e-10,2.1751444023720978e-07
C:/Users/KUBA/GitProjects/WKIRO-Project/data/MR015/Session2/Overground_Run/Run_Comfortable/Post_Process/Run_Comfortable1.csv,2,MR015,Session2,overground,run,comfortable,18,MR015,18,MR015,0.3292325735092163,0.006672364193946123,0.00018167245434597135,0.009654742665588856,0.006997247226536274,0.006179278716444969,0.002808856777846813,0.013980353251099586,0.004619486164301634,0.003371358150616288,0.2443939447402954,0.008288675919175148,0.0009157693712040782,0.10211071372032166,0.004812203347682953,0.0035570370964705944,0.0009050568332895637,0.004688404966145754,0.0012463844614103436,0.3292325735092163,0.09054425358772278,0.0009139428148046136,0.004838982596993446,0.00037058297311887145,0.002023568842560053,0.009022455662488937,0.023098766803741455,0.005497278645634651,0.07799860090017319,0.0016627073055133224,0.02941272035241127
C:/Users/KUBA/GitProjects/WKIRO-Project/data/MR015/Session2/Overground_Run/Run_Comfortable/Post_Process/Run_Comfortable10.csv,2,MR015,Session2,overground,run,comfortable,18,MR015,18,MR015,0.9999762177467346,9.02654946344228e-08,1.92185642400311e-11,1.9322015987199848e-08,2.4970952949843195e-07,2.5940669057256116e-10,2.2854983683373575e-07,4.838786367145076e-07,4.6212608850737524e-08,2.610069671504789e-08,1.7979351468966343e-05,6.054604040350853e-10,1.1761681906197197e-10,8.094581005479995e-08,3.1920286858166946e-08,5.521340051828361e-10,1.621158901565778e-10,3.7376512551645646e-08,1.7322031586886055e-09,0.9999762177467346,7.54851384954236e-07,5.979472472716907e-10,1.3129312914639257e-10,2.807428768625275e-13,1.1513749953451224e-08,1.6258221080533986e-07,3.639494252638542e-07,2.814336437506615e-12,3.165636599078425e-06,1.374577396351384e-10,1.3774484663997555e-08
C:/Users/KUBA/GitProjects/WKIRO-Project/data/MR015/Session2/Overground_Run/Run_Comfortable/Post_Process/Run_Comfortable4.csv,2,MR015,Session2,overground,run,comfortable,18,MR015,18,MR015,0.9999845623970032,6.057846491103192e-08,2.394101930591752e-11,1.0812365225376652e-08,1.9494933667374426e-07,3.714185348169252e-10,2.151331415234381e-07,1.8586837313705473e-07,3.526545100385192e-08,1.4217063082355708e-08,1.187190537166316e-05,3.440957518918708e-10,1.4107626178372357e-10,2.2497406604315984e-08,3.475379628525843e-08,4.232983963348147e-10,5.2653190835139085e-11,1.6635397059872048e-08,1.2704205465396967e-09,0.9999845623970032,2.0012596735341504e-07,1.171013064293902e-09,1.020787204764062e-10,5.2742250671034e-13,5.220178067588677e-09,3.825026908543805e-07,1.8491304842882528e-07,2.1891687681380168e-12,2.0028280687256483e-06,7.895323284046185e-11,8.898366488097054e-09
C:/Users/KUBA/GitProjects/WKIRO-Project/data/MR015/Session2/Overground_Run/Run_Comfortable/Post_Process/Run_Comfortable5.csv,2,MR015,Session2,overground,run,comfortable,18,MR015,18,MR015,0.30864548683166504,0.014734992757439613,0.00027125776978209615,0.008357105776667595,0.006831874139606953,0.005384758114814758,0.0026373618748039007,0.013427895493805408,0.005984488409012556,0.003181909676641226,0.2139321267604828,0.0076844338327646255,0.0013926774263381958,0.09397486597299576,0.004425814375281334,0.006110715214163065,0.0013242377899587154,0.005739277694374323,0.0023178562987595797,0.30864548683166504,0.10856485366821289,0.0022399616427719593,0.004675859119743109,0.0006795135559514165,0.0028621568344533443,0.018270019441843033,0.02275117300450802,0.006012074649333954,0.09495053440332413,0.0032770358957350254,0.029357675462961197
C:/Users/KUBA/GitProjects/WKIRO-Project/data/MR015/Session2/Overground_Run/Run_Fast/Post_Process/Run_Fast3.csv,1,MR015,Session2,overground,run,fast,18,MR015,18,MR015,0.9797714352607727,6.859751010779291e-05,1.710130509424701e-10,2.0131930796196684e-05,8.236255553129013e-07,5.722393670026804e-09,1.458713683177848e-08,2.37479049758349e-08,1.1246155509070377e-06,3.32513536704937e-08,4.082386658410542e-05,6.854575218540049e-08,3.5980662005385966e-08,1.12854750113911e-05,1.5814743164810352e-05,6.951704278890247e-08,1.1947689060320954e-08,1.3644744285556953e-06,5.135245828569168e-06,0.9797714352607727,5.6231401686090976e-05,1.789357817472137e-08,1.1141656486302054e-08,3.6129911562543526e-11,2.8641113658522954e-07,2.3597909404315942e-08,4.332689513830701e-06,6.808380970113603e-09,0.01999313198029995,8.255581633420661e-06,9.077092499865103e-07
C:/Users/KUBA/GitProjects/WKIRO-Project/data/MR015/Session2/Overground_Walk/Walk_Comfortable/Post_Process/Walk_Comfortable3.csv,4,MR015,Session2,overground,walk,comfortable,18,MR015,18,MR015,0.323555052280426,0.004545983858406544,6.9363035436254e-05,0.007442987058311701,0.008534937165677547,0.003697932232171297,0.0021798457019031048,0.027799662202596664,0.004338955506682396,0.0020772055722773075,0.18503916263580322,0.007859284989535809,0.00038501087692566216,0.08787056058645248,0.007954325526952744,0.004024182911962271,0.0003812516515608877,0.002497352659702301,0.001252919901162386,0.323555052280426,0.05271659791469574,0.00039508836925961077,0.003559751668944955,0.0003219163336325437,0.002262558089569211,0.006704146508127451,0.048464953899383545,0.008176315575838089,0.1771979182958603,0.0016112766461446881,0.017083512619137764
C:/Users/KUBA/GitProjects/WKIRO-Project/data/MR015/Session2/Overground_Walk/Walk_Comfortable/Post_Process/Walk_Comfortable8.csv,2,MR015,Session2,overground,walk,comfortable,18,MR015,18,MR015,0.9999432563781738,1.2553821093774786e-08,4.10573464115771e-10,1.6017574466786755e-07,2.7137923552800203e-07,2.1300594621465052e-09,2.147614850400714e-06,7.418350946863939e-07,6.705381849769765e-08,1.3213338867501534e-08,4.920987339573912e-05,4.374306694643337e-09,1.9838386489112736e-10,6.898427784562955e-08,6.833292331975827e-08,1.8062014384145897e-10,7.188276363034873e-11,6.513725736567721e-08,1.4626575506326844e-09,0.9999432563781738,2.1228354398772353e-06,9.193874550561532e-10,4.754147076013737e-10,8.957780264079451e-13,4.444292045491238e-08,3.7462132240762003e-07,1.5627099969606206e-07,7.442458975492894e-12,1.125961489378824e-06,9.42579556073575e-11,5.730331764652874e-08
C:/Users/KUBA/GitProjects/WKIRO-Project/data/MR015/Session2/Overground_Walk/Walk_Fast/Post_Process/Walk_Fast3.csv,2,MR015,Session2,overground,walk,fast,18,MR015,18,MR015,0.9999544620513916,1.1106355835011072e-08,2.11784256798353e-10,5.409086156760168e-08,5.257965085547767e-07,4.0238534726455555e-10,1.156594976237102e-06,2.1769642444269266e-06,1.7885021463825979e-07,2.4874987403222804e-08,3.8852300349390134e-05,1.6703440852694484e-09,1.5611958947836513e-10,1.2138184501964133e-07,7.3090163255074e-08,4.956838828285015e-10,2.1604723565715744e-10,9.921164689785655e-08,1.7379118144589256e-09,0.9999544620513916,7.190267297119135e-07,1.643534641715405e-09,2.7092952881169197e-10,4.4145885406444985e-13,2.6605338376839427e-08,2.1071201672384632e-07,1.784298575557841e-07,4.310806486079732e-12,1.0281747790941154e-06,1.867373478070533e-10,1.3798964459965646e-07
C:/Users/KUBA/GitProjects/WKIRO-Project/data/MR015/Session2/Overground_Walk/Walk_Fast/Post_Process/Walk_Fast4.csv,3,MR015,Session2,overground,walk,fast,18,MR015,18,MR015,0.3131636679172516,0.00533694215118885,3.0046538086025976e-05,0.006968529894948006,0.012570315040647984,0.0026028312277048826,0.0013790965313091874,0.036604683846235275,0.005581701174378395,0.0010422811610624194,0.10754314810037613,0.008559786714613438,0.0001788149238564074,0.1006372943520546,0.008466176688671112,0.004129386972635984,0.0001845660008257255,0.00133133539929986,0.0011077626841142774,0.3131636679172516,0.0282345712184906,0.00037736768717877567,0.0021273072343319654,0.0002890587202273309,0.002969734137877822,0.007358869072049856,0.08696606010198593,0.011807705275714397,0.22760005295276642,0.0021940760780125856,0.012656780891120434
C:/Users/KUBA/GitProjects/WKIRO-Project/data/OB010/Session1/Overground_Run/Run_Comfortable/Post_Process/Run_Comfortable5.csv,2,OB010,Session1,overground,run,comfortable,19,OB010,19,OB010,0.595611572265625,0.0008761456701904535,0.003677115775644779,0.0031886643264442682,0.0003703677502926439,0.0006237153429538012,0.0019481488270685077,0.0039899917319417,0.0003905298071913421,0.004229928366839886,0.09461529552936554,0.0004645705921575427,0.001917910878546536,0.015913251787424088,0.005167599767446518,0.03108016774058342,0.006660022772848606,0.0072099510580301285,0.009314164519309998,0.03759291023015976,0.595611572265625,0.0002830462181009352,0.029781807214021683,0.00040130625711753964,0.0002167591155739501,0.004107707645744085,0.002824307419359684,0.0003671025624498725,0.13258212804794312,0.0013462300412356853,0.0032475560437887907
C:/Users/KUBA/GitProjects/WKIRO-Project/data/OB010/Session1/Overground_Walk/Walk_Comfortable/Post_Process/Walk_Comfortable4.csv,3,OB010,Session1,overground,walk,comfortable,19,OB010,19,OB010,0.9999511241912842,7.575069460585837e-10,4.972016540705226e-07,1.932259010573034e-06,1.7312785871581582e-08,9.0544299835571e-10,3.2005001315837944e-08,1.3736419779419862e-09,4.485494267680856e-11,3.745011554201483e-07,9.303982437813829e-07,8.392882477892272e-08,9.795270372592313e-09,1.1462996241107248e-07,5.685592441295739e-09,1.617365370520929e-07,3.647006815299392e-05,8.79431809153175e-07,1.5752893034459703e-07,3.133331347271451e-06,0.9999511241912842,1.915448955003285e-08,3.4531760775280418e-06,1.3809966503686155e-09,2.4995561176410774e-09,1.7613936975635625e-08,1.0421970841889561e-07,2.264568740861783e-12,4.3227933588241285e-07,4.180951052035198e-08,5.918238787927521e-09
C:/Users/KUBA/GitProjects/WKIRO-Project/data/OB010/Session1/Overground_Walk/Walk_Fast/Post_Process/Walk_Fast2.csv,2,OB010,Session1,overground,walk,fast,19,OB010,19,OB010,0.9999114274978638,3.8052823114753664e-09,4.1692860008879506e-07,3.426346302148886e-05,1.2208343491693086e-07,6.1769567238911804e-09,1.2639314483919861e-08,1.61302049495049e-09,8.327255551776602e-11,1.3008151711346727e-07,2.7674042257785914e-07,3.967638519952743e-07,1.871513433115979e-08,2.469268451932294e-07,1.396986304413872e-09,1.5005369391474233e-07,4.6344393922481686e-05,2.318709221071913e-06,6.76958933354399e-08,1.920305749081308e-06,0.9999114274978638,1.8276111291015695e-08,1.0960374083879287e-06,1.1258124432700356e-09,6.8959264964973954e-09,6.832146937085781e-08,4.425496626936365e-07,2.6077575428912203e-12,1.2722868802939047e-07,5.937057778737653e-08,1.0054639787426822e-08
C:/Users/KUBA/GitProjects/WKIRO-Project/data/OB010/Session1/Treadmill_Walk/Treadmill_Walk_Slow/Post_Process/Treadmill_Walk_Slow.csv,119,OB010,Session1,treadmill,walk,slow,19,OB010,19,OB010,0.999894917011261,9.374221399127691e-10,1.1696695764840115e-05,1.0368155926698819e-05,6.715172418125803e-08,1.0264481709043594e-08,2.5847543838608544e-07,1.121500137202247e-08,4.901218875197344e-10,4.8968800001603086e-06,1.1150265208925703e-06,1.8484598740542424e-07,2.04918411128574e-08,3.489507207632414e-07,3.699815209756707e-08,5.929760504841397e-07,8.332515790243633e-06,2.671485844985e-06,1.6483393494581833e-07,5.941287327004829e-06,0.999894917011261,2.9230681874992115e-08,5.273118586046621e-05,3.32784000356412e-09,5.822156978751991e-09,2.697537979656772e-07,2.3745997168589383e-07,1.0615079648612635e-10,4.8253932618536055e-06,1.1516507925080077e-07,8.782415505947938e-08
C:/Users/KUBA/GitProjects/WKIRO-Project/data/OB010/Session2/Overground_Run/Run_Fast/Post_Process/Run_Fast3.csv,1,OB010,Session2,overground,run,fast,19,OB010,19,OB010,0.6176735758781433,0.0008354504825547338,0.0020571157801896334,0.0030614787247031927,0.00017783440125640482,0.00052235322073102,0.0010618061060085893,0.002174093620851636,0.0003839676210191101,0.001982042333111167,0.1003492921590805,0.00041132885962724686,0.0012936568818986416,0.016086993739008904,0.0051581962034106255,0.01568332500755787,0.003948029596358538,0.003637352492660284,0.008513783104717731,0.042822375893592834,0.6176735758781433,0.00024927055346779525,0.019427908584475517,0.0002820321824401617,0.00018871540669351816,0.002213019412010908,0.002872062148526311,0.00034515728475525975,0.14207330346107483,0.0012905517360195518,0.003223922336474061
C:/Users/KUBA/GitProjects/WKIRO-Project/data/OB010/Session2/Overground_Walk/Walk_Fast/Post_Process/Walk_Fast1.csv,2,OB010,Session2,overground,walk,fast,19,OB010,27,TB030,0.5487914085388184,0.002720590215176344,0.0005705999210476875,0.002098485827445984,0.0003835827228613198,0.00019999945652671158,0.00047192498459480703,0.004885053262114525,0.0007689252379350364,0.0005832801107317209,0.034977588802576065,0.0004442959325388074,0.00046133616706356406,0.019215449690818787,0.007174896541982889,0.035550087690353394,0.0013183638220652938,0.001287625404074788,0.01633583754301071,0.03805512934923172,0.24431325495243073,0.00039049217593856156,0.008394354023039341,0.00047837867168709636,0.0005931229679845273,0.005113821476697922,0.01644006371498108,0.001077057677321136,0.5487914085388184,0.0054023186676204205,0.0015027201734483242
C:/Users/KUBA/GitProjects/WKIRO-Project/data/OB010/Session2/Overground_Walk/Walk_Fast/Post_Process/Walk_Fast2.csv,2,OB010,Session2,overground,walk,fast,19,OB010,19,OB010,0.9999963641166687,1.6566782667926105e-10,3.045366625542556e-09,1.819339416897492e-07,2.797266029919143e-10,8.550488789227373e-11,1.7310608502185687e-10,1.503992819174016e-09,4.973776598915514e-12,9.308830928311806e-10,1.993134723932144e-08,2.2961113010921963e-09,3.3644078634154084e-09,1.978215493636526e-07,1.2720675207633647e-11,2.1032865333836526e-06,2.2134354082936625e-07,1.4869679709761385e-08,6.330114388219954e-08,4.954459953410151e-08,0.9999963641166687,1.3290894607109749e-08,5.025203790864907e-07,5.3833409952019906e-11,9.786876864481542e-10,1.667937432614508e-08,5.074585196496173e-09,7.423135457013119e-13,1.4816681925822195e-07,9.835101622002185e-09,4.44840171642813e-11
C:/Users/KUBA/GitProjects/WKIRO-Project/data/OB010/Session2/Overground_Walk/Walk_Fast/Post_Process/Walk_Fast6.csv,2,OB010,Session2,overground,walk,fast,19,OB010,19,OB010,0.9999964833259583,2.5525243030344313e-10,4.388289287504676e-09,2.1554785689659184e-07,3.3833580381781303e-10,4.059842739767561e-11,1.018405568209424e-10,8.770075776709518e-10,6.539305989067268e-12,6.774628635852764e-10,9.027948166817623e-09,1.834397966860024e-09,3.829239147989938e-09,9.518435462041452e-08,6.544813302422625e-12,2.2955014173930977e-06,1.780212386393032e-07,1.2636797386278431e-08,8.130356832225516e-08,3.75130682073177e-08,0.9999964833259583,2.567688284216274e-08,3.8335340946105134e-07,5.19507561969057e-11,1.1604571747980685e-09,1.1539005306815397e-08,6.058153090293672e-09,7.833746672181174e-13,1.499388702086435e-07,1.7669265162112424e-08,3.166142695243401e-11
C:/Users/KUBA/GitProjects/WKIRO-Project/data/OB010/Session2/Overground_Walk/Walk_Fast/Post_Process/Walk_Fast7.csv,3,OB010,Session2,overground,walk,fast,19,OB010,27,TB030,0.5282808542251587,0.0016744470922276378,0.0005584607133641839,0.0021770326420664787,0.00033231041743420064,0.00022136764891911298,0.0005738217732869089,0.005718948785215616,0.0006070855888538063,0.0006941128522157669,0.04477803781628609,0.00043848788482137024,0.00045692568528465927,0.01657889597117901,0.009131786413490772,0.03295019268989563,0.0013210838660597801,0.0014103505527600646,0.015639828518033028,0.04183945432305336,0.2629043161869049,0.00027646380476653576,0.009745193645358086,0.0004593872872646898,0.0004254547820892185,0.00391605868935585,0.011140524409711361,0.0008648352231830359,0.5282808542251587,0.0033236872404813766,0.0015605647349730134
C:/Users/KUBA/GitProjects/WKIRO-Project/data/OB010/Session2/Overground_Walk/Walk_Fast/Post_Process/Walk_Fast8.csv,2,OB010,Session2,overground,walk,fast,19,OB010,19,OB010,0.9999964833259583,4.353586102734397e-10,1.0666160399352975e-08,3.0272761364358303e-07,5.646969558625869e-10,2.0266488487408196e-10,2.149432715148336e-10,1.4712053797438784e-09,1.6860063692392124e-11,1.2411307537263383e-09,2.2797930654405718e-08,4.513330154054529e-09,5.6313722573975156e-09,3.8186240658433235e-07,2.799226128669119e-11,1.4979440265960875e-06,4.7515240453321894e-07,2.982893576586321e-08,1.4133586034859036e-07,1.0785694115611477e-07,0.9999964833259583,1.041767738740873e-08,3.2804888405735255e-07,1.3352183247938854e-10,6.313614631103803e-10,1.53803121349938e-08,1.1451202652779102e-08,4.549194137712376e-13,2.675685948361206e-07,8.265943485241678e-09,9.895018832084546e-11
C:/Users/KUBA/GitProjects/WKIRO-Project/data/OB010/Session2/Overground_Walk/Walk_Slow/Post_Process/Walk_Slow1.csv,8,OB010,Session2,overground,walk,slow,19,OB010,19,OB010,0.5635539293289185,0.000970961176790297,0.001796863041818142,0.0030958391726017,0.000229707540711388,0.0004883782239630818,0.0010956572368741035,0.0030047078616917133,0.0004428628017194569,0.001896742032840848,0.09365823864936829,0.00045162648893892765,0.0011634191032499075,0.017784129828214645,0.006136993877589703,0.020325493067502975,0.003541628597304225,0.0034196251071989536,0.009968685917556286,0.04557473585009575,0.5635539293289185,0.00026483763940632343,0.019511498510837555,0.0003286592254880816,0.00023103404964786023,0.0027637432795017958,0.003905871883034706,0.0004344064509496093,0.18926554918289185,0.0015945152845233679,0.0030996892601251602
C:/Users/KUBA/GitProjects/WKIRO-Project/data/OB010/Session2/Overground_Walk/Walk_Slow/Post_Process/Walk_Slow4.csv,2,OB010,Session2,overground,walk,slow,19,OB010,19,OB010,0.9999898672103882,2.2974959434929332e-10,6.128551888195943e-09,2.1459518393385224e-06,5.764093646831725e-10,1.308625152685039e-10,1.5425491439735595e-10,2.7055535589681767e-09,4.209550243106097e-12,6.320847845131539e-09,8.452900601696456e-08,5.597116548017311e-09,1.7663777107657097e-09,6.986868470448826e-07,2.810590371549182e-10,4.189896117168246e-06,4.4387380881971694e-08,1.8669375378976838e-08,9.942602474666273e-08,4.6729084601793147e-07,0.9999898672103882,1.9074001045282785e-08,4.57344299320539e-07,1.7433905707964215e-10,1.0149239226819873e-09,1.2136058824552265e-09,1.4418745308830694e-07,6.707456855561955e-13,1.7399926264261012e-06,3.7668583807715095e-09,7.760074527407568e-11
C:/Users/KUBA/GitProjects/WKIRO-Project/data/OB010/Session2/Overground_Walk/Walk_Slow/Post_Process/Walk_Slow6.csv,4,OB010,Session2,overground,walk,slow,19,OB010,19,OB010,0.9999902248382568,2.0737585260111047e-10,4.5360248890347066e-09,2.7156083888257854e-06,4.4657894049393576e-10,3.1907887443338723e-10,2.752074401701776e-10,1.8621382213979132e-09,3.966187187703918e-12,7.443913929705559e-09,2.3595623588335002e-07,1.1876757355366863e-08,2.655689890218582e-09,1.6854511386554805e-06,4.482526017035582e-10,1.8079366554957232e-06,4.255813479403514e-08,1.4015536287104169e-08,1.2507069868661347e-07,7.558781476291188e-07,0.9999902248382568,1.1096544128008645e-08,7.873439926697756e-07,1.1086631612755582e-10,1.9057448952253253e-09,1.5846318701662199e-09,1.1171253078146037e-07,1.239082729649621e-12,1.417386897628603e-06,3.6343781317782486e-09,8.637558723822991e-11
C:/Users/KUBA/GitProjects/WKIRO-Project/data/OB010/Session2/Treadmill_Walk/Treadmill_Walk_Slow/Post_Process/Treadmill_Walk_Slow.csv,119,OB010,Session2,treadmill,walk,slow,19,OB010,19,OB010,0.9999924302101135,8.557843322876124e-11,7.122177070328917e-09,2.5804990855249343e-06,4.900213568248546e-10,3.351188770928104e-10,2.877558191727303e-10,1.6526281454432024e-09,6.7049278455744155e-12,8.442457399837622e-09,1.0689457496937393e-07,1.5529577623851765e-08,2.48000020519612e-09,1.637898549233796e-06,1.2006005911668893e-10,9.580606956660631e-07,3.184371877296144e-08,4.998220504148776e-09,7.794893974732986e-08,3.8155815218487987e-07,0.9999924302101135,4.110293438941426e-09,1.1054016795242205e-06,2.030016432730264e-11,2.274345600739025e-09,5.886260812104638e-09,7.095277254620669e-08,1.685133803330796e-12,6.390419571289385e-07,8.936875239839992e-09,1.4492729238924085e-10
C:/Users/KUBA/GitProjects/WKIRO-Project/data/PC008/Session1/Overground_Run/Run_Comfortable/Post_Process/Run_Comfortable5.csv,2,PC008,Session1,overground,run,comfortable,20,PC008,20,PC008,0.5946857333183289,0.027099408209323883,0.00019489697297103703,0.0006099481252022088,0.0007513572927564383,0.01858602836728096,7.169366290327162e-05,0.00035615277010947466,0.02570459246635437,5.319396223057993e-06,3.309948442620225e-05,0.03101402521133423,0.002067752880975604,3.791480412473902e-05,0.0003445118200033903,7.758636638754979e-05,0.00012070700176991522,0.00011268589878454804,0.0009173357393592596,0.0001552948815515265,8.46375769469887e-06,0.5946857333183289,1.2462458471418358e-05,0.019718915224075317,0.16562330722808838,0.002149422885850072,0.0002071684575639665,0.0867525190114975,7.759456639178097e-05,0.022316094487905502,0.0001880149357020855
C:/Users/KUBA/GitProjects/WKIRO-Project/data/PC008/Session1/Overground_Run/Run_Comfortable/Post_Process/Run_Comfortable9.csv,2,PC008,Session1,overground,run,comfortable,20,PC008,20,PC008,0.629330039024353,0.030793210491538048,9.005852916743606e-05,0.000600933562964201,0.00027380732353776693,0.015427851118147373,3.005618418683298e-05,0.00013094957103021443,0.021829362958669662,2.186214260291308e-06,3.1941908673616126e-05,0.027247240766882896,0.0014087590388953686,3.236737393308431e-05,0.000383288279408589,2.7980131562799215e-05,6.936964928172529e-05,4.870721750194207e-05,0.0009038615971803665,0.0001549792505102232,8.129230991471559e-06,0.629330039024353,6.371753443090711e-06,0.01489000953733921,0.1521633416414261,0.0008391557494178414,0.0001706837210804224,0.08348234742879868,7.443540380336344e-05,0.019342511892318726,0.0002059709804598242
C:/Users/KUBA/GitProjects/WKIRO-Project/data/PC008/Session1/Overground_Run/Run_Fast/Post_Process/Run_Fast10.csv,1,PC008,Session1,overground,run,fast,20,PC008,20,PC008,0.9999699592590332,1.1017073120456189e-06,1.6137783331870992e-09,3.1041493819827792e-09,1.1454649451181353e-09,4.520731636148412e-06,5.71469704890859e-10,2.163882571390441e-12,1.8557808516561636e-06,1.3744233529067174e-10,3.244397817070421e-08,5.891843670724484e-07,6.78816292065676e-08,1.712613245663519e-10,5.226518329237706e-09,7.562206069677835e-12,1.345522235851604e-07,3.94478061327419e-11,1.4821836202827399e-07,1.4559968342098273e-08,4.6584140989125444e-09,0.9999699592590332,2.742382543274857e-09,1.9422384866629727e-05,4.064903080802651e-08,3.4790164082920683e-09,1.677442583059019e-06,2.546857835739047e-08,8.986468791327695e-10,5.423814855021192e-07,7.087007425354841e-09
C:/Users/KUBA/GitProjects/WKIRO-Project/data/PC008/Session1/Overground_Run/Run_Fast/Post_Process/Run_Fast12.csv,1,PC008,Session1,overground,run,fast,20,PC008,20,PC008,0.9999890327453613,2.4299395136040403e-06,2.273504856598052e-10,1.2897097834141391e-09,1.346568523352687e-09,7.654708724658121e-07,9.46525635647788e-11,7.45324895551347e-12,1.9541839719749987e-06,1.3606844817548591e-11,7.782560373925662e-09,4.544970622077926e-08,1.3987529356995765e-08,2.423283518293573e-10,6.837301280704366e-10,1.591684423152273e-11,4.06589535373314e-08,7.2472596500394726e-12,5.799926228178265e-08,2.4261208153575353e-08,2.651238339979045e-09,0.9999890327453613,5.922554113801937e-10,2.2142094167065807e-06,1.2852245845351717e-07,3.301263040711433e-09,1.7039300246324274e-06,1.2701584672925037e-08,1.9184061006427555e-09,1.6606198869340005e-06,2.3432600304573725e-09
C:/Users/KUBA/GitProjects/WKIRO-Project/data/PC008/Session1/Overground_Run/Run_Fast/Post_Process/Run_Fast14.csv,1,PC008,Session1,overground,run,fast,20,PC008,20,PC008,0.9999947547912598,4.7512855871900683e-07,1.781804287448452e-10,5.561262561570857e-10,7.853669936608298e-10,9.62918875302421e-07,2.7442537131605604e-10,2.3275062432936977e-12,5.705719559045974e-07,6.089703047384987e-11,1.6446165318484418e-08,3.228957723422354e-08,5.279583348283268e-08,1.721807141308318e-10,4.966350108936979e-10,1.4121703806324604e-11,7.426570647339759e-08,1.1134684320401877e-11,3.2236471270152833e-08,9.488240415578275e-09,4.032351341720641e-09,0.9999947547912598,7.873122709334268e-10,2.477364887454314e-06,5.397831159825728e-08,7.582173222608901e-10,2.7257729584562185e-07,1.3780605101487708e-08,2.2222512718883536e-09,2.763073894129775e-07,7.654628930708895e-09
C:/Users/KUBA/GitProjects/WKIRO-Project/data/PC008/Session1/Overground_Run/Run_Fast/Post_Process/Run_Fast4.csv,1,PC008,Session1,overground,run,fast,20,PC008,20,PC008,0.5901889204978943,0.02664393186569214,0.00019095896277576685,0.0005624032346531749,0.0009058559662662446,0.01757168397307396,7.526914123445749e-05,0.00042392531759105623,0.01953931152820587,5.884609436179744e-06,2.3833646991988644e-05,0.031298454850912094,0.0022724890150129795,2.7297799533698708e-05,0.00033891064231283963,9.456418774789199e-05,0.00011800855281762779,0.0001248239859705791,0.0009546371875330806,0.00011158888082718477,6.142939582787221e-06,0.5901889204978943,1.1916044968529604e-05,0.024132583290338516,0.17453356087207794,0.00248461845330894,0.00016530264110770077,0.08916545659303665,6.516753637697548e-05,0.017836665734648705,0.00012593311839736998
C:/Users/KUBA/GitProjects/WKIRO-Project/data/PC008/Session1/Overground_Walk/Walk_Fast/Post_Process/Walk_Fast5.csv,3,PC008,Session1,overground,walk,fast,20,PC008,20,PC008,0.6712629199028015,0.026363076642155647,0.00013139331713318825,0.0008948345785029233,0.00018740737868938595,0.026776015758514404,3.6027002352057025e-05,7.705810276092961e-05,0.021039916202425957,3.0763092127017444e-06,5.799844439025037e-05,0.03224700689315796,0.0021118922159075737,4.098553836229257e-05,0.0003948619996663183,1.604613680683542e-05,0.00010064325761049986,6.287764699663967e-05,0.0007607571897096932,0.00020740338368341327,1.3951196706329938e-05,0.6712629199028015,8.386860827158671e-06,0.011751487851142883,0.12166693061590195,0.0005330326966941357,0.00011614954564720392,0.06835135072469711,5.2183098887326196e-05,0.014352929778397083,0.0003813749644905329
C:/Users/KUBA/GitProjects/WKIRO-Project/data/PC008/Session1/Overground_Walk/Walk_Slow/Post_Process/Walk_Slow4.csv,5,PC008,Session1,overground,walk,slow,20,PC008,20,PC008,0.9999812841415405,2.5761494271137053e-06,4.109742823832363e-10,8.727725742119219e-08,8.038218091144245e-09,9.140052497969009e-06,2.9559230063647135e-10,7.0842832468331896e-12,4.09835450909668e-07,2.0632485303595516e-11,5.426427307497761e-08,4.537169573382016e-08,2.4097604978123854e-07,1.3706519252920657e-10,2.1749690937156174e-09,1.8953003055877105e-10,3.533633119445767e-08,4.0339367957109573e-10,3.1895829977202084e-08,4.564993361100278e-08,1.1877783201441616e-08,0.9999812841415405,1.76659187278716e-09,4.788727892446332e-06,8.244509217547602e-07,6.12124484433707e-09,7.433222748431945e-08,1.7505684013485734e-08,6.810019770320253e-10,2.2051639803066792e-07,6.100683069831803e-09
C:/Users/KUBA/GitProjects/WKIRO-Project/data/PC008/Session1/Treadmill_Walk/Treadmill_Walk_Fast/Post_Process/Treadmill_Walk_Fast.csv,119,PC008,Session1,treadmill,walk,fast,20,PC008,20,PC008,0.9999228119850159,4.196622103336267e-05,1.6956328008355115e-10,1.0327734223380958e-08,6.95375756976091e-09,1.2173446748420247e-06,9.186923444204353e-10,4.376645920678435e-11,5.631809472106397e-07,7.691946385390835e-11,4.186642854620004e-08,2.091724695674202e-07,3.74919864043477e-08,9.52727563507949e-10,1.31017205973194e-08,2.3375237856448905e-10,4.137313780461227e-08,6.275338582106826e-11,1.7728491741308972e-07,9.045513138516981e-08,3.382511604144156e-09,0.9999228119850159,8.677369933707269e-10,3.144180300296284e-05,9.153854421128926e-07,3.665499548333173e-08,3.3016948464137386e-07,3.197423481537953e-08,6.120917661611713e-10,1.528766802039172e-07,1.845507924258527e-08
C:/Users/KUBA/GitProjects/WKIRO-Project/data/PC008/Session1/Treadmill_Walk/Treadmill_Walk_Slow/Post_Process/Treadmill_Walk_Slow.csv,119,PC008,Session1,treadmill,walk,slow,20,PC008,20,PC008,0.9993183612823486,0.00031578505877405405,9.934813860468239e-09,1.1677663280806883e-07,1.5323967872404864e-08,3.1219352081279794e-07,1.398428706167465e-09,1.94477454973363e-11,4.235073902236763e-06,8.07407821157291e-11,8.586032862467619e-08,2.447883389322669e-07,1.998981247197662e-07,9.674085976740798e-10,1.4614782273270066e-08,2.456267411687918e-09,5.832281999573752e-07,1.2030404450413812e-10,8.055121725192294e-06,1.969877530427766e-06,2.822480666964111e-07,0.9993183612823486,1.1493512808158357e-08,1.838861317082774e-05,5.125592110744037e-07,9.389523114577969e-08,2.3194996174424887e-05,2.9743574714302667e-08,4.602581782364723e-08,0.00030730944126844406,2.8273882790585958e-08
C:/Users/KUBA/GitProjects/WKIRO-Project/data/PC008/Session2/Overground_Run/Run_Comfortable/Post_Process/Run_Comfortable1.csv,3,PC008,Session2,overground,run,comfortable,20,PC008,20,PC008,0.6551280617713928,0.02952108532190323,9.553404379403219e-05,0.0007421190966852009,0.0001825297367759049,0.020159849897027016,2.74175781669328e-05,8.205347694456577e-05,0.020979365333914757,2.1936136818112573e-06,4.3134259612997994e-05,0.029010703787207603,0.0016255812952294946,3.508360532578081e-05,0.0004012896679341793,1.7100430341088213e-05,7.657316018594429e-05,4.6543136704713106e-05,0.0008325597154907882,0.00017795276653487235,1.0565865522949025e-05,0.6551280617713928,6.364049113471992e-06,0.012487038038671017,0.134869784116745,0.0005449841846711934,0.0001416960876667872,0.07579421252012253,6.307161675067618e-05,0.016608115285634995,0.00028745600138790905
C:/Users/KUBA/GitProjects/WKIRO-Project/data/PC008/Session2/Overground_Run/Run_Comfortable/Post_Process/Run_Comfortable12.csv,1,PC008,Session2,overground,run,comfortable,20,PC008,20,PC008,0.9999892711639404,3.854101123579312e-06,1.798045046186303e-10,8.25861545816764e-10,5.532877489500265e-10,4.2845442749239737e-07,1.1254608356381368e-09,8.49052338852685e-12,3.982593455020833e-07,1.431889468106462e-10,1.890774115054228e-08,3.213083488162738e-08,1.5447538359580903e-08,7.272594748641836e-10,7.347438768512404e-10,3.140174578697419e-11,6.814966724277838e-08,1.077888125977644e-11,1.1045992209801625e-07,9.760309893636077e-09,2.622550843156546e-09,0.9999892711639404,1.3691132672022377e-09,5.033483830629848e-06,3.1861421234680165e-07,1.7447845390705652e-09,1.7607196411972836e-07,3.484331401182317e-08,5.406244896200008e-10,2.2828947976449854e-07,1.0073401668364568e-08
C:/Users/KUBA/GitProjects/WKIRO-Project/data/PC008/Session2/Overground_Run/Run_Comfortable/Post_Process/Run_Comfortable13.csv,1,PC008,Session2,overground,run,comfortable,20,PC008,20,PC008,0.6487084031105042,0.03117428906261921,7.357841968769208e-05,0.000644231156911701,0.0001823418861022219,0.0159536674618721,2.3048316506901756e-05,8.52867160574533e-05,0.02095957286655903,1.7004095980155398e-06,3.485476554487832e-05,0.02694937214255333,0.0013255254598334432,3.23881977237761e-05,0.00039965170435607433,1.7966660379897803e-05,6.124241917859763e-05,3.8063655665609986e-05,0.0008687720983289182,0.00016454487922601402,8.785752470430452e-06,0.6487084031105042,5.314384907251224e-06,0.012851358391344547,0.1413881629705429,0.000564894697163254,0.00015280023217201233,0.07921302318572998,6.92191460984759e-05,0.017812177538871765,0.000235819723457098
C:/Users/KUBA/GitProjects/WKIRO-Project/data/PC008/Session2/Overground_Run/Run_Fast/Post_Process/Run_Fast2.csv,1,PC008,Session2,overground,run,fast,20,PC008,20,PC008,0.9999332427978516,2.148960811609868e-05,3.7377148598416454e-10,2.581378444332927e-09,1.4435850292926489e-09,5.712233814847423e-07,1.1726327686645277e-09,1.4651675706023326e-11,1.6378572809117031e-06,1.2343273625425866e-10,1.991413434154765e-08,6.101396934354852e-07,1.0450106557868821e-08,6.419752507369481e-10,1.0317432241890856e-08,4.180686699606362e-11,8.096087356079806e-08,2.5239791159870073e-11,6.014358859829372e-07,3.540158033388252e-08,1.6616891196363781e-09,0.9999332427978516,1.669440474749706e-09,3.886796548613347e-05,3.465970905836002e-07,2.3313482699904853e-08,1.6566708609389025e-06,7.157824200021423e-08,7.639130994441246e-10,7.066872171890282e-07,1.3121102426794096e-08
C:/Users/KUBA/GitProjects/WKIRO-Project/data/PC008/Session2/Overground_Walk/Walk_Comfortable/Post_Process/Walk_Comfortable11.csv,2,PC008,Session2,overground,walk,comfortable,20,PC008,20,PC008,0.6733937859535217,0.029486846178770065,0.00013341830344870687,0.000929900910705328,0.00019738123228307813,0.028331613168120384,3.477086283965036e-05,7.894990994827822e-05,0.020639652386307716,3.4678976135182893e-06,6.51148147881031e-05,0.03275441378355026,0.0021844571456313133,4.4365820940583944e-05,0.00039393725455738604,1.6400041204178706e-05,0.00011839553917525336,6.996940646786243e-05,0.0007340180454775691,0.00022603692195843905,1.5500441804761067e-05,0.6733937859535217,8.232433174271137e-06,0.011370811611413956,0.1172904223203659,0.000548573792912066,0.00012586626689881086,0.0665879175066948,5.1711584092117846e-05,0.01373455859720707,0.0004295271937735379
C:/Users/KUBA/GitProjects/WKIRO-Project/data/PC008/Session2/Overground_Walk/Walk_Slow/Post_Process/Walk_Slow12.csv,4,PC008,Session2,overground,walk,slow,20,PC008,20,PC008,0.9999909400939941,4.537139375315746e-06,5.002550457211541e-11,3.5376630513894725e-09,7.162303639063339e-09,3.600649449708726e-07,3.3655442321922635e-10,2.837658927279385e-12,5.257031148175884e-07,5.248320875117507e-12,7.908597332573208e-09,2.5330251673949533e-08,2.2325796322775204e-08,4.300447151162068e-11,1.403505089925261e-09,5.4987681075147066e-11,9.198624972839298e-09,2.660963636935687e-11,2.117315567318201e-08,3.0319924348987115e-08,6.396016494214507e-10,0.9999909400939941,2.012582600574575e-10,3.1578490506944945e-06,8.418421515443697e-08,4.979897827439572e-09,1.172914920744006e-07,1.6961507753876504e-08,4.1000719486206094e-10,9.004237710996676e-08,2.0559833835420704e-09
C:/Users/KUBA/GitProjects/WKIRO-Project/data/PC008/Session2/Overground_Walk/Walk_Slow/Post_Process/Walk_Slow3.csv,3,PC008,Session2,overground,walk,slow,20,PC008,20,PC008,0.6751816272735596,0.025822652503848076,0.00013882787607144564,0.0009369651670567691,0.0001794268609955907,0.02853414975106716,3.6549008655129e-05,7.242872379720211e-05,0.020780114457011223,3.1960641990735894e-06,6.057842983864248e-05,0.03296661749482155,0.0022348780184984207,4.102064485778101e-05,0.0003956506261602044,1.5030233953439165e-05,0.00010665291483746842,6.446809857152402e-05,0.0007468292606063187,0.00020804739324375987,1.4462370927503798e-05,0.6751816272735596,8.571123544243164e-06,0.011568753980100155,0.11853635311126709,0.0005025724531151354,0.00011057400843128562,0.06656298041343689,4.824022835236974e-05,0.013723768293857574,0.0003979865286964923
C:/Users/KUBA/GitProjects/WKIRO-Project/data/PC008/Session2/Overground_Walk/Walk_Slow/Post_Process/Walk_Slow6.csv,2,PC008,Session2,overground,walk,slow,20,PC008,20,PC008,0.9999919533729553,2.8681695312116062e-06,6.220178538907106e-11,5.647250223006495e-09,6.821434528347936e-09,4.3506224756129086e-07,1.1421189688443079e-10,1.6181845360202507e-12,5.876447630726034e-07,1.2747255508094302e-12,9.094816455501586e-09,2.1906718217223897e-08,3.726404784742954e-08,1.4370660911255939e-11,1.7599773860510481e-09,2.716228110488661e-11,1.5416674159496324e-08,4.024212907349778e-11,1.649597791697488e-08,2.5906331302394392e-08,5.735658614725025e-10,0.9999919533729553,7.054087869384773e-11,3.7601835174427833e-06,2.7932417268061727e-08,4.762212846287639e-09,1.257974417967489e-07,4.877740877873293e-09,3.071238818819211e-10,1.2154013973031397e-07,6.616940884107692e-10
C:/Users/KUBA/GitProjects/WKIRO-Project/data/PC008/Session2/Treadmill_Walk/Treadmill_Walk_Slow/Post_Process/Treadmill_Walk_Slow.csv,119,PC008,Session2,treadmill,walk,slow,20,PC008,20,PC008,0.9999080896377563,6.449827924370766e-05,2.1955536000373144e-10,6.729896639967592e-09,8.3722682120424e-09,4.024976192340546e-07,1.909800761978886e-09,1.3577918303586678e-11,1.382716959597019e-06,7.783810401784663e-11,3.2377300840380485e-08,2.2600092108859826e-07,3.2355384149695965e-08,2.846195779060423e-10,1.0388480298217928e-08,2.53456422516507e-10,4.1770128689222474e-08,7.585138767085553e-11,7.580001692986116e-07,1.0806962080778248e-07,2.3052220132768753e-09,0.9999080896377563,6.758594239819615e-10,2.2061009076423943e-05,2.554427283030236e-07,4.213109150441596e-08,1.2835173492931062e-06,3.2294103391450335e-08,1.3135018628318562e-09,7.044438348202675e-07,1.358739964985034e-08
C:/Users/KUBA/GitProjects/WKIRO-Project/data/PQ006/Session1/Overground_Run/Run_Comfortable/Post_Process/Run_Comfortable5.csv,1,PQ006,Session1,overground,run,comfortable,21,PQ006,21,PQ006,0.7481281757354736,1.119286025641486e-06,0.00380201218649745,0.0029974523931741714,0.0011448937002569437,0.0009142598137259483,0.1745614856481552,0.010170659981667995,0.00011993572115898132,0.010518982075154781,0.005772626958787441,0.0007820778992027044,0.0007955242181196809,0.006949069444090128,0.005371017847210169,0.009470727294683456,0.00011574213567655534,0.0007205348229035735,0.0013924002414569259,0.0013630273751914501,0.009347646497189999,1.8327058569411747e-05,0.7481281757354736,0.00014552718494087458,0.00010235326772090048,0.000818021479062736,5.001204044674523e-05,0.00021933497919235379,0.0030749207362532616,0.00011094641376985237,0.001021247822791338
C:/Users/KUBA/GitProjects/WKIRO-Project/data/PQ006/Session1/Overground_Run/Run_Fast/Post_Process/Run_Fast7.csv,1,PQ006,Session1,overground,run,fast,21,PQ006,21,PQ006,0.7664617896080017,6.381332241289783e-06,0.010435923002660275,0.0016925118397921324,0.0005719650653190911,0.0004966959240846336,0.11881085485219955,0.006811595521867275,0.00021047776681371033,0.005048203747719526,0.003647533943876624,0.0005369308055378497,0.0025922018103301525,0.005263919476419687,0.0027186868246644735,0.034583449363708496,0.0002323650405742228,0.0009524876368232071,0.006420663557946682,0.001123073510825634,0.019667036831378937,0.00011792588338721544,0.7664617896080017,0.0005527115426957607,0.0002281807828694582,0.004505949094891548,4.088863715878688e-05,0.0002450257888995111,0.0049645500257611275,0.0004745167098008096,0.0005854360642842948
C:/Users/KUBA/GitProjects/WKIRO-Project/data/PQ006/Session1/Overground_Walk/Walk_Comfortable/Post_Process/Walk_Comfortable5.csv,7,PQ006,Session1,overground,walk,comfortable,21,PQ006,21,PQ006,0.766419529914856,6.114986717875581e-06,0.010202591307461262,0.001724425470456481,0.0005904824356548488,0.0005071558407507837,0.12076928466558456,0.006918579805642366,0.000207178556593135,0.005231212824583054,0.003691205522045493,0.0005435091443359852,0.002515393076464534,0.00529866199940443,0.0027892610523849726,0.03349674120545387,0.00023024319671094418,0.0009536645957268775,0.00616823835298419,0.0011258104350417852,0.019191889092326164,0.0001128850708482787,0.766419529914856,0.0005359190399758518,0.00022354851535055786,0.004311410244554281,4.113967952434905e-05,0.00024448323529213667,0.004891993012279272,0.0004571777826640755,0.0006002065492793918
C:/Users/KUBA/GitProjects/WKIRO-Project/data/PQ006/Session1/Overground_Walk/Walk_Comfortable/Post_Process/Walk_Comfortable6.csv,6,PQ006,Session1,overground,walk,comfortable,21,PQ006,21,PQ006,0.9988219141960144,1.060535617658509e-10,1.2593409337569028e-05,1.7752499914536202e-08,3.773544143825802e-09,8.285272024011192e-09,0.00025265157455578446,7.150886460749462e-08,1.0112152004637665e-08,3.2700780138839036e-05,1.0821251095194384e-07,1.9012274776741833e-07,1.3132769538515277e-08,9.23794996054994e-09,2.4771773610154924e-07,4.486522357183276e-06,0.00014121085405349731,1.5282790627679788e-05,1.8955305449708248e-06,3.47793083221859e-08,0.0006863361340947449,9.636503506271765e-08,0.9988219141960144,6.861490930987202e-08,1.2157483908481481e-09,1.4168136885928106e-06,6.322120160717759e-09,1.776006186560153e-08,2.9051172987237806e-06,1.757969840809892e-07,2.5598497813916765e-05
C:/Users/KUBA/GitProjects/WKIRO-Project/data/PQ006/Session1/Overground_Walk/Walk_Comfortable/Post_Process/Walk_Comfortable9.csv,7,PQ006,Session1,overground,walk,comfortable,21,PQ006,21,PQ006,0.7722596526145935,4.194546363578411e-06,0.00802404060959816,0.0019642089027911425,0.0006472941604442894,0.0005772626027464867,0.1282418817281723,0.007868572138249874,0.0001834928843891248,0.005399180110543966,0.004162207245826721,0.0005956921959295869,0.0019390821689739823,0.005768167320638895,0.003102098358795047,0.02631060965359211,0.00017911761824507266,0.0008229307131841779,0.004542093724012375,0.001217582612298429,0.016664844006299973,7.546489359810948e-05,0.7722596526145935,0.0003936306748073548,0.00018481584265828133,0.0032105608843266964,4.380341852083802e-05,0.00023706200590822846,0.004442371428012848,0.00033872644416987896,0.0005994081730023026
C:/Users/KUBA/GitProjects/WKIRO-Project/data/PQ006/Session1/Overground_Walk/Walk_Fast/Post_Process/Walk_Fast1.csv,5,PQ006,Session1,overground,walk,fast,21,PQ006,21,PQ006,0.7158628702163696,1.1688093763950747e-05,0.0226546972990036,0.003960406873375177,0.0005882357945665717,0.0010599924717098475,0.11625903844833374,0.007073189131915569,0.0003964448405895382,0.0052419682033360004,0.008018246851861477,0.0009460005676373839,0.00492333946749568,0.005192342214286327,0.005902792327105999,0.026363316923379898,0.0004506115219555795,0.001822468126192689,0.011968501843512058,0.002358736004680395,0.039972785860300064,0.0001905076642287895,0.7158628702163696,0.0009586263331584632,0.00035803805803880095,0.0029617699328809977,8.821575465844944e-05,0.0004504967946559191,0.012459074147045612,0.0009082963806577027,0.0005973917432129383
C:/Users/KUBA/GitProjects/WKIRO-Project/data/PQ006/Session1/Overground_Walk/Walk_Fast/Post_Process/Walk_Fast13.csv,3,PQ006,Session1,overground,walk,fast,21,PQ006,21,PQ006,0.7656505703926086,6.404809028026648e-06,0.010393958538770676,0.0017247777432203293,0.0005841516540385783,0.0005063621792942286,0.11987104266881943,0.006902026478201151,0.00020988839969504625,0.005150295794010162,0.0036938197445124388,0.0005438061780296266,0.002574882237240672,0.005305982660502195,0.0027806705329567194,0.03426896408200264,0.0002330486458959058,0.0009527077781967819,0.0063960314728319645,0.0011300836922600865,0.019460145384073257,0.00011895105126313865,0.7656505703926086,0.0005518188118003309,0.00022692243510391563,0.004471729043871164,4.1288152715424076e-05,0.0002454677887726575,0.004933963995426893,0.00047372665721923113,0.0005964792799204588
C:/Users/KUBA/GitProjects/WKIRO-Project/data/PQ006/Session1/Overground_Walk/Walk_Slow/Post_Process/Walk_Slow14.csv,7,PQ006,Session1,overground,walk,slow,21,PQ006,21,PQ006,0.999979555606842,2.9535061896179826e-11,7.95909215867141e-07,8.342920243542551e-10,2.487813288709617e-10,2.8410640506848495e-09,7.507888426516729e-07,3.7107671602143455e-08,6.120678408549907e-10,5.34850983058277e-07,2.8086823977702124e-09,7.551166802954867e-09,1.81563208911939e-09,7.361319109833175e-09,3.4301244511425466e-08,2.204511929448927e-06,2.158728193535353e-06,3.0604937251155206e-07,3.902275125255983e-07,1.5659654684085922e-09,1.1655321941361763e-05,2.812513777428194e-08,0.999979555606842,1.62049917928897e-09,9.450298321667105e-10,1.5563612976166041e-07,1.611975691817591e-10,1.1353781026457455e-08,7.329938966904592e-07,1.65065827673061e-07,4.3781196268355416e-07
C:/Users/KUBA/GitProjects/WKIRO-Project/data/PQ006/Session1/Overground_Walk/Walk_Slow/Post_Process/Walk_Slow15.csv,6,PQ006,Session1,overground,walk,slow,21,PQ006,21,PQ006,0.7728776335716248,2.351637022002251e-06,0.00573735823854804,0.0023438252974301577,0.000766994955483824,0.000691560038831085,0.14162154495716095,0.008949323557317257,0.0001563495461596176,0.006302880588918924,0.004845809191465378,0.000673679809551686,0.0013257862301543355,0.006377400830388069,0.003754659788683057,0.017617667093873024,0.00013622159895021468,0.0007240134873427451,0.002807471202686429,0.0013284399174153805,0.01353869866579771,4.0358758269576356e-05,0.7728776335716248,0.00025219458620995283,0.00014380132779479027,0.001899418537504971,4.7438272304134443e-05,0.00023186705948319286,0.0039132642559707165,0.00021371203183662146,0.0006782847340218723
C:/Users/KUBA/GitProjects/WKIRO-Project/data/PQ006/Session1/Overground_Walk/Walk_Slow/Post_Process/Walk_Slow2.csv,7,PQ006,Session1,overground,walk,slow,21,PQ006,21,PQ006,0.9999841451644897,1.3552951295958682e-11,7.397500780825794e-07,7.550580716220168e-10,1.1928451282283703e-10,3.178231233746942e-09,5.479216156345501e-07,3.0777975723594864e-08,4.490798843903576e-10,2.473188942531124e-07,1.5395945629492758e-09,5.871697794646025e-09,1.3232817064334768e-09,7.95675170195409e-09,2.217366379397845e-08,1.189136810353375e-06,1.0785578297145548e-06,1.5089531757439545e-07,3.555965122359339e-07,1.1722719461815245e-09,1.0470475899637677e-05,2.8668194929082347e-08,0.9999841451644897,9.89380466442924e-10,1.381367131791933e-09,1.0246502313293604e-07,1.0474549005934364e-10,7.742305463409593e-09,5.267024221211614e-07,1.753710847651746e-07,1.652773704563515e-07
C:/Users/KUBA/GitProjects/WKIRO-Project/data/PQ006/Session1/Overground_Walk/Walk_Slow/Post_Process/Walk_Slow4.csv,6,PQ006,Session1,overground,walk,slow,21,PQ006,21,PQ006,0.9999861717224121,1.451191510709604e-11,9.13880001007783e-07,4.1331768563246385e-10,8.849051352788351e-11,1.8632031473231336e-09,9.124635766966094e-07,3.8566785320881536e-08,6.414985764813252e-10,2.81546505220831e-07,1.367110424865814e-09,3.725903141571507e-09,2.069671323212674e-09,3.5688685340318216e-09,1.6841054772953612e-08,1.0470195093148504e-06,2.169444087485317e-06,1.621529008843936e-07,3.5491601124704175e-07,9.707962211891186e-10,6.921774456714047e-06,1.99907628228857e-08,0.9999861717224121,1.2190608522644197e-09,9.4275798279142e-10,1.650971483968533e-07,7.472791135887391e-11,1.0662461136234924e-08,4.610501207480411e-07,1.4016532645655388e-07,1.8912105304025317e-07
C:/Users/KUBA/GitProjects/WKIRO-Project/data/PQ006/Session1/Treadmill_Walk/Treadmill_Walk_Fast/Post_Process/Treadmill_Walk_Fast.csv,119,PQ006,Session1,treadmill,walk,fast,21,PQ006,21,PQ006,0.9999898076057434,4.316374948437618e-12,6.981658771110233e-07,2.1161582208772955e-10,8.518554611702811e-11,8.277734608874709e-10,1.3087110346532427e-06,3.128614878278313e-08,8.366444204099821e-10,1.6502360722370213e-07,1.99670391332063e-09,2.522076103517179e-09,1.1410024036706545e-09,1.6637320410239909e-09,1.1940689326195297e-08,6.780383614568564e-07,7.595960482831288e-07,8.950004115604315e-08,3.030959021543822e-07,7.051041417405202e-10,5.540906386158895e-06,1.0350508894418908e-08,0.9999898076057434,9.82430359286468e-10,3.340758503167507e-10,1.0610625622575753e-07,4.0660527028668625e-11,5.11229902855348e-09,3.5957393151875294e-07,6.446843059393359e-08,1.2273180516331195e-07
C:/Users/KUBA/GitProjects/WKIRO-Project/data/PQ006/Session2/Overground_Run/Run_Comfortable/Post_Process/Run_Comfortable6.csv,1,PQ006,Session2,overground,run,comfortable,21,PQ006,21,PQ006,0.9999988079071045,4.1762044668790244e-14,2.4049202806963876e-07,5.638438067140372e-12,2.370747912219806e-12,9.34273491903781e-11,4.0722852645558305e-07,6.068767155475996e-10,8.300650444770241e-11,2.5179838658573317e-08,6.733491542121328e-11,2.625192285776734e-10,4.301922706950734e-10,1.8297945103551427e-10,7.984366501290197e-10,1.9797312234004494e-08,4.897124838976197e-08,2.5490152211204986e-09,2.1633429270195847e-08,1.0143953385610693e-11,4.353186966454814e-07,9.994717276029519e-10,0.9999988079071045,9.670794720584297e-11,7.931415940687359e-12,1.562902252061349e-09,6.084428208659454e-13,4.861764324459728e-10,1.6630893995284168e-08,2.8958926368005677e-09,1.4357197208880734e-08
C:/Users/KUBA/GitProjects/WKIRO-Project/data/PQ006/Session2/Overground_Run/Run_Comfortable/Post_Process/Run_Comfortable8.csv,1,PQ006,Session2,overground,run,comfortable,21,PQ006,21,PQ006,0.9999977350234985,1.3858361954202127e-14,4.5864027242714656e-07,2.5081742238697302e-12,1.7831608585539005e-12,3.936532350090616e-11,5.331366992322728e-07,1.3534553477967393e-09,1.96380342543101e-10,2.9168342408070203e-08,1.4882295396034806e-10,9.312764448488053e-11,3.0413085938540974e-10,1.6369712529940017e-10,3.377232660195517e-10,3.481292054630103e-08,6.697515431142165e-08,3.0860762834095112e-09,2.5330150421609687e-08,2.5174202999966866e-11,9.56058897827461e-07,7.944724322861418e-10,0.9999977350234985,3.4399674081475595e-11,2.800750733764068e-12,1.652919690009469e-09,1.5000003192669475e-12,3.9830805320661966e-10,3.80986762138491e-08,3.5565741463017275e-09,1.3038943258436575e-08
C:/Users/KUBA/GitProjects/WKIRO-Project/data/PQ006/Session2/Overground_Run/Run_Comfortable/Post_Process/Run_Comfortable9.csv,2,PQ006,Session2,overground,run,comfortable,21,PQ006,21,PQ006,0.7536634206771851,8.43702036945615e-06,0.012373847886919975,0.0016725054010748863,0.0006287210271693766,0.0004984199767932296,0.12297634780406952,0.006290082819759846,0.0002220371679868549,0.0062711224891245365,0.00349256070330739,0.000527449999935925,0.003055689623579383,0.005009050481021404,0.0029190722852945328,0.03736480325460434,0.00031482981285080314,0.0011766357347369194,0.007555306889116764,0.0010490347631275654,0.020277220755815506,0.00016148094437085092,0.7536634206771851,0.0006996520096436143,0.0002594148681964725,0.004839219618588686,3.946840297430754e-05,0.00025348030612803996,0.005115637555718422,0.0005607284838333726,0.000724363315384835
C:/Users/KUBA/GitProjects/WKIRO-Project/data/PQ006/Session2/Overground_Run/Run_Fast/Post_Process/Run_Fast1.csv,2,PQ006,Session2,overground,run,fast,21,PQ006,21,PQ006,0.7520674467086792,9.252000381820835e-06,0.012624253518879414,0.0017455897759646177,0.0006254140753298998,0.0005154484533704817,0.12160047888755798,0.006123451516032219,0.00023027931456454098,0.006496590096503496,0.0035596899688243866,0.0005495211808010936,0.0032315514981746674,0.005073645152151585,0.0030940647702664137,0.03741312772035599,0.0003369566984474659,0.0012170607224106789,0.008134458214044571,0.0010762747842818499,0.021160896867513657,0.00017671080422587693,0.7520674467086792,0.0007511265575885773,0.0002779028145596385,0.004857985302805901,4.03126105084084e-05,0.0002685758809093386,0.0053711822256445885,0.0005917102098464966,0.0007790630916133523
C:/Users/KUBA/GitProjects/WKIRO-Project/data/PQ006/Session2/Overground_Run/Run_Fast/Post_Process/Run_Fast7.csv,1,PQ006,Session2,overground,run,fast,21,PQ006,21,PQ006,0.7471861243247986,1.1371163964213338e-05,0.014211118221282959,0.0015918943099677563,0.000570903008338064,0.0004669561458285898,0.11545155197381973,0.0056853084824979305,0.00025199406081810594,0.005852654110640287,0.003404494607821107,0.0005099921836517751,0.003612232394516468,0.004982634447515011,0.0028336397372186184,0.042877815663814545,0.00036336592165753245,0.0012445382308214903,0.00963631272315979,0.001060645212419331,0.023426348343491554,0.00021879113046452403,0.7471861243247986,0.0008616132545284927,0.0003021437441930175,0.005833337549120188,3.9951326471054927e-05,0.0002673413255251944,0.005769843235611916,0.0007221798878163099,0.0007528983987867832
C:/Users/KUBA/GitProjects/WKIRO-Project/data/PQ006/Session2/Overground_Walk/Walk_Comfortable/Post_Process/Walk_Comfortable6.csv,3,PQ006,Session2,overground,walk,comfortable,21,PQ006,21,PQ006,0.9999839663505554,1.4528000113686601e-12,7.364827524725115e-06,5.458007379388619e-10,3.20341635162702e-11,7.843796723250307e-10,3.1721149298391538e-06,2.5969653094648493e-09,2.6642785755370824e-09,1.4563342176643346e-07,9.110500687192769e-10,1.0959804619403712e-08,3.4951213034872808e-09,4.0121114763813637e-10,4.058242097926268e-08,2.1842946296146692e-07,1.7751726772985421e-06,8.226746217587788e-08,6.310819458121841e-07,8.257241002063154e-10,1.2623989960047766e-06,8.220143676851421e-09,0.9999839663505554,1.4866033959393121e-09,2.24123275494037e-10,5.1521869437465284e-08,7.139203117567661e-11,7.810394997420644e-09,7.453843409166439e-07,1.339751776185949e-07,4.5070314058648364e-07
C:/Users/KUBA/GitProjects/WKIRO-Project/data/PQ006/Session2/Overground_Walk/Walk_Slow/Post_Process/Walk_Slow2.csv,5,PQ006,Session2,overground,walk,slow,21,PQ006,21,PQ006,0.9999798536300659,1.832793899286811e-12,8.836801498546265e-06,9.85611370296624e-10,5.432011090933386e-11,2.174718627401262e-09,3.480949544609757e-06,6.985934053460596e-09,3.28903948521031e-09,2.3515694635989348e-07,1.5969794375791935e-09,2.6045441359201504e-08,3.7389695783929255e-09,5.85925863383352e-10,9.835464709340158e-08,2.593700969555357e-07,1.8787086446536705e-06,9.86818022852276e-08,1.0920145996351494e-06,1.4886321064722097e-09,2.3539785161119653e-06,1.6813377357038917e-08,0.9999798536300659,3.142156090873982e-09,3.1578778481033964e-10,6.380621897505989e-08,1.6233145383459657e-10,9.516788246344277e-09,1.0087036343975342e-06,2.1701805508200778e-07,4.4981931068832637e-07
C:/Users/KUBA/GitProjects/WKIRO-Project/data/RC020/Session1/Overground_Run/Run_Comfortable/Post_Process/Run_Comfortable7.csv,3,RC020,Session1,overground,run,comfortable,22,RC020,22,RC020,0.39561939239501953,0.008579328656196594,0.0035907458513975143,0.001056292443536222,0.00017630202637519687,0.03792489320039749,0.00671423738822341,0.0013040724443271756,0.0012251114239916205,0.0014244791818782687,0.0018356150249019265,0.030515119433403015,0.3124718964099884,7.650744009879418e-06,0.015517259947955608,0.0001692267833277583,0.00277159851975739,0.002421141602098942,0.02498157136142254,0.00023488134320359677,0.000236869600485079,0.04767374321818352,0.0008424250991083682,0.39561939239501953,0.06710238009691238,0.0005782436928711832,5.121543290442787e-05,0.03401073068380356,0.00040902686305344105,0.00042733244481496513,0.000127284656628035
C:/Users/KUBA/GitProjects/WKIRO-Project/data/RC020/Session1/Overground_Run/Run_Fast/Post_Process/Run_Fast1.csv,1,RC020,Session1,overground,run,fast,22,RC020,22,RC020,0.49532368779182434,0.01790153607726097,0.0005118821864016354,0.00031141185900196433,9.623073856346309e-05,0.011587630957365036,0.0016939565539360046,0.002355259843170643,0.0009065306512638927,0.00012444195454008877,0.0005074496730230749,0.02700948528945446,0.06952383369207382,5.881897777726408e-06,0.008903942070901394,0.0004065390967298299,0.0003272027533967048,0.0004096199700143188,0.03197433799505234,0.00016936012252699584,9.654464520281181e-05,0.05425845831632614,0.00033320646616630256,0.49532368779182434,0.18257173895835876,0.001133602112531662,8.427651482634246e-05,0.08930245786905289,0.0011672588298097253,0.0009884564206004143,1.3760307410848327e-05
C:/Users/KUBA/GitProjects/WKIRO-Project/data/RC020/Session1/Overground_Run/Run_Fast/Post_Process/Run_Fast4.csv,1,RC020,Session1,overground,run,fast,22,RC020,22,RC020,0.9997647404670715,2.4306007617269643e-05,7.963594783610972e-10,3.9556556430397904e-07,2.785753849821049e-07,5.3997606386246844e-08,1.5002913755779446e-07,1.0167858555121256e-08,2.2691940770869223e-08,1.7470465074609365e-09,6.666069030103472e-09,7.96114647982904e-07,0.00014156228280626237,4.4137724031223513e-10,1.5723120441180072e-06,6.354442234624003e-07,7.91821221923783e-08,6.045015652489383e-07,1.5277330021490343e-05,1.1945557043535615e-10,9.483213103678167e-10,2.568883792264387e-05,2.6588313772890615e-09,0.9997647404670715,1.6720972780603915e-05,5.661934920908607e-08,1.9784035742986816e-08,7.009615728748031e-06,4.124162344965043e-09,1.777723390716801e-08,2.0311189175004074e-08
C:/Users/KUBA/GitProjects/WKIRO-Project/data/RC020/Session1/Overground_Walk/Walk_Comfortable/Post_Process/Walk_Comfortable4.csv,3,RC020,Session1,overground,walk,comfortable,22,RC020,22,RC020,0.9999176859855652,2.7882606445928104e-07,1.2213905442592932e-09,2.4933544864325086e-06,1.4588654551062064e-07,6.151835236778425e-07,3.696748933634808e-07,2.960658607165101e-09,4.2891445950488105e-09,7.094045906264057e-10,6.095819315987683e-08,1.4623529750679154e-05,1.5117318980628625e-05,8.132114981407312e-10,9.413063708052505e-06,2.1386698279002303e-07,1.1492561924342226e-07,4.253023746514373e-07,1.3645575563714374e-05,8.337025514393304e-11,8.085319636030874e-10,2.8477481919253478e-06,8.942286910951225e-09,0.9999176859855652,1.7105694496422075e-05,1.0529464411490608e-08,7.481310149159981e-08,4.6878503781044856e-06,2.4958060063084986e-09,8.986631883090013e-09,3.7098726313189445e-09
C:/Users/KUBA/GitProjects/WKIRO-Project/data/RC020/Session1/Overground_Walk/Walk_Comfortable/Post_Process/Walk_Comfortable5.csv,6,RC020,Session1,overground,walk,comfortable,22,RC020,11,HS018,0.5588652491569519,0.0031456435099244118,0.00834768544882536,0.0025766848120838404,0.00021476171968970448,0.01921187900006771,0.011512964963912964,0.0009583518840372562,0.0016460224287584424,0.0030137489084154367,0.0023551611229777336,0.02201986499130726,0.5588652491569519,8.453950613329653e-06,0.01942795142531395,0.0001076478511095047,0.006763866171240807,0.003830512287095189,0.02190968580543995,0.0002918644167948514,0.0002593254903331399,0.024187011644244194,0.0009809384355321527,0.2546030580997467,0.02021920308470726,0.00045876624062657356,3.194001692463644e-05,0.012343786656856537,0.00017091806512326002,0.00020721880719065666,0.00032980888499878347
C:/Users/KUBA/GitProjects/WKIRO-Project/data/RC020/Session1/Overground_Walk/Walk_Fast/Post_Process/Walk_Fast5.csv,3,RC020,Session1,overground,walk,fast,22,RC020,11,HS018,0.5542621612548828,0.00320441578514874,0.007930886000394821,0.0024486577603965998,0.00020233636314515024,0.020350752398371696,0.011275420896708965,0.001064459909684956,0.0016786273336037993,0.002735466929152608,0.002413274021819234,0.02352689765393734,0.5542621612548828,8.835545486363117e-06,0.017982596531510353,0.00012000572314718738,0.006098983343690634,0.0036568313371390104,0.022429337725043297,0.00031188552384264767,0.0002720840566325933,0.02468736469745636,0.0010156389325857162,0.2561558187007904,0.0215462576597929,0.0005355631583370268,3.3201053156517446e-05,0.01336010079830885,0.0001821990153985098,0.00021680151985492557,0.00029312181868590415
C:/Users/KUBA/GitProjects/WKIRO-Project/data/RC020/Session2/Overground_Run/Run_Comfortable/Post_Process/Run_Comfortable5.csv,2,RC020,Session2,overground,run,comfortable,22,RC020,22,RC020,0.49439138174057007,0.016972923651337624,0.0006350573967210948,0.0003714829799719155,0.00010068718256661668,0.011917934753000736,0.0017611554358154535,0.0025069359689950943,0.0013161329552531242,0.00011865999113069847,0.0006081456085667014,0.027743671089410782,0.08075127750635147,6.329758434731048e-06,0.009708312340080738,0.00039246416417881846,0.0003873116511385888,0.0004601878463290632,0.03483586013317108,0.0002132897061528638,0.00010949865099973977,0.06280241161584854,0.0003215270407963544,0.49439138174057007,0.16308650374412537,0.0013108255807310343,8.96200945135206e-05,0.08478876948356628,0.0011558053083717823,0.0011166306212544441,1.9240842448198237e-05
C:/Users/KUBA/GitProjects/WKIRO-Project/data/RC020/Session2/Overground_Run/Run_Comfortable/Post_Process/Run_Comfortable6.csv,1,RC020,Session2,overground,run,comfortable,22,RC020,22,RC020,0.999607264995575,9.368895007355604e-06,9.282448698577639e-10,4.076650270690152e-07,1.5589753488143288e-08,7.514536832786689e-07,1.3512383212344048e-08,5.245989198598977e-10,5.580584527820065e-08,7.964026105256039e-10,2.6856277202114143e-09,5.723811682400992e-07,4.208589598420076e-05,4.2552492085512483e-10,3.7122663343325257e-06,8.185169235730427e-07,8.522434313817939e-08,3.6462289187966235e-08,1.6277725080726668e-05,7.480437103080106e-11,8.080605629068316e-10,0.0002895898069255054,1.7114386352545807e-08,0.999607264995575,8.650754352856893e-07,9.074264539776777e-08,6.669753105370546e-08,2.772546577034518e-05,1.3053805147933417e-08,6.922216755356203e-08,2.9486974639780783e-08
C:/Users/KUBA/GitProjects/WKIRO-Project/data/RC020/Session2/Overground_Run/Run_Fast/Post_Process/Run_Fast8.csv,1,RC020,Session2,overground,run,fast,22,RC020,22,RC020,0.9980337023735046,0.0004415052244439721,3.278319837818344e-10,5.282898314362683e-07,1.6684016657109169e-07,3.4026124922093004e-06,8.358057357327198e-08,2.275613697477752e-09,1.717011855362216e-06,1.52563151001317e-09,4.151424981557739e-09,6.986519292695448e-05,2.1301364540704526e-05,1.7610567226711282e-08,5.529816007765476e-06,1.1122136100993885e-07,1.0588083299012396e-08,2.1327087651457077e-08,1.6184032574528828e-05,5.749805076504799e-09,9.681801138583523e-09,0.001057236921042204,3.105630597133313e-08,0.9980337023735046,4.887280738330446e-05,1.4720320962169353e-07,1.5211809341053595e-06,0.0002951899659819901,3.2135187666426646e-07,1.853726530498534e-06,6.532567340400419e-07
C:/Users/KUBA/GitProjects/WKIRO-Project/data/RC020/Session2/Overground_Run/Run_Fast/Post_Process/Run_Fast9.csv,1,RC020,Session2,overground,run,fast,22,RC020,23,RC023,0.4445123076438904,0.07062740623950958,3.466748239588924e-05,0.0012182953068986535,0.0002468741440679878,0.02772699110209942,0.00013290454808156937,0.0001374023559037596,0.003979313187301159,7.672777428524569e-06,6.571439007529989e-05,0.07412312924861908,0.004454346373677254,6.974018469918519e-05,0.0006360492552630603,2.7987272915197536e-05,2.5924166038748808e-05,2.9298147637746297e-05,0.001749794464558363,0.00017740667681209743,1.3425072211248334e-05,0.15762130916118622,3.1413743272423744e-05,0.030583495274186134,0.4445123076438904,0.0006343070999719203,0.00034027505898848176,0.17662028968334198,0.00012738992518279701,0.004009002819657326,3.586997991078533e-05
C:/Users/KUBA/GitProjects/WKIRO-Project/data/RC020/Session2/Overground_Walk/Walk_Fast/Post_Process/Walk_Fast3.csv,2,RC020,Session2,overground,walk,fast,22,RC020,22,RC020,0.48793894052505493,0.018092501908540726,0.0006249870057217777,0.00035773596027866006,0.00010058247426059097,0.013043574057519436,0.0018356582149863243,0.002406948944553733,0.0011452636681497097,0.00013655218936037272,0.0006462136516347528,0.028703132644295692,0.08301395177841187,6.533317900903057e-06,0.009103449061512947,0.00038429477717727423,0.00040384766180068254,0.0004962169914506376,0.03184133768081665,0.00021175245638005435,0.00011537445243448019,0.06136390566825867,0.00034000902087427676,0.48793894052505493,0.16861368715763092,0.0012537315487861633,8.330261334776878e-05,0.08559481799602509,0.0011048094602301717,0.0010175451170653105,1.9319122657179832e-05
C:/Users/KUBA/GitProjects/WKIRO-Project/data/RC020/Session2/Overground_Walk/Walk_Fast/Post_Process/Walk_Fast8.csv,2,RC020,Session2,overground,walk,fast,22,RC020,22,RC020,0.9998253583908081,4.330351202952443e-06,8.723295419343913e-10,5.026182066103502e-07,8.319836410919379e-07,2.4062148895609425e-07,5.224929964242619e-07,6.461211565778058e-09,3.921726055011732e-09,1.7352761005895445e-08,3.8258072265762166e-08,1.2744679224852007e-05,7.71124177845195e-05,7.116935929474266e-10,2.224036961706588e-06,2.351663965782791e-07,4.175707246645288e-08,1.3546745094572543e-06,5.650070306728594e-06,3.5153319144498596e-10,5.428988925082479e-10,1.7383930753567256e-05,2.631269424568927e-09,0.9998253583908081,4.992582762497477e-05,7.837788729148087e-08,3.4143500471373045e-08,1.2850957773480332e-06,1.5009182785519215e-09,2.1443440800794633e-08,5.3334359151335775e-09
C:/Users/KUBA/GitProjects/WKIRO-Project/data/RC020/Session2/Overground_Walk/Walk_Slow/Post_Process/Walk_Slow5.csv,4,RC020,Session2,overground,walk,slow,22,RC020,22,RC020,0.505629301071167,0.014087799936532974,0.0009191369172185659,0.0006270355079323053,0.00013118257629685104,0.01018862146884203,0.002394640352576971,0.003130508353933692,0.00207581277936697,0.00014551496133208275,0.0007766947383061051,0.028694890439510345,0.11268666386604309,7.98246492195176e-06,0.013544708490371704,0.0004426424275152385,0.0005049071041867137,0.0005297519965097308,0.04696118086576462,0.0002925749868154526,0.00013230637705419213,0.0513797253370285,0.00039634149288758636,0.505629301071167,0.12735067307949066,0.0016803618054836988,0.00012395699741318822,0.0727480947971344,0.0012669761199504137,0.0011239905143156648,2.5999765057349578e-05
C:/Users/KUBA/GitProjects/WKIRO-Project/data/RC020/Session2/Overground_Walk/Walk_Slow/Post_Process/Walk_Slow6.csv,3,RC020,Session2,overground,walk,slow,22,RC020,22,RC020,0.9994466304779053,1.8460987121216021e-06,3.3020823853036063e-09,3.53790051121905e-06,1.383537437504856e-06,6.261846579036501e-07,6.468100650636188e-07,1.7067772972723105e-08,7.0250352202094746e-09,1.7045143962945986e-08,9.381049181911294e-08,3.273285983595997e-05,8.706274820724502e-05,2.0089401253642336e-09,2.9692519092350267e-06,1.9727276878711564e-07,5.347398612798315e-08,3.822332018899033e-06,1.2249940482433885e-05,6.574536470793646e-10,2.233069507084906e-09,1.56228579726303e-05,1.0614498613392698e-08,0.9994466304779053,0.0003858552372548729,4.770567940681758e-08,2.6587803958477707e-08,4.496882411331171e-06,1.6376592304467863e-09,1.8983550731377363e-08,1.0425632801513984e-08
C:/Users/KUBA/GitProjects/WKIRO-Project/data/RC023/Session1/Overground_Run/Run_Fast/Post_Process/Run_Fast3.csv,1,RC023,Session1,overground,run,fast,23,RC023,23,RC023,0.9995531439781189,7.545950211351737e-05,5.306011185979287e-10,2.607059457204741e-07,1.4690600664835074e-06,3.8292705539788585e-06,3.0998094757705985e-07,6.115088808655855e-07,4.85337503519645e-09,1.398936007035445e-07,2.6290181143195923e-09,0.00016599564696662128,3.7899967537669e-06,1.1526308796305784e-08,1.870059946895708e-07,1.8246533173282842e-08,3.3356724049582454e-09,3.306234646061057e-07,2.6183093382314837e-07,5.067865238572722e-09,4.312064039169172e-09,5.790167847408156e-07,2.3224605172345036e-07,6.096850484027527e-05,0.9995531439781189,2.3523863035279646e-07,1.1767479213276033e-09,0.00013200266403146088,2.8042983490905726e-09,2.170308874838156e-07,3.5374136952981416e-09
C:/Users/KUBA/GitProjects/WKIRO-Project/data/RC023/Session1/Overground_Walk/Walk_Comfortable/Post_Process/Walk_Comfortable1.csv,4,RC023,Session1,overground,walk,comfortable,23,RC023,23,RC023,0.43053215742111206,0.09314529597759247,9.901074918161612e-06,0.0015861649299040437,4.818024899577722e-05,0.02441352605819702,3.768223541555926e-05,2.964560189866461e-05,0.004464292898774147,1.810881144592713e-06,9.573373972671106e-05,0.0740283876657486,0.002293825149536133,9.285809937864542e-05,0.0009351909393444657,4.954107225785265e-06,1.0340851986256894e-05,6.244390078791184e-06,0.0018250003922730684,0.00028009520610794425,1.7413945897715166e-05,0.14821267127990723,1.3371412933338434e-05,0.01705562137067318,0.43053215742111206,0.00012819412222597748,0.00047119767987169325,0.1958179920911789,0.00016743311425670981,0.004219976253807545,5.4855136113474146e-05
C:/Users/KUBA/GitProjects/WKIRO-Project/data/RC023/Session1/Overground_Walk/Walk_Comfortable/Post_Process/Walk_Comfortable2.csv,5,RC023,Session1,overground,walk,comfortable,23,RC023,23,RC023,0.9999224543571472,2.6838974008569494e-05,3.36278678514379e-11,2.5859284491502876e-08,3.4717025698682846e-08,3.3890256645463523e-07,5.024861593483365e-08,3.2151348250408773e-07,2.6119142959579733e-10,6.5886331945819165e-09,5.253922186199134e-09,3.6590215586329577e-06,5.094123480375856e-06,1.3497760686931315e-09,9.264821798637968e-09,6.6491820938097135e-09,7.9854667323076e-10,1.0062250055398181e-07,2.6963670407553764e-08,1.4742862486372132e-10,5.788185486466091e-10,4.736802168281429e-07,3.0396158923196026e-09,3.506207212922163e-05,0.9999224543571472,3.4126059755834603e-09,2.312529855108547e-11,5.503273769136285e-06,5.426372545747071e-11,3.6062419717097782e-09,1.2413592376248062e-10
C:/Users/KUBA/GitProjects/WKIRO-Project/data/RC023/Session1/Overground_Walk/Walk_Comfortable/Post_Process/Walk_Comfortable5.csv,6,RC023,Session1,overground,walk,comfortable,23,RC023,23,RC023,0.43155255913734436,0.08067847043275833,8.739781151234638e-06,0.0018336732173338532,5.764230081695132e-05,0.027885673567652702,4.167493898421526e-05,3.624291639425792e-05,0.004558175802230835,1.965606315934565e-06,0.00010836948786163703,0.08575282245874405,0.002016716403886676,0.00010661394480848685,0.0011222637258470058,4.67295558337355e-06,9.285150554205757e-06,6.0633569773926865e-06,0.0016398172592744231,0.00031939020846039057,1.674161285336595e-05,0.12299060076475143,1.4214262591849547e-05,0.01542951911687851,0.43155255913734436,0.00011438239744165912,0.0005621243617497385,0.21902501583099365,0.00018123195332009345,0.0038661130238324404,5.919222894590348e-05
C:/Users/KUBA/GitProjects/WKIRO-Project/data/RC023/Session1/Overground_Walk/Walk_Slow/Post_Process/Walk_Slow2.csv,6,RC023,Session1,overground,walk,slow,23,RC023,23,RC023,0.9999258518218994,2.787920857372228e-05,5.20844756213279e-11,1.7437232102679445e-08,6.501681326653852e-08,6.314832035059226e-07,8.233048021111244e-08,2.7687698889167223e-07,3.768153289396281e-10,1.1882339556734678e-08,5.059236585225335e-09,5.849459284945624e-06,4.801474005944328e-06,1.5645973405753466e-09,7.4116286441494594e-09,3.3383822373167504e-09,9.324133687371727e-10,1.2774374624768825e-07,1.4966717643005722e-08,2.3089440082113555e-10,8.551934715939069e-10,5.713358746106678e-07,4.29320268224842e-09,2.7447589673101902e-05,0.9999258518218994,3.4325211561991864e-09,3.135300005729924e-11,6.387448593159206e-06,5.6429100975252666e-11,3.1289297819370177e-09,2.2302852620281755e-10
C:/Users/KUBA/GitProjects/WKIRO-Project/data/RC023/Session1/Treadmill_Run/Treadmill_Run_Fast/Post_Process/Treadmill_Run_Fast.csv,119,RC023,Session1,treadmill,run,fast,23,RC023,23,RC023,0.9997856020927429,0.00017166633915621787,9.353601226891328e-12,2.9252925415335085e-08,3.393227032688628e-08,1.3573787782661384e-07,8.156193054276173e-09,5.099727928836728e-08,2.4982671487094876e-10,2.3923072411946578e-09,2.416851607733861e-09,5.2156797210045625e-06,1.7874855302579817e-06,4.743695214415311e-09,1.5167435307716914e-08,2.8276210262134782e-09,3.564445127945959e-10,1.2843070607004847e-08,5.691131477192357e-08,9.470035866598892e-10,5.548539405708652e-10,1.4738508298250963e-06,2.427972489726926e-09,1.8553764675743878e-05,0.9997856020927429,4.173857259814895e-09,4.4356220085806086e-11,1.529355358798057e-05,1.8822222946912603e-10,7.016002001591914e-08,4.500460004663864e-09
C:/Users/KUBA/GitProjects/WKIRO-Project/data/RC023/Session2/Overground_Run/Run_Comfortable/Post_Process/Run_Comfortable4.csv,2,RC023,Session2,overground,run,comfortable,23,RC023,23,RC023,0.9998615980148315,0.00011932807683479041,9.275421142956874e-13,3.3865354964746075e-08,4.162838607157937e-08,6.352404824383484e-08,3.1220528384778845e-09,1.9643806581370882e-08,9.174265513944846e-11,1.0460999844141838e-09,5.690071525066287e-09,2.0237100670783548e-06,7.113668516467442e-07,2.5609170339890852e-09,1.9773136017420256e-08,8.114718896834461e-10,2.310164975982687e-10,9.964914227111876e-09,2.7709511130069586e-08,3.0400015837983574e-10,7.978362970284536e-10,3.790650850987731e-07,3.399541481652335e-10,9.985558790504001e-06,0.9998615980148315,2.478684757445393e-10,2.619947141180301e-11,5.706688625650713e-06,1.0223098756423354e-10,9.466033290550513e-09,1.3039761492805724e-09
C:/Users/KUBA/GitProjects/WKIRO-Project/data/RC023/Session2/Overground_Run/Run_Fast/Post_Process/Run_Fast9.csv,1,RC023,Session2,overground,run,fast,23,RC023,23,RC023,0.36381736397743225,0.03216809406876564,5.072611202194821e-06,0.003743005683645606,0.00012405200686771423,0.0571453683078289,7.750332588329911e-05,8.309780969284475e-05,0.004467769991606474,3.4332729228481185e-06,0.00023183802841231227,0.16427555680274963,0.0011325166560709476,0.00021343959087971598,0.0023380042985081673,3.273618858656846e-06,5.460849479277385e-06,6.072799806133844e-06,0.0008306730305776,0.0006346959853544831,1.6224881619564258e-05,0.04224303364753723,2.2141448425827548e-05,0.008052216842770576,0.36381736397743225,6.348918395815417e-05,0.001008658204227686,0.3148971498012543,0.00023757560120429844,0.0020592028740793467,9.403516742167994e-05
C:/Users/KUBA/GitProjects/WKIRO-Project/data/RC023/Session2/Overground_Walk/Walk_Comfortable/Post_Process/Walk_Comfortable4.csv,4,RC023,Session2,overground,walk,comfortable,23,RC023,23,RC023,0.9998813271522522,4.026136957691051e-05,7.816661207193931e-11,4.3433875163145785e-08,5.166342731399709e-08,7.502229664169136e-07,1.1453762738256046e-07,5.473895612340129e-07,6.832898691300215e-10,1.0314376908127088e-08,1.1283848522225526e-08,8.071867341641337e-06,1.3192942788009532e-05,3.5339993154082094e-09,1.3931006570544469e-08,9.214962126691262e-09,1.9059183120617718e-09,1.7107677763306128e-07,4.5905110823696305e-08,2.8790420047997145e-10,1.0108354153715027e-09,6.905628993081336e-07,6.829921517237381e-09,4.5967572077643126e-05,0.9998813271522522,6.220618686825219e-09,3.7259480223372776e-11,8.65215315570822e-06,8.783864607897485e-11,6.269344154929968e-09,3.950937355057249e-10
C:/Users/KUBA/GitProjects/WKIRO-Project/data/RC023/Session2/Overground_Walk/Walk_Fast/Post_Process/Walk_Fast6.csv,3,RC023,Session2,overground,walk,fast,23,RC023,23,RC023,0.9993168711662292,0.0006192552973516285,5.351711088175115e-11,4.167583256275975e-08,2.5558679794812633e-07,5.571142196458823e-07,1.1723958692755332e-07,6.011400728311855e-07,1.7662418194674956e-09,1.764910884105575e-08,6.29877883184804e-09,9.323987796960864e-06,8.654797966300976e-06,4.695251742958817e-09,2.743932014936945e-08,4.423335919767624e-09,2.134823207100567e-09,6.776867422786381e-08,3.009270344023207e-08,1.1940928246190197e-09,1.833161733522104e-09,1.5817095118109137e-06,4.666992126090008e-09,2.9668408387806267e-05,0.9993168711662292,7.065931839633777e-09,9.554573798808974e-11,1.2849056474806275e-05,2.392045173049695e-10,1.3887034633341955e-08,2.8486437653185703e-09
C:/Users/KUBA/GitProjects/WKIRO-Project/data/RC023/Session2/Overground_Walk/Walk_Slow/Post_Process/Walk_Slow3.csv,10,RC023,Session2,overground,walk,slow,23,RC023,23,RC023,0.9997903108596802,8.453759801341221e-05,1.1752965267675108e-10,4.074627213412896e-08,1.1214660844416358e-07,9.487897614235408e-07,1.8442955251884996e-07,4.3858895537596254e-07,6.724760193144164e-10,3.001901660582007e-08,1.6952027337424624e-08,1.6195772332139313e-05,1.2016840628348291e-05,3.2900620006159897e-09,3.326643494006021e-08,4.510533724300103e-09,2.090617901018277e-09,3.18336162763444e-07,6.242352412755281e-08,4.937076303335175e-10,1.5271044428999403e-09,8.045337267503783e-07,6.164178500966955e-09,8.564839663449675e-05,0.9997903108596802,8.493513448115664e-09,1.253170484050159e-10,8.21934827399673e-06,8.596624800905062e-11,5.257768886934855e-09,6.620334835893971e-10
C:/Users/KUBA/GitProjects/WKIRO-Project/data/RC023/Session2/Overground_Walk/Walk_Slow/Post_Process/Walk_Slow5.csv,9,RC023,Session2,overground,walk,slow,23,RC023,23,RC023,0.9998343586921692,5.8111269026994705e-05,1.3624291972380576e-10,3.9929471284949614e-08,9.369416886784165e-08,1.2183704711787868e-06,2.0250890031547897e-07,4.751186111207062e-07,7.513587529928145e-10,2.8585864342289824e-08,1.9531363193436846e-08,1.2768015039910097e-05,1.4065683899389114e-05,3.4255431824448124e-09,2.2408601196843847e-08,5.588570051173747e-09,2.563894430096525e-09,3.372801700152195e-07,4.581620061117064e-08,4.4433987045344736e-10,1.5724899160574068e-09,8.182544775081624e-07,7.000811041990573e-09,6.940503953956068e-05,0.9998343586921692,7.469759033540413e-09,8.580280236314408e-11,7.97440134192584e-06,7.971277110607744e-11,4.765614125545881e-09,5.471385566835352e-10
C:/Users/KUBA/GitProjects/WKIRO-Project/data/RC023/Session2/Treadmill_Walk/Treadmill_Walk_Comfortable/Post_Process/Treadmill_Walk_Comfortable.csv,119,RC023,Session2,treadmill,walk,comfortable,23,RC023,23,RC023,0.999812126159668,8.632171375211328e-05,8.812606200336859e-11,5.104088529606088e-08,7.498042720044396e-08,5.872962560715678e-07,1.0171945774573032e-07,4.5890638489254343e-07,4.387921415105467e-10,1.438801255915223e-08,1.4000150372339704e-08,1.5548574083368294e-05,1.1960363735852297e-05,3.4970144557888716e-09,2.6284048715297104e-08,5.621084042672919e-09,1.3054960446012842e-09,2.0411307843914983e-07,6.926678963736776e-08,3.564811223988329e-10,1.3803005405321755e-09,5.119868546898942e-07,5.018360393904686e-09,6.532326369779184e-05,0.999812126159668,7.906910681754198e-09,1.0160217805976757e-10,6.607429440919077e-06,7.924051692587142e-11,4.964712196908749e-09,3.8657371748129776e-10
C:/Users/KUBA/GitProjects/WKIRO-Project/data/RC023/Session2/Treadmill_Walk/Treadmill_Walk_Slow/Post_Process/Treadmill_Walk_Slow.csv,119,RC023,Session2,treadmill,walk,slow,23,RC023,23,RC023,0.9998496770858765,8.349408744834363e-05,9.848306198323442e-11,3.6501177191894385e-08,9.744990592253089e-08,5.024678557674633e-07,1.3138006238477828e-07,5.591311946773203e-07,4.768680450517593e-10,1.3385841768354112e-08,1.098098767471356e-08,9.35139451030409e-06,1.1035172974516172e-05,2.716869840213576e-09,1.40766367451306e-08,4.155126021032629e-09,1.2987886321980113e-09,2.142461994480982e-07,4.856176261114342e-08,3.449643071196107e-10,1.776652713836313e-09,7.268770900736854e-07,6.408241493005562e-09,3.84441991627682e-05,0.9998496770858765,7.112673561238125e-09,5.957026538716548e-11,5.61141951038735e-06,1.0709018394283731e-10,4.5549777283326875e-09,3.701098316710727e-10
C:/Users/KUBA/GitProjects/WKIRO-Project/data/RV028/Session1/Overground_Run/Run_Comfortable/Post_Process/Run_Comfortable9.csv,1,RV028,Session1,overground,run,comfortable,24,RV028,24,RV028,0.505601704120636,0.00048577142297290266,0.0006180153577588499,8.380184590350837e-05,0.09858608990907669,0.00013189110904932022,0.003780052298679948,0.13907690346240997,0.0017663512844592333,0.008614073507487774,0.0017759479815140367,0.00020168324408587068,0.00018604668730404228,0.007146634627133608,9.281434904551134e-05,0.17544183135032654,0.0022729160264134407,0.018705982714891434,0.00018708218703977764,0.004462488926947117,0.002543893177062273,0.001208168687298894,0.002546289935708046,0.0002071174094453454,0.00016667705494910479,0.505601704120636,0.0003850238863378763,0.0002219806774519384,0.0024943435564637184,0.0013382274191826582,0.01967013254761696
C:/Users/KUBA/GitProjects/WKIRO-Project/data/RV028/Session1/Overground_Walk/Walk_Comfortable/Post_Process/Walk_Comfortable10.csv,6,RV028,Session1,overground,walk,comfortable,24,RV028,24,RV028,0.9996224045753479,1.0977203146467218e-07,4.675161733302957e-07,2.5471706521784654e-06,5.499546023202129e-05,3.995874742201977e-10,0.0001202101047965698,7.759215077385306e-05,4.768817234435119e-07,1.1400133104189081e-07,2.6480395263206447e-06,1.2046186270708859e-08,1.2252253434041904e-08,3.4860828890259654e-08,5.1756354757515055e-09,8.806168807495851e-06,4.053880218179984e-07,5.82274078624323e-05,4.4163653001305647e-07,5.469128609547624e-06,2.6376123059890233e-05,3.219278369215317e-06,9.54993720370112e-06,1.7383028350081986e-08,5.746970259679074e-07,0.9996224045753479,1.742283983752202e-09,5.137852099323936e-07,1.1418513423677723e-07,2.245850737381261e-06,2.4400651454925537e-06
C:/Users/KUBA/GitProjects/WKIRO-Project/data/RV028/Session1/Overground_Walk/Walk_Fast/Post_Process/Walk_Fast4.csv,4,RV028,Session1,overground,walk,fast,24,RV028,24,RV028,0.9993564486503601,5.665817681688168e-08,1.819889092757876e-07,9.903765203489456e-07,1.1308801731502172e-05,1.9532088446627682e-10,0.0002422892430331558,0.00019881299522239715,3.173843481363292e-07,5.420486104412703e-08,1.0294153071299661e-05,9.959800983949663e-09,8.043437915716822e-09,3.627664924010787e-08,8.548314944789581e-09,1.2813360626751091e-05,6.192309456309886e-07,6.95647977408953e-05,5.691060778190149e-07,3.618246773839928e-05,4.836404696106911e-05,2.8524937079055235e-06,5.342142685549334e-06,2.4864116099365674e-08,4.807757250091527e-07,0.9993564486503601,6.189079915230877e-09,1.5406236286708008e-07,2.687649214294652e-07,1.0957282938761637e-06,8.259563628598698e-07
C:/Users/KUBA/GitProjects/WKIRO-Project/data/RV028/Session1/Treadmill_Walk/Treadmill_Walk_Comfortable/Post_Process/Treadmill_Walk_Comfortable.csv,117,RV028,Session1,treadmill,walk,comfortable,24,RV028,24,RV028,0.999556303024292,4.956719834581236e-08,6.100358973526454e-07,2.8962529086129507e-06,0.00015274416364263743,6.554103371136932e-10,8.033975609578192e-05,8.333136793226004e-05,7.546179290329746e-07,7.197458984364857e-08,3.9834235394664574e-06,2.42662867577792e-08,1.8957857506052278e-08,8.012734298290525e-08,4.424246746737026e-09,8.73105091159232e-06,6.427083576454606e-07,3.459219806245528e-05,2.488482664375624e-07,1.1504115718707908e-05,4.00611424993258e-05,2.1374733023549197e-06,7.733498932793736e-06,7.732293028084314e-09,6.462863098022353e-07,0.999556303024292,3.47034845304961e-09,2.992226484366256e-07,1.1499562191374935e-07,2.3993202376004774e-06,9.707649951451458e-06
C:/Users/KUBA/GitProjects/WKIRO-Project/data/RV028/Session2/Overground_Run/Run_Comfortable/Post_Process/Run_Comfortable4.csv,2,RV028,Session2,overground,run,comfortable,24,RV028,24,RV028,0.5439282655715942,0.0005524910520762205,0.0005049281171523035,8.975651871878654e-05,0.1059088408946991,0.00014047190779820085,0.003232600400224328,0.1225358098745346,0.0020171392243355513,0.006744080223143101,0.0015447961632162333,0.00022362079471349716,0.00016118146595545113,0.008427106775343418,7.315554830711335e-05,0.15254780650138855,0.0018073696410283446,0.015365802682936192,0.00015485598123632371,0.00458461232483387,0.002185547724366188,0.0013125338591635227,0.0021589784882962704,0.0001774823322193697,0.00018442414875607938,0.5439282655715942,0.0004313514509703964,0.00024095133994705975,0.0021228741388767958,0.001468065893277526,0.01917307637631893
C:/Users/KUBA/GitProjects/WKIRO-Project/data/RV028/Session2/Overground_Run/Run_Comfortable/Post_Process/Run_Comfortable5.csv,2,RV028,Session2,overground,run,comfortable,24,RV028,24,RV028,0.5422252416610718,0.0005356715992093086,0.0005127444164827466,8.843656542012468e-05,0.10322253406047821,0.00013925108942203224,0.0032881309743970633,0.12530505657196045,0.0019785529002547264,0.006756454240530729,0.00158159458078444,0.0002209371596109122,0.0001639561669435352,0.00823601707816124,7.418428140226752e-05,0.15459221601486206,0.0018104908522218466,0.015494521707296371,0.00015715805056970567,0.004599660634994507,0.0022281515412032604,0.0012786537408828735,0.0022028209641575813,0.0001789627713151276,0.000180641480255872,0.5422252416610718,0.00042252877028658986,0.0002376054326305166,0.0021515467669814825,0.0014304954092949629,0.018705785274505615
C:/Users/KUBA/GitProjects/WKIRO-Project/data/RV028/Session2/Overground_Run/Run_Comfortable/Post_Process/Run_Comfortable6.csv,2,RV028,Session2,overground,run,comfortable,24,RV028,24,RV028,0.5335970520973206,0.0005099551053717732,0.0005322451470419765,0.00010142452811123803,0.09856272488832474,0.00014158690464682877,0.0031810225918889046,0.12624850869178772,0.002023664303123951,0.006135433912277222,0.0016157652717083693,0.00022655042994301766,0.0001545596169307828,0.00952574796974659,7.881208875915036e-05,0.1677679717540741,0.0017246818169951439,0.014047476463019848,0.00016907110693864524,0.004843727219849825,0.002486961428076029,0.0012125917710363865,0.002446918049827218,0.00016627347213216126,0.0001787935761967674,0.5335970520973206,0.00048496457748115063,0.00024187758390326053,0.002393456408753991,0.0015976016875356436,0.017602603882551193
C:/Users/KUBA/GitProjects/WKIRO-Project/data/RV028/Session2/Overground_Run/Run_Fast/Post_Process/Run_Fast10.csv,1,RV028,Session2,overground,run,fast,24,RV028,24,RV028,0.9965837001800537,0.00014507687592413276,2.3365694232779788e-06,7.635341717104893e-06,0.0002842483518179506,4.848890711173226e-08,3.730832031578757e-05,1.3337083828446339e-06,4.828455712413415e-05,2.4665925479894213e-07,1.2717604477074929e-05,3.7010199349651884e-08,1.8086414854678878e-07,2.395027820512041e-07,5.252627222063211e-09,1.4478586308541708e-05,3.969278168369783e-06,0.0002472071791999042,2.443746552671655e-06,0.0014016516506671906,0.000476040062494576,7.241239654831588e-05,2.885641379180015e-06,2.3487554301482305e-07,3.9792138295524637e-07,0.9965837001800537,5.102778231957927e-06,1.5690305872340105e-06,0.00013678817776963115,0.0005112105282023549,2.491083250788506e-07
C:/Users/KUBA/GitProjects/WKIRO-Project/data/RV028/Session2/Overground_Run/Run_Fast/Post_Process/Run_Fast7.csv,1,RV028,Session2,overground,run,fast,24,RV028,24,RV028,0.9999871253967285,1.6918657763653755e-07,1.641848323963302e-09,7.346936836682971e-09,7.858836283958226e-07,3.1312803044913906e-11,2.1335911526421114e-07,2.563480734352197e-07,3.337230580768846e-08,1.9820001195824943e-09,2.9615666363724813e-08,3.7007563680191424e-11,3.1176233816765375e-10,1.598577270556234e-09,3.892563788659986e-12,8.146801633301948e-07,5.554270376961767e-09,1.1154580903394162e-07,3.9857077638316696e-09,8.363634151464794e-06,4.7273940140257764e-07,1.2514127547547105e-06,1.3751333938216703e-07,7.282153352550225e-11,1.32795174856426e-09,0.9999871253967285,6.667624785627879e-10,9.845281256914973e-10,3.751898702830658e-08,2.6968521638082166e-07,3.6255694002562677e-09
C:/Users/KUBA/GitProjects/WKIRO-Project/data/RV028/Session2/Overground_Walk/Walk_Comfortable/Post_Process/Walk_Comfortable1.csv,5,RV028,Session2,overground,walk,comfortable,24,RV028,24,RV028,0.553089439868927,0.0006148770335130394,0.0005923854769207537,0.00011090537009295076,0.09499435126781464,0.00016779557336121798,0.003073818515986204,0.1211407408118248,0.0023903106339275837,0.005690096877515316,0.0018800655379891396,0.00025926969829015434,0.00018595407891552895,0.008930178359150887,8.028133015614003e-05,0.15389259159564972,0.0018869740888476372,0.0161349568516016,0.00017837061022873968,0.005689807701855898,0.002723546465858817,0.001431201701052487,0.0022320610005408525,0.00018935438129119575,0.00020430469885468483,0.553089439868927,0.0005203811451792717,0.00027657096507027745,0.0025635086931288242,0.0017197116976603866,0.017156200483441353
C:/Users/KUBA/GitProjects/WKIRO-Project/data/RV028/Session2/Overground_Walk/Walk_Comfortable/Post_Process/Walk_Comfortable5.csv,6,RV028,Session2,overground,walk,comfortable,24,RV028,24,RV028,0.9997790455818176,4.661682950768409e-08,1.4018092997503118e-07,1.281352638216049e-06,8.162267477018759e-05,1.6689018222937335e-10,1.9768396668951027e-05,3.5042179661104456e-05,1.500245900842856e-07,4.436980205468899e-08,1.4920689181963098e-06,9.784730359285732e-09,3.3119322839780807e-09,6.721566592204908e-08,1.0690169860438914e-09,5.749363026552601e-06,1.571508647657538e-07,2.516372660466004e-05,1.1337431260471931e-07,6.520868282677839e-06,2.928560752479825e-05,1.3379935808188748e-06,6.530802693305304e-06,2.6300488453756543e-09,1.1209641570530948e-07,0.9997790455818176,2.1343591338762735e-09,1.1326531534905371e-07,1.197280568021597e-07,1.9581709693738958e-06,4.090582024218747e-06
C:/Users/KUBA/GitProjects/WKIRO-Project/data/RV028/Session2/Overground_Walk/Walk_Fast/Post_Process/Walk_Fast8.csv,4,RV028,Session2,overground,walk,fast,24,RV028,24,RV028,0.5431036949157715,0.0005188507493585348,0.00048296275781467557,9.907131607178599e-05,0.1054864227771759,0.00015487591736018658,0.003309122519567609,0.12964418530464172,0.002119257114827633,0.006229346618056297,0.0017070301109924912,0.0002461064432282001,0.00015721061208751053,0.009461797773838043,7.362924225162715e-05,0.14680343866348267,0.0016150495503097773,0.014296675100922585,0.00014716603618580848,0.005154260899871588,0.002288231160491705,0.0012162758503109217,0.002269094344228506,0.00016260388656519353,0.0001844261569203809,0.5431036949157715,0.0004672553623095155,0.0002532341459300369,0.0021450568456202745,0.0014304759679362178,0.018773242831230164
C:/Users/KUBA/GitProjects/WKIRO-Project/data/RV028/Session2/Overground_Walk/Walk_Slow/Post_Process/Walk_Slow3.csv,9,RV028,Session2,overground,walk,slow,24,RV028,24,RV028,0.5569285154342651,0.00051979097770527,0.0004670469497796148,8.994811651064083e-05,0.09668317437171936,0.00013887764362152666,0.003072821069508791,0.1257382482290268,0.0020357752218842506,0.005582047626376152,0.0015767064178362489,0.0002271634730277583,0.0001534894690848887,0.008711892180144787,6.93216934450902e-05,0.1511739194393158,0.0015300620580092072,0.013426955789327621,0.0001516772317700088,0.004834412131458521,0.0022174508776515722,0.0012123717460781336,0.0021529393270611763,0.00016454509750474244,0.0001801939943106845,0.5569285154342651,0.00044548779260367155,0.00024260650388896465,0.0021537127904593945,0.0014363336376845837,0.016682518646121025
C:/Users/KUBA/GitProjects/WKIRO-Project/data/RV028/Session2/Overground_Walk/Walk_Slow/Post_Process/Walk_Slow5.csv,9,RV028,Session2,overground,walk,slow,24,RV028,24,RV028,0.5589731335639954,0.000527723808772862,0.00047403655480593443,9.20172460610047e-05,0.09565094113349915,0.00013855074939783663,0.0030083341989666224,0.12255673855543137,0.0020546792075037956,0.0054475837387144566,0.0015523890033364296,0.0002267249656142667,0.00015222714864648879,0.008945416659116745,6.903570465510711e-05,0.15347373485565186,0.001534752664156258,0.013173643499612808,0.00015447731129825115,0.004820826463401318,0.0022596409544348717,0.001233039889484644,0.002174676163122058,0.00016296330431941897,0.0001813446870073676,0.5589731335639954,0.0004546531999949366,0.0002426028804620728,0.0021762987598776817,0.0014927397714927793,0.01659504696726799
C:/Users/KUBA/GitProjects/WKIRO-Project/data/RV028/Session2/Treadmill_Run/Treadmill_Run_Fast/Post_Process/Treadmill_Run_Fast.csv,119,RV028,Session2,treadmill,run,fast,24,RV028,24,RV028,0.9981961846351624,3.9859310163592454e-07,6.615777436991266e-08,5.556881887969212e-07,0.0012653333833441138,1.4117584878903244e-09,5.0605365686351433e-05,0.0003238013887312263,4.022843995699077e-07,1.248319847491075e-07,1.6883400348888244e-06,6.37682262549788e-09,2.896380468797588e-09,4.282310683834112e-08,1.5097226802041064e-09,5.2517552830977365e-06,1.2832651918870397e-07,3.145165464957245e-05,6.964778265228233e-08,6.844456947874278e-05,2.16864009416895e-05,2.1040943920525024e-06,2.876106373150833e-05,4.58938664849029e-09,1.0290418117619993e-07,0.9981961846351624,5.272111636145382e-09,1.1977686398267906e-08,1.10371365735773e-06,1.4204708804754773e-06,2.322209411431686e-07
C:/Users/KUBA/GitProjects/WKIRO-Project/data/SA017/Session1/Overground_Run/Run_Fast/Post_Process/Run_Fast7.csv,1,SA017,Session1,overground,run,fast,25,SA017,25,SA017,0.8620755672454834,0.004175315611064434,3.406719406484626e-05,0.037112679332494736,0.00041846674866974354,0.001033132430166006,6.8159401962475386e-06,0.0003002994926646352,0.004484318196773529,8.307931238960009e-06,0.0009945291094481945,0.004422110039740801,1.6754767784732394e-05,0.042796023190021515,0.0049186102114617825,0.0002747698163148016,0.0002294802397955209,4.658246780309128e-06,0.0010469623375684023,0.006116614211350679,0.0016654976643621922,0.0001828402018873021,0.00013854927965439856,3.519898746162653e-05,0.001621728646568954,8.811060979496688e-05,0.8620755672454834,0.004732213448733091,0.008301306515932083,0.012362040579319,0.00040318057290278375
C:/Users/KUBA/GitProjects/WKIRO-Project/data/SA017/Session1/Overground_Walk/Walk_Comfortable/Post_Process/Walk_Comfortable1.csv,3,SA017,Session1,overground,walk,comfortable,25,SA017,25,SA017,0.8397589325904846,0.009301300160586834,7.172192999860272e-05,0.03270212188363075,0.0004946184926666319,0.0008801424992270768,6.787729944335297e-06,0.0003390807833056897,0.007625760976225138,8.496042028127704e-06,0.000855010177474469,0.003921814728528261,2.9802647986798547e-05,0.039605215191841125,0.0044583603739738464,0.0005774903693236411,0.00046084323548711836,7.707070835749619e-06,0.002139497082680464,0.006048240233212709,0.002255367813631892,0.0005324221565388143,0.00014269619714468718,7.075229223119095e-05,0.0022776159457862377,0.00021838633983861655,0.8397589325904846,0.005107454489916563,0.01051840465515852,0.029065614566206932,0.0005183845642022789
C:/Users/KUBA/GitProjects/WKIRO-Project/data/SA017/Session1/Overground_Walk/Walk_Comfortable/Post_Process/Walk_Comfortable5.csv,2,SA017,Session1,overground,walk,comfortable,25,SA017,25,SA017,0.8570250272750854,0.005064787343144417,4.5560380385722965e-05,0.035837478935718536,0.00045866286382079124,0.0009485522750765085,6.8698082031914964e-06,0.00032213475788012147,0.0056421151384711266,8.402899766224436e-06,0.0009379663970321417,0.004158657975494862,1.994189733522944e-05,0.04173311963677406,0.00476294569671154,0.0003625643439590931,0.0002980720601044595,5.657333531416953e-06,0.0013028769753873348,0.0061338674277067184,0.001809529261663556,0.0002588503120932728,0.0001390485413139686,4.3071711843367666e-05,0.0017267067451030016,0.00012383506691548973,0.8570250272750854,0.004714467562735081,0.00888377707451582,0.01677064225077629,0.00045487721217796206
C:/Users/KUBA/GitProjects/WKIRO-Project/data/SA017/Session1/Overground_Walk/Walk_Slow/Post_Process/Walk_Slow3.csv,5,SA017,Session1,overground,walk,slow,25,SA017,25,SA017,0.8550618886947632,0.005936006084084511,4.668470501201227e-05,0.03545672446489334,0.00042477017268538475,0.000932960887439549,6.861621841380838e-06,0.000298389233648777,0.005540651269257069,8.341844477399718e-06,0.0009355624206364155,0.004166110418736935,2.233170744148083e-05,0.04184042662382126,0.004681733902543783,0.00037389560020528734,0.0003063755575567484,5.603130375675391e-06,0.0014702047919854522,0.006064590997993946,0.0019417343428358436,0.00028289284091442823,0.0001433387806173414,4.790470120497048e-05,0.0018842185381799936,0.00012976683501619846,0.8550618886947632,0.0048400238156318665,0.009227140806615353,0.017489034682512283,0.0004338654689490795
C:/Users/KUBA/GitProjects/WKIRO-Project/data/SA017/Session1/Overground_Walk/Walk_Slow/Post_Process/Walk_Slow6.csv,3,SA017,Session1,overground,walk,slow,25,SA017,25,SA017,0.9998471140861511,2.1993825782828935e-07,2.2388358900116145e-07,3.3296453239017865e-06,3.9493772835408336e-11,3.399654602276314e-08,7.435805985701871e-13,3.0886081886505323e-11,3.84778537920738e-08,1.0360040603174525e-10,2.1011191009279173e-08,2.1481126566413877e-07,2.7993227735834125e-09,9.359620889881626e-05,1.1648049991208609e-07,3.559379990747402e-07,3.799579317842472e-08,1.3227670911733491e-12,6.777352723474905e-08,2.30193813877122e-06,4.768358121509664e-05,3.551628253717354e-07,4.179909474100185e-10,2.5480086929263734e-09,5.408456460465061e-10,8.207301505080977e-10,0.9998471140861511,3.682145907624168e-11,2.263042688355199e-06,2.0088818928343244e-06,2.759822370634879e-10
C:/Users/KUBA/GitProjects/WKIRO-Project/data/SA017/Session1/Treadmill_Run/Treadmill_Run_Fast/Post_Process/Treadmill_Run_Fast.csv,119,SA017,Session1,treadmill,run,fast,25,SA017,25,SA017,0.9996391534805298,1.2473929018597119e-06,4.104488127154582e-08,3.1083829526323825e-05,2.8517621597501375e-09,7.770731258460728e-08,7.816933949092442e-13,2.3977347884951428e-11,1.6754943032992742e-07,1.0512701820175607e-09,4.0170359483227e-08,2.3278735170606524e-06,8.259575245972428e-09,0.00020814922754652798,9.997989991461509e-08,6.372529810505512e-07,4.6553179799957434e-07,1.5035779695957152e-12,2.541084711538133e-07,1.6601488823653199e-06,1.0688445399864577e-05,8.161901519088133e-07,6.502558491661148e-10,2.445669622375135e-08,2.4149009458795945e-09,4.163620559438641e-09,0.9996391534805298,2.800160103788585e-09,8.003356015251484e-06,9.511438111076131e-05,7.517408029400485e-09
C:/Users/KUBA/GitProjects/WKIRO-Project/data/SA017/Session2/Overground_Run/Run_Comfortable/Post_Process/Run_Comfortable10.csv,2,SA017,Session2,overground,run,comfortable,25,SA017,25,SA017,0.8628569841384888,0.003944822587072849,3.344304423080757e-05,0.0379478819668293,0.00042032997589558363,0.0009886535117402673,6.851012130937306e-06,0.00029721111059188843,0.004471674095839262,8.325353519467171e-06,0.0009899367578327656,0.004322131630033255,1.6652509657433257e-05,0.04265937581658363,0.0049782805144786835,0.0002650617389008403,0.00022476018057204783,4.532798811851535e-06,0.0010369771625846624,0.0060997335240244865,0.0016219847602769732,0.00017167793703265488,0.00013694576045963913,3.3885396987898275e-05,0.001533218426629901,8.544556476408616e-05,0.8628569841384888,0.004539345391094685,0.008118866011500359,0.01177976280450821,0.0004053066368214786
C:/Users/KUBA/GitProjects/WKIRO-Project/data/SA017/Session2/Overground_Run/Run_Comfortable/Post_Process/Run_Comfortable2.csv,2,SA017,Session2,overground,run,comfortable,25,SA017,25,SA017,0.8581032752990723,0.004373146686702967,3.353427746333182e-05,0.04130828008055687,0.0004246022435836494,0.0010734719689935446,6.819992449891288e-06,0.00030032882932573557,0.004447027109563351,8.378432539757341e-06,0.0009837141260504723,0.004727414343506098,1.8422921129968017e-05,0.04169107973575592,0.0054494766518473625,0.0002710113185457885,0.00022983172675594687,4.613002602127381e-06,0.0011456323554739356,0.0060537103563547134,0.0016211580950766802,0.00019194502965547144,0.00013675489753950387,3.795571319642477e-05,0.0016866798978298903,8.760268974583596e-05,0.8581032752990723,0.004974427167326212,0.008287463337182999,0.011922400444746017,0.00039978037239052355
C:/Users/KUBA/GitProjects/WKIRO-Project/data/SA017/Session2/Overground_Run/Run_Fast/Post_Process/Run_Fast3.csv,1,SA017,Session2,overground,run,fast,25,SA017,25,SA017,0.8337277173995972,0.006239212583750486,3.2274161640089005e-05,0.05884507670998573,0.00045171062811277807,0.0015030450886115432,6.828137429693015e-06,0.00030729701393283904,0.004156223498284817,9.088563274417538e-06,0.0009831476490944624,0.006731621455401182,2.6375966626801528e-05,0.03827928379178047,0.008027463220059872,0.00027691686409525573,0.00024572081747464836,4.994219125364907e-06,0.0016085217939689755,0.00592131307348609,0.0015951353125274181,0.00027777013019658625,0.00013581816165242344,5.678846355294809e-05,0.002381992293521762,8.852211612975225e-05,0.8337277173995972,0.007040406111627817,0.008982623927295208,0.011664539575576782,0.0003926102363038808
C:/Users/KUBA/GitProjects/WKIRO-Project/data/SA017/Session2/Overground_Run/Run_Fast/Post_Process/Run_Fast9.csv,1,SA017,Session2,overground,run,fast,25,SA017,25,SA017,0.8603044748306274,0.004111259710043669,3.363080759299919e-05,0.03994205966591835,0.00042331553413532674,0.0010364389745518565,6.791986834286945e-06,0.0003006865154020488,0.004495718982070684,8.260044523922261e-06,0.0009931796230375767,0.004533938132226467,1.748704926285427e-05,0.04183811694383621,0.005238565616309643,0.0002677723823580891,0.00022665655706077814,4.621734206011752e-06,0.0010878187604248524,0.0061416844837367535,0.0016261665150523186,0.0001816355506889522,0.00013575181947089732,3.574993388610892e-05,0.0015995511785149574,8.645054185763001e-05,0.8603044748306274,0.0047645485028624535,0.008281277492642403,0.011875348165631294,0.0004009809345006943
C:/Users/KUBA/GitProjects/WKIRO-Project/data/SA017/Session2/Overground_Walk/Walk_Comfortable/Post_Process/Walk_Comfortable3.csv,4,SA017,Session2,overground,walk,comfortable,25,SA017,25,SA017,0.8608765602111816,0.0040266793221235275,3.734344500117004e-05,0.03775928169488907,0.0004598098457790911,0.0009943157201632857,6.938621936569689e-06,0.00032188650220632553,0.004947558511048555,8.554712621844374e-06,0.0009754946222528815,0.004296842031180859,1.7027585272444412e-05,0.04242851212620735,0.005002092570066452,0.00029441594961099327,0.0002494477666914463,5.0226472012582235e-06,0.0010690848575904965,0.006166895851492882,0.0016367046628147364,0.00019244052236899734,0.00013661842967849225,3.546097650541924e-05,0.0015463816234841943,9.592942660674453e-05,0.8608765602111816,0.004579887259751558,0.00824784766882658,0.013142471201717854,0.000442509917775169
C:/Users/KUBA/GitProjects/WKIRO-Project/data/SA017/Session2/Overground_Walk/Walk_Slow/Post_Process/Walk_Slow1.csv,4,SA017,Session2,overground,walk,slow,25,SA017,25,SA017,0.8617352247238159,0.004061858635395765,3.534755524015054e-05,0.0375373438000679,0.0004327394999563694,0.0009855940006673336,6.8883323365298565e-06,0.0003076529537793249,0.00469181640073657,8.33017020340776e-06,0.0009823768632486463,0.00430253054946661,1.7026048226398416e-05,0.04279426857829094,0.004925686866044998,0.0002831014571711421,0.00023499397502746433,4.728964086098131e-06,0.0010690512135624886,0.006140511482954025,0.0016507587861269712,0.00018372222257312387,0.00013798850704915822,3.501139144646004e-05,0.0015575095312669873,9.221008804161102e-05,0.8617352247238159,0.004573146812617779,0.008243815042078495,0.012552624568343163,0.00041619656258262694
C:/Users/KUBA/GitProjects/WKIRO-Project/data/SA017/Session2/Overground_Walk/Walk_Slow/Post_Process/Walk_Slow2.csv,4,SA017,Session2,overground,walk,slow,25,SA017,25,SA017,0.9999916553497314,2.0739326700436322e-08,8.106630389193015e-08,1.5429928907906287e-06,3.7788484147371904e-11,1.8082400288221834e-07,8.549821549526382e-13,9.12685075085684e-13,6.5638605661888505e-09,3.2932094551352264e-11,5.064537944576841e-08,6.515271877560735e-08,2.1738685851424577e-10,4.885142971033929e-06,9.117719912410394e-08,1.868146455308306e-07,2.9093992992557105e-08,1.0560276611504271e-11,1.1894515949961715e-07,4.0091299524647184e-07,5.445823489935719e-07,6.971827559709709e-09,6.74165801309301e-12,5.842782702103477e-09,3.5674579956790353e-10,7.963880943595569e-11,0.9999916553497314,2.619756148125596e-11,9.856182714429451e-08,5.7603930514460444e-08,9.110813770085713e-10
C:/Users/KUBA/GitProjects/WKIRO-Project/data/SA017/Session2/Treadmill_Walk/Treadmill_Walk_Slow/Post_Process/Treadmill_Walk_Slow.csv,119,SA017,Session2,treadmill,walk,slow,25,SA017,25,SA017,0.9999914765357971,2.2730434423579027e-08,7.523929923536343e-08,4.035216988995671e-06,3.3331285648197095e-11,1.2673005755914346e-07,1.0908744610751975e-12,1.904616438522244e-12,1.172636565627272e-08,2.3364901680089645e-10,5.160537597248549e-08,7.9534068220255e-08,1.1090832696680764e-09,3.2908151297306176e-06,5.343528641787998e-08,2.8374890348459303e-07,5.5299743451087124e-08,1.289918692692904e-11,1.1336690164398533e-07,1.1397286669989626e-07,1.274955110375231e-07,4.7045949358448524e-09,3.3791238036873228e-12,1.2172195695825394e-08,5.588119411648051e-10,2.3055092557289214e-10,0.9999914765357971,3.584243457588343e-10,7.62332845738456e-08,8.97333123361932e-08,4.755807414547064e-10
C:/Users/KUBA/GitProjects/WKIRO-Project/data/SM019/Session1/Overground_Run/Run_Comfortable/Post_Process/Run_Comfortable3.csv,1,SM019,Session1,overground,run,comfortable,26,SM019,26,SM019,0.9999957084655762,2.2044594061298994e-07,1.5631910696423112e-11,4.576180545612374e-10,7.402045643090105e-11,8.244028890658228e-07,6.168376920356877e-09,2.1056321963808244e-10,1.3937069809344393e-07,6.352331438641556e-10,9.507655947260663e-12,2.658097919550073e-08,3.5347840210420145e-09,7.359885478841477e-10,1.1118905263174383e-07,1.014969289170331e-10,6.231482690965962e-11,1.0728227334277918e-11,2.8164455212476014e-09,7.808273884239714e-13,1.1707846064162863e-12,1.5011002574283339e-07,1.5229963956642223e-09,1.9925309970858507e-06,4.328583145252196e-07,4.9786244571414784e-11,3.7007333308913815e-10,0.9999957084655762,2.9935964107608015e-07,4.8775802952150116e-08,3.3385390452167485e-08
C:/Users/KUBA/GitProjects/WKIRO-Project/data/SM019/Session1/Overground_Run/Run_Comfortable/Post_Process/Run_Comfortable5.csv,2,SM019,Session1,overground,run,comfortable,26,SM019,23,RC023,0.4143611192703247,0.08089487254619598,2.9832646760041825e-05,0.002015849342569709,4.597096994984895e-05,0.02063162624835968,7.167752482928336e-05,7.142704271245748e-05,0.0046155680902302265,3.541707428666996e-06,0.00017785672389436513,0.06712811440229416,0.004512006416916847,8.569275814807042e-05,0.0032249465584754944,1.6632724509690888e-05,2.631551615195349e-05,1.1780606655520387e-05,0.006891768425703049,0.00036055591772310436,4.64949625893496e-05,0.14199510216712952,3.732052937266417e-05,0.03799097612500191,0.4143611192703247,0.00017462859977968037,0.0006510913954116404,0.20734678208827972,0.0005612294771708548,0.005964812822639942,5.436804349301383e-05
C:/Users/KUBA/GitProjects/WKIRO-Project/data/SM019/Session1/Overground_Run/Run_Fast/Post_Process/Run_Fast7.csv,1,SM019,Session1,overground,run,fast,26,SM019,26,SM019,0.317760705947876,0.01672750897705555,1.730244912323542e-05,0.014467877335846424,0.0010182465193793178,0.06613970547914505,0.0004820404574275017,0.0005943759460933506,0.013693430460989475,1.694993261480704e-05,0.0006466790800914168,0.266701877117157,0.0026157854590564966,0.0006469786167144775,0.006032798904925585,1.3763793504040223e-05,1.242776033905102e-05,2.680313446035143e-05,0.00138598564080894,0.002168768085539341,3.299798117950559e-05,0.027066459879279137,8.48386189318262e-05,0.009971670806407928,0.24573878943920135,0.0003183110093232244,0.0025536769535392523,0.317760705947876,0.0005020430544391274,0.0022706734016537666,0.00029050829471088946
C:/Users/KUBA/GitProjects/WKIRO-Project/data/SM019/Session1/Overground_Run/Run_Fast/Post_Process/Run_Fast8.csv,1,SM019,Session1,overground,run,fast,26,SM019,26,SM019,0.9693856835365295,1.9150500065734377e-06,5.452429263641534e-07,1.892447835416533e-05,1.6517966994200606e-09,0.02674977295100689,1.684393424739028e-07,5.082969778413826e-07,8.084641740424559e-05,7.836803206373588e-08,4.118791991913895e-07,0.0026157493703067303,2.1745065623690607e-06,5.2285449783084914e-05,3.908218332071556e-06,4.9485517905623055e-08,3.43889272613751e-09,1.784592207343394e-08,8.798693329481466e-08,3.532451842147566e-08,7.041552407827112e-08,1.4138500148419553e-07,9.82296910478908e-07,5.153862275619758e-06,0.0010100940708070993,8.634136072771526e-09,1.116965222536237e-06,0.9693856835365295,6.71053712721914e-05,1.4869772257952718e-06,7.492623694815848e-07
C:/Users/KUBA/GitProjects/WKIRO-Project/data/SM019/Session1/Overground_Walk/Walk_Fast/Post_Process/Walk_Fast4.csv,3,SM019,Session1,overground,walk,fast,26,SM019,26,SM019,0.9999227523803711,5.391971740209556e-07,4.526098384971533e-10,9.203605344509924e-08,4.425341870728516e-09,4.522863309830427e-05,8.737932688518413e-08,3.1881944306810794e-10,1.7839387282947428e-06,1.6397398994172363e-08,6.973575938928889e-09,3.5515670333552407e-06,4.1950709572802225e-08,4.697454514257515e-08,3.196597333499085e-07,1.677798677768294e-09,2.864892989506984e-09,5.177418493929054e-10,1.7214857095382285e-08,5.5115457336940565e-11,1.1256378468216255e-10,8.621272513664735e-07,1.3701235701546466e-08,4.466084646992385e-06,1.5119806448637974e-05,6.2833396263783925e-09,1.0952878604086891e-08,0.9999227523803711,1.592925968907366e-06,2.7382400276110275e-06,6.228581810319156e-07
C:/Users/KUBA/GitProjects/WKIRO-Project/data/SM019/Session2/Overground_Run/Run_Comfortable/Post_Process/Run_Comfortable6.csv,2,SM019,Session2,overground,run,comfortable,26,SM019,26,SM019,0.9999833703041077,8.462674827569572e-07,1.4319632979375996e-10,3.996520447913099e-09,4.789588281539636e-09,6.588480800928664e-07,4.2102676900412916e-08,8.095970116528406e-09,1.2254563444002997e-06,5.795649293816041e-09,2.6164870617351177e-11,1.582695574597892e-08,1.1998457338791013e-08,5.943718295320366e-10,4.3722079112740175e-07,5.9052855938546145e-09,5.838204364394528e-10,7.794402900884734e-10,3.7211162151606914e-08,1.8432256589095974e-12,5.434327467190858e-12,5.886575991098653e-07,9.649069987460734e-09,9.308851076639257e-06,2.866013346647378e-06,2.255626974090319e-08,2.604801374594956e-10,0.9999833703041077,3.751289909814659e-07,1.585280244853493e-07,5.264267244342591e-08
C:/Users/KUBA/GitProjects/WKIRO-Project/data/SM019/Session2/Overground_Run/Run_Fast/Post_Process/Run_Fast10.csv,1,SM019,Session2,overground,run,fast,26,SM019,26,SM019,0.9988967180252075,1.268149617317249e-06,1.1319606585402653e-08,1.0946532569278133e-07,2.063605286650727e-09,0.00043741121771745384,3.183193086897518e-08,2.5406718506815196e-08,2.8283466235734522e-06,5.401435743124239e-08,1.9126966677163182e-08,3.2464495234307833e-06,4.426548514402384e-07,1.0043374913948355e-06,6.109513378760312e-06,1.2975758245659108e-09,1.2576226726679351e-09,1.0362257718554702e-09,1.9171770304637903e-07,3.2274277694810394e-10,1.808763583355244e-09,5.12004930897092e-07,1.0672275152501243e-07,3.2794174330774695e-05,0.0006123881903477013,3.0907551518133403e-10,6.627918480717199e-08,0.9988967180252075,4.077353878528811e-06,4.3150393480573257e-07,6.73400109008071e-08
C:/Users/KUBA/GitProjects/WKIRO-Project/data/SM019/Session2/Overground_Walk/Walk_Fast/Post_Process/Walk_Fast3.csv,3,SM019,Session2,overground,walk,fast,26,SM019,23,RC023,0.35263124108314514,0.032205045223236084,5.8841192185354885e-06,0.004246944095939398,0.00012921610323246568,0.0593402273952961,7.663660653633997e-05,8.620617882115766e-05,0.005075876135379076,3.4456206776667386e-06,0.00023090596369002014,0.1719900220632553,0.0012138894526287913,0.0002109864290105179,0.0025923082139343023,3.200512537659961e-06,6.390745056705782e-06,5.972645794827258e-06,0.0008810283616185188,0.000627152097877115,1.5401890777866356e-05,0.04428233206272125,2.1334077246137895e-05,0.008285139687359333,0.35263124108314514,6.250262958928943e-05,0.0011400696821510792,0.3121168911457062,0.00021748065773863345,0.0021978039294481277,9.850048081716523e-05
C:/Users/KUBA/GitProjects/WKIRO-Project/data/SM019/Session2/Overground_Walk/Walk_Fast/Post_Process/Walk_Fast4.csv,2,SM019,Session2,overground,walk,fast,26,SM019,23,RC023,0.36911773681640625,0.04253830015659332,8.264787538792007e-06,0.004156250040978193,0.0001315177942160517,0.05147870257496834,7.57454545237124e-05,8.535810047760606e-05,0.006131218746304512,3.415927949390607e-06,0.00020852292072959244,0.15350377559661865,0.0015744805568829179,0.0001926410768646747,0.0023941565304994583,4.085291038791183e-06,8.676754077896476e-06,7.0615224103676155e-06,0.0011467138538137078,0.0005909792962484062,1.665175295784138e-05,0.0646665170788765,2.110253080900293e-05,0.010639727115631104,0.36911773681640625,8.625445479992777e-05,0.0010722591541707516,0.2869517207145691,0.00021108434884808958,0.0028727545868605375,0.00010438681056257337
C:/Users/KUBA/GitProjects/WKIRO-Project/data/SM019/Session2/Overground_Walk/Walk_Fast/Post_Process/Walk_Fast5.csv,2,SM019,Session2,overground,walk,fast,26,SM019,26,SM019,0.999981164932251,4.3719313680412597e-07,2.633886997394086e-10,5.031952809986251e-08,2.308472302203768e-09,2.049575186902075e-06,1.439917962642312e-08,2.821878009040546e-10,4.2821872625609103e-07,9.104665910086851e-10,2.7372124011826315e-10,1.5627435345777485e-07,1.4565178396708234e-08,1.5933608876750327e-09,3.0349127655426855e-08,3.8756806097772767e-10,2.7319124393243577e-11,1.228417784160385e-10,1.143118577573432e-08,1.2372580390773713e-11,6.540337715854605e-12,1.5050883348521893e-06,2.8348736691441445e-09,1.7810430108511355e-06,1.1643714060483035e-05,2.6165749567041985e-09,1.3146997934754268e-09,0.999981164932251,2.16405595665492e-07,4.817570697923657e-07,4.889436056032537e-08
C:/Users/KUBA/GitProjects/WKIRO-Project/data/SM019/Session2/Overground_Walk/Walk_Slow/Post_Process/Walk_Slow2.csv,6,SM019,Session2,overground,walk,slow,26,SM019,26,SM019,0.9999821782112122,2.5218234895874048e-06,6.963836174378457e-10,7.494033127386501e-08,6.446112532643156e-09,2.2594124402530724e-06,6.291548260151103e-08,3.8742986596673745e-09,3.0218877782317577e-06,2.9101778764584196e-09,7.553919711966728e-10,1.4953592142319394e-07,1.0848452802747488e-07,3.252276892240502e-09,8.158317399420412e-08,7.92813314998142e-10,3.696667694175204e-10,1.3819572153295212e-09,1.9635882253510317e-08,4.768780162422992e-11,2.418347293253742e-11,1.202718408421788e-06,4.8203045999173355e-09,9.69192797128926e-07,6.023361947882222e-06,4.28793223150592e-09,5.693344129475975e-10,0.9999821782112122,6.896776199027954e-07,4.61890408587351e-07,1.6991798190701957e-07
C:/Users/KUBA/GitProjects/WKIRO-Project/data/SM019/Session2/Overground_Walk/Walk_Slow/Post_Process/Walk_Slow5.csv,8,SM019,Session2,overground,walk,slow,26,SM019,23,RC023,0.36160972714424133,0.03849601745605469,7.776440725137945e-06,0.0042070988565683365,0.0001094797407859005,0.06240001693367958,7.60561233619228e-05,7.041111530270427e-05,0.005073077976703644,3.629731963883387e-06,0.00023093314666766673,0.16462469100952148,0.0015642603393644094,0.0001977509236894548,0.0023088017478585243,3.32186004925461e-06,8.305349183501676e-06,6.6637103373068385e-06,0.0010056309401988983,0.0005782734369859099,1.755910307110753e-05,0.057448215782642365,2.2427941075875424e-05,0.009471355937421322,0.36160972714424133,6.739244417985901e-05,0.0009653715533204377,0.28671035170555115,0.00018918215937446803,0.0024250405840575695,0.000101221572549548
C:/Users/KUBA/GitProjects/WKIRO-Project/data/SM019/Session2/Treadmill_Run/Treadmill_Run_Comfortable/Post_Process/Treadmill_Run_Comfortable.csv,119,SM019,Session2,treadmill,run,comfortable,26,SM019,26,SM019,0.9999625086784363,3.619075187089038e-06,2.826896494667608e-10,1.4584089491620489e-09,5.366361133241071e-09,7.164046564867022e-07,5.507201876753243e-07,4.834416866827951e-09,1.6575664631091058e-05,2.266087761881863e-07,9.980167803291806e-10,2.541787580412347e-08,3.1052980631329774e-08,3.716310814638746e-09,3.574628522073908e-07,1.0002503270101215e-09,2.503067086934152e-09,5.482917453392133e-10,1.1539242450453457e-06,1.610572786248099e-10,6.394385455160689e-12,1.8517122271077824e-06,4.427236532933421e-08,2.9200493827374885e-06,2.7636222057481064e-06,2.2706454494425543e-09,6.204958324929066e-09,0.9999625086784363,4.029883712064475e-06,4.2912736830658105e-07,2.2607425762544153e-06
C:/Users/KUBA/GitProjects/WKIRO-Project/data/TB030/Session1/Overground_Run/Run_Comfortable/Post_Process/Run_Comfortable8.csv,1,TB030,Session1,overground,run,comfortable,27,TB030,27,TB030,0.9999821186065674,6.174814437542864e-09,1.6812554126666157e-10,1.9922756500090344e-10,7.442801930324094e-11,1.9318116550870457e-11,1.3710064195038285e-08,2.8085911374375883e-09,8.653097793853703e-09,4.787866103583838e-08,4.469550007879519e-10,2.1698575228268346e-11,6.012980113823119e-10,7.55299378596419e-10,2.8980150545976358e-06,6.922202260284394e-07,1.4464944797509816e-09,2.6635225580662336e-08,3.5714231216843473e-07,1.3518359082809184e-05,2.0074696749361465e-07,9.443101162132095e-11,4.5706074480733605e-09,1.4637364237346517e-11,9.938325119460134e-13,4.051292287754471e-11,3.757745759003228e-08,1.4774482748336482e-09,0.9999821186065674,4.533014852370343e-09,1.2086080580786529e-08
C:/Users/KUBA/GitProjects/WKIRO-Project/data/TB030/Session1/Overground_Run/Run_Fast/Post_Process/Run_Fast10.csv,1,TB030,Session1,overground,run,fast,27,TB030,27,TB030,0.6319831609725952,7.21412870916538e-05,0.00011956889647990465,0.0003737174847628921,0.003470533061772585,7.20299212844111e-05,0.021095512434840202,0.000195031869225204,0.010870644822716713,3.1079940526979044e-05,2.947398206742946e-05,0.00013536879851017147,0.001743987901136279,6.494025228676037e-07,0.10114271938800812,0.0006170489359647036,0.00020503591804299504,0.014790845103561878,0.20179611444473267,0.0007605855353176594,4.692620223067934e-06,0.0004227964673191309,0.0002603373723104596,0.0026359816547483206,5.5910033552208915e-05,1.2789948414138053e-05,0.005994722247123718,0.0009981074836105108,0.6319831609725952,0.00010806579666677862,1.3948084642834147e-06
C:/Users/KUBA/GitProjects/WKIRO-Project/data/TB030/Session1/Overground_Walk/Walk_Comfortable/Post_Process/Walk_Comfortable5.csv,5,TB030,Session1,overground,walk,comfortable,27,TB030,27,TB030,0.7301627397537231,0.0018856304232031107,0.00022083283693064004,0.0010388573864474893,0.00026598613476380706,8.07239775895141e-05,0.0002445417921990156,0.005661651957780123,0.0005291959969326854,0.00024121538444887847,0.01741744950413704,0.00026231573428958654,0.00020205490000080317,0.009166162461042404,0.007634776644408703,0.03626430779695511,0.0005847820430062711,0.0006272822502069175,0.017212066799402237,0.024853123351931572,0.11710932105779648,0.00024681215290911496,0.004083795938640833,0.0004761822638101876,0.00044507166603580117,0.0039591495878994465,0.013364898040890694,0.000880769279319793,0.7301627397537231,0.0042238254100084305,0.000654506147839129
C:/Users/KUBA/GitProjects/WKIRO-Project/data/TB030/Session1/Overground_Walk/Walk_Fast/Post_Process/Walk_Fast2.csv,5,TB030,Session1,overground,walk,fast,27,TB030,27,TB030,0.9998912811279297,3.410895343947118e-09,2.75370890534532e-08,2.0261074595850914e-08,5.636083155735605e-09,4.564498778947268e-11,7.494301826227456e-06,6.365214062498126e-07,3.636550331975741e-07,1.1352115052432055e-06,3.1846180803540847e-08,1.1154849266503675e-09,6.147357733965464e-09,8.468534318240017e-09,3.415142418816686e-05,2.308389957761392e-05,7.190222106601141e-08,6.161860710562905e-06,6.131284408184001e-06,2.1278858184814453e-05,6.493761702586198e-06,7.687303016368219e-10,9.143290071733645e-07,1.3409942600794977e-10,2.5543128723271025e-10,2.4403201681622022e-09,4.6218083582516556e-08,2.7865699081530693e-08,0.9998912811279297,1.5327400149089954e-07,5.245423153610318e-07
C:/Users/KUBA/GitProjects/WKIRO-Project/data/TB030/Session1/Overground_Walk/Walk_Slow/Post_Process/Walk_Slow6.csv,6,TB030,Session1,overground,walk,slow,27,TB030,27,TB030,0.9999129176139832,1.5601072433923946e-08,5.586383977629339e-08,3.824668581842161e-08,1.8779806154611833e-08,1.1461136900647872e-10,8.674476816850074e-07,4.995677045371849e-07,1.855655682447832e-07,3.383181820026948e-06,2.1577195585820164e-09,2.2785002773417773e-09,2.035263513278096e-08,8.906755510906805e-08,1.621767478354741e-05,3.071054015890695e-05,1.2141541105847864e-07,9.2001511120543e-07,3.1153304007602856e-06,1.6894491636776365e-05,8.569502824684605e-06,7.222125675276914e-10,3.93929758502054e-06,7.801112533734056e-11,2.2604346172627743e-10,3.0913360760109754e-09,8.555090857953473e-08,1.3098008899703473e-08,0.9999129176139832,5.553856112783251e-07,7.836893018975388e-07
C:/Users/KUBA/GitProjects/WKIRO-Project/data/TB030/Session2/Overground_Run/Run_Comfortable/Post_Process/Run_Comfortable7.csv,2,TB030,Session2,overground,run,comfortable,27,TB030,27,TB030,0.7037845849990845,0.002107650972902775,0.0002944322768598795,0.0010464072693139315,0.00028808380011469126,8.608991629444063e-05,0.000294870522338897,0.005970065947622061,0.0005266127991490066,0.00030042644357308745,0.01782260276377201,0.00026765174698084593,0.00026535315555520356,0.009154357016086578,0.007116264197975397,0.04472716152667999,0.0007342156022787094,0.0007956990739330649,0.019185230135917664,0.024167094379663467,0.13151821494102478,0.0002793908060993999,0.004897710867226124,0.0005594141548499465,0.0004754865658469498,0.004985722713172436,0.01247433852404356,0.0008705656509846449,0.7037845849990845,0.0043686674907803535,0.0006356228841468692
C:/Users/KUBA/GitProjects/WKIRO-Project/data/TB030/Session2/Overground_Run/Run_Fast/Post_Process/Run_Fast2.csv,2,TB030,Session2,overground,run,fast,27,TB030,27,TB030,0.6379573345184326,0.007384737487882376,0.00018930816440843046,0.003372468985617161,0.0007919605122879148,0.00020797806791961193,0.00020478297665249556,0.004182279109954834,0.001741229323670268,0.0001868792314780876,0.014178031124174595,0.0007552114548161626,0.00017475591448601335,0.042386606335639954,0.005632277578115463,0.03334517404437065,0.0005203889450058341,0.0004925525863654912,0.014087225310504436,0.043344758450984955,0.10880719870328903,0.0007759904256090522,0.0037051220424473286,0.00041559981764294207,0.0013844594359397888,0.007586566731333733,0.0473402738571167,0.002314714714884758,0.6379573345184326,0.015063077211380005,0.0014710337854921818
C:/Users/KUBA/GitProjects/WKIRO-Project/data/TB030/Session2/Overground_Run/Run_Fast/Post_Process/Run_Fast3.csv,2,TB030,Session2,overground,run,fast,27,TB030,27,TB030,0.999472439289093,5.885241080250125e-06,1.6727028095964158e-10,8.711570131936242e-09,1.0053400245624289e-07,1.1683545686480556e-08,9.159501956901295e-08,2.8138654073472935e-08,0.0003348250756971538,1.3680394772563886e-07,2.2134818422614444e-09,1.1111422892895462e-09,3.5066165526842497e-09,2.3931793435849613e-08,4.1679245441628154e-06,3.846140316454694e-06,3.817184079935032e-08,2.8694418574559677e-07,2.7370128918846603e-06,0.00014828643179498613,4.166627576296378e-08,7.392897316549352e-08,1.4155482119804219e-08,2.484891181708804e-10,5.171926775737745e-10,2.3114539615676222e-08,1.5280675143003464e-06,2.953466264443705e-06,0.999472439289093,1.5821111446712166e-05,6.676758857793175e-06
C:/Users/KUBA/GitProjects/WKIRO-Project/data/TB030/Session2/Overground_Run/Run_Fast/Post_Process/Run_Fast7.csv,1,TB030,Session2,overground,run,fast,27,TB030,27,TB030,0.3733425438404083,0.023774322122335434,0.00011483911657705903,0.009399492293596268,0.0021874874364584684,0.00048086830065585673,0.00012428111222106963,0.002231530612334609,0.004983007907867432,0.00010387787915533409,0.008099446073174477,0.0018939748406410217,0.00010045938688563183,0.19124706089496613,0.0026794767472893,0.022571947425603867,0.0003240794176235795,0.0002783696982078254,0.0072806295938789845,0.060441069304943085,0.07165317982435226,0.0020900596864521503,0.0024806915316730738,0.00023856044572312385,0.0036192983388900757,0.012090026400983334,0.14150458574295044,0.005092583131045103,0.3733425438404083,0.04665582627058029,0.0029165397863835096
C:/Users/KUBA/GitProjects/WKIRO-Project/data/TB030/Session2/Overground_Run/Run_Fast/Post_Process/Run_Fast8.csv,1,TB030,Session2,overground,run,fast,27,TB030,27,TB030,0.9552602171897888,0.00016415824939031154,2.6703375066716717e-09,1.4941931567591382e-06,4.77535331810941e-06,3.4716643426691007e-07,4.016783066163043e-07,3.89105245801602e-08,0.015039010904729366,4.431262823345605e-08,1.5026801136741597e-08,7.837551407874344e-08,3.447064145234435e-08,6.13654123071683e-08,0.02684999257326126,5.353935534913035e-07,6.627733029063165e-08,8.168034071331931e-08,0.00036457180976867676,0.0009053165558725595,1.1226362062188855e-08,4.4333378355077e-06,2.5524120594866417e-09,5.5028170464765935e-08,6.506027716568497e-08,2.5934781433534226e-08,0.0011870029848068953,5.932086060056463e-05,0.9552602171897888,0.00015664375678170472,1.30154830912943e-06
C:/Users/KUBA/GitProjects/WKIRO-Project/data/TB030/Session2/Overground_Walk/Walk_Comfortable/Post_Process/Walk_Comfortable6.csv,5,TB030,Session2,overground,walk,comfortable,27,TB030,27,TB030,0.9996970295906067,1.741713440139847e-08,2.8333005275271717e-07,3.7698910659855756e-08,1.713886987886326e-08,3.9906597470995564e-10,1.7830805063567823e-06,5.828489975101547e-07,7.606951157868025e-07,8.165278813976329e-06,4.574793877054617e-09,2.4713320279090567e-09,2.0603586392553552e-08,3.837356388203261e-08,3.147764800814912e-05,0.0001701882283668965,3.086510673711018e-07,4.3365243982407264e-06,6.02586942477501e-06,6.0256239521550015e-05,9.713849067338742e-06,1.6560953719491067e-09,6.163673333503539e-06,3.274723270330071e-10,4.716453894104689e-10,3.259053116266841e-08,9.34100370386659e-08,1.2175860319985077e-08,0.9996970295906067,1.1899447827090626e-06,1.5414123026857851e-06
C:/Users/KUBA/GitProjects/WKIRO-Project/data/TB030/Session2/Overground_Walk/Walk_Fast/Post_Process/Walk_Fast5.csv,4,TB030,Session2,overground,walk,fast,27,TB030,27,TB030,0.7292289137840271,0.0020815031602978706,0.00022418203298002481,0.0009601645288057625,0.00024030794156715274,7.434326835209504e-05,0.00023110516485758126,0.005187533795833588,0.0005195975536480546,0.00022325574536807835,0.01636281982064247,0.0002464348217472434,0.00021321477834135294,0.008708653040230274,0.007012862246483564,0.037509966641664505,0.0005849451408721507,0.0006080349558033049,0.018524881452322006,0.02360362932085991,0.11963155120611191,0.00026640354190021753,0.003970036283135414,0.0005054933135397732,0.000457608955912292,0.004212424159049988,0.012732157483696938,0.0008561486611142755,0.7292289137840271,0.004420562647283077,0.0006013096426613629
C:/Users/KUBA/GitProjects/WKIRO-Project/data/TB030/Session2/Treadmill_Walk/Treadmill_Walk_Fast/Post_Process/Treadmill_Walk_Fast.csv,119,TB030,Session2,treadmill,walk,fast,27,TB030,27,TB030,0.9992715716362,5.4951874162156855e-09,2.6872544367506634e-06,9.028460112858738e-08,2.261580256401885e-08,1.330188181825065e-09,4.332722892286256e-05,4.6868134973010456e-07,1.3692402944798232e-06,1.6135680198203772e-05,1.7731338175508427e-07,2.246214103607258e-09,3.753466160105745e-08,2.2528592324988495e-08,3.134735379717313e-05,0.0001338071742793545,4.4125042109044443e-07,8.258874004241079e-05,2.343452251807321e-05,6.681576633127406e-05,0.00020540354307740927,4.152188814998681e-09,0.00011161897418787703,4.544583320775786e-10,1.896810486456957e-09,1.0699146457682218e-07,8.963659325900153e-08,1.7474615532364624e-08,0.9992715716362,3.368202783349261e-07,8.14852046460146e-06
C:/Users/KUBA/GitProjects/WKIRO-Project/data/TK029/Session1/Overground_Run/Run_Comfortable/Post_Process/Run_Comfortable8.csv,3,TK029,Session1,overground,run,comfortable,28,TK029,28,TK029,0.9999637603759766,3.244766730858828e-06,1.0106991910063812e-09,2.6377699668955756e-06,1.1585584935858151e-08,5.405041414441314e-10,1.6304475131123652e-11,1.439140473458167e-12,2.7631250532067497e-07,4.7066929347028275e-12,1.0552750513703746e-11,2.4552369382035977e-07,2.403846288689948e-10,9.765315667209507e-09,5.426622262660885e-09,5.3531795884964595e-08,3.805580206517334e-07,1.982842189052203e-11,1.2426638704710058e-06,2.162708678810077e-09,4.508214246357056e-08,2.598160108391312e-06,2.64459529830674e-08,4.605569703386436e-09,7.106001564949338e-09,7.897310894122711e-08,2.463739838276524e-05,1.1154747880937066e-07,5.538203708965739e-07,0.9999637603759766,2.9618327790359444e-09
C:/Users/KUBA/GitProjects/WKIRO-Project/data/TK029/Session1/Overground_Run/Run_Comfortable/Post_Process/Run_Comfortable9.csv,2,TK029,Session1,overground,run,comfortable,28,TK029,28,TK029,0.8508498668670654,0.0017405784456059337,0.0028339631389826536,0.0061489976942539215,7.976610504556447e-05,0.0012890285579487681,1.390007855661679e-05,5.848227010574192e-05,0.04548625648021698,6.75031174068863e-07,2.5188022846123204e-05,0.002439690288156271,8.865147538017482e-05,0.0012559578754007816,0.001430857228115201,0.0007580715464428067,0.000258208776358515,7.801745596225373e-06,0.00747500266879797,0.00022797670681029558,0.00031962746288627386,0.046400342136621475,0.00023156095994636416,0.0007217872189357877,0.012105992995202541,0.0003238290664739907,0.00665441807359457,0.00871163047850132,0.0019046696834266186,0.8508498668670654,0.00015727229765616357
C:/Users/KUBA/GitProjects/WKIRO-Project/data/TK029/Session1/Overground_Run/Run_Fast/Post_Process/Run_Fast2.csv,1,TK029,Session1,overground,run,fast,28,TK029,28,TK029,0.8501747846603394,0.0023915190249681473,0.0021623375359922647,0.0037088976241648197,6.458604184444994e-05,0.001999586122110486,1.1872321010741871e-05,4.690599234891124e-05,0.026114627718925476,7.337782221839007e-07,2.3295075152418576e-05,0.002855841303244233,7.57006710045971e-05,0.0010814245324581861,0.0010729421628639102,0.000694861460942775,0.00023344923101831228,8.4091398093733e-06,0.005549820605665445,0.00017285272770095617,0.0003101487527601421,0.06468421965837479,0.000225115058128722,0.000807860866189003,0.01758738048374653,0.00025060310144908726,0.004334144294261932,0.01146736927330494,0.0017558917170390487,0.8501747846603394,0.00013282486179377884
C:/Users/KUBA/GitProjects/WKIRO-Project/data/TK029/Session1/Overground_Walk/Walk_Comfortable/Post_Process/Walk_Comfortable4.csv,5,TK029,Session1,overground,walk,comfortable,28,TK029,28,TK029,0.9999873042106628,7.651827331756067e-07,3.5636322781584795e-09,2.5625301987020066e-06,4.168707157248264e-09,8.831043674106809e-10,2.8188928621886156e-11,8.982186739184272e-13,2.319775092018972e-07,1.0492455862487482e-11,7.644297694842095e-11,1.7021586984355963e-07,1.4208610954469236e-09,1.6805028479893735e-08,2.0109269804891028e-09,3.383972924098089e-08,3.3901625329235685e-07,8.728312343719846e-12,6.831859309386346e-07,7.644914035154216e-09,1.1561191826103823e-07,4.302813181311649e-07,6.292906817861876e-08,2.612826621728459e-10,1.2747084277009435e-08,1.4133656023318508e-08,6.0035899878130294e-06,1.1220247131404903e-07,1.0613026688588434e-06,0.9999873042106628,3.4723690589544276e-08
C:/Users/KUBA/GitProjects/WKIRO-Project/data/TK029/Session1/Overground_Walk/Walk_Slow/Post_Process/Walk_Slow2.csv,9,TK029,Session1,overground,walk,slow,28,TK029,28,TK029,0.9999915361404419,4.374482500679733e-07,2.594585213344658e-09,2.0159288851573365e-06,5.293045113319295e-09,1.7963230902751093e-09,2.172800134259134e-11,9.17593692001395e-13,2.0762178110089735e-07,8.600136228165134e-12,3.714126922682581e-11,1.1519205145305023e-07,7.558230707971347e-10,2.148254729661403e-08,1.4607034470870417e-09,3.893459776804775e-08,3.6642788359131373e-07,8.657435879300124e-12,4.5496415168599924e-07,6.734293567234317e-09,9.745422602236431e-08,6.06245066592237e-07,8.38742124642522e-08,2.2549088984913368e-10,1.4161183337080274e-08,1.0627236868288037e-08,3.2094385460368358e-06,1.1676896605194997e-07,6.333023065963062e-07,0.9999915361404419,3.2134252592186385e-08
C:/Users/KUBA/GitProjects/WKIRO-Project/data/TK029/Session1/Overground_Walk/Walk_Slow/Post_Process/Walk_Slow6.csv,8,TK029,Session1,overground,walk,slow,28,TK029,28,TK029,0.9999831914901733,9.521800166112371e-07,5.451153306523793e-09,3.2422240110463463e-06,1.9200109946382327e-08,2.227364959139777e-09,4.253381674645951e-11,1.5219553048395618e-12,3.223274802621745e-07,1.650884290382848e-11,4.9955581338245736e-11,2.5419348048671964e-07,1.413598793575943e-09,3.356441169444224e-08,8.012946750568517e-09,5.546162995528903e-08,4.6853841695337906e-07,1.539607677458754e-11,8.825867894302064e-07,1.4945186421755352e-08,1.2059683740517357e-07,5.481098241943982e-07,1.292706031108537e-07,6.1725663469403e-10,1.5097052497026198e-08,1.9629382563834952e-08,8.298880857182667e-06,1.635807223010488e-07,1.1463097280284273e-06,0.9999831914901733,5.817107151528944e-08
C:/Users/KUBA/GitProjects/WKIRO-Project/data/TK029/Session1/Overground_Walk/Walk_Slow/Post_Process/Walk_Slow7.csv,10,TK029,Session1,overground,walk,slow,28,TK029,28,TK029,0.8530226945877075,0.0015039786230772734,0.0029045077972114086,0.006870206445455551,8.931482443585992e-05,0.0011481206165626645,1.5066041669342667e-05,6.624842353630811e-05,0.04984346777200699,6.961678877814848e-07,2.7075002435594797e-05,0.002499557565897703,9.058657451532781e-05,0.0013733592350035906,0.0016216073418036103,0.0007870341651141644,0.00026077107759192586,7.760105290799402e-06,0.007947651669383049,0.0002521005517337471,0.00032541228574700654,0.03946232795715332,0.00024294709146488458,0.0007049895357340574,0.010390064679086208,0.0003409517521504313,0.007681321352720261,0.008290811441838741,0.0020601488649845123,0.8530226945877075,0.00016923176008276641
C:/Users/KUBA/GitProjects/WKIRO-Project/data/TK029/Session1/Treadmill_Walk/Treadmill_Walk_Comfortable/Post_Process/Treadmill_Walk_Comfortable.csv,119,TK029,Session1,treadmill,walk,comfortable,28,TK029,28,TK029,0.9999903440475464,5.771439646196086e-07,2.7878810371362306e-09,2.19955040847708e-06,4.825956523291097e-09,2.2577928415756787e-09,2.16518730028481e-11,1.2138151811794118e-12,2.5720635221659904e-07,1.0248061080297965e-11,3.427994693661063e-11,1.2590822962010861e-07,7.296067638939974e-10,2.4154717337410148e-08,1.1183932668856755e-09,4.0530483857992294e-08,4.8379268946519e-07,1.1690770747307955e-11,3.7307040656742174e-07,4.048367419073884e-09,1.0429408092704762e-07,8.585024033891386e-07,9.010643253759554e-08,2.9366098441840904e-10,1.533133087150418e-08,1.1631992258287482e-08,3.964010375057114e-06,1.561671894023675e-07,4.210293980122515e-07,0.9999903440475464,2.2157216506002442e-08
C:/Users/KUBA/GitProjects/WKIRO-Project/data/TK029/Session2/Overground_Run/Run_Fast/Post_Process/Run_Fast4.csv,1,TK029,Session2,overground,run,fast,28,TK029,28,TK029,0.9999151229858398,1.0549645594437607e-05,8.060231371231907e-10,8.19994693301851e-06,2.695612799641367e-08,2.762043926907154e-08,5.863477064993461e-11,9.104801114434569e-12,5.355671532925044e-07,2.4679083429623994e-11,2.2830778934057605e-11,1.6871625803105417e-06,1.189320419925366e-09,2.9629637410266696e-08,1.7893054859996482e-07,7.620083408710343e-08,3.8210086472645344e-07,1.982150554802331e-11,6.368614776874892e-06,8.093480552417986e-09,3.514704758345033e-07,2.2411393729271367e-05,2.1391113591562316e-07,4.9675790592118574e-08,1.2419795325513405e-07,1.7270323837692558e-08,1.6994492398225702e-05,5.3985904742148705e-06,1.1281758816039655e-05,0.9999151229858398,5.0341753876637085e-08
C:/Users/KUBA/GitProjects/WKIRO-Project/data/TK029/Session2/Overground_Walk/Walk_Comfortable/Post_Process/Walk_Comfortable2.csv,4,TK029,Session2,overground,walk,comfortable,28,TK029,28,TK029,0.9999823570251465,1.770067967754585e-07,4.97256014142522e-09,3.091080088779563e-06,3.2955809192714014e-09,5.499639632589037e-10,2.300563385626564e-11,3.0934766467177743e-12,1.1253758458451557e-07,8.352965888414055e-12,1.281656170082357e-10,1.6215977893807576e-07,7.0065597768120824e-09,6.073085501157038e-08,1.828727724806356e-09,1.5112347284684802e-07,8.919455467548687e-07,3.259498226881874e-11,1.9094838989985874e-06,6.080216508053127e-08,1.1489630651340121e-06,4.9076294317274e-07,1.03472166301799e-06,2.900280571260794e-10,9.201943207415297e-09,6.038948008324496e-09,1.5933619579300284e-06,2.731163561975336e-08,6.533779014716856e-06,0.9999823570251465,1.592196667843382e-07
C:/Users/KUBA/GitProjects/WKIRO-Project/data/TK029/Session2/Overground_Walk/Walk_Comfortable/Post_Process/Walk_Comfortable8.csv,4,TK029,Session2,overground,walk,comfortable,28,TK029,28,TK029,0.9999865889549255,5.207118647376774e-07,1.2181181618942105e-09,6.409013053598756e-07,4.958677468636097e-09,4.020750399291728e-10,4.072064907489903e-11,7.098699883120729e-13,3.432063522268436e-07,8.60198370866705e-12,7.574008781263686e-11,9.553563984354696e-08,1.4367471656839825e-09,3.065833453774758e-08,2.128522469391214e-09,2.8655730233140275e-08,3.557245804586273e-07,8.882544873245468e-12,1.0195475397267728e-06,5.3027918056614e-08,3.5395129316384555e-07,5.348643981051282e-07,2.1726582133396732e-07,1.4743556375762523e-10,1.001161287206287e-08,4.559881361387852e-09,4.126011845073663e-06,3.452962005212612e-08,5.006608262192458e-06,0.9999865889549255,1.235810316302377e-07
C:/Users/KUBA/GitProjects/WKIRO-Project/data/TK029/Session2/Overground_Walk/Walk_Fast/Post_Process/Walk_Fast5.csv,5,TK029,Session2,overground,walk,fast,28,TK029,28,TK029,0.866042971611023,0.0017114763613790274,0.001976781291887164,0.004609537776559591,7.513626042054966e-05,0.0010154987685382366,1.109931599785341e-05,5.888611849513836e-05,0.038047827780246735,5.261554179014638e-07,1.9890847397618927e-05,0.002245477633550763,6.71090601827018e-05,0.001084497314877808,0.001350139849819243,0.0007554470212198794,0.00019369566871318966,6.194164598127827e-06,0.007099515292793512,0.00019316418911330402,0.00025298449327237904,0.04220198467373848,0.00018711555458139628,0.0007181374821811914,0.011934906244277954,0.00030208626412786543,0.006643712520599365,0.008981647901237011,0.002091021742671728,0.866042971611023,0.00012155213335063308
C:/Users/KUBA/GitProjects/WKIRO-Project/data/TK029/Session2/Overground_Walk/Walk_Slow/Post_Process/Walk_Slow5.csv,9,TK029,Session2,overground,walk,slow,28,TK029,28,TK029,0.8677446842193604,0.0018465920584276319,0.0018751637544482946,0.003938120324164629,6.971978291403502e-05,0.0010983927641063929,1.0651910997694358e-05,5.5728272855049e-05,0.033373937010765076,5.308278900884034e-07,1.9364410036359914e-05,0.0022374754771590233,6.375904922606423e-05,0.0010249378392472863,0.0012298008659854531,0.000748898833990097,0.0001891019637696445,6.295129423961043e-06,0.006600676104426384,0.0001790037495084107,0.00025202668621204793,0.04569244012236595,0.00018535624258220196,0.0007334236870519817,0.01304689608514309,0.0002858882362488657,0.005917743314057589,0.009401174262166023,0.0020574075169861317,0.8677446842193604,0.00011487040319480002
C:/Users/KUBA/GitProjects/WKIRO-Project/data/TK029/Session2/Treadmill_Walk/Treadmill_Walk_Slow/Post_Process/Treadmill_Walk_Slow.csv,179,TK029,Session2,treadmill,walk,slow,28,TK029,28,TK029,0.9999793767929077,1.909730372062768e-06,9.054656580076426e-09,2.9210984848759836e-06,5.374071410102488e-09,1.4932662883992975e-09,5.694616306284317e-11,2.3254108708070653e-11,4.4944565047444485e-07,2.3758148226526998e-11,1.7863363566128498e-10,2.4070524773378565e-07,3.502667667021342e-08,8.853632493810437e-08,5.1682578217082664e-09,4.2055017956954543e-07,1.8186099168815417e-06,4.2990076776217023e-11,2.6336961127526592e-06,4.414657439610892e-08,1.8134271613234887e-06,1.5248693898683996e-06,5.91939453897794e-07,5.092840593690084e-10,4.600177305746911e-08,1.6095336619059708e-08,2.1143496269360185e-06,1.2632229129394545e-07,3.7971187794028083e-06,0.9999793767929077,5.122655366562867e-08
C:/Users/KUBA/GitProjects/WKIRO-Project/data/YX024/Session1/Overground_Run/Run_Comfortable/Post_Process/Run_Comfortable10.csv,2,YX024,Session1,overground,run,comfortable,29,YX024,29,YX024,0.7314250469207764,0.0004942553350701928,0.0005733814323320985,0.0007342465105466545,0.06645646691322327,0.0012490537483245134,0.0035281754098832607,0.019219059497117996,0.0033090361393988132,0.03179612755775452,0.017570845782756805,0.0006821794086135924,0.00018582188931759447,0.0229575764387846,0.0005949399201199412,0.00611539464443922,0.0069214822724461555,0.03192199766635895,7.787680806359276e-05,0.02187221311032772,0.007587647996842861,0.0013829702511429787,0.0018824192229658365,8.41342334751971e-05,0.00015428243204951286,0.01707102730870247,0.0006269813748076558,0.00034958627657033503,0.0022973702289164066,0.0008784913225099444,0.7314250469207764
C:/Users/KUBA/GitProjects/WKIRO-Project/data/YX024/Session1/Overground_Run/Run_Fast/Post_Process/Run_Fast1.csv,1,YX024,Session1,overground,run,fast,29,YX024,29,YX024,0.2721836268901825,0.006575245410203934,0.00034640004741959274,0.0025550706777721643,0.14201509952545166,0.0015989470994099975,0.001189868082292378,0.08113706856966019,0.032116685062646866,0.005288122687488794,0.02746785804629326,0.0028683252166956663,0.00015692792658228427,0.027930522337555885,0.0073032015934586525,0.017754364758729935,0.005118927452713251,0.026406163349747658,0.0008957533864304423,0.11577293276786804,0.010840168222784996,0.006019639316946268,0.0006635144236497581,0.0006660586223006248,0.001954411156475544,0.03190731257200241,0.02825961820781231,0.006350374780595303,0.11846068501472473,0.01819717325270176,0.2721836268901825
C:/Users/KUBA/GitProjects/WKIRO-Project/data/YX024/Session1/Overground_Walk/Walk_Comfortable/Post_Process/Walk_Comfortable4.csv,4,YX024,Session1,overground,walk,comfortable,29,YX024,29,YX024,0.768982470035553,9.575934382155538e-05,0.00014006484707351774,0.0006178221665322781,0.07781455665826797,0.0010634023929014802,0.0038430620916187763,0.022555414587259293,0.0014453206676989794,0.03322935849428177,0.014899036847054958,0.0005897029768675566,4.8637710278853774e-05,0.02910139039158821,0.000511485559400171,0.0023197289556264877,0.0019080456113442779,0.011417856439948082,1.837981108110398e-05,0.01684374362230301,0.003070560283958912,0.00024178886087611318,0.0017543055582791567,1.976908060896676e-05,6.0462174587883055e-05,0.005552742164582014,0.0004569976881612092,0.00021031568758189678,0.0009800721891224384,0.00020782776118721813,0.768982470035553
C:/Users/KUBA/GitProjects/WKIRO-Project/data/YX024/Session1/Overground_Walk/Walk_Comfortable/Post_Process/Walk_Comfortable7.csv,5,YX024,Session1,overground,walk,comfortable,29,YX024,29,YX024,0.7502314448356628,9.5481111202389e-05,0.00014808987907599658,0.000641233753412962,0.08655806630849838,0.0011159435380250216,0.004285064525902271,0.024910053238272667,0.0014066388830542564,0.037562623620033264,0.015332361683249474,0.0006178527255542576,5.1380899094510823e-05,0.02975679375231266,0.0005277221207506955,0.00250804191455245,0.0019878321327269077,0.012329325079917908,1.8491753507987596e-05,0.016880027949810028,0.003081269096583128,0.00023237045388668776,0.0019035938894376159,2.04567131731892e-05,6.202850636327639e-05,0.005872171372175217,0.00046913628466427326,0.00021565872884821147,0.000979442149400711,0.0001994039921555668,0.7502314448356628
C:/Users/KUBA/GitProjects/WKIRO-Project/data/YX024/Session1/Overground_Walk/Walk_Fast/Post_Process/Walk_Fast3.csv,4,YX024,Session1,overground,walk,fast,29,YX024,29,YX024,0.7820335626602173,9.047790081240237e-05,0.00012960951426066458,0.0005987052572891116,0.07421751320362091,0.0010207449086010456,0.0034804167225956917,0.020764518529176712,0.001431806362234056,0.030514128506183624,0.014090409502387047,0.0005627393838949502,4.37779126514215e-05,0.028196673840284348,0.0004912120057269931,0.002086985856294632,0.00180239777546376,0.010599734261631966,1.6887417586985976e-05,0.01625370793044567,0.002864530310034752,0.00023449982109013945,0.001585515565238893,1.8049760910798796e-05,5.694580977433361e-05,0.005044592544436455,0.0004423604113981128,0.00020095657964702696,0.0009228526032529771,0.00020365232194308192,0.7820335626602173
C:/Users/KUBA/GitProjects/WKIRO-Project/data/YX024/Session1/Overground_Walk/Walk_Fast/Post_Process/Walk_Fast5.csv,2,YX024,Session1,overground,walk,fast,29,YX024,29,YX024,0.7851735353469849,0.00011172839003847912,0.00014440012455452234,0.0005761436186730862,0.07024611532688141,0.0009800754487514496,0.0034175089094787836,0.020056717097759247,0.0015467526391148567,0.02931671030819416,0.014015387743711472,0.000551620963960886,5.024269921705127e-05,0.02812541276216507,0.0004772320971824229,0.002381466794759035,0.0019797978457063437,0.011213617399334908,2.0253088223398663e-05,0.01652078703045845,0.0032023275271058083,0.0002931002527475357,0.0016153851756826043,2.1193103748373687e-05,6.322251283563673e-05,0.0060013155452907085,0.00043945189099758863,0.0002080458216369152,0.0010093029122799635,0.00024117855355143547,0.7851735353469849
C:/Users/KUBA/GitProjects/WKIRO-Project/data/YX024/Session1/Overground_Walk/Walk_Slow/Post_Process/Walk_Slow1.csv,12,YX024,Session1,overground,walk,slow,29,YX024,29,YX024,0.6095909476280212,0.0002893925702665001,0.0001468207483412698,0.0016950666904449463,0.07891493290662766,0.002426809398457408,0.009965854696929455,0.025479288771748543,0.0013612001203000546,0.07402096688747406,0.04290194436907768,0.001692606951110065,0.0001363852061331272,0.07698378711938858,0.001245592487975955,0.002567842835560441,0.0020185576286166906,0.011030410416424274,4.604643254424445e-05,0.034205276519060135,0.007670855615288019,0.00023527668963652104,0.005448410753160715,4.135052950005047e-05,0.0001792051480151713,0.00547937722876668,0.0012598447501659393,0.0005306040984578431,0.002233443083241582,0.0002019170788116753,0.6095909476280212
C:/Users/KUBA/GitProjects/WKIRO-Project/data/YX024/Session1/Overground_Walk/Walk_Slow/Post_Process/Walk_Slow3.csv,9,YX024,Session1,overground,walk,slow,29,YX024,29,YX024,0.6578530669212341,0.00023330368276219815,0.00012987318041268736,0.0013967076083645225,0.07524709403514862,0.002037568250671029,0.008131861686706543,0.023267295211553574,0.0012517127906903625,0.061934053897857666,0.03601742163300514,0.0013871443225070834,0.0001099961154977791,0.06655661761760712,0.0010280784917995334,0.002344284439459443,0.00182947120629251,0.010239272378385067,3.7138652260182425e-05,0.02909868024289608,0.0064608631655573845,0.00021954801923129708,0.004445990547537804,3.392259532120079e-05,0.0001443915389245376,0.005139871500432491,0.0010009214747697115,0.00043235236080363393,0.0018078440334647894,0.00018362951232120395,0.6578530669212341
C:/Users/KUBA/GitProjects/WKIRO-Project/data/YX024/Session2/Overground_Run/Run_Fast/Post_Process/Run_Fast5.csv,1,YX024,Session2,overground,run,fast,29,YX024,29,YX024,0.9997138381004333,4.2466009375630165e-08,8.444919785688398e-07,4.7500370214947907e-07,6.26379414825351e-06,8.816929408794749e-08,6.254026629903819e-07,1.1266046984204081e-09,2.89747070780777e-09,1.1657019967969973e-05,0.00012521342432592064,1.1278340252829366e-06,2.5987699814322696e-07,1.632300694609512e-07,5.087585122964811e-06,1.4740075826580323e-08,8.703374624019489e-05,4.322920722188428e-05,8.280495222834361e-08,2.1391876998677617e-06,2.2476800154436205e-07,2.904315010709979e-09,2.68790728341628e-07,1.872834474170304e-07,8.553592834026347e-10,2.308445168353046e-08,4.0213009810941003e-07,2.4341093762814126e-07,3.854772501199477e-07,5.692452376138135e-08,0.9997138381004333
C:/Users/KUBA/GitProjects/WKIRO-Project/data/YX024/Session2/Overground_Run/Run_Fast/Post_Process/Run_Fast6.csv,1,YX024,Session2,overground,run,fast,29,YX024,29,YX024,0.6909745931625366,0.0003366702876519412,0.0005009395536035299,0.00236748275347054,0.05434505641460419,0.003452104749158025,0.002574238460510969,0.016712909564375877,0.005068400874733925,0.022214556112885475,0.04954437166452408,0.0015090004308149219,0.0001490348658990115,0.025081347674131393,0.001613626373000443,0.0019085905514657497,0.005965474992990494,0.03253909945487976,5.87970826018136e-05,0.05852120369672775,0.010712014511227608,0.0007447267416864634,0.0013367792125791311,5.5734206398483366e-05,0.00016034627333283424,0.00411879550665617,0.0016853014240041375,0.0006347603048197925,0.0043264045380055904,0.0007875380688346922,0.6909745931625366
C:/Users/KUBA/GitProjects/WKIRO-Project/data/YX024/Session2/Overground_Walk/Walk_Comfortable/Post_Process/Walk_Comfortable3.csv,4,YX024,Session2,overground,walk,comfortable,29,YX024,29,YX024,0.9995049238204956,2.7100211852371103e-08,7.569267381768441e-07,6.697425281032565e-09,0.00011239292507525533,8.057950751094722e-09,3.1650411983719096e-05,1.818077492998782e-07,7.857419603851667e-09,0.0001810457615647465,7.266919510584557e-07,9.590149829818984e-07,3.9465174239694534e-08,1.165399680758128e-06,5.790120098936313e-07,2.6310390239814296e-06,2.7293135644868016e-05,0.00010845895303646103,9.635907183280779e-09,5.58922238269588e-06,5.215752594267542e-07,2.79756164900391e-08,6.049521289241966e-06,1.0632636104901394e-08,1.6949278092148745e-10,1.446810165361967e-05,4.502613393242427e-08,8.846048338284618e-09,3.600239892875834e-07,1.3444943647300533e-07,0.9995049238204956
C:/Users/KUBA/GitProjects/WKIRO-Project/data/YX024/Session2/Overground_Walk/Walk_Fast/Post_Process/Walk_Fast6.csv,3,YX024,Session2,overground,walk,fast,29,YX024,29,YX024,0.9998356699943542,7.62301244350283e-09,3.4991808206541464e-07,3.96142008085576e-09,2.9119590180926025e-05,6.342840919160153e-09,5.607918410532875e-06,6.347617187429933e-08,2.7814774927747976e-09,7.031799759715796e-05,2.2518131572724087e-06,2.7775357125392475e-07,5.727972318680941e-09,7.157437380556075e-07,1.9789199257047585e-07,3.2709911579331674e-07,4.217338573653251e-05,7.707106306042988e-06,5.8704157090971876e-09,2.0664367639255943e-06,1.0327000410370601e-07,1.0640523129268331e-08,1.6217227312154137e-06,1.6932393265278733e-09,1.0467656602619613e-10,1.0008430990637862e-06,1.306126051758838e-07,2.7629463161815693e-09,1.8409275526209967e-07,1.0601946343058444e-07,0.9998356699943542
C:/Users/KUBA/GitProjects/WKIRO-Project/data/YX024/Session2/Overground_Walk/Walk_Fast/Post_Process/Walk_Fast8.csv,3,YX024,Session2,overground,walk,fast,29,YX024,29,YX024,0.9998517632484436,1.8359360254294188e-08,2.9792715849907836e-07,1.0211523182590554e-08,6.472619134001434e-05,7.629808784770375e-09,4.982235168426996e-06,1.7926197415363276e-07,4.7214507858939214e-09,2.7031188437831588e-05,1.806048771868518e-06,5.537709739655838e-07,8.72229666271096e-09,1.6281534271911369e-06,9.92433001556492e-07,6.908926479809452e-07,1.4900880159984808e-05,1.8561002434580587e-05,6.4292984269798126e-09,7.800151252013166e-06,9.45490441495167e-08,2.0096626585086597e-08,7.10573829110217e-07,1.7599922630395781e-09,4.071779580172574e-10,2.4400706024607643e-06,4.449876556122945e-08,6.191372303732123e-09,5.89858757393813e-07,9.977978265851561e-08,0.9998517632484436
C:/Users/KUBA/GitProjects/WKIRO-Project/data/YX024/Session2/Overground_Walk/Walk_Slow/Post_Process/Walk_Slow2.csv,9,YX024,Session2,overground,walk,slow,29,YX024,29,YX024,0.9998260140419006,4.82999489292979e-08,1.0789440239022952e-06,1.0319460841401451e-08,1.2597004570125137e-05,4.4115657793497576e-09,6.708529326715507e-06,2.4388184556300985e-06,2.5188613861359954e-08,4.668340625357814e-05,1.307264028582722e-06,1.2455345768103143e-06,2.486134142998253e-08,3.739988869710942e-06,1.502364511907217e-06,1.0047993782791309e-05,1.5191591955954209e-05,1.3205656614445616e-05,1.1470562277793306e-08,2.4448076146654785e-05,5.95232222622144e-07,3.079149735185638e-08,3.5390783068578457e-06,7.582877659118026e-10,1.4265160164228519e-09,2.697597119549755e-05,5.387568791093145e-08,1.1032664559706973e-08,2.1165394628042122e-06,3.570731053059717e-07,0.9998260140419006
