source_path,n_windows,participant_id,session,environment,activity,condition,y_true,y_true_name,y_pred,y_pred_name,confidence,proba_AJ026,proba_BD004,proba_BL025,proba_CF027,proba_CL007,proba_DA013,proba_DC005,proba_GF022,proba_GM001,proba_GQ016,proba_HN021,proba_HS018,proba_JS009,proba_LA014,proba_LD002,proba_LF003,proba_LL011,proba_LM012,proba_MR015,proba_OB010,proba_PC008,proba_PQ006,proba_RC020,proba_RC023,proba_RV028,proba_SA017,proba_SM019,proba_TB030,proba_TK029,proba_YX024
C:/Users/KUBA/GitProjects/WKIRO-Project/data/AJ026/Session1/Overground_Run/Run_Comfortable/Post_Process/Run_Comfortable8.csv,3,AJ026,Session1,overground,run,comfortable,0,AJ026,0,AJ026,0.9999129176139832,0.9999129176139832,3.057484221358209e-08,6.977930411267153e-08,1.4716121654601011e-08,1.7101851881307084e-06,7.163054593917195e-10,2.4346385544049554e-05,3.138969750793308e-09,4.118535912311927e-08,4.804719733186857e-09,2.3724272978142835e-05,7.614233709318796e-06,3.193535178525053e-07,1.9441800702679757e-07,6.13257384429744e-07,4.6907560301290285e-12,1.6201862251818966e-07,2.569385371131716e-09,1.4498569100851455e-07,1.1677737887794137e-07,9.004309504234698e-06,1.1526538834516487e-08,8.374972821911797e-06,4.033028744743206e-06,1.0547585560516382e-07,9.85847805168305e-07,3.2278574053634657e-06,9.000374490142349e-08,1.941499476743047e-06,1.122156660926521e-07
C:/Users/KUBA/GitProjects/WKIRO-Project/data/AJ026/Session1/Overground_Run/Run_Fast/Post_Process/Run_Fast2.csv,2,AJ026,Session1,overground,run,fast,0,AJ026,0,AJ026,0.9999059438705444,0.9999059438705444,3.465792275392232e-08,7.004004487498605e-08,1.4591909902605948e-08,1.8037736708720331e-06,6.83159639969233e-10,3.164857844240032e-05,3.5335969705840853e-09,4.6680725063197315e-08,5.52038015300127e-09,1.9974439055658877e-05,9.582980055711232e-06,3.781868258556642e-07,1.960997337846493e-07,7.306681482077693e-07,5.620820215518352e-12,1.455138090022956e-07,3.2442750708128187e-09,1.3651458630192792e-07,1.208430973065333e-07,8.619626896688715e-06,1.544106176254445e-08,1.039761718857335e-05,3.986522642662749e-06,1.0548829010303962e-07,1.0096819096361287e-06,3.1336944630311336e-06,1.0873100109165534e-07,1.686264454292541e-06,1.2646219715861662e-07
C:/Users/KUBA/GitProjects/WKIRO-Project/data/AJ026/Session1/Overground_Run/Run_Fast/Post_Process/Run_Fast3.csv,2,AJ026,Session1,overground,run,fast,0,AJ026,0,AJ026,0.9987748861312866,0.9987748861312866,5.163989953871351e-06,2.157425115001388e-06,5.7255726915173e-07,8.848738798405975e-05,2.5750324539330904e-08,0.00017220043810084462,1.2917157619085629e-06,1.989026486626244e-06,2.217504118107172e-07,0.00016328689525835216,0.00011670757521642372,5.5157138376671355e-06,4.7311841626651585e-06,1.7765265511116013e-05,7.780506017240896e-09,1.1647536666714586e-05,6.217956638465694e-08,5.663697265845258e-06,2.352873480049311e-06,6.199456402100623e-05,3.30109600099604e-07,0.00020540226250886917,0.00016319450514856726,2.5557653771102196e-06,0.00010121566447196528,2.342399602639489e-05,9.790974218049087e-06,5.598359712166712e-05,1.3492541484083631e-06
C:/Users/KUBA/GitProjects/WKIRO-Project/data/AJ026/Session1/Overground_Run/Run_Fast/Post_Process/Run_Fast4.csv,2,AJ026,Session1,overground,run,fast,0,AJ026,0,AJ026,0.9981259107589722,0.9981259107589722,3.362017935160111e-07,3.9258412698472966e-07,1.972613290490699e-07,1.351597165921703e-05,1.6630218979685196e-08,8.147455082507804e-05,4.475524306712941e-08,2.449282590077928e-07,5.432474736721815e-08,0.001529739354737103,0.00013672707427758723,1.7091640529542929e-06,7.271620233950671e-06,8.340321073774248e-07,1.7687030659518932e-11,1.2195138197057531e-06,9.667247269362633e-08,3.627870910349884e-07,2.8637123250518925e-07,1.6189411326195113e-05,1.5200729563957793e-08,1.5005324712547008e-05,6.523275260406081e-06,9.928193378527794e-08,1.8308087419427466e-06,4.078054189449176e-05,4.71309306249168e-07,1.8463131709722802e-05,1.1903881613761769e-07
C:/Users/KUBA/GitProjects/WKIRO-Project/data/AJ026/Session1/Overground_Run/Run_Fast/Post_Process/Run_Fast9.csv,2,AJ026,Session1,overground,run,fast,0,AJ026,0,AJ026,0.9979361295700073,0.9979361295700073,7.878369615355041e-06,4.915640147373779e-06,9.216104217557586e-07,0.00019389609224162996,2.490618733475003e-08,0.0001425660157110542,2.465611260049627e-06,1.8499521274861763e-06,3.7636249317074544e-07,0.00047308497596532106,0.0001696357358014211,4.275716946722241e-06,8.71573865879327e-06,1.6145706467796117e-05,8.192776235205201e-09,1.0331541488994844e-05,1.230750115155388e-07,8.465038263238966e-06,2.263914211653173e-06,4.9963804485742e-05,2.8840028676313523e-07,0.0003291283792350441,0.000274798134341836,1.9979040644102497e-06,0.0002204741904279217,5.295492155710235e-05,9.40840345720062e-06,7.475888560293242e-05,2.1665316580765648e-06
C:/Users/KUBA/GitProjects/WKIRO-Project/data/AJ026/Session1/Overground_Walk/Walk_Slow/Post_Process/Walk_Slow2.csv,10,AJ026,Session1,overground,walk,slow,0,AJ026,0,AJ026,0.999897837638855,0.999897837638855,3.056662123412934e-08,6.942322983150007e-08,2.8640647187216928e-08,1.5917496511974605e-06,1.3266981957471558e-09,2.045411747531034e-05,5.600855335075039e-09,3.719015140291049e-08,5.833485694495266e-09,3.4779564884956926e-05,7.536301382060628e-06,2.6040430611828924e-07,3.4181010732936556e-07,6.021051603966043e-07,6.6581753131733645e-12,3.2090699164655234e-07,3.061905839985002e-09,2.1857616161469196e-07,1.449735833602972e-07,1.3426551959128119e-05,9.943745382656743e-09,7.289710083568934e-06,5.437855179479811e-06,1.3851537516984536e-07,1.0206077831753646e-06,5.119853085489012e-06,9.019203162097256e-08,3.0574415177397896e-06,9.907078180049211e-08
C:/Users/KUBA/GitProjects/WKIRO-Project/data/AJ026/Session1/Overground_Walk/Walk_Slow/Post_Process/Walk_Slow3.csv,10,AJ026,Session1,overground,walk,slow,0,AJ026,0,AJ026,0.999232292175293,0.999232292175293,3.1363008474727394e-06,8.323077054228634e-07,4.818515435545123e-07,4.0876555431168526e-05,1.966469120873171e-08,0.00013890821719542146,8.416162700086716e-07,1.1636556109806406e-06,1.5223206162318093e-07,7.734097016509622e-05,9.56370058702305e-05,3.7326667552406434e-06,3.816235675913049e-06,1.6281641364912502e-05,4.873048631282018e-09,1.0619820386637002e-05,4.663950647909587e-08,4.992443791707046e-06,1.4502329577226192e-06,6.509858940262347e-05,2.3192042419850623e-07,0.0001116049024858512,7.439375622197986e-05,2.104132590829977e-06,4.735987386084162e-05,1.1879697922267951e-05,8.018791049835272e-06,4.600328247761354e-05,7.26633459180448e-07
C:/Users/KUBA/GitProjects/WKIRO-Project/data/AJ026/Session2/Overground_Run/Run_Comfortable/Post_Process/Run_Comfortable1.csv,4,AJ026,Session2,overground,run,comfortable,0,AJ026,0,AJ026,0.9992784857749939,0.9992784857749939,2.5238691705453675e-06,7.922137115201622e-07,3.374104835529579e-07,4.377860022941604e-05,1.5972142719533622e-08,0.0001143772533396259,6.200048119353596e-07,1.0197534265898867e-06,1.3040772728345473e-07,8.2416896475479e-05,7.535073382314295e-05,4.124708539166022e-06,2.6769403120852076e-06,1.5287418136722408e-05,3.995820563318375e-09,8.562581570004113e-06,3.11578176592775e-08,4.0615791476739105e-06,1.502580175838375e-06,6.981218029977754e-05,2.0517708776424115e-07,9.459281136514619e-05,8.342049841303378e-05,1.9319554667163175e-06,4.898566839983687e-05,1.0646132977853995e-05,7.295326668099733e-06,4.632140553439967e-05,6.193448029989668e-07
C:/Users/KUBA/GitProjects/WKIRO-Project/data/AJ026/Session2/Overground_Run/Run_Comfortable/Post_Process/Run_Comfortable7.csv,4,AJ026,Session2,overground,run,comfortable,0,AJ026,0,AJ026,0.9990916848182678,0.9990916848182678,2.7817293357657036e-06,1.085159624381049e-06,3.7393297702692507e-07,4.7107620048336685e-05,2.0906743003479278e-08,0.00012129451351938769,8.851387178765435e-07,1.1625460274444777e-06,1.7803391472170915e-07,0.0001079057328752242,8.33457670523785e-05,5.73046418139711e-06,2.6912234716292005e-06,1.7796219253796153e-05,5.8876006292507554e-09,9.977055015042424e-06,3.250644908803224e-08,4.629105660569621e-06,1.9147687453369144e-06,0.00010467515676282346,2.5864858343993546e-07,0.00010549290163908154,0.0001374681160086766,2.44171496888157e-06,6.46840562694706e-05,1.2377628991089296e-05,8.776974937063642e-06,6.250679871300235e-05,7.872233140915341e-07
C:/Users/KUBA/GitProjects/WKIRO-Project/data/AJ026/Session2/Overground_Run/Run_Fast/Post_Process/Run_Fast9.csv,3,AJ026,Session2,overground,run,fast,0,AJ026,0,AJ026,0.9928428530693054,0.9928428530693054,1.0667367860150989e-05,2.0434590624063276e-05,1.0768851552711567e-06,0.000781104143243283,5.083503040737014e-08,0.00018288259161636233,4.534690106083872e-06,4.870053999184165e-06,9.888789236356388e-07,0.003370785154402256,0.0003527543740347028,6.7421547100821044e-06,6.176529041113099e-06,2.1898124032304622e-05,2.1859341003960253e-08,1.4503127204079647e-05,1.9401750250835903e-07,6.008598575135693e-06,4.395772521093022e-06,6.168646359583363e-05,6.98597261816758e-07,0.0003605488163884729,0.0008639665902592242,3.2563775675953366e-06,0.0007158380467444658,0.000201493501663208,1.1541345884324983e-05,0.00014402373926714063,4.041387001052499e-06
C:/Users/KUBA/GitProjects/WKIRO-Project/data/AJ026/Session2/Overground_Walk/Walk_Comfortable/Post_Process/Walk_Comfortable1.csv,6,AJ026,Session2,overground,walk,comfortable,0,AJ026,0,AJ026,0.9993330836296082,0.9993330836296082,2.7984881398879224e-06,6.8673989517265e-07,4.251025131907227e-07,3.9717899198876694e-05,1.6956443360527373e-08,0.00011149768397444859,6.717993414895318e-07,9.731343197927345e-07,1.2964000006832066e-07,7.521438965341076e-05,7.629946776432917e-05,3.153319084958639e-06,3.653292196759139e-06,1.557769428472966e-05,3.6568732486585986e-09,9.621921890357044e-06,4.1075988832517396e-08,4.8523129407840315e-06,1.1975469078606693e-06,6.115305586718023e-05,1.7725089662690152e-07,8.861788228387013e-05,6.007800766383298e-05,1.7810906456361408e-06,4.3110954720759764e-05,1.0606788237055298e-05,7.2224320319946855e-06,4.705408355221152e-05,6.172324447106803e-07
C:/Users/KUBA/GitProjects/WKIRO-Project/data/AJ026/Session2/Overground_Walk/Walk_Comfortable/Post_Process/Walk_Comfortable2.csv,5,AJ026,Session2,overground,walk,comfortable,0,AJ026,0,AJ026,0.9999091029167175,0.9999091029167175,6.32382892717942e-08,5.5832156675705846e-08,1.909874747241247e-08,3.0999431146483403e-06,8.123519634750664e-10,2.1316389393177815e-05,3.977575602220895e-09,5.9020216269800585e-08,4.71621230957453e-09,2.7432775823399425e-05,1.2596535270859022e-05,2.8595709977707884e-07,2.7548350090000895e-07,7.440872309416591e-07,4.410676684996062e-12,1.7935887797193573e-07,4.936515640707739e-09,1.2187035736133112e-07,6.84386307625573e-08,7.011367415543646e-06,1.0290479579566636e-08,7.4925787885149475e-06,2.488283371349098e-06,6.584653533536766e-08,1.1186723440914648e-06,3.510402848405647e-06,1.0304290753992973e-07,2.705873612285359e-06,9.48968335023892e-08
C:/Users/KUBA/GitProjects/WKIRO-Project/data/AJ026/Session2/Overground_Walk/Walk_Slow/Post_Process/Walk_Slow1.csv,9,AJ026,Session2,overground,walk,slow,0,AJ026,0,AJ026,0.999322772026062,0.999322772026062,2.5337189981655683e-06,6.885018137836596e-07,4.1138238771054603e-07,3.6977562558604404e-05,1.6714981398990858e-08,0.00011541716230567545,6.604476538996096e-07,9.374195997224888e-07,1.3298873113853915e-07,7.352930697379634e-05,8.040564716793597e-05,3.3000048915710067e-06,3.297566763649229e-06,1.4916822692612186e-05,3.7227563254305096e-09,9.187707291857805e-06,3.815095794834633e-08,4.538409484666772e-06,1.2814574574804283e-06,6.463774479925632e-05,1.882996798485692e-07,9.150893311016262e-05,6.615657912334427e-05,1.897643869597232e-06,4.2048151954077184e-05,1.0540942639636341e-05,6.934067641850561e-06,4.4416945456760004e-05,6.035274964233395e-07
C:/Users/KUBA/GitProjects/WKIRO-Project/data/BD004/Session1/Overground_Run/Run_Comfortable/Post_Process/Run_Comfortable10.csv,3,BD004,Session1,overground,run,comfortable,1,BD004,1,BD004,0.9999630451202393,4.639648309989752e-08,0.9999630451202393,4.0728639305598335e-07,2.761016048680176e-06,4.263969458406791e-06,2.3232169521492096e-09,3.753187272081959e-08,4.920058472634992e-06,1.7926197415363276e-08,6.428901300203904e-10,1.4558237637629645e-07,3.5944894283268525e-10,2.7771065447268484e-08,2.8115289296692936e-06,2.2836600237496896e-06,6.510675234494556e-07,1.6607611996732885e-07,1.0331413591302407e-07,8.606656365373055e-08,1.1324439302962119e-10,7.587321420032822e-07,1.1263363158819928e-10,1.751367193492115e-07,1.13365876686089e-08,6.375966976612801e-10,3.6235844618204283e-06,4.372548989550751e-09,1.2033354323648382e-05,1.0664934961823747e-06,5.010967925045406e-07
C:/Users/KUBA/GitProjects/WKIRO-Project/data/BD004/Session1/Overground_Run/Run_Fast/Post_Process/Run_Fast13.csv,2,BD004,Session1,overground,run,fast,1,BD004,1,BD004,0.9937575459480286,1.3410609426500741e-05,0.9937575459480286,2.1590502001345158e-05,0.001873542321845889,0.001504613202996552,1.0081716936838347e-06,3.606631071306765e-05,0.0003281075623817742,1.9246268493589014e-05,8.164266773746931e-07,4.943335079587996e-05,2.9408961381705012e-06,3.2029156500357203e-06,0.0011184127070009708,0.0003114335995633155,5.648449223372154e-05,6.780811963835731e-05,0.00017167201440315694,5.173662884772057e-06,1.804867792998266e-07,2.1792653569718823e-05,1.673762994869321e-07,4.357554280431941e-05,1.026945255944156e-06,3.8696214232913917e-07,4.206175071885809e-05,1.2353879355941899e-05,0.0003288238949608058,0.00018888773047365248,1.828703170758672e-05
C:/Users/KUBA/GitProjects/WKIRO-Project/data/BD004/Session1/Overground_Run/Run_Fast/Post_Process/Run_Fast4.csv,2,BD004,Session1,overground,run,fast,1,BD004,1,BD004,0.9999736547470093,2.7181384254504337e-08,0.9999736547470093,3.074263759117457e-07,1.9581148080760613e-06,3.6887804526486434e-06,1.1361919183272562e-09,2.3177411989649954e-08,3.056684590774239e-06,9.706634607198339e-09,3.653136126935408e-10,8.854232191879419e-08,1.5187301416474952e-10,2.1370755831640054e-08,2.382964339631144e-06,1.5803454971319297e-06,4.913586622024013e-07,9.581287940818584e-08,6.289417342486558e-08,6.654070716649585e-08,7.626324571852194e-11,4.232830406181165e-07,5.508142553178885e-11,7.668339208066755e-08,5.672546876667184e-09,4.1957098906308943e-10,2.7188468720851233e-06,2.6031423683292587e-09,8.090163646556903e-06,7.916918320916011e-07,3.891900917096791e-07
C:/Users/KUBA/GitProjects/WKIRO-Project/data/BD004/Session1/Overground_Walk/Walk_Slow/Post_Process/Walk_Slow1.csv,13,BD004,Session1,overground,walk,slow,1,BD004,1,BD004,0.9975199103355408,3.0278522444859846e-06,0.9975199103355408,2.1065323380753398e-05,0.00027425101143307984,7.347212522290647e-05,6.403800512089219e-07,4.738103598356247e-06,0.0010951003059744835,2.9671680294995895e-06,3.7123345464351587e-07,1.7233458493137732e-05,7.052219643810531e-07,7.386666993625113e-07,0.00019537113257683814,0.00012172083370387554,2.0904033590340987e-05,3.925530836568214e-05,2.3401369617204182e-05,1.496213735663332e-05,4.7846111073113207e-08,1.513696952315513e-05,4.818108934045995e-08,2.350717750232434e-06,1.1970385003223782e-06,3.471782576980331e-07,1.371741291222861e-05,4.620281288225669e-06,0.00029277443536557257,0.00021173464483581483,2.8215492420713417e-05
C:/Users/KUBA/GitProjects/WKIRO-Project/data/BD004/Session1/Overground_Walk/Walk_Slow/Post_Process/Walk_Slow3.csv,12,BD004,Session1,overground,walk,slow,1,BD004,1,BD004,0.9492921233177185,5.3203425522951875e-06,0.9492921233177185,5.197258360567503e-05,0.0007052688742987812,8.609484211774543e-05,1.0759372344182339e-05,1.0532006854191422e-05,0.04528504237532616,3.8200382732611615e-06,2.9340928904275643e-06,2.3161554054240696e-05,3.717908839462325e-06,1.1410522802179912e-06,0.0018271966837346554,0.00013227124873083085,0.0005069499602541327,0.00011014570918632671,0.0001358825684292242,0.00011530427582329139,6.5675703808665276e-06,6.308935553533956e-05,5.288122224555991e-07,4.932401679980103e-06,1.293826790060848e-05,1.1262617590546142e-05,1.5918778444756754e-05,9.249069262295961e-05,0.0010974770411849022,0.00034420425072312355,4.084529427927919e-05
C:/Users/KUBA/GitProjects/WKIRO-Project/data/BD004/Session1/Overground_Walk/Walk_Slow/Post_Process/Walk_Slow4.csv,13,BD004,Session1,overground,walk,slow,1,BD004,1,BD004,0.9995639324188232,3.1113361274037743e-06,0.9995639324188232,2.6619075015332783e-06,2.142051380360499e-05,1.4474653653451242e-05,5.864837060443051e-09,2.755994955805363e-06,1.7919208403327502e-05,1.0548917828145932e-07,9.045743354363367e-08,6.136650881671812e-06,2.0237818532109486e-08,8.722448114895087e-07,4.676044227380771e-06,9.663034143159166e-05,2.4745640985202044e-06,9.212223517351958e-07,3.061089444145182e-07,4.189823357592104e-06,1.2697908502445898e-08,2.780968316073995e-05,3.2660059101630168e-09,6.0940219555050135e-06,8.138353564390854e-07,6.189932832967315e-08,0.0001271890796488151,2.530300768910365e-08,6.674753240076825e-05,3.262462769271224e-06,2.5181596356560476e-05
C:/Users/KUBA/GitProjects/WKIRO-Project/data/BD004/Session1/Overground_Walk/Walk_Slow/Post_Process/Walk_Slow8.csv,9,BD004,Session1,overground,walk,slow,1,BD004,1,BD004,0.999943733215332,4.769359662759598e-08,0.999943733215332,4.539928681879246e-07,3.379663212399464e-06,4.598854502546601e-06,2.846693103464304e-09,7.788449352119642e-08,9.853607480181381e-06,4.357993788062231e-08,8.392228023623716e-10,1.463829875092415e-07,6.829260490448519e-10,8.025611464290705e-08,2.5574258870619815e-06,4.639585768018151e-06,1.1245882660659845e-06,3.0524964245159936e-07,1.92441873991811e-07,1.446015431838532e-07,2.0208082429640228e-10,1.0563811656538746e-06,4.477474224717781e-10,2.552677926814795e-07,2.0057052907418438e-08,6.18277040675963e-10,3.5731827665586025e-06,4.791055108199771e-09,2.1661397113348357e-05,9.924408459482947e-07,1.0873812925638049e-06
C:/Users/KUBA/GitProjects/WKIRO-Project/data/BD004/Session2/Overground_Run/Run_Comfortable/Post_Process/Run_Comfortable12.csv,3,BD004,Session2,overground,run,comfortable,1,BD004,1,BD004,0.9999662041664124,4.2302662706106275e-08,0.9999662041664124,3.8957759329605324e-07,2.47675234277267e-06,4.010322300018743e-06,2.2562358648059444e-09,3.29676161925363e-08,3.950387053919258e-06,1.5793110819117828e-08,5.977044970073564e-10,1.2495981138727075e-07,3.2737487720702063e-10,2.6779716222335992e-08,2.6316001822124235e-06,2.194239868913428e-06,5.749614615524479e-07,1.387102344097002e-07,1.0267557826182383e-07,8.116475669339707e-08,1.0015834689403036e-10,7.079688657540828e-07,1.0452363974344792e-10,1.647231329116039e-07,9.847423321218685e-09,5.498175803531069e-10,3.4185140975750983e-06,4.0570999892963755e-09,1.1159445421071723e-05,9.687599913377198e-07,4.5250467906043923e-07
C:/Users/KUBA/GitProjects/WKIRO-Project/data/BD004/Session2/Overground_Run/Run_Comfortable/Post_Process/Run_Comfortable6.csv,2,BD004,Session2,overground,run,comfortable,1,BD004,1,BD004,0.9999752044677734,2.6940909947370528e-08,0.9999752044677734,2.9987856464686047e-07,1.5617031294823391e-06,3.144359197904123e-06,1.065755705909055e-09,2.158739675905963e-08,2.670963112905156e-06,8.631208636700194e-09,3.38635841590218e-10,7.445773064773675e-08,1.5070937553485209e-10,2.0683103230112465e-08,2.1598784769594204e-06,1.5255016023729695e-06,4.19923281924639e-07,8.228280279354294e-08,6.183264389392207e-08,6.059136836711332e-08,6.780377648230029e-11,4.221051881359017e-07,5.538755565304143e-11,8.183872068912024e-08,5.058354624054573e-09,3.3221431161578607e-10,2.5037804789462825e-06,2.420343259146307e-09,8.580713256378658e-06,6.954063564990065e-07,3.462217250671529e-07
C:/Users/KUBA/GitProjects/WKIRO-Project/data/BD004/Session2/Overground_Run/Run_Fast/Post_Process/Run_Fast13.csv,3,BD004,Session2,overground,run,fast,1,BD004,1,BD004,0.9779248833656311,3.3196974982274696e-05,0.9779248833656311,4.9376452807337046e-05,0.007047093007713556,0.0005279104807414114,1.2385350601107348e-05,0.00012022363807773218,0.005760069936513901,2.1382724298746325e-05,2.583151626822655e-06,6.026771370670758e-05,3.091383769060485e-05,4.529518719209591e-06,0.004342858679592609,0.0003797717217821628,0.00021663731604348868,0.0004875269078183919,0.0011481413384899497,2.9720262318733148e-05,5.783214419352589e-06,6.988411769270897e-05,1.7521527979624807e-06,6.21164363110438e-05,6.346716418192955e-06,5.226003395364387e-06,3.650667713372968e-05,0.0003206655092071742,0.0009234535391442478,0.0003226198023185134,4.616992737282999e-05
C:/Users/KUBA/GitProjects/WKIRO-Project/data/BD004/Session2/Overground_Run/Run_Fast/Post_Process/Run_Fast15.csv,3,BD004,Session2,overground,run,fast,1,BD004,1,BD004,0.9906611442565918,6.497827143903123e-06,0.9906611442565918,3.7391899240901694e-05,0.0005819221260026097,0.00045359693467617035,6.595123977604089e-06,2.258596032334026e-05,0.002715473296120763,2.2186943169799633e-05,3.867439318128163e-06,3.63532017217949e-05,5.977961791359121e-06,8.177459676517174e-06,0.000470666796900332,0.0007025427767075598,0.0004821561451535672,6.798952381359413e-05,0.0001748951617628336,5.6098393542924896e-05,1.5270835547198658e-06,3.9445552829420194e-05,1.5029086171125527e-06,3.399380875634961e-05,2.4249256966868415e-06,1.8782352526613977e-06,4.986721614841372e-05,8.013491424208041e-06,0.002976109506562352,0.0003301438700873405,3.9017581002553925e-05
C:/Users/KUBA/GitProjects/WKIRO-Project/data/BD004/Session2/Overground_Run/Run_Fast/Post_Process/Run_Fast3.csv,2,BD004,Session2,overground,run,fast,1,BD004,1,BD004,0.9953014850616455,3.6707797335111536e-06,0.9953014850616455,3.5996818041894585e-05,0.00048474303912371397,0.00038896853220649064,3.065532155233086e-06,1.1779065971495584e-05,0.0010247323662042618,1.1757756510633044e-05,2.095346189889824e-06,3.919543814845383e-05,1.75695151938271e-06,7.419094799843151e-06,0.00037251709727570415,0.00042621255852282047,0.00021793122868984938,3.411223951843567e-05,9.255740587832406e-05,2.3153346774051897e-05,4.5970108430992696e-07,4.4592547055799514e-05,4.392768460093066e-07,2.4095928893075325e-05,2.435329406580422e-06,6.628784490203543e-07,4.91671817144379e-05,4.683007773564896e-06,0.0011161965085193515,0.0002465082216076553,2.764116106845904e-05
C:/Users/KUBA/GitProjects/WKIRO-Project/data/BD004/Session2/Overground_Run/Run_Fast/Post_Process/Run_Fast5.csv,3,BD004,Session2,overground,run,fast,1,BD004,1,BD004,0.8827608227729797,3.572625064407475e-05,0.8827608227729797,0.002406562212854624,0.0007434207363985479,0.0018340818351134658,9.08081801753724e-06,4.3176612962270156e-05,0.005865603685379028,1.1587988410610706e-05,2.5757704861462116e-05,0.00041357052396051586,1.2442058505257592e-05,4.164308120380156e-05,0.07312963902950287,0.0008120883139781654,0.00042208287050016224,6.309366290224716e-05,0.008192963898181915,0.0002069235051749274,7.366475983872078e-06,0.0003586751699913293,3.915420165867545e-06,0.00012991965922992676,1.625533332116902e-05,2.5078695671254536e-06,0.0005249791429378092,0.0004747266648337245,0.020639188587665558,0.0007600882090628147,5.210444578551687e-05
C:/Users/KUBA/GitProjects/WKIRO-Project/data/BD004/Session2/Overground_Walk/Walk_Comfortable/Post_Process/Walk_Comfortable1.csv,5,BD004,Session2,overground,walk,comfortable,1,BD004,1,BD004,0.9946613311767578,3.3599631024117116e-06,0.9946613311767578,4.151103348704055e-05,0.00022518560581374913,0.00011088875180575997,2.4181501885323087e-06,9.249205504602287e-06,0.002279648557305336,6.520288479805458e-06,1.4276796491685673e-06,2.2956766770221293e-05,1.917602730827639e-06,2.1322762222553138e-06,0.00032072520116344094,0.0002806279226206243,0.00010428544919705018,4.147991421632469e-05,7.066909165587276e-05,4.7605626605218276e-05,2.9086760378049803e-07,1.9727222024812363e-05,3.6103372735851735e-07,6.117601969890529e-06,1.7252957604796393e-06,9.70852852333337e-07,1.980500019271858e-05,6.162792033137521e-06,0.001488203415647149,0.00018233903392683715,4.0239767258754e-05
C:/Users/KUBA/GitProjects/WKIRO-Project/data/BD004/Session2/Overground_Walk/Walk_Fast/Post_Process/Walk_Fast2.csv,4,BD004,Session2,overground,walk,fast,1,BD004,1,BD004,0.9999645948410034,4.618019744384583e-08,0.9999645948410034,3.654095905858412e-07,3.1936297091306187e-06,4.737983545055613e-06,2.127390930084516e-09,3.369691015109311e-08,4.900554813502822e-06,1.941610250355552e-08,6.230412297192345e-10,1.4596562891711073e-07,4.232314776420054e-10,2.6509349382308756e-08,2.355888227612013e-06,2.523600187487318e-06,5.731726560043171e-07,1.59360638463113e-07,1.045113577902157e-07,7.44799280028019e-08,9.666728528756607e-11,7.472727929780376e-07,1.0826275986808298e-10,1.60333300414095e-07,1.192554854867467e-08,6.398651608563455e-10,3.4105023587471806e-06,4.836954836662244e-09,1.0109180948347785e-05,1.1567805131562636e-06,5.126942141941981e-07
C:/Users/KUBA/GitProjects/WKIRO-Project/data/BD004/Session2/Treadmill_Walk/Treadmill_Walk_Slow/Post_Process/Treadmill_Walk_Slow.csv,120,BD004,Session2,treadmill,walk,slow,1,BD004,1,BD004,0.9999734163284302,3.096430845062059e-08,0.9999734163284302,2.9824087732777116e-07,2.0939260139130056e-06,3.4594725093484158e-06,1.5062372460405982e-09,2.1544934725170606e-08,2.9236737191240536e-06,1.0129704186567778e-08,3.719366759025178e-10,8.79212009863295e-08,1.8780224597669815e-10,2.26666561076172e-08,2.2674298634228762e-06,1.8229454781248933e-06,4.422451809205086e-07,1.0808780359639059e-07,7.753472885951851e-08,6.692652476658623e-08,7.026069309690186e-11,6.097556024542428e-07,7.321962480766331e-11,1.0699362462673889e-07,6.3470779743113326e-09,3.5853311985967196e-10,2.546966243244242e-06,2.952702748970637e-09,8.43299858388491e-06,7.058351911837235e-07,3.64912068562262e-07
C:/Users/KUBA/GitProjects/WKIRO-Project/data/BL025/Session1/Overground_Run/Run_Comfortable/Post_Process/Run_Comfortable2.csv,3,BL025,Session1,overground,run,comfortable,2,BL025,2,BL025,0.9998071789741516,2.2898855434050347e-07,4.4248744757169334e-07,0.9998071789741516,1.7743593261343449e-09,4.616244950739201e-07,3.871057785431731e-08,4.259854620158876e-07,2.1507412384380586e-06,1.2015550332478142e-08,1.550776323711034e-05,1.3496748579200357e-05,1.2443595487354742e-08,1.4553239452652633e-05,1.8512246242607944e-05,2.07678869657002e-08,4.772803663399827e-08,1.504841549149205e-07,3.359621132403845e-07,2.4378545276704244e-05,4.4832154344476294e-07,9.514487686601569e-08,3.5577570542955073e-06,1.1729138549299023e-08,1.2164110557932872e-05,5.3398782284830304e-08,1.704138412605971e-05,4.274014281691052e-05,1.2063618441970902e-06,5.568877554651408e-07,2.4109067453537136e-05
C:/Users/KUBA/GitProjects/WKIRO-Project/data/BL025/Session1/Overground_Run/Run_Comfortable/Post_Process/Run_Comfortable8.csv,3,BL025,Session1,overground,run,comfortable,2,BL025,2,BL025,0.9997882843017578,2.5432026973248867e-07,4.930624868393352e-07,0.9997882843017578,2.807339249955021e-09,4.067985628353199e-07,5.552897164307069e-08,4.963339392816124e-07,2.7021194455301156e-06,1.1688737089343704e-08,1.7469814338255674e-05,1.705990689515602e-05,1.3864490888693126e-08,1.2478955795813818e-05,2.218290865130257e-05,2.171256063832061e-08,5.8342106257214255e-08,1.8049711059120455e-07,4.146706089613872e-07,2.549855526012834e-05,5.871458483852621e-07,1.1885600770256133e-07,3.2810696666274453e-06,1.592953147167009e-08,1.3939264135842677e-05,7.510205790595137e-08,1.655176492931787e-05,5.0607952289283276e-05,1.331632574874675e-06,5.853176503478608e-07,2.4936480258475058e-05
C:/Users/KUBA/GitProjects/WKIRO-Project/data/BL025/Session1/Overground_Run/Run_Fast/Post_Process/Run_Fast1.csv,2,BL025,Session1,overground,run,fast,2,BL025,2,BL025,0.997096061706543,1.767973799360334e-06,9.329216482001357e-06,0.997096061706543,4.3208160604990553e-07,1.841931589297019e-05,1.17772788144066e-06,5.6147891882574186e-06,7.614988862769678e-05,2.017117424202297e-07,0.000752876338083297,7.990120502654463e-05,5.088609782433196e-07,0.00021757540525868535,0.0006664758548140526,3.8517057987519365e-07,1.0530529834795743e-05,1.660862722019374e-06,2.607094938866794e-05,4.198614624328911e-05,8.206852726289071e-06,1.0914915947068948e-05,5.462276021717116e-05,3.644273647296359e-06,0.00013508539996109903,8.726049145479919e-07,0.0003094133862759918,0.00034674815833568573,1.747623537085019e-05,2.9656291644641897e-06,0.00010295523679815233
C:/Users/KUBA/GitProjects/WKIRO-Project/data/BL025/Session1/Overground_Walk/Walk_Comfortable/Post_Process/Walk_Comfortable6.csv,6,BL025,Session1,overground,walk,comfortable,2,BL025,2,BL025,0.999825656414032,1.3096554596359056e-07,3.1944068723532837e-07,0.999825656414032,1.227831725181261e-09,3.6255633517612296e-07,2.2971731183929478e-08,1.5224939886593347e-07,2.1625321551255183e-06,4.85701701080643e-09,1.4915359315637033e-05,9.549682545184623e-06,7.394620027412202e-09,1.297956350754248e-05,2.0480363673414104e-05,1.24516548183351e-08,3.8252125023063854e-08,1.1684926448651822e-07,2.951931890038395e-07,3.193487646058202e-05,4.0808183143781207e-07,9.81546648404219e-08,3.3178087051055627e-06,3.4601272957957008e-09,6.555165327881696e-06,2.8376426541854016e-08,9.982371011574287e-06,4.0696788346394897e-05,9.060233878699364e-07,5.966961111880664e-07,1.825872459448874e-05
C:/Users/KUBA/GitProjects/WKIRO-Project/data/BL025/Session1/Overground_Walk/Walk_Fast/Post_Process/Walk_Fast4.csv,5,BL025,Session1,overground,walk,fast,2,BL025,2,BL025,0.9998092651367188,1.4321480534817965e-07,2.6660876528694644e-07,0.9998092651367188,1.5862282598533284e-09,2.6305951905669644e-07,3.2691112039628933e-08,1.756473295699834e-07,2.3538846107840072e-06,5.051588480853297e-09,1.612708183529321e-05,1.197360506921541e-05,7.366236509653845e-09,1.1067209015891422e-05,2.1264160750433803e-05,1.1377923492261743e-08,3.9933944151471223e-08,1.435973757679676e-07,2.625115769205877e-07,3.6231351259630173e-05,4.954384280608792e-07,1.0679839590466145e-07,2.538128001106088e-06,4.042298051842863e-09,9.506738933851011e-06,4.116041552038041e-08,9.624594895285554e-06,4.9476424464955926e-05,7.66212565395108e-07,6.824840852459602e-07,1.7225309420609847e-05
C:/Users/KUBA/GitProjects/WKIRO-Project/data/BL025/Session1/Overground_Walk/Walk_Fast/Post_Process/Walk_Fast7.csv,5,BL025,Session1,overground,walk,fast,2,BL025,2,BL025,0.9980913400650024,1.854344418461551e-06,1.164391142083332e-05,0.9980913400650024,1.0360427893374435e-07,4.441117198439315e-05,2.511958996365138e-07,2.604201199574163e-06,1.2399968909448944e-05,2.5381490331710665e-07,0.00016160649829544127,7.547265704488382e-05,1.2404595395310025e-07,0.00022406279458664358,0.0003246180131100118,3.320142809570825e-07,3.7922618503216654e-06,9.301831482844136e-07,9.474200851400383e-06,2.397958087385632e-05,1.507182219029346e-06,3.4109532407455845e-06,1.9129000065731816e-05,2.231491180282319e-06,4.1548879380570725e-05,1.6859070228747441e-07,0.0007521093357354403,7.918460323708132e-05,2.1006855604355223e-05,2.739629962889012e-06,8.769011037657037e-05
C:/Users/KUBA/GitProjects/WKIRO-Project/data/BL025/Session1/Overground_Walk/Walk_Fast/Post_Process/Walk_Fast8.csv,5,BL025,Session1,overground,walk,fast,2,BL025,2,BL025,0.9998218417167664,1.5367521655207383e-07,3.304921278868278e-07,0.9998218417167664,1.2887529932115172e-09,3.701320849813783e-07,2.5077188325894895e-08,1.5890192628376099e-07,2.3459422209270997e-06,4.906241635183051e-09,1.455318670195993e-05,1.2410921044647694e-05,6.83149270486183e-09,1.1683559932862408e-05,2.3074177079251967e-05,1.1701804858432752e-08,4.324166269498164e-08,1.3239635165973596e-07,2.577460804786824e-07,3.174259472871199e-05,3.9383348848787136e-07,1.0976356179526192e-07,2.991768269566819e-06,4.182097335103663e-09,7.281917987711495e-06,3.0974753428836266e-08,1.1664697012747638e-05,3.9613958506379277e-05,9.145533113041893e-07,5.925572850173921e-07,1.7331087292404845e-05
C:/Users/KUBA/GitProjects/WKIRO-Project/data/BL025/Session1/Overground_Walk/Walk_Slow/Post_Process/Walk_Slow1.csv,10,BL025,Session1,overground,walk,slow,2,BL025,2,BL025,0.9982755780220032,1.6524627426406369e-06,9.92789318843279e-06,0.9982755780220032,8.241379134688032e-08,3.7168159906286746e-05,2.2894236906267906e-07,2.2481822270492557e-06,1.2119295206503011e-05,2.1124756699464342e-07,0.00015196549065876752,6.042072709533386e-05,1.1586357828718974e-07,0.00019562433590181172,0.00030154496198520064,2.681554462924396e-07,3.403230493859155e-06,8.219956839639053e-07,8.871676072885748e-06,2.3729216991341673e-05,1.431095483894751e-06,2.8895196919620503e-06,1.8039801943814382e-05,1.8102258536600857e-06,3.7741636333521456e-05,1.6061923702181957e-07,0.0006648375419899821,8.057356171775609e-05,2.0208088244544342e-05,2.45245200858335e-06,8.39357526274398e-05
C:/Users/KUBA/GitProjects/WKIRO-Project/data/BL025/Session1/Treadmill_Walk/Treadmill_Walk_Fast/Post_Process/Treadmill_Walk_Fast.csv,122,BL025,Session1,treadmill,walk,fast,2,BL025,2,BL025,0.9998331665992737,1.5021159072148293e-07,3.657562217540544e-07,0.9998331665992737,1.0927944105176834e-09,4.319067556934897e-07,1.995060294746054e-08,1.7765501070243772e-07,2.012568984355312e-06,5.6309432672208e-09,1.4251234460971318e-05,9.478136234974954e-06,7.916816535669113e-09,1.3707749531022273e-05,1.980277374968864e-05,1.3622344141595022e-08,3.8649453415473545e-08,1.0786202864210281e-07,2.9609876150971104e-07,2.7640568077913485e-05,3.400047603463463e-07,9.144891777168596e-08,3.5783721159532433e-06,4.4065604498655375e-09,6.251997092476813e-06,2.5327668851105045e-08,1.1920163160539232e-05,3.547775122569874e-05,1.0104222383233719e-06,5.427114615486062e-07,1.90930313692661e-05
C:/Users/KUBA/GitProjects/WKIRO-Project/data/BL025/Session2/Overground_Run/Run_Comfortable/Post_Process/Run_Comfortable2.csv,3,BL025,Session2,overground,run,comfortable,2,BL025,2,BL025,0.9997771382331848,3.1049668791638396e-07,6.804677923355484e-07,0.9997771382331848,3.265886450165567e-09,4.924923473481613e-07,6.084438552989013e-08,6.356377184602024e-07,2.931754579549306e-06,1.4667450365379864e-08,1.9046305169467814e-05,1.9418423107708804e-05,1.7009654129651608e-08,1.2347210031293798e-05,2.4493800083291717e-05,2.920312169862882e-08,6.53943175166205e-08,1.8199996532075602e-07,5.289667228680628e-07,2.4827189918141812e-05,5.810408651996113e-07,1.283824389020083e-07,3.6936573906132253e-06,2.4257504449565204e-08,1.2932940990140196e-05,8.300929721372086e-08,1.925404831126798e-05,4.9069505621446297e-05,1.7510519683128223e-06,5.575985255745763e-07,2.8734519219142385e-05
C:/Users/KUBA/GitProjects/WKIRO-Project/data/BL025/Session2/Overground_Run/Run_Fast/Post_Process/Run_Fast3.csv,2,BL025,Session2,overground,run,fast,2,BL025,2,BL025,0.96721351146698,8.26369614514988e-06,8.010789315449074e-05,0.96721351146698,5.457120278151706e-05,0.0002915232034865767,0.00014572787040378898,2.0134271835559048e-05,0.0005277974414639175,7.06703440300771e-06,0.012075445614755154,0.0004295066464692354,6.683846731903031e-05,0.0008021595422178507,0.005973969120532274,5.2700279411510564e-06,0.0002465591242071241,2.0363919247756712e-05,0.0033802390098571777,0.00011252306285314262,3.141588967991993e-05,0.0004001423658337444,0.0017324951477348804,0.00028408769867382944,0.0007963391253724694,1.3222695997683331e-05,0.0010981655213981867,0.003884144127368927,7.375923451036215e-05,1.5584175343974493e-05,0.00020910492457915097
C:/Users/KUBA/GitProjects/WKIRO-Project/data/BL025/Session2/Overground_Run/Run_Fast/Post_Process/Run_Fast5.csv,1,BL025,Session2,overground,run,fast,2,BL025,2,BL025,0.9882856607437134,7.422044291161001e-06,8.218021685024723e-05,0.9882856607437134,3.1516922263108427e-06,0.00016702238644938916,3.3473081657575676e-06,9.212080476572737e-05,0.0004850230470765382,6.72331543682958e-06,0.0006361099658533931,0.0002661290636751801,2.657597633515252e-06,0.002477958332747221,0.0017082728445529938,1.2677515769610181e-05,0.00020416716870386153,3.1610106816515326e-05,0.00014154579548630863,0.00029609192279167473,5.225295535637997e-05,4.794397682417184e-05,0.0007021859637461603,3.897639544447884e-05,0.0009010090725496411,2.275564838782884e-06,0.0017226843629032373,0.0004004098882433027,0.00025628210278227925,7.487464699806878e-06,0.0009586555534042418
C:/Users/KUBA/GitProjects/WKIRO-Project/data/BL025/Session2/Overground_Walk/Walk_Fast/Post_Process/Walk_Fast6.csv,3,BL025,Session2,overground,walk,fast,2,BL025,2,BL025,0.9998118281364441,1.7274986419124616e-07,3.760149809295399e-07,0.9998118281364441,1.6122010393360142e-09,2.821192595092725e-07,3.7454444878903814e-08,2.748763847648661e-07,2.4017917894525453e-06,6.758777093551771e-09,1.736496778903529e-05,1.238770619238494e-05,1.064153209995311e-08,1.0888259566854686e-05,1.9926426830352284e-05,1.5875363246209417e-08,4.1830077179838554e-08,1.1655676956934258e-07,3.6871117004011467e-07,3.2527517760172486e-05,5.096423478789802e-07,9.180033089251083e-08,2.9438040201057447e-06,6.81132306112886e-09,8.787180377112236e-06,5.031682803746662e-08,1.0216906048299279e-05,4.594588608597405e-05,1.1301129916319042e-06,5.388165504882636e-07,2.0793866497115232e-05
C:/Users/KUBA/GitProjects/WKIRO-Project/data/BL025/Session2/Overground_Walk/Walk_Slow/Post_Process/Walk_Slow5.csv,10,BL025,Session2,overground,walk,slow,2,BL025,2,BL025,0.9981708526611328,1.6552969555050367e-06,1.068049550667638e-05,0.9981708526611328,8.911690940749395e-08,3.5416625905781984e-05,2.3133468118885503e-07,2.2038643692212645e-06,1.3308027519087773e-05,2.1450171061587753e-07,0.00015641379286535084,5.9285590396029875e-05,1.246661440745811e-07,0.0001764647022355348,0.00037262123078107834,2.883914760332118e-07,3.680569761854713e-06,9.132990044236067e-07,9.600642442819662e-06,3.090587051701732e-05,1.4812766266913968e-06,2.7954220058745705e-06,1.7786489479476586e-05,1.5885549373706453e-06,3.7844100006623194e-05,1.720015916362172e-07,0.0007031064596958458,8.791375148575753e-05,2.3069891540217213e-05,2.50392281486711e-06,7.680358248762786e-05
C:/Users/KUBA/GitProjects/WKIRO-Project/data/CF027/Session1/Overground_Run/Run_Comfortable/Post_Process/Run_Comfortable3.csv,3,CF027,Session1,overground,run,comfortable,3,CF027,3,CF027,0.9995877742767334,9.21855303204211e-08,9.475078513787594e-06,1.7482303382720943e-09,0.9995877742767334,1.9506126136548119e-07,1.3522808330890257e-06,1.9539300410542637e-05,7.437596991621831e-07,4.636164248950081e-06,1.051043057032075e-07,8.259768833340786e-07,1.0264051525155082e-05,1.0587613452628375e-08,4.0126583371602464e-06,1.4855442714178935e-05,7.654610385543492e-07,0.00014764345542062074,7.940849172882736e-06,8.935628414974417e-08,1.1266939736742643e-07,7.740261480648769e-07,9.43755029680915e-09,1.778673777153017e-06,5.309401558406535e-07,0.00018336482753511518,6.586912348893748e-08,2.05723927138024e-06,1.3219382255513779e-09,2.139900772135661e-07,7.969424586917739e-07
C:/Users/KUBA/GitProjects/WKIRO-Project/data/CF027/Session1/Overground_Run/Run_Fast/Post_Process/Run_Fast6.csv,2,CF027,Session1,overground,run,fast,3,CF027,3,CF027,0.8092879056930542,1.300060603171005e-06,8.667972906550858e-06,2.3716259534012352e-07,0.8092879056930542,7.873050890339073e-06,4.722512676380575e-05,0.009343340992927551,4.7562057261529844e-06,0.002149541163817048,9.173875241685892e-07,7.512804131692974e-06,5.908549792366102e-05,2.4493951968906913e-06,1.9778244677581824e-05,7.378683949355036e-05,8.123894076561555e-05,0.050518255680799484,2.3369273094431264e-06,9.06881905393675e-06,6.052881417417666e-06,3.521522330629523e-06,6.073877102608094e-06,7.869306864449754e-05,0.00023853423772379756,0.12784814834594727,1.9020467334485147e-06,2.541407047829125e-05,5.794511537260405e-09,4.286488092475338e-06,0.0001621597184566781
C:/Users/KUBA/GitProjects/WKIRO-Project/data/CF027/Session1/Overground_Run/Run_Fast/Post_Process/Run_Fast8.csv,1,CF027,Session1,overground,run,fast,3,CF027,3,CF027,0.9986009001731873,3.0363409564415633e-07,1.239989978785161e-05,3.5003404619260436e-09,0.9986009001731873,4.1372317127752467e-07,5.078795766166877e-06,0.00011305770749459043,8.755831117923663e-07,3.3579464798094705e-05,1.0468783528949643e-07,4.765043740917463e-06,3.922305040759966e-05,2.261189457897217e-08,5.815725671709515e-06,1.4890073543938342e-05,1.5384424614239833e-06,0.00022531604918185622,4.9427089834352955e-06,1.8992058414823987e-07,1.562734581739278e-07,8.865532663548947e-07,2.033042534321794e-08,4.063291726197349e-06,5.514999884326244e-06,0.0009210528223775327,1.5714398671207164e-07,3.1931915600580396e-06,1.6496887189632048e-09,2.725238630318927e-07,1.3282672171044396e-06
C:/Users/KUBA/GitProjects/WKIRO-Project/data/CF027/Session1/Overground_Walk/Walk_Comfortable/Post_Process/Walk_Comfortable8.csv,7,CF027,Session1,overground,walk,comfortable,3,CF027,3,CF027,0.9936379790306091,2.4085254608507967e-06,3.101178663200699e-05,2.39536518620298e-07,0.9936379790306091,2.2947619982005563e-06,0.00014458861551247537,0.0023223808966577053,3.008820613104035e-06,0.0003020523872692138,1.0031505553342868e-05,0.00011672893015202135,0.000686979852616787,1.4138291817289428e-06,3.255599949625321e-05,3.0121891541057266e-05,6.412557468138402e-06,0.0004812196712009609,0.0001115680715884082,1.1950542102567852e-06,4.3394443309807684e-06,4.509863629209576e-06,2.294632679422648e-07,0.00015854972298257053,1.917113877425436e-05,0.0018155245343223214,5.975984436190629e-07,3.836837277049199e-05,4.7950965864629325e-08,2.143827941836207e-06,3.2404004741692916e-05
C:/Users/KUBA/GitProjects/WKIRO-Project/data/CF027/Session1/Overground_Walk/Walk_Fast/Post_Process/Walk_Fast6.csv,3,CF027,Session1,overground,walk,fast,3,CF027,3,CF027,0.9998297691345215,2.3999133347274437e-08,8.600412002124358e-06,1.1500697061350706e-09,0.9998297691345215,1.5024188826373575e-07,5.211315396991267e-07,7.779348379699513e-06,6.62797731365572e-07,1.4251587572289282e-06,2.7777815603258205e-08,7.046826908663206e-07,3.8059290545788826e-06,4.438638345760637e-09,3.766856252696016e-06,7.722205737081822e-06,2.8765853699042054e-07,5.8654710301198065e-05,5.598013103735866e-06,3.6677082704272834e-08,5.1125454092471045e-08,6.909074841132679e-07,5.94270721521184e-09,4.3295622731420735e-07,4.515133014137973e-07,6.649687566095963e-05,1.6976706262994412e-08,1.670274627940671e-06,4.6525883146131264e-10,8.745438861978982e-08,5.777696401310095e-07
C:/Users/KUBA/GitProjects/WKIRO-Project/data/CF027/Session1/Treadmill_Walk/Treadmill_Walk_Fast/Post_Process/Treadmill_Walk_Fast.csv,120,CF027,Session1,treadmill,walk,fast,3,CF027,3,CF027,0.9998363256454468,2.1437632113929794e-08,8.59558622323675e-06,1.024783258252171e-09,0.9998363256454468,1.3427805356514e-07,4.619219566848187e-07,7.295932846318465e-06,6.219790407158143e-07,1.2850580333179096e-06,2.2451285275337796e-08,6.053748506928969e-07,3.1149352253123652e-06,4.22884349760011e-09,3.651359747891547e-06,7.488896244467469e-06,2.6470897296348994e-07,5.918852912145667e-05,4.841690497414675e-06,3.451079066962848e-08,4.6083172833277786e-08,6.364601290442806e-07,5.23145216035914e-09,3.624322459927498e-07,3.831049184555013e-07,6.251715967664495e-05,1.443928265842942e-08,1.4878495449011098e-06,4.302395384403468e-10,7.966227855149555e-08,5.411983465819503e-07
C:/Users/KUBA/GitProjects/WKIRO-Project/data/CF027/Session2/Overground_Run/Run_Comfortable/Post_Process/Run_Comfortable3.csv,3,CF027,Session2,overground,run,comfortable,3,CF027,3,CF027,0.9900215268135071,4.160571279498981e-06,4.29233223258052e-05,4.27881218456605e-07,0.9900215268135071,3.963178187404992e-06,0.00018920046568382531,0.004615988582372665,3.5214216040913016e-06,0.0004556604253593832,1.0633056263031904e-05,0.00013061013305559754,0.0006612310535274446,2.639647163960035e-06,4.535969128482975e-05,5.231747854850255e-05,1.087251348508289e-05,0.0009054473484866321,0.0001264379679923877,1.8889877537731081e-06,5.972422513877973e-06,5.664210675604409e-06,3.735448501629435e-07,0.00020630232756957412,3.134248254355043e-05,0.002351840026676655,1.0869036941585364e-06,5.612083259620704e-05,8.455774747062605e-08,3.3520943816256477e-06,5.302668796502985e-05
C:/Users/KUBA/GitProjects/WKIRO-Project/data/CF027/Session2/Overground_Run/Run_Fast/Post_Process/Run_Fast3.csv,2,CF027,Session2,overground,run,fast,3,CF027,3,CF027,0.6659097671508789,3.246470805606805e-05,0.0006148872198536992,7.04840786056593e-05,0.6659097671508789,0.00038047926500439644,0.0012132833944633603,0.022764205932617188,2.449452040309552e-05,0.1362115442752838,3.259415098000318e-05,0.0002865894930437207,0.0008609630167484283,0.000294991594273597,0.0002291843993589282,0.0010333696845918894,0.0006427783519029617,0.15722864866256714,0.0002902839914895594,0.00016385134949814528,2.788313759083394e-05,6.85735449224012e-06,3.7477046134881675e-05,0.0003748297458514571,0.0001844447833718732,0.004565274342894554,0.00014387180272024125,0.0002118400443578139,3.4773834158841055e-06,5.699483153875917e-05,0.0061022513546049595
C:/Users/KUBA/GitProjects/WKIRO-Project/data/CF027/Session2/Overground_Run/Run_Fast/Post_Process/Run_Fast6.csv,2,CF027,Session2,overground,run,fast,3,CF027,3,CF027,0.9394618272781372,9.697449598888852e-08,6.793459760956466e-06,4.4700026791133496e-08,0.9394618272781372,4.236305358062964e-06,1.158369650511304e-05,1.240447090822272e-05,4.851959602092393e-06,0.0009042051387950778,9.181283076031832e-07,6.716716143273516e-07,1.1913471098523587e-05,3.0884234547556844e-06,1.0503717930987477e-05,1.877259273896925e-05,3.228613786632195e-05,0.05921265482902527,3.2280731829814613e-06,5.83704786549788e-06,3.8547904068764183e-07,2.5187594019371318e-06,2.851820909199887e-06,2.5856024876702577e-07,6.844544259365648e-06,0.00023594369122292846,1.7046970697265351e-06,1.14702543214662e-05,7.871144847015898e-10,2.022344688157318e-06,3.0135137421893887e-05
C:/Users/KUBA/GitProjects/WKIRO-Project/data/CF027/Session2/Overground_Run/Run_Fast/Post_Process/Run_Fast7.csv,2,CF027,Session2,overground,run,fast,3,CF027,3,CF027,0.9759634733200073,7.170413482526783e-06,9.3652299256064e-05,2.4196417598432163e-06,0.9759634733200073,1.2898056411358994e-05,0.0007960823713801801,0.0075615583918988705,1.4750181435374543e-05,0.0015061198500916362,1.7334328731521964e-05,0.00015114853158593178,0.0007874497096054256,5.098513156553963e-06,0.00015073313261382282,0.00010252994979964569,6.295627827057615e-05,0.005087004043161869,0.0002423968107905239,5.999334462103434e-06,1.1767951946239918e-05,7.906902283139061e-06,2.544285962358117e-06,0.00028844183543697,9.26046195672825e-05,0.006660453975200653,2.0977242911612848e-06,0.00021235195163171738,2.962343614854035e-07,1.067165703716455e-05,0.00014014395128469914
C:/Users/KUBA/GitProjects/WKIRO-Project/data/CF027/Session2/Overground_Walk/Walk_Comfortable/Post_Process/Walk_Comfortable4.csv,5,CF027,Session2,overground,walk,comfortable,3,CF027,3,CF027,0.9997776746749878,3.3393234843970276e-08,1.0494356502022129e-05,2.1108355063859108e-09,0.9997776746749878,2.221666761670349e-07,8.07830303983792e-07,1.0190180546487682e-05,1.018671923702641e-06,1.922139745147433e-06,4.249893592600529e-08,1.0663677585398545e-06,5.234317995927995e-06,6.265687968465272e-09,5.075002718513133e-06,9.587914973963052e-06,4.795267045665241e-07,7.782490865793079e-05,7.742758498352487e-06,4.950265974912327e-08,8.60262190371941e-08,9.180604365610634e-07,1.077114131220469e-08,6.063045248083654e-07,6.757027790627035e-07,8.461062679998577e-05,2.6838833377951232e-08,2.6513739612710197e-06,8.08013378428285e-10,1.443695225589181e-07,7.868928264542774e-07
C:/Users/KUBA/GitProjects/WKIRO-Project/data/CF027/Session2/Overground_Walk/Walk_Fast/Post_Process/Walk_Fast8.csv,4,CF027,Session2,overground,walk,fast,3,CF027,3,CF027,0.9998313188552856,2.295025147702745e-08,8.396556950174272e-06,1.1000873545441436e-09,0.9998313188552856,1.5006921216809133e-07,5.10823895183421e-07,8.12369671621127e-06,6.328592121462862e-07,1.5862839291003183e-06,2.7579071470995586e-08,7.262123062901082e-07,3.990974164480576e-06,4.3515799852400505e-09,3.50448181052343e-06,7.096420176821994e-06,2.943125991805573e-07,5.369248174247332e-05,5.568771030084463e-06,3.503449264030678e-08,4.915801099514283e-08,6.318377359093574e-07,5.750123044379052e-09,4.431057050169329e-07,4.755329143790732e-07,7.04393460182473e-05,1.7434008015015934e-08,1.5915068161120871e-06,4.440207646005945e-10,8.253560679349903e-08,5.726614631385019e-07
C:/Users/KUBA/GitProjects/WKIRO-Project/data/CF027/Session2/Overground_Walk/Walk_Slow/Post_Process/Walk_Slow5.csv,9,CF027,Session2,overground,walk,slow,3,CF027,3,CF027,0.9925552010536194,2.787169250950683e-06,3.802643186645582e-05,3.1648727372157737e-07,0.9925552010536194,2.914255901487195e-06,0.0001577822695253417,0.002882725792005658,2.9307852855708916e-06,0.0004319858271628618,1.0371200914960355e-05,0.00010927234689006582,0.0006478326977230608,1.756658321028226e-06,4.32875967817381e-05,3.99927630496677e-05,9.548733942210674e-06,0.0007608305313624442,0.00011349372653057799,1.6392091310990509e-06,4.21387039750698e-06,4.556741714623058e-06,2.951574913367949e-07,0.00016084255184978247,2.2389929654309526e-05,0.0019150014268234372,9.017193178806338e-07,4.196506051812321e-05,7.223166420544658e-08,2.586082246125443e-06,3.4506068914197385e-05
C:/Users/KUBA/GitProjects/WKIRO-Project/data/CF027/Session2/Treadmill_Run/Treadmill_Run_Comfortable/Post_Process/Treadmill_Run_Comfortable.csv,120,CF027,Session2,treadmill,run,comfortable,3,CF027,3,CF027,0.9998377561569214,2.0314898208084742e-08,8.340051863342524e-06,1.1428812340952277e-09,0.9998377561569214,1.4557879524090822e-07,4.677370668559888e-07,7.881843885115813e-06,6.150752369649126e-07,1.5879905959081952e-06,3.006081428225116e-08,6.581444154107885e-07,3.86361080018105e-06,4.6243173734694665e-09,3.367591943970183e-06,6.9737056946905795e-06,3.2072753697320877e-07,5.133178274263628e-05,5.713569862564327e-06,3.175082596840184e-08,4.753794513590037e-08,6.297186700976454e-07,5.864807306465991e-09,4.295692122013861e-07,4.2793053012246673e-07,6.717664655297995e-05,1.7925284367947825e-08,1.5067121239553671e-06,4.910817308356741e-10,8.632969183963723e-08,5.348352942746715e-07
C:/Users/KUBA/GitProjects/WKIRO-Project/data/CL007/Session1/Overground_Run/Run_Fast/Post_Process/Run_Fast4.csv,3,CL007,Session1,overground,run,fast,4,CL007,4,CL007,0.9998829960823059,1.3303650803209166e-06,1.75887259956653e-06,3.2946044825621357e-07,3.9680932673036295e-07,0.9998829960823059,7.087110343029224e-10,2.2620405548678946e-09,1.278627053125092e-07,7.579463385809504e-07,1.3410148547166045e-08,3.613244552980177e-05,5.773646307716263e-07,6.113682502473239e-07,4.4700173020828515e-06,3.263130210484633e-08,4.367340622479787e-08,2.8951850694625136e-08,5.426788902695989e-06,7.490950082456038e-10,2.7637490074283733e-09,5.875598958482442e-07,2.613082017433044e-07,5.336874551176152e-07,3.828550234175054e-06,8.460513539754189e-11,1.9247740056016482e-05,3.772288982872851e-05,5.773368894068653e-09,2.643317202455364e-06,5.282366188907872e-08
C:/Users/KUBA/GitProjects/WKIRO-Project/data/CL007/Session1/Overground_Run/Run_Fast/Post_Process/Run_Fast6.csv,2,CL007,Session1,overground,run,fast,4,CL007,4,CL007,0.9998915195465088,1.3211741816121503e-06,2.462407110215281e-06,2.9705657311751565e-07,3.974364517489448e-07,0.9998915195465088,7.188770689836588e-10,1.947724204143242e-09,1.6548963799323246e-07,6.864110559945402e-07,1.2937547921865189e-08,2.8251317417016253e-05,4.945325144944945e-07,4.7089139343370334e-07,5.066604899184313e-06,3.50449127495267e-08,4.854953061794731e-08,3.5882514737295423e-08,5.804638931294903e-06,8.333144174699214e-10,1.8979524618600863e-09,6.578299576176505e-07,2.248180663855237e-07,4.4503860863187583e-07,3.7155268728383817e-06,7.204607049837719e-11,2.1128767912159674e-05,3.321675831102766e-05,7.399224788429137e-09,3.4820038763427874e-06,5.2821754081833205e-08
C:/Users/KUBA/GitProjects/WKIRO-Project/data/CL007/Session1/Overground_Run/Run_Fast/Post_Process/Run_Fast7.csv,2,CL007,Session1,overground,run,fast,4,CL007,4,CL007,0.9983606338500977,2.071304334094748e-05,2.7296315238345414e-05,1.2021720976918004e-05,5.277647233015159e-06,0.9983606338500977,6.44488054035719e-08,8.0211009390041e-08,1.526046162325656e-06,2.0532514099613763e-05,8.86621762674622e-08,0.0001439168700017035,3.954850399168208e-06,1.7856552858575014e-06,3.807258326560259e-05,5.395883704295557e-07,2.2934008825359342e-07,2.2838960376247996e-06,6.641586514888331e-05,9.92222304319057e-09,1.5820461385374074e-08,3.160208052577218e-06,3.62818946086918e-06,5.250993126537651e-06,4.153096961090341e-05,2.6417357190666735e-09,7.929668936412781e-05,0.0011041511315852404,1.3407817789357068e-07,5.421440437203273e-05,3.1851118365011644e-06
C:/Users/KUBA/GitProjects/WKIRO-Project/data/CL007/Session1/Overground_Walk/Walk_Comfortable/Post_Process/Walk_Comfortable2.csv,4,CL007,Session1,overground,walk,comfortable,4,CL007,4,CL007,0.9999170899391174,8.458841307401599e-07,1.414604639649042e-06,1.5214149584608094e-07,3.592113557715493e-07,0.9999170899391174,3.865240627565214e-10,1.1460898896586968e-09,1.1028578228433616e-07,3.866005044983467e-07,1.2505569912946157e-08,2.283023059135303e-05,3.5815668297800585e-07,3.641663681719365e-07,4.642226485884748e-06,2.7931408297376947e-08,3.8643854338715755e-08,2.2128382681785297e-08,5.402564511314267e-06,6.985156342231846e-10,1.4516334800873665e-09,5.375601404011832e-07,1.4453486585352948e-07,3.01783046552373e-07,2.3276766114577185e-06,4.683156293316948e-11,1.981299828912597e-05,2.050833063549362e-05,4.874787240538581e-09,2.230984819107107e-06,2.8188789968908168e-08
C:/Users/KUBA/GitProjects/WKIRO-Project/data/CL007/Session1/Overground_Walk/Walk_Fast/Post_Process/Walk_Fast6.csv,3,CL007,Session1,overground,walk,fast,4,CL007,4,CL007,0.9999144673347473,8.853081112647487e-07,1.506066951151297e-06,1.6845399386511417e-07,3.482616648398107e-07,0.9999144673347473,4.0206513118867804e-10,1.1618342954378136e-09,1.1534049093597787e-07,3.9987125433071924e-07,1.2355258149909787e-08,2.3108075765776448e-05,3.519944300478528e-07,3.6130236935605353e-07,4.795303084392799e-06,2.7418773029808108e-08,3.834265172031337e-08,2.3099978818663658e-08,5.587395662587369e-06,7.036320970321697e-10,1.4452780083828998e-09,5.446162845146318e-07,1.5137111120111513e-07,3.02603467616791e-07,2.395290493950597e-06,4.599498212853881e-11,1.9810942831099965e-05,2.205364580731839e-05,5.229070954015924e-09,2.3352499738393817e-06,2.9271591373003503e-08
C:/Users/KUBA/GitProjects/WKIRO-Project/data/CL007/Session1/Overground_Walk/Walk_Slow/Post_Process/Walk_Slow7.csv,7,CL007,Session1,overground,walk,slow,4,CL007,4,CL007,0.9979951977729797,1.7698181181913242e-05,3.164599911542609e-05,1.0823606316989753e-05,5.25253699379391e-06,0.9979951977729797,7.51823918676564e-08,4.9832383552939064e-08,2.5354236186103662e-06,1.4799991731706541e-05,1.428264511105226e-07,0.00010008823301177472,5.163673904462485e-06,1.3347909089134191e-06,5.085607335786335e-05,5.497580559676862e-07,3.2666480365151074e-07,2.3127306576498086e-06,0.00012328072625678033,1.9581330334972336e-08,1.4993778663097146e-08,3.5566429232858354e-06,3.817105607595295e-06,3.0504736514558317e-06,4.1536393837304786e-05,2.92959190240083e-09,8.672299736645073e-05,0.0014215119881555438,1.865521426225314e-07,7.449769327649847e-05,3.0503385914926184e-06
C:/Users/KUBA/GitProjects/WKIRO-Project/data/CL007/Session2/Overground_Run/Run_Comfortable/Post_Process/Run_Comfortable1.csv,3,CL007,Session2,overground,run,comfortable,4,CL007,4,CL007,0.9982069134712219,1.8507918866816908e-05,7.061304495437071e-05,1.8584925783216022e-05,4.200893272354733e-06,0.9982069134712219,7.150359238039528e-08,3.574171003606352e-08,4.542349870462203e-06,1.1881570571858902e-05,2.3561119633086491e-07,0.00021706370171159506,2.679538738448173e-06,2.2721617369825253e-06,3.740587271749973e-05,1.4469054576693452e-06,4.550637697775528e-07,1.8405795572107309e-06,6.647448753938079e-05,3.64354484361229e-08,8.765220549378228e-09,1.2432705261744559e-05,3.160621417919174e-06,2.626132982186391e-06,9.506745118414983e-05,2.529015441510296e-09,0.00022014579735696316,0.000803337199613452,3.1138438316702377e-07,0.00019057326426263899,6.936485078767873e-06
C:/Users/KUBA/GitProjects/WKIRO-Project/data/CL007/Session2/Overground_Run/Run_Comfortable/Post_Process/Run_Comfortable4.csv,3,CL007,Session2,overground,run,comfortable,4,CL007,4,CL007,0.9999170303344727,7.860014079597022e-07,1.7866185544335167e-06,2.0271771461466415e-07,3.062150710775313e-07,0.9999170303344727,5.198571018105724e-10,1.077161693174844e-09,1.3349138328067056e-07,4.77889159355982e-07,1.0767938540823252e-08,1.9179416995029896e-05,3.0312932608467236e-07,3.071529306453158e-07,5.2424911700654775e-06,2.6251107954067265e-08,4.6305899559229147e-08,2.776426022421674e-08,6.019583906891057e-06,6.492371085187187e-10,1.2454988151944235e-09,4.848780008614995e-07,1.7791622042295785e-07,2.8419705699889164e-07,2.5551164526405046e-06,4.377012641221256e-11,1.7381596990162507e-05,2.449522253300529e-05,6.312509182038184e-09,2.6637062546797097e-06,2.7830795445993317e-08
C:/Users/KUBA/GitProjects/WKIRO-Project/data/CL007/Session2/Overground_Run/Run_Fast/Post_Process/Run_Fast11.csv,2,CL007,Session2,overground,run,fast,4,CL007,4,CL007,0.9986271858215332,1.0405004104541149e-05,6.616822065552697e-05,5.415972282207804e-06,1.53641067299759e-05,0.9986271858215332,3.014957172808863e-08,3.76096309651075e-08,1.5944326605676906e-06,2.633323128975462e-05,8.247468485933496e-08,8.187361527234316e-05,1.7166898942377884e-06,6.534967269544723e-07,0.00017063361883629113,1.032446562021505e-06,1.0638536878104787e-06,4.1468802010058425e-06,6.563900387845933e-05,3.053135344543989e-08,1.0539547012911044e-08,3.402445145184174e-06,1.7713571196509292e-06,1.6093472368083894e-06,2.6491306925890967e-05,2.1937442973296584e-09,0.0002889243187382817,0.0005328190163709223,3.037119142845768e-07,6.367772584781051e-05,1.5816899576748256e-06
C:/Users/KUBA/GitProjects/WKIRO-Project/data/CL007/Session2/Overground_Walk/Walk_Fast/Post_Process/Walk_Fast2.csv,4,CL007,Session2,overground,walk,fast,4,CL007,4,CL007,0.9999154806137085,8.190647236006043e-07,1.4886578583173105e-06,1.7427646525902674e-07,3.159414632136759e-07,0.9999154806137085,4.3472420108159326e-10,1.029240803696041e-09,1.1679938438646786e-07,4.0474708384863334e-07,1.2088963607936876e-08,2.1725683836848475e-05,3.007823750067473e-07,3.293598069831205e-07,5.086657438369002e-06,2.7089923193557297e-08,4.1028691555311525e-08,2.3857069209043402e-08,5.838558990944875e-06,6.867030277746267e-10,1.379330871742468e-09,5.195582843953162e-07,1.6036270267250075e-07,2.787972164242092e-07,2.3122129277908243e-06,4.2769881386517383e-11,1.939681351359468e-05,2.2657248337054625e-05,5.775682598851972e-09,2.3347770365944598e-06,2.6526146612582124e-08
C:/Users/KUBA/GitProjects/WKIRO-Project/data/CL007/Session2/Overground_Walk/Walk_Fast/Post_Process/Walk_Fast6.csv,3,CL007,Session2,overground,walk,fast,4,CL007,4,CL007,0.9999217987060547,7.259786798385903e-07,1.3896841437599505e-06,1.6752215969972895e-07,2.8354477876746387e-07,0.9999217987060547,3.842919593655125e-10,9.30773236262894e-10,1.0865803545812014e-07,3.710757994213054e-07,1.0888565604716405e-08,1.93553223652998e-05,2.6830505817088124e-07,3.0364859071596584e-07,5.10844802192878e-06,2.4866634973363944e-08,3.8233462618109115e-08,2.1073150335837454e-08,5.900290943827713e-06,6.023411214250984e-10,1.2248678737947216e-09,4.724871303096734e-07,1.5389807117571763e-07,2.5929116986844747e-07,2.116026962539763e-06,3.6607574610547644e-11,1.731843985908199e-05,2.1689897039323114e-05,5.474372954950013e-09,2.1632688458339544e-06,2.2865593862775313e-08
C:/Users/KUBA/GitProjects/WKIRO-Project/data/CL007/Session2/Overground_Walk/Walk_Fast/Post_Process/Walk_Fast7.csv,4,CL007,Session2,overground,walk,fast,4,CL007,4,CL007,0.9986525177955627,1.4751838534721173e-05,6.215038592927158e-05,1.1626605555647984e-05,3.7218965189822484e-06,0.9986525177955627,4.795411356894874e-08,1.8099209242450343e-08,4.050823918078095e-06,7.918679330032319e-06,1.8135740731395344e-07,0.00014557519170921296,2.003974486797233e-06,1.3704061530006584e-06,3.7910056562395766e-05,9.320411891167169e-07,4.3128900983901985e-07,1.7617746834730497e-06,6.47279666736722e-05,3.358814737453031e-08,5.535921943078392e-09,9.184134796669241e-06,2.335312274226453e-06,1.4258769169828156e-06,6.290456803981215e-05,1.6650660850103804e-09,0.00019578674982767552,0.0005542287835851312,2.851187446140102e-07,0.0001579109375597909,4.117662228964036e-06
C:/Users/KUBA/GitProjects/WKIRO-Project/data/CL007/Session2/Overground_Walk/Walk_Slow/Post_Process/Walk_Slow8.csv,6,CL007,Session2,overground,walk,slow,4,CL007,4,CL007,0.9999242424964905,6.500197287095943e-07,1.557534801577276e-06,1.9334140688442858e-07,2.487275594376115e-07,0.9999242424964905,4.3862954934859033e-10,8.763129666355951e-10,1.1883545170121579e-07,4.089614833446831e-07,9.269667700095852e-09,1.6183194020413794e-05,2.337898052928722e-07,2.666898524239514e-07,5.59318277737475e-06,2.2730384685587524e-08,4.2110944065143485e-08,2.2879191874380922e-08,6.456601113313809e-06,5.172517414386846e-10,1.051814191299627e-09,4.2232682062604e-07,1.699857961057205e-07,2.5048672114280635e-07,2.111072490151855e-06,3.208660767639593e-11,1.4772621398151387e-05,2.367577144468669e-05,6.159148302486983e-09,2.322325826753513e-06,2.0454896443311554e-08
C:/Users/KUBA/GitProjects/WKIRO-Project/data/CL007/Session2/Treadmill_Run/Treadmill_Run_Fast/Post_Process/Treadmill_Run_Fast.csv,120,CL007,Session2,treadmill,run,fast,4,CL007,4,CL007,0.9997884035110474,8.515432909916854e-07,9.30783699004678e-06,3.2652084769324574e-07,8.983155339592486e-07,0.9997884035110474,4.755058014005442e-10,1.4870759068585926e-09,1.5865597902120498e-07,1.6147927226484171e-06,1.3567103884781773e-08,2.670054163900204e-05,2.4768121420493117e-07,2.889143786433124e-07,2.589305404399056e-05,1.0341235423538819e-07,2.2693050993893848e-07,8.598267697834672e-08,6.399196081474656e-06,2.8070616941988646e-09,1.8518029332170727e-09,7.522383498326235e-07,1.668699951551389e-07,2.2172204694470565e-07,3.3578326110728085e-06,7.412347818869236e-11,0.00010020130139309913,2.9524384444812313e-05,3.359018307946826e-08,4.186496425973019e-06,4.1101674952415124e-08
C:/Users/KUBA/GitProjects/WKIRO-Project/data/CL007/Session2/Treadmill_Walk/Treadmill_Walk_Fast/Post_Process/Treadmill_Walk_Fast.csv,120,CL007,Session2,treadmill,walk,fast,4,CL007,4,CL007,0.999920666217804,7.37883112833515e-07,1.4467864275502507e-06,1.7418993536466587e-07,2.884201535380271e-07,0.999920666217804,3.9787417804859615e-10,9.560262581587153e-10,1.1212762984769142e-07,3.8088938936198247e-07,1.0885817580685853e-08,1.9271032215328887e-05,2.6944664455186285e-07,3.022875034730532e-07,5.200876785238506e-06,2.534285314936824e-08,3.877777743355182e-08,2.2036626745602916e-08,6.01100828134804e-06,6.062851332089281e-10,1.2193778209379502e-09,4.769585189023928e-07,1.560865143801493e-07,2.6380277518001094e-07,2.1602231754513923e-06,3.734972400804004e-11,1.742149834171869e-05,2.2344493117998354e-05,5.6561066941185345e-09,2.2339543193083955e-06,2.3571743668071576e-08
C:/Users/KUBA/GitProjects/WKIRO-Project/data/DA013/Session1/Overground_Run/Run_Comfortable/Post_Process/Run_Comfortable1.csv,3,DA013,Session1,overground,run,comfortable,5,DA013,5,DA013,0.9998834729194641,3.89024679137151e-09,1.7288778408897088e-08,1.1615746586812747e-08,1.240471988239733e-06,4.0556398239743885e-09,0.9998834729194641,7.697212112134366e-08,8.745294621803623e-08,3.008776366186794e-05,9.13110625333502e-07,2.5434266248680615e-08,4.052762506034924e-06,9.186787330861534e-09,1.9073532087077183e-08,1.4302696804691095e-08,8.713748684385791e-06,1.0847187695617322e-05,3.558343678378151e-06,2.578132978214853e-07,2.386721462244168e-06,2.7249415168739688e-08,1.6411040633101948e-05,1.0211289236394805e-06,1.5608411274570244e-07,3.4905231586890295e-05,3.3743829952470605e-10,8.332010565936798e-07,5.692103233201351e-09,1.0579603326732467e-07,6.793781608394056e-07
C:/Users/KUBA/GitProjects/WKIRO-Project/data/DA013/Session1/Overground_Run/Run_Comfortable/Post_Process/Run_Comfortable5.csv,3,DA013,Session1,overground,run,comfortable,5,DA013,5,DA013,0.9998570084571838,5.718714390923196e-09,3.6570160233395654e-08,1.7438951616099985e-08,1.910534820126486e-06,1.0054962196193173e-08,0.9998570084571838,8.439455001507667e-08,1.2753652356423117e-07,4.078496931469999e-05,1.4646581121269264e-06,3.40103447626916e-08,4.7940598051354755e-06,1.544494487859538e-08,3.16538510958253e-08,2.1841501052222156e-08,1.2728651199722663e-05,1.4360773093358148e-05,5.845741270604776e-06,3.259864627125353e-07,2.3163852347352076e-06,5.885569365204901e-08,1.9501623683026992e-05,1.5095037042556214e-06,2.2004537925113254e-07,3.443811147008091e-05,7.866796103428442e-10,1.143804070125043e-06,1.1087226248207571e-08,1.9564686226658523e-07,1.0104408829647582e-06
C:/Users/KUBA/GitProjects/WKIRO-Project/data/DA013/Session1/Overground_Run/Run_Fast/Post_Process/Run_Fast7.csv,2,DA013,Session1,overground,run,fast,5,DA013,15,LF003,0.4955875873565674,2.3429745397152146e-06,9.70339315244928e-05,3.8136360672069713e-05,0.0004494587774388492,7.61393312131986e-05,0.4798320233821869,1.2110989700886421e-05,0.0006859629065729678,0.002220600377768278,0.00041066002449952066,2.307759496034123e-05,0.0005587951163761318,2.2380752852768637e-05,7.378330337814987e-05,9.463330570724793e-06,0.4955875873565674,0.001932138460688293,0.0024087573401629925,0.0001336705026915297,0.0008268040837720037,7.373157131951302e-05,0.011238401755690575,0.00010290221689501777,0.000277897430351004,0.0007686993922106922,1.1513502613524906e-05,0.001493138144724071,0.00017034100892487913,0.0002317891048733145,0.00023076822981238365
C:/Users/KUBA/GitProjects/WKIRO-Project/data/DA013/Session1/Overground_Run/Run_Fast/Post_Process/Run_Fast9.csv,2,DA013,Session1,overground,run,fast,5,DA013,5,DA013,0.5333824157714844,1.2556366755234194e-06,2.2372027160599828e-05,8.455659553874284e-05,6.603285146411508e-05,0.0002167591592296958,0.5333824157714844,5.0821981858462095e-06,0.0002505134034436196,0.0029680614825338125,0.0014703513588756323,7.164443559304345e-06,0.0008284402429126203,0.0001365683856420219,2.110240347974468e-05,7.4588251663954e-06,0.029532719403505325,0.00035384183865971863,0.008206164464354515,3.935910717700608e-05,0.0014407159760594368,0.0001703794696368277,0.4195055067539215,0.00021061240113340318,8.823331882013008e-05,0.00030601664911955595,3.359336915309541e-06,0.0002888114540837705,6.134449358796701e-05,7.450471457559615e-05,0.0002503044088371098
C:/Users/KUBA/GitProjects/WKIRO-Project/data/DA013/Session1/Overground_Walk/Walk_Fast/Post_Process/Walk_Fast1.csv,4,DA013,Session1,overground,walk,fast,5,DA013,5,DA013,0.9919624328613281,3.4175008067904855e-07,1.3243128478279687e-06,6.030353688402101e-06,5.899401367059909e-05,1.6377824749724823e-06,0.9919624328613281,2.1377197754191e-06,2.159642826882191e-05,0.0005734490696340799,0.00015202225768007338,1.1221895874768961e-06,5.189431249164045e-05,4.6111144911265e-06,4.521038135862909e-06,1.4742137182111037e-06,0.001942091854289174,0.000659209443256259,0.0002616671845316887,3.187419133610092e-05,0.00029800887568853796,1.1156778782606125e-05,0.003304889891296625,4.080490907654166e-05,1.2365433576633222e-05,0.0004113250761292875,2.405174939212884e-07,6.116957229096442e-05,2.654444870131556e-06,1.4132786418485921e-05,0.00010481424396857619
C:/Users/KUBA/GitProjects/WKIRO-Project/data/DA013/Session1/Overground_Walk/Walk_Fast/Post_Process/Walk_Fast3.csv,4,DA013,Session1,overground,walk,fast,5,DA013,5,DA013,0.9950249195098877,1.796390023400818e-07,1.1000536233041203e-06,3.0380037969734985e-06,6.189921987242997e-05,6.926816240593325e-07,0.9950249195098877,1.7985933027375722e-06,1.4793520676903427e-05,0.00038844021037220955,8.974623051472008e-05,6.369123184413183e-07,2.933907489932608e-05,1.8981131688633468e-06,3.6522592381516006e-06,1.1565527984203072e-06,0.0012740714009851217,0.0006791139603592455,0.00014157593250274658,2.4564695195294917e-05,0.00015426409663632512,5.237722689344082e-06,0.001501330523751676,2.1721354642068036e-05,5.758105544373393e-06,0.0004581685352604836,1.1238144281833229e-07,3.0796771170571446e-05,1.3187782315071672e-06,8.249198799603619e-06,7.036643364699557e-05
C:/Users/KUBA/GitProjects/WKIRO-Project/data/DA013/Session2/Overground_Run/Run_Comfortable/Post_Process/Run_Comfortable10.csv,2,DA013,Session2,overground,run,comfortable,5,DA013,5,DA013,0.9998575448989868,2.699297230179809e-09,2.92379489508221e-08,1.802004589990247e-08,2.35505558521254e-06,7.458055506504024e-09,0.9998575448989868,5.48263372479596e-08,1.3461414027915453e-07,4.372504918137565e-05,1.7136680980911478e-06,2.0499950181829263e-08,3.6292260574555257e-06,1.8846881388867587e-08,2.3073946309182247e-08,1.8468906404223162e-08,1.9488297766656615e-05,1.3195946849009488e-05,7.594047474412946e-06,2.119276274470394e-07,2.3731940927973483e-06,4.541141507274915e-08,2.2878941308590584e-05,1.4270771089286427e-06,1.2661169535022054e-07,2.06282056751661e-05,5.16630127567197e-10,1.0873262681343476e-06,7.654922029587397e-09,1.433232910130755e-07,1.4780130186409224e-06
C:/Users/KUBA/GitProjects/WKIRO-Project/data/DA013/Session2/Overground_Run/Run_Comfortable/Post_Process/Run_Comfortable8.csv,3,DA013,Session2,overground,run,comfortable,5,DA013,5,DA013,0.9998555183410645,2.212256822176073e-09,2.4311681556810072e-08,1.128919535631212e-08,1.9590720512496773e-06,7.262183743250716e-09,0.9998555183410645,4.752497417825907e-08,7.86575995448402e-08,5.0843649660237134e-05,1.7223311488123727e-06,1.548777461835016e-08,3.594718918975559e-06,1.677456573645486e-08,1.6907362621054745e-08,1.59389141884958e-08,2.1241932699922472e-05,9.586467967892531e-06,7.674497283005621e-06,1.8187461137131322e-07,1.976862449737382e-06,3.6706016004472986e-08,2.1560634195338935e-05,1.4525294318445958e-06,9.790706911871894e-08,2.0223949832143262e-05,4.3644063363323937e-10,7.634000667167129e-07,6.9879355635293905e-09,1.0715478282463664e-07,1.216158580064075e-06
C:/Users/KUBA/GitProjects/WKIRO-Project/data/DA013/Session2/Overground_Run/Run_Fast/Post_Process/Run_Fast3.csv,2,DA013,Session2,overground,run,fast,5,DA013,5,DA013,0.670099675655365,9.273001523979474e-06,1.0876944543269929e-05,0.0004279194981791079,0.00041914512985385954,9.207848052028567e-05,0.670099675655365,1.5053348761284724e-05,0.00019467204401735216,0.00283206719905138,0.0041101849637925625,2.1711668523494154e-05,0.0012925277696922421,0.00019383068138267845,7.279707642737776e-05,1.3572784155257978e-05,0.008226914331316948,0.003073384752497077,0.008208196610212326,0.0001296355767408386,0.004951987415552139,0.0005054626381024718,0.29094696044921875,0.0005364857497625053,0.00031915499130263925,0.0009582560160197318,9.780666005099192e-06,0.0017995901871472597,5.776611214969307e-05,0.000127667241031304,0.0003432691446505487
C:/Users/KUBA/GitProjects/WKIRO-Project/data/DA013/Session2/Overground_Run/Run_Fast/Post_Process/Run_Fast4.csv,1,DA013,Session2,overground,run,fast,5,DA013,5,DA013,0.999890923500061,1.3457458480914397e-09,8.786786409586966e-09,5.558759230694932e-09,7.339850753851351e-07,2.1119641591127447e-09,0.999890923500061,4.3547583317149474e-08,2.4793452624294332e-08,4.541767339105718e-05,6.42541976958455e-07,8.386953354033722e-09,2.2250262645684415e-06,1.108335201394084e-08,4.886434812334528e-09,6.498252158593232e-09,1.169515417132061e-05,3.86857664125273e-06,2.5143392576865153e-06,7.409374092048893e-08,1.8580335563456174e-06,1.3722862846066164e-08,1.6174488337128423e-05,1.2971685237062047e-06,4.845405143782955e-08,2.1171332264202647e-05,1.2354857414909048e-10,3.2301645092047693e-07,2.9850066862735503e-09,3.0139165829723424e-08,8.026451610021468e-07
C:/Users/KUBA/GitProjects/WKIRO-Project/data/DA013/Session2/Overground_Walk/Walk_Fast/Post_Process/Walk_Fast4.csv,4,DA013,Session2,overground,walk,fast,5,DA013,5,DA013,0.999919056892395,1.763735157922497e-09,4.366730088634085e-09,5.766273236673669e-09,5.862798388989177e-07,7.808992341651333e-10,0.999919056892395,5.069630404364034e-08,4.351041837935554e-08,1.724594403640367e-05,3.595811790546577e-07,1.312926478647114e-08,2.341674189665355e-06,4.044256485258302e-09,6.5963932094348365e-09,6.975120037111537e-09,4.1118096305581275e-06,6.5521940086910035e-06,1.368156517855823e-06,1.5124243191166897e-07,2.6759316824609414e-06,8.486744640379129e-09,1.3547108210332226e-05,4.146551191297476e-07,7.51923465713844e-08,3.0386439902940765e-05,5.5384846014971956e-11,5.001205067856063e-07,1.4348825461141246e-09,3.631330258713206e-08,4.502124397731677e-07
C:/Users/KUBA/GitProjects/WKIRO-Project/data/DA013/Session2/Overground_Walk/Walk_Slow/Post_Process/Walk_Slow4.csv,8,DA013,Session2,overground,walk,slow,5,DA013,5,DA013,0.9999147057533264,2.0272126199927243e-09,5.285698989609955e-09,6.9337104946498584e-09,6.897079742884671e-07,8.802776285676828e-10,0.9999147057533264,5.5424134615122966e-08,5.442243988795781e-08,1.750080264173448e-05,3.763171889659134e-07,1.477012112616194e-08,2.4774665234872373e-06,4.461616409656699e-09,8.142921892329014e-09,8.453279853881668e-09,4.1415091800445225e-06,7.899810952949338e-06,1.5050408137540217e-06,1.7664467577560572e-07,2.96478538075462e-06,1.0063180511110659e-08,1.4418365935853217e-05,4.4038762325726566e-07,8.361520542621292e-08,3.1238403607858345e-05,6.037469135744544e-11,6.235212595129269e-07,1.6283092652003006e-09,4.4287915557106317e-08,5.388631052483106e-07
C:/Users/KUBA/GitProjects/WKIRO-Project/data/DA013/Session2/Overground_Walk/Walk_Slow/Post_Process/Walk_Slow7.csv,8,DA013,Session2,overground,walk,slow,5,DA013,5,DA013,0.9958199858665466,2.4431636802546564e-07,1.2477621567086317e-06,2.629257551234332e-06,6.925271736690775e-05,8.891369134289562e-07,0.9958199858665466,1.8250033235744922e-06,1.1845051631098613e-05,0.00046598477638326585,7.592178008053452e-05,7.87854332884308e-07,3.3123811590485275e-05,1.8285755913893809e-06,3.296483782833093e-06,1.1454112609499134e-06,0.0008355894824489951,0.0007288825581781566,0.00012634243466891348,2.3172997316578403e-05,8.154049282893538e-05,6.155228220450226e-06,0.0011699139140546322,2.2791293304180726e-05,7.067888873280026e-06,0.0003864307946059853,1.3015929312132357e-07,3.484394255792722e-05,1.0342631640014588e-06,9.104454875341617e-06,7.705696043558419e-05
C:/Users/KUBA/GitProjects/WKIRO-Project/data/DA013/Session2/Overground_Walk/Walk_Slow/Post_Process/Walk_Slow8.csv,9,DA013,Session2,overground,walk,slow,5,DA013,5,DA013,0.9999074935913086,2.54193199822339e-09,7.016651260016715e-09,8.13126277421361e-09,8.495714496348228e-07,1.2026390994179792e-09,0.9999074935913086,6.262249030442035e-08,7.506888266561873e-08,1.938707282533869e-05,4.2939967670463375e-07,1.6711645400846464e-08,2.789566906358232e-06,5.335607511369744e-09,9.202630657512145e-09,1.0895639945829316e-08,4.7469652599829715e-06,9.064549885806628e-06,1.8099253793479875e-06,1.7955265718683222e-07,3.25172641169047e-06,1.3248008912114528e-08,1.534543844172731e-05,5.407070489127364e-07,9.898541009079054e-08,3.226972330594435e-05,7.51986944935723e-11,8.11200266070955e-07,2.041142366238091e-09,6.004731289976917e-08,6.696974423903157e-07
C:/Users/KUBA/GitProjects/WKIRO-Project/data/DC005/Session1/Overground_Run/Run_Comfortable/Post_Process/Run_Comfortable9.csv,3,DC005,Session1,overground,run,comfortable,6,DC005,6,DC005,0.9962239861488342,0.00015842329594306648,2.4680259684828343e-06,3.906519850715995e-06,9.027458872878924e-05,3.950622158299666e-07,9.587920857256904e-08,0.9962239861488342,3.2158840923557364e-08,4.495260145631619e-05,9.689650681821149e-08,3.812745489994995e-05,1.434485602658242e-05,4.382943734526634e-05,1.4489123714156449e-06,0.0030841080006211996,3.6886870447006004e-08,2.3735701688565314e-05,7.720986445747258e-07,1.946447127920692e-06,9.907074854709208e-06,1.299240324215134e-07,3.736493852102285e-07,7.497272599721327e-05,9.189621778205037e-06,9.062913159141317e-05,5.194981440581614e-07,2.1352620933612343e-06,3.1015633794595487e-06,2.5590210839254723e-07,7.575275958515704e-05
C:/Users/KUBA/GitProjects/WKIRO-Project/data/DC005/Session1/Overground_Run/Run_Fast/Post_Process/Run_Fast11.csv,2,DC005,Session1,overground,run,fast,6,DC005,6,DC005,0.9938417077064514,0.0002387853164691478,2.347723420825787e-05,9.12756149773486e-06,0.0004358620790299028,2.4613329969724873e-06,8.976148819783702e-07,0.9938417077064514,3.4683455396589125e-07,0.0002750193525571376,2.2848371372674592e-07,0.00010555771586950868,6.454540562117472e-05,5.982190486975014e-05,7.865760380809661e-06,0.0042369170114398,2.816916548908921e-07,0.00018621771596372128,3.838104021269828e-06,5.9402173064881936e-06,1.441546919522807e-05,2.788463007163955e-07,9.958828286471544e-07,0.00012680163490585983,2.4065913748927414e-05,0.00015606539091095328,1.5141588391998084e-06,9.355290785606485e-06,7.088673100952292e-06,2.131603196176002e-06,0.0001583917619427666
C:/Users/KUBA/GitProjects/WKIRO-Project/data/DC005/Session1/Overground_Run/Run_Fast/Post_Process/Run_Fast15.csv,2,DC005,Session1,overground,run,fast,6,DC005,6,DC005,0.9951879382133484,0.00018472952069714665,5.9284857343300246e-06,8.016198080440518e-06,0.00028078071773052216,1.0871631275222171e-06,3.1475497053179424e-07,0.9951879382133484,1.1486527284887416e-07,9.794191282708198e-05,2.618580765556544e-07,6.648958515143022e-05,2.5268494937336072e-05,5.422318645287305e-05,4.472960426937789e-06,0.0034816726110875607,1.2950927441579552e-07,6.072052929084748e-05,2.284604761371156e-06,4.337892278272193e-06,1.735292789817322e-05,2.729219090724655e-07,8.316071102854039e-07,0.0001304379547946155,2.141166442015674e-05,0.00019113384769298136,1.0165942967432784e-06,6.026342362019932e-06,5.002181751478929e-06,6.012542712596769e-07,0.0001591831969562918
C:/Users/KUBA/GitProjects/WKIRO-Project/data/DC005/Session1/Overground_Walk/Walk_Fast/Post_Process/Walk_Fast5.csv,3,DC005,Session1,overground,walk,fast,6,DC005,6,DC005,0.9883298873901367,0.00016650916950311512,0.000365259445970878,1.3016539014643058e-05,0.0005102686700411141,9.944292287400458e-06,3.563356813174323e-06,0.9883298873901367,8.28183203793742e-07,0.0037374841049313545,7.708748483992167e-08,4.814406929654069e-05,5.920436160522513e-05,4.523437746684067e-05,1.954045183083508e-05,0.0048231747932732105,1.5689657857365091e-06,0.0014945355942472816,6.954514446988469e-06,2.6305824576411396e-06,6.073139502404956e-06,1.4113909685420367e-07,1.3342577176445047e-06,0.00010797480354085565,1.849656291597057e-05,8.933012577472255e-05,1.227170173478953e-06,1.553024230815936e-05,1.640418850001879e-05,9.510212294117082e-06,9.619779302738607e-05
C:/Users/KUBA/GitProjects/WKIRO-Project/data/DC005/Session1/Overground_Walk/Walk_Fast/Post_Process/Walk_Fast7.csv,3,DC005,Session1,overground,walk,fast,6,DC005,6,DC005,0.9958341717720032,0.00014800189819652587,2.0402605969138676e-06,3.1799281714484096e-06,6.287992437137291e-05,2.4224848971243773e-07,5.2557691532229e-08,0.9958341717720032,2.0899470598578773e-08,3.101983747910708e-05,6.048099265854034e-08,3.01791587844491e-05,9.712701285025105e-06,3.434275640756823e-05,1.1455375670266221e-06,0.0036306448746472597,2.1669043448468983e-08,2.0513994968496263e-05,4.930794261781557e-07,1.6986973605526146e-06,7.309502052521566e-06,8.92945237751519e-08,2.3449619845905545e-07,5.7838449720293283e-05,5.797940048068995e-06,6.341873086057603e-05,4.2021449075946293e-07,1.3639374856211361e-06,3.042589241886162e-06,1.894386372214285e-07,4.988068758393638e-05
C:/Users/KUBA/GitProjects/WKIRO-Project/data/DC005/Session1/Overground_Walk/Walk_Fast/Post_Process/Walk_Fast9.csv,4,DC005,Session1,overground,walk,fast,6,DC005,6,DC005,0.9959907531738281,0.00015828653704375029,2.1965993255435023e-06,3.6978594835090917e-06,7.067352999001741e-05,2.861251289232314e-07,6.579361411240825e-08,0.9959907531738281,2.6921517459754796e-08,3.327903323224746e-05,7.635485133050679e-08,3.586998354876414e-05,1.1702393749146722e-05,3.7093908758834004e-05,1.3192318419896765e-06,0.003414588514715433,2.514227048777684e-08,2.175390000047628e-05,5.926251560595119e-07,1.8849736989068333e-06,8.483398232783657e-06,1.0533467786899564e-07,2.8395805884429137e-07,6.42886952846311e-05,7.131397978810128e-06,7.278702105395496e-05,4.5795385972269287e-07,1.6659431594234775e-06,3.1052368285600096e-06,2.1965433916193433e-07,5.731911733164452e-05
C:/Users/KUBA/GitProjects/WKIRO-Project/data/DC005/Session1/Treadmill_Walk/Treadmill_Walk_Slow/Post_Process/Treadmill_Walk_Slow.csv,120,DC005,Session1,treadmill,walk,slow,6,DC005,6,DC005,0.9997497200965881,9.646340004110243e-06,1.0692252061517138e-07,5.872550445928937e-08,2.499914808140602e-05,1.9497214953645425e-09,1.2908381918919076e-08,0.9997497200965881,3.308383567102169e-09,2.860535005311249e-06,5.412687187345e-09,5.051713287684834e-07,1.0618357919156551e-05,3.012528850376839e-06,3.605318354971132e-08,0.00011792597797466442,6.145728370654524e-09,3.2584541713731596e-06,1.243966174513389e-08,5.0273516905008364e-08,8.681696499479585e-07,3.5657434782621067e-09,1.0207461542677265e-08,1.470833558414597e-05,1.1303595783829223e-06,5.689618410542607e-05,4.8690651510696625e-09,4.323352698065719e-08,4.012934695651893e-08,7.4103638780798065e-09,3.4369504646747373e-06
C:/Users/KUBA/GitProjects/WKIRO-Project/data/DC005/Session2/Overground_Run/Run_Comfortable/Post_Process/Run_Comfortable1.csv,3,DC005,Session2,overground,run,comfortable,6,DC005,6,DC005,0.9967780113220215,0.00015379671822302043,1.3520763104679645e-06,3.64728543900128e-06,6.13592128502205e-05,2.864849477646203e-07,7.150662639787697e-08,0.9967780113220215,2.4693838085454445e-08,2.832934660546016e-05,9.180689630738925e-08,3.849511995213106e-05,1.0921695320575964e-05,4.5314201997825876e-05,1.1174801102242782e-06,0.0026188725605607033,2.1561632479460968e-08,1.799243727873545e-05,5.885371479052992e-07,1.7036619510690798e-06,1.0872668099182192e-05,1.0978785525139756e-07,3.2806289596010174e-07,6.009298886056058e-05,7.888052095950115e-06,8.614117541583255e-05,3.754726947136078e-07,1.7704029460219317e-06,2.3055163183016703e-06,1.9979404441983206e-07,6.797214882681146e-05
C:/Users/KUBA/GitProjects/WKIRO-Project/data/DC005/Session2/Overground_Run/Run_Comfortable/Post_Process/Run_Comfortable13.csv,3,DC005,Session2,overground,run,comfortable,6,DC005,6,DC005,0.9962934851646423,0.00016714156663510948,1.6966741895885207e-06,4.500756404013373e-06,9.310938185080886e-05,4.08752015346181e-07,1.0621536716826085e-07,0.9962934851646423,4.1395310290681664e-08,3.2109794119605795e-05,1.4689321403693612e-07,4.972856550011784e-05,1.5190030353551265e-05,5.030628017266281e-05,1.6550648069824092e-06,0.0029609128832817078,3.312577590008914e-08,2.1275613107718527e-05,9.902770443659392e-07,2.136190005330718e-06,1.6766973203630187e-05,1.7287378284436272e-07,5.011189614378964e-07,7.44833450880833e-05,1.069246354745701e-05,0.00010707343608373776,4.461945479761198e-07,2.7818759917863645e-06,2.746585096247145e-06,2.807286136885523e-07,8.914260979508981e-05
C:/Users/KUBA/GitProjects/WKIRO-Project/data/DC005/Session2/Overground_Run/Run_Comfortable/Post_Process/Run_Comfortable4.csv,2,DC005,Session2,overground,run,comfortable,6,DC005,6,DC005,0.9997278451919556,7.8067350841593e-06,1.0374215264619124e-07,6.400611596291128e-08,2.658051744219847e-05,2.241786756229658e-09,1.3041587365592022e-08,0.9997278451919556,2.525591291657747e-09,4.863472895522136e-06,4.9712989280692454e-09,5.454258484860475e-07,8.594674000050873e-06,3.1427980502485298e-06,4.0434194659155764e-08,0.00012325419811531901,8.915183258295656e-09,5.022504865337396e-06,1.0140754014287268e-08,8.574423304708034e-08,1.0032164254880627e-06,2.470495585882304e-09,1.038930363961299e-08,9.918006981024519e-06,1.1323725175316213e-06,7.570679008495063e-05,8.53783266308028e-09,3.812231597066784e-08,4.241357487444475e-08,8.097929438122264e-09,4.154905582254287e-06
C:/Users/KUBA/GitProjects/WKIRO-Project/data/DC005/Session2/Overground_Run/Run_Fast/Post_Process/Run_Fast12.csv,2,DC005,Session2,overground,run,fast,6,DC005,6,DC005,0.9997668862342834,6.97711220709607e-06,6.890259385272657e-08,5.244596934517176e-08,2.4215645680669695e-05,1.480908395912195e-09,1.3603627557756681e-08,0.9997668862342834,3.030462103481568e-09,2.79555524684838e-06,5.166786998245243e-09,3.462545805632544e-07,9.011337169795297e-06,3.079637281189207e-06,3.290615069317937e-08,9.072096145246178e-05,8.364247072734088e-09,3.6093808830628404e-06,1.0200174038743626e-08,4.5903096435040425e-08,1.0048528338302276e-06,3.2181315390289456e-09,1.1833293456220417e-08,1.2072914614691399e-05,1.1720494512701407e-06,7.437883323291317e-05,4.449848489684882e-09,4.8060570634334e-08,3.1128472244290606e-08,7.267849877479193e-09,3.3482729122624733e-06
C:/Users/KUBA/GitProjects/WKIRO-Project/data/DC005/Session2/Overground_Run/Run_Fast/Post_Process/Run_Fast3.csv,3,DC005,Session2,overground,run,fast,6,DC005,6,DC005,0.9938272833824158,0.00024715278414078057,4.245041509420844e-06,6.608095645788126e-06,0.0014138477854430676,1.842955498432275e-06,9.329107797384495e-07,0.9938272833824158,2.782159924663574e-07,0.00013373595720622689,1.2222521945659537e-06,7.326003833441064e-05,6.772718916181475e-05,0.00015207625983748585,4.8913047976384405e-06,0.0026915117632597685,2.1096063562708878e-07,3.90697387047112e-05,6.401098289643414e-06,2.8917158942931565e-06,3.903198739863001e-05,9.698345593278646e-07,1.620775947230868e-06,0.0003168306138832122,3.2072468457045034e-05,0.0006072993855923414,8.193474059225991e-07,1.1319596524117514e-05,4.445441845746245e-06,7.823939540685387e-07,0.000309619412291795
C:/Users/KUBA/GitProjects/WKIRO-Project/data/DC005/Session2/Overground_Walk/Walk_Comfortable/Post_Process/Walk_Comfortable8.csv,8,DC005,Session2,overground,walk,comfortable,6,DC005,6,DC005,0.9997889399528503,6.737919648003299e-06,5.853283369106066e-08,3.7373347083757835e-08,2.393556496826932e-05,9.75333813713064e-10,1.2158185569433044e-08,0.9997889399528503,3.0003868278782875e-09,2.0015436348330695e-06,5.30905364115597e-09,3.0133750783534197e-07,9.328799933427945e-06,2.3666211745876353e-06,3.035392026617956e-08,7.290976645890623e-05,6.305622690661039e-09,2.8721683520416263e-06,8.709702292719612e-09,4.0556130898039555e-08,9.619531056159758e-07,2.7167001981354133e-09,8.463191036867102e-09,1.0672942153178155e-05,9.583692417436396e-07,7.51736806705594e-05,3.106978896383339e-09,3.407550508427448e-08,2.5080325372073276e-08,5.354982235417083e-09,2.5593310510885203e-06
C:/Users/KUBA/GitProjects/WKIRO-Project/data/DC005/Session2/Overground_Walk/Walk_Fast/Post_Process/Walk_Fast2.csv,6,DC005,Session2,overground,walk,fast,6,DC005,6,DC005,0.9997801780700684,7.825125067029148e-06,7.372538135541618e-08,4.599975156338587e-08,2.221746944996994e-05,1.2738411436785668e-09,1.153748740989613e-08,0.9997801780700684,3.180127494673002e-09,2.223457158834208e-06,5.1417088364758e-09,3.587241792502027e-07,9.218554623657838e-06,2.6481975510250777e-06,3.067648535193257e-08,8.895232895156369e-05,6.098347160587991e-09,2.8960141662537353e-06,9.581119009283157e-09,4.150174959249853e-08,9.280199719796656e-07,3.0466384970395666e-09,9.204106810045687e-09,1.1490596989460755e-05,9.662853699410334e-07,6.695401680190116e-05,3.5851497326433446e-09,3.5744847082241904e-08,3.142583082649253e-08,6.465691981816235e-09,2.816674850691925e-06
C:/Users/KUBA/GitProjects/WKIRO-Project/data/DC005/Session2/Overground_Walk/Walk_Fast/Post_Process/Walk_Fast4.csv,7,DC005,Session2,overground,walk,fast,6,DC005,6,DC005,0.9997442364692688,8.347353286808357e-06,5.082289931124251e-07,1.411548282703734e-07,2.2540538338944316e-05,2.986876745936229e-09,2.518993369449163e-08,0.9997442364692688,5.505627065360841e-09,8.99362476047827e-06,4.840651435245036e-09,3.5262320352558163e-07,8.993724804895464e-06,2.4576786472607637e-06,8.335251777680242e-08,0.00011904474376933649,9.800522171588e-09,7.132816335797543e-06,2.2730743509669082e-08,3.9703742515939666e-08,8.244684863711882e-07,3.1767524166781413e-09,1.5621312243752072e-08,1.3095538633933757e-05,1.0214801022812026e-06,5.938215326750651e-05,3.3897700202345504e-09,6.213642222974158e-08,1.3924207564741664e-07,1.815895878110041e-08,2.571248160165851e-06
C:/Users/KUBA/GitProjects/WKIRO-Project/data/DC005/Session2/Overground_Walk/Walk_Slow/Post_Process/Walk_Slow4.csv,6,DC005,Session2,overground,walk,slow,6,DC005,6,DC005,0.9997897744178772,6.2045364757068455e-06,5.3098244023885854e-08,3.7277292364024106e-08,2.5111721697612666e-05,9.352389973571462e-10,1.3062465775703913e-08,0.9997897744178772,3.208240784147165e-09,1.833643523241335e-06,5.692074367402711e-09,2.8294667231421045e-07,9.684160431788769e-06,2.3271220470633125e-06,3.0551749574669884e-08,6.496677087852731e-05,6.82441436694603e-09,2.7790690637630178e-06,9.099018427605188e-09,3.720042940358326e-08,1.0049380989585188e-06,2.786671338128599e-09,9.181222004883693e-09,1.0807322723849211e-05,1.039086441778636e-06,8.13856822787784e-05,2.8903128779234066e-09,3.695748773679952e-08,2.260398446196632e-08,5.075950326727252e-09,2.540907871662057e-06
C:/Users/KUBA/GitProjects/WKIRO-Project/data/DC005/Session2/Treadmill_Run/Treadmill_Run_Fast/Post_Process/Treadmill_Run_Fast.csv,120,DC005,Session2,treadmill,run,fast,6,DC005,6,DC005,0.9996603727340698,1.1378597264410928e-05,2.0004037537546537e-07,1.4615319798849669e-07,3.315200956421904e-05,6.475370906144917e-09,2.0322772797953803e-08,0.9996603727340698,4.887349192017609e-09,6.1795435613021255e-06,7.160437576203549e-09,1.4540809161189827e-06,1.2468556633393746e-05,4.013608304376248e-06,6.418670039920471e-08,0.00017427148122806102,1.0641985070947158e-08,5.220821549301036e-06,2.6983839163108314e-08,1.0493042168491229e-07,1.1243595281484886e-06,4.36656755198328e-09,1.9462834899286463e-08,1.6335619875462726e-05,1.9267656625743257e-06,6.494714762084186e-05,1.2600031240594944e-08,7.914233179917574e-08,6.976151922799545e-08,1.2584539632598535e-08,6.394793672370724e-06
C:/Users/KUBA/GitProjects/WKIRO-Project/data/GF022/Session1/Overground_Run/Run_Comfortable/Post_Process/Run_Comfortable1.csv,4,GF022,Session1,overground,run,comfortable,7,GF022,7,GF022,0.9950674176216125,4.718858974683826e-07,0.0013041781494393945,2.3793738364474848e-05,6.833430234109983e-05,2.66759998339694e-05,1.2803651770809665e-05,9.184167311104829e-07,0.9950674176216125,2.528617528696486e-07,1.3940834833192639e-05,5.332555701897945e-06,1.665295712882653e-05,1.688739189376065e-06,8.57561026350595e-05,2.530516212573275e-06,0.0009832531213760376,1.518498993391404e-05,0.00036152813117951155,8.163938218785916e-06,2.35847219300922e-05,7.24093260942027e-05,4.383125542517519e-06,3.594604550016811e-06,9.95594309642911e-05,5.186446742300177e-06,1.3835503978043562e-06,0.00025368851493112743,0.0003638380439952016,0.0011381554650142789,3.5240424040239304e-05
C:/Users/KUBA/GitProjects/WKIRO-Project/data/GF022/Session1/Overground_Run/Run_Comfortable/Post_Process/Run_Comfortable3.csv,3,GF022,Session1,overground,run,comfortable,7,GF022,7,GF022,0.9940205216407776,6.075266014704539e-07,0.0014767292886972427,2.5188594008795917e-05,8.273070125142112e-05,3.072995968977921e-05,1.8321003153687343e-05,1.144502334682329e-06,0.9940205216407776,3.305040081613697e-07,1.5047346096253023e-05,6.532739917020081e-06,1.9569775759009644e-05,1.970939365492086e-06,0.00010707933688536286,3.439374268054962e-06,0.0011865057749673724,1.7067708540707827e-05,0.0004651351773645729,1.0573919098533224e-05,3.293433474027552e-05,9.057325223693624e-05,5.410776793723926e-06,4.3081422518298496e-06,0.00010787672363221645,6.0793176999141e-06,1.6039758747865562e-06,0.00031350969220511615,0.0005911761545576155,0.001315820380114019,4.143382830079645e-05
C:/Users/KUBA/GitProjects/WKIRO-Project/data/GF022/Session1/Overground_Run/Run_Comfortable/Post_Process/Run_Comfortable4.csv,3,GF022,Session1,overground,run,comfortable,7,GF022,7,GF022,0.9947032332420349,5.134646698934375e-07,0.0013780988520011306,2.3765343939885497e-05,7.25991849321872e-05,2.4398535970249213e-05,1.4017789908393752e-05,1.1549527698662132e-06,0.9947032332420349,2.913584182806517e-07,1.3389316336542834e-05,5.324767698766664e-06,1.70706698554568e-05,1.8207605307907215e-06,9.100524039240554e-05,3.051157136724214e-06,0.001108908443711698,1.631327177165076e-05,0.0003838913980871439,9.427464647160377e-06,2.9952612749184482e-05,7.371258107014e-05,4.766730853589252e-06,3.949900474253809e-06,9.544446220388636e-05,5.925532605033368e-06,1.4850915022179834e-06,0.00024379380920436233,0.0005080543924123049,0.0011263219639658928,3.8386413507396355e-05
C:/Users/KUBA/GitProjects/WKIRO-Project/data/GF022/Session1/Overground_Run/Run_Comfortable/Post_Process/Run_Comfortable6.csv,3,GF022,Session1,overground,run,comfortable,7,GF022,7,GF022,0.9998634457588196,1.0674312989067403e-08,1.871422318799887e-05,3.5140610634698533e-06,3.519822655562166e-07,2.2538699795404682e-07,3.814293449977413e-07,4.924798790995055e-09,0.9998634457588196,1.768970925297708e-08,4.953011739416979e-06,2.3806813942428562e-07,1.6656091474942514e-06,7.365256493585548e-08,2.1336252302717185e-06,1.2803307747333292e-08,5.331126521923579e-05,4.247468041285174e-06,1.0284348945788224e-06,3.845614173769718e-06,5.960620228506741e-07,7.782792295074614e-07,8.869360499375034e-07,8.358534309138577e-09,7.942044248920865e-06,7.069716190244435e-08,1.275198968642144e-07,3.1727438454254298e-06,3.025378418897162e-06,2.365209184063133e-05,1.4926234825907159e-06
C:/Users/KUBA/GitProjects/WKIRO-Project/data/GF022/Session1/Overground_Run/Run_Fast/Post_Process/Run_Fast2.csv,2,GF022,Session1,overground,run,fast,7,GF022,7,GF022,0.9988654851913452,4.384401108836755e-08,0.000373948976630345,5.640163635689532e-06,3.8000187032594113e-06,7.202276037787669e-07,4.6581544665968977e-07,4.245941909175599e-08,0.9988654851913452,1.9552696528535307e-07,3.102342816418968e-06,1.3787284842692316e-06,2.5875947358144913e-06,8.76005259442536e-08,3.187440597685054e-05,5.765991772932466e-07,0.00034544215304777026,3.7062862247694284e-05,1.5447858459083363e-06,9.838120604399592e-05,2.4524972559447633e-06,1.3387200397119159e-06,9.414897021997604e-07,1.0861275434592699e-08,2.8318303520791233e-05,1.2059632581440383e-06,1.2774179367625038e-06,1.0749742614279967e-05,8.033349877223372e-05,9.89790351013653e-05,1.934756255650427e-06
C:/Users/KUBA/GitProjects/WKIRO-Project/data/GF022/Session1/Overground_Walk/Walk_Comfortable/Post_Process/Walk_Comfortable3.csv,8,GF022,Session1,overground,walk,comfortable,7,GF022,7,GF022,0.994997501373291,6.477602028098772e-07,0.0013316238764673471,2.3908427465357818e-05,6.598868640139699e-05,1.207580316986423e-05,1.3503285117622e-05,1.4622103208239423e-06,0.994997501373291,1.7620111236738012e-07,1.0902662324951962e-05,4.866320523433387e-06,1.5417424947372638e-05,1.3334288269106764e-06,0.00010777969873743132,3.6675364754046313e-06,0.0007721148431301117,1.5598023310303688e-05,0.00042767179547809064,1.2639138731174171e-05,3.991360426880419e-05,7.280462159542367e-05,4.065909706696402e-06,4.237600023770938e-06,6.87125138938427e-05,6.428492270060815e-06,9.019432241075265e-07,0.0002240999456262216,0.0008788321865722537,0.0008535095257684588,2.767033402051311e-05
C:/Users/KUBA/GitProjects/WKIRO-Project/data/GF022/Session1/Overground_Walk/Walk_Slow/Post_Process/Walk_Slow1.csv,7,GF022,Session1,overground,walk,slow,7,GF022,7,GF022,0.9803900122642517,1.3929262649980956e-06,0.004128898028284311,7.883417856646702e-05,9.798159589990973e-05,1.5090609849721659e-05,2.4957480491138995e-05,3.1891397611616412e-06,0.9803900122642517,1.9153496566559625e-07,1.624187825655099e-05,6.610923264815938e-06,1.4080565961194225e-05,3.159992047585547e-06,0.0010378059232607484,1.571941902511753e-05,0.0013104445533826947,2.0728793970192783e-05,0.0013985100667923689,9.267159475712106e-05,0.00011507813906064257,0.00026444069226272404,7.269097750395304e-06,1.3986654266773257e-05,8.588319178670645e-05,7.571260539407376e-06,3.381910119060194e-06,0.0003873177047353238,0.009407096542418003,0.001019563409499824,3.188693517586216e-05
C:/Users/KUBA/GitProjects/WKIRO-Project/data/GF022/Session2/Overground_Run/Run_Fast/Post_Process/Run_Fast2.csv,2,GF022,Session2,overground,run,fast,7,GF022,7,GF022,0.9987842440605164,1.482081017911696e-07,0.0005476074293255806,3.5729099181480706e-05,1.004479031507799e-06,4.309474206820596e-06,7.105328450052184e-07,5.335752817359207e-08,0.9987842440605164,4.255655312590534e-07,3.1276949812308885e-06,3.2457078305014875e-06,3.20122262564837e-06,7.952188525450765e-07,6.980932084843516e-06,4.1257325733567995e-07,8.7427266407758e-05,3.716571518452838e-05,3.2688662940927316e-06,4.7351270040962845e-05,1.3275852097649476e-06,1.6276878795906669e-06,2.1455784917634446e-06,3.563210526635885e-08,1.9268713003839366e-05,2.9308571924957505e-07,1.8319514083486865e-06,6.846318683528807e-06,7.098596688592806e-05,0.0003076459397561848,2.08425844903104e-05
C:/Users/KUBA/GitProjects/WKIRO-Project/data/GF022/Session2/Overground_Run/Run_Fast/Post_Process/Run_Fast3.csv,2,GF022,Session2,overground,run,fast,7,GF022,7,GF022,0.978872537612915,3.6470496524998453e-06,0.0017467443831264973,5.8101388276554644e-05,0.0003529185487423092,0.0002865182759705931,0.0003178051265422255,1.8596670088300016e-06,0.978872537612915,1.7418792594980914e-06,3.58696561306715e-05,6.094044147175737e-05,0.00012378978135529906,3.2133398235600907e-06,0.00033344150870107114,6.032653345755534e-06,0.001235337695106864,7.771325181238353e-05,0.0027553695254027843,2.902039159380365e-05,0.00010937145998468623,0.0003789709589909762,3.239816942368634e-05,8.540407179680187e-06,0.000948424160014838,1.3589256923296489e-05,2.334246801183326e-06,0.006597096566110849,0.0002818535431288183,0.005169625859707594,0.00015526080096606165
C:/Users/KUBA/GitProjects/WKIRO-Project/data/GF022/Session2/Overground_Run/Run_Fast/Post_Process/Run_Fast4.csv,2,GF022,Session2,overground,run,fast,7,GF022,7,GF022,0.997246503829956,2.814168453824095e-07,0.000828963122330606,6.943615517229773e-06,6.311138804449001e-06,1.7427777265766053e-06,7.810926945239771e-07,2.1427852914257528e-07,0.997246503829956,6.257322979763558e-07,3.1259596653399058e-06,1.5164358728725347e-06,7.637000635440927e-06,4.834496962757839e-07,3.377763641765341e-05,3.895916506735375e-06,0.0004633588541764766,7.976569031598046e-05,3.281306589997257e-06,7.735989493085071e-05,5.432224043033784e-06,9.47221906244522e-06,4.147422259848099e-06,3.4627852585344954e-08,2.9937449653516524e-05,3.25203677675745e-06,1.470840743422741e-06,1.4544413716066629e-05,0.0004778816655743867,0.0006845382740721107,2.645481345098233e-06
C:/Users/KUBA/GitProjects/WKIRO-Project/data/GF022/Session2/Overground_Walk/Walk_Comfortable/Post_Process/Walk_Comfortable4.csv,6,GF022,Session2,overground,walk,comfortable,7,GF022,7,GF022,0.9999330639839172,5.506746614258873e-09,9.236076039087493e-06,1.8456772750141681e-06,2.3604917487318744e-07,5.470615249691946e-08,1.6126359980717098e-07,2.084439065797028e-09,0.9999330639839172,2.978218338611782e-09,1.5483528841286898e-06,1.2491263134961628e-07,5.567155767494114e-07,3.0186019017719445e-08,1.515287408437871e-06,5.291079574476498e-09,1.4813255802437197e-05,2.4793009743007133e-06,4.2783827325365564e-07,1.8600647990751895e-06,3.374585446636047e-07,6.837190653641301e-07,2.017134050902314e-07,3.3121463349772284e-09,4.683843599195825e-06,2.9094934461681987e-08,3.39299042195762e-08,2.508496663722326e-06,1.433901047676045e-06,2.1507430574274622e-05,5.783342658105539e-07
C:/Users/KUBA/GitProjects/WKIRO-Project/data/GF022/Session2/Overground_Walk/Walk_Comfortable/Post_Process/Walk_Comfortable6.csv,6,GF022,Session2,overground,walk,comfortable,7,GF022,7,GF022,0.9999377131462097,4.6467234504632415e-09,7.827277840988245e-06,1.8442002556184889e-06,2.176332714043383e-07,4.7750660314704874e-08,1.6928072454902576e-07,1.7502284066495122e-09,0.9999377131462097,2.8045690214639762e-09,1.5713713992226985e-06,1.1949857992021862e-07,4.987832653569058e-07,2.8262332918416178e-08,1.3985641089675482e-06,4.461838454261624e-09,1.5263090972439386e-05,2.596079866634682e-06,3.780612587434007e-07,1.9220681224396685e-06,3.4866283726842084e-07,6.006344506204186e-07,2.0712063530936575e-07,2.652864372620911e-09,4.302055003790883e-06,2.688617151136441e-08,3.176429785867185e-08,2.269900733153918e-06,1.1551800298548187e-06,1.8920854927273467e-05,5.628256189993408e-07
C:/Users/KUBA/GitProjects/WKIRO-Project/data/GF022/Session2/Overground_Walk/Walk_Fast/Post_Process/Walk_Fast2.csv,5,GF022,Session2,overground,walk,fast,7,GF022,7,GF022,0.9999282956123352,4.396766506431504e-09,9.530670467938762e-06,1.7262755136471242e-06,1.9639708170871018e-07,6.867647073249827e-08,1.690152799938005e-07,1.4848203777617641e-09,0.9999282956123352,3.6483853715907344e-09,2.007367356782197e-06,9.246999610468265e-08,4.943335056850628e-07,4.1923279070488206e-08,1.2867283203377156e-06,4.821673282862093e-09,2.22411999857286e-05,2.275048245792277e-06,4.4308657720648625e-07,1.7750023744156351e-06,3.592400048546551e-07,6.888834604978911e-07,2.2845843261620757e-07,3.6659930646720795e-09,3.6223077586328145e-06,2.2916475828083094e-08,4.187990754189741e-08,2.044138454948552e-06,1.5963685200404143e-06,2.0084729840164073e-05,5.988874818285694e-07
C:/Users/KUBA/GitProjects/WKIRO-Project/data/GF022/Session2/Overground_Walk/Walk_Slow/Post_Process/Walk_Slow1.csv,11,GF022,Session2,overground,walk,slow,7,GF022,7,GF022,0.9961332678794861,6.348164447445015e-07,0.0009408863261342049,1.5625862943124957e-05,4.660281047108583e-05,1.157389397121733e-05,1.1541210369614419e-05,7.181830596891814e-07,0.9961332678794861,1.506834479414465e-07,8.185736987798009e-06,4.031860953546129e-06,1.2803126992366742e-05,8.057158424890076e-07,6.925384514033794e-05,2.3901045551610878e-06,0.0004610498435795307,1.3362441677600145e-05,0.0002885719877667725,1.0005541298596654e-05,3.052825923077762e-05,7.504031236749142e-05,3.811289388977457e-06,2.5077326881728368e-06,7.132149039534852e-05,5.202744432608597e-06,6.197724928824755e-07,0.00025181463570334017,0.000470570259494707,0.00103176839184016,2.5362138330820017e-05
C:/Users/KUBA/GitProjects/WKIRO-Project/data/GM001/Session1/Overground_Run/Run_Comfortable/Post_Process/Run_Comfortable7.csv,3,GM001,Session1,overground,run,comfortable,8,GM001,8,GM001,0.9865407943725586,5.525612778001232e-06,9.223602683050558e-05,3.2297091365762753e-06,0.0007947529084049165,0.0005439188680611551,0.001000888179987669,0.00028985258541069925,9.729272960612434e-07,0.9865407943725586,1.593852175574284e-06,1.2189940207463223e-05,0.00011665645433822647,3.803757135756314e-05,3.306724238427705e-06,6.782759010093287e-05,0.000324783701216802,0.008083072490990162,5.562769001699053e-05,7.884163096605334e-06,2.1022112832724815e-06,1.684526296230615e-07,0.00016417949518654495,1.4794345588597935e-05,1.0740060133684892e-05,4.327958231442608e-05,8.43715406517731e-06,1.4312267012428492e-05,1.2885224123238004e-06,3.1429430237039924e-05,0.0017261500470340252
C:/Users/KUBA/GitProjects/WKIRO-Project/data/GM001/Session1/Overground_Run/Run_Fast/Post_Process/Run_Fast12.csv,1,GM001,Session1,overground,run,fast,8,GM001,8,GM001,0.99967360496521,6.593038648361471e-08,2.7973888450105733e-07,1.815042516284393e-08,7.228024969663238e-06,4.0720892684475984e-06,3.415513128857128e-05,5.403750037658028e-06,3.0936673223180833e-09,0.99967360496521,1.5219523419318648e-08,1.3676580579158326e-07,5.478670118463924e-06,8.700193916411081e-07,4.947997123139203e-09,6.863876365059696e-07,2.2814265321358107e-06,0.00023311567201744765,8.639781867714191e-08,8.027750908468079e-08,5.747634190811368e-08,4.936615560779956e-10,8.536698260286357e-06,1.3667934695149597e-07,2.674311758710246e-07,4.222547886456596e-06,9.202561557231093e-08,1.6786198386853357e-07,2.3733051079943834e-09,3.9321537315117894e-07,1.852989589679055e-05
C:/Users/KUBA/GitProjects/WKIRO-Project/data/GM001/Session1/Overground_Run/Run_Fast/Post_Process/Run_Fast9.csv,1,GM001,Session1,overground,run,fast,8,GM001,8,GM001,0.9113150835037231,1.3127772945153993e-05,0.0015159271424636245,1.830062137742061e-05,0.008350618183612823,0.0045319534838199615,0.0035458244383335114,0.0003341950650792569,7.467354589607567e-05,0.9113150835037231,6.800943810958415e-05,3.809527333942242e-05,0.0007524743559770286,6.742068944731727e-05,0.00015205680392682552,0.0003378066758159548,0.024370186030864716,0.03670269995927811,0.001861219177953899,0.00020436220802366734,5.0340360758127645e-05,4.0596446524432395e-06,0.002755038207396865,2.0510173271759413e-05,2.092028626066167e-05,0.00038114347262308,7.219188410090283e-05,0.00012846416211687028,5.4141921282280236e-05,0.0004440475604496896,0.0018152212724089622
C:/Users/KUBA/GitProjects/WKIRO-Project/data/GM001/Session1/Overground_Walk/Walk_Comfortable/Post_Process/Walk_Comfortable7.csv,5,GM001,Session1,overground,walk,comfortable,8,GM001,8,GM001,0.9947071075439453,2.5257011202484136e-06,1.59427072503604e-05,1.8344205727771623e-06,0.0003132318379357457,0.00013488520926330239,0.0006188981933519244,0.0001884554949356243,1.9936707928991382e-07,0.9947071075439453,6.427060839087062e-07,5.928563496127026e-06,6.132730777608231e-05,1.804691055440344e-05,3.4518930647209345e-07,1.2200906894577201e-05,2.651459362823516e-05,0.0026667483616620302,1.331235580437351e-05,1.3128925502314814e-06,9.096877988667984e-07,5.192241658846797e-08,7.853922579670325e-05,7.7605145634152e-06,6.170032520458335e-06,3.458304126979783e-05,2.419548309262609e-06,6.9863467615505215e-06,9.055658267698163e-08,8.006421012396459e-06,0.0010649854084476829
C:/Users/KUBA/GitProjects/WKIRO-Project/data/GM001/Session1/Overground_Walk/Walk_Comfortable/Post_Process/Walk_Comfortable8.csv,5,GM001,Session1,overground,walk,comfortable,8,GM001,8,GM001,0.999376654624939,6.861719015205381e-08,1.985893504752312e-06,5.4404761584692096e-08,0.00014490241301245987,7.115158950909972e-06,2.9338343665585853e-05,2.4201475753216073e-05,8.911719362458825e-09,0.999376654624939,6.680006325865406e-09,6.34491584605712e-07,5.43466876479215e-06,9.046610784935183e-07,9.455150440373927e-09,6.199144877427898e-07,2.2260696823650505e-06,0.00023376646277029067,8.129218258545734e-07,3.823992855700453e-08,9.373862752681816e-08,2.735494497585478e-09,6.642225343966857e-06,5.160569571671658e-07,6.622797741329123e-07,4.902726232103305e-06,1.1145944966983734e-07,4.363583627764456e-07,1.1443842540259652e-09,2.630517315083125e-07,0.00015758602239657193
C:/Users/KUBA/GitProjects/WKIRO-Project/data/GM001/Session1/Overground_Walk/Walk_Comfortable/Post_Process/Walk_Comfortable9.csv,5,GM001,Session1,overground,walk,comfortable,8,GM001,8,GM001,0.9951370358467102,1.6570029401918873e-06,1.8672913938644342e-05,1.477868636357016e-06,0.0003044879122171551,0.0001115875638788566,0.0005083420546725392,0.00013616759679280221,1.726681091440696e-07,0.9951370358467102,5.250481649454741e-07,4.184077170066303e-06,4.346818968770094e-05,9.919320291373879e-06,4.3491817791618814e-07,1.3299289093993139e-05,3.527759690769017e-05,0.0027943968307226896,1.186359986604657e-05,1.5811629054951482e-06,8.210907935790601e-07,4.162115985195669e-08,6.741617107763886e-05,5.582065568887629e-06,4.337930931797018e-06,3.47277382388711e-05,2.579078909548116e-06,6.0377628869900946e-06,1.1382155662431614e-07,6.400608071999159e-06,0.000737435941118747
C:/Users/KUBA/GitProjects/WKIRO-Project/data/GM001/Session1/Overground_Walk/Walk_Fast/Post_Process/Walk_Fast2.csv,2,GM001,Session1,overground,walk,fast,8,GM001,8,GM001,0.999876856803894,1.3007944943410621e-08,3.8835100468759265e-08,4.998251146304256e-09,1.3650860637426376e-06,1.1249397857682197e-06,8.079958206508309e-06,1.5197369975794572e-06,1.2817873429327165e-09,0.999876856803894,7.673495616700166e-09,2.839072443805435e-08,2.351522198296152e-06,3.9015046127133246e-07,4.886080429145068e-10,2.1215713275068993e-07,2.4295020466524875e-06,9.101579780690372e-05,1.5676683062793018e-08,2.2697452806141882e-08,5.30407717747039e-08,4.364671124523767e-11,4.025083399028517e-06,2.970962853510173e-08,8.884723001756356e-08,2.7154674171470106e-06,5.1633438857834335e-08,3.795423708652379e-08,1.0071529166211235e-09,2.2359556339779374e-07,7.3744022301980294e-06
C:/Users/KUBA/GitProjects/WKIRO-Project/data/GM001/Session1/Overground_Walk/Walk_Slow/Post_Process/Walk_Slow3.csv,9,GM001,Session1,overground,walk,slow,8,GM001,8,GM001,0.9933221340179443,3.7425613754749065e-06,1.2348938071227167e-05,3.7254624203342246e-06,0.00022206915309652686,0.00022660635295324028,0.0016972048906609416,0.0002107337350025773,4.357095519935683e-07,0.9933221340179443,1.0730154826887883e-06,1.206353772431612e-05,0.00016052219143602997,3.8631791539955884e-05,2.1263008420646656e-07,6.409349680325249e-06,1.5650261047994718e-05,0.0019170722225680947,3.049814040423371e-05,5.90684521739604e-07,7.170861522354244e-07,8.468697387797874e-08,0.00016317969129886478,1.8252600057167e-05,1.1298865501885302e-05,2.971713911392726e-05,1.1568215541046811e-06,1.4034138985152822e-05,5.791593338244638e-08,1.2562952178996056e-05,0.0018671792931854725
C:/Users/KUBA/GitProjects/WKIRO-Project/data/GM001/Session2/Overground_Run/Run_Comfortable/Post_Process/Run_Comfortable6.csv,4,GM001,Session2,overground,run,comfortable,8,GM001,8,GM001,0.9998330473899841,2.0128480215930722e-08,6.866495994017896e-08,5.154605631219056e-09,2.12546683542314e-06,1.3711196515941992e-06,8.54287100082729e-06,1.9819981389446184e-06,1.4880129350913762e-09,0.9998330473899841,5.8926561408156886e-09,2.8879089342126463e-08,2.280735088788788e-06,4.825775477002026e-07,8.818312746683432e-10,1.8861484818444296e-07,1.5401813016069354e-06,0.00013178092194721103,1.7192999024473465e-08,2.9196208117809874e-08,3.615297927694883e-08,7.631670989605155e-11,3.845423179882346e-06,4.2764860097577184e-08,1.0044124110208941e-07,2.163218368878006e-06,4.647643692123893e-08,4.515966622875567e-08,6.957741049973265e-10,2.064474386997972e-07,9.973253327189013e-06
C:/Users/KUBA/GitProjects/WKIRO-Project/data/GM001/Session2/Overground_Run/Run_Fast/Post_Process/Run_Fast12.csv,2,GM001,Session2,overground,run,fast,8,GM001,8,GM001,0.9998363256454468,2.318207314999654e-08,5.2032785191613584e-08,6.562345333804842e-09,2.1561254470725544e-06,1.4678613524665707e-06,5.381565642892383e-06,2.1696018848160747e-06,1.5595956748271078e-09,0.9998363256454468,5.1508393106303174e-09,3.1978519388076165e-08,3.163119799864944e-06,6.508212209155317e-07,7.660607703741107e-10,1.4859188013360836e-07,1.2501426454036846e-06,0.00013279443373903632,1.835455520904361e-08,1.746506228528233e-08,2.9160664993810315e-08,9.388996524695159e-11,3.9214851312863175e-06,3.475401300079284e-08,1.3544573107537872e-07,1.528696202512947e-06,5.535792624300484e-08,5.87402126939196e-08,5.660101831672648e-10,2.94388058819095e-07,8.242706826422364e-06
C:/Users/KUBA/GitProjects/WKIRO-Project/data/GM001/Session2/Overground_Run/Run_Fast/Post_Process/Run_Fast4.csv,2,GM001,Session2,overground,run,fast,8,GM001,8,GM001,0.9997297525405884,5.3148980327932804e-08,3.168159992128494e-07,2.2625048501367928e-08,7.1483818828710355e-06,5.639066330331843e-06,1.2172401511634234e-05,6.119917088653892e-06,6.914166128524357e-09,0.9997297525405884,1.010656980326985e-08,1.352210858840408e-07,5.65234586247243e-06,1.336445279775944e-06,3.979139240328777e-09,2.7022207405025256e-07,4.244219780957792e-06,0.00018581254698801786,9.48150358226485e-08,6.077720371422402e-08,9.284095625616828e-08,4.15807055453854e-10,1.6077272448455915e-05,1.1852153392055698e-07,2.462234078848269e-07,1.7984257283387706e-06,7.72944304117118e-08,1.5367214700745535e-07,2.264477050317737e-09,4.977219987267745e-07,2.193230830016546e-05
C:/Users/KUBA/GitProjects/WKIRO-Project/data/GM001/Session2/Overground_Walk/Walk_Fast/Post_Process/Walk_Fast12.csv,2,GM001,Session2,overground,walk,fast,8,GM001,8,GM001,0.9998926520347595,1.055584952780464e-08,2.7547237380076695e-08,4.584602919521785e-09,1.022243964143854e-06,1.0085107078339206e-06,6.050620868336409e-06,1.2383131888782373e-06,1.2249785630302767e-09,0.9998926520347595,7.792314349330809e-09,2.46415421401025e-08,2.2972249098529574e-06,3.804158268394531e-07,3.7688679954683835e-10,1.7135951679847494e-07,2.4549474346713396e-06,7.966648263391107e-05,1.2307164176661445e-08,1.905168112159572e-08,4.9835755078220245e-08,3.408210866306938e-11,4.13260249843006e-06,2.1469329425372052e-08,8.247091898283543e-08,2.4064861463557463e-06,5.071552777735633e-08,3.322596242583131e-08,9.328156025389944e-10,2.2961538093113631e-07,5.891839464311488e-06
C:/Users/KUBA/GitProjects/WKIRO-Project/data/GM001/Session2/Overground_Walk/Walk_Fast/Post_Process/Walk_Fast2.csv,3,GM001,Session2,overground,walk,fast,8,GM001,8,GM001,0.9998804926872253,1.3463277603875667e-08,3.989468666532048e-08,4.712512602367269e-09,1.5066711966937874e-06,1.1556056733752484e-06,5.330368821887532e-06,1.45161209275102e-06,1.3864488446202472e-09,0.9998804926872253,6.6108882812443426e-09,2.419463918101883e-08,2.39373503063689e-06,3.966043777836603e-07,4.5478151800004696e-10,1.4635347156399803e-07,2.087912434944883e-06,9.137651795754209e-05,1.4261835268314371e-08,1.6149867221315617e-08,4.268627051828844e-08,4.9739417445904266e-11,3.880063104588771e-06,2.856342717905136e-08,9.74889005078694e-08,1.9668643744807923e-06,5.398395686029289e-08,3.993009656255708e-08,6.787199136049082e-10,2.432016970033146e-07,7.315793027373729e-06
C:/Users/KUBA/GitProjects/WKIRO-Project/data/GM001/Session2/Overground_Walk/Walk_Fast/Post_Process/Walk_Fast3.csv,3,GM001,Session2,overground,walk,fast,8,GM001,8,GM001,0.9968462586402893,1.1042491223633988e-06,1.2172992683190387e-05,6.635452223235916e-07,0.00014013488544151187,6.878004933241755e-05,0.0002352991868974641,0.00011187751806573942,6.905519711608576e-08,0.9968462586402893,1.6683669912254118e-07,2.2485103272629203e-06,2.0002458768431097e-05,6.5532076405361295e-06,2.41366478803684e-07,1.2615219930012245e-05,3.0225857699406333e-05,0.0020644410979002714,4.887500381300924e-06,1.0366914011683548e-06,7.452616159753234e-07,1.8272972468480475e-08,4.7421508497791365e-05,2.1025605292379623e-06,2.4649580154800788e-06,1.9882500055246055e-05,1.4886104509059805e-06,2.9752538921457017e-06,1.116950798518701e-07,4.506009645410813e-06,0.00035943122929893434
C:/Users/KUBA/GitProjects/WKIRO-Project/data/GM001/Session2/Overground_Walk/Walk_Slow/Post_Process/Walk_Slow1.csv,12,GM001,Session2,overground,walk,slow,8,GM001,8,GM001,0.9961341023445129,1.2286674291317468e-06,1.1175386134709697e-05,7.604269285366172e-07,0.00011140709830215201,6.875144754303619e-05,0.00024551540263928473,0.00018329931481275707,6.679811548337966e-08,0.9961341023445129,1.659947344023749e-07,2.0866882550762966e-06,1.5237682418955956e-05,9.205410606227815e-06,2.544748269883712e-07,1.8616194211062975e-05,3.547034793882631e-05,0.002501162700355053,3.7243851238599746e-06,1.586859070812352e-06,1.2429253501977655e-06,1.3897480499736048e-08,4.799362795893103e-05,1.8727711221799836e-06,2.5524766442686087e-06,2.0843244783463888e-05,1.4960345424697152e-06,2.8528311304398812e-06,1.2634272650302592e-07,3.991618996224133e-06,0.0005732299177907407
C:/Users/KUBA/GitProjects/WKIRO-Project/data/GM001/Session2/Treadmill_Walk/Treadmill_Walk_Slow/Post_Process/Treadmill_Walk_Slow.csv,120,GM001,Session2,treadmill,walk,slow,8,GM001,8,GM001,0.9997998476028442,2.7464770013807538e-08,1.2882409805570205e-07,5.97318505768385e-09,3.2842990549397655e-06,3.2416130579804303e-06,3.518923040246591e-05,2.3899160623841453e-06,1.363853363578471e-09,0.9997998476028442,5.9736624535844385e-09,1.0085349799737742e-07,4.10776328862994e-06,3.800804222464649e-07,8.566429232637063e-10,6.466083846135007e-07,4.911388714390341e-06,0.0001230914203915745,6.22239824110693e-08,1.881678279858079e-08,6.327064028255336e-08,1.713851005558098e-10,9.20718321140157e-06,1.3206489768435858e-07,1.6121845192174078e-07,2.676707026694203e-06,6.290008514042711e-08,7.442793048539897e-08,2.554084721495542e-09,1.5298834910026926e-07,1.003661600407213e-05
C:/Users/KUBA/GitProjects/WKIRO-Project/data/GQ016/Session1/Overground_Run/Run_Comfortable/Post_Process/Run_Comfortable1.csv,4,GQ016,Session1,overground,run,comfortable,9,GQ016,9,GQ016,0.9946684837341309,2.4362939257116523e-06,3.068782916670898e-08,0.00034303494612686336,8.585781188230612e-07,1.814239681152685e-06,7.420060865115374e-05,6.44547981210053e-07,6.876605311845196e-06,2.006985596381128e-06,0.9946684837341309,1.5689873180235736e-05,0.0002772472216747701,0.0002003082918236032,1.8594233551993966e-05,6.774453709113004e-07,0.00011688533413689584,3.516076958476333e-07,9.46605796343647e-05,0.0001743495522532612,0.0018838470568880439,0.00010510461288504303,0.0017889922019094229,2.0509762180154212e-05,3.54235589838936e-06,8.439266821369529e-05,7.647019810974598e-05,1.0264615411870182e-05,1.2661434084293433e-05,9.866237633104902e-06,5.245519787422381e-06
C:/Users/KUBA/GitProjects/WKIRO-Project/data/GQ016/Session1/Overground_Run/Run_Comfortable/Post_Process/Run_Comfortable3.csv,4,GQ016,Session1,overground,run,comfortable,9,GQ016,9,GQ016,0.9945842623710632,2.5278336579503957e-06,2.9152399605436585e-08,0.00037871883250772953,8.485086482323823e-07,1.6657988908264088e-06,7.39599418011494e-05,7.418225891342445e-07,7.14393127054791e-06,2.095835043292027e-06,0.9945842623710632,1.628016252652742e-05,0.0002991646178998053,0.00024051996297203004,1.738939681672491e-05,6.869257731523248e-07,0.00010699494305299595,3.643237960204715e-07,9.834776574280113e-05,0.0001749072689563036,0.0019035730510950089,0.00010814097186084837,0.0017615464748814702,2.1044104869361036e-05,3.903674496541498e-06,8.158425043802708e-05,7.319718133658171e-05,1.0865031981666107e-05,1.2554836757772136e-05,1.0703031875891611e-05,6.181285243656021e-06
C:/Users/KUBA/GitProjects/WKIRO-Project/data/GQ016/Session1/Overground_Run/Run_Comfortable/Post_Process/Run_Comfortable8.csv,2,GQ016,Session1,overground,run,comfortable,9,GQ016,9,GQ016,0.9998921155929565,1.7287158371459554e-08,5.66835245408015e-09,7.338348950725049e-06,4.853958301964667e-08,5.883229903247411e-08,8.430132538705948e-07,6.18223072734736e-09,6.822756972724164e-07,8.305780951900488e-09,0.9998921155929565,3.276275037933374e-07,2.001574102905579e-05,7.141859896364622e-06,1.6166020486707566e-06,2.8225674242321475e-08,8.077438906184398e-06,7.737205875990583e-10,2.373460119997617e-05,8.975359378382564e-06,7.328234460146632e-06,4.6294853746076114e-06,6.44258670945419e-06,1.830366272770334e-06,2.886505967580888e-08,7.535040253969782e-07,6.3657266764494125e-06,5.1889227137280614e-08,1.2992102256248472e-06,1.7674611285656283e-07,4.314738788480099e-08
C:/Users/KUBA/GitProjects/WKIRO-Project/data/GQ016/Session1/Overground_Run/Run_Fast/Post_Process/Run_Fast10.csv,3,GQ016,Session1,overground,run,fast,9,GQ016,9,GQ016,0.9998812079429626,2.3217486599946824e-08,6.3359180124678005e-09,9.175203558697831e-06,5.4785118663858157e-08,5.456925222802056e-08,8.873210504134477e-07,7.62780860696921e-09,9.444267448088794e-07,8.552037300546544e-09,0.9998812079429626,4.1710927689564414e-07,2.035494071606081e-05,7.765313057461753e-06,2.0796278477064334e-06,3.575658169552298e-08,1.0188937267230358e-05,1.0729773736173343e-09,2.2788430214859545e-05,9.408205187355634e-06,8.466457074973732e-06,6.326469247142086e-06,7.376622761512408e-06,1.9692618025146658e-06,3.4493115919076445e-08,8.648754032947181e-07,7.531511528213741e-06,6.317009138001595e-08,1.7078646123991348e-06,2.261424043581428e-07,4.538300757417346e-08
C:/Users/KUBA/GitProjects/WKIRO-Project/data/GQ016/Session1/Overground_Run/Run_Fast/Post_Process/Run_Fast2.csv,2,GQ016,Session1,overground,run,fast,9,GQ016,9,GQ016,0.999875545501709,2.6704656264087134e-08,6.63488641805543e-09,1.1420928785810247e-05,7.843232907589481e-08,4.936409325750901e-08,8.995563121061423e-07,7.280473113269181e-09,1.488478801547899e-06,6.050801637513814e-09,0.999875545501709,5.366258619687869e-07,1.6814614355098456e-05,7.698015906498767e-06,2.843572474375833e-06,2.9717924121541728e-08,1.2119789971620776e-05,1.479218525446413e-09,1.9239651010138914e-05,1.0448011380503885e-05,1.0615952305670362e-05,9.330668035545386e-06,5.473609235195909e-06,1.9795829757640604e-06,5.063542829475409e-08,9.008233519125497e-07,9.889970897347666e-06,7.56787628120037e-08,2.172184395021759e-06,2.909270051532076e-07,3.941820736486079e-08
C:/Users/KUBA/GitProjects/WKIRO-Project/data/GQ016/Session1/Overground_Run/Run_Fast/Post_Process/Run_Fast4.csv,2,GQ016,Session1,overground,run,fast,9,GQ016,9,GQ016,0.9998416900634766,5.863157426233556e-08,1.2682860095480919e-08,2.346640030737035e-05,5.617338061369992e-08,6.317556966450866e-08,1.1080581998612615e-06,7.859736861348665e-09,2.23697293222358e-06,9.453342109111418e-09,0.9998416900634766,6.262187071115477e-07,1.9712919311132282e-05,6.364681667037075e-06,2.364373585805879e-06,3.5530053565935305e-08,7.783102773828432e-06,3.2647560210818938e-09,2.4900466087274253e-05,2.1179575924179517e-05,6.955313892831327e-06,9.46664295042865e-06,6.822021077823592e-06,2.3468974177376367e-06,8.457123357175078e-08,7.245534447974933e-07,1.8071366866934113e-05,1.6700523985946347e-07,3.0926178169465857e-06,4.899077907793981e-07,1.3276525123728788e-07
C:/Users/KUBA/GitProjects/WKIRO-Project/data/GQ016/Session1/Overground_Run/Run_Fast/Post_Process/Run_Fast9.csv,2,GQ016,Session1,overground,run,fast,9,GQ016,9,GQ016,0.9958272576332092,2.345077064092038e-06,4.2208327499793086e-08,0.0005898739909753203,9.894470167637337e-07,1.5227417407004395e-06,4.676892058341764e-05,9.208311553265958e-07,8.120884558593389e-06,1.2446319033188047e-06,0.9958272576332092,1.6167447029147297e-05,0.00023262675676960498,0.00028692869818769395,2.5534609449096024e-05,7.521947509303573e-07,0.00011303438805043697,4.062279685967951e-07,8.962490392150357e-05,0.00018861469288822263,0.0011715040309354663,0.00010418777674203739,0.0010586706921458244,1.959396104211919e-05,3.5684663544088835e-06,6.474630208685994e-05,0.00010546493285801262,9.237017366103828e-06,1.5335659554693848e-05,9.578678145771846e-06,5.32477588421898e-06
C:/Users/KUBA/GitProjects/WKIRO-Project/data/GQ016/Session1/Overground_Walk/Walk_Comfortable/Post_Process/Walk_Comfortable8.csv,5,GQ016,Session1,overground,walk,comfortable,9,GQ016,9,GQ016,0.999900221824646,1.5395533736750622e-08,4.04441014012491e-09,6.590833891095826e-06,3.960412797709978e-08,4.608793346960738e-08,8.951554946179385e-07,3.9378682537005716e-09,6.823049716331298e-07,7.913500965628373e-09,0.999900221824646,3.404753385893855e-07,1.661187161516864e-05,4.968298526364379e-06,1.2882990176876774e-06,2.0863271998905475e-08,7.57247335059219e-06,6.744891867249692e-10,2.2653108317172155e-05,9.190302080241963e-06,8.829685611999594e-06,4.737868493975839e-06,6.2992426137498114e-06,1.2085174603271298e-06,3.480640131670043e-08,5.975218755338574e-07,5.711700396204833e-06,6.411622877067202e-08,1.1007996363332495e-06,2.0533748568141164e-07,4.596692804170743e-08
C:/Users/KUBA/GitProjects/WKIRO-Project/data/GQ016/Session1/Overground_Walk/Walk_Slow/Post_Process/Walk_Slow7.csv,9,GQ016,Session1,overground,walk,slow,9,GQ016,9,GQ016,0.9968377351760864,1.6047723647716339e-06,2.9010108093530107e-08,0.0002758169430308044,6.916205848028767e-07,1.3701103398489067e-06,4.176527727395296e-05,4.0102770526573295e-07,5.7766246754908934e-06,9.598620636097621e-07,0.9968377351760864,1.2898871318611782e-05,0.00019650983449537307,0.00012212290312163532,1.831704139476642e-05,5.186254270483914e-07,8.732611604500562e-05,2.1613429623812408e-07,7.268755871336907e-05,0.00014979828847572207,0.0010786989005282521,6.744852726114914e-05,0.0008565776515752077,1.4917459338903427e-05,2.125724904544768e-06,5.625442645396106e-05,7.104948599589989e-05,6.511296305689029e-06,1.051199342327891e-05,6.563831448147539e-06,2.8440708774724044e-06
C:/Users/KUBA/GitProjects/WKIRO-Project/data/GQ016/Session2/Overground_Run/Run_Comfortable/Post_Process/Run_Comfortable1.csv,3,GQ016,Session2,overground,run,comfortable,9,GQ016,9,GQ016,0.9952138066291809,3.0514856916852295e-06,5.24722736372496e-08,0.00039079110138118267,1.3273256627144292e-06,1.9216768123442307e-06,6.534063868457451e-05,9.082293104256678e-07,1.0124970685865264e-05,2.0017866972921183e-06,0.9952138066291809,2.0194833268760704e-05,0.0002904074208345264,0.00020532403141260147,3.0265939130913466e-05,9.790898047867813e-07,0.0001460745552321896,5.355080361368891e-07,0.0001072102677426301,0.000252874189754948,0.001576890586875379,0.00011437429202487692,0.0012949799420312047,2.205366217822302e-05,4.023958808829775e-06,8.814749890007079e-05,0.00011024248669855297,1.0267262950947043e-05,1.8461016225046478e-05,1.1675925634335726e-05,5.669753591064364e-06
C:/Users/KUBA/GitProjects/WKIRO-Project/data/GQ016/Session2/Overground_Run/Run_Comfortable/Post_Process/Run_Comfortable5.csv,3,GQ016,Session2,overground,run,comfortable,9,GQ016,9,GQ016,0.9964531064033508,2.140964397767675e-06,3.9687602537696876e-08,0.00031295340158976614,1.1353118907209137e-06,1.4336259255287587e-06,5.6415698054479435e-05,5.828882763125875e-07,8.038404303079005e-06,1.2652682244151947e-06,0.9964531064033508,1.6694548321538605e-05,0.00023410201538354158,0.00013850168033968657,2.7801588657894172e-05,7.20332138826052e-07,0.00011548809561645612,3.891203448347369e-07,9.530052921036258e-05,0.00022539292695000768,0.0011526580201461911,8.579782297601923e-05,0.0008532483479939401,1.5790787074365653e-05,2.7563048661249923e-06,7.216906669782475e-05,9.071407112060115e-05,8.203562174458057e-06,1.4368636584549677e-05,9.299327757616993e-06,3.4564666293590562e-06
C:/Users/KUBA/GitProjects/WKIRO-Project/data/GQ016/Session2/Overground_Walk/Walk_Comfortable/Post_Process/Walk_Comfortable3.csv,5,GQ016,Session2,overground,walk,comfortable,9,GQ016,9,GQ016,0.9967875480651855,1.8290211301064119e-06,3.636144896290716e-08,0.0002781162620522082,1.0149529998670914e-06,1.1953248986174003e-06,4.518341302173212e-05,4.849293873121496e-07,8.205983249354176e-06,9.229564739143825e-07,0.9967875480651855,1.5041953702166211e-05,0.00020655756816267967,0.00011355483729857951,2.6678253561840393e-05,7.020340717645013e-07,0.00010408500384073704,3.2850022080310737e-07,8.456085197394714e-05,0.00023919956583995372,0.0010906023671850562,7.377564907073975e-05,0.0007284870953299105,1.3372926332522184e-05,2.4043979465204757e-06,6.618488259846345e-05,7.856912270653993e-05,7.0527225943806116e-06,1.3508337360690348e-05,7.915959031379316e-06,2.8178760658192914e-06
C:/Users/KUBA/GitProjects/WKIRO-Project/data/GQ016/Session2/Overground_Walk/Walk_Comfortable/Post_Process/Walk_Comfortable8.csv,5,GQ016,Session2,overground,walk,comfortable,9,GQ016,9,GQ016,0.9998975992202759,1.2522836989603547e-08,3.974323092847953e-09,6.102037332311738e-06,4.18144168179424e-08,5.140266168268681e-08,8.763116170484864e-07,4.176494705632194e-09,5.595449579232081e-07,8.416551011691809e-09,0.9998975992202759,3.2557201734562113e-07,1.7868071154225618e-05,4.953018105879892e-06,1.3249584753793897e-06,1.9446790844313e-08,7.230167739180615e-06,5.294436000724545e-10,2.8283369829296134e-05,7.932419975986704e-06,8.433458788204007e-06,3.909695351467235e-06,6.35617334410199e-06,1.3105189964335295e-06,2.8056026835088232e-08,5.477767786032928e-07,5.058837814431172e-06,5.9030316634789415e-08,8.536396194358531e-07,1.7203855406933144e-07,4.721537294472e-08
C:/Users/KUBA/GitProjects/WKIRO-Project/data/GQ016/Session2/Overground_Walk/Walk_Fast/Post_Process/Walk_Fast3.csv,4,GQ016,Session2,overground,walk,fast,9,GQ016,9,GQ016,0.9969572424888611,1.95070651898277e-06,4.28236290872519e-08,0.00027413529460318387,9.201436910188932e-07,1.8896506617238629e-06,4.4265510950936005e-05,4.7016663984322804e-07,6.876834504510043e-06,1.1757181255234173e-06,0.9969572424888611,1.5184112271526828e-05,0.00019872511620633304,0.00011629494838416576,2.6389263439341448e-05,6.273414214774675e-07,0.00012071130913682282,3.226582236948161e-07,8.501136471750215e-05,0.0001796961878426373,0.000898021855391562,7.47836020309478e-05,0.0007810000097379088,1.6567215425311588e-05,2.141186996595934e-06,5.7079552789218724e-05,0.00010709949856391177,6.3523766584694386e-06,1.4455811651714612e-05,7.5861189543502405e-06,2.8966364880034234e-06
C:/Users/KUBA/GitProjects/WKIRO-Project/data/GQ016/Session2/Overground_Walk/Walk_Slow/Post_Process/Walk_Slow8.csv,5,GQ016,Session2,overground,walk,slow,9,GQ016,9,GQ016,0.9998947381973267,1.1531521515451004e-08,4.91693619153466e-09,7.384387572528794e-06,4.556884647399784e-08,5.970018435164093e-08,6.987880283304548e-07,4.721585789013716e-09,6.35705305285228e-07,8.450870225829021e-09,0.9998947381973267,3.6302850503489026e-07,1.8947173884953372e-05,5.273755959933624e-06,1.3732914112551953e-06,1.806015070826561e-08,6.80325456414721e-06,4.347904813961634e-10,3.2372343412134796e-05,6.360670340654906e-06,6.969237347220769e-06,3.395216481294483e-06,5.388497811509296e-06,1.6951973975665169e-06,3.102645251829017e-08,4.191086588889448e-07,6.0084485085099e-06,6.063012847334903e-08,7.953734666443779e-07,1.4423793004425534e-07,5.4678441330224814e-08
C:/Users/KUBA/GitProjects/WKIRO-Project/data/HN021/Session1/Overground_Run/Run_Comfortable/Post_Process/Run_Comfortable3.csv,6,HN021,Session1,overground,run,comfortable,10,HN021,10,HN021,0.9958487153053284,0.0006795695517212152,7.2175776040239725e-06,0.0001247577165486291,2.1364481654018164e-05,0.000825502269435674,6.086500548008189e-07,8.185026672435924e-05,1.5105445527296979e-05,1.2621284213309991e-06,9.147119271801785e-06,0.9958487153053284,0.0007373676635324955,4.716393505077576e-06,0.0002592683886177838,1.1311971093164175e-06,2.416948774452976e-08,5.561477109949919e-07,1.5101007193152327e-05,1.2542559488792904e-06,1.4173506315273698e-06,1.0928301890089642e-05,5.984622930554906e-07,5.0337519496679306e-05,0.0005588426720350981,5.735539616580354e-07,2.3240938389790244e-05,0.0007117981440387666,4.950574634676741e-07,5.855163635715144e-06,1.3538502798837726e-06
C:/Users/KUBA/GitProjects/WKIRO-Project/data/HN021/Session1/Overground_Run/Run_Comfortable/Post_Process/Run_Comfortable7.csv,5,HN021,Session1,overground,run,comfortable,10,HN021,10,HN021,0.996611475944519,0.0005719925393350422,6.054947334632743e-06,0.0001113119869842194,1.764464468578808e-05,0.0006929301889613271,4.885424687017803e-07,6.281935202423483e-05,1.1966635611315724e-05,1.0447132581248297e-06,7.1941262831387576e-06,0.996611475944519,0.0005091949133202434,4.252679445926333e-06,0.00018927772180177271,1.0156827556784265e-06,1.9159182684802545e-08,4.771072781295516e-07,1.0258358088321984e-05,1.0886494692385895e-06,1.037832362271729e-06,1.0455767551320605e-05,4.5211919541543466e-07,3.840248245978728e-05,0.0005689915851689875,4.498942871578038e-07,2.2075779270380735e-05,0.0005403634277172387,3.761920481792913e-07,5.66904873267049e-06,1.268676442123251e-06
C:/Users/KUBA/GitProjects/WKIRO-Project/data/HN021/Session1/Overground_Run/Run_Fast/Post_Process/Run_Fast10.csv,2,HN021,Session1,overground,run,fast,10,HN021,10,HN021,0.9998596906661987,2.79409832728561e-05,1.373070972476853e-07,7.510529940191191e-06,1.6354589149614185e-07,3.0258986953413114e-05,8.950371110927335e-09,2.568459649410215e-07,2.022406420110201e-07,1.3072252613710589e-08,2.4502011797267187e-07,0.9998596906661987,4.691981757787289e-06,1.5118368423827633e-07,3.5605166885943618e-06,1.4050790753117326e-08,6.55034568253221e-11,2.3773574220342653e-09,1.16226523516616e-07,5.805217995202838e-08,1.4335048703628672e-08,1.2591392533067847e-06,4.394911101712751e-09,1.4993537433838355e-07,4.72337706014514e-05,3.871581721881512e-09,7.526083436459885e-07,1.4793611626373604e-05,3.167603956910625e-09,5.403591671893082e-07,9.347412088800411e-08
C:/Users/KUBA/GitProjects/WKIRO-Project/data/HN021/Session1/Overground_Run/Run_Fast/Post_Process/Run_Fast9.csv,2,HN021,Session1,overground,run,fast,10,HN021,10,HN021,0.9956209659576416,0.0006966931978240609,6.0671463870676234e-06,0.00010784610640257597,2.651571048772894e-05,0.0008836049237288535,6.017221494403202e-07,9.606777166482061e-05,1.4256022041081451e-05,1.296824166274746e-06,9.140323527390137e-06,0.9956209659576416,0.0008162549929693341,4.537632776191458e-06,0.00032355671282857656,1.0691971965570701e-06,2.656925346400385e-08,6.225417905625363e-07,1.6894127838895656e-05,1.2436280485417228e-06,1.8944656403618865e-06,9.708506695460528e-06,6.755373078703997e-07,5.4482166888192296e-05,0.00048790319124236703,6.646720294156694e-07,2.0551678971969523e-05,0.0007906649261713028,4.658913042021595e-07,4.701988473243546e-06,1.0155088148167124e-06
C:/Users/KUBA/GitProjects/WKIRO-Project/data/HN021/Session1/Overground_Walk/Walk_Fast/Post_Process/Walk_Fast1.csv,4,HN021,Session1,overground,walk,fast,10,HN021,10,HN021,0.9958928823471069,0.0006335084326565266,5.967881406832021e-06,0.0001120794695452787,2.3510685423389077e-05,0.0007510321447625756,6.227705853234511e-07,7.968966383486986e-05,1.5869800336076878e-05,1.1069730589952087e-06,9.265602784580551e-06,0.9958928823471069,0.0007400239701382816,4.331905529397773e-06,0.0002723613288253546,9.955446103049326e-07,2.60271502128262e-08,5.789493684460467e-07,1.4156863471725956e-05,1.28579949887353e-06,1.565881348142284e-06,1.109643289964879e-05,6.02113061631826e-07,4.709984932560474e-05,0.0005996947293169796,6.3003778905113e-07,2.0344288714113645e-05,0.0007529904250986874,4.2398744426463963e-07,5.076788511360064e-06,1.1568521358640282e-06
C:/Users/KUBA/GitProjects/WKIRO-Project/data/HN021/Session1/Overground_Walk/Walk_Fast/Post_Process/Walk_Fast4.csv,5,HN021,Session1,overground,walk,fast,10,HN021,10,HN021,0.9998623132705688,2.6629622880136594e-05,1.212409301842854e-07,6.992029284447199e-06,1.4707990203532972e-07,2.8080650736228563e-05,8.245936378159513e-09,2.1750368262019038e-07,1.8790971978432935e-07,1.1544129208118648e-08,2.261112683754618e-07,0.9998623132705688,4.178044491709443e-06,1.3346894434107526e-07,3.218488245693152e-06,1.1787504305971197e-08,5.853854206927522e-11,2.23600471471741e-09,9.818815982498563e-08,5.674605318972681e-08,1.2808729188407142e-08,1.2220098142279312e-06,3.7605230041037885e-09,1.339910653541665e-07,5.0677692343015224e-05,3.556374750246505e-09,7.475081247321214e-07,1.403199894411955e-05,2.7950162184708915e-09,4.87029126361449e-07,8.345132584963721e-08
C:/Users/KUBA/GitProjects/WKIRO-Project/data/HN021/Session1/Overground_Walk/Walk_Fast/Post_Process/Walk_Fast6.csv,5,HN021,Session1,overground,walk,fast,10,HN021,10,HN021,0.999864935874939,2.6392284780740738e-05,1.1807661337570607e-07,6.86523935655714e-06,1.4776493628687604e-07,2.687282358238008e-05,8.346329849473477e-09,2.1153157092612673e-07,1.8691143566229584e-07,1.1195626647975132e-08,2.2172632441197493e-07,0.999864935874939,4.0835084291757084e-06,1.283015933495335e-07,3.2252569326374214e-06,1.1540248756602978e-08,5.718377854568857e-11,2.2606010396941656e-09,9.648390175698296e-08,5.7008396225910474e-08,1.2657899617352086e-08,1.2119334087401512e-06,3.6496086153192664e-09,1.2921718450797925e-07,4.9685411795508116e-05,3.537584003510119e-09,7.229558036669914e-07,1.4093648132984526e-05,2.7365820720604006e-09,4.863255753662088e-07,8.170214726987979e-08
C:/Users/KUBA/GitProjects/WKIRO-Project/data/HN021/Session2/Overground_Run/Run_Comfortable/Post_Process/Run_Comfortable6.csv,4,HN021,Session2,overground,run,comfortable,10,HN021,10,HN021,0.9998359680175781,3.518842640914954e-05,1.7217421088844276e-07,9.047562343766913e-06,1.5034359535093245e-07,3.3973359677474946e-05,8.434491327591331e-09,2.3511316271651594e-07,2.3388848546801455e-07,1.3207311688745449e-08,2.5309762463621155e-07,0.9998359680175781,4.574875674734358e-06,1.4898721190093056e-07,3.530156618580804e-06,1.4176411156086033e-08,6.020798443140407e-11,2.844844360083698e-09,1.1830060486772709e-07,7.067274054861628e-08,1.3258022235618228e-08,1.454578182347177e-06,4.58138948999931e-09,1.381660723609457e-07,5.570434586843476e-05,3.438940465727569e-09,9.897735253616702e-07,1.7212731108884327e-05,4.0444350091206616e-09,6.272522341532749e-07,1.1866480065236829e-07
C:/Users/KUBA/GitProjects/WKIRO-Project/data/HN021/Session2/Overground_Run/Run_Comfortable/Post_Process/Run_Comfortable8.csv,3,HN021,Session2,overground,run,comfortable,10,HN021,10,HN021,0.9998062252998352,5.0352780817775056e-05,2.352255847881679e-07,1.1213309335289523e-05,1.453635860571012e-07,3.6638204619521275e-05,8.576138021965107e-09,2.8843621180385526e-07,2.857011907053675e-07,1.479090894207502e-08,2.640459513258975e-07,0.9998062252998352,5.111964583193185e-06,1.6993787710362085e-07,3.6641440601670183e-06,1.7932448415081126e-08,5.898252025682282e-11,3.2567422092455445e-09,1.2499872070748097e-07,7.811359381548755e-08,1.3525916386925019e-08,1.7463744370616041e-06,5.0688289121580965e-09,1.699560669976563e-07,6.0827063862234354e-05,3.48274276085192e-09,1.1800914307968924e-06,2.018463783315383e-05,5.85773163308545e-09,8.131160598168208e-07,1.4541460302552878e-07
C:/Users/KUBA/GitProjects/WKIRO-Project/data/HN021/Session2/Overground_Run/Run_Fast/Post_Process/Run_Fast5.csv,2,HN021,Session2,overground,run,fast,10,HN021,10,HN021,0.9997475147247314,4.215977605781518e-05,3.5577807011577534e-07,1.9234197679907084e-05,3.908814960595919e-07,7.05350175849162e-05,1.1772392838338419e-08,3.040083527139359e-07,5.14993871547631e-07,1.6636329647212733e-08,4.778092943524825e-07,0.9997475147247314,5.113717634230852e-06,2.8831681220253813e-07,8.698834790266119e-06,3.277144955404765e-08,1.21482310322385e-10,7.409429958471492e-09,3.001514414791018e-07,1.2070358934579417e-07,3.030572059969927e-08,3.2607472348900046e-06,1.0575621267605584e-08,1.6886171749774803e-07,5.725651863031089e-05,4.785039031673932e-09,1.4613092389481608e-06,4.005996015621349e-05,7.424844739034597e-09,1.4507475043501472e-06,2.848196061222552e-07
C:/Users/KUBA/GitProjects/WKIRO-Project/data/HN021/Session2/Overground_Run/Run_Fast/Post_Process/Run_Fast6.csv,2,HN021,Session2,overground,run,fast,10,HN021,10,HN021,0.9961464405059814,0.0005897024529986084,6.120339094195515e-06,0.0001218642428284511,2.1468553313752636e-05,0.0006980851758271456,7.154010290832957e-07,7.191266922745854e-05,1.690763747319579e-05,1.1109274282716797e-06,9.034698450705037e-06,0.9961464405059814,0.0006302623078227043,4.26742144554737e-06,0.0002713443827815354,1.0951951026072493e-06,2.9480609953225212e-08,6.42363545466651e-07,1.3931581634096801e-05,1.514954988124373e-06,1.7673580714472337e-06,1.1049587556044571e-05,6.71892792070139e-07,4.025415546493605e-05,0.0005412055761553347,6.843335427220154e-07,2.0003441022709012e-05,0.000770817045122385,5.079032234789338e-07,5.332400178303942e-06,1.2344585229584482e-06
C:/Users/KUBA/GitProjects/WKIRO-Project/data/HN021/Session2/Overground_Walk/Walk_Comfortable/Post_Process/Walk_Comfortable1.csv,6,HN021,Session2,overground,walk,comfortable,10,HN021,10,HN021,0.9974096417427063,0.0004383280174806714,4.700742920249468e-06,9.272751049138606e-05,1.283980964217335e-05,0.0005603784811682999,3.4924514125123096e-07,3.754757563001476e-05,9.479176696913783e-06,6.817776920797769e-07,5.806843546452001e-06,0.9974096417427063,0.00032781297340989113,3.1354704788100207e-06,0.00015312631148844957,7.874932066442852e-07,1.359684898005753e-08,3.4824236649910745e-07,7.356632977462141e-06,9.967292271539918e-07,7.283563263627002e-07,9.188756848743651e-06,3.164582267345395e-07,2.2717276806361042e-05,0.0004661366401705891,3.186229378115968e-07,1.888215592771303e-05,0.00040947506204247475,2.927446587364102e-07,4.889615411229897e-06,9.897636346067884e-07
C:/Users/KUBA/GitProjects/WKIRO-Project/data/HN021/Session2/Overground_Walk/Walk_Slow/Post_Process/Walk_Slow2.csv,7,HN021,Session2,overground,walk,slow,10,HN021,10,HN021,0.9998617172241211,2.916430457844399e-05,1.1953868295222492e-07,7.245068900374463e-06,1.3373794160997932e-07,2.548931115597952e-05,7.705596161144967e-09,1.874001043233875e-07,1.8619734021285694e-07,1.0740498268546617e-08,2.155166072270731e-07,0.9998617172241211,3.851761903206352e-06,1.1395581367423802e-07,3.116148263870855e-06,9.894839614332795e-09,4.840158135399619e-11,2.3795774239943057e-09,9.100059372713076e-08,6.204192715131285e-08,1.1049008818986295e-08,1.2113222283005598e-06,3.3855986902864288e-09,1.0791119109399006e-07,5.076914021628909e-05,3.175406382283086e-09,7.745557581984031e-07,1.4634266335633583e-05,2.78751266513666e-09,5.155551434654626e-07,8.782195948242588e-08
C:/Users/KUBA/GitProjects/WKIRO-Project/data/HN021/Session2/Overground_Walk/Walk_Slow/Post_Process/Walk_Slow4.csv,7,HN021,Session2,overground,walk,slow,10,HN021,10,HN021,0.9998632073402405,2.8463240596465766e-05,1.1698649871050293e-07,7.03941486790427e-06,1.290090381189657e-07,2.633210715430323e-05,7.401094848091816e-09,1.8311480687316362e-07,1.8129517798115558e-07,1.0675023531803163e-08,2.1618896539621346e-07,0.9998632073402405,3.860469860228477e-06,1.1644767283769397e-07,3.076212578889681e-06,9.850336546435301e-09,4.7868493890934616e-11,2.245752028784409e-09,8.96115111004292e-08,6.059288182314049e-08,1.1017140089109034e-08,1.1902526466656127e-06,3.406968263064414e-09,1.0662655114401787e-07,4.9978862080024555e-05,3.0724105481994e-09,7.60705916036386e-07,1.422443710907828e-05,2.705274670944391e-09,5.006182846045704e-07,8.484526148322402e-08
C:/Users/KUBA/GitProjects/WKIRO-Project/data/HS018/Session1/Overground_Run/Run_Comfortable/Post_Process/Run_Comfortable1.csv,3,HS018,Session1,overground,run,comfortable,11,HS018,11,HS018,0.9919023513793945,6.56577103654854e-05,2.5772503704502014e-06,3.5550772281567333e-06,0.0002267157397000119,9.207976836478338e-05,4.1230610804632306e-05,0.00017012673197314143,5.428073927760124e-05,0.00011055616050725803,0.0005668316734954715,0.00043456326238811016,0.9919023513793945,1.836490264395252e-05,2.7137264623888768e-05,1.1558030337255332e-06,1.56196904299577e-06,6.503032068394532e-07,0.004115223418921232,7.539752573393343e-07,1.809083369153086e-05,1.1365777936589438e-05,7.56151566747576e-05,0.0013966932892799377,9.055049304151908e-05,2.9571907361969352e-05,7.771697596581362e-07,0.0005354760796763003,1.5124587662285194e-06,4.0120253288478125e-06,9.134271863331378e-07
C:/Users/KUBA/GitProjects/WKIRO-Project/data/HS018/Session1/Overground_Run/Run_Comfortable/Post_Process/Run_Comfortable2.csv,3,HS018,Session1,overground,run,comfortable,11,HS018,11,HS018,0.9998772144317627,1.0627024494169746e-05,2.1625232715649645e-09,5.49233192259635e-09,1.271741325581388e-06,3.456302977156156e-07,4.037013695779024e-06,1.930578264364158e-06,1.1646593520708848e-06,2.826543322953512e-06,1.1823383829323575e-05,5.3886615205556154e-06,0.9998772144317627,6.776505756533879e-08,1.1640261021739207e-07,8.513092453199533e-09,1.579236652560212e-08,1.8556351122356318e-08,3.2104115234687924e-05,1.74785323991955e-08,2.414790287730284e-06,8.045315524896068e-08,5.6341832532780245e-06,1.4642045243817847e-05,2.5609081149013946e-06,4.644727596314624e-06,2.9897535558376376e-09,2.058056998066604e-05,4.959558541628439e-09,4.5525348468800075e-07,4.9433359627926166e-09
C:/Users/KUBA/GitProjects/WKIRO-Project/data/HS018/Session1/Overground_Run/Run_Comfortable/Post_Process/Run_Comfortable6.csv,3,HS018,Session1,overground,run,comfortable,11,HS018,11,HS018,0.9998881816864014,1.2762786354869604e-05,1.8220495112686308e-09,2.652021047211406e-09,1.2361734889054787e-06,3.56592721573179e-07,3.892002951033646e-06,1.0487052577445866e-06,1.079618300536822e-06,2.9802442895743297e-06,6.100832251831889e-06,3.235809344914742e-06,0.9998881816864014,3.896036915307377e-08,6.831712084931496e-08,8.400005135911215e-09,1.4132392145427275e-08,1.8330039708303048e-08,2.505497104721144e-05,1.3859586367459542e-08,2.519707095416379e-06,8.53736423778173e-08,6.173015208332799e-06,1.38691502797883e-05,2.759710469035781e-06,5.528369456442306e-06,2.9888800323618625e-09,2.2403903130907565e-05,2.9469731099851515e-09,5.141148449183675e-07,5.176735040635094e-09
C:/Users/KUBA/GitProjects/WKIRO-Project/data/HS018/Session1/Overground_Run/Run_Fast/Post_Process/Run_Fast4.csv,2,HS018,Session1,overground,run,fast,11,HS018,11,HS018,0.9998435974121094,1.6156263882294297e-05,4.533604602841024e-09,3.433289430532227e-09,2.358810661462485e-06,5.517841827895609e-07,5.391066679294454e-06,1.726462187434663e-06,1.9846133909595665e-06,3.2721468414820265e-06,1.3799774023937061e-05,3.2787952477519866e-06,0.9998435974121094,6.63212631479837e-08,2.43305464664445e-07,2.2224467599585296e-08,3.3698306367568875e-08,4.587504065511894e-08,5.1367500418564305e-05,3.911316426297162e-08,2.435974238323979e-06,1.5950679710385884e-07,6.5099461608042475e-06,1.7286165530094877e-05,2.5600452318030875e-06,5.945644261373673e-06,5.289205518010931e-09,2.0218745703459717e-05,1.0337913636249141e-08,8.692480832905858e-07,5.1408459711410615e-09
C:/Users/KUBA/GitProjects/WKIRO-Project/data/HS018/Session1/Overground_Run/Run_Fast/Post_Process/Run_Fast7.csv,2,HS018,Session1,overground,run,fast,11,HS018,11,HS018,0.999819278717041,9.941688404069282e-06,4.568574407670667e-09,1.7253801942729297e-08,1.5913537936285138e-06,4.469540044738096e-07,5.656586381519446e-06,4.5856672841182444e-06,2.1762825781479478e-06,3.4742879506666213e-06,2.9419446946121752e-05,8.984533451439347e-06,0.999819278717041,1.755822438553878e-07,2.9243705057524494e-07,1.6407913250304773e-08,3.188352337701872e-08,3.172176832322293e-08,5.194531331653707e-05,3.7323140134049027e-08,3.144379206787562e-06,1.0433441843815672e-07,6.927507456566673e-06,2.1378025849116966e-05,2.841576588252792e-06,4.784157681569923e-06,4.703220923829576e-09,2.2054173314245418e-05,1.898788148935182e-08,5.328308816388017e-07,5.9551421571768515e-09
C:/Users/KUBA/GitProjects/WKIRO-Project/data/HS018/Session1/Overground_Walk/Walk_Fast/Post_Process/Walk_Fast3.csv,3,HS018,Session1,overground,walk,fast,11,HS018,11,HS018,0.9996185898780823,6.063450655346969e-06,1.4008448623314962e-08,1.0749396750497908e-07,3.467216629360337e-06,8.774148341217369e-07,3.9741589716868475e-06,6.966091405047337e-06,4.135603830945911e-06,2.5606670988054248e-06,2.37002477661008e-05,5.9972007875330746e-05,0.9996185898780823,1.6000090852230642e-07,9.439910968467302e-07,8.576358290213193e-09,1.4514618840166804e-08,1.3866173098620038e-08,0.00017395084432791919,1.830278684167297e-08,1.8538594304118305e-06,2.0204429063142015e-07,1.2337302905507386e-05,1.75314889929723e-05,5.397962013375945e-06,3.504284904920496e-06,2.322446235325515e-09,5.324378435034305e-05,8.508878934776476e-09,3.0398391004382574e-07,7.412079838786667e-09
C:/Users/KUBA/GitProjects/WKIRO-Project/data/HS018/Session1/Overground_Walk/Walk_Fast/Post_Process/Walk_Fast4.csv,4,HS018,Session1,overground,walk,fast,11,HS018,11,HS018,0.9947777986526489,6.108857633080333e-05,1.3375960179473623e-06,3.0131484436424216e-06,0.00014676907449029386,6.698713696096092e-05,2.270238292112481e-05,0.00012760580284520984,3.600620402721688e-05,7.910008571343496e-05,0.0004810162354260683,0.0004987898282706738,0.9947777986526489,1.5930545487208292e-05,2.09574427572079e-05,7.462955409209826e-07,7.713265404163394e-07,4.420529933213402e-07,0.002183119300752878,7.069962748573744e-07,1.2205704479129054e-05,7.932965672807768e-06,6.123026832938194e-05,0.000822232395876199,8.966084715211764e-05,2.2710633857059292e-05,5.616321914203581e-07,0.00045467278687283397,7.664527856832137e-07,2.6189063646597788e-06,5.821704007757944e-07
C:/Users/KUBA/GitProjects/WKIRO-Project/data/HS018/Session1/Overground_Walk/Walk_Slow/Post_Process/Walk_Slow1.csv,5,HS018,Session1,overground,walk,slow,11,HS018,11,HS018,0.9935734868049622,4.562772664939985e-05,1.6146756252055638e-06,2.764549435596564e-06,0.00016139323997776955,0.00010722132719820365,2.1106134227011353e-05,9.257446072297171e-05,3.3101845474448055e-05,8.795755275059491e-05,0.0005599426804110408,0.00043355589150451124,0.9935734868049622,1.6130992662510835e-05,2.10693251574412e-05,5.972565304546151e-07,9.371144074066251e-07,3.225864304567949e-07,0.0030799750238656998,4.977887329005171e-07,9.065076483238954e-06,7.586155788885662e-06,5.022269760956988e-05,0.0011253947159275413,8.23371738079004e-05,1.689685814199038e-05,7.225580702652223e-07,0.000464185286546126,7.68182985666499e-07,2.3225547920446843e-06,5.945311727373337e-07
C:/Users/KUBA/GitProjects/WKIRO-Project/data/HS018/Session1/Treadmill_Walk/Treadmill_Walk_Comfortable/Post_Process/Treadmill_Walk_Comfortable.csv,120,HS018,Session1,treadmill,walk,comfortable,11,HS018,11,HS018,0.9938236474990845,8.792867447482422e-06,1.2854656006311416e-08,1.3802637113258243e-06,1.3252029020804912e-06,1.1617029258559342e-06,1.1325813829898834e-05,3.671241074698628e-06,1.4195160247254535e-06,2.5678129986772547e-06,3.196230682078749e-05,1.8479855498299003e-05,0.9938236474990845,1.9068551182499505e-07,7.505141638830537e-06,8.987370847535203e-09,1.9033299381021607e-08,1.6926994916843796e-08,0.005861368961632252,2.120141040506951e-08,3.37563164976018e-06,7.76464958107681e-07,4.501111834542826e-05,5.076221714261919e-05,3.1015888453111984e-06,4.12651843362255e-06,3.5141487497725166e-09,0.00011754441220546141,4.9007475411144696e-08,4.117615333143476e-07,4.345731330346325e-09
C:/Users/KUBA/GitProjects/WKIRO-Project/data/HS018/Session2/Overground_Run/Run_Comfortable/Post_Process/Run_Comfortable2.csv,3,HS018,Session2,overground,run,comfortable,11,HS018,11,HS018,0.9915411472320557,5.603130557574332e-05,1.9382948721613502e-06,2.8111487608839525e-06,0.00016469473484903574,7.404715870507061e-05,3.067161014769226e-05,0.00015223142690956593,4.2844738345593214e-05,8.086364687187597e-05,0.00049200578359887,0.0003342927957419306,0.9915411472320557,1.796307878976222e-05,1.7760061382432468e-05,9.800647831070819e-07,1.255693973689631e-06,3.432186019836081e-07,0.004585860762745142,4.616155990788684e-07,1.8452097720000893e-05,1.1905794963240623e-05,7.284570165211335e-05,0.001733674667775631,7.740117871435359e-05,2.3971539121703245e-05,5.623518859465548e-07,0.00045740604400634766,1.7681426243143505e-06,3.0484600301861065e-06,8.062613119363959e-07
C:/Users/KUBA/GitProjects/WKIRO-Project/data/HS018/Session2/Overground_Run/Run_Comfortable/Post_Process/Run_Comfortable4.csv,3,HS018,Session2,overground,run,comfortable,11,HS018,11,HS018,0.991132915019989,6.188290717545897e-05,1.9296023765491555e-06,3.8841913010401186e-06,0.00017624926113057882,7.695751992287114e-05,3.093083796557039e-05,0.00015159876784309745,5.037806477048434e-05,7.05906713847071e-05,0.0005759834893979132,0.00043773188372142613,0.991132915019989,1.9022547348868102e-05,1.897823858598713e-05,1.0095068319060374e-06,1.2822143844459788e-06,3.3293591172878223e-07,0.004510510712862015,6.255722269088437e-07,2.0486608264036477e-05,1.4073081729293335e-05,7.770653610350564e-05,0.0018192677525803447,0.00013208569725975394,3.101760012214072e-05,6.842281550234475e-07,0.0005763629451394081,1.5991400914572296e-06,2.971169124066364e-06,1.0544837323323009e-06
C:/Users/KUBA/GitProjects/WKIRO-Project/data/HS018/Session2/Overground_Walk/Walk_Fast/Post_Process/Walk_Fast3.csv,3,HS018,Session2,overground,walk,fast,11,HS018,11,HS018,0.9998810887336731,9.774343197932467e-06,1.5348012860627591e-09,5.883754372604244e-09,1.0718506473494926e-06,2.658013329437381e-07,3.5793098049907712e-06,2.588710913187242e-06,8.364004315808415e-07,2.459515371810994e-06,1.371561756968731e-05,6.613113782805158e-06,0.9998810887336731,5.8844189965157057e-08,1.1402536870264157e-07,6.838583033186296e-09,1.1753051865071029e-08,1.5838706346471554e-08,3.409529381315224e-05,1.346925060374815e-08,2.120283170370385e-06,6.764847881868263e-08,4.781716597790364e-06,1.2590139704116154e-05,2.077128783639637e-06,4.139549673709553e-06,2.352295691565587e-09,1.7356511307298206e-05,4.000755726707439e-09,4.051604207688797e-07,4.002917108891779e-09
C:/Users/KUBA/GitProjects/WKIRO-Project/data/HS018/Session2/Treadmill_Run/Treadmill_Run_Fast/Post_Process/Treadmill_Run_Fast.csv,120,HS018,Session2,treadmill,run,fast,11,HS018,11,HS018,0.9998944401741028,1.361436807201244e-05,1.5991692414729641e-09,2.501785001385315e-09,1.1817973017969052e-06,3.0239371540119464e-07,3.831128651654581e-06,1.2193265774840256e-06,9.405323453393066e-07,3.002334324264666e-06,6.189083705976373e-06,3.0270273327914765e-06,0.9998944401741028,4.528477859366831e-08,6.457763390699256e-08,8.98907082103051e-09,1.38424161022499e-08,2.0452523230574116e-08,2.274113467137795e-05,1.3746265459246843e-08,2.569294792920118e-06,9.207160189816932e-08,6.374549229803961e-06,1.2169462024758104e-05,2.48623496190703e-06,5.628398866974749e-06,2.7162017079973566e-09,1.9480638002278283e-05,3.1503628594720112e-09,5.315327484822774e-07,4.771409045645214e-09
C:/Users/KUBA/GitProjects/WKIRO-Project/data/HS018/Session2/Treadmill_Walk/Treadmill_Walk_Slow/Post_Process/Treadmill_Walk_Slow.csv,120,HS018,Session2,treadmill,walk,slow,11,HS018,11,HS018,0.9998854994773865,1.0484070116945077e-05,1.4872199027848865e-09,6.25094465078746e-09,9.635409696784336e-07,2.2811757105500874e-07,3.529378318489762e-06,3.0174769563018344e-06,7.796286354277981e-07,2.348446741962107e-06,1.3807079085381702e-05,5.579208391282009e-06,0.9998854994773865,7.501707699475446e-08,1.110206184762319e-07,7.872668739139499e-09,1.1065584004654738e-08,1.5551943732816653e-08,3.112298509222455e-05,1.338537369832693e-08,2.1272851427056594e-06,7.321984440977758e-08,4.957033070240868e-06,1.2431730283424258e-05,1.8111812778442982e-06,4.018346771772485e-06,2.012821465058323e-09,1.6513580703758635e-05,5.999353014374265e-09,4.395074597596249e-07,3.461237296775721e-09
C:/Users/KUBA/GitProjects/WKIRO-Project/data/JS009/Session1/Overground_Run/Run_Comfortable/Post_Process/Run_Comfortable3.csv,3,JS009,Session1,overground,run,comfortable,12,JS009,12,JS009,0.9992499947547913,2.155910806322936e-06,1.4782233392907074e-07,0.00013656461669597775,3.124494796225008e-08,2.1899729745200602e-06,1.995243792407564e-08,3.336710142320953e-05,3.9145916730376484e-07,1.8977719946633442e-06,4.74723638035357e-05,1.56535861606244e-06,4.875421382166678e-07,0.9992499947547913,1.5698635991157062e-07,5.2482439059531316e-05,5.150386641616933e-06,5.797392645945365e-07,7.383506783753546e-08,7.135260239010677e-05,0.0001991281023947522,4.979055574949598e-06,8.865740710461978e-06,2.487661959094112e-06,6.536314231198048e-06,2.3164822948729125e-07,7.88166289567016e-05,5.244618250799249e-08,1.4148522495815996e-05,2.5469773845543386e-06,7.621106487931684e-05
C:/Users/KUBA/GitProjects/WKIRO-Project/data/JS009/Session1/Overground_Run/Run_Comfortable/Post_Process/Run_Comfortable9.csv,2,JS009,Session1,overground,run,comfortable,12,JS009,12,JS009,0.9992145895957947,2.338545982638607e-06,1.5724847912679252e-07,9.704811964184046e-05,2.8416089037364145e-08,2.4693576960999053e-06,1.780178493504536e-08,3.0271417926996946e-05,3.3880087357829325e-07,2.0445588688744465e-06,3.362874485901557e-05,9.031454055730137e-07,4.544236844594707e-07,0.9992145895957947,9.746498363938372e-08,7.435008592437953e-05,6.157252755656373e-06,5.231208319855796e-07,6.790585871385701e-08,6.081820174586028e-05,0.0002536627580411732,4.665762389777228e-06,9.82792698778212e-06,2.850935970855062e-06,6.423986633308232e-06,2.884536343117361e-07,9.024509927257895e-05,4.4515772401609865e-08,1.550592241983395e-05,2.625408569656429e-06,8.760085620451719e-05
C:/Users/KUBA/GitProjects/WKIRO-Project/data/JS009/Session1/Overground_Run/Run_Fast/Post_Process/Run_Fast1.csv,2,JS009,Session1,overground,run,fast,12,JS009,12,JS009,0.9803754091262817,1.218877423525555e-05,3.298775936855236e-07,0.0008167221676558256,1.1784006659354418e-07,3.039560851902934e-06,6.166358730297361e-07,0.00014208300854079425,1.0258727343170904e-05,3.5867876704287482e-06,0.0005717691383324564,1.3786109775537625e-05,4.401802016218426e-06,0.9803754091262817,3.0891646929376293e-06,0.0001923996751429513,4.4542521209223196e-05,6.19677211943781e-06,2.795422915369272e-07,0.00486404076218605,0.012319785542786121,1.2387447895889636e-05,0.00010130679584108293,3.453597400948638e-06,2.941363345598802e-05,1.99310525204055e-05,0.00012982581392861903,1.067631501427968e-06,0.00012076595157850534,7.766083399474155e-06,0.00018944262410514057
C:/Users/KUBA/GitProjects/WKIRO-Project/data/JS009/Session1/Overground_Run/Run_Fast/Post_Process/Run_Fast13.csv,2,JS009,Session1,overground,run,fast,12,JS009,12,JS009,0.9990008473396301,2.2047302081773523e-06,2.1293585916737356e-07,0.00013302636216394603,3.5343489912520454e-08,4.523602001427207e-06,2.3484968636466874e-08,2.5213745175278746e-05,5.388153567764675e-07,2.9357659059314756e-06,6.518456939375028e-05,1.699656877462985e-06,5.360760155781463e-07,0.9990008473396301,1.44099630006167e-07,6.563209171872586e-05,1.1134736269013956e-05,6.293826686487591e-07,8.93685125902266e-08,9.962636977434158e-05,0.00025865965289995074,5.299728400132153e-06,1.2247687664057594e-05,2.7783414680015994e-06,7.686869139433838e-06,3.2078773415378237e-07,0.0001693703088676557,5.754784382361322e-08,2.0603467419277877e-05,3.6506187370832777e-06,0.00010507107072044164
C:/Users/KUBA/GitProjects/WKIRO-Project/data/JS009/Session1/Overground_Run/Run_Fast/Post_Process/Run_Fast7.csv,2,JS009,Session1,overground,run,fast,12,JS009,12,JS009,0.99897700548172,1.8769109146887786e-06,2.2243811770294997e-07,0.0001977165520656854,4.1838156050744146e-08,3.4439719911460998e-06,3.013333937929019e-08,2.9219674615887925e-05,6.142204256320838e-07,2.4693299565115012e-06,8.705734217073768e-05,3.1566405596095137e-06,5.622687808681803e-07,0.99897700548172,2.1320414589354186e-07,5.0205351726617664e-05,8.575780157116242e-06,6.000467465128168e-07,1.1531166421718808e-07,0.00011521269334480166,0.00024609232787042856,4.6802247197774705e-06,9.808416507439688e-06,3.2126445148605853e-06,7.53297808842035e-06,2.5096935019064404e-07,0.00011837358761113137,7.055354700469252e-08,1.8605944205773994e-05,2.7107403184345458e-06,0.00011032768816221505
C:/Users/KUBA/GitProjects/WKIRO-Project/data/JS009/Session1/Overground_Run/Run_Fast/Post_Process/Run_Fast9.csv,2,JS009,Session1,overground,run,fast,12,JS009,12,JS009,0.9982025623321533,4.009050826425664e-06,1.8262463186147215e-07,0.00021054380340501666,4.138000875286707e-08,2.5290150915679988e-06,3.7818189468907804e-08,4.125278792344034e-05,9.085376859729877e-07,2.500532445992576e-06,9.172913269139826e-05,3.3849348710646154e-06,8.803867785900366e-07,0.9982025623321533,2.6932494279208186e-07,8.816814806777984e-05,1.0663916327757761e-05,1.048475610332389e-06,9.373827936087764e-08,0.0002568617928773165,0.0008035990758799016,6.041853794158669e-06,2.0112187485210598e-05,2.473329004715197e-06,1.1687790902215056e-05,7.505708481403417e-07,0.00011276101577095687,1.0075580547663776e-07,2.595965088403318e-05,4.5419888010655995e-06,9.431331272935495e-05
C:/Users/KUBA/GitProjects/WKIRO-Project/data/JS009/Session1/Overground_Walk/Walk_Comfortable/Post_Process/Walk_Comfortable4.csv,5,JS009,Session1,overground,walk,comfortable,12,JS009,12,JS009,0.9999195337295532,8.40925409306692e-08,7.455360773178654e-09,2.354012758587487e-05,9.450454863113578e-10,4.270738429568155e-07,6.850516820477992e-10,5.682696610165294e-06,7.514882049974858e-09,3.38750538730892e-07,5.4345218813978136e-06,5.162460325891516e-08,2.885282768261277e-08,0.9999195337295532,7.553301983875826e-09,3.110096486125258e-06,5.716902364838461e-07,2.966501710943703e-08,7.792690048802342e-09,3.485166871541878e-06,9.584891813574359e-06,2.1357443813485588e-07,6.958385938560241e-07,2.3219061517920636e-07,2.690727853860153e-07,5.16949238971165e-09,1.3932707588537596e-05,2.1106258962788615e-09,1.6902679362829076e-06,2.724522687458375e-07,1.0668514732969925e-05
C:/Users/KUBA/GitProjects/WKIRO-Project/data/JS009/Session1/Overground_Walk/Walk_Comfortable/Post_Process/Walk_Comfortable6.csv,4,JS009,Session1,overground,walk,comfortable,12,JS009,12,JS009,0.999922513961792,8.609953994209718e-08,7.82805908983164e-09,2.215708627772983e-05,9.454497185146238e-10,4.12042538755486e-07,6.596658774782327e-10,5.576488547376357e-06,7.3575070480558225e-09,3.1847324066802685e-07,5.197009159019217e-06,4.9783267286329647e-08,2.7447448758266546e-08,0.999922513961792,7.911667765370112e-09,2.974318931592279e-06,5.30053739566938e-07,2.9066836049196354e-08,7.63231078337867e-09,3.713442310981918e-06,9.404331649420783e-06,2.173242137359921e-07,6.465352271334268e-07,2.2494918994198088e-07,2.4564693035245e-07,4.999535896388352e-09,1.3002284504182171e-05,1.978074148922815e-09,1.6295890645778854e-06,2.6208479653178074e-07,1.0663886314432602e-05
C:/Users/KUBA/GitProjects/WKIRO-Project/data/JS009/Session1/Overground_Walk/Walk_Fast/Post_Process/Walk_Fast2.csv,3,JS009,Session1,overground,walk,fast,12,JS009,12,JS009,0.9999204277992249,9.130339861940229e-08,7.953537384253195e-09,2.2893167624715716e-05,9.684603119453072e-10,4.238179087678873e-07,6.864293022879053e-10,5.712870461138664e-06,7.55776152772114e-09,3.252587248425698e-07,5.482591859617969e-06,5.272637437769845e-08,3.0126134475949584e-08,0.9999204277992249,7.859967787737787e-09,3.320102450743434e-06,5.404798457675497e-07,2.9344382923568446e-08,8.104322546387266e-09,3.6048215861228528e-06,9.58466171141481e-06,2.293014631504775e-07,6.83667622070061e-07,2.446174107717525e-07,2.620197108171851e-07,4.934368025288904e-09,1.3541025509766769e-05,2.1147512629937637e-09,1.7503201661384082e-06,2.689875202577241e-07,1.0445871339470614e-05
C:/Users/KUBA/GitProjects/WKIRO-Project/data/JS009/Session1/Overground_Walk/Walk_Fast/Post_Process/Walk_Fast6.csv,3,JS009,Session1,overground,walk,fast,12,JS009,12,JS009,0.9999194145202637,8.901260883931172e-08,7.871572726969589e-09,2.372834387642797e-05,9.45136746643982e-10,4.125780606045737e-07,6.487814729894126e-10,5.703476290364051e-06,7.745328822750253e-09,3.2178834885598917e-07,5.668306130246492e-06,5.196366714699252e-08,2.973776247472415e-08,0.9999194145202637,7.729812345758091e-09,3.1718402624392183e-06,5.516267265193164e-07,2.8181693423334764e-08,7.95933008390648e-09,3.488412403385155e-06,9.697551831777673e-06,2.2188994819316576e-07,6.649897272836824e-07,2.388323991908692e-07,2.5447749862905766e-07,4.904482153733625e-09,1.3780631888948847e-05,2.0552717305832857e-09,1.7544754200571333e-06,2.766383033758757e-07,1.0377591934229713e-05
C:/Users/KUBA/GitProjects/WKIRO-Project/data/JS009/Session1/Overground_Walk/Walk_Fast/Post_Process/Walk_Fast7.csv,4,JS009,Session1,overground,walk,fast,12,JS009,12,JS009,0.9994494915008545,1.4115258863967028e-06,9.991072147386149e-08,0.0001055356115102768,1.7110659555896746e-08,1.7195488908328116e-06,1.0858926202672592e-08,2.4773627956165e-05,2.436601960198459e-07,1.3968594885227503e-06,4.1743594920262694e-05,1.0705750810302561e-06,3.8985626815701835e-07,0.9994494915008545,1.0688354024068758e-07,3.433707752265036e-05,4.001547040388687e-06,3.176529332904465e-07,5.831546090462325e-08,5.1925253501394764e-05,0.00014065965660847723,3.1361712444777368e-06,6.277257853071205e-06,1.7478248537372565e-06,3.866151018883102e-06,1.1768550223223428e-07,6.24114036327228e-05,3.033036222177543e-08,1.3054250302957371e-05,1.798906623662333e-06,4.821014226763509e-05
C:/Users/KUBA/GitProjects/WKIRO-Project/data/JS009/Session2/Overground_Run/Run_Comfortable/Post_Process/Run_Comfortable9.csv,3,JS009,Session2,overground,run,comfortable,12,JS009,12,JS009,0.9991657137870789,2.048260284936987e-06,1.5551970022897876e-07,9.73214118857868e-05,2.278700073077289e-08,3.7149086438148515e-06,1.821185513506407e-08,1.7750871847965755e-05,3.9471714785577205e-07,2.8451984235289274e-06,5.341690848581493e-05,1.1797316119555035e-06,5.093415893497877e-07,0.9991657137870789,9.697932767949169e-08,6.461673910962418e-05,9.496272468823008e-06,4.962769821759139e-07,6.633394633581702e-08,8.397221245104447e-05,0.00024395524815190583,4.260757123120129e-06,1.3536580809159204e-05,2.218643430751399e-06,6.310806838882854e-06,2.754376566826977e-07,0.00012366582814138383,4.389080388023103e-08,1.8594873836264014e-05,3.1221695735439425e-06,8.015800267457962e-05
C:/Users/KUBA/GitProjects/WKIRO-Project/data/JS009/Session2/Overground_Run/Run_Fast/Post_Process/Run_Fast11.csv,3,JS009,Session2,overground,run,fast,12,JS009,12,JS009,0.9964361190795898,4.549776804196881e-06,2.2660515242023394e-07,0.0003113824932370335,4.846048184958818e-08,3.4582960779516725e-06,7.296913651089199e-08,4.89621888846159e-05,1.9419865111558465e-06,2.9046379950159462e-06,0.00016423985653091222,5.2267259889049456e-06,1.4225443010218441e-06,0.9964361190795898,3.9750761970935855e-07,0.00011731629638234153,1.82488547579851e-05,1.4937012338123168e-06,1.2994378550956753e-07,0.0005282248021103442,0.0019882500637322664,6.719903467455879e-06,3.805452070082538e-05,2.7732387479773024e-06,1.568916741234716e-05,2.2651729523204267e-06,0.00013669281906913966,1.9102090220712853e-07,4.2242416384397075e-05,5.436234005173901e-06,0.00011542122229002416
C:/Users/KUBA/GitProjects/WKIRO-Project/data/JS009/Session2/Overground_Run/Run_Fast/Post_Process/Run_Fast3.csv,2,JS009,Session2,overground,run,fast,12,JS009,12,JS009,0.9990717172622681,2.139208390872227e-06,1.76487333192199e-07,0.0001462458458263427,3.2578853392806195e-08,2.939858859463129e-06,2.2865297211183133e-08,2.7767593564931303e-05,4.89168655803951e-07,2.4416583528363844e-06,6.724858394591138e-05,1.8897568452302949e-06,5.381313030738966e-07,0.9990717172622681,1.5637473893548304e-07,5.855930066900328e-05,8.28621705295518e-06,6.236199396880693e-07,8.072537127645774e-08,0.00010321760782971978,0.00026185749447904527,5.011858775105793e-06,1.1408113095967565e-05,2.395569481450366e-06,6.981367732805666e-06,2.9814523827553785e-07,0.00010897478932747617,5.532390190410297e-08,1.8921818991657346e-05,3.1055183171702083e-06,8.639325096737593e-05
C:/Users/KUBA/GitProjects/WKIRO-Project/data/JS009/Session2/Overground_Run/Run_Fast/Post_Process/Run_Fast5.csv,2,JS009,Session2,overground,run,fast,12,JS009,12,JS009,0.9979883432388306,3.0033791063033277e-06,5.673834380104381e-07,0.00029702886240556836,1.0978030218211643e-07,9.233755008608568e-06,7.816021252438077e-08,3.524489511619322e-05,1.7447476921006455e-06,5.060242074250709e-06,0.00023600400891155005,7.054539310047403e-06,9.536202583149134e-07,0.9979883432388306,5.262881472845038e-07,0.00010889102122746408,2.8258833481231704e-05,1.370381824017386e-06,2.945203334547841e-07,0.0002829883887898177,0.00039279612246900797,1.046082343236776e-05,2.186150595662184e-05,4.969106157659553e-06,1.3375449270824902e-05,6.062286956876051e-07,0.00029818498296663165,1.3242375018762687e-07,4.128873843001202e-05,5.999169843562413e-06,0.00020358421897981316
C:/Users/KUBA/GitProjects/WKIRO-Project/data/JS009/Session2/Overground_Run/Run_Fast/Post_Process/Run_Fast6.csv,2,JS009,Session2,overground,run,fast,12,JS009,12,JS009,0.9998994469642639,1.4236974266168545e-07,1.3033967682929415e-08,2.869524178095162e-05,1.2883086819570622e-09,3.8726818729628576e-07,6.658851803287291e-10,7.997139618964866e-06,1.1615182593516238e-08,3.77212927560322e-07,8.849532605381683e-06,8.40973513049903e-08,4.768553907297246e-08,0.9998994469642639,1.0586499676890071e-08,3.894818291882984e-06,6.340630420709203e-07,2.346380512108226e-08,1.079519407198859e-08,4.385468400869286e-06,1.2708413123618811e-05,2.894785779972153e-07,6.26852397545008e-07,3.7169343158893753e-07,3.0942510420572944e-07,6.260996165963206e-09,1.7496233340352774e-05,2.0895314367663786e-09,2.5365293367940467e-06,3.1352738005807623e-07,1.041666018863907e-05
C:/Users/KUBA/GitProjects/WKIRO-Project/data/JS009/Session2/Overground_Run/Run_Fast/Post_Process/Run_Fast9.csv,2,JS009,Session2,overground,run,fast,12,JS009,12,JS009,0.9989059567451477,2.0850363853242015e-06,2.356226787014748e-07,0.00017552853387314826,4.140147780162806e-08,4.530860223894706e-06,2.7743242370092958e-08,2.7562968170968816e-05,6.31137140771898e-07,2.6925058591587003e-06,8.588268246967345e-05,2.668048409759649e-06,5.636787250296038e-07,0.9989059567451477,2.0875064876690885e-07,5.811313894810155e-05,1.050062564900145e-05,6.62897775782767e-07,1.0734896704889252e-07,0.00012653192970901728,0.0002576654951553792,5.179592790227616e-06,1.0695950550143607e-05,3.1219710763252806e-06,8.238861482823268e-06,2.8108763672207715e-07,0.00017203399329446256,6.749701242370065e-08,2.0073723135283217e-05,3.3194321531482274e-06,0.00011471832840470597
C:/Users/KUBA/GitProjects/WKIRO-Project/data/JS009/Session2/Overground_Walk/Walk_Fast/Post_Process/Walk_Fast3.csv,4,JS009,Session2,overground,walk,fast,12,JS009,12,JS009,0.9993160963058472,1.7095815110224066e-06,1.3680758570444596e-07,0.00010846047371160239,2.2870919380579835e-08,2.431544089631643e-06,1.6820779435988698e-08,2.4328368454007432e-05,3.229109779567807e-07,1.9647150111268274e-06,5.229055022937246e-05,1.2686906529779662e-06,4.500410000218835e-07,0.9993160963058472,1.239701816757588e-07,4.863577851210721e-05,6.1775285757903475e-06,4.4753184624823916e-07,6.94224695507728e-08,7.49166210880503e-05,0.00017551879864186049,3.970784291595919e-06,8.753205293032806e-06,2.1008031581004616e-06,4.85145528728026e-06,1.8371115118043235e-07,8.261790935648605e-05,3.7845431677396846e-08,1.6838130250107497e-05,2.2947774596104864e-06,6.296010542428121e-05
C:/Users/KUBA/GitProjects/WKIRO-Project/data/JS009/Session2/Overground_Walk/Walk_Fast/Post_Process/Walk_Fast8.csv,3,JS009,Session2,overground,walk,fast,12,JS009,12,JS009,0.9999175071716309,8.563452524867898e-08,7.670366564127562e-09,2.4094400941976346e-05,9.172764769971309e-10,3.868426290409843e-07,6.251605344509414e-10,5.910176241741283e-06,7.716571381877202e-09,3.328752029574389e-07,5.730749307986116e-06,4.8827605070300706e-08,2.678022248403522e-08,0.9999175071716309,7.665931889278e-09,3.0757562399230665e-06,5.761206125498575e-07,2.831925094426424e-08,7.183082573192223e-09,3.6241806355974404e-06,1.027186317514861e-05,2.0394243449572969e-07,6.530521545755619e-07,2.2696060852922528e-07,2.4426722688986047e-07,5.596060059787078e-09,1.4097921848588157e-05,1.927696002823609e-09,1.771235474734567e-06,2.817205597693828e-07,1.0758890311990399e-05
C:/Users/KUBA/GitProjects/WKIRO-Project/data/LA014/Session1/Overground_Run/Run_Comfortable/Post_Process/Run_Comfortable8.csv,2,LA014,Session1,overground,run,comfortable,13,LA014,13,LA014,0.999668538570404,5.346807938622078e-07,4.928963608108461e-05,5.338196933735162e-05,3.951066446461482e-06,5.091897401143797e-05,6.0754636876936274e-09,4.959509283253283e-07,2.005162514251424e-06,6.804056873477293e-09,6.914334562679869e-07,1.1629765140241943e-05,2.423045657451439e-07,1.6822529858018243e-07,0.999668538570404,1.1825638779328074e-07,1.4593085495562264e-07,2.8706543275802687e-07,0.00011286372318863869,1.3928234693594277e-05,7.157581194405793e-08,1.957213271452929e-07,5.462634788955256e-08,7.910884392003936e-08,1.3872812232307297e-08,2.0970764680328102e-08,2.109160504915053e-06,1.6499725461471826e-05,1.1637031093414407e-05,6.430452970107581e-08,8.684861718677439e-10
C:/Users/KUBA/GitProjects/WKIRO-Project/data/LA014/Session1/Overground_Run/Run_Fast/Post_Process/Run_Fast5.csv,2,LA014,Session1,overground,run,fast,13,LA014,13,LA014,0.9973583221435547,7.855491276131943e-06,0.00039781074156053364,0.0005641579627990723,5.2417493861867115e-05,0.00013142825628165156,6.582755531781004e-07,3.259057621107786e-06,2.957558535854332e-05,4.710235401717e-08,5.172331384528661e-06,0.00017117717652581632,1.5707355487393215e-06,6.469955451393616e-07,0.9973583221435547,1.230270186169946e-06,1.2684831744991243e-06,1.0720574209699407e-05,0.0005663554766215384,0.00011958593677263707,7.694110308875679e-07,9.90027911029756e-06,5.885834184482519e-07,1.6351712019968545e-06,1.4189888588589383e-06,2.120857800491649e-07,1.6013029380701482e-05,0.00047854124568402767,6.610792479477823e-05,1.5832761164347176e-06,4.0114223054388276e-08
C:/Users/KUBA/GitProjects/WKIRO-Project/data/LA014/Session1/Overground_Run/Run_Fast/Post_Process/Run_Fast6.csv,2,LA014,Session1,overground,run,fast,13,LA014,13,LA014,0.9998663067817688,2.7465171115181874e-07,9.01310340850614e-06,2.6449517463333905e-05,5.7307956922159065e-06,4.462076049094321e-06,1.105293101488769e-08,1.778990679213166e-07,2.969128900076612e-06,9.480924934024415e-10,6.678071713395184e-07,8.620151675131638e-06,8.530533079920133e-08,2.924944908500038e-08,0.9998663067817688,2.246996544386093e-08,1.2425256556980457e-07,3.9569800946992473e-07,3.4189779398730025e-05,1.4718731108587235e-05,8.141248031279247e-08,4.308497807414824e-07,1.558044360194799e-08,2.745448313135057e-08,2.313978342272094e-08,3.872798970405711e-08,5.814111432300706e-07,2.1488740458153188e-05,3.05275307255215e-06,6.057454982055788e-08,2.993056080757839e-10
C:/Users/KUBA/GitProjects/WKIRO-Project/data/LA014/Session1/Overground_Walk/Walk_Fast/Post_Process/Walk_Fast6.csv,4,LA014,Session1,overground,walk,fast,13,LA014,13,LA014,0.9997562766075134,7.876560061959026e-07,1.4486649888567626e-05,1.6465855878777802e-05,2.3197011614684016e-05,3.896287307725288e-05,7.647896538287569e-09,9.739744655234972e-07,6.53261668048799e-06,8.433611142777409e-09,5.741104587286827e-07,3.964787538279779e-05,4.800654664904869e-07,2.1843955977374208e-08,0.9997562766075134,1.3679297694579873e-07,9.395279221280362e-08,1.0273787438563886e-06,3.99630080210045e-05,7.71594659454422e-06,5.780146494771543e-08,1.2183988928882172e-07,1.878152922074605e-08,2.4041444390832112e-08,2.4714150725912987e-08,9.548951140914141e-08,4.418308208187227e-07,5.020016396883875e-05,1.5768800949444994e-06,1.0802432370837778e-07,1.4614094379084008e-09
C:/Users/KUBA/GitProjects/WKIRO-Project/data/LA014/Session1/Overground_Walk/Walk_Slow/Post_Process/Walk_Slow2.csv,6,LA014,Session1,overground,walk,slow,13,LA014,13,LA014,0.9999160766601562,1.2133456550600386e-07,1.8664359231479466e-06,7.743658898107242e-06,6.9992761382309254e-06,1.6109928537844098e-06,9.333288808477391e-09,8.980984489426191e-08,8.537917892681435e-07,3.6809388870295834e-10,3.060133053622849e-07,4.3836867007485125e-06,7.056490147760996e-08,8.5903755220329e-09,0.9999160766601562,9.282926427545135e-09,5.639028088921805e-08,2.0304422321260063e-07,3.3190070098498836e-05,5.647002126352163e-06,4.502039985254669e-08,1.3055579017873242e-07,9.264805811426413e-09,1.61836801737536e-08,7.785065037069216e-09,2.3964311424151674e-08,1.2683429417847947e-07,1.980814522539731e-05,6.036749482518644e-07,1.564302998247058e-08,8.588094818628988e-11
C:/Users/KUBA/GitProjects/WKIRO-Project/data/LA014/Session1/Treadmill_Run/Treadmill_Run_Comfortable/Post_Process/Treadmill_Run_Comfortable.csv,120,LA014,Session1,treadmill,run,comfortable,13,LA014,13,LA014,0.965619683265686,0.00029227728373371065,0.0017417925409972668,0.0015938393771648407,3.4788315588230034e-06,7.599095988553017e-05,4.474116366282033e-08,5.200532996241236e-06,2.093638431688305e-05,2.7619822873248268e-08,1.8480932340025902e-05,2.488166865077801e-05,5.594345680037804e-07,1.8925540643977e-05,0.965619683265686,3.463342727627605e-05,2.372656354054925e-06,1.327472818957176e-05,0.00010377258149674162,0.012943463400006294,1.2880877875431906e-06,2.0967929231119342e-05,1.0151481433240406e-07,7.737811756669544e-06,5.762599926129042e-07,2.739603814916336e-06,0.007155776023864746,3.70714878954459e-05,0.010229899547994137,3.0046183383092284e-05,2.103379870277422e-07
C:/Users/KUBA/GitProjects/WKIRO-Project/data/LA014/Session1/Treadmill_Walk/Treadmill_Walk_Fast/Post_Process/Treadmill_Walk_Fast.csv,120,LA014,Session1,treadmill,walk,fast,13,LA014,13,LA014,0.9999138116836548,1.3064412485164212e-07,3.459659865256981e-06,9.874202987703029e-06,6.301961093413411e-06,2.6975762921210844e-06,7.093835296956286e-09,1.5138601838771137e-07,9.443891144655936e-07,6.806386565472167e-10,3.946399544929591e-07,3.857118372252444e-06,8.422071573477297e-08,1.5953416365732664e-08,0.9999138116836548,1.3949298605098193e-08,7.340511842812703e-08,1.8545308932971238e-07,3.6081892176298425e-05,5.386817520047771e-06,5.4753847678057355e-08,1.1978184488725674e-07,1.3862727854530021e-08,1.813858041543881e-08,6.640754168785179e-09,2.988110736623639e-08,1.8881125640746177e-07,1.5081011042639147e-05,1.0168342896577087e-06,1.8310769789309234e-08,1.204478738969783e-10
C:/Users/KUBA/GitProjects/WKIRO-Project/data/LA014/Session2/Overground_Run/Run_Comfortable/Post_Process/Run_Comfortable4.csv,3,LA014,Session2,overground,run,comfortable,13,LA014,13,LA014,0.9997425079345703,5.679132186742208e-07,3.581946293707006e-05,5.185286499909125e-05,6.2210347095970064e-06,1.5820258340681903e-05,1.3001636212095491e-08,4.765768153447425e-07,2.9641769287991337e-06,3.211090060517563e-09,7.979091947163397e-07,1.4291511433839332e-05,1.9212568247439776e-07,6.302383326328709e-08,0.9997425079345703,6.547827524627792e-08,1.328836134462108e-07,5.442757355922367e-07,7.757975981803611e-05,1.8815757357515395e-05,7.414255520643565e-08,2.7979322680948826e-07,3.855463148738636e-08,6.264042440307094e-08,1.9531748662870996e-08,3.983798535500682e-08,1.2405836287143757e-06,2.158746065106243e-05,7.83211817179108e-06,7.510348609685025e-08,8.332780576658649e-10
C:/Users/KUBA/GitProjects/WKIRO-Project/data/LA014/Session2/Overground_Run/Run_Comfortable/Post_Process/Run_Comfortable8.csv,3,LA014,Session2,overground,run,comfortable,13,LA014,13,LA014,0.9998464584350586,2.514022980903974e-07,1.4618245586461853e-05,2.328566370124463e-05,6.812253104726551e-06,9.353431778436061e-06,1.0863132615668292e-08,3.754942952127749e-07,1.7810367580750608e-06,2.061792736540724e-09,6.940305752323184e-07,9.321721336164046e-06,1.571003025446771e-07,4.9007123692490495e-08,0.9998464584350586,4.699572642152816e-08,1.396874722559005e-07,3.0964761776886007e-07,5.713814971386455e-05,9.142288035945967e-06,8.61195630363909e-08,2.0580786497248482e-07,3.3156474898987653e-08,4.714355839041673e-08,1.1656889675748516e-08,4.022302491080154e-08,5.067916504231107e-07,1.6011590560083278e-05,3.135907718387898e-06,3.837677908791193e-08,3.177781371377364e-10
C:/Users/KUBA/GitProjects/WKIRO-Project/data/LA014/Session2/Overground_Run/Run_Fast/Post_Process/Run_Fast1.csv,2,LA014,Session2,overground,run,fast,13,LA014,13,LA014,0.9758386611938477,2.9159027690184303e-05,0.002313644392415881,0.014976466074585915,0.0001523997780168429,0.0004994848859496415,5.043438250140753e-06,2.7038562620873563e-05,0.00017821823712438345,9.62532112680492e-07,4.824019561056048e-05,0.0010801318567246199,6.640260835411027e-06,1.4206857485987712e-05,0.9758386611938477,8.50216019898653e-06,1.0179317541769706e-05,4.5779062929796055e-05,0.0014120787382125854,0.0004665064625442028,5.621449417958502e-06,4.1456998587818816e-05,5.0725575420074165e-06,1.4510748769680504e-05,1.931674160005059e-05,1.8087399666910642e-06,0.00025455490685999393,0.0022023897618055344,0.00032545975409448147,1.430288830306381e-05,2.0944262359989807e-06
C:/Users/KUBA/GitProjects/WKIRO-Project/data/LA014/Session2/Overground_Run/Run_Fast/Post_Process/Run_Fast3.csv,2,LA014,Session2,overground,run,fast,13,LA014,13,LA014,0.9407342672348022,4.248264667694457e-05,0.003013396169990301,0.04789434373378754,0.00016237156523857266,0.000580879277549684,7.770866432110779e-06,4.0406106563750654e-05,0.0002641078317537904,2.3510572191298706e-06,0.00011262306361459196,0.0011994746746495366,6.56244674246409e-06,3.8816247979411855e-05,0.9407342672348022,1.2174058610980865e-05,2.1407449821708724e-05,9.70835899352096e-05,0.0011993285734206438,0.0009189593838527799,1.0324796676286496e-05,5.528859401238151e-05,1.0720331374614034e-05,1.8368553355685435e-05,3.351898703840561e-05,2.9383165838225977e-06,0.0007890585693530738,0.002296140883117914,0.0004035094752907753,2.2694413928547874e-05,8.65653419168666e-06
C:/Users/KUBA/GitProjects/WKIRO-Project/data/LA014/Session2/Overground_Run/Run_Fast/Post_Process/Run_Fast7.csv,2,LA014,Session2,overground,run,fast,13,LA014,13,LA014,0.9847402572631836,1.8726876078289934e-05,0.0018960851011797786,0.007811816409230232,0.00016096705803647637,0.0003137241874355823,4.480685674934648e-06,1.6645233699819073e-05,0.00017447402933612466,4.6026877953408984e-07,5.357364352676086e-05,0.0007540024816989899,5.049291303294012e-06,6.127571396064013e-06,0.9847402572631836,8.121729479171336e-06,1.337000594503479e-05,3.8675447285640985e-05,0.001380053348839283,0.0005533356452360749,4.206387984595494e-06,4.0050901588983834e-05,3.544339051586576e-06,8.019929737201892e-06,1.3751471669820603e-05,1.7654823523116647e-06,0.00020592182409018278,0.0014759991317987442,0.0002832901373039931,1.2458944183890708e-05,1.1341198842274025e-06
C:/Users/KUBA/GitProjects/WKIRO-Project/data/LA014/Session2/Overground_Walk/Walk_Comfortable/Post_Process/Walk_Comfortable8.csv,3,LA014,Session2,overground,walk,comfortable,13,LA014,13,LA014,0.9999069571495056,1.452245896871318e-07,4.147681920585455e-06,1.282988887396641e-05,6.596679668291472e-06,2.7987891826342093e-06,9.66371516142317e-09,1.131189151237777e-07,1.1286291510259616e-06,6.219343373636832e-10,3.6159926253276353e-07,7.662848474865314e-06,6.200894375751886e-08,1.4395486580554007e-08,0.9999069571495056,1.5129247188383488e-08,7.366535470509916e-08,2.7114273848383164e-07,3.0153983971104026e-05,8.12654889159603e-06,5.6449049878892765e-08,1.5223561433685973e-07,1.0550116336105475e-08,1.8192379158676886e-08,8.920877370144353e-09,2.6244824979926307e-08,2.1647834103077912e-07,1.7018590369843878e-05,9.836031722443295e-07,2.493941941850153e-08,1.4135931314385175e-10
C:/Users/KUBA/GitProjects/WKIRO-Project/data/LA014/Session2/Overground_Walk/Walk_Fast/Post_Process/Walk_Fast6.csv,3,LA014,Session2,overground,walk,fast,13,LA014,13,LA014,0.9998719096183777,1.8006774382683943e-07,1.2156074262748007e-05,2.0580662749125622e-05,6.7202695390733425e-06,6.4938285504467785e-06,9.878633022708527e-09,2.1136550287792488e-07,1.6247676057901117e-06,1.2682899175331386e-09,5.287542421683611e-07,1.018108468997525e-05,8.87994460185837e-08,2.888576489112893e-08,0.9998719096183777,3.23960342996088e-08,1.1070826388959176e-07,2.7854059680976206e-07,3.961348193115555e-05,9.109702659770846e-06,6.890768844414197e-08,1.664673732193478e-07,1.8307501292724737e-08,3.4424047612446884e-08,1.1188802773176576e-08,2.8920544181687546e-08,4.0589324612483324e-07,1.7449201550334692e-05,1.8884870769397821e-06,3.0302306441853943e-08,2.6600935343346066e-10
C:/Users/KUBA/GitProjects/WKIRO-Project/data/LA014/Session2/Overground_Walk/Walk_Slow/Post_Process/Walk_Slow1.csv,5,LA014,Session2,overground,walk,slow,13,LA014,13,LA014,0.9959484934806824,8.199193871405441e-06,0.000437418173532933,0.0008692696574144065,7.220104453153908e-05,0.00012954845442436635,1.040698748511204e-06,4.130471097596455e-06,5.828124631079845e-05,5.4249859715582716e-08,1.0043688234873116e-05,0.00019694212824106216,2.8916056180605665e-06,7.954120633257844e-07,0.9959484934806824,1.3757420447291224e-06,1.9889373561454704e-06,9.911133020068519e-06,0.0010586017742753029,0.00011998044647043571,1.4927178426660248e-06,1.4319126421469264e-05,7.977018867677543e-07,2.8703950647468446e-06,2.7719286208593985e-06,2.984384366300219e-07,2.139206844731234e-05,0.0009246029076166451,9.754344500834122e-05,2.7022931590181543e-06,6.092916748912103e-08
C:/Users/KUBA/GitProjects/WKIRO-Project/data/LD002/Session1/Overground_Run/Run_Comfortable/Post_Process/Run_Comfortable1.csv,3,LD002,Session1,overground,run,comfortable,14,LD002,14,LD002,0.9966726303100586,9.803442480915692e-06,3.098212255281396e-05,1.708067088657117e-06,6.659096470684744e-06,1.2114599030610407e-06,4.602483727467188e-08,0.0022644579876214266,2.118474213830268e-07,2.4311511879204772e-06,7.347040877903055e-07,1.976550493054674e-06,1.4235094170089724e-07,0.00039974809624254704,2.732385269155202e-07,0.9966726303100586,3.459122353888233e-06,8.629752301203553e-06,9.824686486581413e-08,3.854683382087387e-05,7.502924563596025e-05,7.024582373560406e-06,2.1682817532564513e-06,9.133857929555234e-06,5.189678631722927e-06,7.012098649283871e-05,1.1039540368074086e-05,1.0402990824331937e-07,0.0002967592154163867,1.8115142665919848e-06,7.783834735164419e-05
C:/Users/KUBA/GitProjects/WKIRO-Project/data/LD002/Session1/Overground_Run/Run_Fast/Post_Process/Run_Fast11.csv,2,LD002,Session1,overground,run,fast,14,LD002,14,LD002,0.997452974319458,9.415536624146625e-06,3.582479621400125e-05,1.0120631941390457e-06,1.129080010286998e-05,1.2004569498458295e-06,5.564267269164702e-08,0.0016419003950431943,3.3006674016178295e-07,1.7351767382933758e-06,1.0310860716344905e-06,1.3125290934112854e-06,1.470953918669693e-07,0.00021179229952394962,4.4676761490336503e-07,0.997452974319458,5.297333245835034e-06,9.967053301807027e-06,1.6238510625044e-07,4.1608811443438753e-05,6.454225513152778e-05,1.0245708836009726e-05,1.9540837001841282e-06,9.640179996495135e-06,4.979363438906148e-06,8.166262705344707e-05,1.2512872672232334e-05,1.19480148441653e-07,0.00033080700086429715,1.9287738268758403e-06,5.4210435337154195e-05
C:/Users/KUBA/GitProjects/WKIRO-Project/data/LD002/Session1/Overground_Run/Run_Fast/Post_Process/Run_Fast12.csv,2,LD002,Session1,overground,run,fast,14,LD002,14,LD002,0.9991476535797119,2.0305428733990993e-06,0.0001116088533308357,1.3912411134242575e-07,6.418058092094725e-06,5.8477630773268174e-06,1.1963302348760863e-08,0.00010811952233780175,1.563426366146814e-07,7.067777460179059e-06,2.674144354841701e-07,1.0830898133917799e-07,3.057746411627704e-08,0.00012328125012572855,5.866958474598505e-08,0.9991476535797119,2.4431292331428267e-05,6.564079285453772e-06,7.2832015973745e-08,8.694797543284949e-06,3.624685177783249e-06,6.3182233134284616e-06,8.248728136095451e-07,3.3334517866023816e-06,1.996625314859557e-06,1.3010915608901996e-05,2.5033537895069458e-05,2.093848650019936e-08,0.000353324634488672,2.599464096419979e-06,3.7218109355308115e-05
C:/Users/KUBA/GitProjects/WKIRO-Project/data/LD002/Session1/Overground_Run/Run_Fast/Post_Process/Run_Fast4.csv,2,LD002,Session1,overground,run,fast,14,LD002,14,LD002,0.9989567995071411,1.2894689689346706e-06,4.283389716874808e-05,4.32401179750741e-07,2.282711648149416e-06,8.735534606785222e-07,6.414056485937181e-08,0.00010710483911680058,5.139315639723918e-09,3.6649705634772545e-06,7.729049400495569e-08,1.704927399259759e-08,2.710522917226399e-09,0.00017781872884370387,2.2525821918861766e-07,0.9989567995071411,3.037279748241417e-05,7.986850505403709e-06,1.0601645783481217e-07,1.6454776414320804e-05,1.3355779628909659e-06,1.3073956779408036e-06,1.2679776091317763e-06,1.280138917536533e-06,1.2749995903504896e-07,4.857328804064309e-06,1.0543987627897877e-05,7.775601496007312e-09,0.0006055893027223647,7.690626944167889e-07,2.436678005324211e-05
C:/Users/KUBA/GitProjects/WKIRO-Project/data/LD002/Session1/Overground_Run/Run_Fast/Post_Process/Run_Fast9.csv,2,LD002,Session1,overground,run,fast,14,LD002,14,LD002,0.9952778220176697,1.422791501681786e-05,0.00010277344699716195,2.9096552225382766e-06,2.2825452106189914e-05,3.5611060411611106e-06,1.02218479014482e-07,0.0023460297379642725,6.345562724163756e-07,4.2158317228313535e-06,2.459414190525422e-06,2.2052176973375026e-06,2.8850911348854424e-07,0.0010137860663235188,7.337645229199552e-07,0.9952778220176697,1.4031569662620313e-05,1.2440725186024792e-05,3.872396234783082e-07,5.3708321502199396e-05,9.163063077721745e-05,2.6222487576887943e-05,3.3677747524052393e-06,2.9205064492998645e-05,9.03491581993876e-06,0.00011204683687537909,3.4229644370498136e-05,1.953802382104186e-07,0.0006911246455274522,3.431103323237039e-06,0.00012433124356903136
C:/Users/KUBA/GitProjects/WKIRO-Project/data/LD002/Session1/Overground_Walk/Walk_Comfortable/Post_Process/Walk_Comfortable10.csv,3,LD002,Session1,overground,walk,comfortable,14,LD002,14,LD002,0.9998488426208496,2.9192506190156564e-06,1.349254603155714e-06,4.951380194739841e-09,2.511751517886296e-06,2.5924535407284566e-08,5.860800733614724e-10,0.0001097670101444237,3.395149716922674e-09,1.5069993253291614e-07,1.0060137611844766e-08,3.370021772752807e-08,4.683168075558797e-09,1.6734088603698183e-06,2.0251439636354007e-08,0.9998488426208496,4.6223686211988024e-08,1.7660598814472905e-06,4.601119485414529e-09,4.542203896562569e-06,3.9831442677495943e-07,2.0091071917249792e-07,2.2519254017083767e-08,6.442959232799694e-08,3.5558461064510993e-08,6.9013499341963325e-06,3.307110603145702e-07,3.5337659465284332e-09,8.858648470777553e-06,1.90676132660883e-07,9.242983651347458e-06
C:/Users/KUBA/GitProjects/WKIRO-Project/data/LD002/Session1/Overground_Walk/Walk_Comfortable/Post_Process/Walk_Comfortable12.csv,4,LD002,Session1,overground,walk,comfortable,14,LD002,14,LD002,0.9998569488525391,2.6796355996339116e-06,1.5158987025643e-06,4.381292662003489e-09,2.693348505999893e-06,2.8001878149552795e-08,5.638958189280174e-10,0.00010147712600883096,3.1481790507825735e-09,1.6158152504885948e-07,1.093812951324935e-08,2.9969626780257386e-08,4.515628315715503e-09,1.842370693339035e-06,1.914418135129381e-08,0.9998569488525391,5.0382595873088576e-08,1.5808527678018436e-06,5.000798886101165e-09,4.1801522456808016e-06,3.656037392829603e-07,2.1156637330932426e-07,2.0384838705922448e-08,7.152618053396509e-08,3.105612478293551e-08,6.249334546737373e-06,3.493054521186423e-07,3.1496594221636087e-09,9.59082262852462e-06,1.8365888365678984e-07,9.622787729313131e-06
C:/Users/KUBA/GitProjects/WKIRO-Project/data/LD002/Session1/Overground_Walk/Walk_Fast/Post_Process/Walk_Fast6.csv,3,LD002,Session1,overground,walk,fast,14,LD002,14,LD002,0.9998629689216614,2.370551555941347e-06,1.9930628241127124e-06,4.602087155802792e-09,3.1369934276881395e-06,4.626443228517019e-08,5.889019827343134e-10,8.998654084280133e-05,3.020561800681776e-09,2.4512470986337576e-07,1.6122722712452742e-08,2.8661025552878527e-08,5.086791876607322e-09,2.609936927910894e-06,1.835192442456446e-08,0.9998629689216614,8.28525301699301e-08,1.414177063452371e-06,7.199639995292273e-09,3.5454715998639585e-06,3.261013716837624e-07,2.5286942673119484e-07,2.2588062975614775e-08,1.0116090720657667e-07,3.068777232329012e-08,5.492203854373656e-06,5.390586466091918e-07,3.096555678538948e-09,1.2797455383406486e-05,2.072307125899897e-07,1.1653148249024525e-05
C:/Users/KUBA/GitProjects/WKIRO-Project/data/LD002/Session2/Overground_Run/Run_Comfortable/Post_Process/Run_Comfortable14.csv,2,LD002,Session2,overground,run,comfortable,14,LD002,14,LD002,0.9998623728752136,1.8125971337212832e-06,3.727515604623477e-06,5.217991816408585e-09,2.538690296205459e-06,9.768188391490185e-08,5.018089277442073e-10,8.136156247928739e-05,6.209748271146509e-09,2.1638126668221958e-07,2.029893586552589e-08,3.0092813574356114e-08,4.169443901247405e-09,5.377128218242433e-06,1.540226435281511e-08,0.9998623728752136,1.5521007412644394e-07,1.2854595752287423e-06,5.369428901502715e-09,3.3054789128073025e-06,5.872524297956261e-07,4.0122390032593103e-07,2.0589425275829853e-08,1.7581868405613932e-07,5.9388490569745045e-08,4.806233846466057e-06,1.0662286058504833e-06,2.7038715710858696e-09,1.9592187527450733e-05,2.1441482545014878e-07,1.0732673217717092e-05
C:/Users/KUBA/GitProjects/WKIRO-Project/data/LD002/Session2/Overground_Run/Run_Comfortable/Post_Process/Run_Comfortable8.csv,3,LD002,Session2,overground,run,comfortable,14,LD002,14,LD002,0.9998543858528137,2.000047970796004e-06,5.3633889365301e-06,5.376449951910445e-09,2.5234464828827186e-06,1.6867898011696525e-07,5.633887245615199e-10,7.9879435361363e-05,7.477845009873363e-09,2.3463699960757367e-07,2.31748487067307e-08,2.9110395871612127e-08,4.337680437060953e-09,7.568196906504454e-06,1.5454292068284303e-08,0.9998543858528137,2.3094860068795242e-07,1.4486475947705912e-06,5.318799178866129e-09,3.3394055662938626e-06,6.18869364643615e-07,5.531879878617474e-07,2.369542251301482e-08,2.717480072078615e-07,8.034275111867828e-08,5.2638874876720365e-06,1.6388007679779548e-06,2.9265805334688366e-09,2.2845413695904426e-05,2.2497334839499672e-07,1.1233204531890806e-05
C:/Users/KUBA/GitProjects/WKIRO-Project/data/LD002/Session2/Overground_Walk/Walk_Comfortable/Post_Process/Walk_Comfortable6.csv,4,LD002,Session2,overground,walk,comfortable,14,LD002,14,LD002,0.9998435974121094,2.9166276362957433e-06,1.1632893119895016e-06,4.864799674209053e-09,2.2820574940851657e-06,2.1975177233457543e-08,5.96499405425277e-10,0.00011529562470968813,3.2572633479333035e-09,1.3448169511320884e-07,7.779155986042952e-09,3.215052757354897e-08,3.977132845278675e-09,1.5362053318312974e-06,1.979321062606232e-08,0.9998435974121094,3.99137540796346e-08,2.073931000268203e-06,3.56483020880205e-09,5.156511633686023e-06,4.2179144088549947e-07,1.75649844891268e-07,2.190849102134962e-08,5.1437183401503717e-08,3.590216834936655e-08,7.684362572035752e-06,2.86059133713934e-07,3.5458112002118014e-09,7.514990556956036e-06,1.8733292961314874e-07,9.269270776712801e-06
C:/Users/KUBA/GitProjects/WKIRO-Project/data/LD002/Session2/Overground_Walk/Walk_Fast/Post_Process/Walk_Fast1.csv,3,LD002,Session2,overground,walk,fast,14,LD002,14,LD002,0.998261034488678,6.458467396441847e-06,3.896307680406608e-05,6.218715498107485e-07,6.1969826674612705e-06,1.0042118674391531e-06,2.6298764055354695e-08,0.0009760147077031434,1.2708282781659364e-07,1.720384716463741e-06,6.47652086627204e-07,8.247029086305702e-07,7.090738307624633e-08,0.00016660771507304162,2.2183030523592606e-07,0.998261034488678,4.1977878026955295e-06,6.357213806040818e-06,1.1413315093022902e-07,2.94163419312099e-05,2.5591571102268063e-05,5.773392786068143e-06,9.474394460085023e-07,7.1128429226519074e-06,1.8824007383955177e-06,3.54566473106388e-05,1.2792011148121674e-05,4.781790252650353e-08,0.0003632481675595045,1.4474579757006723e-06,4.512720261118375e-05
C:/Users/KUBA/GitProjects/WKIRO-Project/data/LD002/Session2/Overground_Walk/Walk_Fast/Post_Process/Walk_Fast6.csv,3,LD002,Session2,overground,walk,fast,14,LD002,14,LD002,0.9998577237129211,2.226802052973653e-06,1.6377465499317623e-06,4.936527631116405e-09,2.858607331290841e-06,4.77212616090128e-08,6.74343914042197e-10,9.406834578840062e-05,2.657763786828582e-09,2.56660570130407e-07,1.208951516673551e-08,2.5378350088089974e-08,3.952895788472688e-09,2.6955458451993763e-06,1.804199634136694e-08,0.9998577237129211,8.472466106468346e-08,1.9588997020036913e-06,5.392632562717381e-09,4.233520030538784e-06,3.359840832217742e-07,2.1528221338940057e-07,2.491418094052733e-08,7.889208575306839e-08,3.320115737892593e-08,6.536519777000649e-06,5.425191034191812e-07,3.3839473445596013e-09,1.0212940651399549e-05,2.182159306585163e-07,1.394388254993828e-05
C:/Users/KUBA/GitProjects/WKIRO-Project/data/LD002/Session2/Treadmill_Run/Treadmill_Run_Fast/Post_Process/Treadmill_Run_Fast.csv,120,LD002,Session2,treadmill,run,fast,14,LD002,14,LD002,0.9998191595077515,1.6555221691305633e-06,1.1632542737061158e-05,8.283636887540524e-09,3.1682493499829434e-06,4.059881746343308e-07,1.0665502925277792e-09,7.97520624473691e-05,1.5855194490654867e-08,5.616267912955664e-07,3.697481787412471e-08,3.223038902433473e-08,7.155857684182365e-09,1.3994898836244829e-05,1.4484160537620028e-08,0.9998191595077515,9.66993297879526e-07,2.485982577127288e-06,6.589532475231863e-09,3.1300849059334723e-06,8.409911629314593e-07,9.151981430477463e-07,4.187865343396879e-08,5.295088953971572e-07,1.9542129336969083e-07,6.54909899822087e-06,3.2227699193754233e-06,3.536340775767144e-09,3.481933890725486e-05,4.140460987400729e-07,1.540648918307852e-05
C:/Users/KUBA/GitProjects/WKIRO-Project/data/LD002/Session2/Treadmill_Walk/Treadmill_Walk_Comfortable/Post_Process/Treadmill_Walk_Comfortable.csv,125,LD002,Session2,treadmill,walk,comfortable,14,LD002,14,LD002,0.9998471140861511,3.0092285214777803e-06,1.2196089755889261e-06,4.60694993265065e-09,2.335106046302826e-06,2.0606803374789706e-08,5.620646725823519e-10,0.00011327731044730172,3.3180755920625415e-09,1.2552203543236828e-07,8.143291374551609e-09,3.2816537043345306e-08,4.192462821350773e-09,1.4379032791111968e-06,2.0101186493093337e-08,0.9998471140861511,3.644429824589679e-08,1.8417332512399298e-06,3.8023437731737886e-09,4.9119480536319315e-06,4.0651107724443136e-07,1.820012585085351e-07,2.030554036025478e-08,5.428189453482446e-08,3.361185818562262e-08,7.140342404454714e-06,2.6884856652031885e-07,3.36775007880874e-09,7.751053999527358e-06,1.7712072519771027e-07,8.546587196178734e-06
C:/Users/KUBA/GitProjects/WKIRO-Project/data/LD002/Session2/Treadmill_Walk/Treadmill_Walk_Fast/Post_Process/Treadmill_Walk_Fast.csv,125,LD002,Session2,treadmill,walk,fast,14,LD002,14,LD002,0.9998509883880615,2.8715471671603154e-06,1.2878941788585507e-06,4.579173484842158e-09,2.408165073575219e-06,2.3598158094273458e-08,5.681737857976543e-10,0.00010874430154217407,3.1636580022365024e-09,1.398628484139408e-07,8.73974048687387e-09,3.1283672541349006e-08,4.16255785395947e-09,1.5834117448321194e-06,1.967651286349792e-08,0.9998509883880615,4.1445243681437205e-08,1.8132255945602083e-06,4.042342904853058e-09,4.722724497696618e-06,3.8810622982055065e-07,1.8885097574639076e-07,2.066274085166242e-08,5.8183385220900163e-08,3.3052653947152066e-08,6.8906274464097805e-06,3.0118559379843646e-07,3.30620375521562e-09,8.136316864693072e-06,1.8068406859583774e-07,9.111236977332737e-06
C:/Users/KUBA/GitProjects/WKIRO-Project/data/LF003/Session1/Overground_Run/Run_Comfortable/Post_Process/Run_Comfortable10.csv,3,LF003,Session1,overground,run,comfortable,15,LF003,15,LF003,0.9998242259025574,4.123052940729899e-11,6.532004022119509e-07,9.316232763012522e-08,3.473273935128418e-08,6.112024664162163e-08,3.822209691861644e-06,1.116998493699839e-08,8.552103281544987e-06,9.676292620497406e-07,1.3354926522879396e-05,8.06343880555005e-11,3.293266459536426e-08,1.0258245310978964e-06,6.073590697042164e-08,3.8850325267958397e-07,0.9998242259025574,4.385575778087514e-07,5.341727273844299e-07,6.317573479464045e-06,3.433094752836041e-05,2.463675308206348e-08,2.475382098054979e-05,1.228676893560987e-07,3.6625724675332094e-08,3.1590607250109315e-06,2.2039394025341608e-06,8.313436050677581e-10,7.455948070855811e-05,8.914405924542734e-08,1.9867366063408554e-07
C:/Users/KUBA/GitProjects/WKIRO-Project/data/LF003/Session1/Overground_Run/Run_Comfortable/Post_Process/Run_Comfortable8.csv,3,LF003,Session1,overground,run,comfortable,15,LF003,15,LF003,0.9998202323913574,4.987156868030418e-11,6.308332558546681e-07,9.519157373460985e-08,2.7099313015810367e-08,7.400452517458689e-08,3.5148589176969836e-06,1.248556902311293e-08,8.280018846562598e-06,7.36501988285454e-07,1.0893221769947559e-05,8.890210789758157e-11,2.552805078437359e-08,1.1340495120748528e-06,6.151329756676205e-08,4.4514828800856776e-07,0.9998202323913574,4.3050695808233286e-07,4.0786389376989973e-07,6.754637524863938e-06,3.524894782458432e-05,2.1519463544450446e-08,1.9364073523320258e-05,1.0123206806156304e-07,3.9541735219472685e-08,2.8132853913120925e-06,2.5775334506761283e-06,8.291258790649181e-10,8.590834477217868e-05,9.048909532793914e-08,2.1633378821661609e-07
C:/Users/KUBA/GitProjects/WKIRO-Project/data/LF003/Session1/Overground_Run/Run_Fast/Post_Process/Run_Fast3.csv,2,LF003,Session1,overground,run,fast,15,LF003,15,LF003,0.9937374591827393,4.632177308394603e-08,0.00010299003042746335,1.0128029316547327e-05,4.173112029093318e-05,1.48045874084346e-05,0.0013623220147565007,1.7762197330739582e-06,0.0013330759247764945,0.00014908109733369201,0.0006386210443452001,5.224009669291263e-07,2.3559863620903343e-05,3.557370655471459e-05,3.979512257501483e-05,5.110650818096474e-06,0.9937374591827393,0.00012561530456878245,0.00015254400204867125,0.00018966895004268736,0.0007060024654492736,5.3331996241468005e-06,0.0003238254284951836,1.1312708011246286e-05,4.914058536087396e-06,0.00011187560448888689,3.159165498800576e-05,1.5709307490396895e-06,0.0007911846041679382,4.102179082110524e-05,6.894214948260924e-06
C:/Users/KUBA/GitProjects/WKIRO-Project/data/LF003/Session1/Overground_Run/Run_Fast/Post_Process/Run_Fast8.csv,2,LF003,Session1,overground,run,fast,15,LF003,15,LF003,0.999750018119812,7.554583347779698e-11,1.1286074368399568e-06,1.5595711033711268e-07,5.6377881918479034e-08,1.326955327840551e-07,6.802435109420912e-06,1.9843920284756678e-08,1.1915215509361587e-05,1.992277702811407e-06,1.8773849660647102e-05,1.7571077925992995e-10,6.078207803739133e-08,1.3214660157245817e-06,8.974993193078262e-08,4.66224150841299e-07,0.999750018119812,4.974847911398683e-07,1.1831572237497312e-06,6.093461706768721e-06,4.1794730350375175e-05,4.660655150701132e-08,5.8381152484798804e-05,2.1163954500025284e-07,5.438528916101859e-08,3.757070089704939e-06,2.725911144807469e-06,1.6002251745916851e-09,9.185497765429318e-05,1.1347639627956596e-07,3.551527356648876e-07
C:/Users/KUBA/GitProjects/WKIRO-Project/data/LF003/Session1/Overground_Walk/Walk_Fast/Post_Process/Walk_Fast3.csv,3,LF003,Session1,overground,walk,fast,15,LF003,15,LF003,0.9980304837226868,4.298318589945893e-09,1.3267618669488002e-05,2.8592939997906797e-06,4.484473265620181e-06,1.459814484405797e-06,0.0003379056288395077,3.6826881455453986e-07,0.0002848525473382324,2.0130259144934826e-05,0.0002577783598098904,4.617464810507954e-08,2.713712774493615e-06,8.352203622052912e-06,7.149908469727961e-06,1.523831542726839e-06,0.9980304837226868,2.7546040655579418e-05,2.3424368919222616e-05,8.619941218057647e-05,0.00038992599002085626,8.541326792510517e-07,0.0001246192114194855,2.4284083792736055e-06,1.0271909332004725e-06,4.0715403883950785e-05,9.835240234679077e-06,1.5505487738209922e-07,0.0003130401310045272,5.4716997510695364e-06,1.3615236866826308e-06
C:/Users/KUBA/GitProjects/WKIRO-Project/data/LF003/Session1/Overground_Walk/Walk_Fast/Post_Process/Walk_Fast4.csv,4,LF003,Session1,overground,walk,fast,15,LF003,15,LF003,0.999809741973877,7.515196104312949e-11,2.5575488393769774e-07,1.1354088513826355e-07,2.6730205604508228e-08,5.829043914218346e-08,3.6070584883418633e-06,5.275780257107954e-09,2.0021489035570994e-05,3.1596846383763477e-07,1.1732719030987937e-05,1.6519430268147062e-10,1.50912953245097e-08,1.0706472721722093e-06,1.6662005464240792e-07,1.9761621672387264e-07,0.999809741973877,9.242817213817034e-07,1.9114757776605984e-07,2.5213761546183378e-05,6.0119265981484205e-05,3.527131653413562e-08,8.063914719969034e-06,6.203563174267401e-08,1.5043084999888379e-07,2.814359731928562e-06,3.804452944677905e-06,2.38670283536635e-09,5.0936090701725334e-05,2.8135366392234573e-07,1.3763317951998033e-07
C:/Users/KUBA/GitProjects/WKIRO-Project/data/LF003/Session1/Overground_Walk/Walk_Fast/Post_Process/Walk_Fast9.csv,4,LF003,Session1,overground,walk,fast,15,LF003,15,LF003,0.9968317151069641,1.186053477653104e-08,2.3490261810366064e-05,4.664504558604676e-06,7.4177237365802284e-06,4.753735083795618e-06,0.0005511133349500597,6.166402499729884e-07,0.00043831983930431306,5.128802149556577e-05,0.00043364346493035555,8.763463199557009e-08,7.146873031160794e-06,2.1745901904068887e-05,1.1238023034820799e-05,2.20318497667904e-06,0.9968317151069641,3.637603731476702e-05,6.468557694461197e-05,9.927551582222804e-05,0.0005652530817314982,1.8312073279957986e-06,0.0002489212201908231,5.813415555167012e-06,1.7430145362595795e-06,4.2453393689356744e-05,1.8003544028033502e-05,3.493167639589956e-07,0.0005095212836749852,1.3312585906533059e-05,2.9875336622353643e-06
C:/Users/KUBA/GitProjects/WKIRO-Project/data/LF003/Session1/Overground_Walk/Walk_Slow/Post_Process/Walk_Slow5.csv,5,LF003,Session1,overground,walk,slow,15,LF003,15,LF003,0.9965522885322571,1.1894050189198424e-08,2.5215300411218777e-05,4.227201316098217e-06,9.243120075552724e-06,3.873804416798521e-06,0.0008129485067911446,5.363756372389616e-07,0.0005151428049430251,4.820171670871787e-05,0.000438308430602774,1.0925718640919513e-07,7.745172297290992e-06,1.4421602827496827e-05,1.3909028893976938e-05,1.9479537058941787e-06,0.9965522885322571,4.886052192887291e-05,6.661667430307716e-05,0.00011624312901403755,0.0006168996915221214,1.8685843770072097e-06,0.00021306515554897487,4.841439931624336e-06,1.69391137205821e-06,5.5049662478268147e-05,1.4209552318789065e-05,4.3750674194598105e-07,0.0003938924055546522,1.5626626918674447e-05,2.559958829806419e-06
C:/Users/KUBA/GitProjects/WKIRO-Project/data/LF003/Session1/Treadmill_Walk/Treadmill_Walk_Comfortable/Post_Process/Treadmill_Walk_Comfortable.csv,124,LF003,Session1,treadmill,walk,comfortable,15,LF003,15,LF003,0.9998415112495422,4.366022474111553e-11,1.6917992695653084e-07,6.529789686737786e-08,2.485651506844988e-08,2.882158334216456e-08,3.0350990982697112e-06,4.226628380621378e-09,1.1768453077820595e-05,1.637867370618551e-07,5.234365744399838e-06,8.372477711127146e-11,8.302531107062805e-09,6.31122816230345e-07,8.776455473480382e-08,1.70228275919726e-07,0.9998415112495422,4.971198563907819e-07,1.4130237957488134e-07,9.874877832771745e-06,6.681791273877025e-05,2.682693001077041e-08,4.777410140377469e-06,4.4657351594423744e-08,7.790951173092253e-08,2.7776438855653396e-06,2.044805796685978e-06,1.3531445963721467e-09,4.969233486917801e-05,1.4695599759306788e-07,8.81091466453654e-08
C:/Users/KUBA/GitProjects/WKIRO-Project/data/LF003/Session1/Treadmill_Walk/Treadmill_Walk_Fast/Post_Process/Treadmill_Walk_Fast.csv,124,LF003,Session1,treadmill,walk,fast,15,LF003,15,LF003,0.9998427629470825,4.5602906867392434e-11,1.9302757436889806e-07,7.066833518365456e-08,3.193111908217361e-08,3.0248720861436595e-08,4.063106644025538e-06,5.0378123894745386e-09,1.208925914397696e-05,2.4693719069546205e-07,6.900663720443845e-06,1.0025778124367335e-10,1.2247807212872885e-08,6.285360996116651e-07,8.888646618743223e-08,1.6076423037247878e-07,0.9998427629470825,5.345806926015939e-07,1.8956171743411687e-07,9.36044398258673e-06,6.1818391259294e-05,2.8911509630802357e-08,5.979597062832909e-06,6.374126826358406e-08,7.725943618197562e-08,3.4576553389342735e-06,2.040419758486678e-06,1.3965765210954828e-09,4.8852914915187284e-05,1.376017308984956e-07,9.25379595173581e-08
C:/Users/KUBA/GitProjects/WKIRO-Project/data/LF003/Session2/Overground_Run/Run_Comfortable/Post_Process/Run_Comfortable6.csv,2,LF003,Session2,overground,run,comfortable,15,LF003,15,LF003,0.9997290372848511,1.862307356936821e-11,3.6413575799087994e-06,3.987454135767621e-07,1.299763709994295e-07,2.3160370687946852e-07,3.5416001082921866e-06,1.2085881628820516e-08,3.423159068915993e-05,9.237201084033586e-07,6.418639259209158e-06,4.1468689593315844e-10,1.6133114399963233e-08,8.805343441053992e-07,1.9207328705306281e-07,4.806890956388088e-07,0.9997290372848511,3.1998771987673535e-07,1.373186137243465e-06,4.7196117520798e-06,1.9103827071376145e-05,1.0632683000721954e-07,0.0001369243982480839,5.980622574952577e-08,1.0943245598582507e-07,2.972232095999061e-06,1.4354318409459665e-06,2.521898245788634e-09,5.19192180945538e-05,5.0675971863256564e-08,5.96826566834352e-07
C:/Users/KUBA/GitProjects/WKIRO-Project/data/LF003/Session2/Overground_Run/Run_Fast/Post_Process/Run_Fast11.csv,2,LF003,Session2,overground,run,fast,15,LF003,15,LF003,0.5006808042526245,0.00013427076919469982,0.0008452389156445861,0.00013585745182354003,6.78842934576096e-06,6.079803824832197e-06,0.0001963499962585047,6.1756931245327e-05,0.0019339036662131548,1.709593016130384e-05,0.00045973408850841224,7.655742706447199e-07,1.1913969501620159e-05,0.0002094508963637054,0.0001542064273962751,0.001249960740096867,0.5006808042526245,0.0001486003602622077,0.00016372390382457525,0.003416754538193345,0.002062808722257614,0.0003125382063444704,0.00027489016065374017,0.00012603038339875638,9.607327228877693e-06,0.00010598452354315668,0.00013446708908304572,9.539758138998877e-06,0.486711323261261,0.0003794982621911913,4.0100061596604064e-05
C:/Users/KUBA/GitProjects/WKIRO-Project/data/LF003/Session2/Overground_Run/Run_Fast/Post_Process/Run_Fast7.csv,2,LF003,Session2,overground,run,fast,15,LF003,15,LF003,0.6335639953613281,0.0003412214864511043,0.008479892276227474,0.001644608099013567,0.00047446461394429207,2.724348996707704e-05,0.014983028173446655,0.0010076290927827358,0.04425818473100662,0.0002707278181333095,0.0036363997496664524,1.071115184458904e-05,0.0001543423713883385,0.0009304785635322332,0.001066545257344842,0.004429706372320652,0.6335639953613281,0.01824885979294777,0.0007602325058542192,0.019585182890295982,0.012560900300741196,0.0032328227534890175,0.0018254516180604696,0.002055761404335499,0.000488113088067621,0.004400996491312981,0.0007376315770670772,0.0002061666309600696,0.21446958184242249,0.004357529804110527,0.0017915477510541677
C:/Users/KUBA/GitProjects/WKIRO-Project/data/LF003/Session2/Overground_Walk/Walk_Fast/Post_Process/Walk_Fast10.csv,2,LF003,Session2,overground,walk,fast,15,LF003,15,LF003,0.9991623759269714,4.714931778337927e-10,8.735100891499314e-07,3.149476128783135e-07,2.5111511092745786e-08,2.068265985144535e-07,4.535979314823635e-06,3.699640060972342e-08,6.780919648008421e-05,3.0722685551154427e-07,5.24368770129513e-05,2.4182428282060187e-10,1.8630578324518865e-07,1.3915583622292615e-05,1.5440716083503503e-07,8.998879934551951e-07,0.9991623759269714,3.86525243811775e-07,2.8073034172848566e-06,1.1667416401905939e-05,0.0001641110866330564,1.1508493713563439e-07,3.872386150760576e-05,6.340151799122395e-07,1.3875690285658493e-07,2.8881879643449793e-06,3.174350695189787e-06,2.426178147274527e-09,0.000470320344902575,4.572221428134071e-07,5.199032102609635e-07
C:/Users/KUBA/GitProjects/WKIRO-Project/data/LF003/Session2/Overground_Walk/Walk_Slow/Post_Process/Walk_Slow2.csv,5,LF003,Session2,overground,walk,slow,15,LF003,15,LF003,0.9998027086257935,6.662728702089282e-11,2.30636260312167e-07,5.5335164006464765e-08,1.8092686460136065e-08,5.7305406642171874e-08,2.0657309960370185e-06,5.6261120207068416e-09,9.264619620807935e-06,3.750601820229349e-07,4.999785232939757e-06,4.540916601070144e-11,1.6210289999207816e-08,1.2068072692272835e-06,6.941895946965815e-08,3.157864796321519e-07,0.9998027086257935,3.7749538250864134e-07,2.5603748099456425e-07,6.805923476349562e-06,6.601210043299943e-05,3.2266648020140565e-08,1.613588392501697e-05,5.936055202937496e-08,5.7689522492410106e-08,2.1700634533772245e-06,2.484759079379728e-06,1.1434292401801827e-09,8.397865894949064e-05,1.65958851994219e-07,1.0948265583010652e-07
C:/Users/KUBA/GitProjects/WKIRO-Project/data/LF003/Session2/Treadmill_Run/Treadmill_Run_Comfortable/Post_Process/Treadmill_Run_Comfortable.csv,120,LF003,Session2,treadmill,run,comfortable,15,LF003,15,LF003,0.9975847601890564,2.838248247538644e-10,0.0020376311149448156,6.191772428110198e-08,3.2924130209721625e-05,4.5041346652396896e-07,1.2128175512771122e-05,3.981438823075223e-08,7.036663009785116e-05,7.678292490709282e-07,7.439429737132741e-06,1.7864941526113398e-08,1.6578377426412771e-07,1.141085022027255e-06,9.091788342630025e-06,5.052031156083103e-06,0.9975847601890564,7.047035524010425e-07,1.931546830746811e-05,7.356671630986966e-06,6.146640225779265e-05,3.865307462547207e-06,1.665768832026515e-05,5.053029212831461e-07,6.912186734098213e-08,4.810450263903476e-06,1.9327064819663065e-06,4.175018553098653e-09,0.0001208335961564444,3.145013920402562e-07,1.3123344899668155e-07
C:/Users/KUBA/GitProjects/WKIRO-Project/data/LL011/Session1/Overground_Run/Run_Comfortable/Post_Process/Run_Comfortable2.csv,2,LL011,Session1,overground,run,comfortable,16,LL011,16,LL011,0.9998695850372314,5.295860319165513e-07,1.6255762602668256e-06,9.852341520399932e-08,2.9608141630887985e-05,1.9174211729477975e-07,4.114500598006998e-07,8.128336617119203e-07,9.195742336487456e-07,5.716556552215479e-05,4.4008810484719163e-10,2.3538101245890175e-08,5.520767842881469e-09,4.276300202832317e-08,8.993268920676201e-07,2.247963720947155e-06,6.812921355958679e-07,0.9998695850372314,1.1020699908215192e-09,1.892753607535269e-05,7.463650142369715e-09,5.32315169721187e-09,2.4535417253446212e-08,2.012232880321818e-10,5.053137215327297e-07,3.328591446916107e-07,8.544934644305613e-07,6.940890102669073e-07,1.5634430639011043e-08,7.291997462743893e-06,6.48941750114318e-06
C:/Users/KUBA/GitProjects/WKIRO-Project/data/LL011/Session1/Overground_Run/Run_Comfortable/Post_Process/Run_Comfortable9.csv,2,LL011,Session1,overground,run,comfortable,16,LL011,16,LL011,0.722996711730957,4.1911178414011374e-05,0.0018479418940842152,0.00019589634030126035,0.003556135343387723,0.0007665720186196268,0.0026445360854268074,0.0007432434358634055,0.00011630226799752563,0.24124391376972198,1.2608756151166745e-05,4.088325658813119e-05,4.233774961903691e-05,8.639647421659902e-05,0.00011571370851015672,0.000698971445672214,0.004453134723007679,0.722996711730957,9.196183964377269e-05,0.001974305137991905,1.986071038118098e-05,1.9956107735197293e-06,0.0002423615223960951,6.7661139837582596e-06,0.000229624129133299,0.0008683059131726623,0.000250540062552318,0.0001617848756723106,5.8104789786739275e-05,0.0003752618213184178,0.016115982085466385
C:/Users/KUBA/GitProjects/WKIRO-Project/data/LL011/Session1/Overground_Run/Run_Fast/Post_Process/Run_Fast4.csv,2,LL011,Session1,overground,run,fast,16,LL011,16,LL011,0.8051177263259888,7.689675112487748e-05,0.006813257932662964,0.0007267314940690994,0.003951086662709713,0.0008135884418152273,0.0008648132206872106,0.003383663482964039,0.0002643826010171324,0.10554304718971252,1.5790925317560323e-05,7.288835331564769e-05,3.5784214560408145e-05,0.00022923294454813004,0.000199386544409208,0.0016505075618624687,0.00884008128196001,0.8051177263259888,8.07386968517676e-05,0.004939438309520483,1.6759197023930028e-05,2.168599621654721e-06,0.0001456590835005045,1.1031639587599784e-05,0.00030845063156448305,0.000465768069261685,0.0008876207284629345,0.00012778029486071318,0.00021045643370598555,0.0004845455987378955,0.05372069031000137
C:/Users/KUBA/GitProjects/WKIRO-Project/data/LL011/Session1/Overground_Run/Run_Fast/Post_Process/Run_Fast5.csv,1,LL011,Session1,overground,run,fast,16,LL011,16,LL011,0.807668924331665,1.3278904589242302e-05,0.009058774448931217,0.0005964894662611187,0.006667943671345711,0.0005356272449716926,0.0008666946669109166,0.0005694527644664049,0.0003087056684307754,0.07474716007709503,2.07289049285464e-05,4.8480029363418e-05,9.675712135504e-06,0.0001434593868907541,0.00018813530914485455,0.0039146835915744305,0.010730351321399212,0.807668924331665,5.2227245760150254e-05,0.0057501886039972305,2.918271093221847e-06,3.901947820850182e-06,7.41755502531305e-05,7.50026993046049e-06,0.0002629119553603232,0.000325500761391595,0.002447834936901927,6.1638122133445e-05,0.00021688734705094248,0.0005256421281956136,0.07418008148670197
C:/Users/KUBA/GitProjects/WKIRO-Project/data/LL011/Session1/Overground_Walk/Walk_Comfortable/Post_Process/Walk_Comfortable14.csv,5,LL011,Session1,overground,walk,comfortable,16,LL011,16,LL011,0.999921441078186,4.366768848740321e-07,7.889195217103406e-07,5.3532005495071644e-08,1.553230504214298e-05,7.541090241147685e-08,3.2103386615744967e-07,5.575348609454522e-07,5.937150717727491e-07,3.314701825729571e-05,2.627201234339793e-10,1.2487269884786656e-08,3.4618541366882027e-09,2.2924815823444078e-08,5.337919333214813e-07,1.2594861118486733e-06,3.8936090618335584e-07,0.999921441078186,4.6321618762945604e-10,1.503107796452241e-05,5.47728573607742e-09,2.0439350212342333e-09,1.1548669576200155e-08,1.2397258219998264e-10,2.431305290429009e-07,2.70926960865836e-07,5.159022862244456e-07,3.529216598963103e-07,8.627038639019702e-09,4.274034836271312e-06,4.205765890219482e-06
C:/Users/KUBA/GitProjects/WKIRO-Project/data/LL011/Session1/Overground_Walk/Walk_Comfortable/Post_Process/Walk_Comfortable15.csv,5,LL011,Session1,overground,walk,comfortable,16,LL011,16,LL011,0.9836986660957336,1.725393667584285e-05,8.103113214019686e-05,0.00010846152144949883,0.0008521772106178105,4.537001586868428e-06,0.0016509192064404488,0.00031303116702474654,0.00011208806245122105,0.005014290101826191,1.6929232060647337e-06,1.5345849533332512e-05,5.234030140854884e-06,3.4791132748068776e-06,4.628554597729817e-05,0.00013008253881707788,0.0002447433362249285,0.9836986660957336,1.7274098809139105e-06,0.0028813802637159824,1.1555081073311158e-05,3.750745918296161e-07,1.856004018918611e-05,6.024694130246644e-07,0.00014909669698681682,0.0015111258253455162,2.4163129637599923e-05,0.0001237042888533324,1.030298153636977e-05,9.82978381216526e-05,0.002869817428290844
C:/Users/KUBA/GitProjects/WKIRO-Project/data/LL011/Session1/Overground_Walk/Walk_Comfortable/Post_Process/Walk_Comfortable3.csv,4,LL011,Session1,overground,walk,comfortable,16,LL011,16,LL011,0.9768891334533691,2.478475471434649e-05,0.00010558531357673928,0.00019526835239958018,0.0012732279719784856,6.957752248126781e-06,0.0029474101029336452,0.0004649404145311564,0.00018935921252705157,0.006391504779458046,2.9302964321686886e-06,2.4579278033343144e-05,9.612625945010222e-06,5.998972483212128e-06,5.238828816800378e-05,0.00010151718015549704,0.00023937590594869107,0.9768891334533691,3.21885408993694e-06,0.002391315996646881,1.5632900613127276e-05,5.973919314783416e-07,2.6396683097118512e-05,1.3966471215098863e-06,0.0002471330517437309,0.002137010218575597,2.461966323608067e-05,0.00024523207684978843,9.0853118308587e-06,0.00012617581523954868,0.005847589112818241
C:/Users/KUBA/GitProjects/WKIRO-Project/data/LL011/Session1/Overground_Walk/Walk_Comfortable/Post_Process/Walk_Comfortable9.csv,5,LL011,Session1,overground,walk,comfortable,16,LL011,16,LL011,0.9743015170097351,2.693527130759321e-05,9.865760512184352e-05,0.00019486590463202447,0.0008976440876722336,6.456197297666222e-06,0.0027583385817706585,0.0004840415786020458,0.0001388547389069572,0.007916705682873726,2.3251927814271767e-06,2.4664599550305866e-05,7.5507523433770984e-06,6.506012141471729e-06,4.5842134568374604e-05,0.00011798223567893729,0.0002428320440230891,0.9743015170097351,2.4395028503931826e-06,0.0033104284666478634,2.1342035324778408e-05,5.05520631577383e-07,2.8789270800189115e-05,1.1912253512491588e-06,0.0002415441267658025,0.001926159136928618,2.701802077353932e-05,0.00019992848683614284,1.0460678822710179e-05,0.00012871906801592559,0.006829733494669199
C:/Users/KUBA/GitProjects/WKIRO-Project/data/LL011/Session1/Overground_Walk/Walk_Slow/Post_Process/Walk_Slow7.csv,6,LL011,Session1,overground,walk,slow,16,LL011,16,LL011,0.9732925295829773,3.101236143265851e-05,8.926625014282763e-05,0.00017532733909320086,0.0010933921439573169,6.971912171138683e-06,0.00420541875064373,0.00044424316729418933,0.0001831349654821679,0.0077093918807804585,3.6598551105271326e-06,2.4988423319882713e-05,1.1124972843390424e-05,6.131614554760745e-06,5.025671634939499e-05,0.00011815584730356932,0.000271931552561,0.9732925295829773,3.3854037155833794e-06,0.0029228765051811934,2.4255576136056334e-05,7.641738761776651e-07,3.9627233491046354e-05,1.2671929425778217e-06,0.0002664883795659989,0.0027509555220603943,2.3117790988180786e-05,0.0002663491468410939,1.1091263331763912e-05,0.00016972429875750095,0.005803263280540705
C:/Users/KUBA/GitProjects/WKIRO-Project/data/LL011/Session2/Overground_Run/Run_Comfortable/Post_Process/Run_Comfortable3.csv,2,LL011,Session2,overground,run,comfortable,16,LL011,16,LL011,0.8442787528038025,0.00018672988517209888,0.0003036163980141282,0.0010263003641739488,0.010930212214589119,2.2870373868499883e-05,0.002136054914444685,0.013518369756639004,0.0002763422962743789,0.01054924726486206,1.3843014130543452e-05,0.0003237668424844742,4.62933603557758e-05,0.0001159274615929462,0.0001239452976733446,0.0007357721915468574,0.0003069833619520068,0.8442787528038025,1.3666956874658354e-05,0.004434534814208746,6.0597685660468414e-05,4.592197456076974e-06,3.5253346140962094e-05,2.1430934793897904e-05,0.0019752993248403072,0.004256748594343662,0.0002149090578313917,0.0005435158964246511,1.2176124073448591e-05,0.0001798436715034768,0.10335244238376617
C:/Users/KUBA/GitProjects/WKIRO-Project/data/LL011/Session2/Overground_Run/Run_Fast/Post_Process/Run_Fast2.csv,1,LL011,Session2,overground,run,fast,16,LL011,16,LL011,0.9955562949180603,2.180385536121321e-06,7.66150492381712e-07,4.9983967187472444e-08,0.0031153543386608362,2.22103949454322e-06,2.3533989406132605e-06,3.339787508593872e-05,9.219453431796865e-07,0.0006595728336833417,5.617823717329884e-08,1.3067320878690225e-06,1.0266452363794087e-06,6.333033070404781e-06,2.7649723506328883e-06,0.00019291631178930402,7.070826086419402e-06,0.9955562949180603,7.537619417519181e-09,0.00028823447064496577,1.6431673657280044e-06,3.7250934781241085e-08,1.8833951287433592e-07,9.691148328272448e-09,1.9902645362890325e-06,5.041457188781351e-05,7.577798442071071e-06,1.1810216165031306e-06,5.388867130307062e-09,1.3086980288790073e-05,5.100217822473496e-05
C:/Users/KUBA/GitProjects/WKIRO-Project/data/LL011/Session2/Overground_Walk/Walk_Comfortable/Post_Process/Walk_Comfortable5.csv,5,LL011,Session2,overground,walk,comfortable,16,LL011,16,LL011,0.9808065295219421,1.948288809217047e-05,9.218610648531467e-05,0.00017956781084649265,0.0010889116674661636,4.2439010030648205e-06,0.0019866900984197855,0.0004852316342294216,0.0001483414089307189,0.0046692900359630585,2.0126135495956987e-06,1.955675907083787e-05,6.5297404034936335e-06,4.951695700583514e-06,4.756669659400359e-05,0.00012566003715619445,0.00022576385526917875,0.9808065295219421,1.9896319827239495e-06,0.002806813223287463,1.3338401913642883e-05,4.432421576439083e-07,2.046767986030318e-05,9.677494290372124e-07,0.00022230562171898782,0.002059707883745432,2.3091208277037367e-05,0.00017626388580538332,9.299610610469244e-06,8.916545630199835e-05,0.004663767293095589
C:/Users/KUBA/GitProjects/WKIRO-Project/data/LL011/Session2/Overground_Walk/Walk_Comfortable/Post_Process/Walk_Comfortable7.csv,5,LL011,Session2,overground,walk,comfortable,16,LL011,16,LL011,0.9642670750617981,3.0304572646855377e-05,0.0001162897824542597,0.0004587957519106567,0.0011235724668949842,5.695347226719605e-06,0.003527567256242037,0.000761131290346384,0.00038523468538187444,0.0053245448507368565,4.2362148633401375e-06,3.5077457141596824e-05,1.0208824278379325e-05,9.770012184162624e-06,5.433621845440939e-05,0.000117591189336963,0.0002618681755848229,0.9642670750617981,2.9137734145479044e-06,0.0037507531233131886,2.450176907586865e-05,6.499122946479474e-07,3.225046748411842e-05,1.9668827917485032e-06,0.0004608832241501659,0.003542209742590785,2.754010165517684e-05,0.00032897762139327824,1.05490780697437e-05,0.0001258698321180418,0.015197694301605225
C:/Users/KUBA/GitProjects/WKIRO-Project/data/LL011/Session2/Overground_Walk/Walk_Comfortable/Post_Process/Walk_Comfortable8.csv,5,LL011,Session2,overground,walk,comfortable,16,LL011,16,LL011,0.9999176859855652,4.36960959859789e-07,8.504588322466589e-07,5.865512520131233e-08,1.5256123333529104e-05,7.947047464540447e-08,3.6504440004136995e-07,5.41121721653326e-07,6.897375897096936e-07,3.3309821446891874e-05,2.9098934373195107e-10,1.2867833909524506e-08,3.6175464845911165e-09,2.1946945594208955e-08,6.000741450407077e-07,1.3404303444985999e-06,4.304275194044749e-07,0.9999176859855652,5.047824380710608e-10,1.792242437659297e-05,6.131028129630067e-09,1.930749560230538e-09,1.2598699861143814e-08,1.2743725519293037e-10,2.4618935867692926e-07,3.0857987098897866e-07,5.316948090694495e-07,3.9608175939065404e-07,9.827467728484862e-09,4.15289105148986e-06,4.701342732005287e-06
C:/Users/KUBA/GitProjects/WKIRO-Project/data/LL011/Session2/Overground_Walk/Walk_Fast/Post_Process/Walk_Fast5.csv,4,LL011,Session2,overground,walk,fast,16,LL011,16,LL011,0.985487699508667,1.7092101188609377e-05,7.153049955377355e-05,0.00013122490781825036,0.0008745740633457899,3.479836323094787e-06,0.0011919664684683084,0.0004910037387162447,9.700361988507211e-05,0.0038621851708739996,1.1943684512516484e-06,1.4453047697315924e-05,4.557823558570817e-06,3.978947916039033e-06,3.879854193655774e-05,0.00012119348684791476,0.00016291462816298008,0.985487699508667,1.4119957540970063e-06,0.002240253146737814,1.0913076948781963e-05,2.851849387752736e-07,1.5135286048462149e-05,6.725438765897707e-07,0.0001636124070500955,0.0015175447333604097,1.8543436453910545e-05,0.00012555457942653447,7.952114174258895e-06,6.772287451894954e-05,0.0032555381767451763
C:/Users/KUBA/GitProjects/WKIRO-Project/data/LM012/Session1/Overground_Run/Run_Comfortable/Post_Process/Run_Comfortable1.csv,3,LM012,Session1,overground,run,comfortable,17,LM012,17,LM012,0.9979913830757141,2.1682880912976543e-07,1.2227398656250443e-05,5.69756093682372e-06,3.46524320775643e-05,7.134813495213166e-05,4.875351442024112e-05,5.758170118497219e-07,2.6796944439411163e-05,9.205469382322917e-07,4.9943686462938786e-05,2.0121271973039256e-06,0.0006175714661367238,8.902666763788147e-07,0.00021508033387362957,2.2865565085794515e-07,4.8979813982441556e-06,2.6348638826334536e-08,0.9979913830757141,2.7339494224065675e-08,1.1116284440504387e-05,5.5301894462900236e-05,0.00040602442459203303,0.00022231608454603702,5.46275884971692e-07,8.590350120130097e-08,4.154785315790832e-08,0.00020582096476573497,1.3524178029911127e-05,1.8572809494799003e-06,1.348937104239667e-07
C:/Users/KUBA/GitProjects/WKIRO-Project/data/LM012/Session1/Overground_Walk/Walk_Comfortable/Post_Process/Walk_Comfortable4.csv,6,LM012,Session1,overground,walk,comfortable,17,LM012,17,LM012,0.9999138712882996,9.153754976232165e-10,1.0835939434628017e-07,7.128792134381001e-08,1.3786344652544358e-06,4.9278055485046934e-06,1.4190868569130544e-06,2.066576687553834e-09,3.9015208130877e-07,1.1721200898762163e-08,4.90691991217318e-06,5.4066877197556096e-08,2.2814621843281202e-05,7.982561278652156e-09,1.0371965800004546e-05,2.703660628711191e-09,1.260914501699517e-07,7.163275528299096e-11,0.9999138712882996,3.6242700507393977e-10,1.192580469933091e-07,1.0842745723493863e-06,1.611278457858134e-05,6.912390290381154e-06,5.8067097796765665e-09,1.962872780980618e-10,6.622862813721042e-10,1.4985133930167649e-05,2.99833430972285e-07,1.2419337558355892e-08,2.1392707605372152e-09
C:/Users/KUBA/GitProjects/WKIRO-Project/data/LM012/Session1/Overground_Walk/Walk_Fast/Post_Process/Walk_Fast1.csv,5,LM012,Session1,overground,walk,fast,17,LM012,17,LM012,0.9999266862869263,6.259020524090886e-10,7.735597762348334e-08,7.439486893190406e-08,1.0647795534168836e-06,3.3071839879994513e-06,1.1564337683012127e-06,2.4182746916068254e-09,3.279314455539861e-07,1.012647032894165e-08,4.965635980624938e-06,5.274764447449343e-08,1.981605055334512e-05,8.36320435126936e-09,1.0667118658602703e-05,2.2977162394965944e-09,1.0824909679740813e-07,6.395065726971794e-11,0.9999266862869263,3.6873415432125967e-10,1.0293494767665834e-07,7.934798986752867e-07,1.4275430658017285e-05,5.514729309652466e-06,4.167671541210893e-09,1.3039554158655875e-10,4.516076956839754e-10,1.0681605090212543e-05,3.3202627491846215e-07,9.000491907329433e-09,1.782545666628721e-09
C:/Users/KUBA/GitProjects/WKIRO-Project/data/LM012/Session1/Overground_Walk/Walk_Fast/Post_Process/Walk_Fast2.csv,4,LM012,Session1,overground,walk,fast,17,LM012,17,LM012,0.9983147382736206,9.126803490744351e-08,5.207836238696473e-06,1.1145238204335328e-05,1.79557828232646e-05,4.6794721129117534e-05,3.179253326379694e-05,5.448862907542207e-07,1.459834493289236e-05,6.191739316818712e-07,5.400638474384323e-05,3.518235644150991e-06,0.0005149877979420125,8.472881631860218e-07,0.0001650363701628521,8.892242675528905e-08,1.801392045308603e-06,7.721264516646897e-09,0.9983147382736206,1.4358495725730336e-08,1.1719766007445287e-05,1.9801433154498227e-05,0.0002672096306923777,0.00024102700990624726,4.755698626013327e-07,3.918976076988656e-08,2.629172612955699e-08,0.0002670401008799672,8.100636478047818e-06,7.058989126562665e-07,1.1364878105268872e-07
C:/Users/KUBA/GitProjects/WKIRO-Project/data/LM012/Session1/Overground_Walk/Walk_Fast/Post_Process/Walk_Fast7.csv,4,LM012,Session1,overground,walk,fast,17,LM012,17,LM012,0.99747633934021,1.7661301399130025e-07,7.966391422087327e-06,1.5817175153642893e-05,2.5841101887635887e-05,6.215112080099061e-05,5.3756346460431814e-05,1.0334656508348417e-06,1.7795318854041398e-05,1.2071956234649406e-06,6.492184911621734e-05,5.128524207975715e-06,0.0008167114574462175,1.6022046338548535e-06,0.00019093196897301823,1.4813849702477455e-07,2.4453190690110205e-06,1.4409005544280262e-08,0.99747633934021,2.0260328525978366e-08,1.78269710886525e-05,3.024915531568695e-05,0.000416131952079013,0.00041534542106091976,7.585720140923513e-07,6.975869126790712e-08,3.7246195461193565e-08,0.00036347476998344064,1.0981768355122767e-05,9.823040727496846e-07,1.9708463128154108e-07
C:/Users/KUBA/GitProjects/WKIRO-Project/data/LM012/Session1/Treadmill_Run/Treadmill_Run_Comfortable/Post_Process/Treadmill_Run_Comfortable.csv,120,LM012,Session1,treadmill,run,comfortable,17,LM012,17,LM012,0.9999122619628906,8.374224647056394e-10,1.2084441891602182e-07,8.102941251308948e-08,1.2767389989676303e-06,5.545688054553466e-06,1.3615843954539741e-06,2.3284589811822798e-09,4.5547486138275417e-07,1.2323654985380017e-08,5.44450267625507e-06,6.310521882824105e-08,2.234967723779846e-05,9.954493229713535e-09,1.1281182196398731e-05,2.9543472113147118e-09,1.4932220437913202e-07,7.694229975374611e-11,0.9999122619628906,3.8705655347470724e-10,1.3141313104370056e-07,1.1933075256820302e-06,1.6956757463049144e-05,7.859478500904515e-06,6.2615819196309985e-09,1.6664124247167678e-10,7.2802169848174e-10,1.3012578165216837e-05,3.8394176726797014e-07,1.195978427404043e-08,2.1538895111916645e-09
C:/Users/KUBA/GitProjects/WKIRO-Project/data/LM012/Session1/Treadmill_Walk/Treadmill_Walk_Comfortable/Post_Process/Treadmill_Walk_Comfortable.csv,120,LM012,Session1,treadmill,walk,comfortable,17,LM012,17,LM012,0.9999179840087891,8.388780781132255e-10,1.0103948255846262e-07,7.182880068512532e-08,1.357461883344513e-06,4.6721415856154636e-06,1.4031195405550534e-06,1.7619617986852631e-09,3.206263272659271e-07,1.0316069776195036e-08,5.317736849974608e-06,5.4486630318706375e-08,2.1985591956763528e-05,6.3370051428535135e-09,1.135980255639879e-05,2.2205277616649255e-09,1.1012986789182833e-07,6.170430139063043e-11,0.9999179840087891,3.2768820990014547e-10,9.87289112686085e-08,9.634776461098227e-07,1.3400745956460014e-05,6.1110486058169045e-06,4.812587217628561e-09,1.8473736429491794e-10,6.369328398037055e-10,1.4377540537680034e-05,2.519256270261394e-07,1.2012304928532558e-08,1.7996490964122813e-09
C:/Users/KUBA/GitProjects/WKIRO-Project/data/LM012/Session2/Overground_Run/Run_Comfortable/Post_Process/Run_Comfortable10.csv,2,LM012,Session2,overground,run,comfortable,17,LM012,17,LM012,0.9964951276779175,4.076855191215145e-07,3.784987347899005e-05,1.8087353964801878e-05,0.00013057043543085456,0.00019297038670629263,8.585514297010377e-05,8.7034163698263e-07,5.010438690078445e-05,1.988442136280355e-06,0.00011939273099415004,1.1679725503199734e-05,0.000583274697419256,1.1246883104831795e-06,0.0009886743500828743,4.814814928977285e-07,2.1547537471633404e-05,1.1396691945719795e-07,0.9964951276779175,1.3182584268633946e-07,1.362831699225353e-05,9.636767208576202e-05,0.00038789084646850824,0.000336017576046288,1.2744234254569164e-06,2.1122859550359863e-07,2.9119854616510565e-07,0.0003860637079924345,3.4800566936610267e-05,2.9080279091431294e-06,2.3235833168655518e-07
C:/Users/KUBA/GitProjects/WKIRO-Project/data/LM012/Session2/Overground_Run/Run_Comfortable/Post_Process/Run_Comfortable7.csv,2,LM012,Session2,overground,run,comfortable,17,LM012,17,LM012,0.9946781992912292,5.267294227451202e-07,1.584063829795923e-05,4.6236553316703066e-05,7.452024146914482e-05,0.00017797001055441797,0.0001579962990945205,1.5495241996177356e-06,4.8943453293759376e-05,3.044911409233464e-06,0.00015420182899106294,2.0565319573506713e-05,0.0012551387771964073,3.0192786653060466e-06,0.0006443990860134363,2.3660740566811e-07,7.237497811729554e-06,7.577063598773748e-08,0.9946781992912292,8.683267793685445e-08,2.5428696972085163e-05,9.396756649948657e-05,0.0008637605933472514,0.0006628947448916733,2.733040219027316e-06,1.8908804122474976e-07,1.5565298383535264e-07,0.0010399054735898972,1.7468917576479726e-05,3.17597323373775e-06,4.5591795583277417e-07
C:/Users/KUBA/GitProjects/WKIRO-Project/data/LM012/Session2/Overground_Run/Run_Comfortable/Post_Process/Run_Comfortable9.csv,3,LM012,Session2,overground,run,comfortable,17,LM012,17,LM012,0.9996249079704285,4.712192858136177e-09,2.256101879538619e-06,9.996632144293471e-08,9.385325029143132e-06,3.609507257351652e-05,7.560036010545446e-06,3.6865335228952745e-09,6.827488959970651e-06,7.807896906797396e-08,6.117394605098525e-06,9.516492838201884e-08,0.0001531485904706642,1.3097184670129991e-08,1.6481370039400645e-05,9.345330731491686e-09,3.2079497032100335e-06,8.386508709712359e-10,0.9996249079704285,1.0303476960515923e-09,3.720236634308094e-07,5.7628421927802265e-06,5.236161814536899e-05,3.3649688703007996e-05,7.492864995128912e-08,1.9193799882799567e-09,3.879478072121856e-09,4.0952250856207684e-05,4.5949215632390406e-07,9.89284885122288e-08,9.854343119286568e-09
C:/Users/KUBA/GitProjects/WKIRO-Project/data/LM012/Session2/Overground_Run/Run_Fast/Post_Process/Run_Fast1.csv,1,LM012,Session2,overground,run,fast,17,LM012,17,LM012,0.9994704127311707,2.3329775444835832e-08,1.1836357316497015e-06,7.152066814342106e-07,4.719261141872266e-06,2.5566860131220892e-05,1.0554220352787524e-05,3.097603951118799e-08,3.3922392503882293e-06,9.140538992369329e-08,2.4757315259194e-05,5.238395033302368e-07,0.00011906142754014581,1.1938074351292016e-07,5.312755092745647e-05,5.7200352898689744e-08,9.415588237970951e-07,1.6068002484104227e-09,0.9994704127311707,4.726244728914253e-09,1.9135597995045828e-06,1.7114842194132507e-05,0.00016589391452725977,2.7041665816796012e-05,5.9110941919016113e-08,4.670487108171528e-09,5.892832444231999e-09,6.67821877868846e-05,5.5840000641183e-06,2.341040072906253e-07,1.0070229983227819e-08
C:/Users/KUBA/GitProjects/WKIRO-Project/data/LM012/Session2/Overground_Walk/Walk_Comfortable/Post_Process/Walk_Comfortable7.csv,4,LM012,Session2,overground,walk,comfortable,17,LM012,17,LM012,0.9986922144889832,8.476572332938304e-08,7.716304025962017e-06,5.992347269057063e-06,2.8617727366508916e-05,6.918296276126057e-05,2.986876825161744e-05,2.753392323029402e-07,1.2101172615075484e-05,4.2792044041561894e-07,6.54683171887882e-05,2.8006720640405547e-06,0.0003146861563436687,4.72303725018719e-07,0.0002906840527430177,1.0110591119882884e-07,2.478322585375281e-06,1.0961773710960188e-08,0.9986922144889832,2.291971412660132e-08,4.8430206334160175e-06,2.4212229618569836e-05,0.0001369237434118986,0.0001453635486541316,2.926806246250635e-07,3.5586502633577766e-08,4.131676689667074e-08,0.00015618541510775685,8.055110811255872e-06,7.768950922582007e-07,6.518051520743029e-08
C:/Users/KUBA/GitProjects/WKIRO-Project/data/LM012/Session2/Overground_Walk/Walk_Fast/Post_Process/Walk_Fast2.csv,4,LM012,Session2,overground,walk,fast,17,LM012,17,LM012,0.9999091625213623,7.753416797484647e-10,1.228977879463855e-07,9.855898497335147e-08,1.3079461496090516e-06,5.646001682180213e-06,1.4630445548391435e-06,2.0335053640962997e-09,3.4321180919505423e-07,9.082061325216273e-09,7.569118679384701e-06,7.360414144841343e-08,2.4574388589826412e-05,8.664795103641154e-09,1.3470637895807158e-05,2.1555479623458496e-09,1.2093418888525775e-07,5.289656559992473e-11,0.9999091625213623,3.2684832618201654e-10,1.2218538358865771e-07,1.1122356227133423e-06,1.2191948371764738e-05,7.420153451676015e-06,5.4047450959160415e-09,1.802364091307851e-10,7.371442345416312e-10,1.4927302800060716e-05,3.1333883043771493e-07,1.2906024693393192e-08,1.3765978357227482e-09
C:/Users/KUBA/GitProjects/WKIRO-Project/data/LM012/Session2/Overground_Walk/Walk_Slow/Post_Process/Walk_Slow8.csv,9,LM012,Session2,overground,walk,slow,17,LM012,17,LM012,0.9990681409835815,3.2338172140100596e-09,2.411719322026329e-07,1.8933135379484156e-06,3.2788377666292945e-06,9.156816304312088e-06,1.995260163312196e-06,4.4147916433701084e-09,1.445991983928252e-06,1.0693564256314403e-08,0.0001502131053712219,3.019971472895122e-07,0.00018344375712331384,9.749989970941897e-08,0.0004933467134833336,3.68386654514552e-09,1.417980541873476e-07,5.571860195452416e-10,0.9990681409835815,5.322698282128613e-09,9.794911903782122e-08,1.8431512671668315e-06,1.4982233551563695e-05,8.36688468552893e-06,1.386056958097015e-08,7.854520367445161e-10,8.565208098332278e-09,6.0244994529057294e-05,6.106075147727097e-07,6.519290707274195e-08,1.0723645305077412e-09
C:/Users/KUBA/GitProjects/WKIRO-Project/data/MR015/Session1/Overground_Run/Run_Fast/Post_Process/Run_Fast4.csv,2,MR015,Session1,overground,run,fast,18,MR015,18,MR015,0.9997807741165161,7.600851290590072e-07,4.823859711677869e-08,3.957357876060996e-06,1.8327320105981926e-08,9.864269401305137e-10,1.8896099618359585e-07,2.1564301277976483e-07,1.6817733694551862e-07,6.095616100765255e-08,5.594263257080456e-06,1.1504248931260008e-07,2.6459379132148797e-09,6.575517545570619e-06,2.1112296053615864e-06,1.7819442291511223e-05,2.579588453954784e-06,9.963050251826644e-05,1.4551067017976038e-09,0.9997807741165161,1.9593982869992033e-05,7.231037102428672e-08,2.421037379463087e-07,6.091706306055045e-11,8.615312907522821e-08,1.3378484254644718e-05,9.055246664502192e-06,2.2032564217511208e-08,2.28134413191583e-05,3.281913905084366e-07,1.3690047126146965e-05
C:/Users/KUBA/GitProjects/WKIRO-Project/data/MR015/Session1/Overground_Run/Run_Fast/Post_Process/Run_Fast5.csv,2,MR015,Session1,overground,run,fast,18,MR015,18,MR015,0.977851390838623,0.0001626449084142223,5.519788828678429e-05,0.0021464454475790262,4.40281473856885e-06,7.452122645190684e-06,9.65232538874261e-06,6.012712219671812e-06,6.428681081160903e-05,1.8666498817765387e-06,0.0023362338542938232,5.9964040701743215e-05,1.6098545074783033e-06,0.00023437754134647548,0.0009553941199555993,0.00013431624392978847,0.0001685501920292154,0.00036668116808868945,1.923669515235815e-06,0.977851390838623,0.0006240082439035177,1.8754060874925926e-05,4.6474087866954505e-06,6.885084076202475e-07,1.6655616491334513e-05,0.00024320720694959164,0.013005133718252182,1.8153732526116073e-05,0.0012177309254184365,4.674111551139504e-05,0.00023589411284774542
C:/Users/KUBA/GitProjects/WKIRO-Project/data/MR015/Session1/Overground_Walk/Walk_Slow/Post_Process/Walk_Slow4.csv,8,MR015,Session1,overground,walk,slow,18,MR015,18,MR015,0.9998964667320251,4.6583261337218573e-07,1.389233545978641e-07,3.823620318144094e-06,2.9457673633714876e-08,5.861983676247462e-10,6.023992682457902e-08,8.65037179664796e-08,6.33847548670019e-07,1.6788417767088504e-08,8.227327271015383e-06,1.3392616438068217e-07,3.76185127493045e-09,1.6589535789535148e-06,4.2445381041034125e-06,5.224295364314457e-06,1.3738097095483681e-06,2.3987231543287635e-05,2.6577620104717425e-09,0.9998964667320251,1.3842898624716327e-05,2.8939387775039904e-08,2.2505689756258107e-08,1.2775647206808571e-10,4.950155130245548e-08,4.792584149981849e-06,7.442390597134363e-06,1.7511045058427044e-08,1.541635356261395e-05,1.9613570145793346e-07,1.1618953067227267e-05
C:/Users/KUBA/GitProjects/WKIRO-Project/data/MR015/Session2/Overground_Run/Run_Comfortable/Post_Process/Run_Comfortable1.csv,3,MR015,Session2,overground,run,comfortable,18,MR015,18,MR015,0.9963171482086182,4.9865517212310806e-05,8.656719728605822e-06,0.000255715538514778,1.8044729586108588e-06,6.4049191905724e-07,7.69612961448729e-06,4.30351019531372e-06,1.4330423255159985e-05,1.014554186440364e-06,0.0006234587053768337,1.048507238010643e-05,6.984844276303193e-07,0.0001568490988574922,0.0001458678161725402,7.778719009365886e-05,4.16352559113875e-05,0.00028248096350580454,5.958025326435745e-07,0.9963171482086182,0.0005387003184296191,4.434831225808011e-06,3.5850944186677225e-06,9.734869621524922e-08,3.2088039461086737e-06,0.0002041129773715511,0.0006816203240305185,4.654244094126625e-06,0.00036692305002361536,1.4419117178476881e-05,0.00017718120943754911
C:/Users/KUBA/GitProjects/WKIRO-Project/data/MR015/Session2/Overground_Run/Run_Comfortable/Post_Process/Run_Comfortable10.csv,3,MR015,Session2,overground,run,comfortable,18,MR015,18,MR015,0.9998275637626648,1.062267415363749e-06,7.143918168139862e-08,2.8875626867375104e-06,2.1586615162050293e-08,5.083398146865648e-10,9.108617149422571e-08,1.6896352406092774e-07,2.2061279025820113e-07,2.7129615887133696e-08,8.3956992966705e-06,1.1481292716553071e-07,2.973766788372245e-09,5.162469733477337e-06,3.0585681543016108e-06,2.0449611838557757e-05,1.2248937082404154e-06,5.1217455620644614e-05,1.9044981147686713e-09,0.9998275637626648,2.2840051315142773e-05,9.782652199419317e-08,1.2741921295855718e-07,5.15324345695678e-11,4.584475377100716e-08,9.005356332636438e-06,4.843756414629752e-06,1.5162639144250534e-08,3.293029294582084e-05,3.0564692110601754e-07,8.070416697592009e-06
C:/Users/KUBA/GitProjects/WKIRO-Project/data/MR015/Session2/Overground_Run/Run_Comfortable/Post_Process/Run_Comfortable4.csv,3,MR015,Session2,overground,run,comfortable,18,MR015,18,MR015,0.9998316764831543,9.964686569219339e-07,6.516395245625972e-08,2.643106199684553e-06,2.0178996251729586e-08,4.1889705593156634e-10,7.750687558427671e-08,1.8470439044904197e-07,2.7248213996244885e-07,2.54082426209834e-08,7.74085674493108e-06,1.1065395710829762e-07,3.0621345459280747e-09,5.089883416076191e-06,2.882959961425513e-06,2.067332388833165e-05,1.142069208981411e-06,4.3965857912553474e-05,2.001652843475199e-09,0.9998316764831543,2.472204687364865e-05,9.511705911791069e-08,1.1819154366321527e-07,5.4558513956637356e-11,4.3440213204348765e-08,7.781467502354644e-06,4.293429356039269e-06,1.2927408477025892e-08,3.718560401466675e-05,2.600649224859808e-07,7.970698788994923e-06
C:/Users/KUBA/GitProjects/WKIRO-Project/data/MR015/Session2/Overground_Run/Run_Comfortable/Post_Process/Run_Comfortable5.csv,3,MR015,Session2,overground,run,comfortable,18,MR015,18,MR015,0.996359646320343,4.9915353883989155e-05,4.716241164715029e-06,0.00028282959829084575,1.2292543942749035e-06,4.3399938931543147e-07,6.934732937224908e-06,5.045576472184621e-06,1.2189518201921601e-05,9.599169743523817e-07,0.0005631174426525831,8.290645382658113e-06,6.626904109907628e-07,0.0002485023287590593,9.583682549418882e-05,7.242344872793183e-05,3.1492072594119236e-05,0.0002729188126977533,4.6143728127390204e-07,0.996359646320343,0.0006957389414310455,4.234154857840622e-06,4.791641913470812e-06,7.612800345668802e-08,3.49528909282526e-06,0.0002034061326412484,0.0005045733996666968,4.383725809020689e-06,0.00031483412021771073,1.3129557373758871e-05,0.000233741695410572
C:/Users/KUBA/GitProjects/WKIRO-Project/data/MR015/Session2/Overground_Run/Run_Fast/Post_Process/Run_Fast3.csv,2,MR015,Session2,overground,run,fast,18,MR015,18,MR015,0.9990837574005127,1.323415017395746e-05,5.869347887710319e-07,9.607680112821981e-05,1.1681143519126636e-07,1.8230947418373944e-08,2.598303865397611e-07,2.3822747152735246e-07,2.57821795912605e-07,4.641527695525838e-08,0.00027101216255687177,3.4452518775651697e-06,3.425023109571157e-08,4.045030891575152e-06,6.795112858526409e-05,1.8866096070269123e-05,1.7333015875919955e-06,5.1716000598389655e-05,1.5254354224225608e-08,0.9990837574005127,2.301973472640384e-05,3.4155826256210275e-07,1.7257539752790763e-07,1.256546533490166e-09,3.0359709057847795e-07,3.5599132388597354e-05,0.0002890020259656012,4.252163989804103e-07,2.704004873521626e-05,9.413632824362139e-07,9.7678966994863e-06
C:/Users/KUBA/GitProjects/WKIRO-Project/data/MR015/Session2/Overground_Run/Run_Fast/Post_Process/Run_Fast6.csv,1,MR015,Session2,overground,run,fast,18,MR015,27,TB030,0.5711736083030701,0.002068158471956849,0.0015725160483270884,0.00274726003408432,1.9861210603266954e-05,8.29665623314213e-06,0.00035051608574576676,0.00024005462182685733,0.003009890904650092,7.1078638939070515e-06,0.004906784277409315,1.5772853657836094e-05,1.9702270947163925e-05,0.001787003013305366,0.0020356306340545416,0.006478921044617891,0.002961075631901622,0.0009266681736335158,0.0002657897712197155,0.3662591278553009,0.02567867375910282,0.0013679348630830646,0.0002147139748558402,0.00015416597307194024,1.9684881408466026e-05,0.0007445030496455729,0.0019470505649223924,9.299674275098369e-05,0.5711736083030701,0.001770468195900321,0.001156104844994843
C:/Users/KUBA/GitProjects/WKIRO-Project/data/MR015/Session2/Overground_Run/Run_Fast/Post_Process/Run_Fast9.csv,1,MR015,Session2,overground,run,fast,18,MR015,18,MR015,0.9998127818107605,8.428721116615634e-07,6.119176276797589e-08,3.957153694500448e-06,2.6331253621947326e-08,1.4715625384909004e-09,1.1746426764602802e-07,2.0827998525874136e-07,2.4340783966181334e-07,3.937304526857588e-08,5.179093477636343e-06,1.406648948432121e-07,3.153968197722179e-09,4.93206152896164e-06,3.712969373736996e-06,1.6798963770270348e-05,1.8972548332385486e-06,6.71822635922581e-05,2.8205529023495046e-09,0.9998127818107605,2.1956688215141185e-05,6.279241659967738e-08,1.4146225169042737e-07,1.1103991337524377e-10,1.0171454078999886e-07,9.801328815228771e-06,8.878861081029754e-06,3.703943818322841e-08,2.8301479687797837e-05,2.9616251140396344e-07,1.2163217434135731e-05
C:/Users/KUBA/GitProjects/WKIRO-Project/data/MR015/Session2/Overground_Walk/Walk_Comfortable/Post_Process/Walk_Comfortable3.csv,5,MR015,Session2,overground,walk,comfortable,18,MR015,18,MR015,0.9974871873855591,4.015799277112819e-05,3.716198989422992e-06,0.00014127929171081632,1.8578136860014638e-06,2.6200535785392276e-07,8.459804121230263e-06,3.3689168503769906e-06,5.972661710984539e-06,1.0250505511066876e-06,0.00040302914567291737,6.279786703089485e-06,5.509589300345397e-07,8.44051901367493e-05,0.000110767396108713,6.969495007069781e-05,2.7241718271397986e-05,0.0003234280738979578,4.476332264857774e-07,0.9974871873855591,0.0003755170328076929,3.0927355965104653e-06,3.090425479967962e-06,4.2600145633286957e-08,1.6858444951139973e-06,0.0002349256828892976,0.00030252750730142,3.3304615953966277e-06,0.0002213287225458771,9.75987859419547e-06,0.0001255422830581665
C:/Users/KUBA/GitProjects/WKIRO-Project/data/MR015/Session2/Overground_Walk/Walk_Comfortable/Post_Process/Walk_Comfortable8.csv,3,MR015,Session2,overground,walk,comfortable,18,MR015,18,MR015,0.999897301197052,4.2557326196401846e-07,6.899469440213579e-08,3.522916586007341e-06,1.9375990589765024e-08,5.474709574571079e-10,4.864221025968618e-08,8.407423734979602e-08,4.353765632458817e-07,1.4004068127349001e-08,7.088301572366618e-06,1.0743860201500866e-07,1.9130392825417175e-09,2.2330721094476758e-06,3.654556167020928e-06,6.465725164161995e-06,9.245151773029647e-07,1.95429238374345e-05,2.4995416847417573e-09,0.999897301197052,1.715815596980974e-05,3.1920023957354715e-08,3.234746159819224e-08,1.0377273346184879e-10,4.3075402800241136e-08,4.001728939329041e-06,6.766136266378453e-06,1.6347021514206972e-08,1.8897544578067027e-05,1.58966443564168e-07,1.0828122867678758e-05
C:/Users/KUBA/GitProjects/WKIRO-Project/data/MR015/Session2/Overground_Walk/Walk_Fast/Post_Process/Walk_Fast3.csv,3,MR015,Session2,overground,walk,fast,18,MR015,18,MR015,0.999852180480957,4.3121141857227485e-07,1.4520220759095537e-07,2.3510442588303704e-06,3.409448723346031e-08,4.3894068935124153e-10,9.106113196821752e-08,1.273616447861059e-07,6.32106207376637e-07,3.517414981502043e-08,5.363643595046597e-06,7.970195525786039e-08,4.464975944529215e-09,2.0255813524272526e-06,2.6718453227658756e-06,6.148317424958805e-06,3.3011749565048376e-06,7.027334504527971e-05,1.7280864517132954e-09,0.999852180480957,1.2827470527554397e-05,3.141939686202022e-08,3.2810707040198395e-08,7.813585195526329e-11,5.893294385828085e-08,7.823085070413072e-06,4.6310074139910284e-06,9.976726111915468e-09,1.5840536434552632e-05,2.787701021134126e-07,1.2531447282526642e-05
C:/Users/KUBA/GitProjects/WKIRO-Project/data/MR015/Session2/Overground_Walk/Walk_Fast/Post_Process/Walk_Fast4.csv,4,MR015,Session2,overground,walk,fast,18,MR015,18,MR015,0.9972229599952698,4.624858047463931e-05,4.256604825059185e-06,0.0001616381632629782,1.918617044793791e-06,3.392281087144511e-07,8.037480256462004e-06,4.048911250720266e-06,6.682792445644736e-06,1.1390069403205416e-06,0.00043004381586797535,6.5734266172512434e-06,6.394482170435367e-07,0.00011246779467910528,0.0001225485757458955,7.970280421432108e-05,3.090203972533345e-05,0.00032876725890673697,5.046724709245609e-07,0.9972229599952698,0.00040135171730071306,3.528100478433771e-06,3.4731665436993353e-06,5.4616240419136375e-08,1.966681566045736e-06,0.00023259718727786094,0.00037467878428287804,3.628250397014199e-06,0.0002581655571702868,1.0579808076727204e-05,0.00014058593660593033
C:/Users/KUBA/GitProjects/WKIRO-Project/data/OB010/Session1/Overground_Run/Run_Comfortable/Post_Process/Run_Comfortable5.csv,3,OB010,Session1,overground,run,comfortable,19,OB010,19,OB010,0.9980340003967285,2.913570256168896e-07,1.3773021834140309e-08,5.451022389024729e-06,1.2739563715058466e-07,6.855125178617527e-08,3.45791777363047e-05,5.034730747865979e-06,1.0217278941127006e-05,6.162402428344649e-07,0.000482726376503706,1.25551639484911e-06,2.7564146876102313e-06,0.00018734612967818975,3.2159661600417166e-07,3.284589183749631e-06,0.0005719958571717143,2.7995989171358815e-07,3.79030711883388e-06,0.00019682536367326975,0.9980340003967285,2.763604015854071e-06,0.000271776836598292,2.1424164060590556e-06,2.3625168523722095e-06,9.554942516842857e-05,8.319454991578823e-07,1.4754705262021162e-06,5.326719838194549e-05,1.2978598533663899e-06,2.7545909688342363e-05
C:/Users/KUBA/GitProjects/WKIRO-Project/data/OB010/Session1/Overground_Walk/Walk_Comfortable/Post_Process/Walk_Comfortable4.csv,4,OB010,Session1,overground,walk,comfortable,19,OB010,19,OB010,0.9998795986175537,3.3882237460147735e-08,1.02446141847512e-10,5.387029133885335e-08,4.409275167205351e-09,2.4632260675616635e-09,1.5577459180349251e-06,1.2831930007450865e-07,5.080027563053591e-07,2.556211420312593e-08,6.260774625843624e-06,1.1913737552049497e-08,2.0161803604423767e-07,4.128569344175048e-06,8.41008951368849e-09,9.044646986922089e-08,4.741767043014988e-05,1.726566978277333e-08,1.341241926411385e-07,8.808930033410434e-06,0.9998795986175537,1.866132777195162e-07,3.2326588552678004e-05,9.03388297501806e-08,3.1844518844081904e-07,1.5556337530142628e-05,3.102556789258415e-08,2.0018858037929022e-07,1.8000299633058603e-06,1.1535355071146114e-07,3.906825725152885e-07
C:/Users/KUBA/GitProjects/WKIRO-Project/data/OB010/Session1/Overground_Walk/Walk_Fast/Post_Process/Walk_Fast2.csv,3,OB010,Session1,overground,walk,fast,19,OB010,19,OB010,0.9998669624328613,4.471712600206956e-08,1.1908667107984883e-10,6.094498417041905e-08,5.210696318869168e-09,2.803355547698061e-09,2.1301148080965504e-06,1.8266713652792532e-07,5.309814810061653e-07,3.299387074662263e-08,7.794996236043517e-06,2.0847608084295643e-08,3.087971833792835e-07,4.015359536424512e-06,9.562363345594349e-09,8.688997610306615e-08,4.9680824304232374e-05,1.712314379176405e-08,1.4908788159573305e-07,9.997456800192595e-06,0.9998669624328613,1.7919008143962856e-07,3.10176910716109e-05,1.3726355518883793e-07,4.594949132297188e-07,2.3562250135000795e-05,3.889769573106605e-08,2.2562744561582804e-07,1.8162008927902207e-06,1.164138652143265e-07,4.2342151118646143e-07
C:/Users/KUBA/GitProjects/WKIRO-Project/data/OB010/Session1/Treadmill_Walk/Treadmill_Walk_Slow/Post_Process/Treadmill_Walk_Slow.csv,120,OB010,Session1,treadmill,walk,slow,19,OB010,19,OB010,0.9998388886451721,5.32617150383885e-08,1.0068559180842485e-10,5.687086712669043e-08,7.997227768896664e-09,3.0108890936020316e-09,1.5959283700794913e-05,2.36779953866062e-07,4.711461656370375e-07,5.3948642886325615e-08,6.550292710016947e-06,2.1328633081907356e-08,3.549186544660188e-07,4.037546659674263e-06,9.320761051867521e-09,2.072497693461628e-07,4.964795880368911e-05,6.475045211118413e-08,1.9513342408572498e-07,9.000988939078525e-06,0.9998388886451721,1.825996349680281e-07,4.315285696065985e-05,1.9072255952323758e-07,7.235581733766594e-07,2.668103297764901e-05,3.852699137496529e-08,6.887261179144843e-07,1.82838402906782e-06,1.1296765478618909e-07,5.102894533592917e-07
C:/Users/KUBA/GitProjects/WKIRO-Project/data/OB010/Session2/Overground_Run/Run_Fast/Post_Process/Run_Fast3.csv,2,OB010,Session2,overground,run,fast,19,OB010,19,OB010,0.9966854453086853,5.597446488536661e-07,4.438970080400395e-08,1.6651294572511688e-05,2.255541176054976e-07,9.902363728997443e-08,2.908708484028466e-05,1.849730688263662e-05,2.597653292468749e-05,7.469973297702381e-07,0.000774076790548861,2.588116331025958e-06,4.734487447421998e-06,0.000490879057906568,7.88253316841292e-07,1.1065876606153324e-05,0.0008810003055259585,6.03519936248631e-07,4.952813014824642e-06,0.0003862449084408581,0.9966854453086853,4.272449587006122e-06,0.00030845028231851757,4.367168003227562e-06,3.5193768326280406e-06,0.0001317393034696579,1.7506047242932254e-06,2.007515604418586e-06,0.00016637225053273141,1.9539072582119843e-06,4.1285500628873706e-05
C:/Users/KUBA/GitProjects/WKIRO-Project/data/OB010/Session2/Overground_Run/Run_Fast/Post_Process/Run_Fast6.csv,1,OB010,Session2,overground,run,fast,19,OB010,19,OB010,0.9999194145202637,3.35092167347284e-08,7.535624207966052e-11,3.4218910371919264e-08,4.016948995655412e-09,2.325049042184446e-09,6.872404014757194e-07,1.0225762991922238e-07,5.318183866620529e-07,1.5109204554164535e-08,3.9147562347352505e-06,5.221680865474809e-09,1.5079962167874328e-07,3.425626573516638e-06,6.040469013868233e-09,8.722986422071699e-08,2.775510620267596e-05,1.7926854667393854e-08,1.0284463058951587e-07,4.220956725475844e-06,0.9999194145202637,1.7988810441238456e-07,2.7770411179517396e-05,6.305031519104887e-08,1.7116751394041785e-07,9.251318260794505e-06,1.634785284920781e-08,2.18284256447987e-07,1.4139488939690636e-06,1.1118989817759939e-07,2.8546193675538234e-07
C:/Users/KUBA/GitProjects/WKIRO-Project/data/OB010/Session2/Overground_Walk/Walk_Fast/Post_Process/Walk_Fast1.csv,3,OB010,Session2,overground,walk,fast,19,OB010,19,OB010,0.996769368648529,3.8462044926745875e-07,3.743063459182849e-08,1.5260142390616238e-05,1.5636639716376521e-07,4.5764892320221406e-08,1.891791180241853e-05,2.0230445443303324e-05,2.2191403331817128e-05,3.2242323300124553e-07,0.0005905131692998111,1.0690174576666323e-06,3.642702040451695e-06,0.0005714771687053144,8.51721495109814e-07,1.3055723684374243e-05,0.000917339522857219,5.209380447013245e-07,3.430144488447695e-06,0.00044466694816946983,0.996769368648529,2.7834109914692817e-06,0.0002003245026571676,4.499298938753782e-06,2.279916543557192e-06,0.00012646113464143127,1.6319114592988626e-06,1.0943330153168063e-06,0.00024861955898813903,1.0792257398861693e-06,1.7803129594540223e-05
C:/Users/KUBA/GitProjects/WKIRO-Project/data/OB010/Session2/Overground_Walk/Walk_Fast/Post_Process/Walk_Fast2.csv,3,OB010,Session2,overground,walk,fast,19,OB010,19,OB010,0.999905526638031,2.5057842023556987e-08,7.79621922575302e-11,4.015143773017371e-08,3.710969531667274e-09,2.336826065985065e-09,9.580678579368396e-07,8.821677965897834e-08,3.927159752947773e-07,1.741512356545627e-08,4.4151165639050305e-06,6.235072458338209e-09,1.3004830634599784e-07,3.7068875826662406e-06,6.769967697550783e-09,7.457615680550589e-08,3.6326917324913666e-05,1.6966795968187398e-08,1.1141387545876569e-07,5.984484687360236e-06,0.999905526638031,1.6098583444090764e-07,2.998989111802075e-05,5.8870551100653756e-08,1.8320548633710132e-07,9.80682216322748e-06,2.172244961684555e-08,1.7661767515164684e-07,1.4282539950727369e-06,9.443058957003814e-08,2.927728814938746e-07
C:/Users/KUBA/GitProjects/WKIRO-Project/data/OB010/Session2/Overground_Walk/Walk_Fast/Post_Process/Walk_Fast6.csv,3,OB010,Session2,overground,walk,fast,19,OB010,19,OB010,0.9999166131019592,2.262090070814793e-08,6.455822681994405e-11,3.521211411339209e-08,3.857694164111081e-09,2.2694195411787632e-09,8.137626537063625e-07,7.503929566610168e-08,3.7236995353850944e-07,1.4352725230537544e-08,4.024917416245444e-06,5.135792680022178e-09,1.2373384095099027e-07,3.1518993637291715e-06,7.204639107527555e-09,5.991640961156008e-08,3.200066203135066e-05,1.551842743197085e-08,1.2161238771568605e-07,5.37227379027172e-06,0.9999166131019592,1.4349531340940302e-07,2.6623032681527548e-05,5.673982172993419e-08,1.5708810963133146e-07,8.39353924675379e-06,1.8996432871176694e-08,1.8506288768094237e-07,1.2511047771113226e-06,8.281472219096031e-08,2.4844015911185124e-07
C:/Users/KUBA/GitProjects/WKIRO-Project/data/OB010/Session2/Overground_Walk/Walk_Fast/Post_Process/Walk_Fast7.csv,4,OB010,Session2,overground,walk,fast,19,OB010,19,OB010,0.997303307056427,3.840204385596735e-07,2.801306031585682e-08,1.0842331903404556e-05,1.0047221365994119e-07,1.0153601692763914e-07,2.4853377908584662e-05,1.1201646884728689e-05,1.393491038470529e-05,7.025336685728689e-07,0.0006665032124146819,1.3892279184801737e-06,3.933748757845024e-06,0.0004019694752059877,3.833133632724639e-07,6.979039426369127e-06,0.0006863164599053562,2.7279060077489703e-07,5.688501914846711e-06,0.00020340450282674283,0.997303307056427,3.175980964442715e-06,0.00040861795423552394,3.5762227525992785e-06,2.177485157517367e-06,6.603910878766328e-05,1.2291106941120233e-06,1.3086810213280842e-06,0.0001315820263698697,1.5122903960218537e-06,3.845818719128147e-05
C:/Users/KUBA/GitProjects/WKIRO-Project/data/OB010/Session2/Overground_Walk/Walk_Fast/Post_Process/Walk_Fast8.csv,3,OB010,Session2,overground,walk,fast,19,OB010,19,OB010,0.9998927116394043,3.4356457234707705e-08,1.263749521696056e-10,5.47030118980274e-08,3.9907903648384035e-09,2.6412383391516414e-09,1.158027544079232e-06,1.1911871666825391e-07,5.115091994412069e-07,2.1444124698177802e-08,5.4155566431290936e-06,9.065162842603058e-09,1.520210588523696e-07,4.774574335897341e-06,7.397975565481829e-09,1.1938310251480289e-07,3.903437391272746e-05,1.870076538068588e-08,1.2085929768090864e-07,7.4798222158278804e-06,0.9998927116394043,2.1837810493252618e-07,3.33213247358799e-05,7.485758146685839e-08,2.2298767987649626e-07,1.1538492799445521e-05,2.6651340689909375e-08,1.8733321383024304e-07,2.0615962057490833e-06,1.3310960866874666e-07,4.0785053556646744e-07
C:/Users/KUBA/GitProjects/WKIRO-Project/data/OB010/Session2/Overground_Walk/Walk_Slow/Post_Process/Walk_Slow1.csv,9,OB010,Session2,overground,walk,slow,19,OB010,19,OB010,0.9980618357658386,2.0423792079782288e-07,1.1416538825415046e-08,6.564632712979801e-06,7.745916974499778e-08,5.371813571741768e-08,2.3513946871389635e-05,5.254200004856102e-06,9.44450221140869e-06,3.8611108266195515e-07,0.0005240969476290047,1.045901512952696e-06,2.314002131242887e-06,0.00023620350111741573,2.815069422013039e-07,3.1755996587889967e-06,0.0005406892159953713,1.8761635089958872e-07,3.810450152741396e-06,0.00017307129746768624,0.9980618357658386,2.4508003662049305e-06,0.0002556108229327947,1.8087373518937966e-06,1.8291365222466993e-06,5.607603816315532e-05,7.041205662972061e-07,1.0419282716611633e-06,6.435182149289176e-05,1.1397800108170486e-06,2.2809497750131413e-05
C:/Users/KUBA/GitProjects/WKIRO-Project/data/OB010/Session2/Overground_Walk/Walk_Slow/Post_Process/Walk_Slow4.csv,3,OB010,Session2,overground,walk,slow,19,OB010,19,OB010,0.9999208450317383,2.2546684519397786e-08,6.225261972581109e-11,3.286534422386467e-08,3.7438687705559914e-09,2.265794885047967e-09,7.504324344154156e-07,7.352948472316712e-08,3.5309437862451887e-07,1.4031956929727585e-08,3.6983467452955665e-06,4.770494665962133e-09,1.215022251699338e-07,3.0583853458665544e-06,6.8992078716689775e-09,5.721934215330293e-08,2.9921511668362655e-05,1.5250416041112658e-08,1.1795131626968214e-07,4.955837084708037e-06,0.9999208450317383,1.382982617315065e-07,2.5883264243020676e-05,5.6102162915294684e-08,1.4811500648193032e-07,8.051796612562612e-06,1.7917111350129744e-08,1.8043981242499285e-07,1.2248320899743703e-06,8.033072163016186e-08,2.2759284945550462e-07
C:/Users/KUBA/GitProjects/WKIRO-Project/data/OB010/Session2/Overground_Walk/Walk_Slow/Post_Process/Walk_Slow6.csv,5,OB010,Session2,overground,walk,slow,19,OB010,19,OB010,0.9999182820320129,2.3056063724880005e-08,6.559559839747209e-11,3.416475991002699e-08,3.7460186064208756e-09,2.2465502791391145e-09,7.83740688348189e-07,7.567204818315076e-08,3.6741411690854875e-07,1.4290860050891752e-08,3.917993581126211e-06,5.083022891483324e-09,1.243139138296101e-07,3.1674949241278227e-06,6.923685624826703e-09,6.083143233581723e-08,3.091536564170383e-05,1.51851935470404e-08,1.1759332352312413e-07,5.161001809028676e-06,0.9999182820320129,1.4633789646723017e-07,2.6376981622888707e-05,5.694671401101914e-08,1.5570830669275892e-07,8.352179065695964e-06,1.8578566240989858e-08,1.7865106372028094e-07,1.2767479802278103e-06,8.312962052059447e-08,2.3684519590005948e-07
C:/Users/KUBA/GitProjects/WKIRO-Project/data/OB010/Session2/Treadmill_Walk/Treadmill_Walk_Slow/Post_Process/Treadmill_Walk_Slow.csv,120,OB010,Session2,treadmill,walk,slow,19,OB010,19,OB010,0.9999207258224487,2.459943182486768e-08,6.568652566318889e-11,3.246474022944312e-08,3.80553721868182e-09,2.210905902799709e-09,7.498386480619956e-07,8.01470250166858e-08,3.593214046304638e-07,1.3681369814833033e-08,3.6842020563199185e-06,4.806166131743339e-09,1.2642854585465102e-07,3.1363135803985642e-06,7.036402571714007e-09,6.376914996053529e-08,2.9196260584285483e-05,1.5005566567083406e-08,1.1942064759296045e-07,4.850076038565021e-06,0.9999207258224487,1.5340327763624373e-07,2.6172165235038847e-05,5.847929074320746e-08,1.5097035088729172e-07,8.464835445920471e-06,1.7269535135255865e-08,1.855369475833868e-07,1.3399842373473803e-06,8.71001191171672e-08,2.2163015955811716e-07
C:/Users/KUBA/GitProjects/WKIRO-Project/data/PC008/Session1/Overground_Run/Run_Comfortable/Post_Process/Run_Comfortable5.csv,3,PC008,Session1,overground,run,comfortable,20,PC008,20,PC008,0.9981563687324524,0.0001356651628157124,5.766331014456227e-06,4.00124099542154e-06,1.6134963516378775e-05,4.276133495295653e-06,4.435442406247603e-06,5.774678584202775e-07,3.2149222533917055e-05,2.0443637893663436e-08,2.7964842956862412e-05,7.876186828070786e-06,1.6181251339730807e-05,2.525441232137382e-05,5.814410087623401e-06,1.0142640348931309e-05,1.2400951163726859e-06,1.5046305179566843e-07,4.8517958930460736e-05,3.5035634482483147e-07,1.7259750165976584e-05,0.9981563687324524,9.815034718485549e-05,0.0010274777887389064,0.0002629581722430885,1.0526397318244562e-06,4.113041086384328e-06,1.690173667157069e-05,8.534726475772914e-06,5.928202881477773e-05,1.396841639689228e-06
C:/Users/KUBA/GitProjects/WKIRO-Project/data/PC008/Session1/Overground_Run/Run_Comfortable/Post_Process/Run_Comfortable9.csv,3,PC008,Session1,overground,run,comfortable,20,PC008,20,PC008,0.9982690215110779,0.00011942300625378266,5.921723641222343e-06,3.506520442897454e-06,1.5199983863567468e-05,4.004157290182775e-06,4.060035735165002e-06,5.477451168189873e-07,3.15100078296382e-05,1.805816829403284e-08,2.3901864551589824e-05,7.329948857659474e-06,1.4338441360450815e-05,2.300374944752548e-05,5.552950369747123e-06,9.239455721399281e-06,1.211941253131954e-06,1.3558745592945343e-07,4.45626828877721e-05,2.7912241762351186e-07,1.6093714293674566e-05,0.9982690215110779,8.9538429165259e-05,0.001008144929073751,0.00022879989410284907,9.574798696121434e-07,3.7006332149758236e-06,1.3729605598200578e-05,8.249858183262404e-06,4.672908107750118e-05,1.282699486182537e-06
C:/Users/KUBA/GitProjects/WKIRO-Project/data/PC008/Session1/Overground_Run/Run_Fast/Post_Process/Run_Fast10.csv,2,PC008,Session1,overground,run,fast,20,PC008,20,PC008,0.9998956918716431,1.7825990653363988e-05,6.951643172214972e-07,2.677756327784664e-08,6.666654144282802e-07,7.084630055942398e-07,4.271023357205195e-08,4.193643654559764e-09,2.566087005106965e-06,8.981432264576483e-11,2.9129055292287376e-06,3.2557755957896006e-07,1.4977273110616807e-07,1.038665459418553e-06,1.5074790553626372e-06,9.198377028951654e-07,3.4534611614844835e-08,2.9378421917414244e-09,3.7061154216644354e-06,4.515692708650931e-08,3.1925986831993214e-07,0.9998956918716431,1.7266404483962106e-06,6.166764796944335e-05,3.119034317933256e-06,7.1045249683265865e-09,4.7559419158460514e-07,1.8144936575481552e-07,1.2340710782154929e-06,2.38576330957585e-06,1.4183688890057056e-08
C:/Users/KUBA/GitProjects/WKIRO-Project/data/PC008/Session1/Overground_Run/Run_Fast/Post_Process/Run_Fast12.csv,2,PC008,Session1,overground,run,fast,20,PC008,20,PC008,0.999898374080658,1.799987512640655e-05,6.465372734965058e-07,2.4895328465390776e-08,6.267404728532711e-07,6.978940518820309e-07,4.346594195681064e-08,3.7459391144523124e-09,2.43204522121232e-06,9.111118803861729e-11,2.880521151382709e-06,3.2712230790821195e-07,1.4889084809510678e-07,9.733283832247253e-07,1.4324857602332486e-06,8.401252102885337e-07,3.214935162532129e-08,2.8243682947959314e-09,3.5899934118788224e-06,4.473242398717048e-08,3.138778197353531e-07,0.999898374080658,1.7426004887965973e-06,5.9545716794673353e-05,3.030352218047483e-06,6.86881218570079e-09,4.5432804540723737e-07,1.771299054098563e-07,1.1354675280017545e-06,2.422940042379196e-06,1.3734032577872313e-08
C:/Users/KUBA/GitProjects/WKIRO-Project/data/PC008/Session1/Overground_Run/Run_Fast/Post_Process/Run_Fast14.csv,2,PC008,Session1,overground,run,fast,20,PC008,20,PC008,0.9998116493225098,1.7245361959794536e-05,2.397226580796996e-06,3.5251133567726356e-08,1.6013045751606114e-06,9.19850549507828e-07,1.3695425593596156e-07,9.989134852617099e-09,3.985110197390895e-06,1.7012763420254373e-10,2.340707851544721e-06,3.3522385933792975e-07,1.6649366330057092e-07,9.90797843769542e-07,1.4092347555560991e-06,1.6661297195241787e-06,1.31018865090482e-07,4.566957478857603e-09,9.560277248965576e-06,4.1325023403260275e-08,6.722036687278887e-07,0.9998116493225098,2.1827090677106753e-06,0.00013151734310667962,3.759994115171139e-06,1.681055472602111e-08,4.944440661347471e-07,2.0081299112462148e-07,3.032416998394183e-06,3.352042767801322e-06,4.0023593328442075e-08
C:/Users/KUBA/GitProjects/WKIRO-Project/data/PC008/Session1/Overground_Run/Run_Fast/Post_Process/Run_Fast4.csv,2,PC008,Session1,overground,run,fast,20,PC008,20,PC008,0.9984032511711121,0.00015199187328107655,6.463907084253151e-06,3.3522483136039227e-06,1.2658458217629232e-05,4.7640110096836e-06,3.51935341313947e-06,4.4313873104329105e-07,3.1851621315581724e-05,1.7022873777250425e-08,2.4690521968295798e-05,7.255268428707495e-06,1.112878271669615e-05,2.1468207705765963e-05,7.562302926089615e-06,8.855935448082164e-06,1.1580975751712685e-06,1.801969915504742e-07,2.9303497285582125e-05,3.5183686009077064e-07,1.0317164196749218e-05,0.9984032511711121,7.186798029579222e-05,0.0009082098258659244,0.0002024201094172895,8.125765589284129e-07,5.097543180454522e-06,1.1996353350696154e-05,8.895211067283526e-06,4.907842230750248e-05,1.076105036190711e-06
C:/Users/KUBA/GitProjects/WKIRO-Project/data/PC008/Session1/Overground_Walk/Walk_Fast/Post_Process/Walk_Fast5.csv,4,PC008,Session1,overground,walk,fast,20,PC008,20,PC008,0.9988343715667725,0.00017884373664855957,4.877495484834071e-06,3.605067377066007e-06,8.433289622189477e-06,3.900395313394256e-06,2.6029179025499616e-06,2.633350391079148e-07,3.675150219351053e-05,1.488388257087081e-08,3.692969403346069e-05,6.442459380195942e-06,1.4654798178526107e-05,2.1107034626766108e-05,7.514967364841141e-06,7.696342436247505e-06,7.673050390621938e-07,1.9515445615070348e-07,2.4097893401631154e-05,7.876627137193282e-07,9.03759337234078e-06,0.9988343715667725,7.767490751575679e-05,0.0003430737415328622,0.0002574925892986357,6.356482913361106e-07,4.880633696302539e-06,1.6347037671948783e-05,8.268034434877336e-06,8.779023482929915e-05,8.523497285750636e-07
C:/Users/KUBA/GitProjects/WKIRO-Project/data/PC008/Session1/Overground_Walk/Walk_Slow/Post_Process/Walk_Slow4.csv,6,PC008,Session1,overground,walk,slow,20,PC008,20,PC008,0.9998556971549988,1.4714652024849784e-05,1.2705708059002063e-06,2.5752001420187298e-08,1.0242110874969512e-06,8.196163889806485e-07,6.934462959407028e-08,5.87265924778535e-09,2.78130687547673e-06,1.1931546028964846e-10,2.544973767726333e-06,2.839027217760304e-07,1.4442780127410515e-07,9.919085641740821e-07,1.254831886399188e-06,1.183802510240639e-06,7.65849605954827e-08,2.995821368756424e-09,6.492325610452099e-06,3.498123390954788e-08,4.170300655914616e-07,0.9998556971549988,1.8209543668490369e-06,0.00010030605335487053,3.0395869998756098e-06,9.123369615338106e-09,4.6972590439509077e-07,1.6240016975643812e-07,1.9113788312097313e-06,2.433219378872309e-06,2.3356991007972283e-08
C:/Users/KUBA/GitProjects/WKIRO-Project/data/PC008/Session1/Treadmill_Walk/Treadmill_Walk_Fast/Post_Process/Treadmill_Walk_Fast.csv,120,PC008,Session1,treadmill,walk,fast,20,PC008,20,PC008,0.999877393245697,1.6897574823815376e-05,9.945950978362816e-07,2.694555512050556e-08,8.075691084741266e-07,8.670763804730086e-07,5.841652495064409e-08,4.735844161274372e-09,2.7783180485130288e-06,1.2415304895263546e-10,2.9721256851189537e-06,3.048048995424324e-07,1.5897666116870823e-07,1.0842632036656141e-06,1.4313952760858228e-06,9.763859907252481e-07,5.981654993547636e-08,3.197142994793012e-09,4.8269034778058995e-06,4.224094496407815e-08,3.42333066782885e-07,0.999877393245697,1.888979227260279e-06,7.763054600218311e-05,3.313154593342915e-06,7.929281231611185e-09,5.071028112979548e-07,1.8027640180662274e-07,1.5467763887500041e-06,2.8077911338186823e-06,1.8556894687549175e-08
C:/Users/KUBA/GitProjects/WKIRO-Project/data/PC008/Session1/Treadmill_Walk/Treadmill_Walk_Slow/Post_Process/Treadmill_Walk_Slow.csv,120,PC008,Session1,treadmill,walk,slow,20,PC008,20,PC008,0.9999009370803833,2.5424656996619888e-05,7.125482284209284e-07,3.309345331103941e-08,4.5929022007840103e-07,1.1756795856854296e-06,3.765932277133288e-08,3.070924403658637e-09,2.5580388864909764e-06,1.1716529135785692e-10,4.1687771954457276e-06,3.610875296544691e-07,1.7145815434105316e-07,1.3275222272568499e-06,2.0901113657600945e-06,6.703849066980183e-07,3.435230411241719e-08,3.4703515616740788e-09,2.532869302740437e-06,6.586203227243459e-08,2.308693183294963e-07,0.9999009370803833,1.6849153325892985e-06,4.4710988731822e-05,4.0482095755578484e-06,5.227599242374481e-09,7.598957267873629e-07,2.426791354537272e-07,1.1996386319879093e-06,4.325358077039709e-06,1.2750111189063773e-08
C:/Users/KUBA/GitProjects/WKIRO-Project/data/PC008/Session2/Overground_Run/Run_Comfortable/Post_Process/Run_Comfortable1.csv,4,PC008,Session2,overground,run,comfortable,20,PC008,20,PC008,0.9987809658050537,0.00015270328731276095,4.577486834023148e-06,3.591547056203126e-06,8.482633347739466e-06,4.257796717865858e-06,2.7164230687048985e-06,2.7635437049866596e-07,3.3925025491043925e-05,1.5894453753162452e-08,3.314318382763304e-05,7.5457774073584005e-06,1.5354673450929113e-05,2.2455376893049106e-05,6.735840543115046e-06,6.5552103478694335e-06,8.787201863924565e-07,1.5119763929760666e-07,2.5214925699401647e-05,5.21615788784402e-07,9.717595276015345e-06,0.9987809658050537,9.171889541903511e-05,0.00046156509779393673,0.00023394159507006407,6.42536690520501e-07,4.384121893963311e-06,1.4479533092526253e-05,7.276064479810884e-06,6.533182022394612e-05,8.09984101124428e-07
C:/Users/KUBA/GitProjects/WKIRO-Project/data/PC008/Session2/Overground_Run/Run_Comfortable/Post_Process/Run_Comfortable12.csv,2,PC008,Session2,overground,run,comfortable,20,PC008,20,PC008,0.9998759031295776,1.6389647498726845e-05,8.913059446058469e-07,2.498709861242787e-08,8.499542332174315e-07,6.973056656534027e-07,5.6246960866701556e-08,4.796077313073965e-09,2.470910885676858e-06,9.292919211922879e-11,2.6952729967888445e-06,3.1983626058718073e-07,1.4360712441430223e-07,9.133579510489653e-07,1.3326401813174016e-06,1.0771268534881528e-06,4.6949747201097125e-08,2.73227462876946e-09,5.18912111147074e-06,3.9494256753869195e-08,3.962722416872566e-07,0.9998759031295776,1.7452272231821553e-06,8.16098545328714e-05,2.826453055604361e-06,8.76136407867989e-09,4.4575514834832575e-07,1.657825521306222e-07,1.4936071011106833e-06,2.2297574560070643e-06,1.744563249417297e-08
C:/Users/KUBA/GitProjects/WKIRO-Project/data/PC008/Session2/Overground_Run/Run_Comfortable/Post_Process/Run_Comfortable13.csv,2,PC008,Session2,overground,run,comfortable,20,PC008,20,PC008,0.9986177682876587,0.0001541802630526945,5.619388957711635e-06,3.415430455788737e-06,1.1011790775228292e-05,4.014629666926339e-06,3.1144120384851703e-06,3.706117297497258e-07,3.1571267754770815e-05,1.5322939361794852e-08,2.5816825655056164e-05,7.754641956125852e-06,1.2894116480310913e-05,2.0129755284870043e-05,6.511381798190996e-06,7.4261824920540676e-06,9.805792160477722e-07,1.509130242993706e-07,2.8859969461336732e-05,3.8535949897777755e-07,1.0633425517880823e-05,0.9986177682876587,7.791028474457562e-05,0.0006926452042534947,0.000200079390197061,7.544571190010174e-07,4.353563781478442e-06,1.2543184311653022e-05,8.223112672567368e-06,4.9821923312265426e-05,9.862187653197907e-07
C:/Users/KUBA/GitProjects/WKIRO-Project/data/PC008/Session2/Overground_Run/Run_Fast/Post_Process/Run_Fast2.csv,2,PC008,Session2,overground,run,fast,20,PC008,20,PC008,0.993454098701477,0.005560871679335833,1.8875672367357765e-06,5.4715730612997504e-08,2.1056609966763062e-06,1.5480296497116797e-05,8.242987803441792e-08,1.0605332789737076e-07,3.4681557735893875e-05,2.9896354281078175e-09,5.61844753974583e-05,3.6382946291269036e-06,7.184453352238052e-06,6.9150519266258925e-06,3.540917987265857e-06,2.1589332391158678e-05,2.0530499966753268e-07,4.908061441710743e-07,1.6724568467907375e-06,9.298372560806456e-07,1.8806540538207628e-06,0.993454098701477,1.2155580861872295e-06,0.00019765949400607497,5.2988743846071884e-05,1.2323060616381554e-07,2.7273847081232816e-05,2.8325162020337302e-06,1.4302342606242746e-05,0.0005296901217661798,2.9991875294399506e-07
C:/Users/KUBA/GitProjects/WKIRO-Project/data/PC008/Session2/Overground_Walk/Walk_Comfortable/Post_Process/Walk_Comfortable11.csv,3,PC008,Session2,overground,walk,comfortable,20,PC008,20,PC008,0.9989011883735657,0.000177484835148789,4.875692411587806e-06,3.2417881357105216e-06,7.693995939916931e-06,3.84544591724989e-06,2.3216036879603053e-06,2.418333053810784e-07,3.611834836192429e-05,1.366970980853921e-08,3.318149538245052e-05,6.731138000759529e-06,1.3651781955559272e-05,2.010116440942511e-05,7.518496659031371e-06,6.677753844996914e-06,7.747141808067681e-07,1.7780348571250215e-07,2.0658961148001254e-05,7.044668564049061e-07,7.905178790679201e-06,0.9989011883735657,7.546762935817242e-05,0.0003611395077314228,0.0002121370634995401,5.773441102974175e-07,4.656221335608279e-06,1.2907639757031575e-05,7.953151907713618e-06,6.930436211405322e-05,7.434869075950701e-07
C:/Users/KUBA/GitProjects/WKIRO-Project/data/PC008/Session2/Overground_Walk/Walk_Slow/Post_Process/Walk_Slow12.csv,5,PC008,Session2,overground,walk,slow,20,PC008,20,PC008,0.999897301197052,1.924196840263903e-05,7.683943294978235e-07,3.120161551350975e-08,5.672659426636528e-07,9.752163805387681e-07,4.450316737347748e-08,3.480420840418219e-09,2.6726879696070682e-06,1.274950145457865e-10,3.723898089447175e-06,3.0233550774028117e-07,1.7157154275082576e-07,1.2971652267879108e-06,1.686053678895405e-06,7.936858992252382e-07,3.9644035609853745e-08,3.383838986792398e-09,3.4957527077494888e-06,5.283762405383641e-08,2.66701647433365e-07,0.999897301197052,1.8790258309309138e-06,5.521823914023116e-05,3.730735215867753e-06,5.985184348133998e-09,6.153385356810759e-07,2.1605497124710382e-07,1.3200375406086096e-06,3.4953191061504185e-06,1.4637571155162732e-08
C:/Users/KUBA/GitProjects/WKIRO-Project/data/PC008/Session2/Overground_Walk/Walk_Slow/Post_Process/Walk_Slow3.csv,4,PC008,Session2,overground,walk,slow,20,PC008,20,PC008,0.998884916305542,0.00017249608936253935,4.682146482082317e-06,3.273990841989871e-06,7.711808393651154e-06,3.970576472056564e-06,2.3815800886950456e-06,2.3732145848498476e-07,3.445259062573314e-05,1.402169402808795e-08,3.395302701392211e-05,6.976813438086538e-06,1.3966044207336381e-05,1.9929228074033745e-05,7.360817107837647e-06,6.523526735691121e-06,7.677870712541335e-07,1.6844278150074388e-07,2.1038569684606045e-05,6.497677418337844e-07,7.963394637044985e-06,0.998884916305542,7.868210377637297e-05,0.00037915841676294804,0.00021382847626227885,5.876168529539427e-07,4.64790082332911e-06,1.3353858776099514e-05,7.6151936809765175e-06,6.798520189477131e-05,7.263740258167672e-07
C:/Users/KUBA/GitProjects/WKIRO-Project/data/PC008/Session2/Overground_Walk/Walk_Slow/Post_Process/Walk_Slow6.csv,3,PC008,Session2,overground,walk,slow,20,PC008,20,PC008,0.9998989105224609,2.0019882867927663e-05,7.648356472600426e-07,3.047447805215597e-08,5.347768023966637e-07,9.814656323214876e-07,4.1628940294913264e-08,3.223742384150796e-09,2.5816677862167126e-06,1.1444625108714135e-10,3.5767541248787893e-06,3.15054819566285e-07,1.585207343168804e-07,1.2018784900647006e-06,1.735632395138964e-06,7.404835287161404e-07,3.742379917071048e-08,3.279732929684087e-09,3.0775952382100513e-06,5.1477794471566085e-08,2.418869939901924e-07,0.9998989105224609,1.7305906112596858e-06,5.43007772648707e-05,3.470018782536499e-06,5.8050897422390335e-09,6.420935392270621e-07,2.03473078386196e-07,1.3040897783866967e-06,3.292358996986877e-06,1.3410294208426876e-08
C:/Users/KUBA/GitProjects/WKIRO-Project/data/PC008/Session2/Treadmill_Walk/Treadmill_Walk_Slow/Post_Process/Treadmill_Walk_Slow.csv,120,PC008,Session2,treadmill,walk,slow,20,PC008,20,PC008,0.999897837638855,1.9019282262888737e-05,7.363776717284054e-07,3.003473736384876e-08,5.630648161059071e-07,9.72871930571273e-07,4.456071422964669e-08,3.1363962538222268e-09,2.6321208679291885e-06,1.3160540712764401e-10,3.986397587141255e-06,3.007444888680766e-07,1.810584109307456e-07,1.2469386092561763e-06,1.6468020476168022e-06,7.335062832680705e-07,4.019823407475087e-08,3.331816822438327e-09,3.378456085556536e-06,5.216451626210983e-08,2.407875570042961e-07,0.999897837638855,1.914383801704389e-06,5.525590677279979e-05,3.6141261716693407e-06,6.055351331468728e-09,6.2562929770138e-07,2.0854264448644244e-07,1.2512427929323167e-06,3.4897427667601733e-06,1.3556291200700343e-08
C:/Users/KUBA/GitProjects/WKIRO-Project/data/PQ006/Session1/Overground_Run/Run_Comfortable/Post_Process/Run_Comfortable5.csv,2,PQ006,Session1,overground,run,comfortable,21,PQ006,21,PQ006,0.995984673500061,5.700931637875328e-07,2.1803174377055257e-07,0.00028820341685786843,2.0217450469317555e-07,3.491037932690233e-05,0.0006136765005066991,7.375950872301473e-07,9.517123544355854e-06,9.029520879266784e-05,0.000820520450361073,1.1567565252335044e-06,3.867363557219505e-05,0.00011531825293786824,2.701443008845672e-06,2.7719397621694952e-06,0.00045083294389769435,1.4544033319907612e-06,0.0008105437736958265,2.7910948574572103e-06,0.00032545466092415154,0.00023089484602678567,0.995984673500061,4.113024260732345e-05,3.4959706681547686e-05,4.18850277128513e-06,2.3361255898635136e-06,3.1392839446198195e-05,2.443487392156385e-05,2.1118785298313014e-06,3.332570122438483e-05
C:/Users/KUBA/GitProjects/WKIRO-Project/data/PQ006/Session1/Overground_Run/Run_Fast/Post_Process/Run_Fast7.csv,2,PQ006,Session1,overground,run,fast,21,PQ006,21,PQ006,0.9958159327507019,4.0850827076610585e-07,2.222192279077717e-07,0.0002598773571662605,2.3110607116905157e-07,2.8183696485939436e-05,0.0006941600004211068,8.121666041915887e-07,8.094011718640104e-06,8.65801703184843e-05,0.0008041729452088475,1.0831839745151228e-06,3.2186184398597106e-05,8.123001316562295e-05,2.3744541977066547e-06,2.7209300696995342e-06,0.0005184879992157221,1.1025756521121366e-06,0.0009396477835252881,2.3497591428167652e-06,0.0003993182326667011,0.00016045222582761198,0.9958159327507019,4.261653157300316e-05,2.486056473571807e-05,5.414938641479239e-06,1.7056320302799577e-06,2.6775318474392407e-05,2.3909411538625136e-05,1.3204772812969168e-06,3.382768773008138e-05
C:/Users/KUBA/GitProjects/WKIRO-Project/data/PQ006/Session1/Overground_Walk/Walk_Comfortable/Post_Process/Walk_Comfortable5.csv,8,PQ006,Session1,overground,walk,comfortable,21,PQ006,21,PQ006,0.9958899021148682,2.3482466815494263e-07,1.2667510418395977e-07,0.0003283488913439214,1.0521601012669635e-07,1.5872097719693556e-05,0.00023084090207703412,7.648908990631753e-07,1.0897524589381646e-05,5.055594374425709e-05,0.0009545690845698118,7.203101404229528e-07,1.8539783923188224e-05,9.867614426184446e-05,2.710271019168431e-06,1.667261585680535e-06,0.0005570913199335337,4.5973854412295623e-07,0.0008155765826813877,2.371785285504302e-06,0.0007995918276719749,0.00010142378596356139,0.9958899021148682,1.992900979530532e-05,1.3316539480001666e-05,5.174488251213916e-06,1.2810351108782925e-06,1.5461268048966303e-05,3.7139441701583564e-05,1.2211010016471846e-06,2.5494064175290987e-05
C:/Users/KUBA/GitProjects/WKIRO-Project/data/PQ006/Session1/Overground_Walk/Walk_Comfortable/Post_Process/Walk_Comfortable6.csv,7,PQ006,Session1,overground,walk,comfortable,21,PQ006,21,PQ006,0.9997056126594543,6.180878386885524e-08,5.719863124808988e-11,3.526552745825029e-06,9.48930822808336e-10,1.8286459635419305e-07,3.305389327579178e-05,4.792556040911222e-08,5.564418614767419e-08,2.972936272271909e-06,8.872685430105776e-05,1.3976007906535415e-08,2.380272235313896e-05,2.119179725923459e-06,1.6318037410201214e-07,2.735885118454462e-08,1.8651911659617326e-06,9.13848765549119e-08,3.634603854152374e-05,4.2431017277522187e-07,9.119649621425197e-05,8.9512099066269e-07,0.9997056126594543,1.934678977022486e-07,2.430002155051625e-07,1.5764244665206206e-07,2.368893081694523e-09,7.778724466334097e-06,2.8537547791529505e-07,1.7783166939011608e-08,6.74608386930231e-08
C:/Users/KUBA/GitProjects/WKIRO-Project/data/PQ006/Session1/Overground_Walk/Walk_Comfortable/Post_Process/Walk_Comfortable9.csv,8,PQ006,Session1,overground,walk,comfortable,21,PQ006,21,PQ006,0.9965575337409973,2.1016649043303914e-07,1.0129815564141609e-07,0.0002775260363705456,8.53475512485602e-08,1.4880255548632704e-05,0.0002122337173204869,5.893446655136358e-07,9.4049046310829e-06,4.58596769021824e-05,0.0008286739466711879,6.223465334187495e-07,1.8672726582735777e-05,9.021844016388059e-05,2.253161028420436e-06,1.3760136425844394e-06,0.00045375575427897274,4.264415451871173e-07,0.0006621574284508824,2.0654033505707048e-06,0.0006231397856026888,9.875807154458016e-05,0.9965575337409973,1.6067941032815725e-05,1.3681156815437134e-05,4.081345650774892e-06,1.0782201798065216e-06,1.497282755735796e-05,2.7544736440177076e-05,1.0914525319094537e-06,2.0969011529814452e-05
C:/Users/KUBA/GitProjects/WKIRO-Project/data/PQ006/Session1/Overground_Walk/Walk_Fast/Post_Process/Walk_Fast1.csv,6,PQ006,Session1,overground,walk,fast,21,PQ006,21,PQ006,0.9940192699432373,4.327918361468619e-07,2.0817545021145634e-07,0.0004910326097160578,1.4494345634830097e-07,2.3166305254562758e-05,0.00025533162988722324,1.1505694601510186e-06,1.9189872546121478e-05,6.659766950178891e-05,0.0016792300157248974,1.2482713600547868e-06,2.3670188966207206e-05,0.00015256035840138793,5.060187504568603e-06,2.3209370283439057e-06,0.000864996574819088,8.129453021865629e-07,0.0008942277636379004,4.9806671995611396e-06,0.0011618748540058732,0.00015370883920695633,0.9940192699432373,2.454858440614771e-05,1.859746225818526e-05,7.353266482823528e-06,2.67548216470459e-06,1.9562456145649776e-05,6.947760266484693e-05,2.4375883640459506e-06,3.4117601899197325e-05
C:/Users/KUBA/GitProjects/WKIRO-Project/data/PQ006/Session1/Overground_Walk/Walk_Fast/Post_Process/Walk_Fast13.csv,4,PQ006,Session1,overground,walk,fast,21,PQ006,21,PQ006,0.9960485100746155,2.3551476147076755e-07,1.165834788707798e-07,0.00031971183489076793,9.719194338231318e-08,1.5569672541460022e-05,0.00021203304640948772,6.80264577113121e-07,1.1071189874201082e-05,4.962643652106635e-05,0.000996183487586677,6.98563781043049e-07,1.9163466276950203e-05,9.830285125644878e-05,2.64097320723522e-06,1.5050118236104026e-06,0.0005300429766066372,4.66570043045067e-07,0.0007220151601359248,2.443317725919769e-06,0.0007537425844930112,0.0001039551425492391,0.9960485100746155,1.7453590771765448e-05,1.3737828339799307e-05,5.044981662649661e-06,1.2999369118915638e-06,1.5257488485076465e-05,3.326604564790614e-05,1.2789876109309262e-06,2.391371162957512e-05
C:/Users/KUBA/GitProjects/WKIRO-Project/data/PQ006/Session1/Overground_Walk/Walk_Slow/Post_Process/Walk_Slow14.csv,8,PQ006,Session1,overground,walk,slow,21,PQ006,21,PQ006,0.9999334812164307,2.297409729123956e-08,4.665431582728807e-11,1.083490587916458e-06,7.865769702242176e-10,1.8535618551140942e-07,1.0085690519190393e-05,3.964981676318757e-09,4.450978252634741e-08,1.3183179135012324e-06,2.8027623102389043e-06,5.725314888849198e-09,5.001168574381154e-06,2.823161935339158e-07,5.081415110907983e-08,1.3921725106058602e-08,6.372927146003349e-07,2.8056147627353312e-08,1.864752448454965e-05,6.53337366429696e-08,1.8621332856127992e-05,8.558391755286721e-07,0.9999334812164307,4.49483863462774e-08,2.1382197701313999e-07,8.135619822269291e-08,7.028360671235134e-10,6.271074653341202e-06,2.545314359281292e-08,6.10925177113586e-09,4.879291282122722e-08
C:/Users/KUBA/GitProjects/WKIRO-Project/data/PQ006/Session1/Overground_Walk/Walk_Slow/Post_Process/Walk_Slow15.csv,7,PQ006,Session1,overground,walk,slow,21,PQ006,21,PQ006,0.9965051412582397,2.314323381824579e-07,1.025844511559626e-07,0.0002956984972115606,8.707513643457787e-08,1.612976484466344e-05,0.00021909712813794613,5.982864763609541e-07,9.258275895263068e-06,4.770300802192651e-05,0.0008482387638650835,6.915380481586908e-07,1.9133789464831352e-05,9.5645162218716e-05,2.439723175484687e-06,1.410602862961241e-06,0.00044576459913514555,4.502446984133712e-07,0.0007015519076958299,2.1544315131905023e-06,0.0005786647670902312,0.00010549501894274727,0.9965051412582397,1.7370515706716105e-05,1.4209121218300425e-05,3.939958332921378e-06,1.197727101498458e-06,1.5924222680041566e-05,2.935508018708788e-05,1.1461144140412216e-06,2.1224001102382317e-05
C:/Users/KUBA/GitProjects/WKIRO-Project/data/PQ006/Session1/Overground_Walk/Walk_Slow/Post_Process/Walk_Slow2.csv,8,PQ006,Session1,overground,walk,slow,21,PQ006,21,PQ006,0.9999362230300903,2.3396200532488365e-08,4.5626440126067536e-11,9.792852324608248e-07,7.950402003409351e-10,1.585506481660559e-07,1.0071229553432204e-05,3.7131155927738746e-09,4.268948572416775e-08,1.3035114534432068e-06,2.504938038327964e-06,5.146874038075566e-09,4.8879646783461794e-06,2.4970486833808536e-07,4.252664353998625e-08,1.5190625646255285e-08,5.488612941917381e-07,2.8453882805479225e-08,1.666492607910186e-05,6.6126546016676e-08,1.842827259679325e-05,8.244977038884826e-07,0.9999362230300903,3.916381530189028e-08,2.1788433457459178e-07,8.88578810531726e-08,6.294514354188152e-10,6.492401553259697e-06,2.1149791251673378e-08,6.419527132095482e-09,5.372781686219241e-08
C:/Users/KUBA/GitProjects/WKIRO-Project/data/PQ006/Session1/Overground_Walk/Walk_Slow/Post_Process/Walk_Slow4.csv,7,PQ006,Session1,overground,walk,slow,21,PQ006,21,PQ006,0.9999402165412903,2.132088638973073e-08,4.59677088060495e-11,9.293431162404886e-07,8.079079072409456e-10,1.506270734807913e-07,1.0339445907447953e-05,3.6634555389269963e-09,3.86295013754534e-08,1.3286927469380316e-06,2.5290678422607016e-06,5.6563642658602475e-09,4.553147391561652e-06,2.1699308661027317e-07,3.9953128805336746e-08,1.463644938581865e-08,5.36575612386514e-07,2.9427141612359264e-08,1.499555855843937e-05,6.559135812267414e-08,1.693003468972165e-05,7.362542646660586e-07,0.9999402165412903,3.446502105930449e-08,1.9730319422706089e-07,9.089388441907431e-08,5.872263786343979e-10,5.839620371261844e-06,1.844306041220989e-08,5.5097979512197526e-09,5.452236351288775e-08
C:/Users/KUBA/GitProjects/WKIRO-Project/data/PQ006/Session1/Treadmill_Walk/Treadmill_Walk_Fast/Post_Process/Treadmill_Walk_Fast.csv,120,PQ006,Session1,treadmill,walk,fast,21,PQ006,21,PQ006,0.999939501285553,1.9409522877822383e-08,4.7838250721854436e-11,9.982354640669655e-07,8.178890897880819e-10,1.439436090322488e-07,1.1097303286078386e-05,3.6545368953255775e-09,3.752814947688421e-08,1.4280204823080567e-06,2.59978537542338e-06,5.623266741139332e-09,4.420481673150789e-06,2.213021730312903e-07,3.8078702857546887e-08,1.5396391717104052e-08,5.260395710138255e-07,2.9843924664874066e-08,1.550197703181766e-05,6.873279545516198e-08,1.6349553334293887e-05,7.020861971795966e-07,0.999939501285553,3.152431560238256e-08,2.045624114543898e-07,9.274704382278287e-08,5.585617524062059e-10,5.96811696595978e-06,1.8298612403100378e-08,5.983156636801823e-09,5.9054332979258106e-08
C:/Users/KUBA/GitProjects/WKIRO-Project/data/PQ006/Session2/Overground_Run/Run_Comfortable/Post_Process/Run_Comfortable6.csv,2,PQ006,Session2,overground,run,comfortable,21,PQ006,21,PQ006,0.999932050704956,2.2217294670667798e-08,5.952488502103392e-11,1.1174420251336414e-06,1.1106475739097732e-09,1.4390371916306322e-07,1.227902976097539e-05,4.735535519273526e-09,3.9725371436816204e-08,1.570015342622355e-06,3.813687726506032e-06,8.141669560757236e-09,5.589052761933999e-06,2.893801251957484e-07,3.352599975414705e-08,2.2208656247357794e-08,5.28845362168795e-07,3.223168931754117e-08,1.4984403605922125e-05,9.744917406351306e-08,1.9979874195996672e-05,8.86202769834199e-07,0.999932050704956,3.247313529186613e-08,2.488804966560565e-07,1.2559550555124588e-07,7.147218927805454e-10,5.9902922657784075e-06,1.7110522776420112e-08,6.817686859506011e-09,9.635965625420795e-08
C:/Users/KUBA/GitProjects/WKIRO-Project/data/PQ006/Session2/Overground_Run/Run_Comfortable/Post_Process/Run_Comfortable8.csv,2,PQ006,Session2,overground,run,comfortable,21,PQ006,21,PQ006,0.9998990297317505,3.4846522112275125e-08,8.692573050250729e-11,1.0275902013745508e-06,2.1455452969831867e-09,2.611758702641964e-07,1.2538403098005801e-05,6.836996302439502e-09,3.758161426503648e-08,2.401010306130047e-06,7.496505531889852e-06,1.2013432915125577e-08,1.0400497558293864e-05,5.629538009088719e-07,3.36847278958885e-08,3.0459549549277654e-08,8.812629062049382e-07,3.331053477495516e-08,2.132104418706149e-05,1.4374465706623596e-07,3.521352482493967e-05,1.4871480971123674e-06,0.9998990297317505,5.889053511509701e-08,2.773654728116526e-07,1.969842458038329e-07,1.4544463411425568e-09,6.292894340731436e-06,2.2570500135543625e-08,7.702228188577465e-09,1.688727166992976e-07
C:/Users/KUBA/GitProjects/WKIRO-Project/data/PQ006/Session2/Overground_Run/Run_Comfortable/Post_Process/Run_Comfortable9.csv,3,PQ006,Session2,overground,run,comfortable,21,PQ006,21,PQ006,0.9967119693756104,2.3919974978525715e-07,1.3016466482440592e-07,0.0002166692866012454,1.284287236558157e-07,1.922937917697709e-05,0.00037501115002669394,5.097427333566884e-07,7.849562280171085e-06,5.744418012909591e-05,0.0006640623905695975,6.173287943056494e-07,2.3652399249840528e-05,7.610969623783603e-05,1.7763699133865885e-06,1.682831566540699e-06,0.0004578137013595551,5.981999038340291e-07,0.0007024297374300659,1.799397068680264e-06,0.0004421313351485878,0.00012564858479890972,0.9967119693756104,2.3562135538668372e-05,1.915145003295038e-05,4.682751296058996e-06,1.1748280712708947e-06,1.957099448191002e-05,1.9357132259756327e-05,1.1348887483109138e-06,2.3928079826873727e-05
C:/Users/KUBA/GitProjects/WKIRO-Project/data/PQ006/Session2/Overground_Run/Run_Fast/Post_Process/Run_Fast1.csv,3,PQ006,Session2,overground,run,fast,21,PQ006,21,PQ006,0.9962611794471741,3.4123763725801837e-07,1.4585019414425915e-07,0.0002255258004879579,1.6182643491902127e-07,2.442717413941864e-05,0.0004892561119049788,5.462859462568304e-07,8.885017450666055e-06,6.36032855254598e-05,0.0007882167701609433,7.772312642373436e-07,3.123041824437678e-05,8.45561662572436e-05,2.124926140822936e-06,2.0129293716308894e-06,0.0004741862358059734,8.221909411076922e-07,0.000795888714492321,2.349001306356513e-06,0.00045337271876633167,0.00015779690875206143,0.9962611794471741,2.86770209640963e-05,2.3793845684849657e-05,4.96272832606337e-06,1.555470475977927e-06,2.50870125455549e-05,2.101003519783262e-05,1.4737685205545858e-06,2.6017811251222156e-05
C:/Users/KUBA/GitProjects/WKIRO-Project/data/PQ006/Session2/Overground_Run/Run_Fast/Post_Process/Run_Fast7.csv,2,PQ006,Session2,overground,run,fast,21,PQ006,21,PQ006,0.9957884550094604,3.1350504059446394e-07,1.6755902265686018e-07,0.00020393234444782138,2.4393918351961474e-07,2.5483772333245724e-05,0.0008250698447227478,5.405705110206327e-07,7.629631909367163e-06,7.084237586241215e-05,0.0006728731095790863,7.202608003353816e-07,3.70054149243515e-05,7.332621316891164e-05,2.130764642060967e-06,2.275103042848059e-06,0.0005878226365894079,1.0272124200128019e-06,0.0010544172255322337,2.1534087863983586e-06,0.00033487059408798814,0.00016654546197969466,0.9957884550094604,3.2680640288162977e-05,2.6594318114803173e-05,5.906470505578909e-06,1.392933427268872e-06,2.7910386052099057e-05,1.806887667044066e-05,1.4851524383630021e-06,2.8092928914702497e-05
C:/Users/KUBA/GitProjects/WKIRO-Project/data/PQ006/Session2/Overground_Walk/Walk_Comfortable/Post_Process/Walk_Comfortable6.csv,4,PQ006,Session2,overground,walk,comfortable,21,PQ006,21,PQ006,0.9999420642852783,1.903859470075986e-08,5.008162634601021e-11,9.60906731961586e-07,8.163744125155858e-10,1.4204024978425878e-07,1.102368605643278e-05,3.5615232985009015e-09,3.583604879509039e-08,1.4518122952722479e-06,2.593902308944962e-06,5.625016896715351e-09,4.25703819928458e-06,2.0660118593696097e-07,3.490463740263294e-08,1.5696471677983936e-08,5.087079557597463e-07,3.0180952848013476e-08,1.4301819646789227e-05,6.865634816222155e-08,1.5565468856948428e-05,6.75394232985127e-07,0.9999420642852783,2.929032127951814e-08,1.9562867237254977e-07,9.404607936858156e-08,5.553061899199463e-10,5.647483703796752e-06,1.7094043514020996e-08,5.718869822146644e-09,6.204292901657027e-08
C:/Users/KUBA/GitProjects/WKIRO-Project/data/PQ006/Session2/Overground_Walk/Walk_Slow/Post_Process/Walk_Slow2.csv,6,PQ006,Session2,overground,walk,slow,21,PQ006,21,PQ006,0.9999344944953918,2.136241050720855e-08,4.590411731286714e-11,9.271438443647639e-07,9.509307785648957e-10,1.3598983628071437e-07,1.0849369573406875e-05,4.061632363772105e-09,3.649748947509579e-08,1.4493098206003197e-06,2.898963202824234e-06,5.469216635134444e-09,5.333297394827241e-06,2.4381418484153983e-07,3.349957822251781e-08,1.715427444537454e-08,4.818264756067947e-07,2.9518284705432052e-08,1.562190482218284e-05,7.460068474074433e-08,1.9682271158671938e-05,7.491656219826837e-07,0.9999344944953918,3.283590288560845e-08,2.1896222790473985e-07,1.068255031100307e-07,5.786376378047464e-10,6.422484602808254e-06,1.610990274514279e-08,6.141116504210231e-09,6.741873903592932e-08
C:/Users/KUBA/GitProjects/WKIRO-Project/data/RC020/Session1/Overground_Run/Run_Comfortable/Post_Process/Run_Comfortable7.csv,4,RC020,Session1,overground,run,comfortable,22,RC020,22,RC020,0.9937930107116699,0.00017103046411648393,1.7289416064159013e-05,5.812985818920424e-06,6.073906479286961e-05,1.8388191165286116e-05,1.3233096069598105e-05,0.0007534256437793374,3.685532419694937e-06,4.39506857219385e-06,3.934835331165232e-05,1.664767478359863e-05,0.0014908643206581473,4.711777364718728e-05,1.1530097253853455e-05,9.883531674859114e-06,3.861563527607359e-06,5.494469235145516e-08,0.0023883036337792873,5.1294513525590446e-08,3.498121805023402e-05,0.0009686918347142637,5.583971505984664e-05,0.9937930107116699,2.3653543394175358e-05,5.43915757589275e-06,5.762984983448405e-06,6.404256964742672e-06,4.9014954129233956e-05,5.09116830471612e-07,1.067696416612307e-06
C:/Users/KUBA/GitProjects/WKIRO-Project/data/RC020/Session1/Overground_Run/Run_Fast/Post_Process/Run_Fast1.csv,2,RC020,Session1,overground,run,fast,22,RC020,22,RC020,0.9923005700111389,0.0003931232204195112,1.9350518414285034e-05,4.469578470889246e-06,8.307089592562988e-05,1.7362557628075592e-05,2.016220059886109e-05,0.0012455936521291733,2.9283439744176576e-06,7.2359262048848905e-06,5.0484726671129465e-05,1.736410558805801e-05,0.0017814806196838617,8.583457383792847e-05,1.6077892723842524e-05,1.806065483833663e-05,4.524365976976696e-06,1.4651148205757636e-07,0.002223851392045617,1.0004848149947065e-07,4.230628110235557e-05,0.0014823016244918108,6.216944893822074e-05,0.9923005700111389,1.9696592062246054e-05,8.397890269407071e-06,7.229122275020927e-06,5.649340891977772e-06,7.847665983717889e-05,8.727382692086394e-07,1.143159238381486e-06
C:/Users/KUBA/GitProjects/WKIRO-Project/data/RC020/Session1/Overground_Run/Run_Fast/Post_Process/Run_Fast4.csv,2,RC020,Session1,overground,run,fast,22,RC020,22,RC020,0.9999376535415649,4.647583409678191e-06,7.978276244102744e-07,1.1871957639186803e-08,1.1446888947830303e-06,7.366635372818564e-07,6.969714263505011e-07,8.479661119054072e-06,3.3181819958372216e-08,1.0720405185793425e-07,2.7517847911440185e-07,3.419674143856355e-08,8.423265171586536e-06,8.458478646389267e-07,6.314459710665687e-08,2.9738401963186334e-07,8.21791914518144e-08,1.275598515704246e-09,1.6620237147435546e-05,1.9767433523387723e-10,4.221429321660253e-07,1.6901658455026336e-05,1.4749841170669242e-07,0.9999376535415649,4.7054999186002533e-07,6.446250466751735e-08,2.998537240728183e-07,4.451111834669064e-08,6.724946501890372e-07,5.7665205943635556e-09,2.289563383328641e-08
C:/Users/KUBA/GitProjects/WKIRO-Project/data/RC020/Session1/Overground_Walk/Walk_Comfortable/Post_Process/Walk_Comfortable4.csv,4,RC020,Session1,overground,walk,comfortable,22,RC020,22,RC020,0.999923825263977,4.685590738517931e-06,5.441218604573805e-07,1.226864654313431e-08,1.0934907095361268e-06,5.848923478879442e-07,6.341352900562924e-07,9.427320037502795e-06,2.306286184250439e-08,1.0537784334019307e-07,4.3137367811141303e-07,2.5023558336556562e-08,1.342424911854323e-05,1.201038685394451e-06,4.147650400909697e-08,4.253611791682488e-07,5.5559787881520606e-08,7.686472569545799e-10,2.4251339709735475e-05,1.940476945794245e-10,8.542908176423225e-07,1.659147528698668e-05,1.7642116745264502e-07,0.999923825263977,6.907197303007706e-07,7.541974156310971e-08,2.3027632778394036e-07,8.806780726899888e-08,4.645076785436686e-07,6.175520539386525e-09,2.8820586805977655e-08
C:/Users/KUBA/GitProjects/WKIRO-Project/data/RC020/Session1/Overground_Walk/Walk_Comfortable/Post_Process/Walk_Comfortable5.csv,7,RC020,Session1,overground,walk,comfortable,22,RC020,22,RC020,0.9875313639640808,0.00016095438331831247,2.5604884285712615e-05,1.5528197764069773e-05,9.031697118189186e-05,2.008277988352347e-05,3.471377567620948e-05,0.001200911938212812,8.071092452155426e-06,5.5456498557759915e-06,0.00010246437886962667,3.1349958589999005e-05,0.002991896355524659,5.270734982332215e-05,3.5890177969122306e-05,1.19803207780933e-05,5.400450845627347e-06,8.426524544802305e-08,0.006676528137177229,1.95618980569634e-07,5.824194522574544e-05,0.0006864984170533717,8.603766036685556e-05,0.9875313639640808,2.6656827685656026e-05,1.2574078937177546e-05,5.739698281104211e-06,1.8367716620559804e-05,0.000101286314020399,5.06692686030874e-07,2.4154378479579464e-06
C:/Users/KUBA/GitProjects/WKIRO-Project/data/RC020/Session1/Overground_Walk/Walk_Fast/Post_Process/Walk_Fast5.csv,4,RC020,Session1,overground,walk,fast,22,RC020,22,RC020,0.9909994602203369,0.00015369828906841576,2.2441679902840406e-05,1.0152651157113723e-05,8.216133574023843e-05,1.6790447261882946e-05,2.4034863599808887e-05,0.0011084203142672777,5.549076377064921e-06,4.945396995026385e-06,6.637484329985455e-05,2.3175212845671922e-05,0.0020816291216760874,4.923873711959459e-05,2.5518844267935492e-05,1.0806197678903118e-05,4.283434918761486e-06,7.516881339597603e-08,0.004402663093060255,1.240211275899128e-07,4.099835496162996e-05,0.0006791475461795926,6.273719191085547e-05,0.9909994602203369,2.1467745682457462e-05,8.609368705947418e-06,5.176592821953818e-06,1.0976292287523393e-05,7.704907329753041e-05,4.678585696638038e-07,1.8033979358733632e-06
C:/Users/KUBA/GitProjects/WKIRO-Project/data/RC020/Session2/Overground_Run/Run_Comfortable/Post_Process/Run_Comfortable5.csv,3,RC020,Session2,overground,run,comfortable,22,RC020,22,RC020,0.99442458152771,0.00037466175854206085,1.0816694157256279e-05,2.3069369490258396e-06,7.894233567640185e-05,1.6283678633044474e-05,1.0547351848799735e-05,0.000498552864883095,3.245203288315679e-06,4.927374448016053e-06,2.935999509645626e-05,1.1919364624191076e-05,0.001853377209044993,4.395723226480186e-05,3.0051312478462933e-06,1.682520996837411e-05,3.300977141407202e-06,6.959623277680294e-08,0.0007274982635863125,3.934029280117102e-08,3.780755287152715e-05,0.0016931366408243775,3.714206104632467e-05,0.99442458152771,6.699228106299415e-05,9.38344601308927e-06,6.459541964431992e-06,8.8870410763775e-06,2.3758659153827466e-05,8.242571425398637e-07,1.4019507261764375e-06
C:/Users/KUBA/GitProjects/WKIRO-Project/data/RC020/Session2/Overground_Run/Run_Comfortable/Post_Process/Run_Comfortable6.csv,2,RC020,Session2,overground,run,comfortable,22,RC020,22,RC020,0.999950110912323,3.724307362062973e-06,4.339412953413557e-07,1.2879339372773302e-08,8.008814802451525e-07,1.1063283409384894e-06,6.978985993555398e-07,6.102105544414371e-06,1.888244582914922e-08,1.015230850498483e-07,2.021917566707998e-07,2.1640692793312155e-08,4.782521955348784e-06,6.503278200398199e-07,5.175094486276066e-08,2.626904347380332e-07,8.127190653794969e-08,1.53548707082507e-09,1.378978049615398e-05,1.269805371961752e-10,3.141398110528826e-07,1.482429161114851e-05,2.0485563823058328e-07,0.999950110912323,5.8083884368898e-07,5.398906566256301e-08,4.3250463477306766e-07,6.103661576162267e-08,4.331551224368013e-07,4.575427592357073e-09,2.2025908208433975e-08
C:/Users/KUBA/GitProjects/WKIRO-Project/data/RC020/Session2/Overground_Run/Run_Fast/Post_Process/Run_Fast8.csv,2,RC020,Session2,overground,run,fast,22,RC020,22,RC020,0.9998957514762878,7.575987638119841e-06,4.1495363234389515e-07,1.0535257999322312e-08,1.624207584427495e-06,5.000330816073983e-07,1.1445893051131861e-06,1.747992428136058e-05,2.0020728186409542e-08,1.680714092344715e-07,3.662052563413454e-07,1.9477987223126547e-08,1.575916394358501e-05,1.756548044795636e-06,3.9180804378702305e-08,8.408101166423876e-07,5.585537365959681e-08,2.0357329155729076e-09,1.9581395463319495e-05,2.0506371600781392e-10,1.2414078582878574e-06,3.296581780887209e-05,3.2117978321366536e-07,0.9998957514762878,1.1305755833745934e-06,1.9574109444420174e-07,2.7559065074456157e-07,9.731758865427764e-08,5.38545236850041e-07,1.1783233055950859e-08,2.9043636828873787e-08
C:/Users/KUBA/GitProjects/WKIRO-Project/data/RC020/Session2/Overground_Run/Run_Fast/Post_Process/Run_Fast9.csv,2,RC020,Session2,overground,run,fast,22,RC020,22,RC020,0.9919055700302124,0.001207480556331575,1.0320080036763102e-05,5.569834229390835e-07,3.0665829399367794e-05,3.064297197852284e-05,8.90968476596754e-06,0.00023562608112115413,2.234792191302404e-06,6.509779268526472e-06,3.284541890025139e-05,5.7617608035798185e-06,0.0021777020301669836,8.959190745372325e-05,4.9088844207290094e-06,1.4495397408609279e-05,4.076751793036237e-06,1.593921439280166e-07,0.00018462265143170953,7.657880729539102e-08,3.065426426474005e-05,0.0038588587194681168,7.072045264067128e-05,0.9919055700302124,3.3664149668766186e-05,7.75214266468538e-06,1.397193773300387e-05,2.6967186386173125e-06,2.7219839466852136e-05,1.475513499826775e-06,3.0464349265457713e-07
C:/Users/KUBA/GitProjects/WKIRO-Project/data/RC020/Session2/Overground_Walk/Walk_Fast/Post_Process/Walk_Fast3.csv,3,RC020,Session2,overground,walk,fast,22,RC020,22,RC020,0.997119128704071,0.0002940681588370353,1.1465126590337604e-05,3.8893463738531864e-07,3.5515196941560134e-05,1.4446122804656625e-05,5.912053438805742e-06,0.00023967784363776445,1.3844937711837701e-06,2.98040595225757e-06,7.867379281378817e-06,3.0515445814671693e-06,0.0005931181949563324,2.3282531401491724e-05,1.9792717012023786e-06,1.1939994692511391e-05,3.2647139960317872e-06,5.5753048400219996e-08,0.00028572804876603186,1.575249974905546e-08,2.2748923584003933e-05,0.0012469571083784103,2.607041096780449e-05,0.997119128704071,1.3522952940547839e-05,5.0679595915426034e-06,6.3480511016678065e-06,1.350017896584177e-06,2.188544749515131e-05,4.6022671540413285e-07,4.120063294976717e-07
C:/Users/KUBA/GitProjects/WKIRO-Project/data/RC020/Session2/Overground_Walk/Walk_Fast/Post_Process/Walk_Fast8.csv,3,RC020,Session2,overground,walk,fast,22,RC020,22,RC020,0.9999427795410156,7.46277009966434e-06,6.841439699201146e-07,7.906886700936866e-09,6.371944891725434e-07,8.99881513305445e-07,3.2991576404128864e-07,3.6157161957817152e-06,2.299754875423332e-08,4.8706084498917335e-08,2.4782161744951736e-07,4.005503839721314e-08,7.3675569183251355e-06,4.954163159709424e-07,5.838791494738871e-08,1.6119953727411485e-07,5.743333986174548e-08,5.482940212964138e-10,1.069740392267704e-05,1.4641658718783646e-10,3.316509094020148e-07,2.2661828552372754e-05,1.1794521270758196e-07,0.9999427795410156,2.8970126209060254e-07,3.971593898199899e-08,3.752242321297672e-07,3.229132872206719e-08,4.511286135766568e-07,3.7143867981370704e-09,1.1392987886438277e-08
C:/Users/KUBA/GitProjects/WKIRO-Project/data/RC020/Session2/Overground_Walk/Walk_Slow/Post_Process/Walk_Slow5.csv,5,RC020,Session2,overground,walk,slow,22,RC020,22,RC020,0.9958345293998718,0.00022662521223537624,1.4722284504387062e-05,1.8376370007899823e-06,5.0843671488109976e-05,1.904723103507422e-05,6.992739599809283e-06,0.00039538880810141563,2.5050542262761155e-06,3.0763760605623247e-06,2.024438072112389e-05,9.698938811197877e-06,0.0008811067091301084,2.8775204555131495e-05,7.108214958861936e-06,1.1447150427557062e-05,3.3333672035951167e-06,4.7645425382825124e-08,0.001017774106003344,3.134915260716298e-08,2.7946745831286535e-05,0.0013343417085707188,3.444226604187861e-05,0.9958345293998718,1.997177787416149e-05,4.953722509526415e-06,6.563634087797254e-06,3.1190095342026325e-06,3.2321833714377135e-05,4.913916313853406e-07,6.538159595947945e-07
C:/Users/KUBA/GitProjects/WKIRO-Project/data/RC020/Session2/Overground_Walk/Walk_Slow/Post_Process/Walk_Slow6.csv,4,RC020,Session2,overground,walk,slow,22,RC020,22,RC020,0.9999442100524902,7.061908945615869e-06,5.80788196202775e-07,8.184947830613964e-09,5.37183666438068e-07,1.0491169177839765e-06,2.879210114770103e-07,2.8886927339044632e-06,2.0117061794167057e-08,4.092466454608257e-08,2.385733637311205e-07,3.391071246028332e-08,5.948981652181828e-06,4.1552817720003077e-07,6.06768892907894e-08,1.5618296345110139e-07,5.464773167318526e-08,5.316602158522699e-10,1.1466130672488362e-05,1.1858448945023525e-10,2.746749316884234e-07,2.3315731596085243e-05,1.2419764061633032e-07,0.9999442100524902,3.052837200812064e-07,3.089862232741325e-08,4.167872873495071e-07,3.5771890338764933e-08,4.181597432761919e-07,3.470433496133296e-09,9.25900867088103e-09
C:/Users/KUBA/GitProjects/WKIRO-Project/data/RC023/Session1/Overground_Run/Run_Fast/Post_Process/Run_Fast3.csv,2,RC023,Session1,overground,run,fast,23,RC023,23,RC023,0.9995412826538086,5.337691163731506e-06,4.040760170909152e-09,5.88903458265122e-06,2.2665287247036758e-07,2.5557801563991234e-06,6.262425245040504e-08,2.0182415028102696e-06,4.2902183849946596e-06,1.5729854396795417e-07,1.3509395380140177e-08,2.4736766135902144e-05,1.8489645299268886e-06,5.567379162130237e-07,1.7410894059821658e-08,8.485631752819245e-08,1.206928601504842e-08,4.898550400866952e-07,1.372710745073391e-08,4.7557133342479574e-08,2.935717589025444e-07,6.666733497695532e-06,5.089439127914375e-07,1.137552544605569e-06,0.9995412826538086,5.222439085628139e-07,1.2922726000397233e-06,0.0003820774727500975,1.1641112518390173e-09,2.0824725197599037e-06,1.5795509170857258e-05
C:/Users/KUBA/GitProjects/WKIRO-Project/data/RC023/Session1/Overground_Walk/Walk_Comfortable/Post_Process/Walk_Comfortable1.csv,5,RC023,Session1,overground,walk,comfortable,23,RC023,23,RC023,0.9963020086288452,5.8895682741422206e-05,6.93725965561498e-08,5.927750680712052e-05,5.00042779094656e-06,2.1657122488250025e-05,5.204714170758962e-07,1.3681676136911847e-05,2.711800334509462e-05,3.5824052702082554e-07,9.701695944386302e-07,0.00036068318877369165,2.2890470063430257e-05,5.1111605898768175e-06,5.06583660353499e-07,2.586930804682197e-06,1.27389682802459e-07,1.938928335221135e-06,2.2447099468081433e-07,1.2274763321329374e-06,4.524496944213752e-06,6.51616501272656e-05,2.4256864890048746e-06,1.4967541574151255e-05,0.9963020086288452,1.4336836102302186e-05,2.549028431531042e-05,0.002894733566790819,1.9441232623762517e-08,9.781129847397096e-06,8.362281369045377e-05
C:/Users/KUBA/GitProjects/WKIRO-Project/data/RC023/Session1/Overground_Walk/Walk_Comfortable/Post_Process/Walk_Comfortable2.csv,6,RC023,Session1,overground,walk,comfortable,23,RC023,23,RC023,0.9997320771217346,1.789956968423212e-06,2.8378559502328926e-09,3.7916227029199945e-06,1.1691540890979013e-07,1.6911662896745838e-06,5.7936869524155554e-08,8.869315024639945e-07,3.2803209251142107e-06,1.4595444497444987e-07,4.0635241838060665e-09,8.600271030445583e-06,9.608614846001728e-07,1.703843821587725e-07,1.173912789198539e-08,2.0437651571114657e-08,1.2486034428604853e-08,4.562798494589515e-07,9.144944357331042e-09,2.3470102306077933e-08,8.137659079920923e-08,2.1455477963172598e-06,2.999524610913795e-07,4.224446854550479e-07,0.9997320771217346,2.294487018161817e-07,5.776985858574335e-07,0.00023167087056208402,4.591119984187486e-10,1.2429424032234238e-06,9.282350220018998e-06
C:/Users/KUBA/GitProjects/WKIRO-Project/data/RC023/Session1/Overground_Walk/Walk_Comfortable/Post_Process/Walk_Comfortable5.csv,7,RC023,Session1,overground,walk,comfortable,23,RC023,23,RC023,0.9934901595115662,6.409548223018646e-05,7.968150583792522e-08,8.735375013202429e-05,5.01561726196087e-06,2.7737896743929014e-05,6.724694685544819e-07,1.387349493597867e-05,3.6420384276425466e-05,4.0004692891670857e-07,1.1383098126316327e-06,0.00034916287404485047,2.4671287974342704e-05,5.364175194699783e-06,8.330752621077409e-07,2.6776604045153363e-06,1.5332693692471366e-07,2.3676395812799456e-06,3.848478513646114e-07,1.5312117511712131e-06,5.9809035519720055e-06,7.270971400430426e-05,3.938441295758821e-06,1.5236712897603866e-05,0.9934901595115662,1.574358066136483e-05,2.4620008844067343e-05,0.0056332009844481945,2.636980056536231e-08,1.1592163900786545e-05,0.00010288717749062926
C:/Users/KUBA/GitProjects/WKIRO-Project/data/RC023/Session1/Overground_Walk/Walk_Slow/Post_Process/Walk_Slow2.csv,7,RC023,Session1,overground,walk,slow,23,RC023,23,RC023,0.9997262358665466,1.7477071878602146e-06,3.2002038796719035e-09,4.100159458175767e-06,1.0517030801793226e-07,1.6400847471231828e-06,6.364690818827512e-08,8.572616820856638e-07,3.6006902064400492e-06,1.5821493093426398e-07,3.5225455885523616e-09,7.181963155744597e-06,8.91611364295386e-07,1.5576962653085502e-07,1.203747590494686e-08,1.9278459717497753e-08,1.3580454094608285e-08,5.094124162496882e-07,9.305296089223702e-09,2.1195646127125656e-08,7.117986200455562e-08,2.0804379801120376e-06,3.231464518194116e-07,4.039672489852819e-07,0.9997262358665466,2.0957557467227161e-07,5.15027750225272e-07,0.00023911426251288503,5.127107072233628e-10,1.3882894336347817e-06,8.586034709878732e-06
C:/Users/KUBA/GitProjects/WKIRO-Project/data/RC023/Session1/Treadmill_Run/Treadmill_Run_Fast/Post_Process/Treadmill_Run_Fast.csv,120,RC023,Session1,treadmill,run,fast,23,RC023,23,RC023,0.9996346831321716,3.6488083878793987e-06,3.2335303323804965e-09,4.5436113396135624e-06,1.7431071341889037e-07,1.7482940393165336e-06,6.79674485581927e-08,1.2310323427300318e-06,3.345147206346155e-06,1.595197574033591e-07,6.415340259025015e-09,1.5092114153958391e-05,1.2353780221019406e-06,2.033628589970249e-07,1.471082455850592e-08,3.4550513561271146e-08,1.197000454311592e-08,5.404783678386593e-07,1.150393114102144e-08,4.35538964893567e-08,1.094347297225795e-07,2.8675242447206983e-06,3.4532922654761933e-07,4.857923840972944e-07,0.9996346831321716,3.551985514604894e-07,7.694848704886681e-07,0.00031092899735085666,5.32782928885922e-10,1.440951336917351e-06,1.5848379916860722e-05
C:/Users/KUBA/GitProjects/WKIRO-Project/data/RC023/Session2/Overground_Run/Run_Comfortable/Post_Process/Run_Comfortable4.csv,3,RC023,Session2,overground,run,comfortable,23,RC023,23,RC023,0.9997203350067139,1.611330958439794e-06,3.5499769790448e-09,4.472031378099928e-06,9.165748338091362e-08,1.5848499970161356e-06,7.317047590049697e-08,7.731242135378125e-07,3.7318022805266082e-06,1.7399837304310495e-07,3.0230735692526878e-09,5.9305507420504e-06,7.96804386027361e-07,1.3171676016554557e-07,1.2394664850035042e-08,1.682115957635233e-08,1.4843947404585833e-08,5.726643621528638e-07,9.385974664155583e-09,1.906371061011214e-08,5.9435702581822625e-08,1.8613062593431096e-06,3.475692835763766e-07,3.4331250731156615e-07,0.9997203350067139,1.9355211122729088e-07,4.471720558285597e-07,0.0002473170170560479,5.576441530763532e-10,1.5519231055804994e-06,7.623121291544521e-06
C:/Users/KUBA/GitProjects/WKIRO-Project/data/RC023/Session2/Overground_Run/Run_Fast/Post_Process/Run_Fast9.csv,2,RC023,Session2,overground,run,fast,23,RC023,23,RC023,0.9893555641174316,0.00010550201841397211,2.856692162822583e-07,0.00014022331743035465,1.3332468370208517e-05,8.251669351011515e-05,1.0257742815156234e-06,1.8558661395218223e-05,8.928876195568591e-05,6.814890411988017e-07,2.1254511466395343e-06,0.0011357521871104836,4.23568271799013e-05,1.3187126569391694e-05,1.9171623080183053e-06,6.076561021473026e-06,3.183115495630773e-07,3.6930337046214845e-06,1.1565015256564948e-06,1.8195405573351309e-06,1.1817299309768714e-05,0.00019883454660885036,7.61026012696675e-06,2.5289315090049058e-05,0.9893555641174316,1.3241759006632492e-05,3.2224314054474235e-05,0.008508291095495224,5.1097259756716085e-08,2.7680704079102725e-05,0.00015949159569572657
C:/Users/KUBA/GitProjects/WKIRO-Project/data/RC023/Session2/Overground_Walk/Walk_Comfortable/Post_Process/Walk_Comfortable4.csv,5,RC023,Session2,overground,walk,comfortable,23,RC023,23,RC023,0.9997291564941406,1.9022372725885361e-06,2.902467599597003e-09,3.8118596421554685e-06,1.2176352015558223e-07,1.7418253719370114e-06,6.2941531098204e-08,9.488538239565969e-07,3.3305332181043923e-06,1.5851180990011926e-07,4.44547065825418e-09,9.111600775213446e-06,1.0377295893704286e-06,1.9208070511922415e-07,1.2008250394046627e-08,2.3030292339853986e-08,1.3629713357943274e-08,4.816688488062937e-07,9.37857880245474e-09,2.4082988048235165e-08,9.208137896621338e-08,2.3325037545873784e-06,3.3397637366761046e-07,4.482070039557584e-07,0.9997291564941406,2.5190462338287034e-07,5.882767482034978e-07,0.00023330739350058138,4.875806980386699e-10,1.3373687579587568e-06,9.18059504328994e-06
C:/Users/KUBA/GitProjects/WKIRO-Project/data/RC023/Session2/Overground_Walk/Walk_Fast/Post_Process/Walk_Fast6.csv,4,RC023,Session2,overground,walk,fast,23,RC023,23,RC023,0.99972003698349,2.196037485191482e-06,2.425505130076999e-09,3.5983716770715546e-06,1.3362823381157796e-07,1.8521322999731638e-06,5.481242482119342e-08,1.0009144943978754e-06,2.927826017184998e-06,1.4050463903458876e-07,5.798370672494002e-09,1.2373339814075734e-05,1.102361466109869e-06,2.310562763341295e-07,1.2018713135830694e-08,2.7338595387504938e-08,1.1752652184782164e-08,4.1823525975814846e-07,9.471458284338041e-09,2.908402230161755e-08,1.211450211258125e-07,2.7042369765695184e-06,3.243082460357982e-07,4.853305881624692e-07,0.99972003698349,2.8819047770412e-07,7.40874099847133e-07,0.00023771414998918772,4.759586058611376e-10,1.1892271913893637e-06,1.0258020665787626e-05
C:/Users/KUBA/GitProjects/WKIRO-Project/data/RC023/Session2/Overground_Walk/Walk_Slow/Post_Process/Walk_Slow3.csv,11,RC023,Session2,overground,walk,slow,23,RC023,23,RC023,0.9997133612632751,1.7032026562446845e-06,3.3737967974900585e-09,4.443668331077788e-06,9.720318416839291e-08,1.690307840362948e-06,7.057430195800407e-08,8.175013590516755e-07,3.765476321859751e-06,1.724432792116204e-07,3.3600835447344934e-09,6.712977210554527e-06,8.282177645924094e-07,1.4794589731081942e-07,1.2879897148820874e-08,1.9036541232253512e-08,1.4741186937783368e-08,5.467543928716623e-07,9.962255020923294e-09,2.0065591854745435e-08,6.755896464483158e-08,2.0472537016757997e-06,3.6521575452752586e-07,3.919649316230789e-07,0.9997133612632751,2.0089235874820588e-07,4.84457984839537e-07,0.0002525525342207402,5.728568175378257e-10,1.4596345181416837e-06,8.016182619030587e-06
C:/Users/KUBA/GitProjects/WKIRO-Project/data/RC023/Session2/Overground_Walk/Walk_Slow/Post_Process/Walk_Slow5.csv,10,RC023,Session2,overground,walk,slow,23,RC023,23,RC023,0.9997175335884094,1.6982564829959301e-06,3.2594371646155196e-09,4.27009899794939e-06,1.0469786104749801e-07,1.7462267578594037e-06,6.921818851424177e-08,8.401940476687741e-07,3.677297399917734e-06,1.7011169006764248e-07,3.6229910183038783e-09,7.368043497990584e-06,8.80920765666815e-07,1.5668896935494558e-07,1.2867699794583132e-08,1.9629702308066044e-08,1.4661277525362948e-08,5.253832000562397e-07,9.978894155437956e-09,2.0897157781973874e-08,7.270649859947298e-08,2.0684328774223104e-06,3.56878388174664e-07,4.1059706745727453e-07,0.9997175335884094,2.1249483950214199e-07,5.088687657917035e-07,0.00024755526101216674,5.387778556631417e-10,1.3987576039653504e-06,8.273416824522428e-06
C:/Users/KUBA/GitProjects/WKIRO-Project/data/RC023/Session2/Treadmill_Walk/Treadmill_Walk_Comfortable/Post_Process/Treadmill_Walk_Comfortable.csv,120,RC023,Session2,treadmill,walk,comfortable,23,RC023,23,RC023,0.9997203350067139,1.7141790067398688e-06,3.1118818633046885e-09,4.181804342806572e-06,1.0650579440607544e-07,1.7757042769517284e-06,7.10127991965237e-08,8.851089887684793e-07,3.4965144095622236e-06,1.778603575530724e-07,3.7761496152199925e-09,7.56273129809415e-06,9.156917712971335e-07,1.7192611778682476e-07,1.3047610103456009e-08,2.09851691579388e-08,1.5290291699443515e-08,5.32120168372785e-07,1.0199376454522735e-08,2.0695546609772464e-08,7.911540222949043e-08,2.1442563138407422e-06,3.8696791193615354e-07,4.081020392732171e-07,0.9997203350067139,2.2656280407318263e-07,4.984891006643011e-07,0.0002448655723128468,5.497534094622836e-10,1.4373023304870003e-06,7.91684306022944e-06
C:/Users/KUBA/GitProjects/WKIRO-Project/data/RC023/Session2/Treadmill_Walk/Treadmill_Walk_Slow/Post_Process/Treadmill_Walk_Slow.csv,120,RC023,Session2,treadmill,walk,slow,23,RC023,23,RC023,0.9997133612632751,1.7912459497892996e-06,3.0759335079011407e-09,4.25975213147467e-06,1.074214495133674e-07,1.8071768863592297e-06,7.054382678006732e-08,9.020203606269206e-07,3.4730358038359554e-06,1.7656552131484204e-07,4.020102473134557e-09,8.052250450418796e-06,9.183635825138481e-07,1.8147883906749485e-07,1.330487009454373e-08,2.2385417963732834e-08,1.506644942139701e-08,5.278332082525594e-07,1.0417611662205672e-08,2.1330853527956606e-08,8.50506225447134e-08,2.252419562864816e-06,3.9679306951256876e-07,4.227900092246273e-07,0.9997133612632751,2.3215871181037073e-07,5.202181228014524e-07,0.0002508971665520221,5.702088801129435e-10,1.438374852114066e-06,8.029343916859943e-06
C:/Users/KUBA/GitProjects/WKIRO-Project/data/RV028/Session1/Overground_Run/Run_Comfortable/Post_Process/Run_Comfortable9.csv,2,RV028,Session1,overground,run,comfortable,24,RV028,24,RV028,0.9875327944755554,8.105981578410137e-06,9.068381245924684e-07,2.860918357328046e-06,0.004378863610327244,1.5015008614227554e-07,0.0005003868136554956,0.003628292353823781,1.0706415196182206e-05,4.184227145742625e-05,6.27504923613742e-05,1.6287080143229105e-05,9.31576723814942e-05,2.9714915399381425e-06,1.4821262084296905e-05,0.0007816847646608949,6.649800343438983e-05,0.0008494018693454564,3.002159928655601e-06,0.0006216829060576856,0.0008036137442104518,1.5851355783524923e-06,1.1041325706173666e-05,7.225789886433631e-06,6.767024751752615e-05,0.9875327944755554,6.392704108293401e-07,5.3200368711259216e-05,2.94561755254108e-06,2.1125420062162448e-06,0.00043273140909150243
C:/Users/KUBA/GitProjects/WKIRO-Project/data/RV028/Session1/Overground_Walk/Walk_Comfortable/Post_Process/Walk_Comfortable10.csv,7,RV028,Session1,overground,walk,comfortable,24,RV028,24,RV028,0.9998709559440613,8.786276595174058e-08,1.6658097123922744e-09,1.8475414531593515e-09,3.583239595172927e-05,1.0657890542331572e-10,1.2395573321555275e-05,5.7881079555954784e-05,1.1833397373095522e-08,1.6347186146958848e-06,8.531088724339497e-08,1.829093676519733e-08,3.1111776479519904e-06,9.131606582002405e-09,3.5279918986219627e-09,1.6027086076064734e-06,4.912826057079656e-07,5.92284050071612e-06,9.311255100286076e-10,1.206725414704124e-06,6.159255008242326e-06,2.221886008513252e-09,6.303149291397858e-08,9.977213721867884e-08,6.906871590217634e-07,0.9998709559440613,1.1924161658072308e-09,7.66260015439002e-08,1.1234276842131408e-09,5.330129226877034e-09,1.594962554918311e-06
C:/Users/KUBA/GitProjects/WKIRO-Project/data/RV028/Session1/Overground_Walk/Walk_Fast/Post_Process/Walk_Fast4.csv,5,RV028,Session1,overground,walk,fast,24,RV028,24,RV028,0.9998708963394165,8.606218671047827e-08,1.648084335670319e-09,2.005877020039293e-09,3.566376835806295e-05,1.1339273964239283e-10,1.295923902944196e-05,5.697504821000621e-05,1.2528643011933127e-08,1.7128247691289289e-06,8.961636410731444e-08,1.912833269557268e-08,3.151995088046533e-06,9.387378874237129e-09,3.5152087907164287e-09,1.5682710454711923e-06,5.208731863604044e-07,6.022965408192249e-06,9.617400209549487e-10,1.228209157488891e-06,6.306118393695215e-06,2.2004644772977144e-09,6.641282368491375e-08,1.0197736344252917e-07,7.387506002487498e-07,0.9998708963394165,1.2798032633654088e-09,8.140478513496419e-08,1.105583402605248e-09,5.47784662074946e-09,1.7142547221737914e-06
C:/Users/KUBA/GitProjects/WKIRO-Project/data/RV028/Session1/Treadmill_Walk/Treadmill_Walk_Comfortable/Post_Process/Treadmill_Walk_Comfortable.csv,118,RV028,Session1,treadmill,walk,comfortable,24,RV028,24,RV028,0.9998641610145569,1.0007450867988155e-07,1.9604708967335682e-09,1.7818811981484828e-09,3.977293454227038e-05,1.0044500647898857e-10,1.199446887767408e-05,6.157390453154221e-05,1.33386643952349e-08,1.493511263106484e-06,9.572774217758706e-08,2.1112871451123283e-08,3.6137207644060254e-06,8.585798738636186e-09,3.927178582330271e-09,1.718098133096646e-06,4.361405672170804e-07,5.075953140476486e-06,1.0694736207739197e-09,1.2304851679800777e-06,6.172705980134197e-06,2.5007103054974777e-09,5.5447742397518596e-08,1.1670329058688367e-07,6.874209361740213e-07,0.9998641610145569,1.1368962438140784e-09,7.476935337535906e-08,1.254186199339813e-09,5.28980192981976e-09,1.4895480262566707e-06
C:/Users/KUBA/GitProjects/WKIRO-Project/data/RV028/Session2/Overground_Run/Run_Comfortable/Post_Process/Run_Comfortable4.csv,3,RV028,Session2,overground,run,comfortable,24,RV028,24,RV028,0.9932544827461243,2.6585223622532794e-06,2.9212830554570246e-07,1.1036109981432674e-06,0.002727365819737315,9.141964341097264e-08,0.0008546896278858185,0.0008130575879476964,4.880370852333726e-06,8.707411325303838e-05,4.317319326219149e-05,4.518744844972389e-06,7.793609256623313e-05,1.4906187288943329e-06,2.3152267658588244e-06,9.06948116607964e-05,6.761457916582003e-05,0.000821816036477685,1.0310992593076662e-06,0.0001987864961847663,0.00042452639900147915,6.902343443471182e-07,1.2925290320708882e-05,3.400941068321117e-06,3.619918061303906e-05,0.9932544827461243,3.012045226569171e-07,2.2975866158958524e-05,2.0609429896012443e-07,1.4446419527303078e-06,0.00044241349678486586
C:/Users/KUBA/GitProjects/WKIRO-Project/data/RV028/Session2/Overground_Run/Run_Comfortable/Post_Process/Run_Comfortable5.csv,3,RV028,Session2,overground,run,comfortable,24,RV028,24,RV028,0.9931579232215881,2.8656334052357124e-06,2.810783428230934e-07,1.0761067414932768e-06,0.002681031823158264,9.055446525962907e-08,0.0008595059625804424,0.0009877411648631096,4.651858034776524e-06,8.540454291505739e-05,4.38036622654181e-05,4.976612672180636e-06,7.751531666144729e-05,1.374080511595821e-06,2.8475094495661324e-06,0.00010974278120556846,6.247230339795351e-05,0.0007595768547616899,1.3465474921758869e-06,0.00019137223716825247,0.00047513595200143754,6.934526481927605e-07,1.2748992048727814e-05,3.904848654201487e-06,3.210117210983299e-05,0.9931579232215881,2.740797526712413e-07,2.5580511646694504e-05,2.838139323557698e-07,1.29433055917616e-06,0.0004123473772779107
C:/Users/KUBA/GitProjects/WKIRO-Project/data/RV028/Session2/Overground_Run/Run_Comfortable/Post_Process/Run_Comfortable6.csv,3,RV028,Session2,overground,run,comfortable,24,RV028,24,RV028,0.9898756146430969,4.375280695967376e-06,5.83805331189069e-07,1.6172548384929541e-06,0.004636786412447691,1.5242765982748097e-07,0.001017821836285293,0.001262119971215725,7.942065167299006e-06,8.835972403176129e-05,4.1132516344077885e-05,7.332399491133401e-06,0.00011964943405473605,1.4769212839382817e-06,5.1873817028535996e-06,0.00012104143388569355,6.0422771639423445e-05,0.0014348238473758101,2.8244874101801543e-06,0.00028887134976685047,0.0004208871105220169,9.87719431577716e-07,1.3256939382699784e-05,5.406780019256985e-06,4.660030754166655e-05,0.9898756146430969,3.773081971303327e-07,4.715952309197746e-05,4.062450500441628e-07,2.1635437406075653e-06,0.0004845562216360122
C:/Users/KUBA/GitProjects/WKIRO-Project/data/RV028/Session2/Overground_Run/Run_Fast/Post_Process/Run_Fast10.csv,2,RV028,Session2,overground,run,fast,24,RV028,24,RV028,0.9993390440940857,2.3657517544961593e-07,1.8081551811377494e-09,2.140195043409676e-08,6.341996049741283e-05,2.0863619720756788e-09,0.00013247245806269348,7.275558891706169e-05,7.047901107171128e-08,7.20191455911845e-05,1.1202786254216335e-06,1.9378187232632627e-07,1.9446244550636038e-05,3.6058267482985684e-08,7.055180439863307e-09,1.8020546121988446e-06,7.886806088208687e-06,3.273764014011249e-05,1.0096412594862159e-08,3.873513833241304e-06,0.00020543615391943604,5.702845307098414e-09,3.4791178222803865e-06,1.8059482442822627e-07,7.787058166286442e-06,0.9993390440940857,1.2817755745686554e-08,1.820748934733274e-06,1.6389680723705169e-09,6.74886919682649e-08,3.418364212848246e-05
C:/Users/KUBA/GitProjects/WKIRO-Project/data/RV028/Session2/Overground_Run/Run_Fast/Post_Process/Run_Fast7.csv,2,RV028,Session2,overground,run,fast,24,RV028,24,RV028,0.9996567964553833,3.7505367345147533e-07,2.058297532414599e-09,1.5677990461426816e-08,5.40420733159408e-05,6.281654085782407e-10,2.995419708895497e-05,6.840314745204523e-05,6.362697746453705e-08,2.7784450139733963e-05,8.857055036060046e-07,6.225910453849792e-08,1.6065279851318337e-05,8.86165594238264e-08,2.2108160635525564e-08,1.6115943708427949e-06,2.2425028873840347e-06,9.511889948043972e-05,8.977908416696323e-10,1.8687542251427658e-05,1.695352329988964e-05,4.565776201559402e-09,4.944384954796988e-07,1.1652314668708641e-07,3.7089380384713877e-06,0.9996567964553833,1.7300596510949617e-08,4.322951667745656e-07,1.197520416162945e-09,2.7000165658819242e-08,6.013802249071887e-06
C:/Users/KUBA/GitProjects/WKIRO-Project/data/RV028/Session2/Overground_Walk/Walk_Comfortable/Post_Process/Walk_Comfortable1.csv,6,RV028,Session2,overground,walk,comfortable,24,RV028,24,RV028,0.9516746997833252,3.2892708986764774e-05,2.5303158963652095e-06,3.0307752240332775e-05,0.0023557490203529596,1.3368905626975902e-07,0.0014378111809492111,0.001625581062398851,6.239951471798122e-05,0.00011587110930122435,0.00012384862930048257,1.5870968127273954e-05,5.530230191652663e-05,5.289822638587793e-06,7.309861302928766e-06,0.00026754772989079356,0.00015746399003546685,0.018403377383947372,6.948951636331913e-07,0.009845512919127941,0.0008573908708058298,2.118663587680203e-06,1.86186171049485e-05,2.7706157652573893e-06,0.00031719612888991833,0.9516746997833252,1.0295933861925732e-05,9.751425386639312e-05,3.1858753573033027e-06,7.494362307625124e-06,0.012463156133890152
C:/Users/KUBA/GitProjects/WKIRO-Project/data/RV028/Session2/Overground_Walk/Walk_Comfortable/Post_Process/Walk_Comfortable5.csv,7,RV028,Session2,overground,walk,comfortable,24,RV028,24,RV028,0.9998725056648254,8.911123217103523e-08,1.7413573916158498e-09,1.924038484091284e-09,3.5582321288529783e-05,1.0010305778740403e-10,1.3128333193890285e-05,5.590978980762884e-05,1.2895466916518217e-08,1.618714463802462e-06,9.701170711196028e-08,1.9428620490202775e-08,3.2548143735766644e-06,9.468714701199588e-09,3.4454106234704795e-09,1.641123162698932e-06,4.970792133462965e-07,5.583111942542018e-06,9.51737133547681e-10,1.2642665296880296e-06,6.159576059872052e-06,2.390458941903262e-09,6.291706000638442e-08,1.0150188245461322e-07,7.003844757491606e-07,0.9998725056648254,1.2181123887344825e-09,7.256168288449771e-08,1.1552060419361965e-09,5.454166451812625e-09,1.6667009958837298e-06
C:/Users/KUBA/GitProjects/WKIRO-Project/data/RV028/Session2/Overground_Walk/Walk_Fast/Post_Process/Walk_Fast8.csv,5,RV028,Session2,overground,walk,fast,24,RV028,24,RV028,0.9962806701660156,1.6512233287357958e-06,1.3208952509558003e-07,6.756060315638024e-07,0.0012573609128594398,3.9671398610607866e-08,0.00039403612026944757,0.0005715210572816432,2.3412035261571873e-06,3.620915595092811e-05,2.009240779443644e-05,1.924837533806567e-06,3.320402902318165e-05,8.685195211910468e-07,1.1599436220421921e-06,7.185393042163923e-05,4.2066814785357565e-05,0.0004829632234759629,3.55912163740868e-07,0.00015296784113161266,0.00031227211002260447,3.1780444942342e-07,7.693494808336254e-06,1.5688403891545022e-06,2.244958704977762e-05,0.9962806701660156,1.7694159737402515e-07,1.227151915372815e-05,1.294123137540737e-07,6.619845294153492e-07,0.00029033172177150846
C:/Users/KUBA/GitProjects/WKIRO-Project/data/RV028/Session2/Overground_Walk/Walk_Slow/Post_Process/Walk_Slow3.csv,10,RV028,Session2,overground,walk,slow,24,RV028,24,RV028,0.9949713945388794,2.147653276551864e-06,2.1800701688334811e-07,1.254104176950932e-06,0.0014264022465795279,3.921742575130338e-08,0.0005226836656220257,0.0006143762147985399,4.009649273939431e-06,3.983874194091186e-05,2.680703801161144e-05,2.5142680897261016e-06,3.170013224007562e-05,1.0369031997470302e-06,1.5560465271846624e-06,8.494056237395853e-05,5.5269549193326384e-05,0.000894608732778579,3.4427574746587197e-07,0.000339885096764192,0.00035189505433663726,3.5342949900041276e-07,7.620998076163232e-06,1.5427597190864617e-06,3.068779915338382e-05,0.9949713945388794,3.2500219049325096e-07,1.5047278793645091e-05,1.8280029223660677e-07,7.910037993497099e-07,0.0005706395022571087
C:/Users/KUBA/GitProjects/WKIRO-Project/data/RV028/Session2/Overground_Walk/Walk_Slow/Post_Process/Walk_Slow5.csv,10,RV028,Session2,overground,walk,slow,24,RV028,24,RV028,0.9824479818344116,1.0325362381990999e-05,8.103694995043043e-07,9.156720807368401e-06,0.0014463753905147314,5.994641583129123e-08,0.0009223258239217103,0.0009017483098432422,2.0328807295300066e-05,6.267724529607221e-05,6.461590237449855e-05,6.257345376070589e-06,3.430804645176977e-05,2.4164310161722824e-06,3.0162864277372137e-06,0.00014703661145176739,9.26802385947667e-05,0.0056163109838962555,4.006859910532512e-07,0.0029212499503046274,0.0005790065624751151,9.00004408777022e-07,1.1836564226541668e-05,1.77328763584228e-06,0.0001198837417177856,0.9824479818344116,2.7376604521123227e-06,4.167043880443089e-05,9.55605514718627e-07,2.729364950937452e-06,0.0045284004881978035
C:/Users/KUBA/GitProjects/WKIRO-Project/data/RV028/Session2/Treadmill_Run/Treadmill_Run_Fast/Post_Process/Treadmill_Run_Fast.csv,120,RV028,Session2,treadmill,run,fast,24,RV028,24,RV028,0.9998360872268677,8.941190543509947e-08,2.615859306942525e-09,2.9357767328264117e-09,6.031385055393912e-05,1.95012894721458e-10,1.377892567688832e-05,6.105429929448292e-05,1.7612483915740995e-08,2.3258564851857955e-06,1.0157119589848662e-07,2.756925887581474e-08,3.564855660442845e-06,9.29398957794092e-09,6.155727039214298e-09,1.698549340289901e-06,6.532562224492722e-07,8.037859515752643e-06,1.6314859463406606e-09,1.6583412616455462e-06,6.987473625486018e-06,2.73597655642277e-09,9.029852776620828e-08,1.3372506657560734e-07,9.839503718467313e-07,0.9998360872268677,1.8797599032893686e-09,1.3720621439006209e-07,1.165852414608537e-09,5.646092038347206e-09,2.222155899289646e-06
C:/Users/KUBA/GitProjects/WKIRO-Project/data/SA017/Session1/Overground_Run/Run_Fast/Post_Process/Run_Fast7.csv,2,SA017,Session1,overground,run,fast,25,SA017,25,SA017,0.9993961453437805,5.911173502681777e-06,5.756676728196908e-06,0.00015262376109603792,3.3244756991734903e-07,0.00012833214714191854,2.344768823547838e-09,2.122756193045916e-08,3.550269127572392e-07,2.629849973345699e-07,7.665825251024216e-05,6.474446308857296e-06,1.5719111345902093e-08,2.5829911464825273e-05,4.801806426257826e-06,3.2388572890340583e-06,2.073485120490659e-05,3.29840850099572e-06,1.9967469455650644e-08,0.00013002686318941414,3.254745877256937e-07,4.589369382301811e-06,4.2085446239070734e-08,6.794294904466369e-07,1.2574885658978019e-05,1.4589849683943612e-07,0.9993961453437805,2.3209685195979546e-07,4.414094291860238e-06,5.4954507504589856e-06,1.074561441782862e-05
C:/Users/KUBA/GitProjects/WKIRO-Project/data/SA017/Session1/Overground_Walk/Walk_Comfortable/Post_Process/Walk_Comfortable1.csv,4,SA017,Session1,overground,walk,comfortable,25,SA017,25,SA017,0.9992718696594238,5.753831374022411e-06,5.01300110045122e-06,0.00019938912009820342,2.8428482323761273e-07,0.00011124504817416891,2.1408610439976883e-09,2.7944750513597683e-08,2.441300352984399e-07,2.3338265009442694e-07,9.541551844449714e-05,6.4628993641235866e-06,1.7203596769377327e-08,4.0983395592775196e-05,6.422483693313552e-06,2.9861209895898355e-06,1.80196511792019e-05,2.6661900847102515e-06,2.7161611626524973e-08,0.00019572075689211488,3.6707882600239827e-07,4.246388016326819e-06,3.551232907739177e-08,7.368579986177792e-07,1.2024898751405999e-05,1.0364870917101143e-07,0.9992718696594238,2.1961132290471141e-07,5.645850251312368e-06,4.654419171856716e-06,9.213194061885588e-06
C:/Users/KUBA/GitProjects/WKIRO-Project/data/SA017/Session1/Overground_Walk/Walk_Comfortable/Post_Process/Walk_Comfortable5.csv,3,SA017,Session1,overground,walk,comfortable,25,SA017,25,SA017,0.9994071125984192,5.018753199692583e-06,3.5210423448006622e-06,0.0001576450449647382,2.0675061307429132e-07,9.941490134224296e-05,1.2760024148406046e-09,1.9310204990574675e-08,2.1129842764366913e-07,1.8483312658190698e-07,7.411523256450891e-05,4.410015662870137e-06,1.5321694135650432e-08,3.814411684288643e-05,4.5395536290016025e-06,2.3004033664619783e-06,1.4608903256885242e-05,2.018226268774015e-06,2.000536092339189e-08,0.00015416760288644582,3.1474900197281386e-07,3.4042925562971504e-06,2.7543952896280643e-08,5.466969810186129e-07,1.1711033039318863e-05,7.85539810976843e-08,0.9994071125984192,1.9119543992474064e-07,4.307023573346669e-06,4.6468044274661224e-06,7.164823273342336e-06
C:/Users/KUBA/GitProjects/WKIRO-Project/data/SA017/Session1/Overground_Walk/Walk_Slow/Post_Process/Walk_Slow3.csv,6,SA017,Session1,overground,walk,slow,25,SA017,25,SA017,0.9994092583656311,5.310410870151827e-06,3.983352598879719e-06,0.00014963930880185217,2.185882550520546e-07,0.00010327612835681066,1.567014407122258e-09,2.0007538736876995e-08,2.0214353924075112e-07,1.8946207092085388e-07,7.05369166098535e-05,4.799055204784963e-06,1.3824378974902629e-08,3.493189797154628e-05,5.152276571607217e-06,2.3683680865360657e-06,1.5422703654621728e-05,2.217834435214172e-06,1.981675445961173e-08,0.00016105851682368666,2.989549159337912e-07,3.6700230339192785e-06,2.8218069658692002e-08,6.209202183526941e-07,1.0722553270170465e-05,8.401801210311532e-08,0.9994092583656311,1.770270756651371e-07,4.524529231275665e-06,4.0681798054720275e-06,7.202067990874639e-06
C:/Users/KUBA/GitProjects/WKIRO-Project/data/SA017/Session1/Overground_Walk/Walk_Slow/Post_Process/Walk_Slow6.csv,4,SA017,Session1,overground,walk,slow,25,SA017,25,SA017,0.9999055862426758,7.572568279101688e-07,5.182373001844098e-07,2.688605854928028e-05,5.385845991412452e-09,3.8503661926370114e-05,2.6573613101654736e-11,1.949693739788927e-09,1.1161501056733414e-08,2.2081625417058603e-08,3.9356036722892895e-06,3.016853611370607e-07,7.130750989681189e-10,5.873589998373063e-06,5.475710054270166e-07,1.452486912967288e-07,2.07120024242613e-06,1.4187136798682332e-07,1.225451518038767e-09,1.13973073894158e-05,1.2193897447332347e-08,1.7295991483479156e-07,2.4616393368148692e-09,7.710097804647376e-08,9.90724743132887e-07,2.5962867411521984e-09,0.9999055862426758,8.77774208873916e-09,8.815790124572231e-07,2.778377563572576e-07,9.457435226067901e-07
C:/Users/KUBA/GitProjects/WKIRO-Project/data/SA017/Session1/Treadmill_Run/Treadmill_Run_Fast/Post_Process/Treadmill_Run_Fast.csv,120,SA017,Session1,treadmill,run,fast,25,SA017,25,SA017,0.9998964667320251,9.089188210964494e-07,6.596068828912394e-07,2.9151999115129e-05,7.926330702900941e-09,3.9447266317438334e-05,4.986382487470742e-11,2.441905122552157e-09,1.5470016379026674e-08,2.9820444780170874e-08,4.766161509905942e-06,4.1732494082680205e-07,9.146768342738198e-10,5.642879386869026e-06,6.057369432710402e-07,1.9852001287290477e-07,2.6374691515229642e-06,2.0625908803140192e-07,1.3614698257669033e-09,1.458191945857834e-05,1.5496768313028042e-08,2.1275606343351683e-07,2.8405162666444994e-09,1.0529335980891119e-07,1.383234803142841e-06,4.240071849181959e-09,0.9998964667320251,1.1712399050622935e-08,1.0166327228944283e-06,3.506671077957435e-07,1.1691256531776162e-06
C:/Users/KUBA/GitProjects/WKIRO-Project/data/SA017/Session2/Overground_Run/Run_Comfortable/Post_Process/Run_Comfortable10.csv,3,SA017,Session2,overground,run,comfortable,25,SA017,25,SA017,0.9993488192558289,5.312949269864475e-06,5.845699433848495e-06,0.00018987680959980935,3.0102964387879183e-07,0.00013453062274493277,2.094950213304969e-09,2.5233639178168232e-08,2.94062374450732e-07,2.3779102775733918e-07,7.707555050728843e-05,6.625372861890355e-06,1.5439692191421273e-08,3.19517457683105e-05,6.113804829510627e-06,3.0376488666661317e-06,2.1399113393272273e-05,2.681931391634862e-06,2.4940076670532108e-08,0.00012906167830806226,3.402022628051782e-07,4.153954705543583e-06,3.967817008287966e-08,8.157805382325023e-07,1.2054660146532115e-05,1.0495462987591964e-07,0.9993488192558289,2.2941708266444039e-07,4.7593894123565406e-06,4.5940578274894506e-06,9.607311767467763e-06
C:/Users/KUBA/GitProjects/WKIRO-Project/data/SA017/Session2/Overground_Run/Run_Comfortable/Post_Process/Run_Comfortable2.csv,3,SA017,Session2,overground,run,comfortable,25,SA017,25,SA017,0.9990911483764648,5.722190053347731e-06,6.787986876588548e-06,0.000371841830201447,3.3490610462649784e-07,0.00013364858750719577,2.755297101586507e-09,4.524283880869007e-08,3.242192576635716e-07,2.7403532953940157e-07,0.00010275665408698842,1.0552938874752726e-05,1.9121856098536227e-08,4.590885146171786e-05,8.208619874494616e-06,3.133699692625669e-06,2.1641159037244506e-05,2.8189226668473566e-06,3.5671867237851984e-08,0.00015085531049408019,4.5122169467504136e-07,4.480297320696991e-06,5.209541598105716e-08,1.0094671551996726e-06,1.3508455595001578e-05,1.1259430010568394e-07,0.9990911483764648,3.1150634072218963e-07,6.06249159318395e-06,4.83135636386578e-06,1.3159126865502913e-05
C:/Users/KUBA/GitProjects/WKIRO-Project/data/SA017/Session2/Overground_Run/Run_Fast/Post_Process/Run_Fast3.csv,2,SA017,Session2,overground,run,fast,25,SA017,25,SA017,0.9983279705047607,6.587014468095731e-06,1.0369825758971274e-05,0.0008943806169554591,5.25158895925415e-07,0.00019324909953866154,4.881119508581833e-09,9.766434772018329e-08,4.781084044225281e-07,4.1707579612193513e-07,0.0001638329995330423,2.2284313672571443e-05,3.1469237882220114e-08,7.846912194509059e-05,1.7850217773229815e-05,4.187303602520842e-06,3.0524613976012915e-05,3.4099825825251173e-06,8.347682012299629e-08,0.0001840416225604713,6.543290282934322e-07,6.340316303976579e-06,1.0373142345088127e-07,1.6150548844962032e-06,1.8311888197786175e-05,1.446132245064291e-07,0.9983279705047607,5.381638175094849e-07,9.532814146950841e-06,5.54736743652029e-06,1.842808887886349e-05
C:/Users/KUBA/GitProjects/WKIRO-Project/data/SA017/Session2/Overground_Run/Run_Fast/Post_Process/Run_Fast9.csv,2,SA017,Session2,overground,run,fast,25,SA017,25,SA017,0.998939037322998,6.920209216332296e-06,8.564585186832119e-06,0.0003655743203125894,5.410175276665541e-07,0.00015821581473574042,4.26627977390126e-09,6.659361417860055e-08,4.24061425974287e-07,3.920484346053854e-07,0.00015224484377540648,1.3499122360371985e-05,3.208856824699069e-08,5.969885387457907e-05,1.0494749403733294e-05,5.144705937709659e-06,2.806583870551549e-05,3.2613534131087363e-06,5.7868355440859887e-08,0.00019369582878425717,6.843192750238813e-07,5.80607866140781e-06,7.008279112596938e-08,1.4337751963466872e-06,1.718196836009156e-05,1.729110721271354e-07,0.998939037322998,4.017696255687042e-07,7.470123819075525e-06,6.117875273048412e-06,1.4707688023918308e-05
C:/Users/KUBA/GitProjects/WKIRO-Project/data/SA017/Session2/Overground_Walk/Walk_Comfortable/Post_Process/Walk_Comfortable3.csv,5,SA017,Session2,overground,walk,comfortable,25,SA017,25,SA017,0.9986521005630493,5.273062924970873e-06,6.4660612224543e-06,0.0005539141711778939,3.644085779797024e-07,0.0001311222731601447,3.1556279811439936e-09,8.81406023722775e-08,3.163116559790069e-07,2.7071871500083944e-07,0.00022791791707277298,1.7806192772695795e-05,2.8961363085500125e-08,8.133579831337556e-05,1.7063855921151116e-05,3.503291281958809e-06,2.4857043172232807e-05,2.625286469992716e-06,6.641228367243457e-08,0.0002311610442120582,5.073586635262473e-07,4.278360847820295e-06,4.910014084202885e-08,1.1643026027741143e-06,1.2462364793464076e-05,8.990954825094377e-08,0.9986521005630493,3.0073323387114215e-07,1.0300742360414006e-05,4.697003532783128e-06,9.83114296104759e-06
C:/Users/KUBA/GitProjects/WKIRO-Project/data/SA017/Session2/Overground_Walk/Walk_Slow/Post_Process/Walk_Slow1.csv,5,SA017,Session2,overground,walk,slow,25,SA017,25,SA017,0.9987940788269043,5.624968252959661e-06,6.9405659814947285e-06,0.0004223799332976341,4.517157776717795e-07,0.00015119048475753516,3.49220607986922e-09,7.901883947170063e-08,3.34259567580375e-07,3.104337906734145e-07,0.00021140249737072736,1.6569527360843495e-05,3.128739223257071e-08,7.650871702935547e-05,1.6224588762270287e-05,4.205926416034345e-06,2.8845443011960015e-05,2.746374320850009e-06,6.553626974437066e-08,0.00021843174181412905,5.78785488869471e-07,4.836650987272151e-06,5.659563839799375e-08,1.309521962866711e-06,1.267802326765377e-05,1.1669736466046743e-07,0.9987940788269043,2.963639076369873e-07,8.810039616946597e-06,4.757408078148728e-06,1.0106497938977554e-05
C:/Users/KUBA/GitProjects/WKIRO-Project/data/SA017/Session2/Overground_Walk/Walk_Slow/Post_Process/Walk_Slow2.csv,5,SA017,Session2,overground,walk,slow,25,SA017,25,SA017,0.9999008178710938,7.404278790090757e-07,5.640916924676276e-07,2.9251425075926818e-05,7.009325120321819e-09,3.697951979120262e-05,3.889565752812629e-11,1.955922313001679e-09,1.3400632603577378e-08,2.3864888731850442e-08,4.612746579368832e-06,4.02741449079258e-07,6.938887797680593e-10,5.131511443323689e-06,6.170505457703257e-07,1.4948366811040614e-07,2.5126007585640764e-06,1.8430668546898232e-07,1.1964806923003835e-09,1.4354214727063663e-05,1.4330903574943932e-08,1.9018099806089594e-07,2.503656393315623e-09,7.728594653144683e-08,1.1823055956483586e-06,3.5866816183727224e-09,0.9999008178710938,1.0158596630560623e-08,8.44724297621724e-07,3.0402981110455585e-07,1.0609713854137226e-06
C:/Users/KUBA/GitProjects/WKIRO-Project/data/SA017/Session2/Treadmill_Walk/Treadmill_Walk_Slow/Post_Process/Treadmill_Walk_Slow.csv,120,SA017,Session2,treadmill,walk,slow,25,SA017,25,SA017,0.9999005794525146,7.401520178973442e-07,5.614236897599767e-07,2.8322916477918625e-05,6.395520113500197e-09,3.936343273380771e-05,3.4178569696674543e-11,1.8784562794138537e-09,1.2850591701862868e-08,2.2970576551983868e-08,4.368672307464294e-06,3.625353315328539e-07,7.132173185375734e-10,5.3889457376499195e-06,6.006816306580731e-07,1.4820970761775243e-07,2.4092539661069168e-06,1.6559974369556585e-07,1.2608657451451677e-09,1.3411518921202514e-05,1.3587803771031304e-08,1.8449108551976678e-07,2.539187082817307e-09,7.785212829958255e-08,1.1025866797353956e-06,3.1234070885233223e-09,0.9999005794525146,9.775726894645231e-09,8.71476515840186e-07,2.9445203608702286e-07,1.0176712521570153e-06
C:/Users/KUBA/GitProjects/WKIRO-Project/data/SM019/Session1/Overground_Run/Run_Comfortable/Post_Process/Run_Comfortable3.csv,2,SM019,Session1,overground,run,comfortable,26,SM019,26,SM019,0.9997368454933167,3.1245899663190357e-06,3.406772197678265e-09,1.5933537724777125e-05,9.509428195997316e-07,8.844125659379642e-06,5.52670712750114e-07,2.6863610003147187e-08,1.4415736586670391e-06,1.803497440278079e-08,9.704863579429457e-09,3.991732228314504e-06,1.5883902051427867e-06,1.5890543325625117e-09,1.1680321222229395e-05,2.997257553261079e-09,1.267211058308959e-10,1.3836677226208849e-06,7.764029760437552e-06,8.828446418363e-09,1.6386539414270374e-07,1.4335212483729265e-07,4.924111181026092e-07,1.7355249681827445e-08,0.00020221518934704363,8.281028840428917e-08,1.3889586369941753e-08,0.9997368454933167,5.210542552980257e-10,2.038374077528715e-06,6.916884558449965e-07
C:/Users/KUBA/GitProjects/WKIRO-Project/data/SM019/Session1/Overground_Run/Run_Comfortable/Post_Process/Run_Comfortable5.csv,3,SM019,Session1,overground,run,comfortable,26,SM019,26,SM019,0.9927366375923157,3.014369031006936e-05,2.0000231870653806e-06,0.00022880610777065158,1.6088293705252e-05,0.0007847246597521007,1.0847726116480771e-05,5.160853788765962e-07,0.0007824043859727681,4.6643745577057416e-07,1.3843773558619432e-06,0.00026167347095906734,0.000174539047293365,3.446241692017793e-07,0.00034464584314264357,1.4633697276167368e-07,3.141646232052153e-07,1.1416356755944435e-05,0.00024822773411870003,1.2213029094709782e-06,1.4461732462223154e-05,1.8990760509041138e-05,3.993944847024977e-05,6.092207627261814e-07,0.004172795917838812,1.1883606703122496e-06,4.152668395818182e-07,0.9927366375923157,1.1049215942193769e-07,0.00010736374679254368,7.544872914877487e-06
C:/Users/KUBA/GitProjects/WKIRO-Project/data/SM019/Session1/Overground_Run/Run_Fast/Post_Process/Run_Fast4.csv,1,SM019,Session1,overground,run,fast,26,SM019,26,SM019,0.987003743648529,1.056557539413916e-05,1.6441534853584017e-06,0.0015344707062467933,1.4687087968923151e-05,0.0020903206896036863,2.4444655082334066e-06,2.337313890166115e-05,2.633552321640309e-05,2.3101461010810453e-06,1.152608274423983e-05,0.0012910010991618037,0.0006744273123331368,2.4282128379127244e-06,0.0036835549399256706,4.493164169616648e-07,5.433315664049587e-08,8.274429887933366e-07,0.0032911603339016438,2.913275807259197e-07,1.464165143261198e-05,1.2480239774959045e-06,7.308415661100298e-05,1.9158030681865057e-06,0.00023153380607254803,3.891580888648605e-07,2.1187277354783873e-07,0.987003743648529,2.5847066353890114e-07,9.17044781090226e-06,1.862066483226954e-06
C:/Users/KUBA/GitProjects/WKIRO-Project/data/SM019/Session1/Overground_Run/Run_Fast/Post_Process/Run_Fast7.csv,2,SM019,Session1,overground,run,fast,26,SM019,26,SM019,0.9792665243148804,7.60470429668203e-05,7.019246822892455e-06,0.0011646861676126719,9.23007246456109e-05,0.0013727623736485839,2.779185160761699e-05,7.487312814191682e-06,0.002057668985798955,1.4436308219956118e-06,2.434915950288996e-05,0.0031643244437873363,0.0009828618494793773,2.2282843019638676e-06,0.003813197836279869,7.973889637469256e-07,1.227937559633574e-06,2.573470374045428e-05,0.0024560200981795788,4.896076006843941e-06,4.843618444283493e-05,4.1781044274102896e-05,6.044794281478971e-05,4.71850398753304e-06,0.005085235461592674,3.561191988410428e-06,1.1349393389537e-06,0.9792665243148804,1.0362308557887445e-06,0.00019425523350946605,9.993955245590769e-06
C:/Users/KUBA/GitProjects/WKIRO-Project/data/SM019/Session1/Overground_Run/Run_Fast/Post_Process/Run_Fast8.csv,2,SM019,Session1,overground,run,fast,26,SM019,26,SM019,0.9976330995559692,2.7549403966986574e-06,5.9301083155105516e-08,0.00037905637873336673,1.2795898328477051e-05,7.875109440647066e-05,5.135284027346643e-06,2.9626889954670332e-06,7.118181201803964e-06,2.1541174533012963e-07,1.180285607915721e-06,0.00039032893255352974,2.826749005180318e-05,1.08397699705165e-07,0.0007478017942048609,6.891734471992095e-08,4.412703091816184e-09,2.434552243357757e-06,0.0002641550381667912,8.312606070148831e-08,1.8949160676129395e-06,6.340940217341995e-07,2.668919933057623e-06,3.965474206779618e-07,0.000432726985309273,2.9332511530810734e-07,5.500996991258944e-08,0.9976330995559692,2.152659028809012e-08,3.8911366573302075e-06,9.196697874358506e-07
C:/Users/KUBA/GitProjects/WKIRO-Project/data/SM019/Session1/Overground_Walk/Walk_Fast/Post_Process/Walk_Fast4.csv,4,SM019,Session1,overground,walk,fast,26,SM019,26,SM019,0.9995452761650085,4.9277414291282184e-06,1.303187779910786e-08,6.802665302529931e-05,1.1610538876993814e-06,6.842322909506038e-05,7.047525514281006e-07,2.001858661060396e-07,1.587411588843679e-06,9.798336719768486e-08,5.034026173689199e-08,1.3231561752036214e-05,9.411629434907809e-06,1.264728410887983e-08,4.098346471437253e-05,1.499790869274875e-08,2.9401403534023984e-10,1.080406491382746e-06,4.193485438008793e-05,1.2132307602996661e-08,2.578491944404959e-07,1.4411074289455428e-07,2.640557795530185e-06,8.578992805041707e-08,0.00019609546870924532,9.025534097872878e-08,3.2803505689571466e-08,0.9995452761650085,2.1734054556077353e-09,2.1326218302419875e-06,1.4239044503483456e-06
C:/Users/KUBA/GitProjects/WKIRO-Project/data/SM019/Session2/Overground_Run/Run_Comfortable/Post_Process/Run_Comfortable6.csv,3,SM019,Session2,overground,run,comfortable,26,SM019,26,SM019,0.9997167587280273,3.1129038688959554e-06,4.380987572716322e-09,1.7003067114274018e-05,1.1302812481517321e-06,1.1843540960398968e-05,6.323152206277882e-07,3.077587962252437e-08,1.577038347022608e-06,2.1625593760177253e-08,1.2157507001120393e-08,4.636075118469307e-06,1.9338792753842426e-06,2.0341655027067418e-09,1.3166158169042319e-05,3.7075646996953537e-09,1.7189348555657347e-10,1.336192894996202e-06,8.806674486550037e-06,8.765169923208305e-09,2.0041893833422364e-07,1.6372628408589662e-07,5.722581590816844e-07,2.3058850828761024e-08,0.00021404429571703076,9.87215216241566e-08,1.6230247368298478e-08,0.9997167587280273,5.604052222274447e-10,2.1917310277785873e-06,6.757837240911613e-07
C:/Users/KUBA/GitProjects/WKIRO-Project/data/SM019/Session2/Overground_Run/Run_Fast/Post_Process/Run_Fast10.csv,2,SM019,Session2,overground,run,fast,26,SM019,26,SM019,0.9982435703277588,4.42826421931386e-06,1.3071549176402186e-07,2.678667260624934e-05,6.901315646246076e-05,0.00021326416754163802,2.2105921289039543e-06,1.358612280455418e-07,1.377283115289174e-05,2.2805309640716587e-07,9.10333497472493e-08,1.866489401436411e-05,9.745328497956507e-06,9.513149379358765e-09,0.0004512153391260654,1.548272337004164e-07,4.331130298851349e-08,2.0717618099297397e-05,7.595190982101485e-05,1.372501543528415e-07,9.414500254933955e-07,1.118723275794764e-06,1.6183462321350817e-06,1.08962694866932e-07,0.0008288710378110409,7.103203074620978e-07,3.0744632795176585e-07,0.9982435703277588,5.279419568182675e-09,1.475771023251582e-05,1.2869126067016623e-06
C:/Users/KUBA/GitProjects/WKIRO-Project/data/SM019/Session2/Overground_Walk/Walk_Fast/Post_Process/Walk_Fast3.csv,4,SM019,Session2,overground,walk,fast,26,SM019,26,SM019,0.9891011714935303,3.2302821637131274e-05,2.033553982982994e-06,0.00021675261086784303,1.7861868400359526e-05,0.0009014818351715803,1.354736195935402e-05,8.731204843570595e-07,0.0013115343172103167,9.723489711177535e-07,1.181536049443821e-06,0.00021502026356756687,0.00024191162083297968,6.182352194628038e-07,0.0002674381830729544,1.931627906515132e-07,6.417517397494521e-07,2.2087704564910382e-05,0.00026995831285603344,1.646540340516367e-06,2.7386318834032863e-05,2.1931331502855755e-05,8.327475370606408e-05,9.428633802599506e-07,0.007121670991182327,1.5029175983727328e-06,4.378780147362704e-07,0.9891011714935303,1.4856132679597067e-07,0.00010991656745318323,1.3533823221223429e-05
C:/Users/KUBA/GitProjects/WKIRO-Project/data/SM019/Session2/Overground_Walk/Walk_Fast/Post_Process/Walk_Fast4.csv,3,SM019,Session2,overground,walk,fast,26,SM019,26,SM019,0.9789743423461914,4.789822924067266e-05,7.673166692256927e-06,0.0003968099190387875,2.537631371524185e-05,0.004812049679458141,4.121102756471373e-05,2.788991878333036e-06,0.0030329532455652952,4.06064009439433e-06,1.3271465832076501e-05,0.0007184366113506258,0.001096363179385662,2.979596501972992e-06,0.0006608587573282421,8.331255116900138e-07,4.338253802416148e-06,2.1577752704615705e-05,0.002312067896127701,2.161646534659667e-06,6.375149678206071e-05,7.30699539417401e-05,0.0008794812019914389,1.0577500688668806e-05,0.006555710453540087,1.5906683756838902e-06,1.4631465319325798e-06,0.9789743423461914,1.8477207959222142e-06,0.0002066527958959341,2.7764230253524147e-05
C:/Users/KUBA/GitProjects/WKIRO-Project/data/SM019/Session2/Overground_Walk/Walk_Fast/Post_Process/Walk_Fast5.csv,3,SM019,Session2,overground,walk,fast,26,SM019,26,SM019,0.9997180104255676,3.250303961976897e-06,4.046841528548839e-09,1.6805663108243607e-05,9.927622386385337e-07,1.1164202987856697e-05,5.756363066211634e-07,2.7725720386229114e-08,1.549228727526497e-06,1.92771363316524e-08,1.1365655971928845e-08,4.253313363733469e-06,1.8202634919362026e-06,1.8697170478532144e-09,1.2186193089291919e-05,3.2473967959134598e-09,1.5104673067867225e-10,1.3064567383480608e-06,8.108108886517584e-06,8.872098611334422e-09,1.8412772817555378e-07,1.5568555511435989e-07,5.212679639043927e-07,2.0563645009019638e-08,0.00021596708393190056,9.022889457810379e-08,1.633861756999977e-08,0.9997180104255676,5.577552308899669e-10,2.211259925388731e-06,6.72526596190437e-07
C:/Users/KUBA/GitProjects/WKIRO-Project/data/SM019/Session2/Overground_Walk/Walk_Slow/Post_Process/Walk_Slow2.csv,7,SM019,Session2,overground,walk,slow,26,SM019,26,SM019,0.9997421503067017,3.1030940590426326e-06,3.4722187347568934e-09,1.5866997273406014e-05,9.466298251936678e-07,9.170152225124184e-06,5.564693310589064e-07,2.4479778204522518e-08,1.4117458704276942e-06,1.720361453294572e-08,1.0061248723047811e-08,3.85897874366492e-06,1.5829175481485436e-06,1.5027314947957393e-09,1.1853880096168723e-05,2.8096238668950946e-09,1.270182153900734e-10,1.330294253421016e-06,7.72834027884528e-06,8.540248508381865e-09,1.5507357886690443e-07,1.42493362886853e-07,4.6594050218118355e-07,1.7027025123184103e-08,0.0001967358693946153,8.262046691243086e-08,1.4423919836303867e-08,0.9997421503067017,5.03079633507042e-10,2.116187943101977e-06,6.383922368513595e-07
C:/Users/KUBA/GitProjects/WKIRO-Project/data/SM019/Session2/Overground_Walk/Walk_Slow/Post_Process/Walk_Slow5.csv,9,SM019,Session2,overground,walk,slow,26,SM019,26,SM019,0.9889087677001953,3.0267334295785986e-05,2.4992768885567784e-06,0.0002867284638341516,1.2929384865856264e-05,0.0007373059634119272,1.3334340110304765e-05,4.260607795458782e-07,0.0011897679651156068,4.724062989680533e-07,1.481519120716257e-06,0.0003190868301317096,0.00017957825912162662,4.7455645812988223e-07,0.00025344864116050303,1.8559265413387038e-07,4.399244630803878e-07,1.0775806913443375e-05,0.00019696952949743718,1.6875288793016807e-06,1.4902306247677188e-05,2.8108026526751928e-05,5.034809510107152e-05,5.19338641424838e-07,0.007601732853800058,1.4712945812789258e-06,4.950243237544782e-07,0.9889087677001953,1.234773492342356e-07,0.0001424803485861048,1.3239648069429677e-05
C:/Users/KUBA/GitProjects/WKIRO-Project/data/SM019/Session2/Treadmill_Run/Treadmill_Run_Comfortable/Post_Process/Treadmill_Run_Comfortable.csv,120,SM019,Session2,treadmill,run,comfortable,26,SM019,26,SM019,0.9991796016693115,3.6943745271855732e-06,4.316447643759602e-09,1.6753994714235887e-05,1.1776901374105364e-06,1.0199522876064293e-05,1.065908577402297e-06,1.1310761749427911e-07,2.887744585677865e-06,1.343985616131249e-07,1.1073658434668232e-08,4.524510586634278e-06,7.470154287148034e-06,2.190893022557816e-09,1.268617961613927e-05,3.532934611527594e-09,5.209092601710097e-10,2.864515408873558e-06,8.744183105591219e-06,1.3033042201016087e-08,2.0092541319627344e-07,1.5651335161237512e-07,7.177638963185018e-07,2.8613946767563903e-08,0.000743511482141912,1.4959245220325101e-07,1.499337898280828e-08,0.9991796016693115,6.018739395763362e-10,2.3633863293071045e-06,9.475366482547543e-07
C:/Users/KUBA/GitProjects/WKIRO-Project/data/TB030/Session1/Overground_Run/Run_Comfortable/Post_Process/Run_Comfortable8.csv,2,TB030,Session1,overground,run,comfortable,27,TB030,27,TB030,0.9998960494995117,1.0671077177448751e-07,1.4412985365197528e-05,2.4033280965340964e-07,8.780746962866459e-11,1.4947495685646572e-08,1.3772696316749489e-09,6.81192631191152e-08,1.9193339539924636e-06,1.8792656319988055e-09,1.2455399200916872e-07,3.662319336683595e-10,1.073312660970771e-09,1.2813299008485046e-06,1.8639177312707034e-07,3.467191709205508e-05,3.774612559936941e-05,6.03372374285982e-09,2.5857377750071464e-07,6.397886863851454e-06,2.7979838250757894e-06,4.2401879341014137e-07,1.0006195338974067e-07,1.6367650346182927e-07,2.4832187417445084e-09,9.433770209454906e-09,1.9071771930612158e-06,6.711641797885193e-10,0.9998960494995117,1.0650126114342129e-06,1.6732961682919267e-08
C:/Users/KUBA/GitProjects/WKIRO-Project/data/TB030/Session1/Overground_Run/Run_Fast/Post_Process/Run_Fast10.csv,2,TB030,Session1,overground,run,fast,27,TB030,27,TB030,0.6852306723594666,1.8308870721739368e-06,0.0006828414043411613,0.0001428672403562814,6.763200872228481e-06,0.00021401885896921158,4.261295543983579e-06,1.0536765330471098e-05,0.004924828186631203,5.389039188230527e-07,0.00140343455132097,2.4916796519391937e-06,7.086789992172271e-06,5.299989425111562e-05,0.0026576651725918055,0.0009083416080102324,0.28346771001815796,1.0751558647825732e-06,0.012746295891702175,0.00020606092584785074,0.004687314387410879,0.00025362346787005663,0.0014941374538466334,0.00034147489350289106,4.2793326429091394e-05,6.632808072026819e-05,0.00037376914406195283,9.354558642371558e-06,0.6852306723594666,5.61433844268322e-05,2.743006461969344e-06
C:/Users/KUBA/GitProjects/WKIRO-Project/data/TB030/Session1/Overground_Walk/Walk_Comfortable/Post_Process/Walk_Comfortable5.csv,6,TB030,Session1,overground,walk,comfortable,27,TB030,27,TB030,0.9913315176963806,4.5330551074584946e-05,0.00031971404678188264,0.0001540191879030317,1.3274849663957866e-07,1.4616488215324352e-06,6.447638497775188e-06,1.734269790176768e-05,0.00044358926243148744,1.1156039363413583e-06,6.306167779257521e-05,2.4103971441036265e-07,6.422510523407254e-07,0.00012670665455516428,5.8726876886794344e-05,0.0014662382891401649,0.0009089449304156005,3.0536411941284314e-05,3.783859938266687e-05,0.004019885789602995,0.000585377449169755,5.108542609377764e-05,7.6059099228587e-05,1.6434549252153374e-05,1.0040051847681752e-06,5.3508188102568965e-06,8.15822058939375e-05,1.4135993069430697e-06,0.9913315176963806,0.00012509907537605613,2.3087492081685923e-05
C:/Users/KUBA/GitProjects/WKIRO-Project/data/TB030/Session1/Overground_Walk/Walk_Fast/Post_Process/Walk_Fast2.csv,6,TB030,Session1,overground,walk,fast,27,TB030,27,TB030,0.9998891353607178,9.813095402932959e-08,1.099377914215438e-05,2.699424328511668e-07,8.934841755348089e-11,1.928501092152146e-08,1.5053185364877208e-09,6.214219894218331e-08,2.2842043563287007e-06,2.4167643442041253e-09,1.594209351196696e-07,4.924977647924322e-10,1.674931637829502e-09,1.3440120483210194e-06,1.457289897643932e-07,3.156027014483698e-05,5.0829476094804704e-05,5.810177672316286e-09,3.14884317731412e-07,5.006496849091491e-06,3.165724820064497e-06,4.1653530047369713e-07,1.3695763811938377e-07,1.7827198917075293e-07,3.588205288451718e-09,9.368001485654531e-09,2.5656916022853693e-06,8.457714528731231e-10,0.9998891353607178,1.1964671102759894e-06,1.5541504083671498e-08
C:/Users/KUBA/GitProjects/WKIRO-Project/data/TB030/Session1/Overground_Walk/Walk_Slow/Post_Process/Walk_Slow6.csv,7,TB030,Session1,overground,walk,slow,27,TB030,27,TB030,0.9998860359191895,1.2027813056647574e-07,1.7862943423097022e-05,2.2786824160903052e-07,9.550920471168567e-11,1.6899059929187388e-08,1.4034428064135795e-09,6.06823036264359e-08,2.092525846819626e-06,1.8868266948857126e-09,1.2728978049381112e-07,3.3241404073791614e-10,1.1331432459016355e-09,1.3544921557695488e-06,1.9738250500722643e-07,3.6830078897764906e-05,4.099059151485562e-05,6.968602139778568e-09,2.6447585810274177e-07,6.567443961102981e-06,3.1417384889209643e-06,5.450693834063713e-07,1.0937485939166436e-07,1.836079093209264e-07,2.6147348730631848e-09,9.401746048354198e-09,2.0510942704277113e-06,7.005131474890902e-10,0.9998860359191895,1.1502635288707097e-06,1.7183898748385218e-08
C:/Users/KUBA/GitProjects/WKIRO-Project/data/TB030/Session2/Overground_Run/Run_Comfortable/Post_Process/Run_Comfortable7.csv,3,TB030,Session2,overground,run,comfortable,27,TB030,27,TB030,0.9903073310852051,5.7986966567113996e-05,0.00024234445299953222,0.00011056518997065723,1.3108426344388135e-07,1.3598191799246706e-06,6.3012630562298e-06,2.4610972104710527e-05,0.0003615627938415855,1.354006485598802e-06,5.9334386605769396e-05,2.0286343271891383e-07,7.887753668001096e-07,0.00018759079102892429,6.41617298242636e-05,0.001995515776798129,0.0008376608602702618,5.775379031547345e-05,2.4867789761628956e-05,0.004700932186096907,0.000554037222173065,6.194171874085441e-05,0.00010641366679919884,1.4254459529183805e-05,1.209058041240496e-06,6.689618658128893e-06,7.485742389690131e-05,1.2562238680402515e-06,0.9903073310852051,0.00012098100705770776,1.6050200429162942e-05
C:/Users/KUBA/GitProjects/WKIRO-Project/data/TB030/Session2/Overground_Run/Run_Fast/Post_Process/Run_Fast2.csv,3,TB030,Session2,overground,run,fast,27,TB030,27,TB030,0.9575719833374023,0.00025774785899557173,0.0006626886315643787,0.00041552589391358197,1.2837095937356935e-06,4.676353455579374e-06,3.9990631194086745e-05,5.849865556228906e-05,0.001933955936692655,2.603763959996286e-06,0.0005058749229647219,2.182684738727403e-06,4.018596428068122e-06,0.0005355608300305903,0.0002572819357737899,0.0027340201195329428,0.0019086487591266632,0.00015122214972507209,8.12909274827689e-05,0.026148661971092224,0.004705093335360289,0.0004293231468182057,0.00015111890388652682,6.222064257599413e-05,7.10258427716326e-06,6.21840008534491e-05,0.0005978493136353791,9.634148227632977e-06,0.9575719833374023,0.0005997014814056456,9.809913899516687e-05
C:/Users/KUBA/GitProjects/WKIRO-Project/data/TB030/Session2/Overground_Run/Run_Fast/Post_Process/Run_Fast3.csv,3,TB030,Session2,overground,run,fast,27,TB030,27,TB030,0.9975221753120422,3.633735786934267e-06,0.00010401591862319037,4.350686140242033e-06,8.644026827653306e-09,6.888158736728656e-07,1.2014740313759376e-08,7.278493399098807e-07,3.2787269446998835e-05,3.459681963136063e-08,3.134707731078379e-05,1.1577111536098528e-07,7.152389258635594e-08,1.69683280546451e-05,8.399370585721044e-07,0.0005131968064233661,0.0002882432600017637,9.747210327759603e-08,1.5521105751759023e-06,0.00039934899541549385,6.473820394603536e-05,5.964282081549754e-06,8.845102570376184e-07,6.790413408452878e-06,1.0476893663735609e-07,2.548942745761451e-07,0.0009908498032018542,1.2564647100532511e-08,0.9975221753120422,3.8947855500737205e-06,6.219809165486367e-06
C:/Users/KUBA/GitProjects/WKIRO-Project/data/TB030/Session2/Overground_Run/Run_Fast/Post_Process/Run_Fast7.csv,2,TB030,Session2,overground,run,fast,27,TB030,27,TB030,0.95136559009552,0.0001256462710443884,0.0002814029867295176,0.002188988495618105,3.9859750700088625e-07,3.680095232994063e-06,0.00014735525473952293,4.682838698499836e-05,0.007463959977030754,5.524133484868798e-06,0.0016018552705645561,1.5772742472108803e-06,4.704337243310874e-06,0.0024012376088649035,0.00012685185356531292,0.0018341721734032035,0.005514385178685188,0.0003374489606358111,7.595996430609375e-05,0.015286404639482498,0.006705446634441614,0.00043496309081092477,0.002070892369374633,3.937906876672059e-05,1.9014300050912425e-05,3.9415328501490876e-05,0.00016323526506312191,1.6338815839844756e-05,0.95136559009552,0.0014892081962898374,0.00020817533368244767
C:/Users/KUBA/GitProjects/WKIRO-Project/data/TB030/Session2/Overground_Run/Run_Fast/Post_Process/Run_Fast8.csv,2,TB030,Session2,overground,run,fast,27,TB030,27,TB030,0.9994714260101318,8.830934348225128e-07,1.847211387939751e-05,4.071022431162419e-06,7.884967123672482e-10,4.3507593971980896e-08,3.1745365447477525e-08,5.039333927925327e-07,1.5272664313670248e-05,4.049918445048206e-08,1.966553782040137e-06,3.883503296719937e-09,2.069691973360932e-08,1.0026798008766491e-05,9.889424745779252e-07,0.0001380910980515182,0.00013806705828756094,2.265968959136444e-07,1.2948175935889594e-06,0.0001495283650001511,2.5611527235014364e-05,1.4112180224401527e-06,2.122056457665167e-06,3.9580197608302115e-07,3.5862012026655066e-08,9.897691199967085e-08,1.0374628800491337e-05,1.342532929271556e-08,0.9994714260101318,8.787078513705637e-06,2.4656401365064085e-07
C:/Users/KUBA/GitProjects/WKIRO-Project/data/TB030/Session2/Overground_Walk/Walk_Comfortable/Post_Process/Walk_Comfortable6.csv,6,TB030,Session2,overground,walk,comfortable,27,TB030,27,TB030,0.9997904896736145,1.8848852789687953e-07,2.6612638976075687e-05,7.938691055642266e-07,1.4925921609787451e-10,1.853262610040929e-08,4.26817603482732e-09,8.881649904424194e-08,4.132522462896304e-06,5.624495980072197e-09,4.485480076255044e-07,3.964522876653831e-10,1.7050697520559766e-09,3.368728357600048e-06,3.327008641917928e-07,4.221882045385428e-05,9.373533976031467e-05,1.965574725204533e-08,3.7429586541293247e-07,1.959231485670898e-05,1.0537027264945209e-05,6.476427643065108e-07,2.949057318346604e-07,2.3386792236124165e-07,3.7469045643945265e-09,1.589899234488712e-08,4.062405878357822e-06,1.1102779806648755e-09,0.9997904896736145,1.6732341237002402e-06,5.8383420764585026e-08
C:/Users/KUBA/GitProjects/WKIRO-Project/data/TB030/Session2/Overground_Walk/Walk_Fast/Post_Process/Walk_Fast5.csv,5,TB030,Session2,overground,walk,fast,27,TB030,27,TB030,0.9868625402450562,0.00013885882799513638,0.00028816473786719143,6.498448783531785e-05,2.4886034566407034e-07,8.935288065003988e-07,4.783632903127e-06,4.426069062901661e-05,0.000184184085810557,5.865969114893232e-07,4.0466875361744314e-05,3.741155865100154e-07,1.028920223689056e-06,0.00010339296568417922,7.705359894316643e-05,0.00337151694111526,0.00030557779246009886,3.5839806514559314e-05,2.7278956622467376e-05,0.007201160304248333,0.0009001378202810884,8.372282172786072e-05,5.030295506003313e-05,1.6427209629910067e-05,7.215641062430223e-07,1.649484329391271e-05,5.5711214372422546e-05,1.3511582892533625e-06,0.9868625402450562,0.0001033348380587995,1.864395380835049e-05
C:/Users/KUBA/GitProjects/WKIRO-Project/data/TB030/Session2/Treadmill_Walk/Treadmill_Walk_Fast/Post_Process/Treadmill_Walk_Fast.csv,120,TB030,Session2,treadmill,walk,fast,27,TB030,27,TB030,0.9998840093612671,1.1502597629942102e-07,1.8484375686966814e-05,2.2294821633295214e-07,9.848890453190151e-11,1.636589708198244e-08,1.5772049222206874e-09,6.195701018896216e-08,1.9400724795559654e-06,2.246140606843028e-09,1.428470994824238e-07,3.274590321122872e-10,9.621909935475514e-10,1.3743652971243137e-06,2.134715373358631e-07,3.141425258945674e-05,4.770072700921446e-05,7.2626273883713566e-09,2.388469226843881e-07,7.2593693403177895e-06,2.6881634767050855e-06,4.784185421158327e-07,9.886540652814801e-08,1.8315600414098299e-07,2.0053603222436323e-09,9.875642525969397e-09,2.2556641852133907e-06,5.316977413905022e-10,0.9998840093612671,1.0024643870565342e-06,2.001880439195247e-08
C:/Users/KUBA/GitProjects/WKIRO-Project/data/TK029/Session1/Overground_Run/Run_Comfortable/Post_Process/Run_Comfortable8.csv,4,TK029,Session1,overground,run,comfortable,28,TK029,28,TK029,0.9999428391456604,7.207232556538656e-06,1.6943132550295559e-06,1.4637473100265197e-07,7.335729890201037e-08,9.778474350241595e-07,1.3694254619167623e-07,7.759618725344808e-09,3.0096534828771837e-05,1.6135780356307805e-07,7.778957211712623e-08,9.236561027137213e-08,3.3024315371221746e-07,3.136284192351013e-07,1.0363390856582555e-07,1.2864926191014092e-07,1.07341008970252e-07,5.290020453685429e-06,8.743369050989713e-08,2.161544045975461e-07,7.094799059359502e-08,3.1067850159161026e-06,8.715498545086575e-09,1.3943952659190018e-09,8.772469186624221e-07,1.3424901190717264e-08,1.7419056064227334e-07,3.963099061365938e-06,1.2362723964542965e-06,0.9999428391456604,4.134824678203586e-07
C:/Users/KUBA/GitProjects/WKIRO-Project/data/TK029/Session1/Overground_Run/Run_Comfortable/Post_Process/Run_Comfortable9.csv,3,TK029,Session1,overground,run,comfortable,28,TK029,28,TK029,0.9994028210639954,2.2851963876746595e-05,3.586342427297495e-05,5.920247190260852e-07,3.906118308805162e-07,2.610983392514754e-05,5.601095267593337e-07,1.697866913730195e-08,0.000354787684045732,1.0967643220283207e-06,1.817051838770567e-06,1.0259124110234552e-06,1.4878593219691538e-06,4.865327809966402e-06,4.2627334551070817e-07,1.5058552662594593e-06,2.2383435407391516e-06,8.620457265351433e-06,5.596639880423027e-07,8.765169354774116e-07,1.0168461130888318e-06,7.38702219678089e-05,8.335572232454069e-08,8.128281336894361e-08,5.524398147827014e-06,8.556253305869177e-08,4.83491157865501e-06,7.225116860354319e-06,3.741209002328105e-05,0.9994028210639954,1.2133266409364296e-06
C:/Users/KUBA/GitProjects/WKIRO-Project/data/TK029/Session1/Overground_Run/Run_Fast/Post_Process/Run_Fast2.csv,2,TK029,Session1,overground,run,fast,28,TK029,28,TK029,0.9990131258964539,2.179066177632194e-05,7.016035669948906e-05,1.0578781939329929e-06,6.717627911712043e-07,5.102337308926508e-05,7.602137657158892e-07,1.8506799648321248e-08,0.0006769509054720402,1.3447686342260567e-06,2.544739345466951e-06,1.9129979591525625e-06,1.7844276953837834e-06,4.470145086088451e-06,7.41316796393221e-07,1.4740774076926755e-06,3.1265203688235488e-06,9.632816727389582e-06,9.71982444752939e-07,1.2226034868945135e-06,9.742720976646524e-07,6.572050915565342e-05,7.018692116389502e-08,1.6680729686413542e-07,8.342288310814183e-06,8.611695534455066e-08,8.689465175848454e-06,1.2246629921719432e-05,3.653358362498693e-05,0.9990131258964539,2.34520121011883e-06
C:/Users/KUBA/GitProjects/WKIRO-Project/data/TK029/Session1/Overground_Walk/Walk_Comfortable/Post_Process/Walk_Comfortable4.csv,6,TK029,Session1,overground,walk,comfortable,28,TK029,28,TK029,0.9999473690986633,6.405226031347411e-06,1.0967308980980306e-06,1.4584114182980557e-07,5.647405387776416e-08,7.489140330108057e-07,1.6606219332970795e-07,6.948837949494191e-09,2.5967174224206246e-05,1.5093644378794124e-07,6.103455518768897e-08,8.016939290200753e-08,2.7803122293335036e-07,2.473058486884838e-07,8.911039373060703e-08,1.335991015594118e-07,9.487970231703002e-08,7.146846201067092e-06,5.96105991235163e-08,2.718718690175592e-07,8.054933431367317e-08,2.372453764110105e-06,1.1357781382059784e-08,9.37601662975851e-10,9.147193509306817e-07,1.9112215809968802e-08,1.3796469033877656e-07,4.358531896286877e-06,1.0416175655336701e-06,0.9999473690986633,3.8288874293357367e-07
C:/Users/KUBA/GitProjects/WKIRO-Project/data/TK029/Session1/Overground_Walk/Walk_Slow/Post_Process/Walk_Slow2.csv,10,TK029,Session1,overground,walk,slow,28,TK029,28,TK029,0.9999483823776245,6.790925453969976e-06,9.077925824385602e-07,1.585815709859162e-07,5.6933220804467055e-08,5.79024003855011e-07,1.5909589023976878e-07,7.768344190139942e-09,2.4605973521829583e-05,1.3074381399746926e-07,4.702944167433998e-08,8.428298770013498e-08,2.6959199317388993e-07,2.0393466115820047e-07,9.578725723713433e-08,1.1930970345019887e-07,6.701433363787146e-08,7.81518428993877e-06,5.725868135186829e-08,2.7020297466151533e-07,7.286624992275392e-08,2.026769152507768e-06,1.0526592930659717e-08,7.455752681906347e-10,9.183316365124483e-07,1.849684139187957e-08,1.1421415280210567e-07,4.796575467480579e-06,7.728820605734654e-07,0.9999483823776245,3.9217633229782223e-07
C:/Users/KUBA/GitProjects/WKIRO-Project/data/TK029/Session1/Overground_Walk/Walk_Slow/Post_Process/Walk_Slow6.csv,9,TK029,Session1,overground,walk,slow,28,TK029,28,TK029,0.9999480843544006,6.528376616188325e-06,9.1185728479104e-07,1.5411251297337003e-07,5.630629829056488e-08,6.130806013970869e-07,1.7191290169193962e-07,7.249932654218583e-09,2.4995462808874436e-05,1.4173838280839846e-07,5.077173170775495e-08,8.174825438800326e-08,2.741470552791725e-07,2.1199937805249647e-07,9.081657026399625e-08,1.2567060991841572e-07,7.540301538710992e-08,7.912593900982756e-06,5.631716959442201e-08,2.8112353334108775e-07,7.755315323265677e-08,2.1154710339033045e-06,1.1723766846216677e-08,7.771095988928778e-10,9.37432162118057e-07,2.0384373300430525e-08,1.1978960401393124e-07,4.663933395931963e-06,8.232067898461537e-07,0.9999480843544006,3.860137951505749e-07
C:/Users/KUBA/GitProjects/WKIRO-Project/data/TK029/Session1/Overground_Walk/Walk_Slow/Post_Process/Walk_Slow7.csv,11,TK029,Session1,overground,walk,slow,28,TK029,28,TK029,0.9990686774253845,2.943816434708424e-05,5.311422501108609e-05,7.838079341127013e-07,4.78700201256288e-07,4.3243009713478386e-05,6.883760761411395e-07,2.8808081253828277e-08,0.0005640734452754259,2.0077191038581077e-06,2.4044470592343714e-06,1.391506543768628e-06,2.0446041162358597e-06,8.693272320670076e-06,5.698229301742685e-07,2.7015739760827273e-06,4.1572379814169835e-06,1.2854496162617579e-05,8.588103810325265e-07,1.2872960724052973e-06,1.4580375591322081e-06,0.00010084263340104371,1.7521369954920374e-07,1.392060369198589e-07,7.569506578875007e-06,1.0404261985286212e-07,7.379847829724895e-06,8.149685527314432e-06,7.263074803631753e-05,0.9990686774253845,2.0691229565272806e-06
C:/Users/KUBA/GitProjects/WKIRO-Project/data/TK029/Session1/Treadmill_Walk/Treadmill_Walk_Comfortable/Post_Process/Treadmill_Walk_Comfortable.csv,120,TK029,Session1,treadmill,walk,comfortable,28,TK029,28,TK029,0.9999073147773743,7.055392870825017e-06,9.919696140059386e-07,1.6379016187784146e-07,6.321317869151244e-08,5.971432415208255e-07,1.766628940913506e-07,8.403463702677527e-09,6.188113911775872e-05,1.2653445935484342e-07,7.028035753364748e-08,9.1498414178659e-08,3.3685566336316697e-07,2.1505674396848917e-07,1.0352482604503166e-07,1.2690831852069095e-07,1.0450676768414269e-07,8.011252248252276e-06,5.751961751343515e-08,2.902342259858415e-07,1.4052527319563524e-07,3.064358907067799e-06,1.1904334407120132e-08,1.2320467979165528e-09,1.972408199435449e-06,2.2952230338546542e-08,1.2109144620353618e-07,5.6501526159991045e-06,8.451891631011677e-07,0.9999073147773743,3.7217270687506243e-07
C:/Users/KUBA/GitProjects/WKIRO-Project/data/TK029/Session2/Overground_Run/Run_Fast/Post_Process/Run_Fast4.csv,2,TK029,Session2,overground,run,fast,28,TK029,28,TK029,0.9999063611030579,7.239616024889983e-06,2.9161044494685484e-06,1.832518279343276e-07,7.7928874020472e-08,1.3151729945093393e-06,1.2520872871846223e-07,7.662213974413135e-09,6.19172933511436e-05,1.3379290919601772e-07,9.846120008205617e-08,1.2880747135568527e-07,3.845842968530633e-07,4.163581479588174e-07,1.0265837602219108e-07,1.3278921073833772e-07,1.2003447125152888e-07,4.9162981667905115e-06,8.410449936491204e-08,2.0299836478443467e-07,1.0822669338494961e-07,5.224009782978101e-06,8.475119273043674e-09,2.5098714218074747e-09,1.5700890116931987e-06,1.3780411478592214e-08,2.481428680312092e-07,3.975253548560431e-06,1.5685136531828903e-06,0.9999063611030579,3.6802538261326845e-07
C:/Users/KUBA/GitProjects/WKIRO-Project/data/TK029/Session2/Overground_Walk/Walk_Comfortable/Post_Process/Walk_Comfortable2.csv,5,TK029,Session2,overground,walk,comfortable,28,TK029,28,TK029,0.9999467730522156,7.351805834332481e-06,1.100628310268803e-06,1.5978828571405757e-07,6.427333687497594e-08,5.796438244942692e-07,1.3746212346177344e-07,8.478602708805738e-09,2.6441502996021882e-05,1.2167910767857393e-07,5.038575068283535e-08,9.049576021880057e-08,2.923674458088499e-07,2.1569628927409212e-07,1.0484785661901697e-07,1.1459665216762005e-07,6.099916305402076e-08,6.755013600923121e-06,6.801818130952597e-08,2.393851730175811e-07,6.758649817584228e-08,2.264526301587466e-06,8.516853888806963e-09,8.737680579073981e-10,8.782845952737262e-07,1.5019669064031405e-08,1.1608834427079273e-07,4.670469024858903e-06,8.200113370548934e-07,0.9999467730522156,3.97394927631467e-07
C:/Users/KUBA/GitProjects/WKIRO-Project/data/TK029/Session2/Overground_Walk/Walk_Comfortable/Post_Process/Walk_Comfortable8.csv,5,TK029,Session2,overground,walk,comfortable,28,TK029,28,TK029,0.9999442100524902,7.839405043341685e-06,1.1649597126961453e-06,1.631956791925404e-07,6.621976211818037e-08,5.574449346568144e-07,1.3269946919081121e-07,8.978390475533615e-09,2.847041469067335e-05,1.1500630137106782e-07,5.121800583651748e-08,9.789963684170289e-08,3.0577311349588854e-07,2.1177774556235818e-07,1.1088949491977473e-07,1.1675594180360349e-07,5.745222964037566e-08,6.577200110768899e-06,7.04623843716945e-08,2.438104047541856e-07,7.020420866865607e-08,2.3162547222455032e-06,8.058624878515275e-09,8.995244549225845e-10,8.956488954936503e-07,1.469112742569223e-08,1.1330670446341173e-07,4.72307965537766e-06,8.44297915136849e-07,0.9999442100524902,3.9214924640873505e-07
C:/Users/KUBA/GitProjects/WKIRO-Project/data/TK029/Session2/Overground_Walk/Walk_Fast/Post_Process/Walk_Fast5.csv,6,TK029,Session2,overground,walk,fast,28,TK029,28,TK029,0.9990024566650391,2.2062316929805093e-05,7.502996595576406e-05,9.80696881924814e-07,6.336886713143031e-07,4.526219345279969e-05,7.075253165567119e-07,1.995003628962877e-08,0.000690428598318249,1.364468857900647e-06,2.2142842226458015e-06,1.5872892618062906e-06,1.8577447917778045e-06,4.4571320358954836e-06,6.806640726608748e-07,1.3956106386103784e-06,3.2101997931022197e-06,1.0482723155291751e-05,9.23278093978297e-07,1.1091309488620027e-06,8.740339580981527e-07,6.623201625188813e-05,7.649723698932576e-08,1.5530723374013178e-07,7.607478892168729e-06,8.521433869645989e-08,7.651132364117075e-06,1.020336912915809e-05,3.8043264794396237e-05,0.9990024566650391,2.280503849760862e-06
C:/Users/KUBA/GitProjects/WKIRO-Project/data/TK029/Session2/Overground_Walk/Walk_Slow/Post_Process/Walk_Slow5.csv,10,TK029,Session2,overground,walk,slow,28,TK029,28,TK029,0.9991334676742554,2.5552970328135416e-05,5.3278014092938974e-05,8.120723578031175e-07,5.245963166089496e-07,3.190877760061994e-05,7.1146985192172e-07,2.4258572040025683e-08,0.0005736182210966945,1.4873616009936086e-06,1.8749406081042252e-06,1.343759436167602e-06,1.8812988855643198e-06,5.389327270677313e-06,5.827655513712671e-07,1.8862050410461961e-06,3.0388357572519453e-06,1.2578418136399705e-05,7.63847197049472e-07,1.2129604556321283e-06,1.1106891406598152e-06,7.686963363084942e-05,1.1258357801580132e-07,1.1508217312439228e-07,7.094623924785992e-06,1.0503940472972317e-07,5.624729510600446e-06,9.037399649969302e-06,4.62034331576433e-05,0.9991334676742554,1.8723807215792476e-06
C:/Users/KUBA/GitProjects/WKIRO-Project/data/TK029/Session2/Treadmill_Walk/Treadmill_Walk_Slow/Post_Process/Treadmill_Walk_Slow.csv,180,TK029,Session2,treadmill,walk,slow,28,TK029,28,TK029,0.9999282956123352,6.8704971454280894e-06,1.0117249757968239e-06,1.606319841584991e-07,5.834164795714969e-08,6.849602414149558e-07,1.7814755892686662e-07,8.113067551107633e-09,4.156192881055176e-05,1.632183881383753e-07,5.801841496122506e-08,9.146853585662029e-08,2.9892805741837947e-07,2.73180404519735e-07,9.459041905302001e-08,1.9057948463796492e-07,1.0246233728139487e-07,8.566108590457588e-06,6.310516198482219e-08,3.381013300440827e-07,1.0923609750079777e-07,2.5669628485047724e-06,1.6274535497018405e-08,9.693228442131385e-10,1.0808433899001102e-06,2.1240662562149737e-08,1.3319427694113983e-07,4.840011570195202e-06,1.7283956594837946e-06,0.9999282956123352,4.299981810618192e-07
C:/Users/KUBA/GitProjects/WKIRO-Project/data/YX024/Session1/Overground_Run/Run_Comfortable/Post_Process/Run_Comfortable10.csv,3,YX024,Session1,overground,run,comfortable,29,YX024,29,YX024,0.9978623390197754,5.415033683675574e-06,3.5559653497330146e-06,0.00013697649410460144,1.7615191609365866e-05,9.767794836079702e-06,2.011656943068374e-05,2.3710366804152727e-05,5.683860308636213e-06,0.0005989508354105055,9.364789548271801e-06,1.645075280976016e-05,3.7399584584818513e-07,0.00010178231605095789,4.2717612558362816e-08,2.9577269742731005e-05,4.499125680013094e-06,0.0008020622772164643,5.978891408631171e-07,0.00011163145973114297,5.0354842642263975e-06,1.1781755802076077e-06,9.969769052986521e-06,4.655994416680187e-07,0.00010446897795191035,2.198819856857881e-05,4.2888557800324634e-05,8.539503141946625e-06,3.2855555787136836e-07,4.462791548576206e-05,0.9978623390197754
C:/Users/KUBA/GitProjects/WKIRO-Project/data/YX024/Session1/Overground_Run/Run_Fast/Post_Process/Run_Fast1.csv,2,YX024,Session1,overground,run,fast,29,YX024,29,YX024,0.9743637442588806,2.250028046546504e-05,5.9681173297576606e-05,0.0015265466645359993,0.00010950412251986563,1.671810241532512e-05,0.0004049068666063249,0.00016788598441053182,0.0001309368381043896,0.000939203193411231,4.468948100111447e-05,7.855442527215928e-05,1.8241181578559917e-06,0.00030837059603072703,2.6931415959552396e-06,0.0001413707941537723,4.4196323869982734e-05,0.019283169880509377,3.493995336611988e-06,0.0013043452054262161,2.669294917723164e-05,4.303221885493258e-06,2.9412927688099444e-05,2.7736339234252227e-06,0.0004568336298689246,0.00015306791465263814,0.0001420191692886874,7.388777885353193e-05,4.567822543322109e-06,0.00015194514708127826,0.9743637442588806
C:/Users/KUBA/GitProjects/WKIRO-Project/data/YX024/Session1/Overground_Walk/Walk_Comfortable/Post_Process/Walk_Comfortable4.csv,5,YX024,Session1,overground,walk,comfortable,29,YX024,29,YX024,0.9990644454956055,5.379975391406333e-06,1.5337648164859274e-06,2.6733945560408756e-05,9.07190769794397e-06,5.475440957525279e-06,5.073884494777303e-06,1.6543181118322536e-05,6.172448365759919e-07,0.00039716693572700024,6.072703399695456e-06,9.042778401635587e-06,2.888762651309662e-07,0.00010003943316405639,8.568885156989836e-09,2.9925791750429198e-05,6.446695124395774e-07,0.00017165126337204129,1.6917087464207725e-07,5.0198468670714647e-05,2.072951701848069e-06,9.383373367199965e-07,3.5275086247565923e-06,4.917737896903418e-07,3.7983547372277826e-05,9.608420441509224e-06,3.1419760489370674e-05,1.8576549791760044e-06,6.048035317007816e-08,1.1932588677154854e-05,0.9990644454956055
C:/Users/KUBA/GitProjects/WKIRO-Project/data/YX024/Session1/Overground_Walk/Walk_Comfortable/Post_Process/Walk_Comfortable7.csv,6,YX024,Session1,overground,walk,comfortable,29,YX024,29,YX024,0.999136209487915,5.666046035912586e-06,1.0683863820304396e-06,2.7997732104267925e-05,6.230641247384483e-06,5.953272193437442e-06,2.9080104013701202e-06,1.4260927855502814e-05,5.077876039649709e-07,0.00031428286456502974,5.17894341101055e-06,6.9322509261837695e-06,1.9352761171376187e-07,0.00015104631893336773,7.420062786422932e-09,3.576057861209847e-05,4.6096624828351196e-07,0.00014304333308245987,1.5571008304959832e-07,4.92644940095488e-05,2.5040246782737086e-06,8.747176707402105e-07,4.118448032386368e-06,3.7295797028491506e-07,3.335394649184309e-05,5.743962901760824e-06,3.3067106414819136e-05,1.977279907805496e-06,7.424584680393309e-08,1.076405169442296e-05,0.999136209487915
C:/Users/KUBA/GitProjects/WKIRO-Project/data/YX024/Session1/Overground_Walk/Walk_Fast/Post_Process/Walk_Fast3.csv,5,YX024,Session1,overground,walk,fast,29,YX024,29,YX024,0.9990568161010742,6.432876489270711e-06,1.241443555954902e-06,4.092892777407542e-05,4.591240212903358e-06,8.982658982858993e-06,2.288883024448296e-06,1.8480308426660486e-05,6.10713584592304e-07,0.00031627988209947944,7.0935211624600925e-06,1.062170667864848e-05,2.175474520527132e-07,0.00018746480054687709,9.942695555764658e-09,4.7019868361530825e-05,5.907500053581316e-07,0.00011942131823161617,2.0448979398679512e-07,5.458544910652563e-05,3.30492366629187e-06,8.469172030345362e-07,5.26793655808433e-06,4.2269380173820537e-07,3.7883364711888134e-05,4.25197504227981e-06,4.848946264246479e-05,2.547085841797525e-06,1.1960753454332007e-07,1.3036462405580096e-05,0.9990568161010742
C:/Users/KUBA/GitProjects/WKIRO-Project/data/YX024/Session1/Overground_Walk/Walk_Fast/Post_Process/Walk_Fast5.csv,3,YX024,Session1,overground,walk,fast,29,YX024,29,YX024,0.9993922710418701,3.7869247080379864e-06,1.0172662996410509e-06,2.111066714860499e-05,6.99963266015402e-06,3.1130095976550365e-06,2.8686533823929494e-06,1.2972309377801139e-05,4.861252023147244e-07,0.0001764985645422712,3.289157348262961e-06,5.778979812021134e-06,9.971711278922157e-08,7.179865497164428e-05,6.5447287589393e-09,2.3650120056117885e-05,4.0111885368787625e-07,0.00016120783402584493,1.0847767839550215e-07,4.342642569099553e-05,1.974455926756491e-06,7.443531444550899e-07,1.8572054614196531e-06,2.5761747224350984e-07,2.8060547265340574e-05,5.54579264644417e-06,2.0454186596907675e-05,1.5023033483885229e-06,4.283628030066211e-08,8.660183993924875e-06,0.9993922710418701
C:/Users/KUBA/GitProjects/WKIRO-Project/data/YX024/Session1/Overground_Walk/Walk_Slow/Post_Process/Walk_Slow1.csv,13,YX024,Session1,overground,walk,slow,29,YX024,29,YX024,0.9991382360458374,9.545799912302755e-06,1.2366733699309407e-06,3.170316631440073e-05,1.2742976650770288e-05,4.5064134610584006e-06,8.209814950532746e-06,1.3417004993243609e-05,5.367914468479285e-07,0.0001279130665352568,6.766427759430371e-06,1.1002847713825759e-05,8.8235807993442e-08,0.00011160287249367684,2.2548144684719773e-08,3.59652767656371e-05,3.1441135206478066e-07,0.0002488217141944915,9.264394407182408e-08,0.00011321127385599539,3.535732275850023e-06,1.3766452866548207e-06,1.487823737988947e-06,2.758366974831006e-07,3.3763048122636974e-05,1.972006975847762e-05,3.7039055314380676e-05,4.068808266310953e-06,6.051963907793834e-08,2.270040931762196e-05,0.9991382360458374
C:/Users/KUBA/GitProjects/WKIRO-Project/data/YX024/Session1/Overground_Walk/Walk_Slow/Post_Process/Walk_Slow3.csv,10,YX024,Session1,overground,walk,slow,29,YX024,29,YX024,0.999274730682373,8.116696335491724e-06,1.1888118933711667e-06,2.7100953957415186e-05,8.569873898522928e-06,5.223777407081798e-06,3.726529030245729e-06,1.2482196325436234e-05,3.798647014718881e-07,0.00015209760749712586,5.264162609819323e-06,8.19030265120091e-06,8.303824472477572e-08,0.00011717006418621168,1.3995046899140107e-08,3.610839485190809e-05,2.7933498358834186e-07,0.00016515872266609222,9.353399121891925e-08,7.45422366890125e-05,2.5221747819159646e-06,1.0785339554786333e-06,1.7644093759372481e-06,2.672479695320362e-07,2.756110370683018e-05,8.606637493357994e-06,3.816957905655727e-05,2.6720349524111953e-06,5.707081385253332e-08,1.6754007447161712e-05,0.999274730682373
C:/Users/KUBA/GitProjects/WKIRO-Project/data/YX024/Session2/Overground_Run/Run_Fast/Post_Process/Run_Fast5.csv,2,YX024,Session2,overground,run,fast,29,YX024,29,YX024,0.9999428987503052,4.260197670191701e-07,9.625539405533345e-07,7.383881893474609e-06,5.195014409764553e-07,7.722973123236443e-07,4.527374386498195e-08,4.951085429638624e-06,1.1534307731153604e-07,9.235054676537402e-06,1.0935124805655505e-08,5.280683126329677e-07,2.581342917196139e-09,8.641542081022635e-06,2.817894806383947e-10,7.360781637544278e-06,1.3413130162120979e-08,4.060474111611256e-06,1.496535873002358e-08,7.1637532528257e-07,2.28677762947882e-07,1.4020521632573946e-07,5.695495133295481e-07,2.5351772237058867e-08,8.488576895615552e-06,1.5823229659872595e-07,7.760995686112437e-07,4.1444604903517757e-07,4.2817016598917235e-09,4.823829158340232e-07,0.9999428987503052
C:/Users/KUBA/GitProjects/WKIRO-Project/data/YX024/Session2/Overground_Run/Run_Fast/Post_Process/Run_Fast6.csv,2,YX024,Session2,overground,run,fast,29,YX024,29,YX024,0.9977145791053772,2.4994800696731545e-05,1.29308909890824e-06,0.00022766874462831765,4.29796455136966e-06,1.6068837794591673e-05,1.8192927200288977e-06,5.368467827793211e-05,3.1920676519803237e-06,0.00020665641932282597,1.9178569345967844e-05,3.7099736800882965e-05,3.842333171633072e-07,0.000624637701548636,7.888319686344403e-08,0.00016146001871675253,9.114723411585146e-07,0.0002683514030650258,4.4138550947536714e-07,0.0002758550690487027,1.5697820344939828e-05,1.6281715033983346e-06,8.941683518060017e-06,6.008000354995602e-07,0.00011853958130814135,5.142132522450993e-06,0.0001488149573560804,1.3347984349820763e-05,8.163855227394379e-07,4.392889968585223e-05,0.9977145791053772
C:/Users/KUBA/GitProjects/WKIRO-Project/data/YX024/Session2/Overground_Walk/Walk_Comfortable/Post_Process/Walk_Comfortable3.csv,5,YX024,Session2,overground,walk,comfortable,29,YX024,29,YX024,0.9999691247940063,1.580062019002071e-07,7.094549800967798e-07,6.144911367300665e-06,3.209648298252432e-07,2.215516872183798e-07,6.776537730956989e-08,3.714822696565534e-06,2.1511525005735166e-07,3.985505372838816e-06,7.494257658891001e-09,1.817733448206127e-07,2.3208810429053983e-09,2.2052311123843538e-06,2.893885686638953e-10,2.521051101211924e-06,1.5149371535017053e-08,3.0819489893474383e-06,1.21808838571269e-08,1.094227741305076e-06,2.906526788137853e-07,3.990258079511477e-08,4.0243148191621003e-07,7.989247485795659e-09,4.192640517430846e-06,4.686727095304377e-07,2.064719240024715e-07,4.1008865991898347e-07,3.662979697338642e-09,2.130296650193486e-07,0.9999691247940063
C:/Users/KUBA/GitProjects/WKIRO-Project/data/YX024/Session2/Overground_Walk/Walk_Fast/Post_Process/Walk_Fast6.csv,4,YX024,Session2,overground,walk,fast,29,YX024,29,YX024,0.9999541640281677,2.2029695401215577e-07,6.860134362796089e-07,7.932692824397236e-06,4.6556903043892817e-07,5.799411155749112e-07,2.7467628171962133e-08,4.337794507591752e-06,1.164325027502855e-07,7.311124136322178e-06,8.721164235225842e-09,5.038350536779035e-07,1.9244918991745408e-09,5.575496743404074e-06,1.7436890820121675e-10,4.7188077587634325e-06,1.7579040445525607e-08,2.445797463224153e-06,1.3156292943961034e-08,3.907466918917635e-07,2.440932860281464e-07,7.616645092412e-08,4.461429341517942e-07,1.549292782954126e-08,8.175608854799066e-06,1.5245196038904396e-07,7.176936378527898e-07,3.332906430841831e-07,3.1870321937077506e-09,4.2138364619859203e-07,0.9999541640281677
C:/Users/KUBA/GitProjects/WKIRO-Project/data/YX024/Session2/Overground_Walk/Walk_Fast/Post_Process/Walk_Fast8.csv,4,YX024,Session2,overground,walk,fast,29,YX024,29,YX024,0.9999654293060303,1.9489166902530997e-07,6.763418696209555e-07,6.209955245140009e-06,3.7872933944527176e-07,3.209155465810909e-07,5.768460198396497e-08,3.869060947181424e-06,1.627566916795331e-07,4.633273874787847e-06,6.919067541133472e-09,2.6504645234126656e-07,1.734925092478079e-09,3.2572311283729505e-06,2.9456811989625464e-10,3.6283067856857087e-06,1.1887541617738862e-08,2.741442813203321e-06,1.2664766124714788e-08,1.0693080412238487e-06,2.992012184677151e-07,5.752975340556077e-08,3.965414521189814e-07,1.1274810418626657e-08,4.904704383079661e-06,3.8483963749058603e-07,3.173555569446762e-07,4.3275429106870433e-07,3.559540218134316e-09,2.283933895341761e-07,0.9999654293060303
C:/Users/KUBA/GitProjects/WKIRO-Project/data/YX024/Session2/Overground_Walk/Walk_Slow/Post_Process/Walk_Slow2.csv,10,YX024,Session2,overground,walk,slow,29,YX024,29,YX024,0.9999418258666992,1.874601309737045e-07,5.14275939167419e-07,1.9711500499397516e-05,3.1336156780525926e-07,2.3720311048691656e-07,2.1955504792003921e-07,4.191085281490814e-06,7.902133916104503e-07,3.219178324798122e-06,2.474166116428478e-08,4.471267516237276e-07,3.193262543277342e-09,2.5729464141477365e-06,2.0724275628936084e-09,2.6197865281574195e-06,2.088295047997235e-08,4.64031381852692e-06,2.0871235406616506e-08,7.065374575176975e-06,1.3829425142830587e-06,5.0011244923098275e-08,6.000161079100508e-07,7.357891185222343e-09,5.406839591159951e-06,1.8896644178312272e-06,2.7254719725533505e-07,1.5007713045633864e-06,8.095419445908192e-09,2.54500235996602e-07,0.9999418258666992
