participant_id,session,environment,activity,condition,protocol,trial,path,target_name,target_label,split
AJ026,Session1,overground,run,comfortable,Overground_Run,Run_Comfortable,C:/Users/KUBA/GitProjects/WKIRO-Project/data/AJ026/Session1/Overground_Run/Run_Comfortable/Post_Process/Run_Comfortable1.csv,female,0,train
AJ026,Session1,overground,run,comfortable,Overground_Run,Run_Comfortable,C:/Users/KUBA/GitProjects/WKIRO-Project/data/AJ026/Session1/Overground_Run/Run_Comfortable/Post_Process/Run_Comfortable10.csv,female,0,train
AJ026,Session1,overground,run,comfortable,Overground_Run,Run_Comfortable,C:/Users/KUBA/GitProjects/WKIRO-Project/data/AJ026/Session1/Overground_Run/Run_Comfortable/Post_Process/Run_Comfortable2.csv,female,0,train
AJ026,Session1,overground,run,comfortable,Overground_Run,Run_Comfortable,C:/Users/KUBA/GitProjects/WKIRO-Project/data/AJ026/Session1/Overground_Run/Run_Comfortable/Post_Process/Run_Comfortable3.csv,female,0,train
AJ026,Session1,overground,run,comfortable,Overground_Run,Run_Comfortable,C:/Users/KUBA/GitProjects/WKIRO-Project/data/AJ026/Session1/Overground_Run/Run_Comfortable/Post_Process/Run_Comfortable4.csv,female,0,train
AJ026,Session1,overground,run,comfortable,Overground_Run,Run_Comfortable,C:/Users/KUBA/GitProjects/WKIRO-Project/data/AJ026/Session1/Overground_Run/Run_Comfortable/Post_Process/Run_Comfortable5.csv,female,0,train
AJ026,Session1,overground,run,comfortable,Overground_Run,Run_Comfortable,C:/Users/KUBA/GitProjects/WKIRO-Project/data/AJ026/Session1/Overground_Run/Run_Comfortable/Post_Process/Run_Comfortable6.csv,female,0,val
AJ026,Session1,overground,run,comfortable,Overground_Run,Run_Comfortable,C:/Users/KUBA/GitProjects/WKIRO-Project/data/AJ026/Session1/Overground_Run/Run_Comfortable/Post_Process/Run_Comfortable7.csv,female,0,train
AJ026,Session1,overground,run,comfortable,Overground_Run,Run_Comfortable,C:/Users/KUBA/GitProjects/WKIRO-Project/data/AJ026/Session1/Overground_Run/Run_Comfortable/Post_Process/Run_Comfortable8.csv,female,0,test
AJ026,Session1,overground,run,comfortable,Overground_Run,Run_Comfortable,C:/Users/KUBA/GitProjects/WKIRO-Project/data/AJ026/Session1/Overground_Run/Run_Comfortable/Post_Process/Run_Comfortable9.csv,female,0,train
AJ026,Session1,overground,run,fast,Overground_Run,Run_Fast,C:/Users/KUBA/GitProjects/WKIRO-Project/data/AJ026/Session1/Overground_Run/Run_Fast/Post_Process/Run_Fast1.csv,female,0,train
AJ026,Session1,overground,run,fast,Overground_Run,Run_Fast,C:/Users/KUBA/GitProjects/WKIRO-Project/data/AJ026/Session1/Overground_Run/Run_Fast/Post_Process/Run_Fast10.csv,female,0,val
AJ026,Session1,overground,run,fast,Overground_Run,Run_Fast,C:/Users/KUBA/GitProjects/WKIRO-Project/data/AJ026/Session1/Overground_Run/Run_Fast/Post_Process/Run_Fast2.csv,female,0,test
AJ026,Session1,overground,run,fast,Overground_Run,Run_Fast,C:/Users/KUBA/GitProjects/WKIRO-Project/data/AJ026/Session1/Overground_Run/Run_Fast/Post_Process/Run_Fast3.csv,female,0,test
AJ026,Session1,overground,run,fast,Overground_Run,Run_Fast,C:/Users/KUBA/GitProjects/WKIRO-Project/data/AJ026/Session1/Overground_Run/Run_Fast/Post_Process/Run_Fast4.csv,female,0,test
AJ026,Session1,overground,run,fast,Overground_Run,Run_Fast,C:/Users/KUBA/GitProjects/WKIRO-Project/data/AJ026/Session1/Overground_Run/Run_Fast/Post_Process/Run_Fast5.csv,female,0,train
AJ026,Session1,overground,run,fast,Overground_Run,Run_Fast,C:/Users/KUBA/GitProjects/WKIRO-Project/data/AJ026/Session1/Overground_Run/Run_Fast/Post_Process/Run_Fast6.csv,female,0,train
AJ026,Session1,overground,run,fast,Overground_Run,Run_Fast,C:/Users/KUBA/GitProjects/WKIRO-Project/data/AJ026/Session1/Overground_Run/Run_Fast/Post_Process/Run_Fast7.csv,female,0,train
AJ026,Session1,overground,run,fast,Overground_Run,Run_Fast,C:/Users/KUBA/GitProjects/WKIRO-Project/data/AJ026/Session1/Overground_Run/Run_Fast/Post_Process/Run_Fast8.csv,female,0,train
AJ026,Session1,overground,run,fast,Overground_Run,Run_Fast,C:/Users/KUBA/GitProjects/WKIRO-Project/data/AJ026/Session1/Overground_Run/Run_Fast/Post_Process/Run_Fast9.csv,female,0,test
AJ026,Session1,overground,walk,comfortable,Overground_Walk,Walk_Comfortable,C:/Users/KUBA/GitProjects/WKIRO-Project/data/AJ026/Session1/Overground_Walk/Walk_Comfortable/Post_Process/Walk_Comfortable1.csv,female,0,train
AJ026,Session1,overground,walk,comfortable,Overground_Walk,Walk_Comfortable,C:/Users/KUBA/GitProjects/WKIRO-Project/data/AJ026/Session1/Overground_Walk/Walk_Comfortable/Post_Process/Walk_Comfortable2.csv,female,0,train
AJ026,Session1,overground,walk,comfortable,Overground_Walk,Walk_Comfortable,C:/Users/KUBA/GitProjects/WKIRO-Project/data/AJ026/Session1/Overground_Walk/Walk_Comfortable/Post_Process/Walk_Comfortable3.csv,female,0,val
AJ026,Session1,overground,walk,comfortable,Overground_Walk,Walk_Comfortable,C:/Users/KUBA/GitProjects/WKIRO-Project/data/AJ026/Session1/Overground_Walk/Walk_Comfortable/Post_Process/Walk_Comfortable4.csv,female,0,train
AJ026,Session1,overground,walk,comfortable,Overground_Walk,Walk_Comfortable,C:/Users/KUBA/GitProjects/WKIRO-Project/data/AJ026/Session1/Overground_Walk/Walk_Comfortable/Post_Process/Walk_Comfortable5.csv,female,0,train
AJ026,Session1,overground,walk,comfortable,Overground_Walk,Walk_Comfortable,C:/Users/KUBA/GitProjects/WKIRO-Project/data/AJ026/Session1/Overground_Walk/Walk_Comfortable/Post_Process/Walk_Comfortable6.csv,female,0,train
AJ026,Session1,overground,walk,comfortable,Overground_Walk,Walk_Comfortable,C:/Users/KUBA/GitProjects/WKIRO-Project/data/AJ026/Session1/Overground_Walk/Walk_Comfortable/Post_Process/Walk_Comfortable7.csv,female,0,train
AJ026,Session1,overground,walk,comfortable,Overground_Walk,Walk_Comfortable,C:/Users/KUBA/GitProjects/WKIRO-Project/data/AJ026/Session1/Overground_Walk/Walk_Comfortable/Post_Process/Walk_Comfortable8.csv,female,0,train
AJ026,Session1,overground,walk,fast,Overground_Walk,Walk_Fast,C:/Users/KUBA/GitProjects/WKIRO-Project/data/AJ026/Session1/Overground_Walk/Walk_Fast/Post_Process/Walk_Fast1.csv,female,0,train
AJ026,Session1,overground,walk,fast,Overground_Walk,Walk_Fast,C:/Users/KUBA/GitProjects/WKIRO-Project/data/AJ026/Session1/Overground_Walk/Walk_Fast/Post_Process/Walk_Fast2.csv,female,0,train
AJ026,Session1,overground,walk,fast,Overground_Walk,Walk_Fast,C:/Users/KUBA/GitProjects/WKIRO-Project/data/AJ026/Session1/Overground_Walk/Walk_Fast/Post_Process/Walk_Fast3.csv,female,0,val
AJ026,Session1,overground,walk,fast,Overground_Walk,Walk_Fast,C:/Users/KUBA/GitProjects/WKIRO-Project/data/AJ026/Session1/Overground_Walk/Walk_Fast/Post_Process/Walk_Fast4.csv,female,0,train
AJ026,Session1,overground,walk,fast,Overground_Walk,Walk_Fast,C:/Users/KUBA/GitProjects/WKIRO-Project/data/AJ026/Session1/Overground_Walk/Walk_Fast/Post_Process/Walk_Fast5.csv,female,0,train
AJ026,Session1,overground,walk,fast,Overground_Walk,Walk_Fast,C:/Users/KUBA/GitProjects/WKIRO-Project/data/AJ026/Session1/Overground_Walk/Walk_Fast/Post_Process/Walk_Fast6.csv,female,0,train
AJ026,Session1,overground,walk,slow,Overground_Walk,Walk_Slow,C:/Users/KUBA/GitProjects/WKIRO-Project/data/AJ026/Session1/Overground_Walk/Walk_Slow/Post_Process/Walk_Slow1.csv,female,0,val
AJ026,Session1,overground,walk,slow,Overground_Walk,Walk_Slow,C:/Users/KUBA/GitProjects/WKIRO-Project/data/AJ026/Session1/Overground_Walk/Walk_Slow/Post_Process/Walk_Slow2.csv,female,0,test
AJ026,Session1,overground,walk,slow,Overground_Walk,Walk_Slow,C:/Users/KUBA/GitProjects/WKIRO-Project/data/AJ026/Session1/Overground_Walk/Walk_Slow/Post_Process/Walk_Slow3.csv,female,0,test
AJ026,Session1,overground,walk,slow,Overground_Walk,Walk_Slow,C:/Users/KUBA/GitProjects/WKIRO-Project/data/AJ026/Session1/Overground_Walk/Walk_Slow/Post_Process/Walk_Slow4.csv,female,0,train
AJ026,Session1,overground,walk,slow,Overground_Walk,Walk_Slow,C:/Users/KUBA/GitProjects/WKIRO-Project/data/AJ026/Session1/Overground_Walk/Walk_Slow/Post_Process/Walk_Slow5.csv,female,0,train
AJ026,Session1,overground,walk,slow,Overground_Walk,Walk_Slow,C:/Users/KUBA/GitProjects/WKIRO-Project/data/AJ026/Session1/Overground_Walk/Walk_Slow/Post_Process/Walk_Slow6.csv,female,0,train
AJ026,Session1,overground,walk,slow,Overground_Walk,Walk_Slow,C:/Users/KUBA/GitProjects/WKIRO-Project/data/AJ026/Session1/Overground_Walk/Walk_Slow/Post_Process/Walk_Slow7.csv,female,0,train
AJ026,Session1,overground,walk,slow,Overground_Walk,Walk_Slow,C:/Users/KUBA/GitProjects/WKIRO-Project/data/AJ026/Session1/Overground_Walk/Walk_Slow/Post_Process/Walk_Slow8.csv,female,0,val
AJ026,Session1,treadmill,run,comfortable,Treadmill_Run,Treadmill_Run_Comfortable,C:/Users/KUBA/GitProjects/WKIRO-Project/data/AJ026/Session1/Treadmill_Run/Treadmill_Run_Comfortable/Post_Process/Treadmill_Run_Comfortable.csv,female,0,train
AJ026,Session1,treadmill,run,fast,Treadmill_Run,Treadmill_Run_Fast,C:/Users/KUBA/GitProjects/WKIRO-Project/data/AJ026/Session1/Treadmill_Run/Treadmill_Run_Fast/Post_Process/Treadmill_Run_Fast.csv,female,0,train
AJ026,Session1,treadmill,walk,comfortable,Treadmill_Walk,Treadmill_Walk_Comfortable,C:/Users/KUBA/GitProjects/WKIRO-Project/data/AJ026/Session1/Treadmill_Walk/Treadmill_Walk_Comfortable/Post_Process/Treadmill_Walk_Comfortable.csv,female,0,train
AJ026,Session1,treadmill,walk,fast,Treadmill_Walk,Treadmill_Walk_Fast,C:/Users/KUBA/GitProjects/WKIRO-Project/data/AJ026/Session1/Treadmill_Walk/Treadmill_Walk_Fast/Post_Process/Treadmill_Walk_Fast.csv,female,0,train
AJ026,Session1,treadmill,walk,slow,Treadmill_Walk,Treadmill_Walk_Slow,C:/Users/KUBA/GitProjects/WKIRO-Project/data/AJ026/Session1/Treadmill_Walk/Treadmill_Walk_Slow/Post_Process/Treadmill_Walk_Slow.csv,female,0,train
AJ026,Session2,overground,run,comfortable,Overground_Run,Run_Comfortable,C:/Users/KUBA/GitProjects/WKIRO-Project/data/AJ026/Session2/Overground_Run/Run_Comfortable/Post_Process/Run_Comfortable1.csv,female,0,test
AJ026,Session2,overground,run,comfortable,Overground_Run,Run_Comfortable,C:/Users/KUBA/GitProjects/WKIRO-Project/data/AJ026/Session2/Overground_Run/Run_Comfortable/Post_Process/Run_Comfortable2.csv,female,0,train
AJ026,Session2,overground,run,comfortable,Overground_Run,Run_Comfortable,C:/Users/KUBA/GitProjects/WKIRO-Project/data/AJ026/Session2/Overground_Run/Run_Comfortable/Post_Process/Run_Comfortable3.csv,female,0,val
AJ026,Session2,overground,run,comfortable,Overground_Run,Run_Comfortable,C:/Users/KUBA/GitProjects/WKIRO-Project/data/AJ026/Session2/Overground_Run/Run_Comfortable/Post_Process/Run_Comfortable4.csv,female,0,train
AJ026,Session2,overground,run,comfortable,Overground_Run,Run_Comfortable,C:/Users/KUBA/GitProjects/WKIRO-Project/data/AJ026/Session2/Overground_Run/Run_Comfortable/Post_Process/Run_Comfortable5.csv,female,0,train
AJ026,Session2,overground,run,comfortable,Overground_Run,Run_Comfortable,C:/Users/KUBA/GitProjects/WKIRO-Project/data/AJ026/Session2/Overground_Run/Run_Comfortable/Post_Process/Run_Comfortable6.csv,female,0,train
AJ026,Session2,overground,run,comfortable,Overground_Run,Run_Comfortable,C:/Users/KUBA/GitProjects/WKIRO-Project/data/AJ026/Session2/Overground_Run/Run_Comfortable/Post_Process/Run_Comfortable7.csv,female,0,test
AJ026,Session2,overground,run,comfortable,Overground_Run,Run_Comfortable,C:/Users/KUBA/GitProjects/WKIRO-Project/data/AJ026/Session2/Overground_Run/Run_Comfortable/Post_Process/Run_Comfortable8.csv,female,0,val
AJ026,Session2,overground,run,fast,Overground_Run,Run_Fast,C:/Users/KUBA/GitProjects/WKIRO-Project/data/AJ026/Session2/Overground_Run/Run_Fast/Post_Process/Run_Fast1.csv,female,0,train
AJ026,Session2,overground,run,fast,Overground_Run,Run_Fast,C:/Users/KUBA/GitProjects/WKIRO-Project/data/AJ026/Session2/Overground_Run/Run_Fast/Post_Process/Run_Fast10.csv,female,0,train
AJ026,Session2,overground,run,fast,Overground_Run,Run_Fast,C:/Users/KUBA/GitProjects/WKIRO-Project/data/AJ026/Session2/Overground_Run/Run_Fast/Post_Process/Run_Fast2.csv,female,0,train
AJ026,Session2,overground,run,fast,Overground_Run,Run_Fast,C:/Users/KUBA/GitProjects/WKIRO-Project/data/AJ026/Session2/Overground_Run/Run_Fast/Post_Process/Run_Fast3.csv,female,0,val
AJ026,Session2,overground,run,fast,Overground_Run,Run_Fast,C:/Users/KUBA/GitProjects/WKIRO-Project/data/AJ026/Session2/Overground_Run/Run_Fast/Post_Process/Run_Fast4.csv,female,0,train
AJ026,Session2,overground,run,fast,Overground_Run,Run_Fast,C:/Users/KUBA/GitProjects/WKIRO-Project/data/AJ026/Session2/Overground_Run/Run_Fast/Post_Process/Run_Fast5.csv,female,0,train
AJ026,Session2,overground,run,fast,Overground_Run,Run_Fast,C:/Users/KUBA/GitProjects/WKIRO-Project/data/AJ026/Session2/Overground_Run/Run_Fast/Post_Process/Run_Fast6.csv,female,0,train
AJ026,Session2,overground,run,fast,Overground_Run,Run_Fast,C:/Users/KUBA/GitProjects/WKIRO-Project/data/AJ026/Session2/Overground_Run/Run_Fast/Post_Process/Run_Fast7.csv,female,0,train
AJ026,Session2,overground,run,fast,Overground_Run,Run_Fast,C:/Users/KUBA/GitProjects/WKIRO-Project/data/AJ026/Session2/Overground_Run/Run_Fast/Post_Process/Run_Fast8.csv,female,0,train
AJ026,Session2,overground,run,fast,Overground_Run,Run_Fast,C:/Users/KUBA/GitProjects/WKIRO-Project/data/AJ026/Session2/Overground_Run/Run_Fast/Post_Process/Run_Fast9.csv,female,0,test
AJ026,Session2,overground,walk,comfortable,Overground_Walk,Walk_Comfortable,C:/Users/KUBA/GitProjects/WKIRO-Project/data/AJ026/Session2/Overground_Walk/Walk_Comfortable/Post_Process/Walk_Comfortable1.csv,female,0,test
AJ026,Session2,overground,walk,comfortable,Overground_Walk,Walk_Comfortable,C:/Users/KUBA/GitProjects/WKIRO-Project/data/AJ026/Session2/Overground_Walk/Walk_Comfortable/Post_Process/Walk_Comfortable2.csv,female,0,test
AJ026,Session2,overground,walk,comfortable,Overground_Walk,Walk_Comfortable,C:/Users/KUBA/GitProjects/WKIRO-Project/data/AJ026/Session2/Overground_Walk/Walk_Comfortable/Post_Process/Walk_Comfortable3.csv,female,0,train
AJ026,Session2,overground,walk,comfortable,Overground_Walk,Walk_Comfortable,C:/Users/KUBA/GitProjects/WKIRO-Project/data/AJ026/Session2/Overground_Walk/Walk_Comfortable/Post_Process/Walk_Comfortable4.csv,female,0,val
AJ026,Session2,overground,walk,comfortable,Overground_Walk,Walk_Comfortable,C:/Users/KUBA/GitProjects/WKIRO-Project/data/AJ026/Session2/Overground_Walk/Walk_Comfortable/Post_Process/Walk_Comfortable5.csv,female,0,train
AJ026,Session2,overground,walk,comfortable,Overground_Walk,Walk_Comfortable,C:/Users/KUBA/GitProjects/WKIRO-Project/data/AJ026/Session2/Overground_Walk/Walk_Comfortable/Post_Process/Walk_Comfortable6.csv,female,0,train
AJ026,Session2,overground,walk,fast,Overground_Walk,Walk_Fast,C:/Users/KUBA/GitProjects/WKIRO-Project/data/AJ026/Session2/Overground_Walk/Walk_Fast/Post_Process/Walk_Fast1.csv,female,0,train
AJ026,Session2,overground,walk,fast,Overground_Walk,Walk_Fast,C:/Users/KUBA/GitProjects/WKIRO-Project/data/AJ026/Session2/Overground_Walk/Walk_Fast/Post_Process/Walk_Fast2.csv,female,0,val
AJ026,Session2,overground,walk,fast,Overground_Walk,Walk_Fast,C:/Users/KUBA/GitProjects/WKIRO-Project/data/AJ026/Session2/Overground_Walk/Walk_Fast/Post_Process/Walk_Fast3.csv,female,0,train
AJ026,Session2,overground,walk,fast,Overground_Walk,Walk_Fast,C:/Users/KUBA/GitProjects/WKIRO-Project/data/AJ026/Session2/Overground_Walk/Walk_Fast/Post_Process/Walk_Fast4.csv,female,0,train
AJ026,Session2,overground,walk,fast,Overground_Walk,Walk_Fast,C:/Users/KUBA/GitProjects/WKIRO-Project/data/AJ026/Session2/Overground_Walk/Walk_Fast/Post_Process/Walk_Fast5.csv,female,0,val
AJ026,Session2,overground,walk,fast,Overground_Walk,Walk_Fast,C:/Users/KUBA/GitProjects/WKIRO-Project/data/AJ026/Session2/Overground_Walk/Walk_Fast/Post_Process/Walk_Fast6.csv,female,0,train
AJ026,Session2,overground,walk,slow,Overground_Walk,Walk_Slow,C:/Users/KUBA/GitProjects/WKIRO-Project/data/AJ026/Session2/Overground_Walk/Walk_Slow/Post_Process/Walk_Slow1.csv,female,0,test
AJ026,Session2,overground,walk,slow,Overground_Walk,Walk_Slow,C:/Users/KUBA/GitProjects/WKIRO-Project/data/AJ026/Session2/Overground_Walk/Walk_Slow/Post_Process/Walk_Slow2.csv,female,0,val
AJ026,Session2,overground,walk,slow,Overground_Walk,Walk_Slow,C:/Users/KUBA/GitProjects/WKIRO-Project/data/AJ026/Session2/Overground_Walk/Walk_Slow/Post_Process/Walk_Slow3.csv,female,0,train
AJ026,Session2,overground,walk,slow,Overground_Walk,Walk_Slow,C:/Users/KUBA/GitProjects/WKIRO-Project/data/AJ026/Session2/Overground_Walk/Walk_Slow/Post_Process/Walk_Slow4.csv,female,0,val
AJ026,Session2,overground,walk,slow,Overground_Walk,Walk_Slow,C:/Users/KUBA/GitProjects/WKIRO-Project/data/AJ026/Session2/Overground_Walk/Walk_Slow/Post_Process/Walk_Slow5.csv,female,0,train
AJ026,Session2,overground,walk,slow,Overground_Walk,Walk_Slow,C:/Users/KUBA/GitProjects/WKIRO-Project/data/AJ026/Session2/Overground_Walk/Walk_Slow/Post_Process/Walk_Slow6.csv,female,0,train
AJ026,Session2,overground,walk,slow,Overground_Walk,Walk_Slow,C:/Users/KUBA/GitProjects/WKIRO-Project/data/AJ026/Session2/Overground_Walk/Walk_Slow/Post_Process/Walk_Slow7.csv,female,0,train
AJ026,Session2,overground,walk,slow,Overground_Walk,Walk_Slow,C:/Users/KUBA/GitProjects/WKIRO-Project/data/AJ026/Session2/Overground_Walk/Walk_Slow/Post_Process/Walk_Slow8.csv,female,0,train
AJ026,Session2,treadmill,run,comfortable,Treadmill_Run,Treadmill_Run_Comfortable,C:/Users/KUBA/GitProjects/WKIRO-Project/data/AJ026/Session2/Treadmill_Run/Treadmill_Run_Comfortable/Post_Process/Treadmill_Run_Comfortable.csv,female,0,train
AJ026,Session2,treadmill,run,fast,Treadmill_Run,Treadmill_Run_Fast,C:/Users/KUBA/GitProjects/WKIRO-Project/data/AJ026/Session2/Treadmill_Run/Treadmill_Run_Fast/Post_Process/Treadmill_Run_Fast.csv,female,0,train
AJ026,Session2,treadmill,walk,comfortable,Treadmill_Walk,Treadmill_Walk_Comfortable,C:/Users/KUBA/GitProjects/WKIRO-Project/data/AJ026/Session2/Treadmill_Walk/Treadmill_Walk_Comfortable/Post_Process/Treadmill_Walk_Comfortable.csv,female,0,train
AJ026,Session2,treadmill,walk,fast,Treadmill_Walk,Treadmill_Walk_Fast,C:/Users/KUBA/GitProjects/WKIRO-Project/data/AJ026/Session2/Treadmill_Walk/Treadmill_Walk_Fast/Post_Process/Treadmill_Walk_Fast.csv,female,0,train
AJ026,Session2,treadmill,walk,slow,Treadmill_Walk,Treadmill_Walk_Slow,C:/Users/KUBA/GitProjects/WKIRO-Project/data/AJ026/Session2/Treadmill_Walk/Treadmill_Walk_Slow/Post_Process/Treadmill_Walk_Slow.csv,female,0,train
BD004,Session1,overground,run,comfortable,Overground_Run,Run_Comfortable,C:/Users/KUBA/GitProjects/WKIRO-Project/data/BD004/Session1/Overground_Run/Run_Comfortable/Post_Process/Run_Comfortable1.csv,female,0,train
BD004,Session1,overground,run,comfortable,Overground_Run,Run_Comfortable,C:/Users/KUBA/GitProjects/WKIRO-Project/data/BD004/Session1/Overground_Run/Run_Comfortable/Post_Process/Run_Comfortable10.csv,female,0,test
BD004,Session1,overground,run,comfortable,Overground_Run,Run_Comfortable,C:/Users/KUBA/GitProjects/WKIRO-Project/data/BD004/Session1/Overground_Run/Run_Comfortable/Post_Process/Run_Comfortable11.csv,female,0,train
BD004,Session1,overground,run,comfortable,Overground_Run,Run_Comfortable,C:/Users/KUBA/GitProjects/WKIRO-Project/data/BD004/Session1/Overground_Run/Run_Comfortable/Post_Process/Run_Comfortable12.csv,female,0,train
BD004,Session1,overground,run,comfortable,Overground_Run,Run_Comfortable,C:/Users/KUBA/GitProjects/WKIRO-Project/data/BD004/Session1/Overground_Run/Run_Comfortable/Post_Process/Run_Comfortable13.csv,female,0,train
BD004,Session1,overground,run,comfortable,Overground_Run,Run_Comfortable,C:/Users/KUBA/GitProjects/WKIRO-Project/data/BD004/Session1/Overground_Run/Run_Comfortable/Post_Process/Run_Comfortable14.csv,female,0,val
BD004,Session1,overground,run,comfortable,Overground_Run,Run_Comfortable,C:/Users/KUBA/GitProjects/WKIRO-Project/data/BD004/Session1/Overground_Run/Run_Comfortable/Post_Process/Run_Comfortable2.csv,female,0,train
BD004,Session1,overground,run,comfortable,Overground_Run,Run_Comfortable,C:/Users/KUBA/GitProjects/WKIRO-Project/data/BD004/Session1/Overground_Run/Run_Comfortable/Post_Process/Run_Comfortable3.csv,female,0,train
BD004,Session1,overground,run,comfortable,Overground_Run,Run_Comfortable,C:/Users/KUBA/GitProjects/WKIRO-Project/data/BD004/Session1/Overground_Run/Run_Comfortable/Post_Process/Run_Comfortable4.csv,female,0,train
BD004,Session1,overground,run,comfortable,Overground_Run,Run_Comfortable,C:/Users/KUBA/GitProjects/WKIRO-Project/data/BD004/Session1/Overground_Run/Run_Comfortable/Post_Process/Run_Comfortable5.csv,female,0,train
BD004,Session1,overground,run,comfortable,Overground_Run,Run_Comfortable,C:/Users/KUBA/GitProjects/WKIRO-Project/data/BD004/Session1/Overground_Run/Run_Comfortable/Post_Process/Run_Comfortable6.csv,female,0,val
BD004,Session1,overground,run,comfortable,Overground_Run,Run_Comfortable,C:/Users/KUBA/GitProjects/WKIRO-Project/data/BD004/Session1/Overground_Run/Run_Comfortable/Post_Process/Run_Comfortable7.csv,female,0,train
BD004,Session1,overground,run,comfortable,Overground_Run,Run_Comfortable,C:/Users/KUBA/GitProjects/WKIRO-Project/data/BD004/Session1/Overground_Run/Run_Comfortable/Post_Process/Run_Comfortable8.csv,female,0,train
BD004,Session1,overground,run,comfortable,Overground_Run,Run_Comfortable,C:/Users/KUBA/GitProjects/WKIRO-Project/data/BD004/Session1/Overground_Run/Run_Comfortable/Post_Process/Run_Comfortable9.csv,female,0,val
BD004,Session1,overground,run,fast,Overground_Run,Run_Fast,C:/Users/KUBA/GitProjects/WKIRO-Project/data/BD004/Session1/Overground_Run/Run_Fast/Post_Process/Run_Fast1.csv,female,0,train
BD004,Session1,overground,run,fast,Overground_Run,Run_Fast,C:/Users/KUBA/GitProjects/WKIRO-Project/data/BD004/Session1/Overground_Run/Run_Fast/Post_Process/Run_Fast10.csv,female,0,train
BD004,Session1,overground,run,fast,Overground_Run,Run_Fast,C:/Users/KUBA/GitProjects/WKIRO-Project/data/BD004/Session1/Overground_Run/Run_Fast/Post_Process/Run_Fast11.csv,female,0,train
BD004,Session1,overground,run,fast,Overground_Run,Run_Fast,C:/Users/KUBA/GitProjects/WKIRO-Project/data/BD004/Session1/Overground_Run/Run_Fast/Post_Process/Run_Fast12.csv,female,0,train
BD004,Session1,overground,run,fast,Overground_Run,Run_Fast,C:/Users/KUBA/GitProjects/WKIRO-Project/data/BD004/Session1/Overground_Run/Run_Fast/Post_Process/Run_Fast13.csv,female,0,test
BD004,Session1,overground,run,fast,Overground_Run,Run_Fast,C:/Users/KUBA/GitProjects/WKIRO-Project/data/BD004/Session1/Overground_Run/Run_Fast/Post_Process/Run_Fast14.csv,female,0,val
BD004,Session1,overground,run,fast,Overground_Run,Run_Fast,C:/Users/KUBA/GitProjects/WKIRO-Project/data/BD004/Session1/Overground_Run/Run_Fast/Post_Process/Run_Fast2.csv,female,0,train
BD004,Session1,overground,run,fast,Overground_Run,Run_Fast,C:/Users/KUBA/GitProjects/WKIRO-Project/data/BD004/Session1/Overground_Run/Run_Fast/Post_Process/Run_Fast3.csv,female,0,train
BD004,Session1,overground,run,fast,Overground_Run,Run_Fast,C:/Users/KUBA/GitProjects/WKIRO-Project/data/BD004/Session1/Overground_Run/Run_Fast/Post_Process/Run_Fast4.csv,female,0,test
BD004,Session1,overground,run,fast,Overground_Run,Run_Fast,C:/Users/KUBA/GitProjects/WKIRO-Project/data/BD004/Session1/Overground_Run/Run_Fast/Post_Process/Run_Fast5.csv,female,0,train
BD004,Session1,overground,run,fast,Overground_Run,Run_Fast,C:/Users/KUBA/GitProjects/WKIRO-Project/data/BD004/Session1/Overground_Run/Run_Fast/Post_Process/Run_Fast6.csv,female,0,train
BD004,Session1,overground,run,fast,Overground_Run,Run_Fast,C:/Users/KUBA/GitProjects/WKIRO-Project/data/BD004/Session1/Overground_Run/Run_Fast/Post_Process/Run_Fast7.csv,female,0,train
BD004,Session1,overground,run,fast,Overground_Run,Run_Fast,C:/Users/KUBA/GitProjects/WKIRO-Project/data/BD004/Session1/Overground_Run/Run_Fast/Post_Process/Run_Fast8.csv,female,0,train
BD004,Session1,overground,run,fast,Overground_Run,Run_Fast,C:/Users/KUBA/GitProjects/WKIRO-Project/data/BD004/Session1/Overground_Run/Run_Fast/Post_Process/Run_Fast9.csv,female,0,train
BD004,Session1,overground,walk,comfortable,Overground_Walk,Walk_Comfortable,C:/Users/KUBA/GitProjects/WKIRO-Project/data/BD004/Session1/Overground_Walk/Walk_Comfortable/Post_Process/Walk_Comfortable1.csv,female,0,train
BD004,Session1,overground,walk,comfortable,Overground_Walk,Walk_Comfortable,C:/Users/KUBA/GitProjects/WKIRO-Project/data/BD004/Session1/Overground_Walk/Walk_Comfortable/Post_Process/Walk_Comfortable2.csv,female,0,train
BD004,Session1,overground,walk,comfortable,Overground_Walk,Walk_Comfortable,C:/Users/KUBA/GitProjects/WKIRO-Project/data/BD004/Session1/Overground_Walk/Walk_Comfortable/Post_Process/Walk_Comfortable3.csv,female,0,train
BD004,Session1,overground,walk,comfortable,Overground_Walk,Walk_Comfortable,C:/Users/KUBA/GitProjects/WKIRO-Project/data/BD004/Session1/Overground_Walk/Walk_Comfortable/Post_Process/Walk_Comfortable4.csv,female,0,train
BD004,Session1,overground,walk,comfortable,Overground_Walk,Walk_Comfortable,C:/Users/KUBA/GitProjects/WKIRO-Project/data/BD004/Session1/Overground_Walk/Walk_Comfortable/Post_Process/Walk_Comfortable5.csv,female,0,train
BD004,Session1,overground,walk,comfortable,Overground_Walk,Walk_Comfortable,C:/Users/KUBA/GitProjects/WKIRO-Project/data/BD004/Session1/Overground_Walk/Walk_Comfortable/Post_Process/Walk_Comfortable6.csv,female,0,train
BD004,Session1,overground,walk,fast,Overground_Walk,Walk_Fast,C:/Users/KUBA/GitProjects/WKIRO-Project/data/BD004/Session1/Overground_Walk/Walk_Fast/Post_Process/Walk_Fast1.csv,female,0,train
BD004,Session1,overground,walk,fast,Overground_Walk,Walk_Fast,C:/Users/KUBA/GitProjects/WKIRO-Project/data/BD004/Session1/Overground_Walk/Walk_Fast/Post_Process/Walk_Fast2.csv,female,0,train
BD004,Session1,overground,walk,fast,Overground_Walk,Walk_Fast,C:/Users/KUBA/GitProjects/WKIRO-Project/data/BD004/Session1/Overground_Walk/Walk_Fast/Post_Process/Walk_Fast3.csv,female,0,train
BD004,Session1,overground,walk,fast,Overground_Walk,Walk_Fast,C:/Users/KUBA/GitProjects/WKIRO-Project/data/BD004/Session1/Overground_Walk/Walk_Fast/Post_Process/Walk_Fast4.csv,female,0,train
BD004,Session1,overground,walk,fast,Overground_Walk,Walk_Fast,C:/Users/KUBA/GitProjects/WKIRO-Project/data/BD004/Session1/Overground_Walk/Walk_Fast/Post_Process/Walk_Fast5.csv,female,0,train
BD004,Session1,overground,walk,fast,Overground_Walk,Walk_Fast,C:/Users/KUBA/GitProjects/WKIRO-Project/data/BD004/Session1/Overground_Walk/Walk_Fast/Post_Process/Walk_Fast6.csv,female,0,val
BD004,Session1,overground,walk,fast,Overground_Walk,Walk_Fast,C:/Users/KUBA/GitProjects/WKIRO-Project/data/BD004/Session1/Overground_Walk/Walk_Fast/Post_Process/Walk_Fast7.csv,female,0,train
BD004,Session1,overground,walk,fast,Overground_Walk,Walk_Fast,C:/Users/KUBA/GitProjects/WKIRO-Project/data/BD004/Session1/Overground_Walk/Walk_Fast/Post_Process/Walk_Fast8.csv,female,0,train
BD004,Session1,overground,walk,slow,Overground_Walk,Walk_Slow,C:/Users/KUBA/GitProjects/WKIRO-Project/data/BD004/Session1/Overground_Walk/Walk_Slow/Post_Process/Walk_Slow1.csv,female,0,test
BD004,Session1,overground,walk,slow,Overground_Walk,Walk_Slow,C:/Users/KUBA/GitProjects/WKIRO-Project/data/BD004/Session1/Overground_Walk/Walk_Slow/Post_Process/Walk_Slow2.csv,female,0,train
BD004,Session1,overground,walk,slow,Overground_Walk,Walk_Slow,C:/Users/KUBA/GitProjects/WKIRO-Project/data/BD004/Session1/Overground_Walk/Walk_Slow/Post_Process/Walk_Slow3.csv,female,0,test
BD004,Session1,overground,walk,slow,Overground_Walk,Walk_Slow,C:/Users/KUBA/GitProjects/WKIRO-Project/data/BD004/Session1/Overground_Walk/Walk_Slow/Post_Process/Walk_Slow4.csv,female,0,test
BD004,Session1,overground,walk,slow,Overground_Walk,Walk_Slow,C:/Users/KUBA/GitProjects/WKIRO-Project/data/BD004/Session1/Overground_Walk/Walk_Slow/Post_Process/Walk_Slow5.csv,female,0,train
BD004,Session1,overground,walk,slow,Overground_Walk,Walk_Slow,C:/Users/KUBA/GitProjects/WKIRO-Project/data/BD004/Session1/Overground_Walk/Walk_Slow/Post_Process/Walk_Slow6.csv,female,0,train
BD004,Session1,overground,walk,slow,Overground_Walk,Walk_Slow,C:/Users/KUBA/GitProjects/WKIRO-Project/data/BD004/Session1/Overground_Walk/Walk_Slow/Post_Process/Walk_Slow7.csv,female,0,val
BD004,Session1,overground,walk,slow,Overground_Walk,Walk_Slow,C:/Users/KUBA/GitProjects/WKIRO-Project/data/BD004/Session1/Overground_Walk/Walk_Slow/Post_Process/Walk_Slow8.csv,female,0,test
BD004,Session1,treadmill,run,comfortable,Treadmill_Run,Treadmill_Run_Comfortable,C:/Users/KUBA/GitProjects/WKIRO-Project/data/BD004/Session1/Treadmill_Run/Treadmill_Run_Comfortable/Post_Process/Treadmill_Run_Comfortable.csv,female,0,train
BD004,Session1,treadmill,run,fast,Treadmill_Run,Treadmill_Run_Fast,C:/Users/KUBA/GitProjects/WKIRO-Project/data/BD004/Session1/Treadmill_Run/Treadmill_Run_Fast/Post_Process/Treadmill_Run_Fast.csv,female,0,train
BD004,Session1,treadmill,walk,comfortable,Treadmill_Walk,Treadmill_Walk_Comfortable,C:/Users/KUBA/GitProjects/WKIRO-Project/data/BD004/Session1/Treadmill_Walk/Treadmill_Walk_Comfortable/Post_Process/Treadmill_Walk_Comfortable.csv,female,0,train
BD004,Session1,treadmill,walk,fast,Treadmill_Walk,Treadmill_Walk_Fast,C:/Users/KUBA/GitProjects/WKIRO-Project/data/BD004/Session1/Treadmill_Walk/Treadmill_Walk_Fast/Post_Process/Treadmill_Walk_Fast.csv,female,0,train
BD004,Session1,treadmill,walk,slow,Treadmill_Walk,Treadmill_Walk_Slow,C:/Users/KUBA/GitProjects/WKIRO-Project/data/BD004/Session1/Treadmill_Walk/Treadmill_Walk_Slow/Post_Process/Treadmill_Walk_Slow.csv,female,0,train
BD004,Session2,overground,run,comfortable,Overground_Run,Run_Comfortable,C:/Users/KUBA/GitProjects/WKIRO-Project/data/BD004/Session2/Overground_Run/Run_Comfortable/Post_Process/Run_Comfortable1.csv,female,0,train
BD004,Session2,overground,run,comfortable,Overground_Run,Run_Comfortable,C:/Users/KUBA/GitProjects/WKIRO-Project/data/BD004/Session2/Overground_Run/Run_Comfortable/Post_Process/Run_Comfortable10.csv,female,0,train
BD004,Session2,overground,run,comfortable,Overground_Run,Run_Comfortable,C:/Users/KUBA/GitProjects/WKIRO-Project/data/BD004/Session2/Overground_Run/Run_Comfortable/Post_Process/Run_Comfortable11.csv,female,0,train
BD004,Session2,overground,run,comfortable,Overground_Run,Run_Comfortable,C:/Users/KUBA/GitProjects/WKIRO-Project/data/BD004/Session2/Overground_Run/Run_Comfortable/Post_Process/Run_Comfortable12.csv,female,0,test
BD004,Session2,overground,run,comfortable,Overground_Run,Run_Comfortable,C:/Users/KUBA/GitProjects/WKIRO-Project/data/BD004/Session2/Overground_Run/Run_Comfortable/Post_Process/Run_Comfortable2.csv,female,0,val
BD004,Session2,overground,run,comfortable,Overground_Run,Run_Comfortable,C:/Users/KUBA/GitProjects/WKIRO-Project/data/BD004/Session2/Overground_Run/Run_Comfortable/Post_Process/Run_Comfortable3.csv,female,0,val
BD004,Session2,overground,run,comfortable,Overground_Run,Run_Comfortable,C:/Users/KUBA/GitProjects/WKIRO-Project/data/BD004/Session2/Overground_Run/Run_Comfortable/Post_Process/Run_Comfortable4.csv,female,0,val
BD004,Session2,overground,run,comfortable,Overground_Run,Run_Comfortable,C:/Users/KUBA/GitProjects/WKIRO-Project/data/BD004/Session2/Overground_Run/Run_Comfortable/Post_Process/Run_Comfortable5.csv,female,0,val
BD004,Session2,overground,run,comfortable,Overground_Run,Run_Comfortable,C:/Users/KUBA/GitProjects/WKIRO-Project/data/BD004/Session2/Overground_Run/Run_Comfortable/Post_Process/Run_Comfortable6.csv,female,0,test
BD004,Session2,overground,run,comfortable,Overground_Run,Run_Comfortable,C:/Users/KUBA/GitProjects/WKIRO-Project/data/BD004/Session2/Overground_Run/Run_Comfortable/Post_Process/Run_Comfortable7.csv,female,0,train
BD004,Session2,overground,run,comfortable,Overground_Run,Run_Comfortable,C:/Users/KUBA/GitProjects/WKIRO-Project/data/BD004/Session2/Overground_Run/Run_Comfortable/Post_Process/Run_Comfortable8.csv,female,0,val
BD004,Session2,overground,run,comfortable,Overground_Run,Run_Comfortable,C:/Users/KUBA/GitProjects/WKIRO-Project/data/BD004/Session2/Overground_Run/Run_Comfortable/Post_Process/Run_Comfortable9.csv,female,0,train
BD004,Session2,overground,run,fast,Overground_Run,Run_Fast,C:/Users/KUBA/GitProjects/WKIRO-Project/data/BD004/Session2/Overground_Run/Run_Fast/Post_Process/Run_Fast1.csv,female,0,train
BD004,Session2,overground,run,fast,Overground_Run,Run_Fast,C:/Users/KUBA/GitProjects/WKIRO-Project/data/BD004/Session2/Overground_Run/Run_Fast/Post_Process/Run_Fast10.csv,female,0,train
BD004,Session2,overground,run,fast,Overground_Run,Run_Fast,C:/Users/KUBA/GitProjects/WKIRO-Project/data/BD004/Session2/Overground_Run/Run_Fast/Post_Process/Run_Fast11.csv,female,0,train
BD004,Session2,overground,run,fast,Overground_Run,Run_Fast,C:/Users/KUBA/GitProjects/WKIRO-Project/data/BD004/Session2/Overground_Run/Run_Fast/Post_Process/Run_Fast12.csv,female,0,train
BD004,Session2,overground,run,fast,Overground_Run,Run_Fast,C:/Users/KUBA/GitProjects/WKIRO-Project/data/BD004/Session2/Overground_Run/Run_Fast/Post_Process/Run_Fast13.csv,female,0,test
BD004,Session2,overground,run,fast,Overground_Run,Run_Fast,C:/Users/KUBA/GitProjects/WKIRO-Project/data/BD004/Session2/Overground_Run/Run_Fast/Post_Process/Run_Fast14.csv,female,0,train
BD004,Session2,overground,run,fast,Overground_Run,Run_Fast,C:/Users/KUBA/GitProjects/WKIRO-Project/data/BD004/Session2/Overground_Run/Run_Fast/Post_Process/Run_Fast15.csv,female,0,test
BD004,Session2,overground,run,fast,Overground_Run,Run_Fast,C:/Users/KUBA/GitProjects/WKIRO-Project/data/BD004/Session2/Overground_Run/Run_Fast/Post_Process/Run_Fast16.csv,female,0,train
BD004,Session2,overground,run,fast,Overground_Run,Run_Fast,C:/Users/KUBA/GitProjects/WKIRO-Project/data/BD004/Session2/Overground_Run/Run_Fast/Post_Process/Run_Fast2.csv,female,0,train
BD004,Session2,overground,run,fast,Overground_Run,Run_Fast,C:/Users/KUBA/GitProjects/WKIRO-Project/data/BD004/Session2/Overground_Run/Run_Fast/Post_Process/Run_Fast3.csv,female,0,test
BD004,Session2,overground,run,fast,Overground_Run,Run_Fast,C:/Users/KUBA/GitProjects/WKIRO-Project/data/BD004/Session2/Overground_Run/Run_Fast/Post_Process/Run_Fast4.csv,female,0,train
BD004,Session2,overground,run,fast,Overground_Run,Run_Fast,C:/Users/KUBA/GitProjects/WKIRO-Project/data/BD004/Session2/Overground_Run/Run_Fast/Post_Process/Run_Fast5.csv,female,0,test
BD004,Session2,overground,run,fast,Overground_Run,Run_Fast,C:/Users/KUBA/GitProjects/WKIRO-Project/data/BD004/Session2/Overground_Run/Run_Fast/Post_Process/Run_Fast6.csv,female,0,val
BD004,Session2,overground,run,fast,Overground_Run,Run_Fast,C:/Users/KUBA/GitProjects/WKIRO-Project/data/BD004/Session2/Overground_Run/Run_Fast/Post_Process/Run_Fast7.csv,female,0,train
BD004,Session2,overground,run,fast,Overground_Run,Run_Fast,C:/Users/KUBA/GitProjects/WKIRO-Project/data/BD004/Session2/Overground_Run/Run_Fast/Post_Process/Run_Fast8.csv,female,0,train
BD004,Session2,overground,run,fast,Overground_Run,Run_Fast,C:/Users/KUBA/GitProjects/WKIRO-Project/data/BD004/Session2/Overground_Run/Run_Fast/Post_Process/Run_Fast9.csv,female,0,train
BD004,Session2,overground,walk,comfortable,Overground_Walk,Walk_Comfortable,C:/Users/KUBA/GitProjects/WKIRO-Project/data/BD004/Session2/Overground_Walk/Walk_Comfortable/Post_Process/Walk_Comfortable1.csv,female,0,test
BD004,Session2,overground,walk,comfortable,Overground_Walk,Walk_Comfortable,C:/Users/KUBA/GitProjects/WKIRO-Project/data/BD004/Session2/Overground_Walk/Walk_Comfortable/Post_Process/Walk_Comfortable2.csv,female,0,val
BD004,Session2,overground,walk,comfortable,Overground_Walk,Walk_Comfortable,C:/Users/KUBA/GitProjects/WKIRO-Project/data/BD004/Session2/Overground_Walk/Walk_Comfortable/Post_Process/Walk_Comfortable3.csv,female,0,val
BD004,Session2,overground,walk,comfortable,Overground_Walk,Walk_Comfortable,C:/Users/KUBA/GitProjects/WKIRO-Project/data/BD004/Session2/Overground_Walk/Walk_Comfortable/Post_Process/Walk_Comfortable4.csv,female,0,train
BD004,Session2,overground,walk,comfortable,Overground_Walk,Walk_Comfortable,C:/Users/KUBA/GitProjects/WKIRO-Project/data/BD004/Session2/Overground_Walk/Walk_Comfortable/Post_Process/Walk_Comfortable5.csv,female,0,train
BD004,Session2,overground,walk,comfortable,Overground_Walk,Walk_Comfortable,C:/Users/KUBA/GitProjects/WKIRO-Project/data/BD004/Session2/Overground_Walk/Walk_Comfortable/Post_Process/Walk_Comfortable6.csv,female,0,train
BD004,Session2,overground,walk,fast,Overground_Walk,Walk_Fast,C:/Users/KUBA/GitProjects/WKIRO-Project/data/BD004/Session2/Overground_Walk/Walk_Fast/Post_Process/Walk_Fast1.csv,female,0,train
BD004,Session2,overground,walk,fast,Overground_Walk,Walk_Fast,C:/Users/KUBA/GitProjects/WKIRO-Project/data/BD004/Session2/Overground_Walk/Walk_Fast/Post_Process/Walk_Fast2.csv,female,0,test
BD004,Session2,overground,walk,fast,Overground_Walk,Walk_Fast,C:/Users/KUBA/GitProjects/WKIRO-Project/data/BD004/Session2/Overground_Walk/Walk_Fast/Post_Process/Walk_Fast3.csv,female,0,train
BD004,Session2,overground,walk,fast,Overground_Walk,Walk_Fast,C:/Users/KUBA/GitProjects/WKIRO-Project/data/BD004/Session2/Overground_Walk/Walk_Fast/Post_Process/Walk_Fast4.csv,female,0,train
BD004,Session2,overground,walk,fast,Overground_Walk,Walk_Fast,C:/Users/KUBA/GitProjects/WKIRO-Project/data/BD004/Session2/Overground_Walk/Walk_Fast/Post_Process/Walk_Fast5.csv,female,0,train
BD004,Session2,overground,walk,fast,Overground_Walk,Walk_Fast,C:/Users/KUBA/GitProjects/WKIRO-Project/data/BD004/Session2/Overground_Walk/Walk_Fast/Post_Process/Walk_Fast6.csv,female,0,train
BD004,Session2,overground,walk,fast,Overground_Walk,Walk_Fast,C:/Users/KUBA/GitProjects/WKIRO-Project/data/BD004/Session2/Overground_Walk/Walk_Fast/Post_Process/Walk_Fast7.csv,female,0,train
BD004,Session2,overground,walk,fast,Overground_Walk,Walk_Fast,C:/Users/KUBA/GitProjects/WKIRO-Project/data/BD004/Session2/Overground_Walk/Walk_Fast/Post_Process/Walk_Fast8.csv,female,0,train
BD004,Session2,overground,walk,slow,Overground_Walk,Walk_Slow,C:/Users/KUBA/GitProjects/WKIRO-Project/data/BD004/Session2/Overground_Walk/Walk_Slow/Post_Process/Walk_Slow1.csv,female,0,val
BD004,Session2,overground,walk,slow,Overground_Walk,Walk_Slow,C:/Users/KUBA/GitProjects/WKIRO-Project/data/BD004/Session2/Overground_Walk/Walk_Slow/Post_Process/Walk_Slow2.csv,female,0,train
BD004,Session2,overground,walk,slow,Overground_Walk,Walk_Slow,C:/Users/KUBA/GitProjects/WKIRO-Project/data/BD004/Session2/Overground_Walk/Walk_Slow/Post_Process/Walk_Slow3.csv,female,0,train
BD004,Session2,overground,walk,slow,Overground_Walk,Walk_Slow,C:/Users/KUBA/GitProjects/WKIRO-Project/data/BD004/Session2/Overground_Walk/Walk_Slow/Post_Process/Walk_Slow4.csv,female,0,train
BD004,Session2,treadmill,run,comfortable,Treadmill_Run,Treadmill_Run_Comfortable,C:/Users/KUBA/GitProjects/WKIRO-Project/data/BD004/Session2/Treadmill_Run/Treadmill_Run_Comfortable/Post_Process/Treadmill_Run_Comfortable.csv,female,0,val
BD004,Session2,treadmill,run,fast,Treadmill_Run,Treadmill_Run_Fast,C:/Users/KUBA/GitProjects/WKIRO-Project/data/BD004/Session2/Treadmill_Run/Treadmill_Run_Fast/Post_Process/Treadmill_Run_Fast.csv,female,0,train
BD004,Session2,treadmill,walk,comfortable,Treadmill_Walk,Treadmill_Walk_Comfortable,C:/Users/KUBA/GitProjects/WKIRO-Project/data/BD004/Session2/Treadmill_Walk/Treadmill_Walk_Comfortable/Post_Process/Treadmill_Walk_Comfortable.csv,female,0,train
BD004,Session2,treadmill,walk,fast,Treadmill_Walk,Treadmill_Walk_Fast,C:/Users/KUBA/GitProjects/WKIRO-Project/data/BD004/Session2/Treadmill_Walk/Treadmill_Walk_Fast/Post_Process/Treadmill_Walk_Fast.csv,female,0,train
BD004,Session2,treadmill,walk,slow,Treadmill_Walk,Treadmill_Walk_Slow,C:/Users/KUBA/GitProjects/WKIRO-Project/data/BD004/Session2/Treadmill_Walk/Treadmill_Walk_Slow/Post_Process/Treadmill_Walk_Slow.csv,female,0,test
BL025,Session1,overground,run,comfortable,Overground_Run,Run_Comfortable,C:/Users/KUBA/GitProjects/WKIRO-Project/data/BL025/Session1/Overground_Run/Run_Comfortable/Post_Process/Run_Comfortable1.csv,male,1,train
BL025,Session1,overground,run,comfortable,Overground_Run,Run_Comfortable,C:/Users/KUBA/GitProjects/WKIRO-Project/data/BL025/Session1/Overground_Run/Run_Comfortable/Post_Process/Run_Comfortable2.csv,male,1,test
BL025,Session1,overground,run,comfortable,Overground_Run,Run_Comfortable,C:/Users/KUBA/GitProjects/WKIRO-Project/data/BL025/Session1/Overground_Run/Run_Comfortable/Post_Process/Run_Comfortable3.csv,male,1,train
BL025,Session1,overground,run,comfortable,Overground_Run,Run_Comfortable,C:/Users/KUBA/GitProjects/WKIRO-Project/data/BL025/Session1/Overground_Run/Run_Comfortable/Post_Process/Run_Comfortable4.csv,male,1,train
BL025,Session1,overground,run,comfortable,Overground_Run,Run_Comfortable,C:/Users/KUBA/GitProjects/WKIRO-Project/data/BL025/Session1/Overground_Run/Run_Comfortable/Post_Process/Run_Comfortable5.csv,male,1,train
BL025,Session1,overground,run,comfortable,Overground_Run,Run_Comfortable,C:/Users/KUBA/GitProjects/WKIRO-Project/data/BL025/Session1/Overground_Run/Run_Comfortable/Post_Process/Run_Comfortable6.csv,male,1,train
BL025,Session1,overground,run,comfortable,Overground_Run,Run_Comfortable,C:/Users/KUBA/GitProjects/WKIRO-Project/data/BL025/Session1/Overground_Run/Run_Comfortable/Post_Process/Run_Comfortable7.csv,male,1,train
BL025,Session1,overground,run,comfortable,Overground_Run,Run_Comfortable,C:/Users/KUBA/GitProjects/WKIRO-Project/data/BL025/Session1/Overground_Run/Run_Comfortable/Post_Process/Run_Comfortable8.csv,male,1,test
BL025,Session1,overground,run,fast,Overground_Run,Run_Fast,C:/Users/KUBA/GitProjects/WKIRO-Project/data/BL025/Session1/Overground_Run/Run_Fast/Post_Process/Run_Fast1.csv,male,1,test
BL025,Session1,overground,run,fast,Overground_Run,Run_Fast,C:/Users/KUBA/GitProjects/WKIRO-Project/data/BL025/Session1/Overground_Run/Run_Fast/Post_Process/Run_Fast10.csv,male,1,val
BL025,Session1,overground,run,fast,Overground_Run,Run_Fast,C:/Users/KUBA/GitProjects/WKIRO-Project/data/BL025/Session1/Overground_Run/Run_Fast/Post_Process/Run_Fast2.csv,male,1,train
BL025,Session1,overground,run,fast,Overground_Run,Run_Fast,C:/Users/KUBA/GitProjects/WKIRO-Project/data/BL025/Session1/Overground_Run/Run_Fast/Post_Process/Run_Fast3.csv,male,1,train
BL025,Session1,overground,run,fast,Overground_Run,Run_Fast,C:/Users/KUBA/GitProjects/WKIRO-Project/data/BL025/Session1/Overground_Run/Run_Fast/Post_Process/Run_Fast4.csv,male,1,train
BL025,Session1,overground,run,fast,Overground_Run,Run_Fast,C:/Users/KUBA/GitProjects/WKIRO-Project/data/BL025/Session1/Overground_Run/Run_Fast/Post_Process/Run_Fast5.csv,male,1,val
BL025,Session1,overground,run,fast,Overground_Run,Run_Fast,C:/Users/KUBA/GitProjects/WKIRO-Project/data/BL025/Session1/Overground_Run/Run_Fast/Post_Process/Run_Fast6.csv,male,1,train
BL025,Session1,overground,run,fast,Overground_Run,Run_Fast,C:/Users/KUBA/GitProjects/WKIRO-Project/data/BL025/Session1/Overground_Run/Run_Fast/Post_Process/Run_Fast7.csv,male,1,train
BL025,Session1,overground,run,fast,Overground_Run,Run_Fast,C:/Users/KUBA/GitProjects/WKIRO-Project/data/BL025/Session1/Overground_Run/Run_Fast/Post_Process/Run_Fast8.csv,male,1,train
BL025,Session1,overground,run,fast,Overground_Run,Run_Fast,C:/Users/KUBA/GitProjects/WKIRO-Project/data/BL025/Session1/Overground_Run/Run_Fast/Post_Process/Run_Fast9.csv,male,1,val
BL025,Session1,overground,walk,comfortable,Overground_Walk,Walk_Comfortable,C:/Users/KUBA/GitProjects/WKIRO-Project/data/BL025/Session1/Overground_Walk/Walk_Comfortable/Post_Process/Walk_Comfortable1.csv,male,1,train
BL025,Session1,overground,walk,comfortable,Overground_Walk,Walk_Comfortable,C:/Users/KUBA/GitProjects/WKIRO-Project/data/BL025/Session1/Overground_Walk/Walk_Comfortable/Post_Process/Walk_Comfortable2.csv,male,1,train
BL025,Session1,overground,walk,comfortable,Overground_Walk,Walk_Comfortable,C:/Users/KUBA/GitProjects/WKIRO-Project/data/BL025/Session1/Overground_Walk/Walk_Comfortable/Post_Process/Walk_Comfortable3.csv,male,1,train
BL025,Session1,overground,walk,comfortable,Overground_Walk,Walk_Comfortable,C:/Users/KUBA/GitProjects/WKIRO-Project/data/BL025/Session1/Overground_Walk/Walk_Comfortable/Post_Process/Walk_Comfortable4.csv,male,1,val
BL025,Session1,overground,walk,comfortable,Overground_Walk,Walk_Comfortable,C:/Users/KUBA/GitProjects/WKIRO-Project/data/BL025/Session1/Overground_Walk/Walk_Comfortable/Post_Process/Walk_Comfortable5.csv,male,1,train
BL025,Session1,overground,walk,comfortable,Overground_Walk,Walk_Comfortable,C:/Users/KUBA/GitProjects/WKIRO-Project/data/BL025/Session1/Overground_Walk/Walk_Comfortable/Post_Process/Walk_Comfortable6.csv,male,1,test
BL025,Session1,overground,walk,fast,Overground_Walk,Walk_Fast,C:/Users/KUBA/GitProjects/WKIRO-Project/data/BL025/Session1/Overground_Walk/Walk_Fast/Post_Process/Walk_Fast1.csv,male,1,train
BL025,Session1,overground,walk,fast,Overground_Walk,Walk_Fast,C:/Users/KUBA/GitProjects/WKIRO-Project/data/BL025/Session1/Overground_Walk/Walk_Fast/Post_Process/Walk_Fast2.csv,male,1,train
BL025,Session1,overground,walk,fast,Overground_Walk,Walk_Fast,C:/Users/KUBA/GitProjects/WKIRO-Project/data/BL025/Session1/Overground_Walk/Walk_Fast/Post_Process/Walk_Fast3.csv,male,1,train
BL025,Session1,overground,walk,fast,Overground_Walk,Walk_Fast,C:/Users/KUBA/GitProjects/WKIRO-Project/data/BL025/Session1/Overground_Walk/Walk_Fast/Post_Process/Walk_Fast4.csv,male,1,test
BL025,Session1,overground,walk,fast,Overground_Walk,Walk_Fast,C:/Users/KUBA/GitProjects/WKIRO-Project/data/BL025/Session1/Overground_Walk/Walk_Fast/Post_Process/Walk_Fast5.csv,male,1,train
BL025,Session1,overground,walk,fast,Overground_Walk,Walk_Fast,C:/Users/KUBA/GitProjects/WKIRO-Project/data/BL025/Session1/Overground_Walk/Walk_Fast/Post_Process/Walk_Fast6.csv,male,1,train
BL025,Session1,overground,walk,fast,Overground_Walk,Walk_Fast,C:/Users/KUBA/GitProjects/WKIRO-Project/data/BL025/Session1/Overground_Walk/Walk_Fast/Post_Process/Walk_Fast7.csv,male,1,test
BL025,Session1,overground,walk,fast,Overground_Walk,Walk_Fast,C:/Users/KUBA/GitProjects/WKIRO-Project/data/BL025/Session1/Overground_Walk/Walk_Fast/Post_Process/Walk_Fast8.csv,male,1,test
BL025,Session1,overground,walk,slow,Overground_Walk,Walk_Slow,C:/Users/KUBA/GitProjects/WKIRO-Project/data/BL025/Session1/Overground_Walk/Walk_Slow/Post_Process/Walk_Slow1.csv,male,1,test
BL025,Session1,overground,walk,slow,Overground_Walk,Walk_Slow,C:/Users/KUBA/GitProjects/WKIRO-Project/data/BL025/Session1/Overground_Walk/Walk_Slow/Post_Process/Walk_Slow2.csv,male,1,train
BL025,Session1,overground,walk,slow,Overground_Walk,Walk_Slow,C:/Users/KUBA/GitProjects/WKIRO-Project/data/BL025/Session1/Overground_Walk/Walk_Slow/Post_Process/Walk_Slow3.csv,male,1,train
BL025,Session1,overground,walk,slow,Overground_Walk,Walk_Slow,C:/Users/KUBA/GitProjects/WKIRO-Project/data/BL025/Session1/Overground_Walk/Walk_Slow/Post_Process/Walk_Slow4.csv,male,1,train
BL025,Session1,overground,walk,slow,Overground_Walk,Walk_Slow,C:/Users/KUBA/GitProjects/WKIRO-Project/data/BL025/Session1/Overground_Walk/Walk_Slow/Post_Process/Walk_Slow5.csv,male,1,train
BL025,Session1,overground,walk,slow,Overground_Walk,Walk_Slow,C:/Users/KUBA/GitProjects/WKIRO-Project/data/BL025/Session1/Overground_Walk/Walk_Slow/Post_Process/Walk_Slow6.csv,male,1,val
BL025,Session1,overground,walk,slow,Overground_Walk,Walk_Slow,C:/Users/KUBA/GitProjects/WKIRO-Project/data/BL025/Session1/Overground_Walk/Walk_Slow/Post_Process/Walk_Slow7.csv,male,1,train
BL025,Session1,overground,walk,slow,Overground_Walk,Walk_Slow,C:/Users/KUBA/GitProjects/WKIRO-Project/data/BL025/Session1/Overground_Walk/Walk_Slow/Post_Process/Walk_Slow8.csv,male,1,train
BL025,Session1,treadmill,run,comfortable,Treadmill_Run,Treadmill_Run_Comfortable,C:/Users/KUBA/GitProjects/WKIRO-Project/data/BL025/Session1/Treadmill_Run/Treadmill_Run_Comfortable/Post_Process/Treadmill_Run_Comfortable.csv,male,1,train
BL025,Session1,treadmill,run,fast,Treadmill_Run,Treadmill_Run_Fast,C:/Users/KUBA/GitProjects/WKIRO-Project/data/BL025/Session1/Treadmill_Run/Treadmill_Run_Fast/Post_Process/Treadmill_Run_Fast.csv,male,1,val
BL025,Session1,treadmill,walk,comfortable,Treadmill_Walk,Treadmill_Walk_Comfortable,C:/Users/KUBA/GitProjects/WKIRO-Project/data/BL025/Session1/Treadmill_Walk/Treadmill_Walk_Comfortable/Post_Process/Treadmill_Walk_Comfortable.csv,male,1,train
BL025,Session1,treadmill,walk,fast,Treadmill_Walk,Treadmill_Walk_Fast,C:/Users/KUBA/GitProjects/WKIRO-Project/data/BL025/Session1/Treadmill_Walk/Treadmill_Walk_Fast/Post_Process/Treadmill_Walk_Fast.csv,male,1,test
BL025,Session1,treadmill,walk,slow,Treadmill_Walk,Treadmill_Walk_Slow,C:/Users/KUBA/GitProjects/WKIRO-Project/data/BL025/Session1/Treadmill_Walk/Treadmill_Walk_Slow/Post_Process/Treadmill_Walk_Slow.csv,male,1,val
BL025,Session2,overground,run,comfortable,Overground_Run,Run_Comfortable,C:/Users/KUBA/GitProjects/WKIRO-Project/data/BL025/Session2/Overground_Run/Run_Comfortable/Post_Process/Run_Comfortable1.csv,male,1,train
BL025,Session2,overground,run,comfortable,Overground_Run,Run_Comfortable,C:/Users/KUBA/GitProjects/WKIRO-Project/data/BL025/Session2/Overground_Run/Run_Comfortable/Post_Process/Run_Comfortable10.csv,male,1,train
BL025,Session2,overground,run,comfortable,Overground_Run,Run_Comfortable,C:/Users/KUBA/GitProjects/WKIRO-Project/data/BL025/Session2/Overground_Run/Run_Comfortable/Post_Process/Run_Comfortable2.csv,male,1,test
BL025,Session2,overground,run,comfortable,Overground_Run,Run_Comfortable,C:/Users/KUBA/GitProjects/WKIRO-Project/data/BL025/Session2/Overground_Run/Run_Comfortable/Post_Process/Run_Comfortable3.csv,male,1,train
BL025,Session2,overground,run,comfortable,Overground_Run,Run_Comfortable,C:/Users/KUBA/GitProjects/WKIRO-Project/data/BL025/Session2/Overground_Run/Run_Comfortable/Post_Process/Run_Comfortable4.csv,male,1,train
BL025,Session2,overground,run,comfortable,Overground_Run,Run_Comfortable,C:/Users/KUBA/GitProjects/WKIRO-Project/data/BL025/Session2/Overground_Run/Run_Comfortable/Post_Process/Run_Comfortable5.csv,male,1,train
BL025,Session2,overground,run,comfortable,Overground_Run,Run_Comfortable,C:/Users/KUBA/GitProjects/WKIRO-Project/data/BL025/Session2/Overground_Run/Run_Comfortable/Post_Process/Run_Comfortable6.csv,male,1,train
BL025,Session2,overground,run,comfortable,Overground_Run,Run_Comfortable,C:/Users/KUBA/GitProjects/WKIRO-Project/data/BL025/Session2/Overground_Run/Run_Comfortable/Post_Process/Run_Comfortable7.csv,male,1,train
BL025,Session2,overground,run,comfortable,Overground_Run,Run_Comfortable,C:/Users/KUBA/GitProjects/WKIRO-Project/data/BL025/Session2/Overground_Run/Run_Comfortable/Post_Process/Run_Comfortable8.csv,male,1,val
BL025,Session2,overground,run,comfortable,Overground_Run,Run_Comfortable,C:/Users/KUBA/GitProjects/WKIRO-Project/data/BL025/Session2/Overground_Run/Run_Comfortable/Post_Process/Run_Comfortable9.csv,male,1,val
BL025,Session2,overground,run,fast,Overground_Run,Run_Fast,C:/Users/KUBA/GitProjects/WKIRO-Project/data/BL025/Session2/Overground_Run/Run_Fast/Post_Process/Run_Fast1.csv,male,1,train
BL025,Session2,overground,run,fast,Overground_Run,Run_Fast,C:/Users/KUBA/GitProjects/WKIRO-Project/data/BL025/Session2/Overground_Run/Run_Fast/Post_Process/Run_Fast10.csv,male,1,train
BL025,Session2,overground,run,fast,Overground_Run,Run_Fast,C:/Users/KUBA/GitProjects/WKIRO-Project/data/BL025/Session2/Overground_Run/Run_Fast/Post_Process/Run_Fast2.csv,male,1,train
BL025,Session2,overground,run,fast,Overground_Run,Run_Fast,C:/Users/KUBA/GitProjects/WKIRO-Project/data/BL025/Session2/Overground_Run/Run_Fast/Post_Process/Run_Fast3.csv,male,1,test
BL025,Session2,overground,run,fast,Overground_Run,Run_Fast,C:/Users/KUBA/GitProjects/WKIRO-Project/data/BL025/Session2/Overground_Run/Run_Fast/Post_Process/Run_Fast4.csv,male,1,train
BL025,Session2,overground,run,fast,Overground_Run,Run_Fast,C:/Users/KUBA/GitProjects/WKIRO-Project/data/BL025/Session2/Overground_Run/Run_Fast/Post_Process/Run_Fast5.csv,male,1,test
BL025,Session2,overground,run,fast,Overground_Run,Run_Fast,C:/Users/KUBA/GitProjects/WKIRO-Project/data/BL025/Session2/Overground_Run/Run_Fast/Post_Process/Run_Fast6.csv,male,1,train
BL025,Session2,overground,run,fast,Overground_Run,Run_Fast,C:/Users/KUBA/GitProjects/WKIRO-Project/data/BL025/Session2/Overground_Run/Run_Fast/Post_Process/Run_Fast7.csv,male,1,val
BL025,Session2,overground,run,fast,Overground_Run,Run_Fast,C:/Users/KUBA/GitProjects/WKIRO-Project/data/BL025/Session2/Overground_Run/Run_Fast/Post_Process/Run_Fast8.csv,male,1,train
BL025,Session2,overground,run,fast,Overground_Run,Run_Fast,C:/Users/KUBA/GitProjects/WKIRO-Project/data/BL025/Session2/Overground_Run/Run_Fast/Post_Process/Run_Fast9.csv,male,1,train
BL025,Session2,overground,walk,comfortable,Overground_Walk,Walk_Comfortable,C:/Users/KUBA/GitProjects/WKIRO-Project/data/BL025/Session2/Overground_Walk/Walk_Comfortable/Post_Process/Walk_Comfortable1.csv,male,1,train
BL025,Session2,overground,walk,comfortable,Overground_Walk,Walk_Comfortable,C:/Users/KUBA/GitProjects/WKIRO-Project/data/BL025/Session2/Overground_Walk/Walk_Comfortable/Post_Process/Walk_Comfortable2.csv,male,1,val
BL025,Session2,overground,walk,comfortable,Overground_Walk,Walk_Comfortable,C:/Users/KUBA/GitProjects/WKIRO-Project/data/BL025/Session2/Overground_Walk/Walk_Comfortable/Post_Process/Walk_Comfortable3.csv,male,1,train
BL025,Session2,overground,walk,comfortable,Overground_Walk,Walk_Comfortable,C:/Users/KUBA/GitProjects/WKIRO-Project/data/BL025/Session2/Overground_Walk/Walk_Comfortable/Post_Process/Walk_Comfortable4.csv,male,1,train
BL025,Session2,overground,walk,comfortable,Overground_Walk,Walk_Comfortable,C:/Users/KUBA/GitProjects/WKIRO-Project/data/BL025/Session2/Overground_Walk/Walk_Comfortable/Post_Process/Walk_Comfortable5.csv,male,1,train
BL025,Session2,overground,walk,comfortable,Overground_Walk,Walk_Comfortable,C:/Users/KUBA/GitProjects/WKIRO-Project/data/BL025/Session2/Overground_Walk/Walk_Comfortable/Post_Process/Walk_Comfortable6.csv,male,1,val
BL025,Session2,overground,walk,comfortable,Overground_Walk,Walk_Comfortable,C:/Users/KUBA/GitProjects/WKIRO-Project/data/BL025/Session2/Overground_Walk/Walk_Comfortable/Post_Process/Walk_Comfortable7.csv,male,1,train
BL025,Session2,overground,walk,comfortable,Overground_Walk,Walk_Comfortable,C:/Users/KUBA/GitProjects/WKIRO-Project/data/BL025/Session2/Overground_Walk/Walk_Comfortable/Post_Process/Walk_Comfortable8.csv,male,1,train
BL025,Session2,overground,walk,fast,Overground_Walk,Walk_Fast,C:/Users/KUBA/GitProjects/WKIRO-Project/data/BL025/Session2/Overground_Walk/Walk_Fast/Post_Process/Walk_Fast1.csv,male,1,train
BL025,Session2,overground,walk,fast,Overground_Walk,Walk_Fast,C:/Users/KUBA/GitProjects/WKIRO-Project/data/BL025/Session2/Overground_Walk/Walk_Fast/Post_Process/Walk_Fast2.csv,male,1,train
BL025,Session2,overground,walk,fast,Overground_Walk,Walk_Fast,C:/Users/KUBA/GitProjects/WKIRO-Project/data/BL025/Session2/Overground_Walk/Walk_Fast/Post_Process/Walk_Fast3.csv,male,1,train
BL025,Session2,overground,walk,fast,Overground_Walk,Walk_Fast,C:/Users/KUBA/GitProjects/WKIRO-Project/data/BL025/Session2/Overground_Walk/Walk_Fast/Post_Process/Walk_Fast4.csv,male,1,train
BL025,Session2,overground,walk,fast,Overground_Walk,Walk_Fast,C:/Users/KUBA/GitProjects/WKIRO-Project/data/BL025/Session2/Overground_Walk/Walk_Fast/Post_Process/Walk_Fast5.csv,male,1,train
BL025,Session2,overground,walk,fast,Overground_Walk,Walk_Fast,C:/Users/KUBA/GitProjects/WKIRO-Project/data/BL025/Session2/Overground_Walk/Walk_Fast/Post_Process/Walk_Fast6.csv,male,1,test
BL025,Session2,overground,walk,fast,Overground_Walk,Walk_Fast,C:/Users/KUBA/GitProjects/WKIRO-Project/data/BL025/Session2/Overground_Walk/Walk_Fast/Post_Process/Walk_Fast7.csv,male,1,train
BL025,Session2,overground,walk,fast,Overground_Walk,Walk_Fast,C:/Users/KUBA/GitProjects/WKIRO-Project/data/BL025/Session2/Overground_Walk/Walk_Fast/Post_Process/Walk_Fast8.csv,male,1,train
BL025,Session2,overground,walk,slow,Overground_Walk,Walk_Slow,C:/Users/KUBA/GitProjects/WKIRO-Project/data/BL025/Session2/Overground_Walk/Walk_Slow/Post_Process/Walk_Slow1.csv,male,1,train
BL025,Session2,overground,walk,slow,Overground_Walk,Walk_Slow,C:/Users/KUBA/GitProjects/WKIRO-Project/data/BL025/Session2/Overground_Walk/Walk_Slow/Post_Process/Walk_Slow2.csv,male,1,train
BL025,Session2,overground,walk,slow,Overground_Walk,Walk_Slow,C:/Users/KUBA/GitProjects/WKIRO-Project/data/BL025/Session2/Overground_Walk/Walk_Slow/Post_Process/Walk_Slow3.csv,male,1,train
BL025,Session2,overground,walk,slow,Overground_Walk,Walk_Slow,C:/Users/KUBA/GitProjects/WKIRO-Project/data/BL025/Session2/Overground_Walk/Walk_Slow/Post_Process/Walk_Slow4.csv,male,1,val
BL025,Session2,overground,walk,slow,Overground_Walk,Walk_Slow,C:/Users/KUBA/GitProjects/WKIRO-Project/data/BL025/Session2/Overground_Walk/Walk_Slow/Post_Process/Walk_Slow5.csv,male,1,test
BL025,Session2,overground,walk,slow,Overground_Walk,Walk_Slow,C:/Users/KUBA/GitProjects/WKIRO-Project/data/BL025/Session2/Overground_Walk/Walk_Slow/Post_Process/Walk_Slow6.csv,male,1,train
BL025,Session2,overground,walk,slow,Overground_Walk,Walk_Slow,C:/Users/KUBA/GitProjects/WKIRO-Project/data/BL025/Session2/Overground_Walk/Walk_Slow/Post_Process/Walk_Slow7.csv,male,1,train
BL025,Session2,overground,walk,slow,Overground_Walk,Walk_Slow,C:/Users/KUBA/GitProjects/WKIRO-Project/data/BL025/Session2/Overground_Walk/Walk_Slow/Post_Process/Walk_Slow8.csv,male,1,train
BL025,Session2,treadmill,run,comfortable,Treadmill_Run,Treadmill_Run_Comfortable,C:/Users/KUBA/GitProjects/WKIRO-Project/data/BL025/Session2/Treadmill_Run/Treadmill_Run_Comfortable/Post_Process/Treadmill_Run_Comfortable.csv,male,1,train
BL025,Session2,treadmill,run,fast,Treadmill_Run,Treadmill_Run_Fast,C:/Users/KUBA/GitProjects/WKIRO-Project/data/BL025/Session2/Treadmill_Run/Treadmill_Run_Fast/Post_Process/Treadmill_Run_Fast.csv,male,1,train
BL025,Session2,treadmill,walk,comfortable,Treadmill_Walk,Treadmill_Walk_Comfortable,C:/Users/KUBA/GitProjects/WKIRO-Project/data/BL025/Session2/Treadmill_Walk/Treadmill_Walk_Comfortable/Post_Process/Treadmill_Walk_Comfortable.csv,male,1,val
BL025,Session2,treadmill,walk,fast,Treadmill_Walk,Treadmill_Walk_Fast,C:/Users/KUBA/GitProjects/WKIRO-Project/data/BL025/Session2/Treadmill_Walk/Treadmill_Walk_Fast/Post_Process/Treadmill_Walk_Fast.csv,male,1,train
BL025,Session2,treadmill,walk,slow,Treadmill_Walk,Treadmill_Walk_Slow,C:/Users/KUBA/GitProjects/WKIRO-Project/data/BL025/Session2/Treadmill_Walk/Treadmill_Walk_Slow/Post_Process/Treadmill_Walk_Slow.csv,male,1,train
CF027,Session1,overground,run,comfortable,Overground_Run,Run_Comfortable,C:/Users/KUBA/GitProjects/WKIRO-Project/data/CF027/Session1/Overground_Run/Run_Comfortable/Post_Process/Run_Comfortable1.csv,male,1,train
CF027,Session1,overground,run,comfortable,Overground_Run,Run_Comfortable,C:/Users/KUBA/GitProjects/WKIRO-Project/data/CF027/Session1/Overground_Run/Run_Comfortable/Post_Process/Run_Comfortable10.csv,male,1,train
CF027,Session1,overground,run,comfortable,Overground_Run,Run_Comfortable,C:/Users/KUBA/GitProjects/WKIRO-Project/data/CF027/Session1/Overground_Run/Run_Comfortable/Post_Process/Run_Comfortable2.csv,male,1,train
CF027,Session1,overground,run,comfortable,Overground_Run,Run_Comfortable,C:/Users/KUBA/GitProjects/WKIRO-Project/data/CF027/Session1/Overground_Run/Run_Comfortable/Post_Process/Run_Comfortable3.csv,male,1,test
CF027,Session1,overground,run,comfortable,Overground_Run,Run_Comfortable,C:/Users/KUBA/GitProjects/WKIRO-Project/data/CF027/Session1/Overground_Run/Run_Comfortable/Post_Process/Run_Comfortable4.csv,male,1,train
CF027,Session1,overground,run,comfortable,Overground_Run,Run_Comfortable,C:/Users/KUBA/GitProjects/WKIRO-Project/data/CF027/Session1/Overground_Run/Run_Comfortable/Post_Process/Run_Comfortable5.csv,male,1,train
CF027,Session1,overground,run,comfortable,Overground_Run,Run_Comfortable,C:/Users/KUBA/GitProjects/WKIRO-Project/data/CF027/Session1/Overground_Run/Run_Comfortable/Post_Process/Run_Comfortable6.csv,male,1,train
CF027,Session1,overground,run,comfortable,Overground_Run,Run_Comfortable,C:/Users/KUBA/GitProjects/WKIRO-Project/data/CF027/Session1/Overground_Run/Run_Comfortable/Post_Process/Run_Comfortable7.csv,male,1,train
CF027,Session1,overground,run,comfortable,Overground_Run,Run_Comfortable,C:/Users/KUBA/GitProjects/WKIRO-Project/data/CF027/Session1/Overground_Run/Run_Comfortable/Post_Process/Run_Comfortable8.csv,male,1,train
CF027,Session1,overground,run,comfortable,Overground_Run,Run_Comfortable,C:/Users/KUBA/GitProjects/WKIRO-Project/data/CF027/Session1/Overground_Run/Run_Comfortable/Post_Process/Run_Comfortable9.csv,male,1,train
CF027,Session1,overground,run,fast,Overground_Run,Run_Fast,C:/Users/KUBA/GitProjects/WKIRO-Project/data/CF027/Session1/Overground_Run/Run_Fast/Post_Process/Run_Fast1.csv,male,1,val
CF027,Session1,overground,run,fast,Overground_Run,Run_Fast,C:/Users/KUBA/GitProjects/WKIRO-Project/data/CF027/Session1/Overground_Run/Run_Fast/Post_Process/Run_Fast10.csv,male,1,train
CF027,Session1,overground,run,fast,Overground_Run,Run_Fast,C:/Users/KUBA/GitProjects/WKIRO-Project/data/CF027/Session1/Overground_Run/Run_Fast/Post_Process/Run_Fast2.csv,male,1,train
CF027,Session1,overground,run,fast,Overground_Run,Run_Fast,C:/Users/KUBA/GitProjects/WKIRO-Project/data/CF027/Session1/Overground_Run/Run_Fast/Post_Process/Run_Fast3.csv,male,1,train
CF027,Session1,overground,run,fast,Overground_Run,Run_Fast,C:/Users/KUBA/GitProjects/WKIRO-Project/data/CF027/Session1/Overground_Run/Run_Fast/Post_Process/Run_Fast4.csv,male,1,train
CF027,Session1,overground,run,fast,Overground_Run,Run_Fast,C:/Users/KUBA/GitProjects/WKIRO-Project/data/CF027/Session1/Overground_Run/Run_Fast/Post_Process/Run_Fast5.csv,male,1,train
CF027,Session1,overground,run,fast,Overground_Run,Run_Fast,C:/Users/KUBA/GitProjects/WKIRO-Project/data/CF027/Session1/Overground_Run/Run_Fast/Post_Process/Run_Fast6.csv,male,1,test
CF027,Session1,overground,run,fast,Overground_Run,Run_Fast,C:/Users/KUBA/GitProjects/WKIRO-Project/data/CF027/Session1/Overground_Run/Run_Fast/Post_Process/Run_Fast7.csv,male,1,train
CF027,Session1,overground,run,fast,Overground_Run,Run_Fast,C:/Users/KUBA/GitProjects/WKIRO-Project/data/CF027/Session1/Overground_Run/Run_Fast/Post_Process/Run_Fast8.csv,male,1,test
CF027,Session1,overground,run,fast,Overground_Run,Run_Fast,C:/Users/KUBA/GitProjects/WKIRO-Project/data/CF027/Session1/Overground_Run/Run_Fast/Post_Process/Run_Fast9.csv,male,1,val
CF027,Session1,overground,walk,comfortable,Overground_Walk,Walk_Comfortable,C:/Users/KUBA/GitProjects/WKIRO-Project/data/CF027/Session1/Overground_Walk/Walk_Comfortable/Post_Process/Walk_Comfortable1.csv,male,1,train
CF027,Session1,overground,walk,comfortable,Overground_Walk,Walk_Comfortable,C:/Users/KUBA/GitProjects/WKIRO-Project/data/CF027/Session1/Overground_Walk/Walk_Comfortable/Post_Process/Walk_Comfortable2.csv,male,1,train
CF027,Session1,overground,walk,comfortable,Overground_Walk,Walk_Comfortable,C:/Users/KUBA/GitProjects/WKIRO-Project/data/CF027/Session1/Overground_Walk/Walk_Comfortable/Post_Process/Walk_Comfortable3.csv,male,1,train
CF027,Session1,overground,walk,comfortable,Overground_Walk,Walk_Comfortable,C:/Users/KUBA/GitProjects/WKIRO-Project/data/CF027/Session1/Overground_Walk/Walk_Comfortable/Post_Process/Walk_Comfortable4.csv,male,1,train
CF027,Session1,overground,walk,comfortable,Overground_Walk,Walk_Comfortable,C:/Users/KUBA/GitProjects/WKIRO-Project/data/CF027/Session1/Overground_Walk/Walk_Comfortable/Post_Process/Walk_Comfortable5.csv,male,1,train
CF027,Session1,overground,walk,comfortable,Overground_Walk,Walk_Comfortable,C:/Users/KUBA/GitProjects/WKIRO-Project/data/CF027/Session1/Overground_Walk/Walk_Comfortable/Post_Process/Walk_Comfortable6.csv,male,1,train
CF027,Session1,overground,walk,comfortable,Overground_Walk,Walk_Comfortable,C:/Users/KUBA/GitProjects/WKIRO-Project/data/CF027/Session1/Overground_Walk/Walk_Comfortable/Post_Process/Walk_Comfortable7.csv,male,1,train
CF027,Session1,overground,walk,comfortable,Overground_Walk,Walk_Comfortable,C:/Users/KUBA/GitProjects/WKIRO-Project/data/CF027/Session1/Overground_Walk/Walk_Comfortable/Post_Process/Walk_Comfortable8.csv,male,1,test
CF027,Session1,overground,walk,fast,Overground_Walk,Walk_Fast,C:/Users/KUBA/GitProjects/WKIRO-Project/data/CF027/Session1/Overground_Walk/Walk_Fast/Post_Process/Walk_Fast1.csv,male,1,train
CF027,Session1,overground,walk,fast,Overground_Walk,Walk_Fast,C:/Users/KUBA/GitProjects/WKIRO-Project/data/CF027/Session1/Overground_Walk/Walk_Fast/Post_Process/Walk_Fast2.csv,male,1,train
CF027,Session1,overground,walk,fast,Overground_Walk,Walk_Fast,C:/Users/KUBA/GitProjects/WKIRO-Project/data/CF027/Session1/Overground_Walk/Walk_Fast/Post_Process/Walk_Fast3.csv,male,1,val
CF027,Session1,overground,walk,fast,Overground_Walk,Walk_Fast,C:/Users/KUBA/GitProjects/WKIRO-Project/data/CF027/Session1/Overground_Walk/Walk_Fast/Post_Process/Walk_Fast4.csv,male,1,train
CF027,Session1,overground,walk,fast,Overground_Walk,Walk_Fast,C:/Users/KUBA/GitProjects/WKIRO-Project/data/CF027/Session1/Overground_Walk/Walk_Fast/Post_Process/Walk_Fast5.csv,male,1,train
CF027,Session1,overground,walk,fast,Overground_Walk,Walk_Fast,C:/Users/KUBA/GitProjects/WKIRO-Project/data/CF027/Session1/Overground_Walk/Walk_Fast/Post_Process/Walk_Fast6.csv,male,1,test
CF027,Session1,overground,walk,fast,Overground_Walk,Walk_Fast,C:/Users/KUBA/GitProjects/WKIRO-Project/data/CF027/Session1/Overground_Walk/Walk_Fast/Post_Process/Walk_Fast7.csv,male,1,val
CF027,Session1,overground,walk,fast,Overground_Walk,Walk_Fast,C:/Users/KUBA/GitProjects/WKIRO-Project/data/CF027/Session1/Overground_Walk/Walk_Fast/Post_Process/Walk_Fast8.csv,male,1,train
CF027,Session1,overground,walk,slow,Overground_Walk,Walk_Slow,C:/Users/KUBA/GitProjects/WKIRO-Project/data/CF027/Session1/Overground_Walk/Walk_Slow/Post_Process/Walk_Slow1.csv,male,1,train
CF027,Session1,overground,walk,slow,Overground_Walk,Walk_Slow,C:/Users/KUBA/GitProjects/WKIRO-Project/data/CF027/Session1/Overground_Walk/Walk_Slow/Post_Process/Walk_Slow2.csv,male,1,train
CF027,Session1,overground,walk,slow,Overground_Walk,Walk_Slow,C:/Users/KUBA/GitProjects/WKIRO-Project/data/CF027/Session1/Overground_Walk/Walk_Slow/Post_Process/Walk_Slow3.csv,male,1,train
CF027,Session1,overground,walk,slow,Overground_Walk,Walk_Slow,C:/Users/KUBA/GitProjects/WKIRO-Project/data/CF027/Session1/Overground_Walk/Walk_Slow/Post_Process/Walk_Slow4.csv,male,1,train
CF027,Session1,overground,walk,slow,Overground_Walk,Walk_Slow,C:/Users/KUBA/GitProjects/WKIRO-Project/data/CF027/Session1/Overground_Walk/Walk_Slow/Post_Process/Walk_Slow5.csv,male,1,train
CF027,Session1,overground,walk,slow,Overground_Walk,Walk_Slow,C:/Users/KUBA/GitProjects/WKIRO-Project/data/CF027/Session1/Overground_Walk/Walk_Slow/Post_Process/Walk_Slow6.csv,male,1,train
CF027,Session1,overground,walk,slow,Overground_Walk,Walk_Slow,C:/Users/KUBA/GitProjects/WKIRO-Project/data/CF027/Session1/Overground_Walk/Walk_Slow/Post_Process/Walk_Slow7.csv,male,1,train
CF027,Session1,overground,walk,slow,Overground_Walk,Walk_Slow,C:/Users/KUBA/GitProjects/WKIRO-Project/data/CF027/Session1/Overground_Walk/Walk_Slow/Post_Process/Walk_Slow8.csv,male,1,train
CF027,Session1,treadmill,run,comfortable,Treadmill_Run,Treadmill_Run_Comfortable,C:/Users/KUBA/GitProjects/WKIRO-Project/data/CF027/Session1/Treadmill_Run/Treadmill_Run_Comfortable/Post_Process/Treadmill_Run_Comfortable.csv,male,1,train
CF027,Session1,treadmill,run,fast,Treadmill_Run,Treadmill_Run_Fast,C:/Users/KUBA/GitProjects/WKIRO-Project/data/CF027/Session1/Treadmill_Run/Treadmill_Run_Fast/Post_Process/Treadmill_Run_Fast.csv,male,1,train
CF027,Session1,treadmill,walk,comfortable,Treadmill_Walk,Treadmill_Walk_Comfortable,C:/Users/KUBA/GitProjects/WKIRO-Project/data/CF027/Session1/Treadmill_Walk/Treadmill_Walk_Comfortable/Post_Process/Treadmill_Walk_Comfortable.csv,male,1,train
CF027,Session1,treadmill,walk,fast,Treadmill_Walk,Treadmill_Walk_Fast,C:/Users/KUBA/GitProjects/WKIRO-Project/data/CF027/Session1/Treadmill_Walk/Treadmill_Walk_Fast/Post_Process/Treadmill_Walk_Fast.csv,male,1,test
CF027,Session1,treadmill,walk,slow,Treadmill_Walk,Treadmill_Walk_Slow,C:/Users/KUBA/GitProjects/WKIRO-Project/data/CF027/Session1/Treadmill_Walk/Treadmill_Walk_Slow/Post_Process/Treadmill_Walk_Slow.csv,male,1,train
CF027,Session2,overground,run,comfortable,Overground_Run,Run_Comfortable,C:/Users/KUBA/GitProjects/WKIRO-Project/data/CF027/Session2/Overground_Run/Run_Comfortable/Post_Process/Run_Comfortable1.csv,male,1,train
CF027,Session2,overground,run,comfortable,Overground_Run,Run_Comfortable,C:/Users/KUBA/GitProjects/WKIRO-Project/data/CF027/Session2/Overground_Run/Run_Comfortable/Post_Process/Run_Comfortable10.csv,male,1,train
CF027,Session2,overground,run,comfortable,Overground_Run,Run_Comfortable,C:/Users/KUBA/GitProjects/WKIRO-Project/data/CF027/Session2/Overground_Run/Run_Comfortable/Post_Process/Run_Comfortable2.csv,male,1,train
CF027,Session2,overground,run,comfortable,Overground_Run,Run_Comfortable,C:/Users/KUBA/GitProjects/WKIRO-Project/data/CF027/Session2/Overground_Run/Run_Comfortable/Post_Process/Run_Comfortable3.csv,male,1,test
CF027,Session2,overground,run,comfortable,Overground_Run,Run_Comfortable,C:/Users/KUBA/GitProjects/WKIRO-Project/data/CF027/Session2/Overground_Run/Run_Comfortable/Post_Process/Run_Comfortable4.csv,male,1,train
CF027,Session2,overground,run,comfortable,Overground_Run,Run_Comfortable,C:/Users/KUBA/GitProjects/WKIRO-Project/data/CF027/Session2/Overground_Run/Run_Comfortable/Post_Process/Run_Comfortable5.csv,male,1,train
CF027,Session2,overground,run,comfortable,Overground_Run,Run_Comfortable,C:/Users/KUBA/GitProjects/WKIRO-Project/data/CF027/Session2/Overground_Run/Run_Comfortable/Post_Process/Run_Comfortable6.csv,male,1,train
CF027,Session2,overground,run,comfortable,Overground_Run,Run_Comfortable,C:/Users/KUBA/GitProjects/WKIRO-Project/data/CF027/Session2/Overground_Run/Run_Comfortable/Post_Process/Run_Comfortable7.csv,male,1,val
CF027,Session2,overground,run,comfortable,Overground_Run,Run_Comfortable,C:/Users/KUBA/GitProjects/WKIRO-Project/data/CF027/Session2/Overground_Run/Run_Comfortable/Post_Process/Run_Comfortable8.csv,male,1,train
CF027,Session2,overground,run,comfortable,Overground_Run,Run_Comfortable,C:/Users/KUBA/GitProjects/WKIRO-Project/data/CF027/Session2/Overground_Run/Run_Comfortable/Post_Process/Run_Comfortable9.csv,male,1,train
CF027,Session2,overground,run,fast,Overground_Run,Run_Fast,C:/Users/KUBA/GitProjects/WKIRO-Project/data/CF027/Session2/Overground_Run/Run_Fast/Post_Process/Run_Fast1.csv,male,1,train
CF027,Session2,overground,run,fast,Overground_Run,Run_Fast,C:/Users/KUBA/GitProjects/WKIRO-Project/data/CF027/Session2/Overground_Run/Run_Fast/Post_Process/Run_Fast10.csv,male,1,val
CF027,Session2,overground,run,fast,Overground_Run,Run_Fast,C:/Users/KUBA/GitProjects/WKIRO-Project/data/CF027/Session2/Overground_Run/Run_Fast/Post_Process/Run_Fast2.csv,male,1,train
CF027,Session2,overground,run,fast,Overground_Run,Run_Fast,C:/Users/KUBA/GitProjects/WKIRO-Project/data/CF027/Session2/Overground_Run/Run_Fast/Post_Process/Run_Fast3.csv,male,1,test
CF027,Session2,overground,run,fast,Overground_Run,Run_Fast,C:/Users/KUBA/GitProjects/WKIRO-Project/data/CF027/Session2/Overground_Run/Run_Fast/Post_Process/Run_Fast4.csv,male,1,train
CF027,Session2,overground,run,fast,Overground_Run,Run_Fast,C:/Users/KUBA/GitProjects/WKIRO-Project/data/CF027/Session2/Overground_Run/Run_Fast/Post_Process/Run_Fast5.csv,male,1,train
CF027,Session2,overground,run,fast,Overground_Run,Run_Fast,C:/Users/KUBA/GitProjects/WKIRO-Project/data/CF027/Session2/Overground_Run/Run_Fast/Post_Process/Run_Fast6.csv,male,1,test
CF027,Session2,overground,run,fast,Overground_Run,Run_Fast,C:/Users/KUBA/GitProjects/WKIRO-Project/data/CF027/Session2/Overground_Run/Run_Fast/Post_Process/Run_Fast7.csv,male,1,test
CF027,Session2,overground,run,fast,Overground_Run,Run_Fast,C:/Users/KUBA/GitProjects/WKIRO-Project/data/CF027/Session2/Overground_Run/Run_Fast/Post_Process/Run_Fast8.csv,male,1,train
CF027,Session2,overground,run,fast,Overground_Run,Run_Fast,C:/Users/KUBA/GitProjects/WKIRO-Project/data/CF027/Session2/Overground_Run/Run_Fast/Post_Process/Run_Fast9.csv,male,1,train
CF027,Session2,overground,walk,comfortable,Overground_Walk,Walk_Comfortable,C:/Users/KUBA/GitProjects/WKIRO-Project/data/CF027/Session2/Overground_Walk/Walk_Comfortable/Post_Process/Walk_Comfortable1.csv,male,1,val
CF027,Session2,overground,walk,comfortable,Overground_Walk,Walk_Comfortable,C:/Users/KUBA/GitProjects/WKIRO-Project/data/CF027/Session2/Overground_Walk/Walk_Comfortable/Post_Process/Walk_Comfortable2.csv,male,1,train
CF027,Session2,overground,walk,comfortable,Overground_Walk,Walk_Comfortable,C:/Users/KUBA/GitProjects/WKIRO-Project/data/CF027/Session2/Overground_Walk/Walk_Comfortable/Post_Process/Walk_Comfortable3.csv,male,1,train
CF027,Session2,overground,walk,comfortable,Overground_Walk,Walk_Comfortable,C:/Users/KUBA/GitProjects/WKIRO-Project/data/CF027/Session2/Overground_Walk/Walk_Comfortable/Post_Process/Walk_Comfortable4.csv,male,1,test
CF027,Session2,overground,walk,comfortable,Overground_Walk,Walk_Comfortable,C:/Users/KUBA/GitProjects/WKIRO-Project/data/CF027/Session2/Overground_Walk/Walk_Comfortable/Post_Process/Walk_Comfortable5.csv,male,1,val
CF027,Session2,overground,walk,comfortable,Overground_Walk,Walk_Comfortable,C:/Users/KUBA/GitProjects/WKIRO-Project/data/CF027/Session2/Overground_Walk/Walk_Comfortable/Post_Process/Walk_Comfortable6.csv,male,1,train
CF027,Session2,overground,walk,fast,Overground_Walk,Walk_Fast,C:/Users/KUBA/GitProjects/WKIRO-Project/data/CF027/Session2/Overground_Walk/Walk_Fast/Post_Process/Walk_Fast1.csv,male,1,val
CF027,Session2,overground,walk,fast,Overground_Walk,Walk_Fast,C:/Users/KUBA/GitProjects/WKIRO-Project/data/CF027/Session2/Overground_Walk/Walk_Fast/Post_Process/Walk_Fast2.csv,male,1,train
CF027,Session2,overground,walk,fast,Overground_Walk,Walk_Fast,C:/Users/KUBA/GitProjects/WKIRO-Project/data/CF027/Session2/Overground_Walk/Walk_Fast/Post_Process/Walk_Fast3.csv,male,1,val
CF027,Session2,overground,walk,fast,Overground_Walk,Walk_Fast,C:/Users/KUBA/GitProjects/WKIRO-Project/data/CF027/Session2/Overground_Walk/Walk_Fast/Post_Process/Walk_Fast4.csv,male,1,train
CF027,Session2,overground,walk,fast,Overground_Walk,Walk_Fast,C:/Users/KUBA/GitProjects/WKIRO-Project/data/CF027/Session2/Overground_Walk/Walk_Fast/Post_Process/Walk_Fast5.csv,male,1,val
CF027,Session2,overground,walk,fast,Overground_Walk,Walk_Fast,C:/Users/KUBA/GitProjects/WKIRO-Project/data/CF027/Session2/Overground_Walk/Walk_Fast/Post_Process/Walk_Fast6.csv,male,1,train
CF027,Session2,overground,walk,fast,Overground_Walk,Walk_Fast,C:/Users/KUBA/GitProjects/WKIRO-Project/data/CF027/Session2/Overground_Walk/Walk_Fast/Post_Process/Walk_Fast7.csv,male,1,val
CF027,Session2,overground,walk,fast,Overground_Walk,Walk_Fast,C:/Users/KUBA/GitProjects/WKIRO-Project/data/CF027/Session2/Overground_Walk/Walk_Fast/Post_Process/Walk_Fast8.csv,male,1,test
CF027,Session2,overground,walk,slow,Overground_Walk,Walk_Slow,C:/Users/KUBA/GitProjects/WKIRO-Project/data/CF027/Session2/Overground_Walk/Walk_Slow/Post_Process/Walk_Slow1.csv,male,1,val
CF027,Session2,overground,walk,slow,Overground_Walk,Walk_Slow,C:/Users/KUBA/GitProjects/WKIRO-Project/data/CF027/Session2/Overground_Walk/Walk_Slow/Post_Process/Walk_Slow2.csv,male,1,train
CF027,Session2,overground,walk,slow,Overground_Walk,Walk_Slow,C:/Users/KUBA/GitProjects/WKIRO-Project/data/CF027/Session2/Overground_Walk/Walk_Slow/Post_Process/Walk_Slow3.csv,male,1,train
CF027,Session2,overground,walk,slow,Overground_Walk,Walk_Slow,C:/Users/KUBA/GitProjects/WKIRO-Project/data/CF027/Session2/Overground_Walk/Walk_Slow/Post_Process/Walk_Slow4.csv,male,1,train
CF027,Session2,overground,walk,slow,Overground_Walk,Walk_Slow,C:/Users/KUBA/GitProjects/WKIRO-Project/data/CF027/Session2/Overground_Walk/Walk_Slow/Post_Process/Walk_Slow5.csv,male,1,test
CF027,Session2,overground,walk,slow,Overground_Walk,Walk_Slow,C:/Users/KUBA/GitProjects/WKIRO-Project/data/CF027/Session2/Overground_Walk/Walk_Slow/Post_Process/Walk_Slow6.csv,male,1,train
CF027,Session2,treadmill,run,comfortable,Treadmill_Run,Treadmill_Run_Comfortable,C:/Users/KUBA/GitProjects/WKIRO-Project/data/CF027/Session2/Treadmill_Run/Treadmill_Run_Comfortable/Post_Process/Treadmill_Run_Comfortable.csv,male,1,test
CF027,Session2,treadmill,run,fast,Treadmill_Run,Treadmill_Run_Fast,C:/Users/KUBA/GitProjects/WKIRO-Project/data/CF027/Session2/Treadmill_Run/Treadmill_Run_Fast/Post_Process/Treadmill_Run_Fast.csv,male,1,train
CF027,Session2,treadmill,walk,comfortable,Treadmill_Walk,Treadmill_Walk_Comfortable,C:/Users/KUBA/GitProjects/WKIRO-Project/data/CF027/Session2/Treadmill_Walk/Treadmill_Walk_Comfortable/Post_Process/Treadmill_Walk_Comfortable.csv,male,1,train
CF027,Session2,treadmill,walk,fast,Treadmill_Walk,Treadmill_Walk_Fast,C:/Users/KUBA/GitProjects/WKIRO-Project/data/CF027/Session2/Treadmill_Walk/Treadmill_Walk_Fast/Post_Process/Treadmill_Walk_Fast.csv,male,1,val
CF027,Session2,treadmill,walk,slow,Treadmill_Walk,Treadmill_Walk_Slow,C:/Users/KUBA/GitProjects/WKIRO-Project/data/CF027/Session2/Treadmill_Walk/Treadmill_Walk_Slow/Post_Process/Treadmill_Walk_Slow.csv,male,1,train
CL007,Session1,overground,run,comfortable,Overground_Run,Run_Comfortable,C:/Users/KUBA/GitProjects/WKIRO-Project/data/CL007/Session1/Overground_Run/Run_Comfortable/Post_Process/Run_Comfortable1.csv,female,0,train
CL007,Session1,overground,run,comfortable,Overground_Run,Run_Comfortable,C:/Users/KUBA/GitProjects/WKIRO-Project/data/CL007/Session1/Overground_Run/Run_Comfortable/Post_Process/Run_Comfortable2.csv,female,0,val
CL007,Session1,overground,run,comfortable,Overground_Run,Run_Comfortable,C:/Users/KUBA/GitProjects/WKIRO-Project/data/CL007/Session1/Overground_Run/Run_Comfortable/Post_Process/Run_Comfortable3.csv,female,0,train
CL007,Session1,overground,run,comfortable,Overground_Run,Run_Comfortable,C:/Users/KUBA/GitProjects/WKIRO-Project/data/CL007/Session1/Overground_Run/Run_Comfortable/Post_Process/Run_Comfortable4.csv,female,0,train
CL007,Session1,overground,run,comfortable,Overground_Run,Run_Comfortable,C:/Users/KUBA/GitProjects/WKIRO-Project/data/CL007/Session1/Overground_Run/Run_Comfortable/Post_Process/Run_Comfortable5.csv,female,0,train
CL007,Session1,overground,run,comfortable,Overground_Run,Run_Comfortable,C:/Users/KUBA/GitProjects/WKIRO-Project/data/CL007/Session1/Overground_Run/Run_Comfortable/Post_Process/Run_Comfortable6.csv,female,0,val
CL007,Session1,overground,run,comfortable,Overground_Run,Run_Comfortable,C:/Users/KUBA/GitProjects/WKIRO-Project/data/CL007/Session1/Overground_Run/Run_Comfortable/Post_Process/Run_Comfortable7.csv,female,0,train
CL007,Session1,overground,run,comfortable,Overground_Run,Run_Comfortable,C:/Users/KUBA/GitProjects/WKIRO-Project/data/CL007/Session1/Overground_Run/Run_Comfortable/Post_Process/Run_Comfortable8.csv,female,0,train
CL007,Session1,overground,run,fast,Overground_Run,Run_Fast,C:/Users/KUBA/GitProjects/WKIRO-Project/data/CL007/Session1/Overground_Run/Run_Fast/Post_Process/Run_Fast1.csv,female,0,train
CL007,Session1,overground,run,fast,Overground_Run,Run_Fast,C:/Users/KUBA/GitProjects/WKIRO-Project/data/CL007/Session1/Overground_Run/Run_Fast/Post_Process/Run_Fast2.csv,female,0,train
CL007,Session1,overground,run,fast,Overground_Run,Run_Fast,C:/Users/KUBA/GitProjects/WKIRO-Project/data/CL007/Session1/Overground_Run/Run_Fast/Post_Process/Run_Fast3.csv,female,0,train
CL007,Session1,overground,run,fast,Overground_Run,Run_Fast,C:/Users/KUBA/GitProjects/WKIRO-Project/data/CL007/Session1/Overground_Run/Run_Fast/Post_Process/Run_Fast4.csv,female,0,test
CL007,Session1,overground,run,fast,Overground_Run,Run_Fast,C:/Users/KUBA/GitProjects/WKIRO-Project/data/CL007/Session1/Overground_Run/Run_Fast/Post_Process/Run_Fast5.csv,female,0,train
CL007,Session1,overground,run,fast,Overground_Run,Run_Fast,C:/Users/KUBA/GitProjects/WKIRO-Project/data/CL007/Session1/Overground_Run/Run_Fast/Post_Process/Run_Fast6.csv,female,0,test
CL007,Session1,overground,run,fast,Overground_Run,Run_Fast,C:/Users/KUBA/GitProjects/WKIRO-Project/data/CL007/Session1/Overground_Run/Run_Fast/Post_Process/Run_Fast7.csv,female,0,test
CL007,Session1,overground,run,fast,Overground_Run,Run_Fast,C:/Users/KUBA/GitProjects/WKIRO-Project/data/CL007/Session1/Overground_Run/Run_Fast/Post_Process/Run_Fast8.csv,female,0,train
CL007,Session1,overground,walk,comfortable,Overground_Walk,Walk_Comfortable,C:/Users/KUBA/GitProjects/WKIRO-Project/data/CL007/Session1/Overground_Walk/Walk_Comfortable/Post_Process/Walk_Comfortable1.csv,female,0,train
CL007,Session1,overground,walk,comfortable,Overground_Walk,Walk_Comfortable,C:/Users/KUBA/GitProjects/WKIRO-Project/data/CL007/Session1/Overground_Walk/Walk_Comfortable/Post_Process/Walk_Comfortable2.csv,female,0,test
CL007,Session1,overground,walk,comfortable,Overground_Walk,Walk_Comfortable,C:/Users/KUBA/GitProjects/WKIRO-Project/data/CL007/Session1/Overground_Walk/Walk_Comfortable/Post_Process/Walk_Comfortable3.csv,female,0,train
CL007,Session1,overground,walk,comfortable,Overground_Walk,Walk_Comfortable,C:/Users/KUBA/GitProjects/WKIRO-Project/data/CL007/Session1/Overground_Walk/Walk_Comfortable/Post_Process/Walk_Comfortable4.csv,female,0,train
CL007,Session1,overground,walk,comfortable,Overground_Walk,Walk_Comfortable,C:/Users/KUBA/GitProjects/WKIRO-Project/data/CL007/Session1/Overground_Walk/Walk_Comfortable/Post_Process/Walk_Comfortable5.csv,female,0,train
CL007,Session1,overground,walk,comfortable,Overground_Walk,Walk_Comfortable,C:/Users/KUBA/GitProjects/WKIRO-Project/data/CL007/Session1/Overground_Walk/Walk_Comfortable/Post_Process/Walk_Comfortable6.csv,female,0,val
CL007,Session1,overground,walk,fast,Overground_Walk,Walk_Fast,C:/Users/KUBA/GitProjects/WKIRO-Project/data/CL007/Session1/Overground_Walk/Walk_Fast/Post_Process/Walk_Fast1.csv,female,0,train
CL007,Session1,overground,walk,fast,Overground_Walk,Walk_Fast,C:/Users/KUBA/GitProjects/WKIRO-Project/data/CL007/Session1/Overground_Walk/Walk_Fast/Post_Process/Walk_Fast10.csv,female,0,train
CL007,Session1,overground,walk,fast,Overground_Walk,Walk_Fast,C:/Users/KUBA/GitProjects/WKIRO-Project/data/CL007/Session1/Overground_Walk/Walk_Fast/Post_Process/Walk_Fast2.csv,female,0,train
CL007,Session1,overground,walk,fast,Overground_Walk,Walk_Fast,C:/Users/KUBA/GitProjects/WKIRO-Project/data/CL007/Session1/Overground_Walk/Walk_Fast/Post_Process/Walk_Fast3.csv,female,0,train
CL007,Session1,overground,walk,fast,Overground_Walk,Walk_Fast,C:/Users/KUBA/GitProjects/WKIRO-Project/data/CL007/Session1/Overground_Walk/Walk_Fast/Post_Process/Walk_Fast4.csv,female,0,train
CL007,Session1,overground,walk,fast,Overground_Walk,Walk_Fast,C:/Users/KUBA/GitProjects/WKIRO-Project/data/CL007/Session1/Overground_Walk/Walk_Fast/Post_Process/Walk_Fast5.csv,female,0,train
CL007,Session1,overground,walk,fast,Overground_Walk,Walk_Fast,C:/Users/KUBA/GitProjects/WKIRO-Project/data/CL007/Session1/Overground_Walk/Walk_Fast/Post_Process/Walk_Fast6.csv,female,0,test
CL007,Session1,overground,walk,fast,Overground_Walk,Walk_Fast,C:/Users/KUBA/GitProjects/WKIRO-Project/data/CL007/Session1/Overground_Walk/Walk_Fast/Post_Process/Walk_Fast7.csv,female,0,train
CL007,Session1,overground,walk,fast,Overground_Walk,Walk_Fast,C:/Users/KUBA/GitProjects/WKIRO-Project/data/CL007/Session1/Overground_Walk/Walk_Fast/Post_Process/Walk_Fast8.csv,female,0,train
CL007,Session1,overground,walk,fast,Overground_Walk,Walk_Fast,C:/Users/KUBA/GitProjects/WKIRO-Project/data/CL007/Session1/Overground_Walk/Walk_Fast/Post_Process/Walk_Fast9.csv,female,0,train
CL007,Session1,overground,walk,slow,Overground_Walk,Walk_Slow,C:/Users/KUBA/GitProjects/WKIRO-Project/data/CL007/Session1/Overground_Walk/Walk_Slow/Post_Process/Walk_Slow1.csv,female,0,val
CL007,Session1,overground,walk,slow,Overground_Walk,Walk_Slow,C:/Users/KUBA/GitProjects/WKIRO-Project/data/CL007/Session1/Overground_Walk/Walk_Slow/Post_Process/Walk_Slow2.csv,female,0,train
CL007,Session1,overground,walk,slow,Overground_Walk,Walk_Slow,C:/Users/KUBA/GitProjects/WKIRO-Project/data/CL007/Session1/Overground_Walk/Walk_Slow/Post_Process/Walk_Slow3.csv,female,0,train
CL007,Session1,overground,walk,slow,Overground_Walk,Walk_Slow,C:/Users/KUBA/GitProjects/WKIRO-Project/data/CL007/Session1/Overground_Walk/Walk_Slow/Post_Process/Walk_Slow4.csv,female,0,train
CL007,Session1,overground,walk,slow,Overground_Walk,Walk_Slow,C:/Users/KUBA/GitProjects/WKIRO-Project/data/CL007/Session1/Overground_Walk/Walk_Slow/Post_Process/Walk_Slow5.csv,female,0,train
CL007,Session1,overground,walk,slow,Overground_Walk,Walk_Slow,C:/Users/KUBA/GitProjects/WKIRO-Project/data/CL007/Session1/Overground_Walk/Walk_Slow/Post_Process/Walk_Slow6.csv,female,0,val
CL007,Session1,overground,walk,slow,Overground_Walk,Walk_Slow,C:/Users/KUBA/GitProjects/WKIRO-Project/data/CL007/Session1/Overground_Walk/Walk_Slow/Post_Process/Walk_Slow7.csv,female,0,test
CL007,Session1,overground,walk,slow,Overground_Walk,Walk_Slow,C:/Users/KUBA/GitProjects/WKIRO-Project/data/CL007/Session1/Overground_Walk/Walk_Slow/Post_Process/Walk_Slow8.csv,female,0,val
CL007,Session1,overground,walk,slow,Overground_Walk,Walk_Slow,C:/Users/KUBA/GitProjects/WKIRO-Project/data/CL007/Session1/Overground_Walk/Walk_Slow/Post_Process/Walk_Slow9.csv,female,0,train
CL007,Session1,treadmill,run,comfortable,Treadmill_Run,Treadmill_Run_Comfortable,C:/Users/KUBA/GitProjects/WKIRO-Project/data/CL007/Session1/Treadmill_Run/Treadmill_Run_Comfortable/Post_Process/Treadmill_Run_Comfortable.csv,female,0,val
CL007,Session1,treadmill,run,fast,Treadmill_Run,Treadmill_Run_Fast,C:/Users/KUBA/GitProjects/WKIRO-Project/data/CL007/Session1/Treadmill_Run/Treadmill_Run_Fast/Post_Process/Treadmill_Run_Fast.csv,female,0,train
CL007,Session1,treadmill,walk,comfortable,Treadmill_Walk,Treadmill_Walk_Comfortable,C:/Users/KUBA/GitProjects/WKIRO-Project/data/CL007/Session1/Treadmill_Walk/Treadmill_Walk_Comfortable/Post_Process/Treadmill_Walk_Comfortable.csv,female,0,train
CL007,Session1,treadmill,walk,fast,Treadmill_Walk,Treadmill_Walk_Fast,C:/Users/KUBA/GitProjects/WKIRO-Project/data/CL007/Session1/Treadmill_Walk/Treadmill_Walk_Fast/Post_Process/Treadmill_Walk_Fast.csv,female,0,train
CL007,Session1,treadmill,walk,slow,Treadmill_Walk,Treadmill_Walk_Slow,C:/Users/KUBA/GitProjects/WKIRO-Project/data/CL007/Session1/Treadmill_Walk/Treadmill_Walk_Slow/Post_Process/Treadmill_Walk_Slow.csv,female,0,train
CL007,Session2,overground,run,comfortable,Overground_Run,Run_Comfortable,C:/Users/KUBA/GitProjects/WKIRO-Project/data/CL007/Session2/Overground_Run/Run_Comfortable/Post_Process/Run_Comfortable1.csv,female,0,test
CL007,Session2,overground,run,comfortable,Overground_Run,Run_Comfortable,C:/Users/KUBA/GitProjects/WKIRO-Project/data/CL007/Session2/Overground_Run/Run_Comfortable/Post_Process/Run_Comfortable10.csv,female,0,train
CL007,Session2,overground,run,comfortable,Overground_Run,Run_Comfortable,C:/Users/KUBA/GitProjects/WKIRO-Project/data/CL007/Session2/Overground_Run/Run_Comfortable/Post_Process/Run_Comfortable11.csv,female,0,train
CL007,Session2,overground,run,comfortable,Overground_Run,Run_Comfortable,C:/Users/KUBA/GitProjects/WKIRO-Project/data/CL007/Session2/Overground_Run/Run_Comfortable/Post_Process/Run_Comfortable12.csv,female,0,train
CL007,Session2,overground,run,comfortable,Overground_Run,Run_Comfortable,C:/Users/KUBA/GitProjects/WKIRO-Project/data/CL007/Session2/Overground_Run/Run_Comfortable/Post_Process/Run_Comfortable13.csv,female,0,val
CL007,Session2,overground,run,comfortable,Overground_Run,Run_Comfortable,C:/Users/KUBA/GitProjects/WKIRO-Project/data/CL007/Session2/Overground_Run/Run_Comfortable/Post_Process/Run_Comfortable14.csv,female,0,train
CL007,Session2,overground,run,comfortable,Overground_Run,Run_Comfortable,C:/Users/KUBA/GitProjects/WKIRO-Project/data/CL007/Session2/Overground_Run/Run_Comfortable/Post_Process/Run_Comfortable2.csv,female,0,train
CL007,Session2,overground,run,comfortable,Overground_Run,Run_Comfortable,C:/Users/KUBA/GitProjects/WKIRO-Project/data/CL007/Session2/Overground_Run/Run_Comfortable/Post_Process/Run_Comfortable3.csv,female,0,train
CL007,Session2,overground,run,comfortable,Overground_Run,Run_Comfortable,C:/Users/KUBA/GitProjects/WKIRO-Project/data/CL007/Session2/Overground_Run/Run_Comfortable/Post_Process/Run_Comfortable4.csv,female,0,test
CL007,Session2,overground,run,comfortable,Overground_Run,Run_Comfortable,C:/Users/KUBA/GitProjects/WKIRO-Project/data/CL007/Session2/Overground_Run/Run_Comfortable/Post_Process/Run_Comfortable5.csv,female,0,train
CL007,Session2,overground,run,comfortable,Overground_Run,Run_Comfortable,C:/Users/KUBA/GitProjects/WKIRO-Project/data/CL007/Session2/Overground_Run/Run_Comfortable/Post_Process/Run_Comfortable6.csv,female,0,train
CL007,Session2,overground,run,comfortable,Overground_Run,Run_Comfortable,C:/Users/KUBA/GitProjects/WKIRO-Project/data/CL007/Session2/Overground_Run/Run_Comfortable/Post_Process/Run_Comfortable7.csv,female,0,val
CL007,Session2,overground,run,comfortable,Overground_Run,Run_Comfortable,C:/Users/KUBA/GitProjects/WKIRO-Project/data/CL007/Session2/Overground_Run/Run_Comfortable/Post_Process/Run_Comfortable8.csv,female,0,val
CL007,Session2,overground,run,comfortable,Overground_Run,Run_Comfortable,C:/Users/KUBA/GitProjects/WKIRO-Project/data/CL007/Session2/Overground_Run/Run_Comfortable/Post_Process/Run_Comfortable9.csv,female,0,train
CL007,Session2,overground,run,fast,Overground_Run,Run_Fast,C:/Users/KUBA/GitProjects/WKIRO-Project/data/CL007/Session2/Overground_Run/Run_Fast/Post_Process/Run_Fast1.csv,female,0,train
CL007,Session2,overground,run,fast,Overground_Run,Run_Fast,C:/Users/KUBA/GitProjects/WKIRO-Project/data/CL007/Session2/Overground_Run/Run_Fast/Post_Process/Run_Fast10.csv,female,0,train
CL007,Session2,overground,run,fast,Overground_Run,Run_Fast,C:/Users/KUBA/GitProjects/WKIRO-Project/data/CL007/Session2/Overground_Run/Run_Fast/Post_Process/Run_Fast11.csv,female,0,test
CL007,Session2,overground,run,fast,Overground_Run,Run_Fast,C:/Users/KUBA/GitProjects/WKIRO-Project/data/CL007/Session2/Overground_Run/Run_Fast/Post_Process/Run_Fast12.csv,female,0,train
CL007,Session2,overground,run,fast,Overground_Run,Run_Fast,C:/Users/KUBA/GitProjects/WKIRO-Project/data/CL007/Session2/Overground_Run/Run_Fast/Post_Process/Run_Fast13.csv,female,0,train
CL007,Session2,overground,run,fast,Overground_Run,Run_Fast,C:/Users/KUBA/GitProjects/WKIRO-Project/data/CL007/Session2/Overground_Run/Run_Fast/Post_Process/Run_Fast14.csv,female,0,train
CL007,Session2,overground,run,fast,Overground_Run,Run_Fast,C:/Users/KUBA/GitProjects/WKIRO-Project/data/CL007/Session2/Overground_Run/Run_Fast/Post_Process/Run_Fast2.csv,female,0,train
CL007,Session2,overground,run,fast,Overground_Run,Run_Fast,C:/Users/KUBA/GitProjects/WKIRO-Project/data/CL007/Session2/Overground_Run/Run_Fast/Post_Process/Run_Fast3.csv,female,0,train
CL007,Session2,overground,run,fast,Overground_Run,Run_Fast,C:/Users/KUBA/GitProjects/WKIRO-Project/data/CL007/Session2/Overground_Run/Run_Fast/Post_Process/Run_Fast4.csv,female,0,train
CL007,Session2,overground,run,fast,Overground_Run,Run_Fast,C:/Users/KUBA/GitProjects/WKIRO-Project/data/CL007/Session2/Overground_Run/Run_Fast/Post_Process/Run_Fast5.csv,female,0,train
CL007,Session2,overground,run,fast,Overground_Run,Run_Fast,C:/Users/KUBA/GitProjects/WKIRO-Project/data/CL007/Session2/Overground_Run/Run_Fast/Post_Process/Run_Fast6.csv,female,0,train
CL007,Session2,overground,run,fast,Overground_Run,Run_Fast,C:/Users/KUBA/GitProjects/WKIRO-Project/data/CL007/Session2/Overground_Run/Run_Fast/Post_Process/Run_Fast7.csv,female,0,train
CL007,Session2,overground,run,fast,Overground_Run,Run_Fast,C:/Users/KUBA/GitProjects/WKIRO-Project/data/CL007/Session2/Overground_Run/Run_Fast/Post_Process/Run_Fast8.csv,female,0,val
CL007,Session2,overground,run,fast,Overground_Run,Run_Fast,C:/Users/KUBA/GitProjects/WKIRO-Project/data/CL007/Session2/Overground_Run/Run_Fast/Post_Process/Run_Fast9.csv,female,0,train
CL007,Session2,overground,walk,comfortable,Overground_Walk,Walk_Comfortable,C:/Users/KUBA/GitProjects/WKIRO-Project/data/CL007/Session2/Overground_Walk/Walk_Comfortable/Post_Process/Walk_Comfortable1.csv,female,0,train
CL007,Session2,overground,walk,comfortable,Overground_Walk,Walk_Comfortable,C:/Users/KUBA/GitProjects/WKIRO-Project/data/CL007/Session2/Overground_Walk/Walk_Comfortable/Post_Process/Walk_Comfortable2.csv,female,0,val
CL007,Session2,overground,walk,comfortable,Overground_Walk,Walk_Comfortable,C:/Users/KUBA/GitProjects/WKIRO-Project/data/CL007/Session2/Overground_Walk/Walk_Comfortable/Post_Process/Walk_Comfortable3.csv,female,0,train
CL007,Session2,overground,walk,comfortable,Overground_Walk,Walk_Comfortable,C:/Users/KUBA/GitProjects/WKIRO-Project/data/CL007/Session2/Overground_Walk/Walk_Comfortable/Post_Process/Walk_Comfortable4.csv,female,0,train
CL007,Session2,overground,walk,comfortable,Overground_Walk,Walk_Comfortable,C:/Users/KUBA/GitProjects/WKIRO-Project/data/CL007/Session2/Overground_Walk/Walk_Comfortable/Post_Process/Walk_Comfortable5.csv,female,0,val
CL007,Session2,overground,walk,comfortable,Overground_Walk,Walk_Comfortable,C:/Users/KUBA/GitProjects/WKIRO-Project/data/CL007/Session2/Overground_Walk/Walk_Comfortable/Post_Process/Walk_Comfortable6.csv,female,0,train
CL007,Session2,overground,walk,fast,Overground_Walk,Walk_Fast,C:/Users/KUBA/GitProjects/WKIRO-Project/data/CL007/Session2/Overground_Walk/Walk_Fast/Post_Process/Walk_Fast1.csv,female,0,train
CL007,Session2,overground,walk,fast,Overground_Walk,Walk_Fast,C:/Users/KUBA/GitProjects/WKIRO-Project/data/CL007/Session2/Overground_Walk/Walk_Fast/Post_Process/Walk_Fast10.csv,female,0,val
CL007,Session2,overground,walk,fast,Overground_Walk,Walk_Fast,C:/Users/KUBA/GitProjects/WKIRO-Project/data/CL007/Session2/Overground_Walk/Walk_Fast/Post_Process/Walk_Fast2.csv,female,0,test
CL007,Session2,overground,walk,fast,Overground_Walk,Walk_Fast,C:/Users/KUBA/GitProjects/WKIRO-Project/data/CL007/Session2/Overground_Walk/Walk_Fast/Post_Process/Walk_Fast3.csv,female,0,val
CL007,Session2,overground,walk,fast,Overground_Walk,Walk_Fast,C:/Users/KUBA/GitProjects/WKIRO-Project/data/CL007/Session2/Overground_Walk/Walk_Fast/Post_Process/Walk_Fast4.csv,female,0,train
CL007,Session2,overground,walk,fast,Overground_Walk,Walk_Fast,C:/Users/KUBA/GitProjects/WKIRO-Project/data/CL007/Session2/Overground_Walk/Walk_Fast/Post_Process/Walk_Fast5.csv,female,0,train
CL007,Session2,overground,walk,fast,Overground_Walk,Walk_Fast,C:/Users/KUBA/GitProjects/WKIRO-Project/data/CL007/Session2/Overground_Walk/Walk_Fast/Post_Process/Walk_Fast6.csv,female,0,test
CL007,Session2,overground,walk,fast,Overground_Walk,Walk_Fast,C:/Users/KUBA/GitProjects/WKIRO-Project/data/CL007/Session2/Overground_Walk/Walk_Fast/Post_Process/Walk_Fast7.csv,female,0,test
CL007,Session2,overground,walk,fast,Overground_Walk,Walk_Fast,C:/Users/KUBA/GitProjects/WKIRO-Project/data/CL007/Session2/Overground_Walk/Walk_Fast/Post_Process/Walk_Fast8.csv,female,0,train
CL007,Session2,overground,walk,fast,Overground_Walk,Walk_Fast,C:/Users/KUBA/GitProjects/WKIRO-Project/data/CL007/Session2/Overground_Walk/Walk_Fast/Post_Process/Walk_Fast9.csv,female,0,train
CL007,Session2,overground,walk,slow,Overground_Walk,Walk_Slow,C:/Users/KUBA/GitProjects/WKIRO-Project/data/CL007/Session2/Overground_Walk/Walk_Slow/Post_Process/Walk_Slow1.csv,female,0,val
CL007,Session2,overground,walk,slow,Overground_Walk,Walk_Slow,C:/Users/KUBA/GitProjects/WKIRO-Project/data/CL007/Session2/Overground_Walk/Walk_Slow/Post_Process/Walk_Slow2.csv,female,0,train
CL007,Session2,overground,walk,slow,Overground_Walk,Walk_Slow,C:/Users/KUBA/GitProjects/WKIRO-Project/data/CL007/Session2/Overground_Walk/Walk_Slow/Post_Process/Walk_Slow3.csv,female,0,train
CL007,Session2,overground,walk,slow,Overground_Walk,Walk_Slow,C:/Users/KUBA/GitProjects/WKIRO-Project/data/CL007/Session2/Overground_Walk/Walk_Slow/Post_Process/Walk_Slow4.csv,female,0,train
CL007,Session2,overground,walk,slow,Overground_Walk,Walk_Slow,C:/Users/KUBA/GitProjects/WKIRO-Project/data/CL007/Session2/Overground_Walk/Walk_Slow/Post_Process/Walk_Slow5.csv,female,0,train
CL007,Session2,overground,walk,slow,Overground_Walk,Walk_Slow,C:/Users/KUBA/GitProjects/WKIRO-Project/data/CL007/Session2/Overground_Walk/Walk_Slow/Post_Process/Walk_Slow6.csv,female,0,train
CL007,Session2,overground,walk,slow,Overground_Walk,Walk_Slow,C:/Users/KUBA/GitProjects/WKIRO-Project/data/CL007/Session2/Overground_Walk/Walk_Slow/Post_Process/Walk_Slow7.csv,female,0,train
CL007,Session2,overground,walk,slow,Overground_Walk,Walk_Slow,C:/Users/KUBA/GitProjects/WKIRO-Project/data/CL007/Session2/Overground_Walk/Walk_Slow/Post_Process/Walk_Slow8.csv,female,0,test
CL007,Session2,treadmill,run,comfortable,Treadmill_Run,Treadmill_Run_Comfortable,C:/Users/KUBA/GitProjects/WKIRO-Project/data/CL007/Session2/Treadmill_Run/Treadmill_Run_Comfortable/Post_Process/Treadmill_Run_Comfortable.csv,female,0,train
CL007,Session2,treadmill,run,fast,Treadmill_Run,Treadmill_Run_Fast,C:/Users/KUBA/GitProjects/WKIRO-Project/data/CL007/Session2/Treadmill_Run/Treadmill_Run_Fast/Post_Process/Treadmill_Run_Fast.csv,female,0,test
CL007,Session2,treadmill,walk,comfortable,Treadmill_Walk,Treadmill_Walk_Comfortable,C:/Users/KUBA/GitProjects/WKIRO-Project/data/CL007/Session2/Treadmill_Walk/Treadmill_Walk_Comfortable/Post_Process/Treadmill_Walk_Comfortable.csv,female,0,train
CL007,Session2,treadmill,walk,fast,Treadmill_Walk,Treadmill_Walk_Fast,C:/Users/KUBA/GitProjects/WKIRO-Project/data/CL007/Session2/Treadmill_Walk/Treadmill_Walk_Fast/Post_Process/Treadmill_Walk_Fast.csv,female,0,test
CL007,Session2,treadmill,walk,slow,Treadmill_Walk,Treadmill_Walk_Slow,C:/Users/KUBA/GitProjects/WKIRO-Project/data/CL007/Session2/Treadmill_Walk/Treadmill_Walk_Slow/Post_Process/Treadmill_Walk_Slow.csv,female,0,train
DA013,Session1,overground,run,comfortable,Overground_Run,Run_Comfortable,C:/Users/KUBA/GitProjects/WKIRO-Project/data/DA013/Session1/Overground_Run/Run_Comfortable/Post_Process/Run_Comfortable1.csv,male,1,test
DA013,Session1,overground,run,comfortable,Overground_Run,Run_Comfortable,C:/Users/KUBA/GitProjects/WKIRO-Project/data/DA013/Session1/Overground_Run/Run_Comfortable/Post_Process/Run_Comfortable10.csv,male,1,train
DA013,Session1,overground,run,comfortable,Overground_Run,Run_Comfortable,C:/Users/KUBA/GitProjects/WKIRO-Project/data/DA013/Session1/Overground_Run/Run_Comfortable/Post_Process/Run_Comfortable2.csv,male,1,train
DA013,Session1,overground,run,comfortable,Overground_Run,Run_Comfortable,C:/Users/KUBA/GitProjects/WKIRO-Project/data/DA013/Session1/Overground_Run/Run_Comfortable/Post_Process/Run_Comfortable3.csv,male,1,val
DA013,Session1,overground,run,comfortable,Overground_Run,Run_Comfortable,C:/Users/KUBA/GitProjects/WKIRO-Project/data/DA013/Session1/Overground_Run/Run_Comfortable/Post_Process/Run_Comfortable4.csv,male,1,train
DA013,Session1,overground,run,comfortable,Overground_Run,Run_Comfortable,C:/Users/KUBA/GitProjects/WKIRO-Project/data/DA013/Session1/Overground_Run/Run_Comfortable/Post_Process/Run_Comfortable5.csv,male,1,test
DA013,Session1,overground,run,comfortable,Overground_Run,Run_Comfortable,C:/Users/KUBA/GitProjects/WKIRO-Project/data/DA013/Session1/Overground_Run/Run_Comfortable/Post_Process/Run_Comfortable6.csv,male,1,train
DA013,Session1,overground,run,comfortable,Overground_Run,Run_Comfortable,C:/Users/KUBA/GitProjects/WKIRO-Project/data/DA013/Session1/Overground_Run/Run_Comfortable/Post_Process/Run_Comfortable7.csv,male,1,train
DA013,Session1,overground,run,comfortable,Overground_Run,Run_Comfortable,C:/Users/KUBA/GitProjects/WKIRO-Project/data/DA013/Session1/Overground_Run/Run_Comfortable/Post_Process/Run_Comfortable8.csv,male,1,train
DA013,Session1,overground,run,comfortable,Overground_Run,Run_Comfortable,C:/Users/KUBA/GitProjects/WKIRO-Project/data/DA013/Session1/Overground_Run/Run_Comfortable/Post_Process/Run_Comfortable9.csv,male,1,train
DA013,Session1,overground,run,fast,Overground_Run,Run_Fast,C:/Users/KUBA/GitProjects/WKIRO-Project/data/DA013/Session1/Overground_Run/Run_Fast/Post_Process/Run_Fast1.csv,male,1,val
DA013,Session1,overground,run,fast,Overground_Run,Run_Fast,C:/Users/KUBA/GitProjects/WKIRO-Project/data/DA013/Session1/Overground_Run/Run_Fast/Post_Process/Run_Fast10.csv,male,1,train
DA013,Session1,overground,run,fast,Overground_Run,Run_Fast,C:/Users/KUBA/GitProjects/WKIRO-Project/data/DA013/Session1/Overground_Run/Run_Fast/Post_Process/Run_Fast2.csv,male,1,train
DA013,Session1,overground,run,fast,Overground_Run,Run_Fast,C:/Users/KUBA/GitProjects/WKIRO-Project/data/DA013/Session1/Overground_Run/Run_Fast/Post_Process/Run_Fast3.csv,male,1,train
DA013,Session1,overground,run,fast,Overground_Run,Run_Fast,C:/Users/KUBA/GitProjects/WKIRO-Project/data/DA013/Session1/Overground_Run/Run_Fast/Post_Process/Run_Fast4.csv,male,1,train
DA013,Session1,overground,run,fast,Overground_Run,Run_Fast,C:/Users/KUBA/GitProjects/WKIRO-Project/data/DA013/Session1/Overground_Run/Run_Fast/Post_Process/Run_Fast5.csv,male,1,train
DA013,Session1,overground,run,fast,Overground_Run,Run_Fast,C:/Users/KUBA/GitProjects/WKIRO-Project/data/DA013/Session1/Overground_Run/Run_Fast/Post_Process/Run_Fast6.csv,male,1,val
DA013,Session1,overground,run,fast,Overground_Run,Run_Fast,C:/Users/KUBA/GitProjects/WKIRO-Project/data/DA013/Session1/Overground_Run/Run_Fast/Post_Process/Run_Fast7.csv,male,1,test
DA013,Session1,overground,run,fast,Overground_Run,Run_Fast,C:/Users/KUBA/GitProjects/WKIRO-Project/data/DA013/Session1/Overground_Run/Run_Fast/Post_Process/Run_Fast8.csv,male,1,train
DA013,Session1,overground,run,fast,Overground_Run,Run_Fast,C:/Users/KUBA/GitProjects/WKIRO-Project/data/DA013/Session1/Overground_Run/Run_Fast/Post_Process/Run_Fast9.csv,male,1,test
DA013,Session1,overground,walk,comfortable,Overground_Walk,Walk_Comfortable,C:/Users/KUBA/GitProjects/WKIRO-Project/data/DA013/Session1/Overground_Walk/Walk_Comfortable/Post_Process/Walk_Comfortable1.csv,male,1,train
DA013,Session1,overground,walk,comfortable,Overground_Walk,Walk_Comfortable,C:/Users/KUBA/GitProjects/WKIRO-Project/data/DA013/Session1/Overground_Walk/Walk_Comfortable/Post_Process/Walk_Comfortable2.csv,male,1,val
DA013,Session1,overground,walk,comfortable,Overground_Walk,Walk_Comfortable,C:/Users/KUBA/GitProjects/WKIRO-Project/data/DA013/Session1/Overground_Walk/Walk_Comfortable/Post_Process/Walk_Comfortable3.csv,male,1,val
DA013,Session1,overground,walk,comfortable,Overground_Walk,Walk_Comfortable,C:/Users/KUBA/GitProjects/WKIRO-Project/data/DA013/Session1/Overground_Walk/Walk_Comfortable/Post_Process/Walk_Comfortable4.csv,male,1,train
DA013,Session1,overground,walk,comfortable,Overground_Walk,Walk_Comfortable,C:/Users/KUBA/GitProjects/WKIRO-Project/data/DA013/Session1/Overground_Walk/Walk_Comfortable/Post_Process/Walk_Comfortable5.csv,male,1,train
DA013,Session1,overground,walk,comfortable,Overground_Walk,Walk_Comfortable,C:/Users/KUBA/GitProjects/WKIRO-Project/data/DA013/Session1/Overground_Walk/Walk_Comfortable/Post_Process/Walk_Comfortable6.csv,male,1,train
DA013,Session1,overground,walk,comfortable,Overground_Walk,Walk_Comfortable,C:/Users/KUBA/GitProjects/WKIRO-Project/data/DA013/Session1/Overground_Walk/Walk_Comfortable/Post_Process/Walk_Comfortable7.csv,male,1,train
DA013,Session1,overground,walk,comfortable,Overground_Walk,Walk_Comfortable,C:/Users/KUBA/GitProjects/WKIRO-Project/data/DA013/Session1/Overground_Walk/Walk_Comfortable/Post_Process/Walk_Comfortable8.csv,male,1,train
DA013,Session1,overground,walk,fast,Overground_Walk,Walk_Fast,C:/Users/KUBA/GitProjects/WKIRO-Project/data/DA013/Session1/Overground_Walk/Walk_Fast/Post_Process/Walk_Fast1.csv,male,1,test
DA013,Session1,overground,walk,fast,Overground_Walk,Walk_Fast,C:/Users/KUBA/GitProjects/WKIRO-Project/data/DA013/Session1/Overground_Walk/Walk_Fast/Post_Process/Walk_Fast2.csv,male,1,train
DA013,Session1,overground,walk,fast,Overground_Walk,Walk_Fast,C:/Users/KUBA/GitProjects/WKIRO-Project/data/DA013/Session1/Overground_Walk/Walk_Fast/Post_Process/Walk_Fast3.csv,male,1,test
DA013,Session1,overground,walk,fast,Overground_Walk,Walk_Fast,C:/Users/KUBA/GitProjects/WKIRO-Project/data/DA013/Session1/Overground_Walk/Walk_Fast/Post_Process/Walk_Fast4.csv,male,1,train
DA013,Session1,overground,walk,fast,Overground_Walk,Walk_Fast,C:/Users/KUBA/GitProjects/WKIRO-Project/data/DA013/Session1/Overground_Walk/Walk_Fast/Post_Process/Walk_Fast5.csv,male,1,val
DA013,Session1,overground,walk,fast,Overground_Walk,Walk_Fast,C:/Users/KUBA/GitProjects/WKIRO-Project/data/DA013/Session1/Overground_Walk/Walk_Fast/Post_Process/Walk_Fast6.csv,male,1,train
DA013,Session1,overground,walk,fast,Overground_Walk,Walk_Fast,C:/Users/KUBA/GitProjects/WKIRO-Project/data/DA013/Session1/Overground_Walk/Walk_Fast/Post_Process/Walk_Fast7.csv,male,1,train
DA013,Session1,overground,walk,fast,Overground_Walk,Walk_Fast,C:/Users/KUBA/GitProjects/WKIRO-Project/data/DA013/Session1/Overground_Walk/Walk_Fast/Post_Process/Walk_Fast8.csv,male,1,val
DA013,Session1,overground,walk,slow,Overground_Walk,Walk_Slow,C:/Users/KUBA/GitProjects/WKIRO-Project/data/DA013/Session1/Overground_Walk/Walk_Slow/Post_Process/Walk_Slow1.csv,male,1,train
DA013,Session1,overground,walk,slow,Overground_Walk,Walk_Slow,C:/Users/KUBA/GitProjects/WKIRO-Project/data/DA013/Session1/Overground_Walk/Walk_Slow/Post_Process/Walk_Slow2.csv,male,1,train
DA013,Session1,overground,walk,slow,Overground_Walk,Walk_Slow,C:/Users/KUBA/GitProjects/WKIRO-Project/data/DA013/Session1/Overground_Walk/Walk_Slow/Post_Process/Walk_Slow3.csv,male,1,val
DA013,Session1,overground,walk,slow,Overground_Walk,Walk_Slow,C:/Users/KUBA/GitProjects/WKIRO-Project/data/DA013/Session1/Overground_Walk/Walk_Slow/Post_Process/Walk_Slow4.csv,male,1,train
DA013,Session1,overground,walk,slow,Overground_Walk,Walk_Slow,C:/Users/KUBA/GitProjects/WKIRO-Project/data/DA013/Session1/Overground_Walk/Walk_Slow/Post_Process/Walk_Slow5.csv,male,1,train
DA013,Session1,overground,walk,slow,Overground_Walk,Walk_Slow,C:/Users/KUBA/GitProjects/WKIRO-Project/data/DA013/Session1/Overground_Walk/Walk_Slow/Post_Process/Walk_Slow6.csv,male,1,train
DA013,Session1,overground,walk,slow,Overground_Walk,Walk_Slow,C:/Users/KUBA/GitProjects/WKIRO-Project/data/DA013/Session1/Overground_Walk/Walk_Slow/Post_Process/Walk_Slow7.csv,male,1,train
DA013,Session1,overground,walk,slow,Overground_Walk,Walk_Slow,C:/Users/KUBA/GitProjects/WKIRO-Project/data/DA013/Session1/Overground_Walk/Walk_Slow/Post_Process/Walk_Slow8.csv,male,1,train
DA013,Session1,treadmill,run,comfortable,Treadmill_Run,Treadmill_Run_Comfortable,C:/Users/KUBA/GitProjects/WKIRO-Project/data/DA013/Session1/Treadmill_Run/Treadmill_Run_Comfortable/Post_Process/Treadmill_Run_Comfortable.csv,male,1,train
DA013,Session1,treadmill,run,fast,Treadmill_Run,Treadmill_Run_Fast,C:/Users/KUBA/GitProjects/WKIRO-Project/data/DA013/Session1/Treadmill_Run/Treadmill_Run_Fast/Post_Process/Treadmill_Run_Fast.csv,male,1,train
DA013,Session1,treadmill,walk,comfortable,Treadmill_Walk,Treadmill_Walk_Comfortable,C:/Users/KUBA/GitProjects/WKIRO-Project/data/DA013/Session1/Treadmill_Walk/Treadmill_Walk_Comfortable/Post_Process/Treadmill_Walk_Comfortable.csv,male,1,train
DA013,Session1,treadmill,walk,fast,Treadmill_Walk,Treadmill_Walk_Fast,C:/Users/KUBA/GitProjects/WKIRO-Project/data/DA013/Session1/Treadmill_Walk/Treadmill_Walk_Fast/Post_Process/Treadmill_Walk_Fast.csv,male,1,val
DA013,Session1,treadmill,walk,slow,Treadmill_Walk,Treadmill_Walk_Slow,C:/Users/KUBA/GitProjects/WKIRO-Project/data/DA013/Session1/Treadmill_Walk/Treadmill_Walk_Slow/Post_Process/Treadmill_Walk_Slow.csv,male,1,train
DA013,Session2,overground,run,comfortable,Overground_Run,Run_Comfortable,C:/Users/KUBA/GitProjects/WKIRO-Project/data/DA013/Session2/Overground_Run/Run_Comfortable/Post_Process/Run_Comfortable1.csv,male,1,train
DA013,Session2,overground,run,comfortable,Overground_Run,Run_Comfortable,C:/Users/KUBA/GitProjects/WKIRO-Project/data/DA013/Session2/Overground_Run/Run_Comfortable/Post_Process/Run_Comfortable10.csv,male,1,test
DA013,Session2,overground,run,comfortable,Overground_Run,Run_Comfortable,C:/Users/KUBA/GitProjects/WKIRO-Project/data/DA013/Session2/Overground_Run/Run_Comfortable/Post_Process/Run_Comfortable2.csv,male,1,train
DA013,Session2,overground,run,comfortable,Overground_Run,Run_Comfortable,C:/Users/KUBA/GitProjects/WKIRO-Project/data/DA013/Session2/Overground_Run/Run_Comfortable/Post_Process/Run_Comfortable3.csv,male,1,train
DA013,Session2,overground,run,comfortable,Overground_Run,Run_Comfortable,C:/Users/KUBA/GitProjects/WKIRO-Project/data/DA013/Session2/Overground_Run/Run_Comfortable/Post_Process/Run_Comfortable4.csv,male,1,val
DA013,Session2,overground,run,comfortable,Overground_Run,Run_Comfortable,C:/Users/KUBA/GitProjects/WKIRO-Project/data/DA013/Session2/Overground_Run/Run_Comfortable/Post_Process/Run_Comfortable5.csv,male,1,val
DA013,Session2,overground,run,comfortable,Overground_Run,Run_Comfortable,C:/Users/KUBA/GitProjects/WKIRO-Project/data/DA013/Session2/Overground_Run/Run_Comfortable/Post_Process/Run_Comfortable6.csv,male,1,train
DA013,Session2,overground,run,comfortable,Overground_Run,Run_Comfortable,C:/Users/KUBA/GitProjects/WKIRO-Project/data/DA013/Session2/Overground_Run/Run_Comfortable/Post_Process/Run_Comfortable7.csv,male,1,train
DA013,Session2,overground,run,comfortable,Overground_Run,Run_Comfortable,C:/Users/KUBA/GitProjects/WKIRO-Project/data/DA013/Session2/Overground_Run/Run_Comfortable/Post_Process/Run_Comfortable8.csv,male,1,test
DA013,Session2,overground,run,comfortable,Overground_Run,Run_Comfortable,C:/Users/KUBA/GitProjects/WKIRO-Project/data/DA013/Session2/Overground_Run/Run_Comfortable/Post_Process/Run_Comfortable9.csv,male,1,val
DA013,Session2,overground,run,fast,Overground_Run,Run_Fast,C:/Users/KUBA/GitProjects/WKIRO-Project/data/DA013/Session2/Overground_Run/Run_Fast/Post_Process/Run_Fast1.csv,male,1,train
DA013,Session2,overground,run,fast,Overground_Run,Run_Fast,C:/Users/KUBA/GitProjects/WKIRO-Project/data/DA013/Session2/Overground_Run/Run_Fast/Post_Process/Run_Fast10.csv,male,1,train
DA013,Session2,overground,run,fast,Overground_Run,Run_Fast,C:/Users/KUBA/GitProjects/WKIRO-Project/data/DA013/Session2/Overground_Run/Run_Fast/Post_Process/Run_Fast2.csv,male,1,train
DA013,Session2,overground,run,fast,Overground_Run,Run_Fast,C:/Users/KUBA/GitProjects/WKIRO-Project/data/DA013/Session2/Overground_Run/Run_Fast/Post_Process/Run_Fast3.csv,male,1,test
DA013,Session2,overground,run,fast,Overground_Run,Run_Fast,C:/Users/KUBA/GitProjects/WKIRO-Project/data/DA013/Session2/Overground_Run/Run_Fast/Post_Process/Run_Fast4.csv,male,1,test
DA013,Session2,overground,run,fast,Overground_Run,Run_Fast,C:/Users/KUBA/GitProjects/WKIRO-Project/data/DA013/Session2/Overground_Run/Run_Fast/Post_Process/Run_Fast5.csv,male,1,val
DA013,Session2,overground,run,fast,Overground_Run,Run_Fast,C:/Users/KUBA/GitProjects/WKIRO-Project/data/DA013/Session2/Overground_Run/Run_Fast/Post_Process/Run_Fast6.csv,male,1,train
DA013,Session2,overground,run,fast,Overground_Run,Run_Fast,C:/Users/KUBA/GitProjects/WKIRO-Project/data/DA013/Session2/Overground_Run/Run_Fast/Post_Process/Run_Fast7.csv,male,1,val
DA013,Session2,overground,run,fast,Overground_Run,Run_Fast,C:/Users/KUBA/GitProjects/WKIRO-Project/data/DA013/Session2/Overground_Run/Run_Fast/Post_Process/Run_Fast8.csv,male,1,train
DA013,Session2,overground,run,fast,Overground_Run,Run_Fast,C:/Users/KUBA/GitProjects/WKIRO-Project/data/DA013/Session2/Overground_Run/Run_Fast/Post_Process/Run_Fast9.csv,male,1,train
DA013,Session2,overground,walk,comfortable,Overground_Walk,Walk_Comfortable,C:/Users/KUBA/GitProjects/WKIRO-Project/data/DA013/Session2/Overground_Walk/Walk_Comfortable/Post_Process/Walk_Comfortable1.csv,male,1,train
DA013,Session2,overground,walk,comfortable,Overground_Walk,Walk_Comfortable,C:/Users/KUBA/GitProjects/WKIRO-Project/data/DA013/Session2/Overground_Walk/Walk_Comfortable/Post_Process/Walk_Comfortable2.csv,male,1,train
DA013,Session2,overground,walk,comfortable,Overground_Walk,Walk_Comfortable,C:/Users/KUBA/GitProjects/WKIRO-Project/data/DA013/Session2/Overground_Walk/Walk_Comfortable/Post_Process/Walk_Comfortable3.csv,male,1,train
DA013,Session2,overground,walk,comfortable,Overground_Walk,Walk_Comfortable,C:/Users/KUBA/GitProjects/WKIRO-Project/data/DA013/Session2/Overground_Walk/Walk_Comfortable/Post_Process/Walk_Comfortable4.csv,male,1,train
DA013,Session2,overground,walk,comfortable,Overground_Walk,Walk_Comfortable,C:/Users/KUBA/GitProjects/WKIRO-Project/data/DA013/Session2/Overground_Walk/Walk_Comfortable/Post_Process/Walk_Comfortable5.csv,male,1,train
DA013,Session2,overground,walk,comfortable,Overground_Walk,Walk_Comfortable,C:/Users/KUBA/GitProjects/WKIRO-Project/data/DA013/Session2/Overground_Walk/Walk_Comfortable/Post_Process/Walk_Comfortable6.csv,male,1,train
DA013,Session2,overground,walk,comfortable,Overground_Walk,Walk_Comfortable,C:/Users/KUBA/GitProjects/WKIRO-Project/data/DA013/Session2/Overground_Walk/Walk_Comfortable/Post_Process/Walk_Comfortable7.csv,male,1,train
DA013,Session2,overground,walk,comfortable,Overground_Walk,Walk_Comfortable,C:/Users/KUBA/GitProjects/WKIRO-Project/data/DA013/Session2/Overground_Walk/Walk_Comfortable/Post_Process/Walk_Comfortable8.csv,male,1,train
DA013,Session2,overground,walk,fast,Overground_Walk,Walk_Fast,C:/Users/KUBA/GitProjects/WKIRO-Project/data/DA013/Session2/Overground_Walk/Walk_Fast/Post_Process/Walk_Fast1.csv,male,1,train
DA013,Session2,overground,walk,fast,Overground_Walk,Walk_Fast,C:/Users/KUBA/GitProjects/WKIRO-Project/data/DA013/Session2/Overground_Walk/Walk_Fast/Post_Process/Walk_Fast2.csv,male,1,train
DA013,Session2,overground,walk,fast,Overground_Walk,Walk_Fast,C:/Users/KUBA/GitProjects/WKIRO-Project/data/DA013/Session2/Overground_Walk/Walk_Fast/Post_Process/Walk_Fast3.csv,male,1,train
DA013,Session2,overground,walk,fast,Overground_Walk,Walk_Fast,C:/Users/KUBA/GitProjects/WKIRO-Project/data/DA013/Session2/Overground_Walk/Walk_Fast/Post_Process/Walk_Fast4.csv,male,1,test
DA013,Session2,overground,walk,fast,Overground_Walk,Walk_Fast,C:/Users/KUBA/GitProjects/WKIRO-Project/data/DA013/Session2/Overground_Walk/Walk_Fast/Post_Process/Walk_Fast5.csv,male,1,val
DA013,Session2,overground,walk,fast,Overground_Walk,Walk_Fast,C:/Users/KUBA/GitProjects/WKIRO-Project/data/DA013/Session2/Overground_Walk/Walk_Fast/Post_Process/Walk_Fast6.csv,male,1,train
DA013,Session2,overground,walk,slow,Overground_Walk,Walk_Slow,C:/Users/KUBA/GitProjects/WKIRO-Project/data/DA013/Session2/Overground_Walk/Walk_Slow/Post_Process/Walk_Slow1.csv,male,1,train
DA013,Session2,overground,walk,slow,Overground_Walk,Walk_Slow,C:/Users/KUBA/GitProjects/WKIRO-Project/data/DA013/Session2/Overground_Walk/Walk_Slow/Post_Process/Walk_Slow2.csv,male,1,train
DA013,Session2,overground,walk,slow,Overground_Walk,Walk_Slow,C:/Users/KUBA/GitProjects/WKIRO-Project/data/DA013/Session2/Overground_Walk/Walk_Slow/Post_Process/Walk_Slow3.csv,male,1,train
DA013,Session2,overground,walk,slow,Overground_Walk,Walk_Slow,C:/Users/KUBA/GitProjects/WKIRO-Project/data/DA013/Session2/Overground_Walk/Walk_Slow/Post_Process/Walk_Slow4.csv,male,1,test
DA013,Session2,overground,walk,slow,Overground_Walk,Walk_Slow,C:/Users/KUBA/GitProjects/WKIRO-Project/data/DA013/Session2/Overground_Walk/Walk_Slow/Post_Process/Walk_Slow5.csv,male,1,train
DA013,Session2,overground,walk,slow,Overground_Walk,Walk_Slow,C:/Users/KUBA/GitProjects/WKIRO-Project/data/DA013/Session2/Overground_Walk/Walk_Slow/Post_Process/Walk_Slow6.csv,male,1,train
DA013,Session2,overground,walk,slow,Overground_Walk,Walk_Slow,C:/Users/KUBA/GitProjects/WKIRO-Project/data/DA013/Session2/Overground_Walk/Walk_Slow/Post_Process/Walk_Slow7.csv,male,1,test
DA013,Session2,overground,walk,slow,Overground_Walk,Walk_Slow,C:/Users/KUBA/GitProjects/WKIRO-Project/data/DA013/Session2/Overground_Walk/Walk_Slow/Post_Process/Walk_Slow8.csv,male,1,test
DA013,Session2,treadmill,run,comfortable,Treadmill_Run,Treadmill_Run_Comfortable,C:/Users/KUBA/GitProjects/WKIRO-Project/data/DA013/Session2/Treadmill_Run/Treadmill_Run_Comfortable/Post_Process/Treadmill_Run_Comfortable.csv,male,1,train
DA013,Session2,treadmill,run,fast,Treadmill_Run,Treadmill_Run_Fast,C:/Users/KUBA/GitProjects/WKIRO-Project/data/DA013/Session2/Treadmill_Run/Treadmill_Run_Fast/Post_Process/Treadmill_Run_Fast.csv,male,1,train
DA013,Session2,treadmill,walk,comfortable,Treadmill_Walk,Treadmill_Walk_Comfortable,C:/Users/KUBA/GitProjects/WKIRO-Project/data/DA013/Session2/Treadmill_Walk/Treadmill_Walk_Comfortable/Post_Process/Treadmill_Walk_Comfortable.csv,male,1,train
DA013,Session2,treadmill,walk,fast,Treadmill_Walk,Treadmill_Walk_Fast,C:/Users/KUBA/GitProjects/WKIRO-Project/data/DA013/Session2/Treadmill_Walk/Treadmill_Walk_Fast/Post_Process/Treadmill_Walk_Fast.csv,male,1,train
DA013,Session2,treadmill,walk,slow,Treadmill_Walk,Treadmill_Walk_Slow,C:/Users/KUBA/GitProjects/WKIRO-Project/data/DA013/Session2/Treadmill_Walk/Treadmill_Walk_Slow/Post_Process/Treadmill_Walk_Slow.csv,male,1,train
DC005,Session1,overground,run,comfortable,Overground_Run,Run_Comfortable,C:/Users/KUBA/GitProjects/WKIRO-Project/data/DC005/Session1/Overground_Run/Run_Comfortable/Post_Process/Run_Comfortable1.csv,male,1,train
DC005,Session1,overground,run,comfortable,Overground_Run,Run_Comfortable,C:/Users/KUBA/GitProjects/WKIRO-Project/data/DC005/Session1/Overground_Run/Run_Comfortable/Post_Process/Run_Comfortable10.csv,male,1,train
DC005,Session1,overground,run,comfortable,Overground_Run,Run_Comfortable,C:/Users/KUBA/GitProjects/WKIRO-Project/data/DC005/Session1/Overground_Run/Run_Comfortable/Post_Process/Run_Comfortable2.csv,male,1,train
DC005,Session1,overground,run,comfortable,Overground_Run,Run_Comfortable,C:/Users/KUBA/GitProjects/WKIRO-Project/data/DC005/Session1/Overground_Run/Run_Comfortable/Post_Process/Run_Comfortable3.csv,male,1,train
DC005,Session1,overground,run,comfortable,Overground_Run,Run_Comfortable,C:/Users/KUBA/GitProjects/WKIRO-Project/data/DC005/Session1/Overground_Run/Run_Comfortable/Post_Process/Run_Comfortable4.csv,male,1,train
DC005,Session1,overground,run,comfortable,Overground_Run,Run_Comfortable,C:/Users/KUBA/GitProjects/WKIRO-Project/data/DC005/Session1/Overground_Run/Run_Comfortable/Post_Process/Run_Comfortable5.csv,male,1,val
DC005,Session1,overground,run,comfortable,Overground_Run,Run_Comfortable,C:/Users/KUBA/GitProjects/WKIRO-Project/data/DC005/Session1/Overground_Run/Run_Comfortable/Post_Process/Run_Comfortable6.csv,male,1,train
DC005,Session1,overground,run,comfortable,Overground_Run,Run_Comfortable,C:/Users/KUBA/GitProjects/WKIRO-Project/data/DC005/Session1/Overground_Run/Run_Comfortable/Post_Process/Run_Comfortable7.csv,male,1,train
DC005,Session1,overground,run,comfortable,Overground_Run,Run_Comfortable,C:/Users/KUBA/GitProjects/WKIRO-Project/data/DC005/Session1/Overground_Run/Run_Comfortable/Post_Process/Run_Comfortable8.csv,male,1,train
DC005,Session1,overground,run,comfortable,Overground_Run,Run_Comfortable,C:/Users/KUBA/GitProjects/WKIRO-Project/data/DC005/Session1/Overground_Run/Run_Comfortable/Post_Process/Run_Comfortable9.csv,male,1,test
DC005,Session1,overground,run,fast,Overground_Run,Run_Fast,C:/Users/KUBA/GitProjects/WKIRO-Project/data/DC005/Session1/Overground_Run/Run_Fast/Post_Process/Run_Fast1.csv,male,1,train
DC005,Session1,overground,run,fast,Overground_Run,Run_Fast,C:/Users/KUBA/GitProjects/WKIRO-Project/data/DC005/Session1/Overground_Run/Run_Fast/Post_Process/Run_Fast10.csv,male,1,train
DC005,Session1,overground,run,fast,Overground_Run,Run_Fast,C:/Users/KUBA/GitProjects/WKIRO-Project/data/DC005/Session1/Overground_Run/Run_Fast/Post_Process/Run_Fast11.csv,male,1,test
DC005,Session1,overground,run,fast,Overground_Run,Run_Fast,C:/Users/KUBA/GitProjects/WKIRO-Project/data/DC005/Session1/Overground_Run/Run_Fast/Post_Process/Run_Fast12.csv,male,1,train
DC005,Session1,overground,run,fast,Overground_Run,Run_Fast,C:/Users/KUBA/GitProjects/WKIRO-Project/data/DC005/Session1/Overground_Run/Run_Fast/Post_Process/Run_Fast13.csv,male,1,train
DC005,Session1,overground,run,fast,Overground_Run,Run_Fast,C:/Users/KUBA/GitProjects/WKIRO-Project/data/DC005/Session1/Overground_Run/Run_Fast/Post_Process/Run_Fast14.csv,male,1,val
DC005,Session1,overground,run,fast,Overground_Run,Run_Fast,C:/Users/KUBA/GitProjects/WKIRO-Project/data/DC005/Session1/Overground_Run/Run_Fast/Post_Process/Run_Fast15.csv,male,1,test
DC005,Session1,overground,run,fast,Overground_Run,Run_Fast,C:/Users/KUBA/GitProjects/WKIRO-Project/data/DC005/Session1/Overground_Run/Run_Fast/Post_Process/Run_Fast2.csv,male,1,train
DC005,Session1,overground,run,fast,Overground_Run,Run_Fast,C:/Users/KUBA/GitProjects/WKIRO-Project/data/DC005/Session1/Overground_Run/Run_Fast/Post_Process/Run_Fast3.csv,male,1,val
DC005,Session1,overground,run,fast,Overground_Run,Run_Fast,C:/Users/KUBA/GitProjects/WKIRO-Project/data/DC005/Session1/Overground_Run/Run_Fast/Post_Process/Run_Fast4.csv,male,1,train
DC005,Session1,overground,run,fast,Overground_Run,Run_Fast,C:/Users/KUBA/GitProjects/WKIRO-Project/data/DC005/Session1/Overground_Run/Run_Fast/Post_Process/Run_Fast5.csv,male,1,val
DC005,Session1,overground,run,fast,Overground_Run,Run_Fast,C:/Users/KUBA/GitProjects/WKIRO-Project/data/DC005/Session1/Overground_Run/Run_Fast/Post_Process/Run_Fast6.csv,male,1,train
DC005,Session1,overground,run,fast,Overground_Run,Run_Fast,C:/Users/KUBA/GitProjects/WKIRO-Project/data/DC005/Session1/Overground_Run/Run_Fast/Post_Process/Run_Fast7.csv,male,1,train
DC005,Session1,overground,run,fast,Overground_Run,Run_Fast,C:/Users/KUBA/GitProjects/WKIRO-Project/data/DC005/Session1/Overground_Run/Run_Fast/Post_Process/Run_Fast8.csv,male,1,val
DC005,Session1,overground,run,fast,Overground_Run,Run_Fast,C:/Users/KUBA/GitProjects/WKIRO-Project/data/DC005/Session1/Overground_Run/Run_Fast/Post_Process/Run_Fast9.csv,male,1,train
DC005,Session1,overground,walk,comfortable,Overground_Walk,Walk_Comfortable,C:/Users/KUBA/GitProjects/WKIRO-Project/data/DC005/Session1/Overground_Walk/Walk_Comfortable/Post_Process/Walk_Comfortable1.csv,male,1,train
DC005,Session1,overground,walk,comfortable,Overground_Walk,Walk_Comfortable,C:/Users/KUBA/GitProjects/WKIRO-Project/data/DC005/Session1/Overground_Walk/Walk_Comfortable/Post_Process/Walk_Comfortable2.csv,male,1,val
DC005,Session1,overground,walk,comfortable,Overground_Walk,Walk_Comfortable,C:/Users/KUBA/GitProjects/WKIRO-Project/data/DC005/Session1/Overground_Walk/Walk_Comfortable/Post_Process/Walk_Comfortable3.csv,male,1,val
DC005,Session1,overground,walk,comfortable,Overground_Walk,Walk_Comfortable,C:/Users/KUBA/GitProjects/WKIRO-Project/data/DC005/Session1/Overground_Walk/Walk_Comfortable/Post_Process/Walk_Comfortable4.csv,male,1,val
DC005,Session1,overground,walk,comfortable,Overground_Walk,Walk_Comfortable,C:/Users/KUBA/GitProjects/WKIRO-Project/data/DC005/Session1/Overground_Walk/Walk_Comfortable/Post_Process/Walk_Comfortable5.csv,male,1,val
DC005,Session1,overground,walk,comfortable,Overground_Walk,Walk_Comfortable,C:/Users/KUBA/GitProjects/WKIRO-Project/data/DC005/Session1/Overground_Walk/Walk_Comfortable/Post_Process/Walk_Comfortable6.csv,male,1,train
DC005,Session1,overground,walk,fast,Overground_Walk,Walk_Fast,C:/Users/KUBA/GitProjects/WKIRO-Project/data/DC005/Session1/Overground_Walk/Walk_Fast/Post_Process/Walk_Fast1.csv,male,1,train
DC005,Session1,overground,walk,fast,Overground_Walk,Walk_Fast,C:/Users/KUBA/GitProjects/WKIRO-Project/data/DC005/Session1/Overground_Walk/Walk_Fast/Post_Process/Walk_Fast10.csv,male,1,val
DC005,Session1,overground,walk,fast,Overground_Walk,Walk_Fast,C:/Users/KUBA/GitProjects/WKIRO-Project/data/DC005/Session1/Overground_Walk/Walk_Fast/Post_Process/Walk_Fast11.csv,male,1,val
DC005,Session1,overground,walk,fast,Overground_Walk,Walk_Fast,C:/Users/KUBA/GitProjects/WKIRO-Project/data/DC005/Session1/Overground_Walk/Walk_Fast/Post_Process/Walk_Fast12.csv,male,1,train
DC005,Session1,overground,walk,fast,Overground_Walk,Walk_Fast,C:/Users/KUBA/GitProjects/WKIRO-Project/data/DC005/Session1/Overground_Walk/Walk_Fast/Post_Process/Walk_Fast2.csv,male,1,train
DC005,Session1,overground,walk,fast,Overground_Walk,Walk_Fast,C:/Users/KUBA/GitProjects/WKIRO-Project/data/DC005/Session1/Overground_Walk/Walk_Fast/Post_Process/Walk_Fast3.csv,male,1,train
DC005,Session1,overground,walk,fast,Overground_Walk,Walk_Fast,C:/Users/KUBA/GitProjects/WKIRO-Project/data/DC005/Session1/Overground_Walk/Walk_Fast/Post_Process/Walk_Fast4.csv,male,1,train
DC005,Session1,overground,walk,fast,Overground_Walk,Walk_Fast,C:/Users/KUBA/GitProjects/WKIRO-Project/data/DC005/Session1/Overground_Walk/Walk_Fast/Post_Process/Walk_Fast5.csv,male,1,test
DC005,Session1,overground,walk,fast,Overground_Walk,Walk_Fast,C:/Users/KUBA/GitProjects/WKIRO-Project/data/DC005/Session1/Overground_Walk/Walk_Fast/Post_Process/Walk_Fast6.csv,male,1,train
DC005,Session1,overground,walk,fast,Overground_Walk,Walk_Fast,C:/Users/KUBA/GitProjects/WKIRO-Project/data/DC005/Session1/Overground_Walk/Walk_Fast/Post_Process/Walk_Fast7.csv,male,1,test
DC005,Session1,overground,walk,fast,Overground_Walk,Walk_Fast,C:/Users/KUBA/GitProjects/WKIRO-Project/data/DC005/Session1/Overground_Walk/Walk_Fast/Post_Process/Walk_Fast8.csv,male,1,train
DC005,Session1,overground,walk,fast,Overground_Walk,Walk_Fast,C:/Users/KUBA/GitProjects/WKIRO-Project/data/DC005/Session1/Overground_Walk/Walk_Fast/Post_Process/Walk_Fast9.csv,male,1,test
DC005,Session1,overground,walk,slow,Overground_Walk,Walk_Slow,C:/Users/KUBA/GitProjects/WKIRO-Project/data/DC005/Session1/Overground_Walk/Walk_Slow/Post_Process/Walk_Slow1.csv,male,1,train
DC005,Session1,overground,walk,slow,Overground_Walk,Walk_Slow,C:/Users/KUBA/GitProjects/WKIRO-Project/data/DC005/Session1/Overground_Walk/Walk_Slow/Post_Process/Walk_Slow2.csv,male,1,train
DC005,Session1,overground,walk,slow,Overground_Walk,Walk_Slow,C:/Users/KUBA/GitProjects/WKIRO-Project/data/DC005/Session1/Overground_Walk/Walk_Slow/Post_Process/Walk_Slow3.csv,male,1,train
DC005,Session1,overground,walk,slow,Overground_Walk,Walk_Slow,C:/Users/KUBA/GitProjects/WKIRO-Project/data/DC005/Session1/Overground_Walk/Walk_Slow/Post_Process/Walk_Slow4.csv,male,1,train
DC005,Session1,overground,walk,slow,Overground_Walk,Walk_Slow,C:/Users/KUBA/GitProjects/WKIRO-Project/data/DC005/Session1/Overground_Walk/Walk_Slow/Post_Process/Walk_Slow5.csv,male,1,val
DC005,Session1,overground,walk,slow,Overground_Walk,Walk_Slow,C:/Users/KUBA/GitProjects/WKIRO-Project/data/DC005/Session1/Overground_Walk/Walk_Slow/Post_Process/Walk_Slow6.csv,male,1,train
DC005,Session1,overground,walk,slow,Overground_Walk,Walk_Slow,C:/Users/KUBA/GitProjects/WKIRO-Project/data/DC005/Session1/Overground_Walk/Walk_Slow/Post_Process/Walk_Slow7.csv,male,1,train
DC005,Session1,treadmill,run,comfortable,Treadmill_Run,Treadmill_Run_Comfortable,C:/Users/KUBA/GitProjects/WKIRO-Project/data/DC005/Session1/Treadmill_Run/Treadmill_Run_Comfortable/Post_Process/Treadmill_Run_Comfortable.csv,male,1,train
DC005,Session1,treadmill,run,fast,Treadmill_Run,Treadmill_Run_Fast,C:/Users/KUBA/GitProjects/WKIRO-Project/data/DC005/Session1/Treadmill_Run/Treadmill_Run_Fast/Post_Process/Treadmill_Run_Fast.csv,male,1,train
DC005,Session1,treadmill,walk,comfortable,Treadmill_Walk,Treadmill_Walk_Comfortable,C:/Users/KUBA/GitProjects/WKIRO-Project/data/DC005/Session1/Treadmill_Walk/Treadmill_Walk_Comfortable/Post_Process/Treadmill_Walk_Comfortable.csv,male,1,train
DC005,Session1,treadmill,walk,fast,Treadmill_Walk,Treadmill_Walk_Fast,C:/Users/KUBA/GitProjects/WKIRO-Project/data/DC005/Session1/Treadmill_Walk/Treadmill_Walk_Fast/Post_Process/Treadmill_Walk_Fast.csv,male,1,train
DC005,Session1,treadmill,walk,slow,Treadmill_Walk,Treadmill_Walk_Slow,C:/Users/KUBA/GitProjects/WKIRO-Project/data/DC005/Session1/Treadmill_Walk/Treadmill_Walk_Slow/Post_Process/Treadmill_Walk_Slow.csv,male,1,test
DC005,Session2,overground,run,comfortable,Overground_Run,Run_Comfortable,C:/Users/KUBA/GitProjects/WKIRO-Project/data/DC005/Session2/Overground_Run/Run_Comfortable/Post_Process/Run_Comfortable1.csv,male,1,test
DC005,Session2,overground,run,comfortable,Overground_Run,Run_Comfortable,C:/Users/KUBA/GitProjects/WKIRO-Project/data/DC005/Session2/Overground_Run/Run_Comfortable/Post_Process/Run_Comfortable10.csv,male,1,train
DC005,Session2,overground,run,comfortable,Overground_Run,Run_Comfortable,C:/Users/KUBA/GitProjects/WKIRO-Project/data/DC005/Session2/Overground_Run/Run_Comfortable/Post_Process/Run_Comfortable11.csv,male,1,train
DC005,Session2,overground,run,comfortable,Overground_Run,Run_Comfortable,C:/Users/KUBA/GitProjects/WKIRO-Project/data/DC005/Session2/Overground_Run/Run_Comfortable/Post_Process/Run_Comfortable12.csv,male,1,val
DC005,Session2,overground,run,comfortable,Overground_Run,Run_Comfortable,C:/Users/KUBA/GitProjects/WKIRO-Project/data/DC005/Session2/Overground_Run/Run_Comfortable/Post_Process/Run_Comfortable13.csv,male,1,test
DC005,Session2,overground,run,comfortable,Overground_Run,Run_Comfortable,C:/Users/KUBA/GitProjects/WKIRO-Project/data/DC005/Session2/Overground_Run/Run_Comfortable/Post_Process/Run_Comfortable14.csv,male,1,train
DC005,Session2,overground,run,comfortable,Overground_Run,Run_Comfortable,C:/Users/KUBA/GitProjects/WKIRO-Project/data/DC005/Session2/Overground_Run/Run_Comfortable/Post_Process/Run_Comfortable15.csv,male,1,train
DC005,Session2,overground,run,comfortable,Overground_Run,Run_Comfortable,C:/Users/KUBA/GitProjects/WKIRO-Project/data/DC005/Session2/Overground_Run/Run_Comfortable/Post_Process/Run_Comfortable16.csv,male,1,train
DC005,Session2,overground,run,comfortable,Overground_Run,Run_Comfortable,C:/Users/KUBA/GitProjects/WKIRO-Project/data/DC005/Session2/Overground_Run/Run_Comfortable/Post_Process/Run_Comfortable2.csv,male,1,train
DC005,Session2,overground,run,comfortable,Overground_Run,Run_Comfortable,C:/Users/KUBA/GitProjects/WKIRO-Project/data/DC005/Session2/Overground_Run/Run_Comfortable/Post_Process/Run_Comfortable3.csv,male,1,train
DC005,Session2,overground,run,comfortable,Overground_Run,Run_Comfortable,C:/Users/KUBA/GitProjects/WKIRO-Project/data/DC005/Session2/Overground_Run/Run_Comfortable/Post_Process/Run_Comfortable4.csv,male,1,test
DC005,Session2,overground,run,comfortable,Overground_Run,Run_Comfortable,C:/Users/KUBA/GitProjects/WKIRO-Project/data/DC005/Session2/Overground_Run/Run_Comfortable/Post_Process/Run_Comfortable5.csv,male,1,train
DC005,Session2,overground,run,comfortable,Overground_Run,Run_Comfortable,C:/Users/KUBA/GitProjects/WKIRO-Project/data/DC005/Session2/Overground_Run/Run_Comfortable/Post_Process/Run_Comfortable6.csv,male,1,train
DC005,Session2,overground,run,comfortable,Overground_Run,Run_Comfortable,C:/Users/KUBA/GitProjects/WKIRO-Project/data/DC005/Session2/Overground_Run/Run_Comfortable/Post_Process/Run_Comfortable7.csv,male,1,train
DC005,Session2,overground,run,comfortable,Overground_Run,Run_Comfortable,C:/Users/KUBA/GitProjects/WKIRO-Project/data/DC005/Session2/Overground_Run/Run_Comfortable/Post_Process/Run_Comfortable8.csv,male,1,train
DC005,Session2,overground,run,comfortable,Overground_Run,Run_Comfortable,C:/Users/KUBA/GitProjects/WKIRO-Project/data/DC005/Session2/Overground_Run/Run_Comfortable/Post_Process/Run_Comfortable9.csv,male,1,train
DC005,Session2,overground,run,fast,Overground_Run,Run_Fast,C:/Users/KUBA/GitProjects/WKIRO-Project/data/DC005/Session2/Overground_Run/Run_Fast/Post_Process/Run_Fast1.csv,male,1,train
DC005,Session2,overground,run,fast,Overground_Run,Run_Fast,C:/Users/KUBA/GitProjects/WKIRO-Project/data/DC005/Session2/Overground_Run/Run_Fast/Post_Process/Run_Fast10.csv,male,1,train
DC005,Session2,overground,run,fast,Overground_Run,Run_Fast,C:/Users/KUBA/GitProjects/WKIRO-Project/data/DC005/Session2/Overground_Run/Run_Fast/Post_Process/Run_Fast11.csv,male,1,train
DC005,Session2,overground,run,fast,Overground_Run,Run_Fast,C:/Users/KUBA/GitProjects/WKIRO-Project/data/DC005/Session2/Overground_Run/Run_Fast/Post_Process/Run_Fast12.csv,male,1,test
DC005,Session2,overground,run,fast,Overground_Run,Run_Fast,C:/Users/KUBA/GitProjects/WKIRO-Project/data/DC005/Session2/Overground_Run/Run_Fast/Post_Process/Run_Fast13.csv,male,1,train
DC005,Session2,overground,run,fast,Overground_Run,Run_Fast,C:/Users/KUBA/GitProjects/WKIRO-Project/data/DC005/Session2/Overground_Run/Run_Fast/Post_Process/Run_Fast14.csv,male,1,train
DC005,Session2,overground,run,fast,Overground_Run,Run_Fast,C:/Users/KUBA/GitProjects/WKIRO-Project/data/DC005/Session2/Overground_Run/Run_Fast/Post_Process/Run_Fast15.csv,male,1,train
DC005,Session2,overground,run,fast,Overground_Run,Run_Fast,C:/Users/KUBA/GitProjects/WKIRO-Project/data/DC005/Session2/Overground_Run/Run_Fast/Post_Process/Run_Fast16.csv,male,1,train
DC005,Session2,overground,run,fast,Overground_Run,Run_Fast,C:/Users/KUBA/GitProjects/WKIRO-Project/data/DC005/Session2/Overground_Run/Run_Fast/Post_Process/Run_Fast2.csv,male,1,train
DC005,Session2,overground,run,fast,Overground_Run,Run_Fast,C:/Users/KUBA/GitProjects/WKIRO-Project/data/DC005/Session2/Overground_Run/Run_Fast/Post_Process/Run_Fast3.csv,male,1,test
DC005,Session2,overground,run,fast,Overground_Run,Run_Fast,C:/Users/KUBA/GitProjects/WKIRO-Project/data/DC005/Session2/Overground_Run/Run_Fast/Post_Process/Run_Fast4.csv,male,1,train
DC005,Session2,overground,run,fast,Overground_Run,Run_Fast,C:/Users/KUBA/GitProjects/WKIRO-Project/data/DC005/Session2/Overground_Run/Run_Fast/Post_Process/Run_Fast5.csv,male,1,train
DC005,Session2,overground,run,fast,Overground_Run,Run_Fast,C:/Users/KUBA/GitProjects/WKIRO-Project/data/DC005/Session2/Overground_Run/Run_Fast/Post_Process/Run_Fast6.csv,male,1,train
DC005,Session2,overground,run,fast,Overground_Run,Run_Fast,C:/Users/KUBA/GitProjects/WKIRO-Project/data/DC005/Session2/Overground_Run/Run_Fast/Post_Process/Run_Fast7.csv,male,1,train
DC005,Session2,overground,run,fast,Overground_Run,Run_Fast,C:/Users/KUBA/GitProjects/WKIRO-Project/data/DC005/Session2/Overground_Run/Run_Fast/Post_Process/Run_Fast8.csv,male,1,train
DC005,Session2,overground,run,fast,Overground_Run,Run_Fast,C:/Users/KUBA/GitProjects/WKIRO-Project/data/DC005/Session2/Overground_Run/Run_Fast/Post_Process/Run_Fast9.csv,male,1,train
DC005,Session2,overground,walk,comfortable,Overground_Walk,Walk_Comfortable,C:/Users/KUBA/GitProjects/WKIRO-Project/data/DC005/Session2/Overground_Walk/Walk_Comfortable/Post_Process/Walk_Comfortable1.csv,male,1,train
DC005,Session2,overground,walk,comfortable,Overground_Walk,Walk_Comfortable,C:/Users/KUBA/GitProjects/WKIRO-Project/data/DC005/Session2/Overground_Walk/Walk_Comfortable/Post_Process/Walk_Comfortable2.csv,male,1,train
DC005,Session2,overground,walk,comfortable,Overground_Walk,Walk_Comfortable,C:/Users/KUBA/GitProjects/WKIRO-Project/data/DC005/Session2/Overground_Walk/Walk_Comfortable/Post_Process/Walk_Comfortable3.csv,male,1,train
DC005,Session2,overground,walk,comfortable,Overground_Walk,Walk_Comfortable,C:/Users/KUBA/GitProjects/WKIRO-Project/data/DC005/Session2/Overground_Walk/Walk_Comfortable/Post_Process/Walk_Comfortable4.csv,male,1,train
DC005,Session2,overground,walk,comfortable,Overground_Walk,Walk_Comfortable,C:/Users/KUBA/GitProjects/WKIRO-Project/data/DC005/Session2/Overground_Walk/Walk_Comfortable/Post_Process/Walk_Comfortable5.csv,male,1,train
DC005,Session2,overground,walk,comfortable,Overground_Walk,Walk_Comfortable,C:/Users/KUBA/GitProjects/WKIRO-Project/data/DC005/Session2/Overground_Walk/Walk_Comfortable/Post_Process/Walk_Comfortable6.csv,male,1,train
DC005,Session2,overground,walk,comfortable,Overground_Walk,Walk_Comfortable,C:/Users/KUBA/GitProjects/WKIRO-Project/data/DC005/Session2/Overground_Walk/Walk_Comfortable/Post_Process/Walk_Comfortable7.csv,male,1,train
DC005,Session2,overground,walk,comfortable,Overground_Walk,Walk_Comfortable,C:/Users/KUBA/GitProjects/WKIRO-Project/data/DC005/Session2/Overground_Walk/Walk_Comfortable/Post_Process/Walk_Comfortable8.csv,male,1,test
DC005,Session2,overground,walk,fast,Overground_Walk,Walk_Fast,C:/Users/KUBA/GitProjects/WKIRO-Project/data/DC005/Session2/Overground_Walk/Walk_Fast/Post_Process/Walk_Fast1.csv,male,1,val
DC005,Session2,overground,walk,fast,Overground_Walk,Walk_Fast,C:/Users/KUBA/GitProjects/WKIRO-Project/data/DC005/Session2/Overground_Walk/Walk_Fast/Post_Process/Walk_Fast2.csv,male,1,test
DC005,Session2,overground,walk,fast,Overground_Walk,Walk_Fast,C:/Users/KUBA/GitProjects/WKIRO-Project/data/DC005/Session2/Overground_Walk/Walk_Fast/Post_Process/Walk_Fast3.csv,male,1,train
DC005,Session2,overground,walk,fast,Overground_Walk,Walk_Fast,C:/Users/KUBA/GitProjects/WKIRO-Project/data/DC005/Session2/Overground_Walk/Walk_Fast/Post_Process/Walk_Fast4.csv,male,1,test
DC005,Session2,overground,walk,fast,Overground_Walk,Walk_Fast,C:/Users/KUBA/GitProjects/WKIRO-Project/data/DC005/Session2/Overground_Walk/Walk_Fast/Post_Process/Walk_Fast5.csv,male,1,val
DC005,Session2,overground,walk,fast,Overground_Walk,Walk_Fast,C:/Users/KUBA/GitProjects/WKIRO-Project/data/DC005/Session2/Overground_Walk/Walk_Fast/Post_Process/Walk_Fast6.csv,male,1,train
DC005,Session2,overground,walk,fast,Overground_Walk,Walk_Fast,C:/Users/KUBA/GitProjects/WKIRO-Project/data/DC005/Session2/Overground_Walk/Walk_Fast/Post_Process/Walk_Fast7.csv,male,1,train
DC005,Session2,overground,walk,fast,Overground_Walk,Walk_Fast,C:/Users/KUBA/GitProjects/WKIRO-Project/data/DC005/Session2/Overground_Walk/Walk_Fast/Post_Process/Walk_Fast8.csv,male,1,train
DC005,Session2,overground,walk,slow,Overground_Walk,Walk_Slow,C:/Users/KUBA/GitProjects/WKIRO-Project/data/DC005/Session2/Overground_Walk/Walk_Slow/Post_Process/Walk_Slow1.csv,male,1,train
DC005,Session2,overground,walk,slow,Overground_Walk,Walk_Slow,C:/Users/KUBA/GitProjects/WKIRO-Project/data/DC005/Session2/Overground_Walk/Walk_Slow/Post_Process/Walk_Slow2.csv,male,1,val
DC005,Session2,overground,walk,slow,Overground_Walk,Walk_Slow,C:/Users/KUBA/GitProjects/WKIRO-Project/data/DC005/Session2/Overground_Walk/Walk_Slow/Post_Process/Walk_Slow3.csv,male,1,train
DC005,Session2,overground,walk,slow,Overground_Walk,Walk_Slow,C:/Users/KUBA/GitProjects/WKIRO-Project/data/DC005/Session2/Overground_Walk/Walk_Slow/Post_Process/Walk_Slow4.csv,male,1,test
DC005,Session2,overground,walk,slow,Overground_Walk,Walk_Slow,C:/Users/KUBA/GitProjects/WKIRO-Project/data/DC005/Session2/Overground_Walk/Walk_Slow/Post_Process/Walk_Slow5.csv,male,1,train
DC005,Session2,overground,walk,slow,Overground_Walk,Walk_Slow,C:/Users/KUBA/GitProjects/WKIRO-Project/data/DC005/Session2/Overground_Walk/Walk_Slow/Post_Process/Walk_Slow6.csv,male,1,train
DC005,Session2,treadmill,run,comfortable,Treadmill_Run,Treadmill_Run_Comfortable,C:/Users/KUBA/GitProjects/WKIRO-Project/data/DC005/Session2/Treadmill_Run/Treadmill_Run_Comfortable/Post_Process/Treadmill_Run_Comfortable.csv,male,1,train
DC005,Session2,treadmill,run,fast,Treadmill_Run,Treadmill_Run_Fast,C:/Users/KUBA/GitProjects/WKIRO-Project/data/DC005/Session2/Treadmill_Run/Treadmill_Run_Fast/Post_Process/Treadmill_Run_Fast.csv,male,1,test
DC005,Session2,treadmill,walk,comfortable,Treadmill_Walk,Treadmill_Walk_Comfortable,C:/Users/KUBA/GitProjects/WKIRO-Project/data/DC005/Session2/Treadmill_Walk/Treadmill_Walk_Comfortable/Post_Process/Treadmill_Walk_Comfortable.csv,male,1,val
DC005,Session2,treadmill,walk,fast,Treadmill_Walk,Treadmill_Walk_Fast,C:/Users/KUBA/GitProjects/WKIRO-Project/data/DC005/Session2/Treadmill_Walk/Treadmill_Walk_Fast/Post_Process/Treadmill_Walk_Fast.csv,male,1,train
DC005,Session2,treadmill,walk,slow,Treadmill_Walk,Treadmill_Walk_Slow,C:/Users/KUBA/GitProjects/WKIRO-Project/data/DC005/Session2/Treadmill_Walk/Treadmill_Walk_Slow/Post_Process/Treadmill_Walk_Slow.csv,male,1,train
GF022,Session1,overground,run,comfortable,Overground_Run,Run_Comfortable,C:/Users/KUBA/GitProjects/WKIRO-Project/data/GF022/Session1/Overground_Run/Run_Comfortable/Post_Process/Run_Comfortable1.csv,female,0,test
GF022,Session1,overground,run,comfortable,Overground_Run,Run_Comfortable,C:/Users/KUBA/GitProjects/WKIRO-Project/data/GF022/Session1/Overground_Run/Run_Comfortable/Post_Process/Run_Comfortable10.csv,female,0,train
GF022,Session1,overground,run,comfortable,Overground_Run,Run_Comfortable,C:/Users/KUBA/GitProjects/WKIRO-Project/data/GF022/Session1/Overground_Run/Run_Comfortable/Post_Process/Run_Comfortable2.csv,female,0,val
GF022,Session1,overground,run,comfortable,Overground_Run,Run_Comfortable,C:/Users/KUBA/GitProjects/WKIRO-Project/data/GF022/Session1/Overground_Run/Run_Comfortable/Post_Process/Run_Comfortable3.csv,female,0,test
GF022,Session1,overground,run,comfortable,Overground_Run,Run_Comfortable,C:/Users/KUBA/GitProjects/WKIRO-Project/data/GF022/Session1/Overground_Run/Run_Comfortable/Post_Process/Run_Comfortable4.csv,female,0,test
GF022,Session1,overground,run,comfortable,Overground_Run,Run_Comfortable,C:/Users/KUBA/GitProjects/WKIRO-Project/data/GF022/Session1/Overground_Run/Run_Comfortable/Post_Process/Run_Comfortable5.csv,female,0,train
GF022,Session1,overground,run,comfortable,Overground_Run,Run_Comfortable,C:/Users/KUBA/GitProjects/WKIRO-Project/data/GF022/Session1/Overground_Run/Run_Comfortable/Post_Process/Run_Comfortable6.csv,female,0,test
GF022,Session1,overground,run,comfortable,Overground_Run,Run_Comfortable,C:/Users/KUBA/GitProjects/WKIRO-Project/data/GF022/Session1/Overground_Run/Run_Comfortable/Post_Process/Run_Comfortable7.csv,female,0,train
GF022,Session1,overground,run,comfortable,Overground_Run,Run_Comfortable,C:/Users/KUBA/GitProjects/WKIRO-Project/data/GF022/Session1/Overground_Run/Run_Comfortable/Post_Process/Run_Comfortable8.csv,female,0,val
GF022,Session1,overground,run,comfortable,Overground_Run,Run_Comfortable,C:/Users/KUBA/GitProjects/WKIRO-Project/data/GF022/Session1/Overground_Run/Run_Comfortable/Post_Process/Run_Comfortable9.csv,female,0,train
GF022,Session1,overground,run,fast,Overground_Run,Run_Fast,C:/Users/KUBA/GitProjects/WKIRO-Project/data/GF022/Session1/Overground_Run/Run_Fast/Post_Process/Run_Fast1.csv,female,0,train
GF022,Session1,overground,run,fast,Overground_Run,Run_Fast,C:/Users/KUBA/GitProjects/WKIRO-Project/data/GF022/Session1/Overground_Run/Run_Fast/Post_Process/Run_Fast10.csv,female,0,train
GF022,Session1,overground,run,fast,Overground_Run,Run_Fast,C:/Users/KUBA/GitProjects/WKIRO-Project/data/GF022/Session1/Overground_Run/Run_Fast/Post_Process/Run_Fast2.csv,female,0,test
GF022,Session1,overground,run,fast,Overground_Run,Run_Fast,C:/Users/KUBA/GitProjects/WKIRO-Project/data/GF022/Session1/Overground_Run/Run_Fast/Post_Process/Run_Fast3.csv,female,0,train
GF022,Session1,overground,run,fast,Overground_Run,Run_Fast,C:/Users/KUBA/GitProjects/WKIRO-Project/data/GF022/Session1/Overground_Run/Run_Fast/Post_Process/Run_Fast4.csv,female,0,train
GF022,Session1,overground,run,fast,Overground_Run,Run_Fast,C:/Users/KUBA/GitProjects/WKIRO-Project/data/GF022/Session1/Overground_Run/Run_Fast/Post_Process/Run_Fast5.csv,female,0,train
GF022,Session1,overground,run,fast,Overground_Run,Run_Fast,C:/Users/KUBA/GitProjects/WKIRO-Project/data/GF022/Session1/Overground_Run/Run_Fast/Post_Process/Run_Fast6.csv,female,0,train
GF022,Session1,overground,run,fast,Overground_Run,Run_Fast,C:/Users/KUBA/GitProjects/WKIRO-Project/data/GF022/Session1/Overground_Run/Run_Fast/Post_Process/Run_Fast7.csv,female,0,train
GF022,Session1,overground,run,fast,Overground_Run,Run_Fast,C:/Users/KUBA/GitProjects/WKIRO-Project/data/GF022/Session1/Overground_Run/Run_Fast/Post_Process/Run_Fast8.csv,female,0,val
GF022,Session1,overground,run,fast,Overground_Run,Run_Fast,C:/Users/KUBA/GitProjects/WKIRO-Project/data/GF022/Session1/Overground_Run/Run_Fast/Post_Process/Run_Fast9.csv,female,0,train
GF022,Session1,overground,walk,comfortable,Overground_Walk,Walk_Comfortable,C:/Users/KUBA/GitProjects/WKIRO-Project/data/GF022/Session1/Overground_Walk/Walk_Comfortable/Post_Process/Walk_Comfortable1.csv,female,0,train
GF022,Session1,overground,walk,comfortable,Overground_Walk,Walk_Comfortable,C:/Users/KUBA/GitProjects/WKIRO-Project/data/GF022/Session1/Overground_Walk/Walk_Comfortable/Post_Process/Walk_Comfortable2.csv,female,0,train
GF022,Session1,overground,walk,comfortable,Overground_Walk,Walk_Comfortable,C:/Users/KUBA/GitProjects/WKIRO-Project/data/GF022/Session1/Overground_Walk/Walk_Comfortable/Post_Process/Walk_Comfortable3.csv,female,0,test
GF022,Session1,overground,walk,comfortable,Overground_Walk,Walk_Comfortable,C:/Users/KUBA/GitProjects/WKIRO-Project/data/GF022/Session1/Overground_Walk/Walk_Comfortable/Post_Process/Walk_Comfortable4.csv,female,0,train
GF022,Session1,overground,walk,comfortable,Overground_Walk,Walk_Comfortable,C:/Users/KUBA/GitProjects/WKIRO-Project/data/GF022/Session1/Overground_Walk/Walk_Comfortable/Post_Process/Walk_Comfortable5.csv,female,0,train
GF022,Session1,overground,walk,comfortable,Overground_Walk,Walk_Comfortable,C:/Users/KUBA/GitProjects/WKIRO-Project/data/GF022/Session1/Overground_Walk/Walk_Comfortable/Post_Process/Walk_Comfortable6.csv,female,0,train
GF022,Session1,overground,walk,comfortable,Overground_Walk,Walk_Comfortable,C:/Users/KUBA/GitProjects/WKIRO-Project/data/GF022/Session1/Overground_Walk/Walk_Comfortable/Post_Process/Walk_Comfortable7.csv,female,0,train
GF022,Session1,overground,walk,comfortable,Overground_Walk,Walk_Comfortable,C:/Users/KUBA/GitProjects/WKIRO-Project/data/GF022/Session1/Overground_Walk/Walk_Comfortable/Post_Process/Walk_Comfortable8.csv,female,0,train
GF022,Session1,overground,walk,fast,Overground_Walk,Walk_Fast,C:/Users/KUBA/GitProjects/WKIRO-Project/data/GF022/Session1/Overground_Walk/Walk_Fast/Post_Process/Walk_Fast1.csv,female,0,val
GF022,Session1,overground,walk,fast,Overground_Walk,Walk_Fast,C:/Users/KUBA/GitProjects/WKIRO-Project/data/GF022/Session1/Overground_Walk/Walk_Fast/Post_Process/Walk_Fast2.csv,female,0,train
GF022,Session1,overground,walk,fast,Overground_Walk,Walk_Fast,C:/Users/KUBA/GitProjects/WKIRO-Project/data/GF022/Session1/Overground_Walk/Walk_Fast/Post_Process/Walk_Fast3.csv,female,0,train
GF022,Session1,overground,walk,fast,Overground_Walk,Walk_Fast,C:/Users/KUBA/GitProjects/WKIRO-Project/data/GF022/Session1/Overground_Walk/Walk_Fast/Post_Process/Walk_Fast4.csv,female,0,train
GF022,Session1,overground,walk,fast,Overground_Walk,Walk_Fast,C:/Users/KUBA/GitProjects/WKIRO-Project/data/GF022/Session1/Overground_Walk/Walk_Fast/Post_Process/Walk_Fast5.csv,female,0,val
GF022,Session1,overground,walk,fast,Overground_Walk,Walk_Fast,C:/Users/KUBA/GitProjects/WKIRO-Project/data/GF022/Session1/Overground_Walk/Walk_Fast/Post_Process/Walk_Fast6.csv,female,0,train
GF022,Session1,overground,walk,fast,Overground_Walk,Walk_Fast,C:/Users/KUBA/GitProjects/WKIRO-Project/data/GF022/Session1/Overground_Walk/Walk_Fast/Post_Process/Walk_Fast7.csv,female,0,val
GF022,Session1,overground,walk,fast,Overground_Walk,Walk_Fast,C:/Users/KUBA/GitProjects/WKIRO-Project/data/GF022/Session1/Overground_Walk/Walk_Fast/Post_Process/Walk_Fast8.csv,female,0,train
GF022,Session1,overground,walk,slow,Overground_Walk,Walk_Slow,C:/Users/KUBA/GitProjects/WKIRO-Project/data/GF022/Session1/Overground_Walk/Walk_Slow/Post_Process/Walk_Slow1.csv,female,0,test
GF022,Session1,overground,walk,slow,Overground_Walk,Walk_Slow,C:/Users/KUBA/GitProjects/WKIRO-Project/data/GF022/Session1/Overground_Walk/Walk_Slow/Post_Process/Walk_Slow2.csv,female,0,train
GF022,Session1,overground,walk,slow,Overground_Walk,Walk_Slow,C:/Users/KUBA/GitProjects/WKIRO-Project/data/GF022/Session1/Overground_Walk/Walk_Slow/Post_Process/Walk_Slow3.csv,female,0,train
GF022,Session1,overground,walk,slow,Overground_Walk,Walk_Slow,C:/Users/KUBA/GitProjects/WKIRO-Project/data/GF022/Session1/Overground_Walk/Walk_Slow/Post_Process/Walk_Slow4.csv,female,0,train
GF022,Session1,overground,walk,slow,Overground_Walk,Walk_Slow,C:/Users/KUBA/GitProjects/WKIRO-Project/data/GF022/Session1/Overground_Walk/Walk_Slow/Post_Process/Walk_Slow5.csv,female,0,train
GF022,Session1,overground,walk,slow,Overground_Walk,Walk_Slow,C:/Users/KUBA/GitProjects/WKIRO-Project/data/GF022/Session1/Overground_Walk/Walk_Slow/Post_Process/Walk_Slow6.csv,female,0,train
GF022,Session1,treadmill,run,comfortable,Treadmill_Run,Treadmill_Run_Comfortable,C:/Users/KUBA/GitProjects/WKIRO-Project/data/GF022/Session1/Treadmill_Run/Treadmill_Run_Comfortable/Post_Process/Treadmill_Run_Comfortable.csv,female,0,train
GF022,Session1,treadmill,run,fast,Treadmill_Run,Treadmill_Run_Fast,C:/Users/KUBA/GitProjects/WKIRO-Project/data/GF022/Session1/Treadmill_Run/Treadmill_Run_Fast/Post_Process/Treadmill_Run_Fast.csv,female,0,train
GF022,Session1,treadmill,walk,comfortable,Treadmill_Walk,Treadmill_Walk_Comfortable,C:/Users/KUBA/GitProjects/WKIRO-Project/data/GF022/Session1/Treadmill_Walk/Treadmill_Walk_Comfortable/Post_Process/Treadmill_Walk_Comfortable.csv,female,0,train
GF022,Session1,treadmill,walk,fast,Treadmill_Walk,Treadmill_Walk_Fast,C:/Users/KUBA/GitProjects/WKIRO-Project/data/GF022/Session1/Treadmill_Walk/Treadmill_Walk_Fast/Post_Process/Treadmill_Walk_Fast.csv,female,0,train
GF022,Session1,treadmill,walk,slow,Treadmill_Walk,Treadmill_Walk_Slow,C:/Users/KUBA/GitProjects/WKIRO-Project/data/GF022/Session1/Treadmill_Walk/Treadmill_Walk_Slow/Post_Process/Treadmill_Walk_Slow.csv,female,0,train
GF022,Session2,overground,run,comfortable,Overground_Run,Run_Comfortable,C:/Users/KUBA/GitProjects/WKIRO-Project/data/GF022/Session2/Overground_Run/Run_Comfortable/Post_Process/Run_Comfortable1.csv,female,0,train
GF022,Session2,overground,run,comfortable,Overground_Run,Run_Comfortable,C:/Users/KUBA/GitProjects/WKIRO-Project/data/GF022/Session2/Overground_Run/Run_Comfortable/Post_Process/Run_Comfortable10.csv,female,0,train
GF022,Session2,overground,run,comfortable,Overground_Run,Run_Comfortable,C:/Users/KUBA/GitProjects/WKIRO-Project/data/GF022/Session2/Overground_Run/Run_Comfortable/Post_Process/Run_Comfortable2.csv,female,0,train
GF022,Session2,overground,run,comfortable,Overground_Run,Run_Comfortable,C:/Users/KUBA/GitProjects/WKIRO-Project/data/GF022/Session2/Overground_Run/Run_Comfortable/Post_Process/Run_Comfortable3.csv,female,0,train
GF022,Session2,overground,run,comfortable,Overground_Run,Run_Comfortable,C:/Users/KUBA/GitProjects/WKIRO-Project/data/GF022/Session2/Overground_Run/Run_Comfortable/Post_Process/Run_Comfortable4.csv,female,0,train
GF022,Session2,overground,run,comfortable,Overground_Run,Run_Comfortable,C:/Users/KUBA/GitProjects/WKIRO-Project/data/GF022/Session2/Overground_Run/Run_Comfortable/Post_Process/Run_Comfortable5.csv,female,0,train
GF022,Session2,overground,run,comfortable,Overground_Run,Run_Comfortable,C:/Users/KUBA/GitProjects/WKIRO-Project/data/GF022/Session2/Overground_Run/Run_Comfortable/Post_Process/Run_Comfortable6.csv,female,0,train
GF022,Session2,overground,run,comfortable,Overground_Run,Run_Comfortable,C:/Users/KUBA/GitProjects/WKIRO-Project/data/GF022/Session2/Overground_Run/Run_Comfortable/Post_Process/Run_Comfortable7.csv,female,0,train
GF022,Session2,overground,run,comfortable,Overground_Run,Run_Comfortable,C:/Users/KUBA/GitProjects/WKIRO-Project/data/GF022/Session2/Overground_Run/Run_Comfortable/Post_Process/Run_Comfortable8.csv,female,0,train
GF022,Session2,overground,run,comfortable,Overground_Run,Run_Comfortable,C:/Users/KUBA/GitProjects/WKIRO-Project/data/GF022/Session2/Overground_Run/Run_Comfortable/Post_Process/Run_Comfortable9.csv,female,0,train
GF022,Session2,overground,run,fast,Overground_Run,Run_Fast,C:/Users/KUBA/GitProjects/WKIRO-Project/data/GF022/Session2/Overground_Run/Run_Fast/Post_Process/Run_Fast1.csv,female,0,val
GF022,Session2,overground,run,fast,Overground_Run,Run_Fast,C:/Users/KUBA/GitProjects/WKIRO-Project/data/GF022/Session2/Overground_Run/Run_Fast/Post_Process/Run_Fast10.csv,female,0,train
GF022,Session2,overground,run,fast,Overground_Run,Run_Fast,C:/Users/KUBA/GitProjects/WKIRO-Project/data/GF022/Session2/Overground_Run/Run_Fast/Post_Process/Run_Fast2.csv,female,0,test
GF022,Session2,overground,run,fast,Overground_Run,Run_Fast,C:/Users/KUBA/GitProjects/WKIRO-Project/data/GF022/Session2/Overground_Run/Run_Fast/Post_Process/Run_Fast3.csv,female,0,test
GF022,Session2,overground,run,fast,Overground_Run,Run_Fast,C:/Users/KUBA/GitProjects/WKIRO-Project/data/GF022/Session2/Overground_Run/Run_Fast/Post_Process/Run_Fast4.csv,female,0,test
GF022,Session2,overground,run,fast,Overground_Run,Run_Fast,C:/Users/KUBA/GitProjects/WKIRO-Project/data/GF022/Session2/Overground_Run/Run_Fast/Post_Process/Run_Fast5.csv,female,0,train
GF022,Session2,overground,run,fast,Overground_Run,Run_Fast,C:/Users/KUBA/GitProjects/WKIRO-Project/data/GF022/Session2/Overground_Run/Run_Fast/Post_Process/Run_Fast6.csv,female,0,val
GF022,Session2,overground,run,fast,Overground_Run,Run_Fast,C:/Users/KUBA/GitProjects/WKIRO-Project/data/GF022/Session2/Overground_Run/Run_Fast/Post_Process/Run_Fast7.csv,female,0,train
GF022,Session2,overground,run,fast,Overground_Run,Run_Fast,C:/Users/KUBA/GitProjects/WKIRO-Project/data/GF022/Session2/Overground_Run/Run_Fast/Post_Process/Run_Fast8.csv,female,0,train
GF022,Session2,overground,run,fast,Overground_Run,Run_Fast,C:/Users/KUBA/GitProjects/WKIRO-Project/data/GF022/Session2/Overground_Run/Run_Fast/Post_Process/Run_Fast9.csv,female,0,train
GF022,Session2,overground,walk,comfortable,Overground_Walk,Walk_Comfortable,C:/Users/KUBA/GitProjects/WKIRO-Project/data/GF022/Session2/Overground_Walk/Walk_Comfortable/Post_Process/Walk_Comfortable1.csv,female,0,train
GF022,Session2,overground,walk,comfortable,Overground_Walk,Walk_Comfortable,C:/Users/KUBA/GitProjects/WKIRO-Project/data/GF022/Session2/Overground_Walk/Walk_Comfortable/Post_Process/Walk_Comfortable2.csv,female,0,train
GF022,Session2,overground,walk,comfortable,Overground_Walk,Walk_Comfortable,C:/Users/KUBA/GitProjects/WKIRO-Project/data/GF022/Session2/Overground_Walk/Walk_Comfortable/Post_Process/Walk_Comfortable3.csv,female,0,train
GF022,Session2,overground,walk,comfortable,Overground_Walk,Walk_Comfortable,C:/Users/KUBA/GitProjects/WKIRO-Project/data/GF022/Session2/Overground_Walk/Walk_Comfortable/Post_Process/Walk_Comfortable4.csv,female,0,test
GF022,Session2,overground,walk,comfortable,Overground_Walk,Walk_Comfortable,C:/Users/KUBA/GitProjects/WKIRO-Project/data/GF022/Session2/Overground_Walk/Walk_Comfortable/Post_Process/Walk_Comfortable5.csv,female,0,val
GF022,Session2,overground,walk,comfortable,Overground_Walk,Walk_Comfortable,C:/Users/KUBA/GitProjects/WKIRO-Project/data/GF022/Session2/Overground_Walk/Walk_Comfortable/Post_Process/Walk_Comfortable6.csv,female,0,test
GF022,Session2,overground,walk,comfortable,Overground_Walk,Walk_Comfortable,C:/Users/KUBA/GitProjects/WKIRO-Project/data/GF022/Session2/Overground_Walk/Walk_Comfortable/Post_Process/Walk_Comfortable7.csv,female,0,train
GF022,Session2,overground,walk,comfortable,Overground_Walk,Walk_Comfortable,C:/Users/KUBA/GitProjects/WKIRO-Project/data/GF022/Session2/Overground_Walk/Walk_Comfortable/Post_Process/Walk_Comfortable8.csv,female,0,val
GF022,Session2,overground,walk,fast,Overground_Walk,Walk_Fast,C:/Users/KUBA/GitProjects/WKIRO-Project/data/GF022/Session2/Overground_Walk/Walk_Fast/Post_Process/Walk_Fast1.csv,female,0,val
GF022,Session2,overground,walk,fast,Overground_Walk,Walk_Fast,C:/Users/KUBA/GitProjects/WKIRO-Project/data/GF022/Session2/Overground_Walk/Walk_Fast/Post_Process/Walk_Fast2.csv,female,0,test
GF022,Session2,overground,walk,fast,Overground_Walk,Walk_Fast,C:/Users/KUBA/GitProjects/WKIRO-Project/data/GF022/Session2/Overground_Walk/Walk_Fast/Post_Process/Walk_Fast3.csv,female,0,val
GF022,Session2,overground,walk,fast,Overground_Walk,Walk_Fast,C:/Users/KUBA/GitProjects/WKIRO-Project/data/GF022/Session2/Overground_Walk/Walk_Fast/Post_Process/Walk_Fast4.csv,female,0,val
GF022,Session2,overground,walk,fast,Overground_Walk,Walk_Fast,C:/Users/KUBA/GitProjects/WKIRO-Project/data/GF022/Session2/Overground_Walk/Walk_Fast/Post_Process/Walk_Fast5.csv,female,0,train
GF022,Session2,overground,walk,fast,Overground_Walk,Walk_Fast,C:/Users/KUBA/GitProjects/WKIRO-Project/data/GF022/Session2/Overground_Walk/Walk_Fast/Post_Process/Walk_Fast6.csv,female,0,train
GF022,Session2,overground,walk,fast,Overground_Walk,Walk_Fast,C:/Users/KUBA/GitProjects/WKIRO-Project/data/GF022/Session2/Overground_Walk/Walk_Fast/Post_Process/Walk_Fast7.csv,female,0,train
GF022,Session2,overground,walk,fast,Overground_Walk,Walk_Fast,C:/Users/KUBA/GitProjects/WKIRO-Project/data/GF022/Session2/Overground_Walk/Walk_Fast/Post_Process/Walk_Fast8.csv,female,0,train
GF022,Session2,overground,walk,slow,Overground_Walk,Walk_Slow,C:/Users/KUBA/GitProjects/WKIRO-Project/data/GF022/Session2/Overground_Walk/Walk_Slow/Post_Process/Walk_Slow1.csv,female,0,test
GF022,Session2,overground,walk,slow,Overground_Walk,Walk_Slow,C:/Users/KUBA/GitProjects/WKIRO-Project/data/GF022/Session2/Overground_Walk/Walk_Slow/Post_Process/Walk_Slow2.csv,female,0,train
GF022,Session2,overground,walk,slow,Overground_Walk,Walk_Slow,C:/Users/KUBA/GitProjects/WKIRO-Project/data/GF022/Session2/Overground_Walk/Walk_Slow/Post_Process/Walk_Slow3.csv,female,0,train
GF022,Session2,overground,walk,slow,Overground_Walk,Walk_Slow,C:/Users/KUBA/GitProjects/WKIRO-Project/data/GF022/Session2/Overground_Walk/Walk_Slow/Post_Process/Walk_Slow4.csv,female,0,train
GF022,Session2,overground,walk,slow,Overground_Walk,Walk_Slow,C:/Users/KUBA/GitProjects/WKIRO-Project/data/GF022/Session2/Overground_Walk/Walk_Slow/Post_Process/Walk_Slow5.csv,female,0,train
GF022,Session2,overground,walk,slow,Overground_Walk,Walk_Slow,C:/Users/KUBA/GitProjects/WKIRO-Project/data/GF022/Session2/Overground_Walk/Walk_Slow/Post_Process/Walk_Slow6.csv,female,0,train
GF022,Session2,treadmill,run,comfortable,Treadmill_Run,Treadmill_Run_Comfortable,C:/Users/KUBA/GitProjects/WKIRO-Project/data/GF022/Session2/Treadmill_Run/Treadmill_Run_Comfortable/Post_Process/Treadmill_Run_Comfortable.csv,female,0,train
GF022,Session2,treadmill,run,fast,Treadmill_Run,Treadmill_Run_Fast,C:/Users/KUBA/GitProjects/WKIRO-Project/data/GF022/Session2/Treadmill_Run/Treadmill_Run_Fast/Post_Process/Treadmill_Run_Fast.csv,female,0,val
GF022,Session2,treadmill,walk,comfortable,Treadmill_Walk,Treadmill_Walk_Comfortable,C:/Users/KUBA/GitProjects/WKIRO-Project/data/GF022/Session2/Treadmill_Walk/Treadmill_Walk_Comfortable/Post_Process/Treadmill_Walk_Comfortable.csv,female,0,train
GF022,Session2,treadmill,walk,fast,Treadmill_Walk,Treadmill_Walk_Fast,C:/Users/KUBA/GitProjects/WKIRO-Project/data/GF022/Session2/Treadmill_Walk/Treadmill_Walk_Fast/Post_Process/Treadmill_Walk_Fast.csv,female,0,train
GF022,Session2,treadmill,walk,slow,Treadmill_Walk,Treadmill_Walk_Slow,C:/Users/KUBA/GitProjects/WKIRO-Project/data/GF022/Session2/Treadmill_Walk/Treadmill_Walk_Slow/Post_Process/Treadmill_Walk_Slow.csv,female,0,train
GM001,Session1,overground,run,comfortable,Overground_Run,Run_Comfortable,C:/Users/KUBA/GitProjects/WKIRO-Project/data/GM001/Session1/Overground_Run/Run_Comfortable/Post_Process/Run_Comfortable1.csv,male,1,train
GM001,Session1,overground,run,comfortable,Overground_Run,Run_Comfortable,C:/Users/KUBA/GitProjects/WKIRO-Project/data/GM001/Session1/Overground_Run/Run_Comfortable/Post_Process/Run_Comfortable2.csv,male,1,val
GM001,Session1,overground,run,comfortable,Overground_Run,Run_Comfortable,C:/Users/KUBA/GitProjects/WKIRO-Project/data/GM001/Session1/Overground_Run/Run_Comfortable/Post_Process/Run_Comfortable3.csv,male,1,val
GM001,Session1,overground,run,comfortable,Overground_Run,Run_Comfortable,C:/Users/KUBA/GitProjects/WKIRO-Project/data/GM001/Session1/Overground_Run/Run_Comfortable/Post_Process/Run_Comfortable4.csv,male,1,train
GM001,Session1,overground,run,comfortable,Overground_Run,Run_Comfortable,C:/Users/KUBA/GitProjects/WKIRO-Project/data/GM001/Session1/Overground_Run/Run_Comfortable/Post_Process/Run_Comfortable5.csv,male,1,train
GM001,Session1,overground,run,comfortable,Overground_Run,Run_Comfortable,C:/Users/KUBA/GitProjects/WKIRO-Project/data/GM001/Session1/Overground_Run/Run_Comfortable/Post_Process/Run_Comfortable6.csv,male,1,train
GM001,Session1,overground,run,comfortable,Overground_Run,Run_Comfortable,C:/Users/KUBA/GitProjects/WKIRO-Project/data/GM001/Session1/Overground_Run/Run_Comfortable/Post_Process/Run_Comfortable7.csv,male,1,test
GM001,Session1,overground,run,comfortable,Overground_Run,Run_Comfortable,C:/Users/KUBA/GitProjects/WKIRO-Project/data/GM001/Session1/Overground_Run/Run_Comfortable/Post_Process/Run_Comfortable8.csv,male,1,train
GM001,Session1,overground,run,fast,Overground_Run,Run_Fast,C:/Users/KUBA/GitProjects/WKIRO-Project/data/GM001/Session1/Overground_Run/Run_Fast/Post_Process/Run_Fast1.csv,male,1,train
GM001,Session1,overground,run,fast,Overground_Run,Run_Fast,C:/Users/KUBA/GitProjects/WKIRO-Project/data/GM001/Session1/Overground_Run/Run_Fast/Post_Process/Run_Fast10.csv,male,1,train
GM001,Session1,overground,run,fast,Overground_Run,Run_Fast,C:/Users/KUBA/GitProjects/WKIRO-Project/data/GM001/Session1/Overground_Run/Run_Fast/Post_Process/Run_Fast11.csv,male,1,train
GM001,Session1,overground,run,fast,Overground_Run,Run_Fast,C:/Users/KUBA/GitProjects/WKIRO-Project/data/GM001/Session1/Overground_Run/Run_Fast/Post_Process/Run_Fast12.csv,male,1,test
GM001,Session1,overground,run,fast,Overground_Run,Run_Fast,C:/Users/KUBA/GitProjects/WKIRO-Project/data/GM001/Session1/Overground_Run/Run_Fast/Post_Process/Run_Fast13.csv,male,1,val
GM001,Session1,overground,run,fast,Overground_Run,Run_Fast,C:/Users/KUBA/GitProjects/WKIRO-Project/data/GM001/Session1/Overground_Run/Run_Fast/Post_Process/Run_Fast2.csv,male,1,val
GM001,Session1,overground,run,fast,Overground_Run,Run_Fast,C:/Users/KUBA/GitProjects/WKIRO-Project/data/GM001/Session1/Overground_Run/Run_Fast/Post_Process/Run_Fast3.csv,male,1,train
GM001,Session1,overground,run,fast,Overground_Run,Run_Fast,C:/Users/KUBA/GitProjects/WKIRO-Project/data/GM001/Session1/Overground_Run/Run_Fast/Post_Process/Run_Fast4.csv,male,1,train
GM001,Session1,overground,run,fast,Overground_Run,Run_Fast,C:/Users/KUBA/GitProjects/WKIRO-Project/data/GM001/Session1/Overground_Run/Run_Fast/Post_Process/Run_Fast5.csv,male,1,train
GM001,Session1,overground,run,fast,Overground_Run,Run_Fast,C:/Users/KUBA/GitProjects/WKIRO-Project/data/GM001/Session1/Overground_Run/Run_Fast/Post_Process/Run_Fast6.csv,male,1,train
GM001,Session1,overground,run,fast,Overground_Run,Run_Fast,C:/Users/KUBA/GitProjects/WKIRO-Project/data/GM001/Session1/Overground_Run/Run_Fast/Post_Process/Run_Fast7.csv,male,1,val
GM001,Session1,overground,run,fast,Overground_Run,Run_Fast,C:/Users/KUBA/GitProjects/WKIRO-Project/data/GM001/Session1/Overground_Run/Run_Fast/Post_Process/Run_Fast8.csv,male,1,train
GM001,Session1,overground,run,fast,Overground_Run,Run_Fast,C:/Users/KUBA/GitProjects/WKIRO-Project/data/GM001/Session1/Overground_Run/Run_Fast/Post_Process/Run_Fast9.csv,male,1,test
GM001,Session1,overground,walk,comfortable,Overground_Walk,Walk_Comfortable,C:/Users/KUBA/GitProjects/WKIRO-Project/data/GM001/Session1/Overground_Walk/Walk_Comfortable/Post_Process/Walk_Comfortable1.csv,male,1,val
GM001,Session1,overground,walk,comfortable,Overground_Walk,Walk_Comfortable,C:/Users/KUBA/GitProjects/WKIRO-Project/data/GM001/Session1/Overground_Walk/Walk_Comfortable/Post_Process/Walk_Comfortable10.csv,male,1,train
GM001,Session1,overground,walk,comfortable,Overground_Walk,Walk_Comfortable,C:/Users/KUBA/GitProjects/WKIRO-Project/data/GM001/Session1/Overground_Walk/Walk_Comfortable/Post_Process/Walk_Comfortable11.csv,male,1,train
GM001,Session1,overground,walk,comfortable,Overground_Walk,Walk_Comfortable,C:/Users/KUBA/GitProjects/WKIRO-Project/data/GM001/Session1/Overground_Walk/Walk_Comfortable/Post_Process/Walk_Comfortable12.csv,male,1,train
GM001,Session1,overground,walk,comfortable,Overground_Walk,Walk_Comfortable,C:/Users/KUBA/GitProjects/WKIRO-Project/data/GM001/Session1/Overground_Walk/Walk_Comfortable/Post_Process/Walk_Comfortable2.csv,male,1,train
GM001,Session1,overground,walk,comfortable,Overground_Walk,Walk_Comfortable,C:/Users/KUBA/GitProjects/WKIRO-Project/data/GM001/Session1/Overground_Walk/Walk_Comfortable/Post_Process/Walk_Comfortable3.csv,male,1,train
GM001,Session1,overground,walk,comfortable,Overground_Walk,Walk_Comfortable,C:/Users/KUBA/GitProjects/WKIRO-Project/data/GM001/Session1/Overground_Walk/Walk_Comfortable/Post_Process/Walk_Comfortable4.csv,male,1,train
GM001,Session1,overground,walk,comfortable,Overground_Walk,Walk_Comfortable,C:/Users/KUBA/GitProjects/WKIRO-Project/data/GM001/Session1/Overground_Walk/Walk_Comfortable/Post_Process/Walk_Comfortable5.csv,male,1,train
GM001,Session1,overground,walk,comfortable,Overground_Walk,Walk_Comfortable,C:/Users/KUBA/GitProjects/WKIRO-Project/data/GM001/Session1/Overground_Walk/Walk_Comfortable/Post_Process/Walk_Comfortable6.csv,male,1,train
GM001,Session1,overground,walk,comfortable,Overground_Walk,Walk_Comfortable,C:/Users/KUBA/GitProjects/WKIRO-Project/data/GM001/Session1/Overground_Walk/Walk_Comfortable/Post_Process/Walk_Comfortable7.csv,male,1,test
GM001,Session1,overground,walk,comfortable,Overground_Walk,Walk_Comfortable,C:/Users/KUBA/GitProjects/WKIRO-Project/data/GM001/Session1/Overground_Walk/Walk_Comfortable/Post_Process/Walk_Comfortable8.csv,male,1,test
GM001,Session1,overground,walk,comfortable,Overground_Walk,Walk_Comfortable,C:/Users/KUBA/GitProjects/WKIRO-Project/data/GM001/Session1/Overground_Walk/Walk_Comfortable/Post_Process/Walk_Comfortable9.csv,male,1,test
GM001,Session1,overground,walk,fast,Overground_Walk,Walk_Fast,C:/Users/KUBA/GitProjects/WKIRO-Project/data/GM001/Session1/Overground_Walk/Walk_Fast/Post_Process/Walk_Fast1.csv,male,1,train
GM001,Session1,overground,walk,fast,Overground_Walk,Walk_Fast,C:/Users/KUBA/GitProjects/WKIRO-Project/data/GM001/Session1/Overground_Walk/Walk_Fast/Post_Process/Walk_Fast10.csv,male,1,val
GM001,Session1,overground,walk,fast,Overground_Walk,Walk_Fast,C:/Users/KUBA/GitProjects/WKIRO-Project/data/GM001/Session1/Overground_Walk/Walk_Fast/Post_Process/Walk_Fast11.csv,male,1,val
GM001,Session1,overground,walk,fast,Overground_Walk,Walk_Fast,C:/Users/KUBA/GitProjects/WKIRO-Project/data/GM001/Session1/Overground_Walk/Walk_Fast/Post_Process/Walk_Fast12.csv,male,1,train
GM001,Session1,overground,walk,fast,Overground_Walk,Walk_Fast,C:/Users/KUBA/GitProjects/WKIRO-Project/data/GM001/Session1/Overground_Walk/Walk_Fast/Post_Process/Walk_Fast13.csv,male,1,train
GM001,Session1,overground,walk,fast,Overground_Walk,Walk_Fast,C:/Users/KUBA/GitProjects/WKIRO-Project/data/GM001/Session1/Overground_Walk/Walk_Fast/Post_Process/Walk_Fast14.csv,male,1,train
GM001,Session1,overground,walk,fast,Overground_Walk,Walk_Fast,C:/Users/KUBA/GitProjects/WKIRO-Project/data/GM001/Session1/Overground_Walk/Walk_Fast/Post_Process/Walk_Fast2.csv,male,1,test
GM001,Session1,overground,walk,fast,Overground_Walk,Walk_Fast,C:/Users/KUBA/GitProjects/WKIRO-Project/data/GM001/Session1/Overground_Walk/Walk_Fast/Post_Process/Walk_Fast3.csv,male,1,train
GM001,Session1,overground,walk,fast,Overground_Walk,Walk_Fast,C:/Users/KUBA/GitProjects/WKIRO-Project/data/GM001/Session1/Overground_Walk/Walk_Fast/Post_Process/Walk_Fast4.csv,male,1,train
GM001,Session1,overground,walk,fast,Overground_Walk,Walk_Fast,C:/Users/KUBA/GitProjects/WKIRO-Project/data/GM001/Session1/Overground_Walk/Walk_Fast/Post_Process/Walk_Fast5.csv,male,1,train
GM001,Session1,overground,walk,fast,Overground_Walk,Walk_Fast,C:/Users/KUBA/GitProjects/WKIRO-Project/data/GM001/Session1/Overground_Walk/Walk_Fast/Post_Process/Walk_Fast6.csv,male,1,val
GM001,Session1,overground,walk,fast,Overground_Walk,Walk_Fast,C:/Users/KUBA/GitProjects/WKIRO-Project/data/GM001/Session1/Overground_Walk/Walk_Fast/Post_Process/Walk_Fast7.csv,male,1,train
GM001,Session1,overground,walk,fast,Overground_Walk,Walk_Fast,C:/Users/KUBA/GitProjects/WKIRO-Project/data/GM001/Session1/Overground_Walk/Walk_Fast/Post_Process/Walk_Fast8.csv,male,1,train
GM001,Session1,overground,walk,fast,Overground_Walk,Walk_Fast,C:/Users/KUBA/GitProjects/WKIRO-Project/data/GM001/Session1/Overground_Walk/Walk_Fast/Post_Process/Walk_Fast9.csv,male,1,train
GM001,Session1,overground,walk,slow,Overground_Walk,Walk_Slow,C:/Users/KUBA/GitProjects/WKIRO-Project/data/GM001/Session1/Overground_Walk/Walk_Slow/Post_Process/Walk_Slow1.csv,male,1,train
GM001,Session1,overground,walk,slow,Overground_Walk,Walk_Slow,C:/Users/KUBA/GitProjects/WKIRO-Project/data/GM001/Session1/Overground_Walk/Walk_Slow/Post_Process/Walk_Slow2.csv,male,1,train
GM001,Session1,overground,walk,slow,Overground_Walk,Walk_Slow,C:/Users/KUBA/GitProjects/WKIRO-Project/data/GM001/Session1/Overground_Walk/Walk_Slow/Post_Process/Walk_Slow3.csv,male,1,test
GM001,Session1,overground,walk,slow,Overground_Walk,Walk_Slow,C:/Users/KUBA/GitProjects/WKIRO-Project/data/GM001/Session1/Overground_Walk/Walk_Slow/Post_Process/Walk_Slow4.csv,male,1,train
GM001,Session1,overground,walk,slow,Overground_Walk,Walk_Slow,C:/Users/KUBA/GitProjects/WKIRO-Project/data/GM001/Session1/Overground_Walk/Walk_Slow/Post_Process/Walk_Slow5.csv,male,1,train
GM001,Session1,overground,walk,slow,Overground_Walk,Walk_Slow,C:/Users/KUBA/GitProjects/WKIRO-Project/data/GM001/Session1/Overground_Walk/Walk_Slow/Post_Process/Walk_Slow6.csv,male,1,train
GM001,Session1,treadmill,run,comfortable,Treadmill_Run,Treadmill_Run_Comfortable,C:/Users/KUBA/GitProjects/WKIRO-Project/data/GM001/Session1/Treadmill_Run/Treadmill_Run_Comfortable/Post_Process/Treadmill_Run_Comfortable.csv,male,1,train
GM001,Session1,treadmill,run,fast,Treadmill_Run,Treadmill_Run_Fast,C:/Users/KUBA/GitProjects/WKIRO-Project/data/GM001/Session1/Treadmill_Run/Treadmill_Run_Fast/Post_Process/Treadmill_Run_Fast.csv,male,1,train
GM001,Session1,treadmill,walk,comfortable,Treadmill_Walk,Treadmill_Walk_Comfortable,C:/Users/KUBA/GitProjects/WKIRO-Project/data/GM001/Session1/Treadmill_Walk/Treadmill_Walk_Comfortable/Post_Process/Treadmill_Walk_Comfortable.csv,male,1,train
GM001,Session1,treadmill,walk,fast,Treadmill_Walk,Treadmill_Walk_Fast,C:/Users/KUBA/GitProjects/WKIRO-Project/data/GM001/Session1/Treadmill_Walk/Treadmill_Walk_Fast/Post_Process/Treadmill_Walk_Fast.csv,male,1,train
GM001,Session1,treadmill,walk,slow,Treadmill_Walk,Treadmill_Walk_Slow,C:/Users/KUBA/GitProjects/WKIRO-Project/data/GM001/Session1/Treadmill_Walk/Treadmill_Walk_Slow/Post_Process/Treadmill_Walk_Slow.csv,male,1,train
GM001,Session2,overground,run,comfortable,Overground_Run,Run_Comfortable,C:/Users/KUBA/GitProjects/WKIRO-Project/data/GM001/Session2/Overground_Run/Run_Comfortable/Post_Process/Run_Comfortable1.csv,male,1,train
GM001,Session2,overground,run,comfortable,Overground_Run,Run_Comfortable,C:/Users/KUBA/GitProjects/WKIRO-Project/data/GM001/Session2/Overground_Run/Run_Comfortable/Post_Process/Run_Comfortable2.csv,male,1,train
GM001,Session2,overground,run,comfortable,Overground_Run,Run_Comfortable,C:/Users/KUBA/GitProjects/WKIRO-Project/data/GM001/Session2/Overground_Run/Run_Comfortable/Post_Process/Run_Comfortable3.csv,male,1,val
GM001,Session2,overground,run,comfortable,Overground_Run,Run_Comfortable,C:/Users/KUBA/GitProjects/WKIRO-Project/data/GM001/Session2/Overground_Run/Run_Comfortable/Post_Process/Run_Comfortable4.csv,male,1,train
GM001,Session2,overground,run,comfortable,Overground_Run,Run_Comfortable,C:/Users/KUBA/GitProjects/WKIRO-Project/data/GM001/Session2/Overground_Run/Run_Comfortable/Post_Process/Run_Comfortable5.csv,male,1,train
GM001,Session2,overground,run,comfortable,Overground_Run,Run_Comfortable,C:/Users/KUBA/GitProjects/WKIRO-Project/data/GM001/Session2/Overground_Run/Run_Comfortable/Post_Process/Run_Comfortable6.csv,male,1,test
GM001,Session2,overground,run,comfortable,Overground_Run,Run_Comfortable,C:/Users/KUBA/GitProjects/WKIRO-Project/data/GM001/Session2/Overground_Run/Run_Comfortable/Post_Process/Run_Comfortable7.csv,male,1,train
GM001,Session2,overground,run,comfortable,Overground_Run,Run_Comfortable,C:/Users/KUBA/GitProjects/WKIRO-Project/data/GM001/Session2/Overground_Run/Run_Comfortable/Post_Process/Run_Comfortable8.csv,male,1,val
GM001,Session2,overground,run,fast,Overground_Run,Run_Fast,C:/Users/KUBA/GitProjects/WKIRO-Project/data/GM001/Session2/Overground_Run/Run_Fast/Post_Process/Run_Fast1.csv,male,1,train
GM001,Session2,overground,run,fast,Overground_Run,Run_Fast,C:/Users/KUBA/GitProjects/WKIRO-Project/data/GM001/Session2/Overground_Run/Run_Fast/Post_Process/Run_Fast10.csv,male,1,train
GM001,Session2,overground,run,fast,Overground_Run,Run_Fast,C:/Users/KUBA/GitProjects/WKIRO-Project/data/GM001/Session2/Overground_Run/Run_Fast/Post_Process/Run_Fast11.csv,male,1,train
GM001,Session2,overground,run,fast,Overground_Run,Run_Fast,C:/Users/KUBA/GitProjects/WKIRO-Project/data/GM001/Session2/Overground_Run/Run_Fast/Post_Process/Run_Fast12.csv,male,1,test
GM001,Session2,overground,run,fast,Overground_Run,Run_Fast,C:/Users/KUBA/GitProjects/WKIRO-Project/data/GM001/Session2/Overground_Run/Run_Fast/Post_Process/Run_Fast2.csv,male,1,train
GM001,Session2,overground,run,fast,Overground_Run,Run_Fast,C:/Users/KUBA/GitProjects/WKIRO-Project/data/GM001/Session2/Overground_Run/Run_Fast/Post_Process/Run_Fast3.csv,male,1,val
GM001,Session2,overground,run,fast,Overground_Run,Run_Fast,C:/Users/KUBA/GitProjects/WKIRO-Project/data/GM001/Session2/Overground_Run/Run_Fast/Post_Process/Run_Fast4.csv,male,1,test
GM001,Session2,overground,run,fast,Overground_Run,Run_Fast,C:/Users/KUBA/GitProjects/WKIRO-Project/data/GM001/Session2/Overground_Run/Run_Fast/Post_Process/Run_Fast5.csv,male,1,train
GM001,Session2,overground,run,fast,Overground_Run,Run_Fast,C:/Users/KUBA/GitProjects/WKIRO-Project/data/GM001/Session2/Overground_Run/Run_Fast/Post_Process/Run_Fast6.csv,male,1,val
GM001,Session2,overground,run,fast,Overground_Run,Run_Fast,C:/Users/KUBA/GitProjects/WKIRO-Project/data/GM001/Session2/Overground_Run/Run_Fast/Post_Process/Run_Fast7.csv,male,1,train
GM001,Session2,overground,run,fast,Overground_Run,Run_Fast,C:/Users/KUBA/GitProjects/WKIRO-Project/data/GM001/Session2/Overground_Run/Run_Fast/Post_Process/Run_Fast8.csv,male,1,train
GM001,Session2,overground,run,fast,Overground_Run,Run_Fast,C:/Users/KUBA/GitProjects/WKIRO-Project/data/GM001/Session2/Overground_Run/Run_Fast/Post_Process/Run_Fast9.csv,male,1,train
GM001,Session2,overground,walk,comfortable,Overground_Walk,Walk_Comfortable,C:/Users/KUBA/GitProjects/WKIRO-Project/data/GM001/Session2/Overground_Walk/Walk_Comfortable/Post_Process/Walk_Comfortable1.csv,male,1,train
GM001,Session2,overground,walk,comfortable,Overground_Walk,Walk_Comfortable,C:/Users/KUBA/GitProjects/WKIRO-Project/data/GM001/Session2/Overground_Walk/Walk_Comfortable/Post_Process/Walk_Comfortable2.csv,male,1,train
GM001,Session2,overground,walk,comfortable,Overground_Walk,Walk_Comfortable,C:/Users/KUBA/GitProjects/WKIRO-Project/data/GM001/Session2/Overground_Walk/Walk_Comfortable/Post_Process/Walk_Comfortable3.csv,male,1,train
GM001,Session2,overground,walk,comfortable,Overground_Walk,Walk_Comfortable,C:/Users/KUBA/GitProjects/WKIRO-Project/data/GM001/Session2/Overground_Walk/Walk_Comfortable/Post_Process/Walk_Comfortable4.csv,male,1,train
GM001,Session2,overground,walk,comfortable,Overground_Walk,Walk_Comfortable,C:/Users/KUBA/GitProjects/WKIRO-Project/data/GM001/Session2/Overground_Walk/Walk_Comfortable/Post_Process/Walk_Comfortable5.csv,male,1,train
GM001,Session2,overground,walk,comfortable,Overground_Walk,Walk_Comfortable,C:/Users/KUBA/GitProjects/WKIRO-Project/data/GM001/Session2/Overground_Walk/Walk_Comfortable/Post_Process/Walk_Comfortable6.csv,male,1,train
GM001,Session2,overground,walk,fast,Overground_Walk,Walk_Fast,C:/Users/KUBA/GitProjects/WKIRO-Project/data/GM001/Session2/Overground_Walk/Walk_Fast/Post_Process/Walk_Fast1.csv,male,1,train
GM001,Session2,overground,walk,fast,Overground_Walk,Walk_Fast,C:/Users/KUBA/GitProjects/WKIRO-Project/data/GM001/Session2/Overground_Walk/Walk_Fast/Post_Process/Walk_Fast10.csv,male,1,train
GM001,Session2,overground,walk,fast,Overground_Walk,Walk_Fast,C:/Users/KUBA/GitProjects/WKIRO-Project/data/GM001/Session2/Overground_Walk/Walk_Fast/Post_Process/Walk_Fast11.csv,male,1,train
GM001,Session2,overground,walk,fast,Overground_Walk,Walk_Fast,C:/Users/KUBA/GitProjects/WKIRO-Project/data/GM001/Session2/Overground_Walk/Walk_Fast/Post_Process/Walk_Fast12.csv,male,1,test
GM001,Session2,overground,walk,fast,Overground_Walk,Walk_Fast,C:/Users/KUBA/GitProjects/WKIRO-Project/data/GM001/Session2/Overground_Walk/Walk_Fast/Post_Process/Walk_Fast2.csv,male,1,test
GM001,Session2,overground,walk,fast,Overground_Walk,Walk_Fast,C:/Users/KUBA/GitProjects/WKIRO-Project/data/GM001/Session2/Overground_Walk/Walk_Fast/Post_Process/Walk_Fast3.csv,male,1,test
GM001,Session2,overground,walk,fast,Overground_Walk,Walk_Fast,C:/Users/KUBA/GitProjects/WKIRO-Project/data/GM001/Session2/Overground_Walk/Walk_Fast/Post_Process/Walk_Fast4.csv,male,1,train
GM001,Session2,overground,walk,fast,Overground_Walk,Walk_Fast,C:/Users/KUBA/GitProjects/WKIRO-Project/data/GM001/Session2/Overground_Walk/Walk_Fast/Post_Process/Walk_Fast5.csv,male,1,train
GM001,Session2,overground,walk,fast,Overground_Walk,Walk_Fast,C:/Users/KUBA/GitProjects/WKIRO-Project/data/GM001/Session2/Overground_Walk/Walk_Fast/Post_Process/Walk_Fast6.csv,male,1,val
GM001,Session2,overground,walk,fast,Overground_Walk,Walk_Fast,C:/Users/KUBA/GitProjects/WKIRO-Project/data/GM001/Session2/Overground_Walk/Walk_Fast/Post_Process/Walk_Fast7.csv,male,1,train
GM001,Session2,overground,walk,fast,Overground_Walk,Walk_Fast,C:/Users/KUBA/GitProjects/WKIRO-Project/data/GM001/Session2/Overground_Walk/Walk_Fast/Post_Process/Walk_Fast8.csv,male,1,val
GM001,Session2,overground,walk,fast,Overground_Walk,Walk_Fast,C:/Users/KUBA/GitProjects/WKIRO-Project/data/GM001/Session2/Overground_Walk/Walk_Fast/Post_Process/Walk_Fast9.csv,male,1,train
GM001,Session2,overground,walk,slow,Overground_Walk,Walk_Slow,C:/Users/KUBA/GitProjects/WKIRO-Project/data/GM001/Session2/Overground_Walk/Walk_Slow/Post_Process/Walk_Slow1.csv,male,1,test
GM001,Session2,overground,walk,slow,Overground_Walk,Walk_Slow,C:/Users/KUBA/GitProjects/WKIRO-Project/data/GM001/Session2/Overground_Walk/Walk_Slow/Post_Process/Walk_Slow2.csv,male,1,train
GM001,Session2,overground,walk,slow,Overground_Walk,Walk_Slow,C:/Users/KUBA/GitProjects/WKIRO-Project/data/GM001/Session2/Overground_Walk/Walk_Slow/Post_Process/Walk_Slow3.csv,male,1,train
GM001,Session2,overground,walk,slow,Overground_Walk,Walk_Slow,C:/Users/KUBA/GitProjects/WKIRO-Project/data/GM001/Session2/Overground_Walk/Walk_Slow/Post_Process/Walk_Slow4.csv,male,1,train
GM001,Session2,treadmill,run,comfortable,Treadmill_Run,Treadmill_Run_Comfortable,C:/Users/KUBA/GitProjects/WKIRO-Project/data/GM001/Session2/Treadmill_Run/Treadmill_Run_Comfortable/Post_Process/Treadmill_Run_Comfortable.csv,male,1,val
GM001,Session2,treadmill,run,fast,Treadmill_Run,Treadmill_Run_Fast,C:/Users/KUBA/GitProjects/WKIRO-Project/data/GM001/Session2/Treadmill_Run/Treadmill_Run_Fast/Post_Process/Treadmill_Run_Fast.csv,male,1,train
GM001,Session2,treadmill,walk,comfortable,Treadmill_Walk,Treadmill_Walk_Comfortable,C:/Users/KUBA/GitProjects/WKIRO-Project/data/GM001/Session2/Treadmill_Walk/Treadmill_Walk_Comfortable/Post_Process/Treadmill_Walk_Comfortable.csv,male,1,train
GM001,Session2,treadmill,walk,fast,Treadmill_Walk,Treadmill_Walk_Fast,C:/Users/KUBA/GitProjects/WKIRO-Project/data/GM001/Session2/Treadmill_Walk/Treadmill_Walk_Fast/Post_Process/Treadmill_Walk_Fast.csv,male,1,train
GM001,Session2,treadmill,walk,slow,Treadmill_Walk,Treadmill_Walk_Slow,C:/Users/KUBA/GitProjects/WKIRO-Project/data/GM001/Session2/Treadmill_Walk/Treadmill_Walk_Slow/Post_Process/Treadmill_Walk_Slow.csv,male,1,test
GQ016,Session1,overground,run,comfortable,Overground_Run,Run_Comfortable,C:/Users/KUBA/GitProjects/WKIRO-Project/data/GQ016/Session1/Overground_Run/Run_Comfortable/Post_Process/Run_Comfortable1.csv,male,1,test
GQ016,Session1,overground,run,comfortable,Overground_Run,Run_Comfortable,C:/Users/KUBA/GitProjects/WKIRO-Project/data/GQ016/Session1/Overground_Run/Run_Comfortable/Post_Process/Run_Comfortable10.csv,male,1,train
GQ016,Session1,overground,run,comfortable,Overground_Run,Run_Comfortable,C:/Users/KUBA/GitProjects/WKIRO-Project/data/GQ016/Session1/Overground_Run/Run_Comfortable/Post_Process/Run_Comfortable2.csv,male,1,train
GQ016,Session1,overground,run,comfortable,Overground_Run,Run_Comfortable,C:/Users/KUBA/GitProjects/WKIRO-Project/data/GQ016/Session1/Overground_Run/Run_Comfortable/Post_Process/Run_Comfortable3.csv,male,1,test
GQ016,Session1,overground,run,comfortable,Overground_Run,Run_Comfortable,C:/Users/KUBA/GitProjects/WKIRO-Project/data/GQ016/Session1/Overground_Run/Run_Comfortable/Post_Process/Run_Comfortable4.csv,male,1,val
GQ016,Session1,overground,run,comfortable,Overground_Run,Run_Comfortable,C:/Users/KUBA/GitProjects/WKIRO-Project/data/GQ016/Session1/Overground_Run/Run_Comfortable/Post_Process/Run_Comfortable5.csv,male,1,train
GQ016,Session1,overground,run,comfortable,Overground_Run,Run_Comfortable,C:/Users/KUBA/GitProjects/WKIRO-Project/data/GQ016/Session1/Overground_Run/Run_Comfortable/Post_Process/Run_Comfortable6.csv,male,1,train
GQ016,Session1,overground,run,comfortable,Overground_Run,Run_Comfortable,C:/Users/KUBA/GitProjects/WKIRO-Project/data/GQ016/Session1/Overground_Run/Run_Comfortable/Post_Process/Run_Comfortable7.csv,male,1,train
GQ016,Session1,overground,run,comfortable,Overground_Run,Run_Comfortable,C:/Users/KUBA/GitProjects/WKIRO-Project/data/GQ016/Session1/Overground_Run/Run_Comfortable/Post_Process/Run_Comfortable8.csv,male,1,test
GQ016,Session1,overground,run,comfortable,Overground_Run,Run_Comfortable,C:/Users/KUBA/GitProjects/WKIRO-Project/data/GQ016/Session1/Overground_Run/Run_Comfortable/Post_Process/Run_Comfortable9.csv,male,1,train
GQ016,Session1,overground,run,fast,Overground_Run,Run_Fast,C:/Users/KUBA/GitProjects/WKIRO-Project/data/GQ016/Session1/Overground_Run/Run_Fast/Post_Process/Run_Fast1.csv,male,1,train
GQ016,Session1,overground,run,fast,Overground_Run,Run_Fast,C:/Users/KUBA/GitProjects/WKIRO-Project/data/GQ016/Session1/Overground_Run/Run_Fast/Post_Process/Run_Fast10.csv,male,1,test
GQ016,Session1,overground,run,fast,Overground_Run,Run_Fast,C:/Users/KUBA/GitProjects/WKIRO-Project/data/GQ016/Session1/Overground_Run/Run_Fast/Post_Process/Run_Fast2.csv,male,1,test
GQ016,Session1,overground,run,fast,Overground_Run,Run_Fast,C:/Users/KUBA/GitProjects/WKIRO-Project/data/GQ016/Session1/Overground_Run/Run_Fast/Post_Process/Run_Fast3.csv,male,1,val
GQ016,Session1,overground,run,fast,Overground_Run,Run_Fast,C:/Users/KUBA/GitProjects/WKIRO-Project/data/GQ016/Session1/Overground_Run/Run_Fast/Post_Process/Run_Fast4.csv,male,1,test
GQ016,Session1,overground,run,fast,Overground_Run,Run_Fast,C:/Users/KUBA/GitProjects/WKIRO-Project/data/GQ016/Session1/Overground_Run/Run_Fast/Post_Process/Run_Fast5.csv,male,1,train
GQ016,Session1,overground,run,fast,Overground_Run,Run_Fast,C:/Users/KUBA/GitProjects/WKIRO-Project/data/GQ016/Session1/Overground_Run/Run_Fast/Post_Process/Run_Fast6.csv,male,1,train
GQ016,Session1,overground,run,fast,Overground_Run,Run_Fast,C:/Users/KUBA/GitProjects/WKIRO-Project/data/GQ016/Session1/Overground_Run/Run_Fast/Post_Process/Run_Fast7.csv,male,1,val
GQ016,Session1,overground,run,fast,Overground_Run,Run_Fast,C:/Users/KUBA/GitProjects/WKIRO-Project/data/GQ016/Session1/Overground_Run/Run_Fast/Post_Process/Run_Fast8.csv,male,1,train
GQ016,Session1,overground,run,fast,Overground_Run,Run_Fast,C:/Users/KUBA/GitProjects/WKIRO-Project/data/GQ016/Session1/Overground_Run/Run_Fast/Post_Process/Run_Fast9.csv,male,1,test
GQ016,Session1,overground,walk,comfortable,Overground_Walk,Walk_Comfortable,C:/Users/KUBA/GitProjects/WKIRO-Project/data/GQ016/Session1/Overground_Walk/Walk_Comfortable/Post_Process/Walk_Comfortable1.csv,male,1,train
GQ016,Session1,overground,walk,comfortable,Overground_Walk,Walk_Comfortable,C:/Users/KUBA/GitProjects/WKIRO-Project/data/GQ016/Session1/Overground_Walk/Walk_Comfortable/Post_Process/Walk_Comfortable2.csv,male,1,train
GQ016,Session1,overground,walk,comfortable,Overground_Walk,Walk_Comfortable,C:/Users/KUBA/GitProjects/WKIRO-Project/data/GQ016/Session1/Overground_Walk/Walk_Comfortable/Post_Process/Walk_Comfortable3.csv,male,1,train
GQ016,Session1,overground,walk,comfortable,Overground_Walk,Walk_Comfortable,C:/Users/KUBA/GitProjects/WKIRO-Project/data/GQ016/Session1/Overground_Walk/Walk_Comfortable/Post_Process/Walk_Comfortable4.csv,male,1,val
GQ016,Session1,overground,walk,comfortable,Overground_Walk,Walk_Comfortable,C:/Users/KUBA/GitProjects/WKIRO-Project/data/GQ016/Session1/Overground_Walk/Walk_Comfortable/Post_Process/Walk_Comfortable5.csv,male,1,train
GQ016,Session1,overground,walk,comfortable,Overground_Walk,Walk_Comfortable,C:/Users/KUBA/GitProjects/WKIRO-Project/data/GQ016/Session1/Overground_Walk/Walk_Comfortable/Post_Process/Walk_Comfortable6.csv,male,1,train
GQ016,Session1,overground,walk,comfortable,Overground_Walk,Walk_Comfortable,C:/Users/KUBA/GitProjects/WKIRO-Project/data/GQ016/Session1/Overground_Walk/Walk_Comfortable/Post_Process/Walk_Comfortable7.csv,male,1,val
GQ016,Session1,overground,walk,comfortable,Overground_Walk,Walk_Comfortable,C:/Users/KUBA/GitProjects/WKIRO-Project/data/GQ016/Session1/Overground_Walk/Walk_Comfortable/Post_Process/Walk_Comfortable8.csv,male,1,test
GQ016,Session1,overground,walk,fast,Overground_Walk,Walk_Fast,C:/Users/KUBA/GitProjects/WKIRO-Project/data/GQ016/Session1/Overground_Walk/Walk_Fast/Post_Process/Walk_Fast1.csv,male,1,train
GQ016,Session1,overground,walk,fast,Overground_Walk,Walk_Fast,C:/Users/KUBA/GitProjects/WKIRO-Project/data/GQ016/Session1/Overground_Walk/Walk_Fast/Post_Process/Walk_Fast2.csv,male,1,train
GQ016,Session1,overground,walk,fast,Overground_Walk,Walk_Fast,C:/Users/KUBA/GitProjects/WKIRO-Project/data/GQ016/Session1/Overground_Walk/Walk_Fast/Post_Process/Walk_Fast3.csv,male,1,train
GQ016,Session1,overground,walk,fast,Overground_Walk,Walk_Fast,C:/Users/KUBA/GitProjects/WKIRO-Project/data/GQ016/Session1/Overground_Walk/Walk_Fast/Post_Process/Walk_Fast4.csv,male,1,train
GQ016,Session1,overground,walk,fast,Overground_Walk,Walk_Fast,C:/Users/KUBA/GitProjects/WKIRO-Project/data/GQ016/Session1/Overground_Walk/Walk_Fast/Post_Process/Walk_Fast5.csv,male,1,val
GQ016,Session1,overground,walk,fast,Overground_Walk,Walk_Fast,C:/Users/KUBA/GitProjects/WKIRO-Project/data/GQ016/Session1/Overground_Walk/Walk_Fast/Post_Process/Walk_Fast6.csv,male,1,train
GQ016,Session1,overground,walk,fast,Overground_Walk,Walk_Fast,C:/Users/KUBA/GitProjects/WKIRO-Project/data/GQ016/Session1/Overground_Walk/Walk_Fast/Post_Process/Walk_Fast7.csv,male,1,train
GQ016,Session1,overground,walk,fast,Overground_Walk,Walk_Fast,C:/Users/KUBA/GitProjects/WKIRO-Project/data/GQ016/Session1/Overground_Walk/Walk_Fast/Post_Process/Walk_Fast8.csv,male,1,train
GQ016,Session1,overground,walk,slow,Overground_Walk,Walk_Slow,C:/Users/KUBA/GitProjects/WKIRO-Project/data/GQ016/Session1/Overground_Walk/Walk_Slow/Post_Process/Walk_Slow1.csv,male,1,train
GQ016,Session1,overground,walk,slow,Overground_Walk,Walk_Slow,C:/Users/KUBA/GitProjects/WKIRO-Project/data/GQ016/Session1/Overground_Walk/Walk_Slow/Post_Process/Walk_Slow2.csv,male,1,train
GQ016,Session1,overground,walk,slow,Overground_Walk,Walk_Slow,C:/Users/KUBA/GitProjects/WKIRO-Project/data/GQ016/Session1/Overground_Walk/Walk_Slow/Post_Process/Walk_Slow3.csv,male,1,train
GQ016,Session1,overground,walk,slow,Overground_Walk,Walk_Slow,C:/Users/KUBA/GitProjects/WKIRO-Project/data/GQ016/Session1/Overground_Walk/Walk_Slow/Post_Process/Walk_Slow4.csv,male,1,train
GQ016,Session1,overground,walk,slow,Overground_Walk,Walk_Slow,C:/Users/KUBA/GitProjects/WKIRO-Project/data/GQ016/Session1/Overground_Walk/Walk_Slow/Post_Process/Walk_Slow5.csv,male,1,train
GQ016,Session1,overground,walk,slow,Overground_Walk,Walk_Slow,C:/Users/KUBA/GitProjects/WKIRO-Project/data/GQ016/Session1/Overground_Walk/Walk_Slow/Post_Process/Walk_Slow6.csv,male,1,train
GQ016,Session1,overground,walk,slow,Overground_Walk,Walk_Slow,C:/Users/KUBA/GitProjects/WKIRO-Project/data/GQ016/Session1/Overground_Walk/Walk_Slow/Post_Process/Walk_Slow7.csv,male,1,test
GQ016,Session1,overground,walk,slow,Overground_Walk,Walk_Slow,C:/Users/KUBA/GitProjects/WKIRO-Project/data/GQ016/Session1/Overground_Walk/Walk_Slow/Post_Process/Walk_Slow8.csv,male,1,train
GQ016,Session1,treadmill,run,comfortable,Treadmill_Run,Treadmill_Run_Comfortable,C:/Users/KUBA/GitProjects/WKIRO-Project/data/GQ016/Session1/Treadmill_Run/Treadmill_Run_Comfortable/Post_Process/Treadmill_Run_Comfortable.csv,male,1,train
GQ016,Session1,treadmill,run,fast,Treadmill_Run,Treadmill_Run_Fast,C:/Users/KUBA/GitProjects/WKIRO-Project/data/GQ016/Session1/Treadmill_Run/Treadmill_Run_Fast/Post_Process/Treadmill_Run_Fast.csv,male,1,train
GQ016,Session1,treadmill,walk,comfortable,Treadmill_Walk,Treadmill_Walk_Comfortable,C:/Users/KUBA/GitProjects/WKIRO-Project/data/GQ016/Session1/Treadmill_Walk/Treadmill_Walk_Comfortable/Post_Process/Treadmill_Walk_Comfortable.csv,male,1,train
GQ016,Session1,treadmill,walk,fast,Treadmill_Walk,Treadmill_Walk_Fast,C:/Users/KUBA/GitProjects/WKIRO-Project/data/GQ016/Session1/Treadmill_Walk/Treadmill_Walk_Fast/Post_Process/Treadmill_Walk_Fast.csv,male,1,val
GQ016,Session1,treadmill,walk,slow,Treadmill_Walk,Treadmill_Walk_Slow,C:/Users/KUBA/GitProjects/WKIRO-Project/data/GQ016/Session1/Treadmill_Walk/Treadmill_Walk_Slow/Post_Process/Treadmill_Walk_Slow.csv,male,1,val
GQ016,Session2,overground,run,comfortable,Overground_Run,Run_Comfortable,C:/Users/KUBA/GitProjects/WKIRO-Project/data/GQ016/Session2/Overground_Run/Run_Comfortable/Post_Process/Run_Comfortable1.csv,male,1,test
GQ016,Session2,overground,run,comfortable,Overground_Run,Run_Comfortable,C:/Users/KUBA/GitProjects/WKIRO-Project/data/GQ016/Session2/Overground_Run/Run_Comfortable/Post_Process/Run_Comfortable10.csv,male,1,train
GQ016,Session2,overground,run,comfortable,Overground_Run,Run_Comfortable,C:/Users/KUBA/GitProjects/WKIRO-Project/data/GQ016/Session2/Overground_Run/Run_Comfortable/Post_Process/Run_Comfortable2.csv,male,1,train
GQ016,Session2,overground,run,comfortable,Overground_Run,Run_Comfortable,C:/Users/KUBA/GitProjects/WKIRO-Project/data/GQ016/Session2/Overground_Run/Run_Comfortable/Post_Process/Run_Comfortable3.csv,male,1,train
GQ016,Session2,overground,run,comfortable,Overground_Run,Run_Comfortable,C:/Users/KUBA/GitProjects/WKIRO-Project/data/GQ016/Session2/Overground_Run/Run_Comfortable/Post_Process/Run_Comfortable4.csv,male,1,train
GQ016,Session2,overground,run,comfortable,Overground_Run,Run_Comfortable,C:/Users/KUBA/GitProjects/WKIRO-Project/data/GQ016/Session2/Overground_Run/Run_Comfortable/Post_Process/Run_Comfortable5.csv,male,1,test
GQ016,Session2,overground,run,comfortable,Overground_Run,Run_Comfortable,C:/Users/KUBA/GitProjects/WKIRO-Project/data/GQ016/Session2/Overground_Run/Run_Comfortable/Post_Process/Run_Comfortable6.csv,male,1,train
GQ016,Session2,overground,run,comfortable,Overground_Run,Run_Comfortable,C:/Users/KUBA/GitProjects/WKIRO-Project/data/GQ016/Session2/Overground_Run/Run_Comfortable/Post_Process/Run_Comfortable7.csv,male,1,train
GQ016,Session2,overground,run,comfortable,Overground_Run,Run_Comfortable,C:/Users/KUBA/GitProjects/WKIRO-Project/data/GQ016/Session2/Overground_Run/Run_Comfortable/Post_Process/Run_Comfortable8.csv,male,1,train
GQ016,Session2,overground,run,comfortable,Overground_Run,Run_Comfortable,C:/Users/KUBA/GitProjects/WKIRO-Project/data/GQ016/Session2/Overground_Run/Run_Comfortable/Post_Process/Run_Comfortable9.csv,male,1,train
GQ016,Session2,overground,run,fast,Overground_Run,Run_Fast,C:/Users/KUBA/GitProjects/WKIRO-Project/data/GQ016/Session2/Overground_Run/Run_Fast/Post_Process/Run_Fast1.csv,male,1,train
GQ016,Session2,overground,run,fast,Overground_Run,Run_Fast,C:/Users/KUBA/GitProjects/WKIRO-Project/data/GQ016/Session2/Overground_Run/Run_Fast/Post_Process/Run_Fast10.csv,male,1,train
GQ016,Session2,overground,run,fast,Overground_Run,Run_Fast,C:/Users/KUBA/GitProjects/WKIRO-Project/data/GQ016/Session2/Overground_Run/Run_Fast/Post_Process/Run_Fast2.csv,male,1,train
GQ016,Session2,overground,run,fast,Overground_Run,Run_Fast,C:/Users/KUBA/GitProjects/WKIRO-Project/data/GQ016/Session2/Overground_Run/Run_Fast/Post_Process/Run_Fast3.csv,male,1,train
GQ016,Session2,overground,run,fast,Overground_Run,Run_Fast,C:/Users/KUBA/GitProjects/WKIRO-Project/data/GQ016/Session2/Overground_Run/Run_Fast/Post_Process/Run_Fast4.csv,male,1,val
GQ016,Session2,overground,run,fast,Overground_Run,Run_Fast,C:/Users/KUBA/GitProjects/WKIRO-Project/data/GQ016/Session2/Overground_Run/Run_Fast/Post_Process/Run_Fast5.csv,male,1,val
GQ016,Session2,overground,run,fast,Overground_Run,Run_Fast,C:/Users/KUBA/GitProjects/WKIRO-Project/data/GQ016/Session2/Overground_Run/Run_Fast/Post_Process/Run_Fast6.csv,male,1,train
GQ016,Session2,overground,run,fast,Overground_Run,Run_Fast,C:/Users/KUBA/GitProjects/WKIRO-Project/data/GQ016/Session2/Overground_Run/Run_Fast/Post_Process/Run_Fast7.csv,male,1,train
GQ016,Session2,overground,run,fast,Overground_Run,Run_Fast,C:/Users/KUBA/GitProjects/WKIRO-Project/data/GQ016/Session2/Overground_Run/Run_Fast/Post_Process/Run_Fast8.csv,male,1,train
GQ016,Session2,overground,run,fast,Overground_Run,Run_Fast,C:/Users/KUBA/GitProjects/WKIRO-Project/data/GQ016/Session2/Overground_Run/Run_Fast/Post_Process/Run_Fast9.csv,male,1,train
GQ016,Session2,overground,walk,comfortable,Overground_Walk,Walk_Comfortable,C:/Users/KUBA/GitProjects/WKIRO-Project/data/GQ016/Session2/Overground_Walk/Walk_Comfortable/Post_Process/Walk_Comfortable1.csv,male,1,train
GQ016,Session2,overground,walk,comfortable,Overground_Walk,Walk_Comfortable,C:/Users/KUBA/GitProjects/WKIRO-Project/data/GQ016/Session2/Overground_Walk/Walk_Comfortable/Post_Process/Walk_Comfortable2.csv,male,1,train
GQ016,Session2,overground,walk,comfortable,Overground_Walk,Walk_Comfortable,C:/Users/KUBA/GitProjects/WKIRO-Project/data/GQ016/Session2/Overground_Walk/Walk_Comfortable/Post_Process/Walk_Comfortable3.csv,male,1,test
GQ016,Session2,overground,walk,comfortable,Overground_Walk,Walk_Comfortable,C:/Users/KUBA/GitProjects/WKIRO-Project/data/GQ016/Session2/Overground_Walk/Walk_Comfortable/Post_Process/Walk_Comfortable4.csv,male,1,train
GQ016,Session2,overground,walk,comfortable,Overground_Walk,Walk_Comfortable,C:/Users/KUBA/GitProjects/WKIRO-Project/data/GQ016/Session2/Overground_Walk/Walk_Comfortable/Post_Process/Walk_Comfortable5.csv,male,1,val
GQ016,Session2,overground,walk,comfortable,Overground_Walk,Walk_Comfortable,C:/Users/KUBA/GitProjects/WKIRO-Project/data/GQ016/Session2/Overground_Walk/Walk_Comfortable/Post_Process/Walk_Comfortable6.csv,male,1,val
GQ016,Session2,overground,walk,comfortable,Overground_Walk,Walk_Comfortable,C:/Users/KUBA/GitProjects/WKIRO-Project/data/GQ016/Session2/Overground_Walk/Walk_Comfortable/Post_Process/Walk_Comfortable7.csv,male,1,train
GQ016,Session2,overground,walk,comfortable,Overground_Walk,Walk_Comfortable,C:/Users/KUBA/GitProjects/WKIRO-Project/data/GQ016/Session2/Overground_Walk/Walk_Comfortable/Post_Process/Walk_Comfortable8.csv,male,1,test
GQ016,Session2,overground,walk,fast,Overground_Walk,Walk_Fast,C:/Users/KUBA/GitProjects/WKIRO-Project/data/GQ016/Session2/Overground_Walk/Walk_Fast/Post_Process/Walk_Fast1.csv,male,1,val
GQ016,Session2,overground,walk,fast,Overground_Walk,Walk_Fast,C:/Users/KUBA/GitProjects/WKIRO-Project/data/GQ016/Session2/Overground_Walk/Walk_Fast/Post_Process/Walk_Fast2.csv,male,1,train
GQ016,Session2,overground,walk,fast,Overground_Walk,Walk_Fast,C:/Users/KUBA/GitProjects/WKIRO-Project/data/GQ016/Session2/Overground_Walk/Walk_Fast/Post_Process/Walk_Fast3.csv,male,1,test
GQ016,Session2,overground,walk,fast,Overground_Walk,Walk_Fast,C:/Users/KUBA/GitProjects/WKIRO-Project/data/GQ016/Session2/Overground_Walk/Walk_Fast/Post_Process/Walk_Fast4.csv,male,1,train
GQ016,Session2,overground,walk,fast,Overground_Walk,Walk_Fast,C:/Users/KUBA/GitProjects/WKIRO-Project/data/GQ016/Session2/Overground_Walk/Walk_Fast/Post_Process/Walk_Fast5.csv,male,1,train
GQ016,Session2,overground,walk,fast,Overground_Walk,Walk_Fast,C:/Users/KUBA/GitProjects/WKIRO-Project/data/GQ016/Session2/Overground_Walk/Walk_Fast/Post_Process/Walk_Fast6.csv,male,1,train
GQ016,Session2,overground,walk,fast,Overground_Walk,Walk_Fast,C:/Users/KUBA/GitProjects/WKIRO-Project/data/GQ016/Session2/Overground_Walk/Walk_Fast/Post_Process/Walk_Fast7.csv,male,1,val
GQ016,Session2,overground,walk,fast,Overground_Walk,Walk_Fast,C:/Users/KUBA/GitProjects/WKIRO-Project/data/GQ016/Session2/Overground_Walk/Walk_Fast/Post_Process/Walk_Fast8.csv,male,1,train
GQ016,Session2,overground,walk,slow,Overground_Walk,Walk_Slow,C:/Users/KUBA/GitProjects/WKIRO-Project/data/GQ016/Session2/Overground_Walk/Walk_Slow/Post_Process/Walk_Slow1.csv,male,1,train
GQ016,Session2,overground,walk,slow,Overground_Walk,Walk_Slow,C:/Users/KUBA/GitProjects/WKIRO-Project/data/GQ016/Session2/Overground_Walk/Walk_Slow/Post_Process/Walk_Slow2.csv,male,1,train
GQ016,Session2,overground,walk,slow,Overground_Walk,Walk_Slow,C:/Users/KUBA/GitProjects/WKIRO-Project/data/GQ016/Session2/Overground_Walk/Walk_Slow/Post_Process/Walk_Slow3.csv,male,1,train
GQ016,Session2,overground,walk,slow,Overground_Walk,Walk_Slow,C:/Users/KUBA/GitProjects/WKIRO-Project/data/GQ016/Session2/Overground_Walk/Walk_Slow/Post_Process/Walk_Slow4.csv,male,1,train
GQ016,Session2,overground,walk,slow,Overground_Walk,Walk_Slow,C:/Users/KUBA/GitProjects/WKIRO-Project/data/GQ016/Session2/Overground_Walk/Walk_Slow/Post_Process/Walk_Slow5.csv,male,1,train
GQ016,Session2,overground,walk,slow,Overground_Walk,Walk_Slow,C:/Users/KUBA/GitProjects/WKIRO-Project/data/GQ016/Session2/Overground_Walk/Walk_Slow/Post_Process/Walk_Slow6.csv,male,1,train
GQ016,Session2,overground,walk,slow,Overground_Walk,Walk_Slow,C:/Users/KUBA/GitProjects/WKIRO-Project/data/GQ016/Session2/Overground_Walk/Walk_Slow/Post_Process/Walk_Slow7.csv,male,1,train
GQ016,Session2,overground,walk,slow,Overground_Walk,Walk_Slow,C:/Users/KUBA/GitProjects/WKIRO-Project/data/GQ016/Session2/Overground_Walk/Walk_Slow/Post_Process/Walk_Slow8.csv,male,1,test
GQ016,Session2,treadmill,run,comfortable,Treadmill_Run,Treadmill_Run_Comfortable,C:/Users/KUBA/GitProjects/WKIRO-Project/data/GQ016/Session2/Treadmill_Run/Treadmill_Run_Comfortable/Post_Process/Treadmill_Run_Comfortable.csv,male,1,train
GQ016,Session2,treadmill,run,fast,Treadmill_Run,Treadmill_Run_Fast,C:/Users/KUBA/GitProjects/WKIRO-Project/data/GQ016/Session2/Treadmill_Run/Treadmill_Run_Fast/Post_Process/Treadmill_Run_Fast.csv,male,1,val
GQ016,Session2,treadmill,walk,comfortable,Treadmill_Walk,Treadmill_Walk_Comfortable,C:/Users/KUBA/GitProjects/WKIRO-Project/data/GQ016/Session2/Treadmill_Walk/Treadmill_Walk_Comfortable/Post_Process/Treadmill_Walk_Comfortable.csv,male,1,train
GQ016,Session2,treadmill,walk,fast,Treadmill_Walk,Treadmill_Walk_Fast,C:/Users/KUBA/GitProjects/WKIRO-Project/data/GQ016/Session2/Treadmill_Walk/Treadmill_Walk_Fast/Post_Process/Treadmill_Walk_Fast.csv,male,1,train
GQ016,Session2,treadmill,walk,slow,Treadmill_Walk,Treadmill_Walk_Slow,C:/Users/KUBA/GitProjects/WKIRO-Project/data/GQ016/Session2/Treadmill_Walk/Treadmill_Walk_Slow/Post_Process/Treadmill_Walk_Slow.csv,male,1,train
HN021,Session1,overground,run,comfortable,Overground_Run,Run_Comfortable,C:/Users/KUBA/GitProjects/WKIRO-Project/data/HN021/Session1/Overground_Run/Run_Comfortable/Post_Process/Run_Comfortable1.csv,female,0,train
HN021,Session1,overground,run,comfortable,Overground_Run,Run_Comfortable,C:/Users/KUBA/GitProjects/WKIRO-Project/data/HN021/Session1/Overground_Run/Run_Comfortable/Post_Process/Run_Comfortable10.csv,female,0,train
HN021,Session1,overground,run,comfortable,Overground_Run,Run_Comfortable,C:/Users/KUBA/GitProjects/WKIRO-Project/data/HN021/Session1/Overground_Run/Run_Comfortable/Post_Process/Run_Comfortable2.csv,female,0,train
HN021,Session1,overground,run,comfortable,Overground_Run,Run_Comfortable,C:/Users/KUBA/GitProjects/WKIRO-Project/data/HN021/Session1/Overground_Run/Run_Comfortable/Post_Process/Run_Comfortable3.csv,female,0,test
HN021,Session1,overground,run,comfortable,Overground_Run,Run_Comfortable,C:/Users/KUBA/GitProjects/WKIRO-Project/data/HN021/Session1/Overground_Run/Run_Comfortable/Post_Process/Run_Comfortable4.csv,female,0,train
HN021,Session1,overground,run,comfortable,Overground_Run,Run_Comfortable,C:/Users/KUBA/GitProjects/WKIRO-Project/data/HN021/Session1/Overground_Run/Run_Comfortable/Post_Process/Run_Comfortable5.csv,female,0,train
HN021,Session1,overground,run,comfortable,Overground_Run,Run_Comfortable,C:/Users/KUBA/GitProjects/WKIRO-Project/data/HN021/Session1/Overground_Run/Run_Comfortable/Post_Process/Run_Comfortable6.csv,female,0,train
HN021,Session1,overground,run,comfortable,Overground_Run,Run_Comfortable,C:/Users/KUBA/GitProjects/WKIRO-Project/data/HN021/Session1/Overground_Run/Run_Comfortable/Post_Process/Run_Comfortable7.csv,female,0,test
HN021,Session1,overground,run,comfortable,Overground_Run,Run_Comfortable,C:/Users/KUBA/GitProjects/WKIRO-Project/data/HN021/Session1/Overground_Run/Run_Comfortable/Post_Process/Run_Comfortable8.csv,female,0,train
HN021,Session1,overground,run,comfortable,Overground_Run,Run_Comfortable,C:/Users/KUBA/GitProjects/WKIRO-Project/data/HN021/Session1/Overground_Run/Run_Comfortable/Post_Process/Run_Comfortable9.csv,female,0,train
HN021,Session1,overground,run,fast,Overground_Run,Run_Fast,C:/Users/KUBA/GitProjects/WKIRO-Project/data/HN021/Session1/Overground_Run/Run_Fast/Post_Process/Run_Fast1.csv,female,0,train
HN021,Session1,overground,run,fast,Overground_Run,Run_Fast,C:/Users/KUBA/GitProjects/WKIRO-Project/data/HN021/Session1/Overground_Run/Run_Fast/Post_Process/Run_Fast10.csv,female,0,test
HN021,Session1,overground,run,fast,Overground_Run,Run_Fast,C:/Users/KUBA/GitProjects/WKIRO-Project/data/HN021/Session1/Overground_Run/Run_Fast/Post_Process/Run_Fast2.csv,female,0,train
HN021,Session1,overground,run,fast,Overground_Run,Run_Fast,C:/Users/KUBA/GitProjects/WKIRO-Project/data/HN021/Session1/Overground_Run/Run_Fast/Post_Process/Run_Fast3.csv,female,0,train
HN021,Session1,overground,run,fast,Overground_Run,Run_Fast,C:/Users/KUBA/GitProjects/WKIRO-Project/data/HN021/Session1/Overground_Run/Run_Fast/Post_Process/Run_Fast4.csv,female,0,train
HN021,Session1,overground,run,fast,Overground_Run,Run_Fast,C:/Users/KUBA/GitProjects/WKIRO-Project/data/HN021/Session1/Overground_Run/Run_Fast/Post_Process/Run_Fast5.csv,female,0,val
HN021,Session1,overground,run,fast,Overground_Run,Run_Fast,C:/Users/KUBA/GitProjects/WKIRO-Project/data/HN021/Session1/Overground_Run/Run_Fast/Post_Process/Run_Fast6.csv,female,0,train
HN021,Session1,overground,run,fast,Overground_Run,Run_Fast,C:/Users/KUBA/GitProjects/WKIRO-Project/data/HN021/Session1/Overground_Run/Run_Fast/Post_Process/Run_Fast7.csv,female,0,train
HN021,Session1,overground,run,fast,Overground_Run,Run_Fast,C:/Users/KUBA/GitProjects/WKIRO-Project/data/HN021/Session1/Overground_Run/Run_Fast/Post_Process/Run_Fast8.csv,female,0,train
HN021,Session1,overground,run,fast,Overground_Run,Run_Fast,C:/Users/KUBA/GitProjects/WKIRO-Project/data/HN021/Session1/Overground_Run/Run_Fast/Post_Process/Run_Fast9.csv,female,0,test
HN021,Session1,overground,walk,comfortable,Overground_Walk,Walk_Comfortable,C:/Users/KUBA/GitProjects/WKIRO-Project/data/HN021/Session1/Overground_Walk/Walk_Comfortable/Post_Process/Walk_Comfortable1.csv,female,0,train
HN021,Session1,overground,walk,comfortable,Overground_Walk,Walk_Comfortable,C:/Users/KUBA/GitProjects/WKIRO-Project/data/HN021/Session1/Overground_Walk/Walk_Comfortable/Post_Process/Walk_Comfortable2.csv,female,0,val
HN021,Session1,overground,walk,comfortable,Overground_Walk,Walk_Comfortable,C:/Users/KUBA/GitProjects/WKIRO-Project/data/HN021/Session1/Overground_Walk/Walk_Comfortable/Post_Process/Walk_Comfortable3.csv,female,0,train
HN021,Session1,overground,walk,comfortable,Overground_Walk,Walk_Comfortable,C:/Users/KUBA/GitProjects/WKIRO-Project/data/HN021/Session1/Overground_Walk/Walk_Comfortable/Post_Process/Walk_Comfortable4.csv,female,0,train
HN021,Session1,overground,walk,comfortable,Overground_Walk,Walk_Comfortable,C:/Users/KUBA/GitProjects/WKIRO-Project/data/HN021/Session1/Overground_Walk/Walk_Comfortable/Post_Process/Walk_Comfortable5.csv,female,0,val
HN021,Session1,overground,walk,comfortable,Overground_Walk,Walk_Comfortable,C:/Users/KUBA/GitProjects/WKIRO-Project/data/HN021/Session1/Overground_Walk/Walk_Comfortable/Post_Process/Walk_Comfortable6.csv,female,0,train
HN021,Session1,overground,walk,comfortable,Overground_Walk,Walk_Comfortable,C:/Users/KUBA/GitProjects/WKIRO-Project/data/HN021/Session1/Overground_Walk/Walk_Comfortable/Post_Process/Walk_Comfortable7.csv,female,0,train
HN021,Session1,overground,walk,comfortable,Overground_Walk,Walk_Comfortable,C:/Users/KUBA/GitProjects/WKIRO-Project/data/HN021/Session1/Overground_Walk/Walk_Comfortable/Post_Process/Walk_Comfortable8.csv,female,0,val
HN021,Session1,overground,walk,fast,Overground_Walk,Walk_Fast,C:/Users/KUBA/GitProjects/WKIRO-Project/data/HN021/Session1/Overground_Walk/Walk_Fast/Post_Process/Walk_Fast1.csv,female,0,test
HN021,Session1,overground,walk,fast,Overground_Walk,Walk_Fast,C:/Users/KUBA/GitProjects/WKIRO-Project/data/HN021/Session1/Overground_Walk/Walk_Fast/Post_Process/Walk_Fast2.csv,female,0,train
HN021,Session1,overground,walk,fast,Overground_Walk,Walk_Fast,C:/Users/KUBA/GitProjects/WKIRO-Project/data/HN021/Session1/Overground_Walk/Walk_Fast/Post_Process/Walk_Fast3.csv,female,0,train
HN021,Session1,overground,walk,fast,Overground_Walk,Walk_Fast,C:/Users/KUBA/GitProjects/WKIRO-Project/data/HN021/Session1/Overground_Walk/Walk_Fast/Post_Process/Walk_Fast4.csv,female,0,test
HN021,Session1,overground,walk,fast,Overground_Walk,Walk_Fast,C:/Users/KUBA/GitProjects/WKIRO-Project/data/HN021/Session1/Overground_Walk/Walk_Fast/Post_Process/Walk_Fast5.csv,female,0,train
HN021,Session1,overground,walk,fast,Overground_Walk,Walk_Fast,C:/Users/KUBA/GitProjects/WKIRO-Project/data/HN021/Session1/Overground_Walk/Walk_Fast/Post_Process/Walk_Fast6.csv,female,0,test
HN021,Session1,overground,walk,fast,Overground_Walk,Walk_Fast,C:/Users/KUBA/GitProjects/WKIRO-Project/data/HN021/Session1/Overground_Walk/Walk_Fast/Post_Process/Walk_Fast7.csv,female,0,train
HN021,Session1,overground,walk,fast,Overground_Walk,Walk_Fast,C:/Users/KUBA/GitProjects/WKIRO-Project/data/HN021/Session1/Overground_Walk/Walk_Fast/Post_Process/Walk_Fast8.csv,female,0,val
HN021,Session1,overground,walk,slow,Overground_Walk,Walk_Slow,C:/Users/KUBA/GitProjects/WKIRO-Project/data/HN021/Session1/Overground_Walk/Walk_Slow/Post_Process/Walk_Slow1.csv,female,0,train
HN021,Session1,overground,walk,slow,Overground_Walk,Walk_Slow,C:/Users/KUBA/GitProjects/WKIRO-Project/data/HN021/Session1/Overground_Walk/Walk_Slow/Post_Process/Walk_Slow2.csv,female,0,train
HN021,Session1,overground,walk,slow,Overground_Walk,Walk_Slow,C:/Users/KUBA/GitProjects/WKIRO-Project/data/HN021/Session1/Overground_Walk/Walk_Slow/Post_Process/Walk_Slow3.csv,female,0,val
HN021,Session1,overground,walk,slow,Overground_Walk,Walk_Slow,C:/Users/KUBA/GitProjects/WKIRO-Project/data/HN021/Session1/Overground_Walk/Walk_Slow/Post_Process/Walk_Slow4.csv,female,0,train
HN021,Session1,overground,walk,slow,Overground_Walk,Walk_Slow,C:/Users/KUBA/GitProjects/WKIRO-Project/data/HN021/Session1/Overground_Walk/Walk_Slow/Post_Process/Walk_Slow5.csv,female,0,train
HN021,Session1,overground,walk,slow,Overground_Walk,Walk_Slow,C:/Users/KUBA/GitProjects/WKIRO-Project/data/HN021/Session1/Overground_Walk/Walk_Slow/Post_Process/Walk_Slow6.csv,female,0,train
HN021,Session1,overground,walk,slow,Overground_Walk,Walk_Slow,C:/Users/KUBA/GitProjects/WKIRO-Project/data/HN021/Session1/Overground_Walk/Walk_Slow/Post_Process/Walk_Slow7.csv,female,0,train
HN021,Session1,overground,walk,slow,Overground_Walk,Walk_Slow,C:/Users/KUBA/GitProjects/WKIRO-Project/data/HN021/Session1/Overground_Walk/Walk_Slow/Post_Process/Walk_Slow8.csv,female,0,train
HN021,Session1,treadmill,run,comfortable,Treadmill_Run,Treadmill_Run_Comfortable,C:/Users/KUBA/GitProjects/WKIRO-Project/data/HN021/Session1/Treadmill_Run/Treadmill_Run_Comfortable/Post_Process/Treadmill_Run_Comfortable.csv,female,0,train
HN021,Session1,treadmill,run,fast,Treadmill_Run,Treadmill_Run_Fast,C:/Users/KUBA/GitProjects/WKIRO-Project/data/HN021/Session1/Treadmill_Run/Treadmill_Run_Fast/Post_Process/Treadmill_Run_Fast.csv,female,0,train
HN021,Session1,treadmill,walk,comfortable,Treadmill_Walk,Treadmill_Walk_Comfortable,C:/Users/KUBA/GitProjects/WKIRO-Project/data/HN021/Session1/Treadmill_Walk/Treadmill_Walk_Comfortable/Post_Process/Treadmill_Walk_Comfortable.csv,female,0,train
HN021,Session1,treadmill,walk,fast,Treadmill_Walk,Treadmill_Walk_Fast,C:/Users/KUBA/GitProjects/WKIRO-Project/data/HN021/Session1/Treadmill_Walk/Treadmill_Walk_Fast/Post_Process/Treadmill_Walk_Fast.csv,female,0,train
HN021,Session1,treadmill,walk,slow,Treadmill_Walk,Treadmill_Walk_Slow,C:/Users/KUBA/GitProjects/WKIRO-Project/data/HN021/Session1/Treadmill_Walk/Treadmill_Walk_Slow/Post_Process/Treadmill_Walk_Slow.csv,female,0,train
HN021,Session2,overground,run,comfortable,Overground_Run,Run_Comfortable,C:/Users/KUBA/GitProjects/WKIRO-Project/data/HN021/Session2/Overground_Run/Run_Comfortable/Post_Process/Run_Comfortable1.csv,female,0,train
HN021,Session2,overground,run,comfortable,Overground_Run,Run_Comfortable,C:/Users/KUBA/GitProjects/WKIRO-Project/data/HN021/Session2/Overground_Run/Run_Comfortable/Post_Process/Run_Comfortable2.csv,female,0,val
HN021,Session2,overground,run,comfortable,Overground_Run,Run_Comfortable,C:/Users/KUBA/GitProjects/WKIRO-Project/data/HN021/Session2/Overground_Run/Run_Comfortable/Post_Process/Run_Comfortable3.csv,female,0,train
HN021,Session2,overground,run,comfortable,Overground_Run,Run_Comfortable,C:/Users/KUBA/GitProjects/WKIRO-Project/data/HN021/Session2/Overground_Run/Run_Comfortable/Post_Process/Run_Comfortable4.csv,female,0,train
HN021,Session2,overground,run,comfortable,Overground_Run,Run_Comfortable,C:/Users/KUBA/GitProjects/WKIRO-Project/data/HN021/Session2/Overground_Run/Run_Comfortable/Post_Process/Run_Comfortable5.csv,female,0,train
HN021,Session2,overground,run,comfortable,Overground_Run,Run_Comfortable,C:/Users/KUBA/GitProjects/WKIRO-Project/data/HN021/Session2/Overground_Run/Run_Comfortable/Post_Process/Run_Comfortable6.csv,female,0,test
HN021,Session2,overground,run,comfortable,Overground_Run,Run_Comfortable,C:/Users/KUBA/GitProjects/WKIRO-Project/data/HN021/Session2/Overground_Run/Run_Comfortable/Post_Process/Run_Comfortable7.csv,female,0,train
HN021,Session2,overground,run,comfortable,Overground_Run,Run_Comfortable,C:/Users/KUBA/GitProjects/WKIRO-Project/data/HN021/Session2/Overground_Run/Run_Comfortable/Post_Process/Run_Comfortable8.csv,female,0,test
HN021,Session2,overground,run,fast,Overground_Run,Run_Fast,C:/Users/KUBA/GitProjects/WKIRO-Project/data/HN021/Session2/Overground_Run/Run_Fast/Post_Process/Run_Fast1.csv,female,0,train
HN021,Session2,overground,run,fast,Overground_Run,Run_Fast,C:/Users/KUBA/GitProjects/WKIRO-Project/data/HN021/Session2/Overground_Run/Run_Fast/Post_Process/Run_Fast10.csv,female,0,train
HN021,Session2,overground,run,fast,Overground_Run,Run_Fast,C:/Users/KUBA/GitProjects/WKIRO-Project/data/HN021/Session2/Overground_Run/Run_Fast/Post_Process/Run_Fast2.csv,female,0,train
HN021,Session2,overground,run,fast,Overground_Run,Run_Fast,C:/Users/KUBA/GitProjects/WKIRO-Project/data/HN021/Session2/Overground_Run/Run_Fast/Post_Process/Run_Fast3.csv,female,0,val
HN021,Session2,overground,run,fast,Overground_Run,Run_Fast,C:/Users/KUBA/GitProjects/WKIRO-Project/data/HN021/Session2/Overground_Run/Run_Fast/Post_Process/Run_Fast4.csv,female,0,train
HN021,Session2,overground,run,fast,Overground_Run,Run_Fast,C:/Users/KUBA/GitProjects/WKIRO-Project/data/HN021/Session2/Overground_Run/Run_Fast/Post_Process/Run_Fast5.csv,female,0,test
HN021,Session2,overground,run,fast,Overground_Run,Run_Fast,C:/Users/KUBA/GitProjects/WKIRO-Project/data/HN021/Session2/Overground_Run/Run_Fast/Post_Process/Run_Fast6.csv,female,0,test
HN021,Session2,overground,run,fast,Overground_Run,Run_Fast,C:/Users/KUBA/GitProjects/WKIRO-Project/data/HN021/Session2/Overground_Run/Run_Fast/Post_Process/Run_Fast7.csv,female,0,val
HN021,Session2,overground,run,fast,Overground_Run,Run_Fast,C:/Users/KUBA/GitProjects/WKIRO-Project/data/HN021/Session2/Overground_Run/Run_Fast/Post_Process/Run_Fast8.csv,female,0,train
HN021,Session2,overground,run,fast,Overground_Run,Run_Fast,C:/Users/KUBA/GitProjects/WKIRO-Project/data/HN021/Session2/Overground_Run/Run_Fast/Post_Process/Run_Fast9.csv,female,0,train
HN021,Session2,overground,walk,comfortable,Overground_Walk,Walk_Comfortable,C:/Users/KUBA/GitProjects/WKIRO-Project/data/HN021/Session2/Overground_Walk/Walk_Comfortable/Post_Process/Walk_Comfortable1.csv,female,0,test
HN021,Session2,overground,walk,comfortable,Overground_Walk,Walk_Comfortable,C:/Users/KUBA/GitProjects/WKIRO-Project/data/HN021/Session2/Overground_Walk/Walk_Comfortable/Post_Process/Walk_Comfortable2.csv,female,0,val
HN021,Session2,overground,walk,comfortable,Overground_Walk,Walk_Comfortable,C:/Users/KUBA/GitProjects/WKIRO-Project/data/HN021/Session2/Overground_Walk/Walk_Comfortable/Post_Process/Walk_Comfortable3.csv,female,0,train
HN021,Session2,overground,walk,comfortable,Overground_Walk,Walk_Comfortable,C:/Users/KUBA/GitProjects/WKIRO-Project/data/HN021/Session2/Overground_Walk/Walk_Comfortable/Post_Process/Walk_Comfortable4.csv,female,0,train
HN021,Session2,overground,walk,comfortable,Overground_Walk,Walk_Comfortable,C:/Users/KUBA/GitProjects/WKIRO-Project/data/HN021/Session2/Overground_Walk/Walk_Comfortable/Post_Process/Walk_Comfortable5.csv,female,0,train
HN021,Session2,overground,walk,comfortable,Overground_Walk,Walk_Comfortable,C:/Users/KUBA/GitProjects/WKIRO-Project/data/HN021/Session2/Overground_Walk/Walk_Comfortable/Post_Process/Walk_Comfortable6.csv,female,0,train
HN021,Session2,overground,walk,fast,Overground_Walk,Walk_Fast,C:/Users/KUBA/GitProjects/WKIRO-Project/data/HN021/Session2/Overground_Walk/Walk_Fast/Post_Process/Walk_Fast1.csv,female,0,train
HN021,Session2,overground,walk,fast,Overground_Walk,Walk_Fast,C:/Users/KUBA/GitProjects/WKIRO-Project/data/HN021/Session2/Overground_Walk/Walk_Fast/Post_Process/Walk_Fast2.csv,female,0,train
HN021,Session2,overground,walk,fast,Overground_Walk,Walk_Fast,C:/Users/KUBA/GitProjects/WKIRO-Project/data/HN021/Session2/Overground_Walk/Walk_Fast/Post_Process/Walk_Fast3.csv,female,0,train
HN021,Session2,overground,walk,fast,Overground_Walk,Walk_Fast,C:/Users/KUBA/GitProjects/WKIRO-Project/data/HN021/Session2/Overground_Walk/Walk_Fast/Post_Process/Walk_Fast4.csv,female,0,train
HN021,Session2,overground,walk,fast,Overground_Walk,Walk_Fast,C:/Users/KUBA/GitProjects/WKIRO-Project/data/HN021/Session2/Overground_Walk/Walk_Fast/Post_Process/Walk_Fast5.csv,female,0,val
HN021,Session2,overground,walk,fast,Overground_Walk,Walk_Fast,C:/Users/KUBA/GitProjects/WKIRO-Project/data/HN021/Session2/Overground_Walk/Walk_Fast/Post_Process/Walk_Fast6.csv,female,0,val
HN021,Session2,overground,walk,fast,Overground_Walk,Walk_Fast,C:/Users/KUBA/GitProjects/WKIRO-Project/data/HN021/Session2/Overground_Walk/Walk_Fast/Post_Process/Walk_Fast7.csv,female,0,train
HN021,Session2,overground,walk,fast,Overground_Walk,Walk_Fast,C:/Users/KUBA/GitProjects/WKIRO-Project/data/HN021/Session2/Overground_Walk/Walk_Fast/Post_Process/Walk_Fast8.csv,female,0,train
HN021,Session2,overground,walk,slow,Overground_Walk,Walk_Slow,C:/Users/KUBA/GitProjects/WKIRO-Project/data/HN021/Session2/Overground_Walk/Walk_Slow/Post_Process/Walk_Slow1.csv,female,0,train
HN021,Session2,overground,walk,slow,Overground_Walk,Walk_Slow,C:/Users/KUBA/GitProjects/WKIRO-Project/data/HN021/Session2/Overground_Walk/Walk_Slow/Post_Process/Walk_Slow2.csv,female,0,test
HN021,Session2,overground,walk,slow,Overground_Walk,Walk_Slow,C:/Users/KUBA/GitProjects/WKIRO-Project/data/HN021/Session2/Overground_Walk/Walk_Slow/Post_Process/Walk_Slow3.csv,female,0,train
HN021,Session2,overground,walk,slow,Overground_Walk,Walk_Slow,C:/Users/KUBA/GitProjects/WKIRO-Project/data/HN021/Session2/Overground_Walk/Walk_Slow/Post_Process/Walk_Slow4.csv,female,0,test
HN021,Session2,overground,walk,slow,Overground_Walk,Walk_Slow,C:/Users/KUBA/GitProjects/WKIRO-Project/data/HN021/Session2/Overground_Walk/Walk_Slow/Post_Process/Walk_Slow5.csv,female,0,train
HN021,Session2,overground,walk,slow,Overground_Walk,Walk_Slow,C:/Users/KUBA/GitProjects/WKIRO-Project/data/HN021/Session2/Overground_Walk/Walk_Slow/Post_Process/Walk_Slow6.csv,female,0,train
HN021,Session2,overground,walk,slow,Overground_Walk,Walk_Slow,C:/Users/KUBA/GitProjects/WKIRO-Project/data/HN021/Session2/Overground_Walk/Walk_Slow/Post_Process/Walk_Slow7.csv,female,0,train
HN021,Session2,overground,walk,slow,Overground_Walk,Walk_Slow,C:/Users/KUBA/GitProjects/WKIRO-Project/data/HN021/Session2/Overground_Walk/Walk_Slow/Post_Process/Walk_Slow8.csv,female,0,val
HN021,Session2,treadmill,run,comfortable,Treadmill_Run,Treadmill_Run_Comfortable,C:/Users/KUBA/GitProjects/WKIRO-Project/data/HN021/Session2/Treadmill_Run/Treadmill_Run_Comfortable/Post_Process/Treadmill_Run_Comfortable.csv,female,0,val
HN021,Session2,treadmill,run,fast,Treadmill_Run,Treadmill_Run_Fast,C:/Users/KUBA/GitProjects/WKIRO-Project/data/HN021/Session2/Treadmill_Run/Treadmill_Run_Fast/Post_Process/Treadmill_Run_Fast.csv,female,0,train
HN021,Session2,treadmill,walk,comfortable,Treadmill_Walk,Treadmill_Walk_Comfortable,C:/Users/KUBA/GitProjects/WKIRO-Project/data/HN021/Session2/Treadmill_Walk/Treadmill_Walk_Comfortable/Post_Process/Treadmill_Walk_Comfortable.csv,female,0,train
HN021,Session2,treadmill,walk,fast,Treadmill_Walk,Treadmill_Walk_Fast,C:/Users/KUBA/GitProjects/WKIRO-Project/data/HN021/Session2/Treadmill_Walk/Treadmill_Walk_Fast/Post_Process/Treadmill_Walk_Fast.csv,female,0,train
HN021,Session2,treadmill,walk,slow,Treadmill_Walk,Treadmill_Walk_Slow,C:/Users/KUBA/GitProjects/WKIRO-Project/data/HN021/Session2/Treadmill_Walk/Treadmill_Walk_Slow/Post_Process/Treadmill_Walk_Slow.csv,female,0,train
HS018,Session1,overground,run,comfortable,Overground_Run,Run_Comfortable,C:/Users/KUBA/GitProjects/WKIRO-Project/data/HS018/Session1/Overground_Run/Run_Comfortable/Post_Process/Run_Comfortable1.csv,female,0,test
HS018,Session1,overground,run,comfortable,Overground_Run,Run_Comfortable,C:/Users/KUBA/GitProjects/WKIRO-Project/data/HS018/Session1/Overground_Run/Run_Comfortable/Post_Process/Run_Comfortable10.csv,female,0,train
HS018,Session1,overground,run,comfortable,Overground_Run,Run_Comfortable,C:/Users/KUBA/GitProjects/WKIRO-Project/data/HS018/Session1/Overground_Run/Run_Comfortable/Post_Process/Run_Comfortable2.csv,female,0,test
HS018,Session1,overground,run,comfortable,Overground_Run,Run_Comfortable,C:/Users/KUBA/GitProjects/WKIRO-Project/data/HS018/Session1/Overground_Run/Run_Comfortable/Post_Process/Run_Comfortable3.csv,female,0,train
HS018,Session1,overground,run,comfortable,Overground_Run,Run_Comfortable,C:/Users/KUBA/GitProjects/WKIRO-Project/data/HS018/Session1/Overground_Run/Run_Comfortable/Post_Process/Run_Comfortable4.csv,female,0,train
HS018,Session1,overground,run,comfortable,Overground_Run,Run_Comfortable,C:/Users/KUBA/GitProjects/WKIRO-Project/data/HS018/Session1/Overground_Run/Run_Comfortable/Post_Process/Run_Comfortable5.csv,female,0,val
HS018,Session1,overground,run,comfortable,Overground_Run,Run_Comfortable,C:/Users/KUBA/GitProjects/WKIRO-Project/data/HS018/Session1/Overground_Run/Run_Comfortable/Post_Process/Run_Comfortable6.csv,female,0,test
HS018,Session1,overground,run,comfortable,Overground_Run,Run_Comfortable,C:/Users/KUBA/GitProjects/WKIRO-Project/data/HS018/Session1/Overground_Run/Run_Comfortable/Post_Process/Run_Comfortable7.csv,female,0,train
HS018,Session1,overground,run,comfortable,Overground_Run,Run_Comfortable,C:/Users/KUBA/GitProjects/WKIRO-Project/data/HS018/Session1/Overground_Run/Run_Comfortable/Post_Process/Run_Comfortable8.csv,female,0,val
HS018,Session1,overground,run,comfortable,Overground_Run,Run_Comfortable,C:/Users/KUBA/GitProjects/WKIRO-Project/data/HS018/Session1/Overground_Run/Run_Comfortable/Post_Process/Run_Comfortable9.csv,female,0,train
HS018,Session1,overground,run,fast,Overground_Run,Run_Fast,C:/Users/KUBA/GitProjects/WKIRO-Project/data/HS018/Session1/Overground_Run/Run_Fast/Post_Process/Run_Fast1.csv,female,0,train
HS018,Session1,overground,run,fast,Overground_Run,Run_Fast,C:/Users/KUBA/GitProjects/WKIRO-Project/data/HS018/Session1/Overground_Run/Run_Fast/Post_Process/Run_Fast10.csv,female,0,train
HS018,Session1,overground,run,fast,Overground_Run,Run_Fast,C:/Users/KUBA/GitProjects/WKIRO-Project/data/HS018/Session1/Overground_Run/Run_Fast/Post_Process/Run_Fast2.csv,female,0,train
HS018,Session1,overground,run,fast,Overground_Run,Run_Fast,C:/Users/KUBA/GitProjects/WKIRO-Project/data/HS018/Session1/Overground_Run/Run_Fast/Post_Process/Run_Fast3.csv,female,0,train
HS018,Session1,overground,run,fast,Overground_Run,Run_Fast,C:/Users/KUBA/GitProjects/WKIRO-Project/data/HS018/Session1/Overground_Run/Run_Fast/Post_Process/Run_Fast4.csv,female,0,test
HS018,Session1,overground,run,fast,Overground_Run,Run_Fast,C:/Users/KUBA/GitProjects/WKIRO-Project/data/HS018/Session1/Overground_Run/Run_Fast/Post_Process/Run_Fast5.csv,female,0,val
HS018,Session1,overground,run,fast,Overground_Run,Run_Fast,C:/Users/KUBA/GitProjects/WKIRO-Project/data/HS018/Session1/Overground_Run/Run_Fast/Post_Process/Run_Fast6.csv,female,0,train
HS018,Session1,overground,run,fast,Overground_Run,Run_Fast,C:/Users/KUBA/GitProjects/WKIRO-Project/data/HS018/Session1/Overground_Run/Run_Fast/Post_Process/Run_Fast7.csv,female,0,test
HS018,Session1,overground,run,fast,Overground_Run,Run_Fast,C:/Users/KUBA/GitProjects/WKIRO-Project/data/HS018/Session1/Overground_Run/Run_Fast/Post_Process/Run_Fast8.csv,female,0,train
HS018,Session1,overground,run,fast,Overground_Run,Run_Fast,C:/Users/KUBA/GitProjects/WKIRO-Project/data/HS018/Session1/Overground_Run/Run_Fast/Post_Process/Run_Fast9.csv,female,0,train
HS018,Session1,overground,walk,comfortable,Overground_Walk,Walk_Comfortable,C:/Users/KUBA/GitProjects/WKIRO-Project/data/HS018/Session1/Overground_Walk/Walk_Comfortable/Post_Process/Walk_Comfortable1.csv,female,0,train
HS018,Session1,overground,walk,comfortable,Overground_Walk,Walk_Comfortable,C:/Users/KUBA/GitProjects/WKIRO-Project/data/HS018/Session1/Overground_Walk/Walk_Comfortable/Post_Process/Walk_Comfortable2.csv,female,0,train
HS018,Session1,overground,walk,comfortable,Overground_Walk,Walk_Comfortable,C:/Users/KUBA/GitProjects/WKIRO-Project/data/HS018/Session1/Overground_Walk/Walk_Comfortable/Post_Process/Walk_Comfortable3.csv,female,0,train
HS018,Session1,overground,walk,comfortable,Overground_Walk,Walk_Comfortable,C:/Users/KUBA/GitProjects/WKIRO-Project/data/HS018/Session1/Overground_Walk/Walk_Comfortable/Post_Process/Walk_Comfortable4.csv,female,0,train
HS018,Session1,overground,walk,comfortable,Overground_Walk,Walk_Comfortable,C:/Users/KUBA/GitProjects/WKIRO-Project/data/HS018/Session1/Overground_Walk/Walk_Comfortable/Post_Process/Walk_Comfortable5.csv,female,0,train
HS018,Session1,overground,walk,comfortable,Overground_Walk,Walk_Comfortable,C:/Users/KUBA/GitProjects/WKIRO-Project/data/HS018/Session1/Overground_Walk/Walk_Comfortable/Post_Process/Walk_Comfortable6.csv,female,0,val
HS018,Session1,overground,walk,fast,Overground_Walk,Walk_Fast,C:/Users/KUBA/GitProjects/WKIRO-Project/data/HS018/Session1/Overground_Walk/Walk_Fast/Post_Process/Walk_Fast1.csv,female,0,train
HS018,Session1,overground,walk,fast,Overground_Walk,Walk_Fast,C:/Users/KUBA/GitProjects/WKIRO-Project/data/HS018/Session1/Overground_Walk/Walk_Fast/Post_Process/Walk_Fast2.csv,female,0,train
HS018,Session1,overground,walk,fast,Overground_Walk,Walk_Fast,C:/Users/KUBA/GitProjects/WKIRO-Project/data/HS018/Session1/Overground_Walk/Walk_Fast/Post_Process/Walk_Fast3.csv,female,0,test
HS018,Session1,overground,walk,fast,Overground_Walk,Walk_Fast,C:/Users/KUBA/GitProjects/WKIRO-Project/data/HS018/Session1/Overground_Walk/Walk_Fast/Post_Process/Walk_Fast4.csv,female,0,test
HS018,Session1,overground,walk,fast,Overground_Walk,Walk_Fast,C:/Users/KUBA/GitProjects/WKIRO-Project/data/HS018/Session1/Overground_Walk/Walk_Fast/Post_Process/Walk_Fast5.csv,female,0,val
HS018,Session1,overground,walk,fast,Overground_Walk,Walk_Fast,C:/Users/KUBA/GitProjects/WKIRO-Project/data/HS018/Session1/Overground_Walk/Walk_Fast/Post_Process/Walk_Fast6.csv,female,0,train
HS018,Session1,overground,walk,fast,Overground_Walk,Walk_Fast,C:/Users/KUBA/GitProjects/WKIRO-Project/data/HS018/Session1/Overground_Walk/Walk_Fast/Post_Process/Walk_Fast7.csv,female,0,train
HS018,Session1,overground,walk,fast,Overground_Walk,Walk_Fast,C:/Users/KUBA/GitProjects/WKIRO-Project/data/HS018/Session1/Overground_Walk/Walk_Fast/Post_Process/Walk_Fast8.csv,female,0,train
HS018,Session1,overground,walk,slow,Overground_Walk,Walk_Slow,C:/Users/KUBA/GitProjects/WKIRO-Project/data/HS018/Session1/Overground_Walk/Walk_Slow/Post_Process/Walk_Slow1.csv,female,0,test
HS018,Session1,overground,walk,slow,Overground_Walk,Walk_Slow,C:/Users/KUBA/GitProjects/WKIRO-Project/data/HS018/Session1/Overground_Walk/Walk_Slow/Post_Process/Walk_Slow2.csv,female,0,train
HS018,Session1,overground,walk,slow,Overground_Walk,Walk_Slow,C:/Users/KUBA/GitProjects/WKIRO-Project/data/HS018/Session1/Overground_Walk/Walk_Slow/Post_Process/Walk_Slow3.csv,female,0,val
HS018,Session1,overground,walk,slow,Overground_Walk,Walk_Slow,C:/Users/KUBA/GitProjects/WKIRO-Project/data/HS018/Session1/Overground_Walk/Walk_Slow/Post_Process/Walk_Slow4.csv,female,0,train
HS018,Session1,overground,walk,slow,Overground_Walk,Walk_Slow,C:/Users/KUBA/GitProjects/WKIRO-Project/data/HS018/Session1/Overground_Walk/Walk_Slow/Post_Process/Walk_Slow5.csv,female,0,train
HS018,Session1,overground,walk,slow,Overground_Walk,Walk_Slow,C:/Users/KUBA/GitProjects/WKIRO-Project/data/HS018/Session1/Overground_Walk/Walk_Slow/Post_Process/Walk_Slow6.csv,female,0,train
HS018,Session1,treadmill,run,comfortable,Treadmill_Run,Treadmill_Run_Comfortable,C:/Users/KUBA/GitProjects/WKIRO-Project/data/HS018/Session1/Treadmill_Run/Treadmill_Run_Comfortable/Post_Process/Treadmill_Run_Comfortable.csv,female,0,train
HS018,Session1,treadmill,run,fast,Treadmill_Run,Treadmill_Run_Fast,C:/Users/KUBA/GitProjects/WKIRO-Project/data/HS018/Session1/Treadmill_Run/Treadmill_Run_Fast/Post_Process/Treadmill_Run_Fast.csv,female,0,val
HS018,Session1,treadmill,walk,comfortable,Treadmill_Walk,Treadmill_Walk_Comfortable,C:/Users/KUBA/GitProjects/WKIRO-Project/data/HS018/Session1/Treadmill_Walk/Treadmill_Walk_Comfortable/Post_Process/Treadmill_Walk_Comfortable.csv,female,0,test
HS018,Session1,treadmill,walk,fast,Treadmill_Walk,Treadmill_Walk_Fast,C:/Users/KUBA/GitProjects/WKIRO-Project/data/HS018/Session1/Treadmill_Walk/Treadmill_Walk_Fast/Post_Process/Treadmill_Walk_Fast.csv,female,0,train
HS018,Session1,treadmill,walk,slow,Treadmill_Walk,Treadmill_Walk_Slow,C:/Users/KUBA/GitProjects/WKIRO-Project/data/HS018/Session1/Treadmill_Walk/Treadmill_Walk_Slow/Post_Process/Treadmill_Walk_Slow.csv,female,0,train
HS018,Session2,overground,run,comfortable,Overground_Run,Run_Comfortable,C:/Users/KUBA/GitProjects/WKIRO-Project/data/HS018/Session2/Overground_Run/Run_Comfortable/Post_Process/Run_Comfortable1.csv,female,0,train
HS018,Session2,overground,run,comfortable,Overground_Run,Run_Comfortable,C:/Users/KUBA/GitProjects/WKIRO-Project/data/HS018/Session2/Overground_Run/Run_Comfortable/Post_Process/Run_Comfortable10.csv,female,0,train
HS018,Session2,overground,run,comfortable,Overground_Run,Run_Comfortable,C:/Users/KUBA/GitProjects/WKIRO-Project/data/HS018/Session2/Overground_Run/Run_Comfortable/Post_Process/Run_Comfortable2.csv,female,0,test
HS018,Session2,overground,run,comfortable,Overground_Run,Run_Comfortable,C:/Users/KUBA/GitProjects/WKIRO-Project/data/HS018/Session2/Overground_Run/Run_Comfortable/Post_Process/Run_Comfortable3.csv,female,0,val
HS018,Session2,overground,run,comfortable,Overground_Run,Run_Comfortable,C:/Users/KUBA/GitProjects/WKIRO-Project/data/HS018/Session2/Overground_Run/Run_Comfortable/Post_Process/Run_Comfortable4.csv,female,0,test
HS018,Session2,overground,run,comfortable,Overground_Run,Run_Comfortable,C:/Users/KUBA/GitProjects/WKIRO-Project/data/HS018/Session2/Overground_Run/Run_Comfortable/Post_Process/Run_Comfortable5.csv,female,0,train
HS018,Session2,overground,run,comfortable,Overground_Run,Run_Comfortable,C:/Users/KUBA/GitProjects/WKIRO-Project/data/HS018/Session2/Overground_Run/Run_Comfortable/Post_Process/Run_Comfortable6.csv,female,0,train
HS018,Session2,overground,run,comfortable,Overground_Run,Run_Comfortable,C:/Users/KUBA/GitProjects/WKIRO-Project/data/HS018/Session2/Overground_Run/Run_Comfortable/Post_Process/Run_Comfortable7.csv,female,0,train
HS018,Session2,overground,run,comfortable,Overground_Run,Run_Comfortable,C:/Users/KUBA/GitProjects/WKIRO-Project/data/HS018/Session2/Overground_Run/Run_Comfortable/Post_Process/Run_Comfortable8.csv,female,0,train
HS018,Session2,overground,run,comfortable,Overground_Run,Run_Comfortable,C:/Users/KUBA/GitProjects/WKIRO-Project/data/HS018/Session2/Overground_Run/Run_Comfortable/Post_Process/Run_Comfortable9.csv,female,0,train
HS018,Session2,overground,run,fast,Overground_Run,Run_Fast,C:/Users/KUBA/GitProjects/WKIRO-Project/data/HS018/Session2/Overground_Run/Run_Fast/Post_Process/Run_Fast1.csv,female,0,train
HS018,Session2,overground,run,fast,Overground_Run,Run_Fast,C:/Users/KUBA/GitProjects/WKIRO-Project/data/HS018/Session2/Overground_Run/Run_Fast/Post_Process/Run_Fast10.csv,female,0,train
HS018,Session2,overground,run,fast,Overground_Run,Run_Fast,C:/Users/KUBA/GitProjects/WKIRO-Project/data/HS018/Session2/Overground_Run/Run_Fast/Post_Process/Run_Fast2.csv,female,0,train
HS018,Session2,overground,run,fast,Overground_Run,Run_Fast,C:/Users/KUBA/GitProjects/WKIRO-Project/data/HS018/Session2/Overground_Run/Run_Fast/Post_Process/Run_Fast3.csv,female,0,train
HS018,Session2,overground,run,fast,Overground_Run,Run_Fast,C:/Users/KUBA/GitProjects/WKIRO-Project/data/HS018/Session2/Overground_Run/Run_Fast/Post_Process/Run_Fast4.csv,female,0,train
HS018,Session2,overground,run,fast,Overground_Run,Run_Fast,C:/Users/KUBA/GitProjects/WKIRO-Project/data/HS018/Session2/Overground_Run/Run_Fast/Post_Process/Run_Fast5.csv,female,0,train
HS018,Session2,overground,run,fast,Overground_Run,Run_Fast,C:/Users/KUBA/GitProjects/WKIRO-Project/data/HS018/Session2/Overground_Run/Run_Fast/Post_Process/Run_Fast6.csv,female,0,val
HS018,Session2,overground,run,fast,Overground_Run,Run_Fast,C:/Users/KUBA/GitProjects/WKIRO-Project/data/HS018/Session2/Overground_Run/Run_Fast/Post_Process/Run_Fast7.csv,female,0,train
HS018,Session2,overground,run,fast,Overground_Run,Run_Fast,C:/Users/KUBA/GitProjects/WKIRO-Project/data/HS018/Session2/Overground_Run/Run_Fast/Post_Process/Run_Fast8.csv,female,0,val
HS018,Session2,overground,run,fast,Overground_Run,Run_Fast,C:/Users/KUBA/GitProjects/WKIRO-Project/data/HS018/Session2/Overground_Run/Run_Fast/Post_Process/Run_Fast9.csv,female,0,val
HS018,Session2,overground,walk,comfortable,Overground_Walk,Walk_Comfortable,C:/Users/KUBA/GitProjects/WKIRO-Project/data/HS018/Session2/Overground_Walk/Walk_Comfortable/Post_Process/Walk_Comfortable1.csv,female,0,train
HS018,Session2,overground,walk,comfortable,Overground_Walk,Walk_Comfortable,C:/Users/KUBA/GitProjects/WKIRO-Project/data/HS018/Session2/Overground_Walk/Walk_Comfortable/Post_Process/Walk_Comfortable2.csv,female,0,train
HS018,Session2,overground,walk,comfortable,Overground_Walk,Walk_Comfortable,C:/Users/KUBA/GitProjects/WKIRO-Project/data/HS018/Session2/Overground_Walk/Walk_Comfortable/Post_Process/Walk_Comfortable3.csv,female,0,train
HS018,Session2,overground,walk,comfortable,Overground_Walk,Walk_Comfortable,C:/Users/KUBA/GitProjects/WKIRO-Project/data/HS018/Session2/Overground_Walk/Walk_Comfortable/Post_Process/Walk_Comfortable4.csv,female,0,val
HS018,Session2,overground,walk,comfortable,Overground_Walk,Walk_Comfortable,C:/Users/KUBA/GitProjects/WKIRO-Project/data/HS018/Session2/Overground_Walk/Walk_Comfortable/Post_Process/Walk_Comfortable5.csv,female,0,train
HS018,Session2,overground,walk,comfortable,Overground_Walk,Walk_Comfortable,C:/Users/KUBA/GitProjects/WKIRO-Project/data/HS018/Session2/Overground_Walk/Walk_Comfortable/Post_Process/Walk_Comfortable6.csv,female,0,train
HS018,Session2,overground,walk,comfortable,Overground_Walk,Walk_Comfortable,C:/Users/KUBA/GitProjects/WKIRO-Project/data/HS018/Session2/Overground_Walk/Walk_Comfortable/Post_Process/Walk_Comfortable7.csv,female,0,train
HS018,Session2,overground,walk,comfortable,Overground_Walk,Walk_Comfortable,C:/Users/KUBA/GitProjects/WKIRO-Project/data/HS018/Session2/Overground_Walk/Walk_Comfortable/Post_Process/Walk_Comfortable8.csv,female,0,train
HS018,Session2,overground,walk,fast,Overground_Walk,Walk_Fast,C:/Users/KUBA/GitProjects/WKIRO-Project/data/HS018/Session2/Overground_Walk/Walk_Fast/Post_Process/Walk_Fast1.csv,female,0,train
HS018,Session2,overground,walk,fast,Overground_Walk,Walk_Fast,C:/Users/KUBA/GitProjects/WKIRO-Project/data/HS018/Session2/Overground_Walk/Walk_Fast/Post_Process/Walk_Fast2.csv,female,0,train
HS018,Session2,overground,walk,fast,Overground_Walk,Walk_Fast,C:/Users/KUBA/GitProjects/WKIRO-Project/data/HS018/Session2/Overground_Walk/Walk_Fast/Post_Process/Walk_Fast3.csv,female,0,test
HS018,Session2,overground,walk,fast,Overground_Walk,Walk_Fast,C:/Users/KUBA/GitProjects/WKIRO-Project/data/HS018/Session2/Overground_Walk/Walk_Fast/Post_Process/Walk_Fast4.csv,female,0,train
HS018,Session2,overground,walk,fast,Overground_Walk,Walk_Fast,C:/Users/KUBA/GitProjects/WKIRO-Project/data/HS018/Session2/Overground_Walk/Walk_Fast/Post_Process/Walk_Fast5.csv,female,0,train
HS018,Session2,overground,walk,fast,Overground_Walk,Walk_Fast,C:/Users/KUBA/GitProjects/WKIRO-Project/data/HS018/Session2/Overground_Walk/Walk_Fast/Post_Process/Walk_Fast6.csv,female,0,train
HS018,Session2,overground,walk,fast,Overground_Walk,Walk_Fast,C:/Users/KUBA/GitProjects/WKIRO-Project/data/HS018/Session2/Overground_Walk/Walk_Fast/Post_Process/Walk_Fast7.csv,female,0,val
HS018,Session2,overground,walk,fast,Overground_Walk,Walk_Fast,C:/Users/KUBA/GitProjects/WKIRO-Project/data/HS018/Session2/Overground_Walk/Walk_Fast/Post_Process/Walk_Fast8.csv,female,0,train
HS018,Session2,overground,walk,slow,Overground_Walk,Walk_Slow,C:/Users/KUBA/GitProjects/WKIRO-Project/data/HS018/Session2/Overground_Walk/Walk_Slow/Post_Process/Walk_Slow1.csv,female,0,train
HS018,Session2,overground,walk,slow,Overground_Walk,Walk_Slow,C:/Users/KUBA/GitProjects/WKIRO-Project/data/HS018/Session2/Overground_Walk/Walk_Slow/Post_Process/Walk_Slow2.csv,female,0,train
HS018,Session2,overground,walk,slow,Overground_Walk,Walk_Slow,C:/Users/KUBA/GitProjects/WKIRO-Project/data/HS018/Session2/Overground_Walk/Walk_Slow/Post_Process/Walk_Slow3.csv,female,0,train
HS018,Session2,overground,walk,slow,Overground_Walk,Walk_Slow,C:/Users/KUBA/GitProjects/WKIRO-Project/data/HS018/Session2/Overground_Walk/Walk_Slow/Post_Process/Walk_Slow4.csv,female,0,train
HS018,Session2,overground,walk,slow,Overground_Walk,Walk_Slow,C:/Users/KUBA/GitProjects/WKIRO-Project/data/HS018/Session2/Overground_Walk/Walk_Slow/Post_Process/Walk_Slow5.csv,female,0,val
HS018,Session2,overground,walk,slow,Overground_Walk,Walk_Slow,C:/Users/KUBA/GitProjects/WKIRO-Project/data/HS018/Session2/Overground_Walk/Walk_Slow/Post_Process/Walk_Slow6.csv,female,0,train
HS018,Session2,overground,walk,slow,Overground_Walk,Walk_Slow,C:/Users/KUBA/GitProjects/WKIRO-Project/data/HS018/Session2/Overground_Walk/Walk_Slow/Post_Process/Walk_Slow7.csv,female,0,train
HS018,Session2,overground,walk,slow,Overground_Walk,Walk_Slow,C:/Users/KUBA/GitProjects/WKIRO-Project/data/HS018/Session2/Overground_Walk/Walk_Slow/Post_Process/Walk_Slow8.csv,female,0,train
HS018,Session2,treadmill,run,comfortable,Treadmill_Run,Treadmill_Run_Comfortable,C:/Users/KUBA/GitProjects/WKIRO-Project/data/HS018/Session2/Treadmill_Run/Treadmill_Run_Comfortable/Post_Process/Treadmill_Run_Comfortable.csv,female,0,train
HS018,Session2,treadmill,run,fast,Treadmill_Run,Treadmill_Run_Fast,C:/Users/KUBA/GitProjects/WKIRO-Project/data/HS018/Session2/Treadmill_Run/Treadmill_Run_Fast/Post_Process/Treadmill_Run_Fast.csv,female,0,test
HS018,Session2,treadmill,walk,comfortable,Treadmill_Walk,Treadmill_Walk_Comfortable,C:/Users/KUBA/GitProjects/WKIRO-Project/data/HS018/Session2/Treadmill_Walk/Treadmill_Walk_Comfortable/Post_Process/Treadmill_Walk_Comfortable.csv,female,0,train
HS018,Session2,treadmill,walk,fast,Treadmill_Walk,Treadmill_Walk_Fast,C:/Users/KUBA/GitProjects/WKIRO-Project/data/HS018/Session2/Treadmill_Walk/Treadmill_Walk_Fast/Post_Process/Treadmill_Walk_Fast.csv,female,0,train
HS018,Session2,treadmill,walk,slow,Treadmill_Walk,Treadmill_Walk_Slow,C:/Users/KUBA/GitProjects/WKIRO-Project/data/HS018/Session2/Treadmill_Walk/Treadmill_Walk_Slow/Post_Process/Treadmill_Walk_Slow.csv,female,0,test
JS009,Session1,overground,run,comfortable,Overground_Run,Run_Comfortable,C:/Users/KUBA/GitProjects/WKIRO-Project/data/JS009/Session1/Overground_Run/Run_Comfortable/Post_Process/Run_Comfortable1.csv,female,0,train
JS009,Session1,overground,run,comfortable,Overground_Run,Run_Comfortable,C:/Users/KUBA/GitProjects/WKIRO-Project/data/JS009/Session1/Overground_Run/Run_Comfortable/Post_Process/Run_Comfortable10.csv,female,0,train
JS009,Session1,overground,run,comfortable,Overground_Run,Run_Comfortable,C:/Users/KUBA/GitProjects/WKIRO-Project/data/JS009/Session1/Overground_Run/Run_Comfortable/Post_Process/Run_Comfortable11.csv,female,0,val
JS009,Session1,overground,run,comfortable,Overground_Run,Run_Comfortable,C:/Users/KUBA/GitProjects/WKIRO-Project/data/JS009/Session1/Overground_Run/Run_Comfortable/Post_Process/Run_Comfortable12.csv,female,0,train
JS009,Session1,overground,run,comfortable,Overground_Run,Run_Comfortable,C:/Users/KUBA/GitProjects/WKIRO-Project/data/JS009/Session1/Overground_Run/Run_Comfortable/Post_Process/Run_Comfortable13.csv,female,0,val
JS009,Session1,overground,run,comfortable,Overground_Run,Run_Comfortable,C:/Users/KUBA/GitProjects/WKIRO-Project/data/JS009/Session1/Overground_Run/Run_Comfortable/Post_Process/Run_Comfortable14.csv,female,0,val
JS009,Session1,overground,run,comfortable,Overground_Run,Run_Comfortable,C:/Users/KUBA/GitProjects/WKIRO-Project/data/JS009/Session1/Overground_Run/Run_Comfortable/Post_Process/Run_Comfortable15.csv,female,0,train
JS009,Session1,overground,run,comfortable,Overground_Run,Run_Comfortable,C:/Users/KUBA/GitProjects/WKIRO-Project/data/JS009/Session1/Overground_Run/Run_Comfortable/Post_Process/Run_Comfortable16.csv,female,0,train
JS009,Session1,overground,run,comfortable,Overground_Run,Run_Comfortable,C:/Users/KUBA/GitProjects/WKIRO-Project/data/JS009/Session1/Overground_Run/Run_Comfortable/Post_Process/Run_Comfortable17.csv,female,0,val
JS009,Session1,overground,run,comfortable,Overground_Run,Run_Comfortable,C:/Users/KUBA/GitProjects/WKIRO-Project/data/JS009/Session1/Overground_Run/Run_Comfortable/Post_Process/Run_Comfortable18.csv,female,0,val
JS009,Session1,overground,run,comfortable,Overground_Run,Run_Comfortable,C:/Users/KUBA/GitProjects/WKIRO-Project/data/JS009/Session1/Overground_Run/Run_Comfortable/Post_Process/Run_Comfortable2.csv,female,0,train
JS009,Session1,overground,run,comfortable,Overground_Run,Run_Comfortable,C:/Users/KUBA/GitProjects/WKIRO-Project/data/JS009/Session1/Overground_Run/Run_Comfortable/Post_Process/Run_Comfortable3.csv,female,0,test
JS009,Session1,overground,run,comfortable,Overground_Run,Run_Comfortable,C:/Users/KUBA/GitProjects/WKIRO-Project/data/JS009/Session1/Overground_Run/Run_Comfortable/Post_Process/Run_Comfortable4.csv,female,0,train
JS009,Session1,overground,run,comfortable,Overground_Run,Run_Comfortable,C:/Users/KUBA/GitProjects/WKIRO-Project/data/JS009/Session1/Overground_Run/Run_Comfortable/Post_Process/Run_Comfortable5.csv,female,0,train
JS009,Session1,overground,run,comfortable,Overground_Run,Run_Comfortable,C:/Users/KUBA/GitProjects/WKIRO-Project/data/JS009/Session1/Overground_Run/Run_Comfortable/Post_Process/Run_Comfortable6.csv,female,0,train
JS009,Session1,overground,run,comfortable,Overground_Run,Run_Comfortable,C:/Users/KUBA/GitProjects/WKIRO-Project/data/JS009/Session1/Overground_Run/Run_Comfortable/Post_Process/Run_Comfortable7.csv,female,0,train
JS009,Session1,overground,run,comfortable,Overground_Run,Run_Comfortable,C:/Users/KUBA/GitProjects/WKIRO-Project/data/JS009/Session1/Overground_Run/Run_Comfortable/Post_Process/Run_Comfortable8.csv,female,0,train
JS009,Session1,overground,run,comfortable,Overground_Run,Run_Comfortable,C:/Users/KUBA/GitProjects/WKIRO-Project/data/JS009/Session1/Overground_Run/Run_Comfortable/Post_Process/Run_Comfortable9.csv,female,0,test
JS009,Session1,overground,run,fast,Overground_Run,Run_Fast,C:/Users/KUBA/GitProjects/WKIRO-Project/data/JS009/Session1/Overground_Run/Run_Fast/Post_Process/Run_Fast1.csv,female,0,test
JS009,Session1,overground,run,fast,Overground_Run,Run_Fast,C:/Users/KUBA/GitProjects/WKIRO-Project/data/JS009/Session1/Overground_Run/Run_Fast/Post_Process/Run_Fast10.csv,female,0,train
JS009,Session1,overground,run,fast,Overground_Run,Run_Fast,C:/Users/KUBA/GitProjects/WKIRO-Project/data/JS009/Session1/Overground_Run/Run_Fast/Post_Process/Run_Fast11.csv,female,0,train
JS009,Session1,overground,run,fast,Overground_Run,Run_Fast,C:/Users/KUBA/GitProjects/WKIRO-Project/data/JS009/Session1/Overground_Run/Run_Fast/Post_Process/Run_Fast12.csv,female,0,train
JS009,Session1,overground,run,fast,Overground_Run,Run_Fast,C:/Users/KUBA/GitProjects/WKIRO-Project/data/JS009/Session1/Overground_Run/Run_Fast/Post_Process/Run_Fast13.csv,female,0,test
JS009,Session1,overground,run,fast,Overground_Run,Run_Fast,C:/Users/KUBA/GitProjects/WKIRO-Project/data/JS009/Session1/Overground_Run/Run_Fast/Post_Process/Run_Fast14.csv,female,0,train
JS009,Session1,overground,run,fast,Overground_Run,Run_Fast,C:/Users/KUBA/GitProjects/WKIRO-Project/data/JS009/Session1/Overground_Run/Run_Fast/Post_Process/Run_Fast15.csv,female,0,train
JS009,Session1,overground,run,fast,Overground_Run,Run_Fast,C:/Users/KUBA/GitProjects/WKIRO-Project/data/JS009/Session1/Overground_Run/Run_Fast/Post_Process/Run_Fast16.csv,female,0,train
JS009,Session1,overground,run,fast,Overground_Run,Run_Fast,C:/Users/KUBA/GitProjects/WKIRO-Project/data/JS009/Session1/Overground_Run/Run_Fast/Post_Process/Run_Fast17.csv,female,0,train
JS009,Session1,overground,run,fast,Overground_Run,Run_Fast,C:/Users/KUBA/GitProjects/WKIRO-Project/data/JS009/Session1/Overground_Run/Run_Fast/Post_Process/Run_Fast18.csv,female,0,train
JS009,Session1,overground,run,fast,Overground_Run,Run_Fast,C:/Users/KUBA/GitProjects/WKIRO-Project/data/JS009/Session1/Overground_Run/Run_Fast/Post_Process/Run_Fast19.csv,female,0,train
JS009,Session1,overground,run,fast,Overground_Run,Run_Fast,C:/Users/KUBA/GitProjects/WKIRO-Project/data/JS009/Session1/Overground_Run/Run_Fast/Post_Process/Run_Fast2.csv,female,0,train
JS009,Session1,overground,run,fast,Overground_Run,Run_Fast,C:/Users/KUBA/GitProjects/WKIRO-Project/data/JS009/Session1/Overground_Run/Run_Fast/Post_Process/Run_Fast3.csv,female,0,train
JS009,Session1,overground,run,fast,Overground_Run,Run_Fast,C:/Users/KUBA/GitProjects/WKIRO-Project/data/JS009/Session1/Overground_Run/Run_Fast/Post_Process/Run_Fast4.csv,female,0,train
JS009,Session1,overground,run,fast,Overground_Run,Run_Fast,C:/Users/KUBA/GitProjects/WKIRO-Project/data/JS009/Session1/Overground_Run/Run_Fast/Post_Process/Run_Fast5.csv,female,0,train
JS009,Session1,overground,run,fast,Overground_Run,Run_Fast,C:/Users/KUBA/GitProjects/WKIRO-Project/data/JS009/Session1/Overground_Run/Run_Fast/Post_Process/Run_Fast6.csv,female,0,train
JS009,Session1,overground,run,fast,Overground_Run,Run_Fast,C:/Users/KUBA/GitProjects/WKIRO-Project/data/JS009/Session1/Overground_Run/Run_Fast/Post_Process/Run_Fast7.csv,female,0,test
JS009,Session1,overground,run,fast,Overground_Run,Run_Fast,C:/Users/KUBA/GitProjects/WKIRO-Project/data/JS009/Session1/Overground_Run/Run_Fast/Post_Process/Run_Fast8.csv,female,0,train
JS009,Session1,overground,run,fast,Overground_Run,Run_Fast,C:/Users/KUBA/GitProjects/WKIRO-Project/data/JS009/Session1/Overground_Run/Run_Fast/Post_Process/Run_Fast9.csv,female,0,test
JS009,Session1,overground,walk,comfortable,Overground_Walk,Walk_Comfortable,C:/Users/KUBA/GitProjects/WKIRO-Project/data/JS009/Session1/Overground_Walk/Walk_Comfortable/Post_Process/Walk_Comfortable1.csv,female,0,train
JS009,Session1,overground,walk,comfortable,Overground_Walk,Walk_Comfortable,C:/Users/KUBA/GitProjects/WKIRO-Project/data/JS009/Session1/Overground_Walk/Walk_Comfortable/Post_Process/Walk_Comfortable10.csv,female,0,train
JS009,Session1,overground,walk,comfortable,Overground_Walk,Walk_Comfortable,C:/Users/KUBA/GitProjects/WKIRO-Project/data/JS009/Session1/Overground_Walk/Walk_Comfortable/Post_Process/Walk_Comfortable11.csv,female,0,train
JS009,Session1,overground,walk,comfortable,Overground_Walk,Walk_Comfortable,C:/Users/KUBA/GitProjects/WKIRO-Project/data/JS009/Session1/Overground_Walk/Walk_Comfortable/Post_Process/Walk_Comfortable12.csv,female,0,val
JS009,Session1,overground,walk,comfortable,Overground_Walk,Walk_Comfortable,C:/Users/KUBA/GitProjects/WKIRO-Project/data/JS009/Session1/Overground_Walk/Walk_Comfortable/Post_Process/Walk_Comfortable13.csv,female,0,train
JS009,Session1,overground,walk,comfortable,Overground_Walk,Walk_Comfortable,C:/Users/KUBA/GitProjects/WKIRO-Project/data/JS009/Session1/Overground_Walk/Walk_Comfortable/Post_Process/Walk_Comfortable2.csv,female,0,train
JS009,Session1,overground,walk,comfortable,Overground_Walk,Walk_Comfortable,C:/Users/KUBA/GitProjects/WKIRO-Project/data/JS009/Session1/Overground_Walk/Walk_Comfortable/Post_Process/Walk_Comfortable3.csv,female,0,train
JS009,Session1,overground,walk,comfortable,Overground_Walk,Walk_Comfortable,C:/Users/KUBA/GitProjects/WKIRO-Project/data/JS009/Session1/Overground_Walk/Walk_Comfortable/Post_Process/Walk_Comfortable4.csv,female,0,test
JS009,Session1,overground,walk,comfortable,Overground_Walk,Walk_Comfortable,C:/Users/KUBA/GitProjects/WKIRO-Project/data/JS009/Session1/Overground_Walk/Walk_Comfortable/Post_Process/Walk_Comfortable5.csv,female,0,val
JS009,Session1,overground,walk,comfortable,Overground_Walk,Walk_Comfortable,C:/Users/KUBA/GitProjects/WKIRO-Project/data/JS009/Session1/Overground_Walk/Walk_Comfortable/Post_Process/Walk_Comfortable6.csv,female,0,test
JS009,Session1,overground,walk,comfortable,Overground_Walk,Walk_Comfortable,C:/Users/KUBA/GitProjects/WKIRO-Project/data/JS009/Session1/Overground_Walk/Walk_Comfortable/Post_Process/Walk_Comfortable7.csv,female,0,train
JS009,Session1,overground,walk,comfortable,Overground_Walk,Walk_Comfortable,C:/Users/KUBA/GitProjects/WKIRO-Project/data/JS009/Session1/Overground_Walk/Walk_Comfortable/Post_Process/Walk_Comfortable8.csv,female,0,train
JS009,Session1,overground,walk,comfortable,Overground_Walk,Walk_Comfortable,C:/Users/KUBA/GitProjects/WKIRO-Project/data/JS009/Session1/Overground_Walk/Walk_Comfortable/Post_Process/Walk_Comfortable9.csv,female,0,val
JS009,Session1,overground,walk,fast,Overground_Walk,Walk_Fast,C:/Users/KUBA/GitProjects/WKIRO-Project/data/JS009/Session1/Overground_Walk/Walk_Fast/Post_Process/Walk_Fast1.csv,female,0,train
JS009,Session1,overground,walk,fast,Overground_Walk,Walk_Fast,C:/Users/KUBA/GitProjects/WKIRO-Project/data/JS009/Session1/Overground_Walk/Walk_Fast/Post_Process/Walk_Fast2.csv,female,0,test
JS009,Session1,overground,walk,fast,Overground_Walk,Walk_Fast,C:/Users/KUBA/GitProjects/WKIRO-Project/data/JS009/Session1/Overground_Walk/Walk_Fast/Post_Process/Walk_Fast3.csv,female,0,val
JS009,Session1,overground,walk,fast,Overground_Walk,Walk_Fast,C:/Users/KUBA/GitProjects/WKIRO-Project/data/JS009/Session1/Overground_Walk/Walk_Fast/Post_Process/Walk_Fast4.csv,female,0,train
JS009,Session1,overground,walk,fast,Overground_Walk,Walk_Fast,C:/Users/KUBA/GitProjects/WKIRO-Project/data/JS009/Session1/Overground_Walk/Walk_Fast/Post_Process/Walk_Fast5.csv,female,0,train
JS009,Session1,overground,walk,fast,Overground_Walk,Walk_Fast,C:/Users/KUBA/GitProjects/WKIRO-Project/data/JS009/Session1/Overground_Walk/Walk_Fast/Post_Process/Walk_Fast6.csv,female,0,test
JS009,Session1,overground,walk,fast,Overground_Walk,Walk_Fast,C:/Users/KUBA/GitProjects/WKIRO-Project/data/JS009/Session1/Overground_Walk/Walk_Fast/Post_Process/Walk_Fast7.csv,female,0,test
JS009,Session1,overground,walk,fast,Overground_Walk,Walk_Fast,C:/Users/KUBA/GitProjects/WKIRO-Project/data/JS009/Session1/Overground_Walk/Walk_Fast/Post_Process/Walk_Fast8.csv,female,0,val
JS009,Session1,overground,walk,slow,Overground_Walk,Walk_Slow,C:/Users/KUBA/GitProjects/WKIRO-Project/data/JS009/Session1/Overground_Walk/Walk_Slow/Post_Process/Walk_Slow1.csv,female,0,train
JS009,Session1,overground,walk,slow,Overground_Walk,Walk_Slow,C:/Users/KUBA/GitProjects/WKIRO-Project/data/JS009/Session1/Overground_Walk/Walk_Slow/Post_Process/Walk_Slow2.csv,female,0,train
JS009,Session1,overground,walk,slow,Overground_Walk,Walk_Slow,C:/Users/KUBA/GitProjects/WKIRO-Project/data/JS009/Session1/Overground_Walk/Walk_Slow/Post_Process/Walk_Slow3.csv,female,0,train
JS009,Session1,overground,walk,slow,Overground_Walk,Walk_Slow,C:/Users/KUBA/GitProjects/WKIRO-Project/data/JS009/Session1/Overground_Walk/Walk_Slow/Post_Process/Walk_Slow4.csv,female,0,val
JS009,Session1,overground,walk,slow,Overground_Walk,Walk_Slow,C:/Users/KUBA/GitProjects/WKIRO-Project/data/JS009/Session1/Overground_Walk/Walk_Slow/Post_Process/Walk_Slow5.csv,female,0,train
JS009,Session1,overground,walk,slow,Overground_Walk,Walk_Slow,C:/Users/KUBA/GitProjects/WKIRO-Project/data/JS009/Session1/Overground_Walk/Walk_Slow/Post_Process/Walk_Slow6.csv,female,0,train
JS009,Session1,overground,walk,slow,Overground_Walk,Walk_Slow,C:/Users/KUBA/GitProjects/WKIRO-Project/data/JS009/Session1/Overground_Walk/Walk_Slow/Post_Process/Walk_Slow7.csv,female,0,val
JS009,Session1,overground,walk,slow,Overground_Walk,Walk_Slow,C:/Users/KUBA/GitProjects/WKIRO-Project/data/JS009/Session1/Overground_Walk/Walk_Slow/Post_Process/Walk_Slow8.csv,female,0,val
JS009,Session1,overground,walk,slow,Overground_Walk,Walk_Slow,C:/Users/KUBA/GitProjects/WKIRO-Project/data/JS009/Session1/Overground_Walk/Walk_Slow/Post_Process/Walk_Slow9.csv,female,0,train
JS009,Session1,treadmill,run,comfortable,Treadmill_Run,Treadmill_Run_Comfortable,C:/Users/KUBA/GitProjects/WKIRO-Project/data/JS009/Session1/Treadmill_Run/Treadmill_Run_Comfortable/Post_Process/Treadmill_Run_Comfortable.csv,female,0,val
JS009,Session1,treadmill,run,fast,Treadmill_Run,Treadmill_Run_Fast,C:/Users/KUBA/GitProjects/WKIRO-Project/data/JS009/Session1/Treadmill_Run/Treadmill_Run_Fast/Post_Process/Treadmill_Run_Fast.csv,female,0,train
JS009,Session1,treadmill,walk,comfortable,Treadmill_Walk,Treadmill_Walk_Comfortable,C:/Users/KUBA/GitProjects/WKIRO-Project/data/JS009/Session1/Treadmill_Walk/Treadmill_Walk_Comfortable/Post_Process/Treadmill_Walk_Comfortable.csv,female,0,train
JS009,Session1,treadmill,walk,fast,Treadmill_Walk,Treadmill_Walk_Fast,C:/Users/KUBA/GitProjects/WKIRO-Project/data/JS009/Session1/Treadmill_Walk/Treadmill_Walk_Fast/Post_Process/Treadmill_Walk_Fast.csv,female,0,train
JS009,Session1,treadmill,walk,slow,Treadmill_Walk,Treadmill_Walk_Slow,C:/Users/KUBA/GitProjects/WKIRO-Project/data/JS009/Session1/Treadmill_Walk/Treadmill_Walk_Slow/Post_Process/Treadmill_Walk_Slow.csv,female,0,train
JS009,Session2,overground,run,comfortable,Overground_Run,Run_Comfortable,C:/Users/KUBA/GitProjects/WKIRO-Project/data/JS009/Session2/Overground_Run/Run_Comfortable/Post_Process/Run_Comfortable1.csv,female,0,train
JS009,Session2,overground,run,comfortable,Overground_Run,Run_Comfortable,C:/Users/KUBA/GitProjects/WKIRO-Project/data/JS009/Session2/Overground_Run/Run_Comfortable/Post_Process/Run_Comfortable10.csv,female,0,train
JS009,Session2,overground,run,comfortable,Overground_Run,Run_Comfortable,C:/Users/KUBA/GitProjects/WKIRO-Project/data/JS009/Session2/Overground_Run/Run_Comfortable/Post_Process/Run_Comfortable11.csv,female,0,train
JS009,Session2,overground,run,comfortable,Overground_Run,Run_Comfortable,C:/Users/KUBA/GitProjects/WKIRO-Project/data/JS009/Session2/Overground_Run/Run_Comfortable/Post_Process/Run_Comfortable12.csv,female,0,train
JS009,Session2,overground,run,comfortable,Overground_Run,Run_Comfortable,C:/Users/KUBA/GitProjects/WKIRO-Project/data/JS009/Session2/Overground_Run/Run_Comfortable/Post_Process/Run_Comfortable13.csv,female,0,train
JS009,Session2,overground,run,comfortable,Overground_Run,Run_Comfortable,C:/Users/KUBA/GitProjects/WKIRO-Project/data/JS009/Session2/Overground_Run/Run_Comfortable/Post_Process/Run_Comfortable14.csv,female,0,train
JS009,Session2,overground,run,comfortable,Overground_Run,Run_Comfortable,C:/Users/KUBA/GitProjects/WKIRO-Project/data/JS009/Session2/Overground_Run/Run_Comfortable/Post_Process/Run_Comfortable2.csv,female,0,train
JS009,Session2,overground,run,comfortable,Overground_Run,Run_Comfortable,C:/Users/KUBA/GitProjects/WKIRO-Project/data/JS009/Session2/Overground_Run/Run_Comfortable/Post_Process/Run_Comfortable3.csv,female,0,train
JS009,Session2,overground,run,comfortable,Overground_Run,Run_Comfortable,C:/Users/KUBA/GitProjects/WKIRO-Project/data/JS009/Session2/Overground_Run/Run_Comfortable/Post_Process/Run_Comfortable4.csv,female,0,train
JS009,Session2,overground,run,comfortable,Overground_Run,Run_Comfortable,C:/Users/KUBA/GitProjects/WKIRO-Project/data/JS009/Session2/Overground_Run/Run_Comfortable/Post_Process/Run_Comfortable5.csv,female,0,train
JS009,Session2,overground,run,comfortable,Overground_Run,Run_Comfortable,C:/Users/KUBA/GitProjects/WKIRO-Project/data/JS009/Session2/Overground_Run/Run_Comfortable/Post_Process/Run_Comfortable6.csv,female,0,train
JS009,Session2,overground,run,comfortable,Overground_Run,Run_Comfortable,C:/Users/KUBA/GitProjects/WKIRO-Project/data/JS009/Session2/Overground_Run/Run_Comfortable/Post_Process/Run_Comfortable7.csv,female,0,train
JS009,Session2,overground,run,comfortable,Overground_Run,Run_Comfortable,C:/Users/KUBA/GitProjects/WKIRO-Project/data/JS009/Session2/Overground_Run/Run_Comfortable/Post_Process/Run_Comfortable8.csv,female,0,train
JS009,Session2,overground,run,comfortable,Overground_Run,Run_Comfortable,C:/Users/KUBA/GitProjects/WKIRO-Project/data/JS009/Session2/Overground_Run/Run_Comfortable/Post_Process/Run_Comfortable9.csv,female,0,test
JS009,Session2,overground,run,fast,Overground_Run,Run_Fast,C:/Users/KUBA/GitProjects/WKIRO-Project/data/JS009/Session2/Overground_Run/Run_Fast/Post_Process/Run_Fast1.csv,female,0,train
JS009,Session2,overground,run,fast,Overground_Run,Run_Fast,C:/Users/KUBA/GitProjects/WKIRO-Project/data/JS009/Session2/Overground_Run/Run_Fast/Post_Process/Run_Fast10.csv,female,0,train
JS009,Session2,overground,run,fast,Overground_Run,Run_Fast,C:/Users/KUBA/GitProjects/WKIRO-Project/data/JS009/Session2/Overground_Run/Run_Fast/Post_Process/Run_Fast11.csv,female,0,test
JS009,Session2,overground,run,fast,Overground_Run,Run_Fast,C:/Users/KUBA/GitProjects/WKIRO-Project/data/JS009/Session2/Overground_Run/Run_Fast/Post_Process/Run_Fast12.csv,female,0,val
JS009,Session2,overground,run,fast,Overground_Run,Run_Fast,C:/Users/KUBA/GitProjects/WKIRO-Project/data/JS009/Session2/Overground_Run/Run_Fast/Post_Process/Run_Fast2.csv,female,0,train
JS009,Session2,overground,run,fast,Overground_Run,Run_Fast,C:/Users/KUBA/GitProjects/WKIRO-Project/data/JS009/Session2/Overground_Run/Run_Fast/Post_Process/Run_Fast3.csv,female,0,test
JS009,Session2,overground,run,fast,Overground_Run,Run_Fast,C:/Users/KUBA/GitProjects/WKIRO-Project/data/JS009/Session2/Overground_Run/Run_Fast/Post_Process/Run_Fast4.csv,female,0,train
JS009,Session2,overground,run,fast,Overground_Run,Run_Fast,C:/Users/KUBA/GitProjects/WKIRO-Project/data/JS009/Session2/Overground_Run/Run_Fast/Post_Process/Run_Fast5.csv,female,0,test
JS009,Session2,overground,run,fast,Overground_Run,Run_Fast,C:/Users/KUBA/GitProjects/WKIRO-Project/data/JS009/Session2/Overground_Run/Run_Fast/Post_Process/Run_Fast6.csv,female,0,test
JS009,Session2,overground,run,fast,Overground_Run,Run_Fast,C:/Users/KUBA/GitProjects/WKIRO-Project/data/JS009/Session2/Overground_Run/Run_Fast/Post_Process/Run_Fast7.csv,female,0,train
JS009,Session2,overground,run,fast,Overground_Run,Run_Fast,C:/Users/KUBA/GitProjects/WKIRO-Project/data/JS009/Session2/Overground_Run/Run_Fast/Post_Process/Run_Fast8.csv,female,0,train
JS009,Session2,overground,run,fast,Overground_Run,Run_Fast,C:/Users/KUBA/GitProjects/WKIRO-Project/data/JS009/Session2/Overground_Run/Run_Fast/Post_Process/Run_Fast9.csv,female,0,test
JS009,Session2,overground,walk,comfortable,Overground_Walk,Walk_Comfortable,C:/Users/KUBA/GitProjects/WKIRO-Project/data/JS009/Session2/Overground_Walk/Walk_Comfortable/Post_Process/Walk_Comfortable1.csv,female,0,train
JS009,Session2,overground,walk,comfortable,Overground_Walk,Walk_Comfortable,C:/Users/KUBA/GitProjects/WKIRO-Project/data/JS009/Session2/Overground_Walk/Walk_Comfortable/Post_Process/Walk_Comfortable2.csv,female,0,train
JS009,Session2,overground,walk,comfortable,Overground_Walk,Walk_Comfortable,C:/Users/KUBA/GitProjects/WKIRO-Project/data/JS009/Session2/Overground_Walk/Walk_Comfortable/Post_Process/Walk_Comfortable3.csv,female,0,train
JS009,Session2,overground,walk,comfortable,Overground_Walk,Walk_Comfortable,C:/Users/KUBA/GitProjects/WKIRO-Project/data/JS009/Session2/Overground_Walk/Walk_Comfortable/Post_Process/Walk_Comfortable4.csv,female,0,train
JS009,Session2,overground,walk,comfortable,Overground_Walk,Walk_Comfortable,C:/Users/KUBA/GitProjects/WKIRO-Project/data/JS009/Session2/Overground_Walk/Walk_Comfortable/Post_Process/Walk_Comfortable5.csv,female,0,val
JS009,Session2,overground,walk,comfortable,Overground_Walk,Walk_Comfortable,C:/Users/KUBA/GitProjects/WKIRO-Project/data/JS009/Session2/Overground_Walk/Walk_Comfortable/Post_Process/Walk_Comfortable6.csv,female,0,train
JS009,Session2,overground,walk,fast,Overground_Walk,Walk_Fast,C:/Users/KUBA/GitProjects/WKIRO-Project/data/JS009/Session2/Overground_Walk/Walk_Fast/Post_Process/Walk_Fast1.csv,female,0,val
JS009,Session2,overground,walk,fast,Overground_Walk,Walk_Fast,C:/Users/KUBA/GitProjects/WKIRO-Project/data/JS009/Session2/Overground_Walk/Walk_Fast/Post_Process/Walk_Fast10.csv,female,0,train
JS009,Session2,overground,walk,fast,Overground_Walk,Walk_Fast,C:/Users/KUBA/GitProjects/WKIRO-Project/data/JS009/Session2/Overground_Walk/Walk_Fast/Post_Process/Walk_Fast2.csv,female,0,train
JS009,Session2,overground,walk,fast,Overground_Walk,Walk_Fast,C:/Users/KUBA/GitProjects/WKIRO-Project/data/JS009/Session2/Overground_Walk/Walk_Fast/Post_Process/Walk_Fast3.csv,female,0,test
JS009,Session2,overground,walk,fast,Overground_Walk,Walk_Fast,C:/Users/KUBA/GitProjects/WKIRO-Project/data/JS009/Session2/Overground_Walk/Walk_Fast/Post_Process/Walk_Fast4.csv,female,0,train
JS009,Session2,overground,walk,fast,Overground_Walk,Walk_Fast,C:/Users/KUBA/GitProjects/WKIRO-Project/data/JS009/Session2/Overground_Walk/Walk_Fast/Post_Process/Walk_Fast5.csv,female,0,train
JS009,Session2,overground,walk,fast,Overground_Walk,Walk_Fast,C:/Users/KUBA/GitProjects/WKIRO-Project/data/JS009/Session2/Overground_Walk/Walk_Fast/Post_Process/Walk_Fast6.csv,female,0,train
JS009,Session2,overground,walk,fast,Overground_Walk,Walk_Fast,C:/Users/KUBA/GitProjects/WKIRO-Project/data/JS009/Session2/Overground_Walk/Walk_Fast/Post_Process/Walk_Fast7.csv,female,0,train
JS009,Session2,overground,walk,fast,Overground_Walk,Walk_Fast,C:/Users/KUBA/GitProjects/WKIRO-Project/data/JS009/Session2/Overground_Walk/Walk_Fast/Post_Process/Walk_Fast8.csv,female,0,test
JS009,Session2,overground,walk,fast,Overground_Walk,Walk_Fast,C:/Users/KUBA/GitProjects/WKIRO-Project/data/JS009/Session2/Overground_Walk/Walk_Fast/Post_Process/Walk_Fast9.csv,female,0,train
JS009,Session2,overground,walk,slow,Overground_Walk,Walk_Slow,C:/Users/KUBA/GitProjects/WKIRO-Project/data/JS009/Session2/Overground_Walk/Walk_Slow/Post_Process/Walk_Slow1.csv,female,0,train
JS009,Session2,overground,walk,slow,Overground_Walk,Walk_Slow,C:/Users/KUBA/GitProjects/WKIRO-Project/data/JS009/Session2/Overground_Walk/Walk_Slow/Post_Process/Walk_Slow2.csv,female,0,train
JS009,Session2,overground,walk,slow,Overground_Walk,Walk_Slow,C:/Users/KUBA/GitProjects/WKIRO-Project/data/JS009/Session2/Overground_Walk/Walk_Slow/Post_Process/Walk_Slow3.csv,female,0,train
JS009,Session2,overground,walk,slow,Overground_Walk,Walk_Slow,C:/Users/KUBA/GitProjects/WKIRO-Project/data/JS009/Session2/Overground_Walk/Walk_Slow/Post_Process/Walk_Slow4.csv,female,0,train
JS009,Session2,overground,walk,slow,Overground_Walk,Walk_Slow,C:/Users/KUBA/GitProjects/WKIRO-Project/data/JS009/Session2/Overground_Walk/Walk_Slow/Post_Process/Walk_Slow5.csv,female,0,train
JS009,Session2,overground,walk,slow,Overground_Walk,Walk_Slow,C:/Users/KUBA/GitProjects/WKIRO-Project/data/JS009/Session2/Overground_Walk/Walk_Slow/Post_Process/Walk_Slow6.csv,female,0,train
JS009,Session2,treadmill,run,comfortable,Treadmill_Run,Treadmill_Run_Comfortable,C:/Users/KUBA/GitProjects/WKIRO-Project/data/JS009/Session2/Treadmill_Run/Treadmill_Run_Comfortable/Post_Process/Treadmill_Run_Comfortable.csv,female,0,train
JS009,Session2,treadmill,run,fast,Treadmill_Run,Treadmill_Run_Fast,C:/Users/KUBA/GitProjects/WKIRO-Project/data/JS009/Session2/Treadmill_Run/Treadmill_Run_Fast/Post_Process/Treadmill_Run_Fast.csv,female,0,val
JS009,Session2,treadmill,walk,comfortable,Treadmill_Walk,Treadmill_Walk_Comfortable,C:/Users/KUBA/GitProjects/WKIRO-Project/data/JS009/Session2/Treadmill_Walk/Treadmill_Walk_Comfortable/Post_Process/Treadmill_Walk_Comfortable.csv,female,0,val
JS009,Session2,treadmill,walk,fast,Treadmill_Walk,Treadmill_Walk_Fast,C:/Users/KUBA/GitProjects/WKIRO-Project/data/JS009/Session2/Treadmill_Walk/Treadmill_Walk_Fast/Post_Process/Treadmill_Walk_Fast.csv,female,0,train
JS009,Session2,treadmill,walk,slow,Treadmill_Walk,Treadmill_Walk_Slow,C:/Users/KUBA/GitProjects/WKIRO-Project/data/JS009/Session2/Treadmill_Walk/Treadmill_Walk_Slow/Post_Process/Treadmill_Walk_Slow.csv,female,0,train
LA014,Session1,overground,run,comfortable,Overground_Run,Run_Comfortable,C:/Users/KUBA/GitProjects/WKIRO-Project/data/LA014/Session1/Overground_Run/Run_Comfortable/Post_Process/Run_Comfortable1.csv,female,0,val
LA014,Session1,overground,run,comfortable,Overground_Run,Run_Comfortable,C:/Users/KUBA/GitProjects/WKIRO-Project/data/LA014/Session1/Overground_Run/Run_Comfortable/Post_Process/Run_Comfortable10.csv,female,0,train
LA014,Session1,overground,run,comfortable,Overground_Run,Run_Comfortable,C:/Users/KUBA/GitProjects/WKIRO-Project/data/LA014/Session1/Overground_Run/Run_Comfortable/Post_Process/Run_Comfortable2.csv,female,0,train
LA014,Session1,overground,run,comfortable,Overground_Run,Run_Comfortable,C:/Users/KUBA/GitProjects/WKIRO-Project/data/LA014/Session1/Overground_Run/Run_Comfortable/Post_Process/Run_Comfortable3.csv,female,0,train
LA014,Session1,overground,run,comfortable,Overground_Run,Run_Comfortable,C:/Users/KUBA/GitProjects/WKIRO-Project/data/LA014/Session1/Overground_Run/Run_Comfortable/Post_Process/Run_Comfortable4.csv,female,0,train
LA014,Session1,overground,run,comfortable,Overground_Run,Run_Comfortable,C:/Users/KUBA/GitProjects/WKIRO-Project/data/LA014/Session1/Overground_Run/Run_Comfortable/Post_Process/Run_Comfortable5.csv,female,0,train
LA014,Session1,overground,run,comfortable,Overground_Run,Run_Comfortable,C:/Users/KUBA/GitProjects/WKIRO-Project/data/LA014/Session1/Overground_Run/Run_Comfortable/Post_Process/Run_Comfortable6.csv,female,0,train
LA014,Session1,overground,run,comfortable,Overground_Run,Run_Comfortable,C:/Users/KUBA/GitProjects/WKIRO-Project/data/LA014/Session1/Overground_Run/Run_Comfortable/Post_Process/Run_Comfortable7.csv,female,0,train
LA014,Session1,overground,run,comfortable,Overground_Run,Run_Comfortable,C:/Users/KUBA/GitProjects/WKIRO-Project/data/LA014/Session1/Overground_Run/Run_Comfortable/Post_Process/Run_Comfortable8.csv,female,0,test
LA014,Session1,overground,run,comfortable,Overground_Run,Run_Comfortable,C:/Users/KUBA/GitProjects/WKIRO-Project/data/LA014/Session1/Overground_Run/Run_Comfortable/Post_Process/Run_Comfortable9.csv,female,0,train
LA014,Session1,overground,run,fast,Overground_Run,Run_Fast,C:/Users/KUBA/GitProjects/WKIRO-Project/data/LA014/Session1/Overground_Run/Run_Fast/Post_Process/Run_Fast1.csv,female,0,train
LA014,Session1,overground,run,fast,Overground_Run,Run_Fast,C:/Users/KUBA/GitProjects/WKIRO-Project/data/LA014/Session1/Overground_Run/Run_Fast/Post_Process/Run_Fast10.csv,female,0,train
LA014,Session1,overground,run,fast,Overground_Run,Run_Fast,C:/Users/KUBA/GitProjects/WKIRO-Project/data/LA014/Session1/Overground_Run/Run_Fast/Post_Process/Run_Fast2.csv,female,0,train
LA014,Session1,overground,run,fast,Overground_Run,Run_Fast,C:/Users/KUBA/GitProjects/WKIRO-Project/data/LA014/Session1/Overground_Run/Run_Fast/Post_Process/Run_Fast3.csv,female,0,train
LA014,Session1,overground,run,fast,Overground_Run,Run_Fast,C:/Users/KUBA/GitProjects/WKIRO-Project/data/LA014/Session1/Overground_Run/Run_Fast/Post_Process/Run_Fast4.csv,female,0,train
LA014,Session1,overground,run,fast,Overground_Run,Run_Fast,C:/Users/KUBA/GitProjects/WKIRO-Project/data/LA014/Session1/Overground_Run/Run_Fast/Post_Process/Run_Fast5.csv,female,0,test
LA014,Session1,overground,run,fast,Overground_Run,Run_Fast,C:/Users/KUBA/GitProjects/WKIRO-Project/data/LA014/Session1/Overground_Run/Run_Fast/Post_Process/Run_Fast6.csv,female,0,test
LA014,Session1,overground,run,fast,Overground_Run,Run_Fast,C:/Users/KUBA/GitProjects/WKIRO-Project/data/LA014/Session1/Overground_Run/Run_Fast/Post_Process/Run_Fast7.csv,female,0,train
LA014,Session1,overground,run,fast,Overground_Run,Run_Fast,C:/Users/KUBA/GitProjects/WKIRO-Project/data/LA014/Session1/Overground_Run/Run_Fast/Post_Process/Run_Fast8.csv,female,0,train
LA014,Session1,overground,run,fast,Overground_Run,Run_Fast,C:/Users/KUBA/GitProjects/WKIRO-Project/data/LA014/Session1/Overground_Run/Run_Fast/Post_Process/Run_Fast9.csv,female,0,train
LA014,Session1,overground,walk,comfortable,Overground_Walk,Walk_Comfortable,C:/Users/KUBA/GitProjects/WKIRO-Project/data/LA014/Session1/Overground_Walk/Walk_Comfortable/Post_Process/Walk_Comfortable1.csv,female,0,train
LA014,Session1,overground,walk,comfortable,Overground_Walk,Walk_Comfortable,C:/Users/KUBA/GitProjects/WKIRO-Project/data/LA014/Session1/Overground_Walk/Walk_Comfortable/Post_Process/Walk_Comfortable2.csv,female,0,train
LA014,Session1,overground,walk,comfortable,Overground_Walk,Walk_Comfortable,C:/Users/KUBA/GitProjects/WKIRO-Project/data/LA014/Session1/Overground_Walk/Walk_Comfortable/Post_Process/Walk_Comfortable3.csv,female,0,train
LA014,Session1,overground,walk,comfortable,Overground_Walk,Walk_Comfortable,C:/Users/KUBA/GitProjects/WKIRO-Project/data/LA014/Session1/Overground_Walk/Walk_Comfortable/Post_Process/Walk_Comfortable4.csv,female,0,train
LA014,Session1,overground,walk,comfortable,Overground_Walk,Walk_Comfortable,C:/Users/KUBA/GitProjects/WKIRO-Project/data/LA014/Session1/Overground_Walk/Walk_Comfortable/Post_Process/Walk_Comfortable5.csv,female,0,train
LA014,Session1,overground,walk,comfortable,Overground_Walk,Walk_Comfortable,C:/Users/KUBA/GitProjects/WKIRO-Project/data/LA014/Session1/Overground_Walk/Walk_Comfortable/Post_Process/Walk_Comfortable6.csv,female,0,train
LA014,Session1,overground,walk,comfortable,Overground_Walk,Walk_Comfortable,C:/Users/KUBA/GitProjects/WKIRO-Project/data/LA014/Session1/Overground_Walk/Walk_Comfortable/Post_Process/Walk_Comfortable7.csv,female,0,train
LA014,Session1,overground,walk,comfortable,Overground_Walk,Walk_Comfortable,C:/Users/KUBA/GitProjects/WKIRO-Project/data/LA014/Session1/Overground_Walk/Walk_Comfortable/Post_Process/Walk_Comfortable8.csv,female,0,val
LA014,Session1,overground,walk,fast,Overground_Walk,Walk_Fast,C:/Users/KUBA/GitProjects/WKIRO-Project/data/LA014/Session1/Overground_Walk/Walk_Fast/Post_Process/Walk_Fast1.csv,female,0,train
LA014,Session1,overground,walk,fast,Overground_Walk,Walk_Fast,C:/Users/KUBA/GitProjects/WKIRO-Project/data/LA014/Session1/Overground_Walk/Walk_Fast/Post_Process/Walk_Fast2.csv,female,0,train
LA014,Session1,overground,walk,fast,Overground_Walk,Walk_Fast,C:/Users/KUBA/GitProjects/WKIRO-Project/data/LA014/Session1/Overground_Walk/Walk_Fast/Post_Process/Walk_Fast3.csv,female,0,train
LA014,Session1,overground,walk,fast,Overground_Walk,Walk_Fast,C:/Users/KUBA/GitProjects/WKIRO-Project/data/LA014/Session1/Overground_Walk/Walk_Fast/Post_Process/Walk_Fast4.csv,female,0,train
LA014,Session1,overground,walk,fast,Overground_Walk,Walk_Fast,C:/Users/KUBA/GitProjects/WKIRO-Project/data/LA014/Session1/Overground_Walk/Walk_Fast/Post_Process/Walk_Fast5.csv,female,0,train
LA014,Session1,overground,walk,fast,Overground_Walk,Walk_Fast,C:/Users/KUBA/GitProjects/WKIRO-Project/data/LA014/Session1/Overground_Walk/Walk_Fast/Post_Process/Walk_Fast6.csv,female,0,test
LA014,Session1,overground,walk,fast,Overground_Walk,Walk_Fast,C:/Users/KUBA/GitProjects/WKIRO-Project/data/LA014/Session1/Overground_Walk/Walk_Fast/Post_Process/Walk_Fast7.csv,female,0,val
LA014,Session1,overground,walk,fast,Overground_Walk,Walk_Fast,C:/Users/KUBA/GitProjects/WKIRO-Project/data/LA014/Session1/Overground_Walk/Walk_Fast/Post_Process/Walk_Fast8.csv,female,0,train
LA014,Session1,overground,walk,slow,Overground_Walk,Walk_Slow,C:/Users/KUBA/GitProjects/WKIRO-Project/data/LA014/Session1/Overground_Walk/Walk_Slow/Post_Process/Walk_Slow1.csv,female,0,train
LA014,Session1,overground,walk,slow,Overground_Walk,Walk_Slow,C:/Users/KUBA/GitProjects/WKIRO-Project/data/LA014/Session1/Overground_Walk/Walk_Slow/Post_Process/Walk_Slow2.csv,female,0,test
LA014,Session1,overground,walk,slow,Overground_Walk,Walk_Slow,C:/Users/KUBA/GitProjects/WKIRO-Project/data/LA014/Session1/Overground_Walk/Walk_Slow/Post_Process/Walk_Slow3.csv,female,0,train
LA014,Session1,overground,walk,slow,Overground_Walk,Walk_Slow,C:/Users/KUBA/GitProjects/WKIRO-Project/data/LA014/Session1/Overground_Walk/Walk_Slow/Post_Process/Walk_Slow4.csv,female,0,val
LA014,Session1,overground,walk,slow,Overground_Walk,Walk_Slow,C:/Users/KUBA/GitProjects/WKIRO-Project/data/LA014/Session1/Overground_Walk/Walk_Slow/Post_Process/Walk_Slow5.csv,female,0,train
LA014,Session1,overground,walk,slow,Overground_Walk,Walk_Slow,C:/Users/KUBA/GitProjects/WKIRO-Project/data/LA014/Session1/Overground_Walk/Walk_Slow/Post_Process/Walk_Slow6.csv,female,0,train
LA014,Session1,overground,walk,slow,Overground_Walk,Walk_Slow,C:/Users/KUBA/GitProjects/WKIRO-Project/data/LA014/Session1/Overground_Walk/Walk_Slow/Post_Process/Walk_Slow7.csv,female,0,train
LA014,Session1,overground,walk,slow,Overground_Walk,Walk_Slow,C:/Users/KUBA/GitProjects/WKIRO-Project/data/LA014/Session1/Overground_Walk/Walk_Slow/Post_Process/Walk_Slow8.csv,female,0,train
LA014,Session1,treadmill,run,comfortable,Treadmill_Run,Treadmill_Run_Comfortable,C:/Users/KUBA/GitProjects/WKIRO-Project/data/LA014/Session1/Treadmill_Run/Treadmill_Run_Comfortable/Post_Process/Treadmill_Run_Comfortable.csv,female,0,test
LA014,Session1,treadmill,run,fast,Treadmill_Run,Treadmill_Run_Fast,C:/Users/KUBA/GitProjects/WKIRO-Project/data/LA014/Session1/Treadmill_Run/Treadmill_Run_Fast/Post_Process/Treadmill_Run_Fast.csv,female,0,val
LA014,Session1,treadmill,walk,comfortable,Treadmill_Walk,Treadmill_Walk_Comfortable,C:/Users/KUBA/GitProjects/WKIRO-Project/data/LA014/Session1/Treadmill_Walk/Treadmill_Walk_Comfortable/Post_Process/Treadmill_Walk_Comfortable.csv,female,0,train
LA014,Session1,treadmill,walk,fast,Treadmill_Walk,Treadmill_Walk_Fast,C:/Users/KUBA/GitProjects/WKIRO-Project/data/LA014/Session1/Treadmill_Walk/Treadmill_Walk_Fast/Post_Process/Treadmill_Walk_Fast.csv,female,0,test
LA014,Session1,treadmill,walk,slow,Treadmill_Walk,Treadmill_Walk_Slow,C:/Users/KUBA/GitProjects/WKIRO-Project/data/LA014/Session1/Treadmill_Walk/Treadmill_Walk_Slow/Post_Process/Treadmill_Walk_Slow.csv,female,0,train
LA014,Session2,overground,run,comfortable,Overground_Run,Run_Comfortable,C:/Users/KUBA/GitProjects/WKIRO-Project/data/LA014/Session2/Overground_Run/Run_Comfortable/Post_Process/Run_Comfortable1.csv,female,0,val
LA014,Session2,overground,run,comfortable,Overground_Run,Run_Comfortable,C:/Users/KUBA/GitProjects/WKIRO-Project/data/LA014/Session2/Overground_Run/Run_Comfortable/Post_Process/Run_Comfortable10.csv,female,0,val
LA014,Session2,overground,run,comfortable,Overground_Run,Run_Comfortable,C:/Users/KUBA/GitProjects/WKIRO-Project/data/LA014/Session2/Overground_Run/Run_Comfortable/Post_Process/Run_Comfortable2.csv,female,0,train
LA014,Session2,overground,run,comfortable,Overground_Run,Run_Comfortable,C:/Users/KUBA/GitProjects/WKIRO-Project/data/LA014/Session2/Overground_Run/Run_Comfortable/Post_Process/Run_Comfortable3.csv,female,0,val
LA014,Session2,overground,run,comfortable,Overground_Run,Run_Comfortable,C:/Users/KUBA/GitProjects/WKIRO-Project/data/LA014/Session2/Overground_Run/Run_Comfortable/Post_Process/Run_Comfortable4.csv,female,0,test
LA014,Session2,overground,run,comfortable,Overground_Run,Run_Comfortable,C:/Users/KUBA/GitProjects/WKIRO-Project/data/LA014/Session2/Overground_Run/Run_Comfortable/Post_Process/Run_Comfortable5.csv,female,0,val
LA014,Session2,overground,run,comfortable,Overground_Run,Run_Comfortable,C:/Users/KUBA/GitProjects/WKIRO-Project/data/LA014/Session2/Overground_Run/Run_Comfortable/Post_Process/Run_Comfortable6.csv,female,0,train
LA014,Session2,overground,run,comfortable,Overground_Run,Run_Comfortable,C:/Users/KUBA/GitProjects/WKIRO-Project/data/LA014/Session2/Overground_Run/Run_Comfortable/Post_Process/Run_Comfortable7.csv,female,0,train
LA014,Session2,overground,run,comfortable,Overground_Run,Run_Comfortable,C:/Users/KUBA/GitProjects/WKIRO-Project/data/LA014/Session2/Overground_Run/Run_Comfortable/Post_Process/Run_Comfortable8.csv,female,0,test
LA014,Session2,overground,run,comfortable,Overground_Run,Run_Comfortable,C:/Users/KUBA/GitProjects/WKIRO-Project/data/LA014/Session2/Overground_Run/Run_Comfortable/Post_Process/Run_Comfortable9.csv,female,0,val
LA014,Session2,overground,run,fast,Overground_Run,Run_Fast,C:/Users/KUBA/GitProjects/WKIRO-Project/data/LA014/Session2/Overground_Run/Run_Fast/Post_Process/Run_Fast1.csv,female,0,test
LA014,Session2,overground,run,fast,Overground_Run,Run_Fast,C:/Users/KUBA/GitProjects/WKIRO-Project/data/LA014/Session2/Overground_Run/Run_Fast/Post_Process/Run_Fast10.csv,female,0,train
LA014,Session2,overground,run,fast,Overground_Run,Run_Fast,C:/Users/KUBA/GitProjects/WKIRO-Project/data/LA014/Session2/Overground_Run/Run_Fast/Post_Process/Run_Fast2.csv,female,0,train
LA014,Session2,overground,run,fast,Overground_Run,Run_Fast,C:/Users/KUBA/GitProjects/WKIRO-Project/data/LA014/Session2/Overground_Run/Run_Fast/Post_Process/Run_Fast3.csv,female,0,test
LA014,Session2,overground,run,fast,Overground_Run,Run_Fast,C:/Users/KUBA/GitProjects/WKIRO-Project/data/LA014/Session2/Overground_Run/Run_Fast/Post_Process/Run_Fast4.csv,female,0,train
LA014,Session2,overground,run,fast,Overground_Run,Run_Fast,C:/Users/KUBA/GitProjects/WKIRO-Project/data/LA014/Session2/Overground_Run/Run_Fast/Post_Process/Run_Fast5.csv,female,0,val
LA014,Session2,overground,run,fast,Overground_Run,Run_Fast,C:/Users/KUBA/GitProjects/WKIRO-Project/data/LA014/Session2/Overground_Run/Run_Fast/Post_Process/Run_Fast6.csv,female,0,val
LA014,Session2,overground,run,fast,Overground_Run,Run_Fast,C:/Users/KUBA/GitProjects/WKIRO-Project/data/LA014/Session2/Overground_Run/Run_Fast/Post_Process/Run_Fast7.csv,female,0,test
LA014,Session2,overground,run,fast,Overground_Run,Run_Fast,C:/Users/KUBA/GitProjects/WKIRO-Project/data/LA014/Session2/Overground_Run/Run_Fast/Post_Process/Run_Fast8.csv,female,0,train
LA014,Session2,overground,run,fast,Overground_Run,Run_Fast,C:/Users/KUBA/GitProjects/WKIRO-Project/data/LA014/Session2/Overground_Run/Run_Fast/Post_Process/Run_Fast9.csv,female,0,train
LA014,Session2,overground,walk,comfortable,Overground_Walk,Walk_Comfortable,C:/Users/KUBA/GitProjects/WKIRO-Project/data/LA014/Session2/Overground_Walk/Walk_Comfortable/Post_Process/Walk_Comfortable1.csv,female,0,train
LA014,Session2,overground,walk,comfortable,Overground_Walk,Walk_Comfortable,C:/Users/KUBA/GitProjects/WKIRO-Project/data/LA014/Session2/Overground_Walk/Walk_Comfortable/Post_Process/Walk_Comfortable2.csv,female,0,train
LA014,Session2,overground,walk,comfortable,Overground_Walk,Walk_Comfortable,C:/Users/KUBA/GitProjects/WKIRO-Project/data/LA014/Session2/Overground_Walk/Walk_Comfortable/Post_Process/Walk_Comfortable3.csv,female,0,val
LA014,Session2,overground,walk,comfortable,Overground_Walk,Walk_Comfortable,C:/Users/KUBA/GitProjects/WKIRO-Project/data/LA014/Session2/Overground_Walk/Walk_Comfortable/Post_Process/Walk_Comfortable4.csv,female,0,train
LA014,Session2,overground,walk,comfortable,Overground_Walk,Walk_Comfortable,C:/Users/KUBA/GitProjects/WKIRO-Project/data/LA014/Session2/Overground_Walk/Walk_Comfortable/Post_Process/Walk_Comfortable5.csv,female,0,train
LA014,Session2,overground,walk,comfortable,Overground_Walk,Walk_Comfortable,C:/Users/KUBA/GitProjects/WKIRO-Project/data/LA014/Session2/Overground_Walk/Walk_Comfortable/Post_Process/Walk_Comfortable6.csv,female,0,train
LA014,Session2,overground,walk,comfortable,Overground_Walk,Walk_Comfortable,C:/Users/KUBA/GitProjects/WKIRO-Project/data/LA014/Session2/Overground_Walk/Walk_Comfortable/Post_Process/Walk_Comfortable7.csv,female,0,train
LA014,Session2,overground,walk,comfortable,Overground_Walk,Walk_Comfortable,C:/Users/KUBA/GitProjects/WKIRO-Project/data/LA014/Session2/Overground_Walk/Walk_Comfortable/Post_Process/Walk_Comfortable8.csv,female,0,test
LA014,Session2,overground,walk,fast,Overground_Walk,Walk_Fast,C:/Users/KUBA/GitProjects/WKIRO-Project/data/LA014/Session2/Overground_Walk/Walk_Fast/Post_Process/Walk_Fast1.csv,female,0,train
LA014,Session2,overground,walk,fast,Overground_Walk,Walk_Fast,C:/Users/KUBA/GitProjects/WKIRO-Project/data/LA014/Session2/Overground_Walk/Walk_Fast/Post_Process/Walk_Fast2.csv,female,0,train
LA014,Session2,overground,walk,fast,Overground_Walk,Walk_Fast,C:/Users/KUBA/GitProjects/WKIRO-Project/data/LA014/Session2/Overground_Walk/Walk_Fast/Post_Process/Walk_Fast3.csv,female,0,train
LA014,Session2,overground,walk,fast,Overground_Walk,Walk_Fast,C:/Users/KUBA/GitProjects/WKIRO-Project/data/LA014/Session2/Overground_Walk/Walk_Fast/Post_Process/Walk_Fast4.csv,female,0,train
LA014,Session2,overground,walk,fast,Overground_Walk,Walk_Fast,C:/Users/KUBA/GitProjects/WKIRO-Project/data/LA014/Session2/Overground_Walk/Walk_Fast/Post_Process/Walk_Fast5.csv,female,0,val
LA014,Session2,overground,walk,fast,Overground_Walk,Walk_Fast,C:/Users/KUBA/GitProjects/WKIRO-Project/data/LA014/Session2/Overground_Walk/Walk_Fast/Post_Process/Walk_Fast6.csv,female,0,test
LA014,Session2,overground,walk,fast,Overground_Walk,Walk_Fast,C:/Users/KUBA/GitProjects/WKIRO-Project/data/LA014/Session2/Overground_Walk/Walk_Fast/Post_Process/Walk_Fast7.csv,female,0,train
LA014,Session2,overground,walk,fast,Overground_Walk,Walk_Fast,C:/Users/KUBA/GitProjects/WKIRO-Project/data/LA014/Session2/Overground_Walk/Walk_Fast/Post_Process/Walk_Fast8.csv,female,0,train
LA014,Session2,overground,walk,slow,Overground_Walk,Walk_Slow,C:/Users/KUBA/GitProjects/WKIRO-Project/data/LA014/Session2/Overground_Walk/Walk_Slow/Post_Process/Walk_Slow1.csv,female,0,test
LA014,Session2,overground,walk,slow,Overground_Walk,Walk_Slow,C:/Users/KUBA/GitProjects/WKIRO-Project/data/LA014/Session2/Overground_Walk/Walk_Slow/Post_Process/Walk_Slow2.csv,female,0,train
LA014,Session2,overground,walk,slow,Overground_Walk,Walk_Slow,C:/Users/KUBA/GitProjects/WKIRO-Project/data/LA014/Session2/Overground_Walk/Walk_Slow/Post_Process/Walk_Slow3.csv,female,0,train
LA014,Session2,overground,walk,slow,Overground_Walk,Walk_Slow,C:/Users/KUBA/GitProjects/WKIRO-Project/data/LA014/Session2/Overground_Walk/Walk_Slow/Post_Process/Walk_Slow4.csv,female,0,train
LA014,Session2,overground,walk,slow,Overground_Walk,Walk_Slow,C:/Users/KUBA/GitProjects/WKIRO-Project/data/LA014/Session2/Overground_Walk/Walk_Slow/Post_Process/Walk_Slow5.csv,female,0,train
LA014,Session2,overground,walk,slow,Overground_Walk,Walk_Slow,C:/Users/KUBA/GitProjects/WKIRO-Project/data/LA014/Session2/Overground_Walk/Walk_Slow/Post_Process/Walk_Slow6.csv,female,0,train
LA014,Session2,overground,walk,slow,Overground_Walk,Walk_Slow,C:/Users/KUBA/GitProjects/WKIRO-Project/data/LA014/Session2/Overground_Walk/Walk_Slow/Post_Process/Walk_Slow7.csv,female,0,train
LA014,Session2,overground,walk,slow,Overground_Walk,Walk_Slow,C:/Users/KUBA/GitProjects/WKIRO-Project/data/LA014/Session2/Overground_Walk/Walk_Slow/Post_Process/Walk_Slow8.csv,female,0,train
LA014,Session2,treadmill,run,comfortable,Treadmill_Run,Treadmill_Run_Comfortable,C:/Users/KUBA/GitProjects/WKIRO-Project/data/LA014/Session2/Treadmill_Run/Treadmill_Run_Comfortable/Post_Process/Treadmill_Run_Comfortable.csv,female,0,train
LA014,Session2,treadmill,run,fast,Treadmill_Run,Treadmill_Run_Fast,C:/Users/KUBA/GitProjects/WKIRO-Project/data/LA014/Session2/Treadmill_Run/Treadmill_Run_Fast/Post_Process/Treadmill_Run_Fast.csv,female,0,train
LA014,Session2,treadmill,walk,comfortable,Treadmill_Walk,Treadmill_Walk_Comfortable,C:/Users/KUBA/GitProjects/WKIRO-Project/data/LA014/Session2/Treadmill_Walk/Treadmill_Walk_Comfortable/Post_Process/Treadmill_Walk_Comfortable.csv,female,0,val
LA014,Session2,treadmill,walk,fast,Treadmill_Walk,Treadmill_Walk_Fast,C:/Users/KUBA/GitProjects/WKIRO-Project/data/LA014/Session2/Treadmill_Walk/Treadmill_Walk_Fast/Post_Process/Treadmill_Walk_Fast.csv,female,0,train
LA014,Session2,treadmill,walk,slow,Treadmill_Walk,Treadmill_Walk_Slow,C:/Users/KUBA/GitProjects/WKIRO-Project/data/LA014/Session2/Treadmill_Walk/Treadmill_Walk_Slow/Post_Process/Treadmill_Walk_Slow.csv,female,0,train
LD002,Session1,overground,run,comfortable,Overground_Run,Run_Comfortable,C:/Users/KUBA/GitProjects/WKIRO-Project/data/LD002/Session1/Overground_Run/Run_Comfortable/Post_Process/Run_Comfortable1.csv,male,1,test
LD002,Session1,overground,run,comfortable,Overground_Run,Run_Comfortable,C:/Users/KUBA/GitProjects/WKIRO-Project/data/LD002/Session1/Overground_Run/Run_Comfortable/Post_Process/Run_Comfortable2.csv,male,1,train
LD002,Session1,overground,run,comfortable,Overground_Run,Run_Comfortable,C:/Users/KUBA/GitProjects/WKIRO-Project/data/LD002/Session1/Overground_Run/Run_Comfortable/Post_Process/Run_Comfortable3.csv,male,1,val
LD002,Session1,overground,run,comfortable,Overground_Run,Run_Comfortable,C:/Users/KUBA/GitProjects/WKIRO-Project/data/LD002/Session1/Overground_Run/Run_Comfortable/Post_Process/Run_Comfortable4.csv,male,1,val
LD002,Session1,overground,run,comfortable,Overground_Run,Run_Comfortable,C:/Users/KUBA/GitProjects/WKIRO-Project/data/LD002/Session1/Overground_Run/Run_Comfortable/Post_Process/Run_Comfortable5.csv,male,1,train
LD002,Session1,overground,run,comfortable,Overground_Run,Run_Comfortable,C:/Users/KUBA/GitProjects/WKIRO-Project/data/LD002/Session1/Overground_Run/Run_Comfortable/Post_Process/Run_Comfortable6.csv,male,1,val
LD002,Session1,overground,run,fast,Overground_Run,Run_Fast,C:/Users/KUBA/GitProjects/WKIRO-Project/data/LD002/Session1/Overground_Run/Run_Fast/Post_Process/Run_Fast1.csv,male,1,train
LD002,Session1,overground,run,fast,Overground_Run,Run_Fast,C:/Users/KUBA/GitProjects/WKIRO-Project/data/LD002/Session1/Overground_Run/Run_Fast/Post_Process/Run_Fast10.csv,male,1,train
LD002,Session1,overground,run,fast,Overground_Run,Run_Fast,C:/Users/KUBA/GitProjects/WKIRO-Project/data/LD002/Session1/Overground_Run/Run_Fast/Post_Process/Run_Fast11.csv,male,1,test
LD002,Session1,overground,run,fast,Overground_Run,Run_Fast,C:/Users/KUBA/GitProjects/WKIRO-Project/data/LD002/Session1/Overground_Run/Run_Fast/Post_Process/Run_Fast12.csv,male,1,test
LD002,Session1,overground,run,fast,Overground_Run,Run_Fast,C:/Users/KUBA/GitProjects/WKIRO-Project/data/LD002/Session1/Overground_Run/Run_Fast/Post_Process/Run_Fast2.csv,male,1,train
LD002,Session1,overground,run,fast,Overground_Run,Run_Fast,C:/Users/KUBA/GitProjects/WKIRO-Project/data/LD002/Session1/Overground_Run/Run_Fast/Post_Process/Run_Fast3.csv,male,1,train
LD002,Session1,overground,run,fast,Overground_Run,Run_Fast,C:/Users/KUBA/GitProjects/WKIRO-Project/data/LD002/Session1/Overground_Run/Run_Fast/Post_Process/Run_Fast4.csv,male,1,test
LD002,Session1,overground,run,fast,Overground_Run,Run_Fast,C:/Users/KUBA/GitProjects/WKIRO-Project/data/LD002/Session1/Overground_Run/Run_Fast/Post_Process/Run_Fast5.csv,male,1,train
LD002,Session1,overground,run,fast,Overground_Run,Run_Fast,C:/Users/KUBA/GitProjects/WKIRO-Project/data/LD002/Session1/Overground_Run/Run_Fast/Post_Process/Run_Fast6.csv,male,1,train
LD002,Session1,overground,run,fast,Overground_Run,Run_Fast,C:/Users/KUBA/GitProjects/WKIRO-Project/data/LD002/Session1/Overground_Run/Run_Fast/Post_Process/Run_Fast7.csv,male,1,train
LD002,Session1,overground,run,fast,Overground_Run,Run_Fast,C:/Users/KUBA/GitProjects/WKIRO-Project/data/LD002/Session1/Overground_Run/Run_Fast/Post_Process/Run_Fast8.csv,male,1,train
LD002,Session1,overground,run,fast,Overground_Run,Run_Fast,C:/Users/KUBA/GitProjects/WKIRO-Project/data/LD002/Session1/Overground_Run/Run_Fast/Post_Process/Run_Fast9.csv,male,1,test
LD002,Session1,overground,walk,comfortable,Overground_Walk,Walk_Comfortable,C:/Users/KUBA/GitProjects/WKIRO-Project/data/LD002/Session1/Overground_Walk/Walk_Comfortable/Post_Process/Walk_Comfortable1.csv,male,1,train
LD002,Session1,overground,walk,comfortable,Overground_Walk,Walk_Comfortable,C:/Users/KUBA/GitProjects/WKIRO-Project/data/LD002/Session1/Overground_Walk/Walk_Comfortable/Post_Process/Walk_Comfortable10.csv,male,1,test
LD002,Session1,overground,walk,comfortable,Overground_Walk,Walk_Comfortable,C:/Users/KUBA/GitProjects/WKIRO-Project/data/LD002/Session1/Overground_Walk/Walk_Comfortable/Post_Process/Walk_Comfortable11.csv,male,1,train
LD002,Session1,overground,walk,comfortable,Overground_Walk,Walk_Comfortable,C:/Users/KUBA/GitProjects/WKIRO-Project/data/LD002/Session1/Overground_Walk/Walk_Comfortable/Post_Process/Walk_Comfortable12.csv,male,1,test
LD002,Session1,overground,walk,comfortable,Overground_Walk,Walk_Comfortable,C:/Users/KUBA/GitProjects/WKIRO-Project/data/LD002/Session1/Overground_Walk/Walk_Comfortable/Post_Process/Walk_Comfortable2.csv,male,1,train
LD002,Session1,overground,walk,comfortable,Overground_Walk,Walk_Comfortable,C:/Users/KUBA/GitProjects/WKIRO-Project/data/LD002/Session1/Overground_Walk/Walk_Comfortable/Post_Process/Walk_Comfortable3.csv,male,1,train
LD002,Session1,overground,walk,comfortable,Overground_Walk,Walk_Comfortable,C:/Users/KUBA/GitProjects/WKIRO-Project/data/LD002/Session1/Overground_Walk/Walk_Comfortable/Post_Process/Walk_Comfortable4.csv,male,1,train
LD002,Session1,overground,walk,comfortable,Overground_Walk,Walk_Comfortable,C:/Users/KUBA/GitProjects/WKIRO-Project/data/LD002/Session1/Overground_Walk/Walk_Comfortable/Post_Process/Walk_Comfortable5.csv,male,1,train
LD002,Session1,overground,walk,comfortable,Overground_Walk,Walk_Comfortable,C:/Users/KUBA/GitProjects/WKIRO-Project/data/LD002/Session1/Overground_Walk/Walk_Comfortable/Post_Process/Walk_Comfortable6.csv,male,1,train
LD002,Session1,overground,walk,comfortable,Overground_Walk,Walk_Comfortable,C:/Users/KUBA/GitProjects/WKIRO-Project/data/LD002/Session1/Overground_Walk/Walk_Comfortable/Post_Process/Walk_Comfortable7.csv,male,1,train
LD002,Session1,overground,walk,comfortable,Overground_Walk,Walk_Comfortable,C:/Users/KUBA/GitProjects/WKIRO-Project/data/LD002/Session1/Overground_Walk/Walk_Comfortable/Post_Process/Walk_Comfortable8.csv,male,1,train
LD002,Session1,overground,walk,comfortable,Overground_Walk,Walk_Comfortable,C:/Users/KUBA/GitProjects/WKIRO-Project/data/LD002/Session1/Overground_Walk/Walk_Comfortable/Post_Process/Walk_Comfortable9.csv,male,1,train
LD002,Session1,overground,walk,fast,Overground_Walk,Walk_Fast,C:/Users/KUBA/GitProjects/WKIRO-Project/data/LD002/Session1/Overground_Walk/Walk_Fast/Post_Process/Walk_Fast1.csv,male,1,val
LD002,Session1,overground,walk,fast,Overground_Walk,Walk_Fast,C:/Users/KUBA/GitProjects/WKIRO-Project/data/LD002/Session1/Overground_Walk/Walk_Fast/Post_Process/Walk_Fast10.csv,male,1,train
LD002,Session1,overground,walk,fast,Overground_Walk,Walk_Fast,C:/Users/KUBA/GitProjects/WKIRO-Project/data/LD002/Session1/Overground_Walk/Walk_Fast/Post_Process/Walk_Fast2.csv,male,1,train
LD002,Session1,overground,walk,fast,Overground_Walk,Walk_Fast,C:/Users/KUBA/GitProjects/WKIRO-Project/data/LD002/Session1/Overground_Walk/Walk_Fast/Post_Process/Walk_Fast3.csv,male,1,train
LD002,Session1,overground,walk,fast,Overground_Walk,Walk_Fast,C:/Users/KUBA/GitProjects/WKIRO-Project/data/LD002/Session1/Overground_Walk/Walk_Fast/Post_Process/Walk_Fast4.csv,male,1,val
LD002,Session1,overground,walk,fast,Overground_Walk,Walk_Fast,C:/Users/KUBA/GitProjects/WKIRO-Project/data/LD002/Session1/Overground_Walk/Walk_Fast/Post_Process/Walk_Fast5.csv,male,1,train
LD002,Session1,overground,walk,fast,Overground_Walk,Walk_Fast,C:/Users/KUBA/GitProjects/WKIRO-Project/data/LD002/Session1/Overground_Walk/Walk_Fast/Post_Process/Walk_Fast6.csv,male,1,test
LD002,Session1,overground,walk,fast,Overground_Walk,Walk_Fast,C:/Users/KUBA/GitProjects/WKIRO-Project/data/LD002/Session1/Overground_Walk/Walk_Fast/Post_Process/Walk_Fast7.csv,male,1,train
LD002,Session1,overground,walk,fast,Overground_Walk,Walk_Fast,C:/Users/KUBA/GitProjects/WKIRO-Project/data/LD002/Session1/Overground_Walk/Walk_Fast/Post_Process/Walk_Fast8.csv,male,1,train
LD002,Session1,overground,walk,fast,Overground_Walk,Walk_Fast,C:/Users/KUBA/GitProjects/WKIRO-Project/data/LD002/Session1/Overground_Walk/Walk_Fast/Post_Process/Walk_Fast9.csv,male,1,train
LD002,Session1,overground,walk,slow,Overground_Walk,Walk_Slow,C:/Users/KUBA/GitProjects/WKIRO-Project/data/LD002/Session1/Overground_Walk/Walk_Slow/Post_Process/Walk_Slow1.csv,male,1,train
LD002,Session1,overground,walk,slow,Overground_Walk,Walk_Slow,C:/Users/KUBA/GitProjects/WKIRO-Project/data/LD002/Session1/Overground_Walk/Walk_Slow/Post_Process/Walk_Slow2.csv,male,1,train
LD002,Session1,overground,walk,slow,Overground_Walk,Walk_Slow,C:/Users/KUBA/GitProjects/WKIRO-Project/data/LD002/Session1/Overground_Walk/Walk_Slow/Post_Process/Walk_Slow3.csv,male,1,train
LD002,Session1,overground,walk,slow,Overground_Walk,Walk_Slow,C:/Users/KUBA/GitProjects/WKIRO-Project/data/LD002/Session1/Overground_Walk/Walk_Slow/Post_Process/Walk_Slow4.csv,male,1,train
LD002,Session1,overground,walk,slow,Overground_Walk,Walk_Slow,C:/Users/KUBA/GitProjects/WKIRO-Project/data/LD002/Session1/Overground_Walk/Walk_Slow/Post_Process/Walk_Slow5.csv,male,1,val
LD002,Session1,treadmill,run,comfortable,Treadmill_Run,Treadmill_Run_Comfortable,C:/Users/KUBA/GitProjects/WKIRO-Project/data/LD002/Session1/Treadmill_Run/Treadmill_Run_Comfortable/Post_Process/Treadmill_Run_Comfortable.csv,male,1,train
LD002,Session1,treadmill,run,fast,Treadmill_Run,Treadmill_Run_Fast,C:/Users/KUBA/GitProjects/WKIRO-Project/data/LD002/Session1/Treadmill_Run/Treadmill_Run_Fast/Post_Process/Treadmill_Run_Fast.csv,male,1,train
LD002,Session1,treadmill,walk,comfortable,Treadmill_Walk,Treadmill_Walk_Comfortable,C:/Users/KUBA/GitProjects/WKIRO-Project/data/LD002/Session1/Treadmill_Walk/Treadmill_Walk_Comfortable/Post_Process/Treadmill_Walk_Comfortable.csv,male,1,train
LD002,Session1,treadmill,walk,fast,Treadmill_Walk,Treadmill_Walk_Fast,C:/Users/KUBA/GitProjects/WKIRO-Project/data/LD002/Session1/Treadmill_Walk/Treadmill_Walk_Fast/Post_Process/Treadmill_Walk_Fast.csv,male,1,train
LD002,Session1,treadmill,walk,slow,Treadmill_Walk,Treadmill_Walk_Slow,C:/Users/KUBA/GitProjects/WKIRO-Project/data/LD002/Session1/Treadmill_Walk/Treadmill_Walk_Slow/Post_Process/Treadmill_Walk_Slow.csv,male,1,val
LD002,Session2,overground,run,comfortable,Overground_Run,Run_Comfortable,C:/Users/KUBA/GitProjects/WKIRO-Project/data/LD002/Session2/Overground_Run/Run_Comfortable/Post_Process/Run_Comfortable1.csv,male,1,train
LD002,Session2,overground,run,comfortable,Overground_Run,Run_Comfortable,C:/Users/KUBA/GitProjects/WKIRO-Project/data/LD002/Session2/Overground_Run/Run_Comfortable/Post_Process/Run_Comfortable10.csv,male,1,train
LD002,Session2,overground,run,comfortable,Overground_Run,Run_Comfortable,C:/Users/KUBA/GitProjects/WKIRO-Project/data/LD002/Session2/Overground_Run/Run_Comfortable/Post_Process/Run_Comfortable11.csv,male,1,val
LD002,Session2,overground,run,comfortable,Overground_Run,Run_Comfortable,C:/Users/KUBA/GitProjects/WKIRO-Project/data/LD002/Session2/Overground_Run/Run_Comfortable/Post_Process/Run_Comfortable12.csv,male,1,train
LD002,Session2,overground,run,comfortable,Overground_Run,Run_Comfortable,C:/Users/KUBA/GitProjects/WKIRO-Project/data/LD002/Session2/Overground_Run/Run_Comfortable/Post_Process/Run_Comfortable13.csv,male,1,train
LD002,Session2,overground,run,comfortable,Overground_Run,Run_Comfortable,C:/Users/KUBA/GitProjects/WKIRO-Project/data/LD002/Session2/Overground_Run/Run_Comfortable/Post_Process/Run_Comfortable14.csv,male,1,test
LD002,Session2,overground,run,comfortable,Overground_Run,Run_Comfortable,C:/Users/KUBA/GitProjects/WKIRO-Project/data/LD002/Session2/Overground_Run/Run_Comfortable/Post_Process/Run_Comfortable15.csv,male,1,train
LD002,Session2,overground,run,comfortable,Overground_Run,Run_Comfortable,C:/Users/KUBA/GitProjects/WKIRO-Project/data/LD002/Session2/Overground_Run/Run_Comfortable/Post_Process/Run_Comfortable16.csv,male,1,train
LD002,Session2,overground,run,comfortable,Overground_Run,Run_Comfortable,C:/Users/KUBA/GitProjects/WKIRO-Project/data/LD002/Session2/Overground_Run/Run_Comfortable/Post_Process/Run_Comfortable2.csv,male,1,train
LD002,Session2,overground,run,comfortable,Overground_Run,Run_Comfortable,C:/Users/KUBA/GitProjects/WKIRO-Project/data/LD002/Session2/Overground_Run/Run_Comfortable/Post_Process/Run_Comfortable3.csv,male,1,val
LD002,Session2,overground,run,comfortable,Overground_Run,Run_Comfortable,C:/Users/KUBA/GitProjects/WKIRO-Project/data/LD002/Session2/Overground_Run/Run_Comfortable/Post_Process/Run_Comfortable4.csv,male,1,val
LD002,Session2,overground,run,comfortable,Overground_Run,Run_Comfortable,C:/Users/KUBA/GitProjects/WKIRO-Project/data/LD002/Session2/Overground_Run/Run_Comfortable/Post_Process/Run_Comfortable5.csv,male,1,train
LD002,Session2,overground,run,comfortable,Overground_Run,Run_Comfortable,C:/Users/KUBA/GitProjects/WKIRO-Project/data/LD002/Session2/Overground_Run/Run_Comfortable/Post_Process/Run_Comfortable6.csv,male,1,train
LD002,Session2,overground,run,comfortable,Overground_Run,Run_Comfortable,C:/Users/KUBA/GitProjects/WKIRO-Project/data/LD002/Session2/Overground_Run/Run_Comfortable/Post_Process/Run_Comfortable7.csv,male,1,train
LD002,Session2,overground,run,comfortable,Overground_Run,Run_Comfortable,C:/Users/KUBA/GitProjects/WKIRO-Project/data/LD002/Session2/Overground_Run/Run_Comfortable/Post_Process/Run_Comfortable8.csv,male,1,test
LD002,Session2,overground,run,comfortable,Overground_Run,Run_Comfortable,C:/Users/KUBA/GitProjects/WKIRO-Project/data/LD002/Session2/Overground_Run/Run_Comfortable/Post_Process/Run_Comfortable9.csv,male,1,val
LD002,Session2,overground,run,fast,Overground_Run,Run_Fast,C:/Users/KUBA/GitProjects/WKIRO-Project/data/LD002/Session2/Overground_Run/Run_Fast/Post_Process/Run_Fast1.csv,male,1,val
LD002,Session2,overground,run,fast,Overground_Run,Run_Fast,C:/Users/KUBA/GitProjects/WKIRO-Project/data/LD002/Session2/Overground_Run/Run_Fast/Post_Process/Run_Fast10.csv,male,1,train
LD002,Session2,overground,run,fast,Overground_Run,Run_Fast,C:/Users/KUBA/GitProjects/WKIRO-Project/data/LD002/Session2/Overground_Run/Run_Fast/Post_Process/Run_Fast11.csv,male,1,train
LD002,Session2,overground,run,fast,Overground_Run,Run_Fast,C:/Users/KUBA/GitProjects/WKIRO-Project/data/LD002/Session2/Overground_Run/Run_Fast/Post_Process/Run_Fast12.csv,male,1,train
LD002,Session2,overground,run,fast,Overground_Run,Run_Fast,C:/Users/KUBA/GitProjects/WKIRO-Project/data/LD002/Session2/Overground_Run/Run_Fast/Post_Process/Run_Fast13.csv,male,1,train
LD002,Session2,overground,run,fast,Overground_Run,Run_Fast,C:/Users/KUBA/GitProjects/WKIRO-Project/data/LD002/Session2/Overground_Run/Run_Fast/Post_Process/Run_Fast14.csv,male,1,train
LD002,Session2,overground,run,fast,Overground_Run,Run_Fast,C:/Users/KUBA/GitProjects/WKIRO-Project/data/LD002/Session2/Overground_Run/Run_Fast/Post_Process/Run_Fast15.csv,male,1,train
LD002,Session2,overground,run,fast,Overground_Run,Run_Fast,C:/Users/KUBA/GitProjects/WKIRO-Project/data/LD002/Session2/Overground_Run/Run_Fast/Post_Process/Run_Fast16.csv,male,1,train
LD002,Session2,overground,run,fast,Overground_Run,Run_Fast,C:/Users/KUBA/GitProjects/WKIRO-Project/data/LD002/Session2/Overground_Run/Run_Fast/Post_Process/Run_Fast2.csv,male,1,val
LD002,Session2,overground,run,fast,Overground_Run,Run_Fast,C:/Users/KUBA/GitProjects/WKIRO-Project/data/LD002/Session2/Overground_Run/Run_Fast/Post_Process/Run_Fast3.csv,male,1,train
LD002,Session2,overground,run,fast,Overground_Run,Run_Fast,C:/Users/KUBA/GitProjects/WKIRO-Project/data/LD002/Session2/Overground_Run/Run_Fast/Post_Process/Run_Fast4.csv,male,1,train
LD002,Session2,overground,run,fast,Overground_Run,Run_Fast,C:/Users/KUBA/GitProjects/WKIRO-Project/data/LD002/Session2/Overground_Run/Run_Fast/Post_Process/Run_Fast5.csv,male,1,train
LD002,Session2,overground,run,fast,Overground_Run,Run_Fast,C:/Users/KUBA/GitProjects/WKIRO-Project/data/LD002/Session2/Overground_Run/Run_Fast/Post_Process/Run_Fast6.csv,male,1,train
LD002,Session2,overground,run,fast,Overground_Run,Run_Fast,C:/Users/KUBA/GitProjects/WKIRO-Project/data/LD002/Session2/Overground_Run/Run_Fast/Post_Process/Run_Fast7.csv,male,1,train
LD002,Session2,overground,run,fast,Overground_Run,Run_Fast,C:/Users/KUBA/GitProjects/WKIRO-Project/data/LD002/Session2/Overground_Run/Run_Fast/Post_Process/Run_Fast8.csv,male,1,train
LD002,Session2,overground,run,fast,Overground_Run,Run_Fast,C:/Users/KUBA/GitProjects/WKIRO-Project/data/LD002/Session2/Overground_Run/Run_Fast/Post_Process/Run_Fast9.csv,male,1,train
LD002,Session2,overground,walk,comfortable,Overground_Walk,Walk_Comfortable,C:/Users/KUBA/GitProjects/WKIRO-Project/data/LD002/Session2/Overground_Walk/Walk_Comfortable/Post_Process/Walk_Comfortable1.csv,male,1,val
LD002,Session2,overground,walk,comfortable,Overground_Walk,Walk_Comfortable,C:/Users/KUBA/GitProjects/WKIRO-Project/data/LD002/Session2/Overground_Walk/Walk_Comfortable/Post_Process/Walk_Comfortable2.csv,male,1,train
LD002,Session2,overground,walk,comfortable,Overground_Walk,Walk_Comfortable,C:/Users/KUBA/GitProjects/WKIRO-Project/data/LD002/Session2/Overground_Walk/Walk_Comfortable/Post_Process/Walk_Comfortable3.csv,male,1,train
LD002,Session2,overground,walk,comfortable,Overground_Walk,Walk_Comfortable,C:/Users/KUBA/GitProjects/WKIRO-Project/data/LD002/Session2/Overground_Walk/Walk_Comfortable/Post_Process/Walk_Comfortable4.csv,male,1,val
LD002,Session2,overground,walk,comfortable,Overground_Walk,Walk_Comfortable,C:/Users/KUBA/GitProjects/WKIRO-Project/data/LD002/Session2/Overground_Walk/Walk_Comfortable/Post_Process/Walk_Comfortable5.csv,male,1,train
LD002,Session2,overground,walk,comfortable,Overground_Walk,Walk_Comfortable,C:/Users/KUBA/GitProjects/WKIRO-Project/data/LD002/Session2/Overground_Walk/Walk_Comfortable/Post_Process/Walk_Comfortable6.csv,male,1,test
LD002,Session2,overground,walk,comfortable,Overground_Walk,Walk_Comfortable,C:/Users/KUBA/GitProjects/WKIRO-Project/data/LD002/Session2/Overground_Walk/Walk_Comfortable/Post_Process/Walk_Comfortable7.csv,male,1,train
LD002,Session2,overground,walk,fast,Overground_Walk,Walk_Fast,C:/Users/KUBA/GitProjects/WKIRO-Project/data/LD002/Session2/Overground_Walk/Walk_Fast/Post_Process/Walk_Fast1.csv,male,1,test
LD002,Session2,overground,walk,fast,Overground_Walk,Walk_Fast,C:/Users/KUBA/GitProjects/WKIRO-Project/data/LD002/Session2/Overground_Walk/Walk_Fast/Post_Process/Walk_Fast2.csv,male,1,train
LD002,Session2,overground,walk,fast,Overground_Walk,Walk_Fast,C:/Users/KUBA/GitProjects/WKIRO-Project/data/LD002/Session2/Overground_Walk/Walk_Fast/Post_Process/Walk_Fast3.csv,male,1,train
LD002,Session2,overground,walk,fast,Overground_Walk,Walk_Fast,C:/Users/KUBA/GitProjects/WKIRO-Project/data/LD002/Session2/Overground_Walk/Walk_Fast/Post_Process/Walk_Fast4.csv,male,1,train
LD002,Session2,overground,walk,fast,Overground_Walk,Walk_Fast,C:/Users/KUBA/GitProjects/WKIRO-Project/data/LD002/Session2/Overground_Walk/Walk_Fast/Post_Process/Walk_Fast5.csv,male,1,train
LD002,Session2,overground,walk,fast,Overground_Walk,Walk_Fast,C:/Users/KUBA/GitProjects/WKIRO-Project/data/LD002/Session2/Overground_Walk/Walk_Fast/Post_Process/Walk_Fast6.csv,male,1,test
LD002,Session2,overground,walk,slow,Overground_Walk,Walk_Slow,C:/Users/KUBA/GitProjects/WKIRO-Project/data/LD002/Session2/Overground_Walk/Walk_Slow/Post_Process/Walk_Slow1.csv,male,1,train
LD002,Session2,overground,walk,slow,Overground_Walk,Walk_Slow,C:/Users/KUBA/GitProjects/WKIRO-Project/data/LD002/Session2/Overground_Walk/Walk_Slow/Post_Process/Walk_Slow2.csv,male,1,train
LD002,Session2,overground,walk,slow,Overground_Walk,Walk_Slow,C:/Users/KUBA/GitProjects/WKIRO-Project/data/LD002/Session2/Overground_Walk/Walk_Slow/Post_Process/Walk_Slow3.csv,male,1,train
LD002,Session2,overground,walk,slow,Overground_Walk,Walk_Slow,C:/Users/KUBA/GitProjects/WKIRO-Project/data/LD002/Session2/Overground_Walk/Walk_Slow/Post_Process/Walk_Slow4.csv,male,1,train
LD002,Session2,overground,walk,slow,Overground_Walk,Walk_Slow,C:/Users/KUBA/GitProjects/WKIRO-Project/data/LD002/Session2/Overground_Walk/Walk_Slow/Post_Process/Walk_Slow5.csv,male,1,train
LD002,Session2,overground,walk,slow,Overground_Walk,Walk_Slow,C:/Users/KUBA/GitProjects/WKIRO-Project/data/LD002/Session2/Overground_Walk/Walk_Slow/Post_Process/Walk_Slow6.csv,male,1,val
LD002,Session2,treadmill,run,comfortable,Treadmill_Run,Treadmill_Run_Comfortable,C:/Users/KUBA/GitProjects/WKIRO-Project/data/LD002/Session2/Treadmill_Run/Treadmill_Run_Comfortable/Post_Process/Treadmill_Run_Comfortable.csv,male,1,train
LD002,Session2,treadmill,run,fast,Treadmill_Run,Treadmill_Run_Fast,C:/Users/KUBA/GitProjects/WKIRO-Project/data/LD002/Session2/Treadmill_Run/Treadmill_Run_Fast/Post_Process/Treadmill_Run_Fast.csv,male,1,test
LD002,Session2,treadmill,walk,comfortable,Treadmill_Walk,Treadmill_Walk_Comfortable,C:/Users/KUBA/GitProjects/WKIRO-Project/data/LD002/Session2/Treadmill_Walk/Treadmill_Walk_Comfortable/Post_Process/Treadmill_Walk_Comfortable.csv,male,1,test
LD002,Session2,treadmill,walk,fast,Treadmill_Walk,Treadmill_Walk_Fast,C:/Users/KUBA/GitProjects/WKIRO-Project/data/LD002/Session2/Treadmill_Walk/Treadmill_Walk_Fast/Post_Process/Treadmill_Walk_Fast.csv,male,1,test
LD002,Session2,treadmill,walk,slow,Treadmill_Walk,Treadmill_Walk_Slow,C:/Users/KUBA/GitProjects/WKIRO-Project/data/LD002/Session2/Treadmill_Walk/Treadmill_Walk_Slow/Post_Process/Treadmill_Walk_Slow.csv,male,1,train
LF003,Session1,overground,run,comfortable,Overground_Run,Run_Comfortable,C:/Users/KUBA/GitProjects/WKIRO-Project/data/LF003/Session1/Overground_Run/Run_Comfortable/Post_Process/Run_Comfortable1.csv,male,1,train
LF003,Session1,overground,run,comfortable,Overground_Run,Run_Comfortable,C:/Users/KUBA/GitProjects/WKIRO-Project/data/LF003/Session1/Overground_Run/Run_Comfortable/Post_Process/Run_Comfortable10.csv,male,1,test
LF003,Session1,overground,run,comfortable,Overground_Run,Run_Comfortable,C:/Users/KUBA/GitProjects/WKIRO-Project/data/LF003/Session1/Overground_Run/Run_Comfortable/Post_Process/Run_Comfortable11.csv,male,1,train
LF003,Session1,overground,run,comfortable,Overground_Run,Run_Comfortable,C:/Users/KUBA/GitProjects/WKIRO-Project/data/LF003/Session1/Overground_Run/Run_Comfortable/Post_Process/Run_Comfortable12.csv,male,1,train
LF003,Session1,overground,run,comfortable,Overground_Run,Run_Comfortable,C:/Users/KUBA/GitProjects/WKIRO-Project/data/LF003/Session1/Overground_Run/Run_Comfortable/Post_Process/Run_Comfortable13.csv,male,1,train
LF003,Session1,overground,run,comfortable,Overground_Run,Run_Comfortable,C:/Users/KUBA/GitProjects/WKIRO-Project/data/LF003/Session1/Overground_Run/Run_Comfortable/Post_Process/Run_Comfortable14.csv,male,1,train
LF003,Session1,overground,run,comfortable,Overground_Run,Run_Comfortable,C:/Users/KUBA/GitProjects/WKIRO-Project/data/LF003/Session1/Overground_Run/Run_Comfortable/Post_Process/Run_Comfortable15.csv,male,1,train
LF003,Session1,overground,run,comfortable,Overground_Run,Run_Comfortable,C:/Users/KUBA/GitProjects/WKIRO-Project/data/LF003/Session1/Overground_Run/Run_Comfortable/Post_Process/Run_Comfortable16.csv,male,1,train
LF003,Session1,overground,run,comfortable,Overground_Run,Run_Comfortable,C:/Users/KUBA/GitProjects/WKIRO-Project/data/LF003/Session1/Overground_Run/Run_Comfortable/Post_Process/Run_Comfortable2.csv,male,1,train
LF003,Session1,overground,run,comfortable,Overground_Run,Run_Comfortable,C:/Users/KUBA/GitProjects/WKIRO-Project/data/LF003/Session1/Overground_Run/Run_Comfortable/Post_Process/Run_Comfortable3.csv,male,1,train
LF003,Session1,overground,run,comfortable,Overground_Run,Run_Comfortable,C:/Users/KUBA/GitProjects/WKIRO-Project/data/LF003/Session1/Overground_Run/Run_Comfortable/Post_Process/Run_Comfortable4.csv,male,1,train
LF003,Session1,overground,run,comfortable,Overground_Run,Run_Comfortable,C:/Users/KUBA/GitProjects/WKIRO-Project/data/LF003/Session1/Overground_Run/Run_Comfortable/Post_Process/Run_Comfortable5.csv,male,1,train
LF003,Session1,overground,run,comfortable,Overground_Run,Run_Comfortable,C:/Users/KUBA/GitProjects/WKIRO-Project/data/LF003/Session1/Overground_Run/Run_Comfortable/Post_Process/Run_Comfortable6.csv,male,1,val
LF003,Session1,overground,run,comfortable,Overground_Run,Run_Comfortable,C:/Users/KUBA/GitProjects/WKIRO-Project/data/LF003/Session1/Overground_Run/Run_Comfortable/Post_Process/Run_Comfortable7.csv,male,1,val
LF003,Session1,overground,run,comfortable,Overground_Run,Run_Comfortable,C:/Users/KUBA/GitProjects/WKIRO-Project/data/LF003/Session1/Overground_Run/Run_Comfortable/Post_Process/Run_Comfortable8.csv,male,1,test
LF003,Session1,overground,run,comfortable,Overground_Run,Run_Comfortable,C:/Users/KUBA/GitProjects/WKIRO-Project/data/LF003/Session1/Overground_Run/Run_Comfortable/Post_Process/Run_Comfortable9.csv,male,1,train
LF003,Session1,overground,run,fast,Overground_Run,Run_Fast,C:/Users/KUBA/GitProjects/WKIRO-Project/data/LF003/Session1/Overground_Run/Run_Fast/Post_Process/Run_Fast1.csv,male,1,train
LF003,Session1,overground,run,fast,Overground_Run,Run_Fast,C:/Users/KUBA/GitProjects/WKIRO-Project/data/LF003/Session1/Overground_Run/Run_Fast/Post_Process/Run_Fast2.csv,male,1,val
LF003,Session1,overground,run,fast,Overground_Run,Run_Fast,C:/Users/KUBA/GitProjects/WKIRO-Project/data/LF003/Session1/Overground_Run/Run_Fast/Post_Process/Run_Fast3.csv,male,1,test
LF003,Session1,overground,run,fast,Overground_Run,Run_Fast,C:/Users/KUBA/GitProjects/WKIRO-Project/data/LF003/Session1/Overground_Run/Run_Fast/Post_Process/Run_Fast4.csv,male,1,train
LF003,Session1,overground,run,fast,Overground_Run,Run_Fast,C:/Users/KUBA/GitProjects/WKIRO-Project/data/LF003/Session1/Overground_Run/Run_Fast/Post_Process/Run_Fast5.csv,male,1,train
LF003,Session1,overground,run,fast,Overground_Run,Run_Fast,C:/Users/KUBA/GitProjects/WKIRO-Project/data/LF003/Session1/Overground_Run/Run_Fast/Post_Process/Run_Fast6.csv,male,1,val
LF003,Session1,overground,run,fast,Overground_Run,Run_Fast,C:/Users/KUBA/GitProjects/WKIRO-Project/data/LF003/Session1/Overground_Run/Run_Fast/Post_Process/Run_Fast7.csv,male,1,train
LF003,Session1,overground,run,fast,Overground_Run,Run_Fast,C:/Users/KUBA/GitProjects/WKIRO-Project/data/LF003/Session1/Overground_Run/Run_Fast/Post_Process/Run_Fast8.csv,male,1,test
LF003,Session1,overground,walk,comfortable,Overground_Walk,Walk_Comfortable,C:/Users/KUBA/GitProjects/WKIRO-Project/data/LF003/Session1/Overground_Walk/Walk_Comfortable/Post_Process/Walk_Comfortable1.csv,male,1,train
LF003,Session1,overground,walk,comfortable,Overground_Walk,Walk_Comfortable,C:/Users/KUBA/GitProjects/WKIRO-Project/data/LF003/Session1/Overground_Walk/Walk_Comfortable/Post_Process/Walk_Comfortable2.csv,male,1,train
LF003,Session1,overground,walk,comfortable,Overground_Walk,Walk_Comfortable,C:/Users/KUBA/GitProjects/WKIRO-Project/data/LF003/Session1/Overground_Walk/Walk_Comfortable/Post_Process/Walk_Comfortable3.csv,male,1,train
LF003,Session1,overground,walk,comfortable,Overground_Walk,Walk_Comfortable,C:/Users/KUBA/GitProjects/WKIRO-Project/data/LF003/Session1/Overground_Walk/Walk_Comfortable/Post_Process/Walk_Comfortable4.csv,male,1,train
LF003,Session1,overground,walk,comfortable,Overground_Walk,Walk_Comfortable,C:/Users/KUBA/GitProjects/WKIRO-Project/data/LF003/Session1/Overground_Walk/Walk_Comfortable/Post_Process/Walk_Comfortable5.csv,male,1,train
LF003,Session1,overground,walk,comfortable,Overground_Walk,Walk_Comfortable,C:/Users/KUBA/GitProjects/WKIRO-Project/data/LF003/Session1/Overground_Walk/Walk_Comfortable/Post_Process/Walk_Comfortable6.csv,male,1,train
LF003,Session1,overground,walk,fast,Overground_Walk,Walk_Fast,C:/Users/KUBA/GitProjects/WKIRO-Project/data/LF003/Session1/Overground_Walk/Walk_Fast/Post_Process/Walk_Fast1.csv,male,1,train
LF003,Session1,overground,walk,fast,Overground_Walk,Walk_Fast,C:/Users/KUBA/GitProjects/WKIRO-Project/data/LF003/Session1/Overground_Walk/Walk_Fast/Post_Process/Walk_Fast10.csv,male,1,train
LF003,Session1,overground,walk,fast,Overground_Walk,Walk_Fast,C:/Users/KUBA/GitProjects/WKIRO-Project/data/LF003/Session1/Overground_Walk/Walk_Fast/Post_Process/Walk_Fast11.csv,male,1,train
LF003,Session1,overground,walk,fast,Overground_Walk,Walk_Fast,C:/Users/KUBA/GitProjects/WKIRO-Project/data/LF003/Session1/Overground_Walk/Walk_Fast/Post_Process/Walk_Fast12.csv,male,1,train
LF003,Session1,overground,walk,fast,Overground_Walk,Walk_Fast,C:/Users/KUBA/GitProjects/WKIRO-Project/data/LF003/Session1/Overground_Walk/Walk_Fast/Post_Process/Walk_Fast2.csv,male,1,train
LF003,Session1,overground,walk,fast,Overground_Walk,Walk_Fast,C:/Users/KUBA/GitProjects/WKIRO-Project/data/LF003/Session1/Overground_Walk/Walk_Fast/Post_Process/Walk_Fast3.csv,male,1,test
LF003,Session1,overground,walk,fast,Overground_Walk,Walk_Fast,C:/Users/KUBA/GitProjects/WKIRO-Project/data/LF003/Session1/Overground_Walk/Walk_Fast/Post_Process/Walk_Fast4.csv,male,1,test
LF003,Session1,overground,walk,fast,Overground_Walk,Walk_Fast,C:/Users/KUBA/GitProjects/WKIRO-Project/data/LF003/Session1/Overground_Walk/Walk_Fast/Post_Process/Walk_Fast5.csv,male,1,train
LF003,Session1,overground,walk,fast,Overground_Walk,Walk_Fast,C:/Users/KUBA/GitProjects/WKIRO-Project/data/LF003/Session1/Overground_Walk/Walk_Fast/Post_Process/Walk_Fast6.csv,male,1,val
LF003,Session1,overground,walk,fast,Overground_Walk,Walk_Fast,C:/Users/KUBA/GitProjects/WKIRO-Project/data/LF003/Session1/Overground_Walk/Walk_Fast/Post_Process/Walk_Fast7.csv,male,1,train
LF003,Session1,overground,walk,fast,Overground_Walk,Walk_Fast,C:/Users/KUBA/GitProjects/WKIRO-Project/data/LF003/Session1/Overground_Walk/Walk_Fast/Post_Process/Walk_Fast8.csv,male,1,train
LF003,Session1,overground,walk,fast,Overground_Walk,Walk_Fast,C:/Users/KUBA/GitProjects/WKIRO-Project/data/LF003/Session1/Overground_Walk/Walk_Fast/Post_Process/Walk_Fast9.csv,male,1,test
LF003,Session1,overground,walk,slow,Overground_Walk,Walk_Slow,C:/Users/KUBA/GitProjects/WKIRO-Project/data/LF003/Session1/Overground_Walk/Walk_Slow/Post_Process/Walk_Slow1.csv,male,1,val
LF003,Session1,overground,walk,slow,Overground_Walk,Walk_Slow,C:/Users/KUBA/GitProjects/WKIRO-Project/data/LF003/Session1/Overground_Walk/Walk_Slow/Post_Process/Walk_Slow2.csv,male,1,train
LF003,Session1,overground,walk,slow,Overground_Walk,Walk_Slow,C:/Users/KUBA/GitProjects/WKIRO-Project/data/LF003/Session1/Overground_Walk/Walk_Slow/Post_Process/Walk_Slow3.csv,male,1,val
LF003,Session1,overground,walk,slow,Overground_Walk,Walk_Slow,C:/Users/KUBA/GitProjects/WKIRO-Project/data/LF003/Session1/Overground_Walk/Walk_Slow/Post_Process/Walk_Slow4.csv,male,1,train
LF003,Session1,overground,walk,slow,Overground_Walk,Walk_Slow,C:/Users/KUBA/GitProjects/WKIRO-Project/data/LF003/Session1/Overground_Walk/Walk_Slow/Post_Process/Walk_Slow5.csv,male,1,test
LF003,Session1,overground,walk,slow,Overground_Walk,Walk_Slow,C:/Users/KUBA/GitProjects/WKIRO-Project/data/LF003/Session1/Overground_Walk/Walk_Slow/Post_Process/Walk_Slow6.csv,male,1,train
LF003,Session1,treadmill,run,comfortable,Treadmill_Run,Treadmill_Run_Comfortable,C:/Users/KUBA/GitProjects/WKIRO-Project/data/LF003/Session1/Treadmill_Run/Treadmill_Run_Comfortable/Post_Process/Treadmill_Run_Comfortable.csv,male,1,train
LF003,Session1,treadmill,run,fast,Treadmill_Run,Treadmill_Run_Fast,C:/Users/KUBA/GitProjects/WKIRO-Project/data/LF003/Session1/Treadmill_Run/Treadmill_Run_Fast/Post_Process/Treadmill_Run_Fast.csv,male,1,train
LF003,Session1,treadmill,walk,comfortable,Treadmill_Walk,Treadmill_Walk_Comfortable,C:/Users/KUBA/GitProjects/WKIRO-Project/data/LF003/Session1/Treadmill_Walk/Treadmill_Walk_Comfortable/Post_Process/Treadmill_Walk_Comfortable.csv,male,1,test
LF003,Session1,treadmill,walk,fast,Treadmill_Walk,Treadmill_Walk_Fast,C:/Users/KUBA/GitProjects/WKIRO-Project/data/LF003/Session1/Treadmill_Walk/Treadmill_Walk_Fast/Post_Process/Treadmill_Walk_Fast.csv,male,1,test
LF003,Session1,treadmill,walk,slow,Treadmill_Walk,Treadmill_Walk_Slow,C:/Users/KUBA/GitProjects/WKIRO-Project/data/LF003/Session1/Treadmill_Walk/Treadmill_Walk_Slow/Post_Process/Treadmill_Walk_Slow.csv,male,1,train
LF003,Session2,overground,run,comfortable,Overground_Run,Run_Comfortable,C:/Users/KUBA/GitProjects/WKIRO-Project/data/LF003/Session2/Overground_Run/Run_Comfortable/Post_Process/Run_Comfortable1.csv,male,1,val
LF003,Session2,overground,run,comfortable,Overground_Run,Run_Comfortable,C:/Users/KUBA/GitProjects/WKIRO-Project/data/LF003/Session2/Overground_Run/Run_Comfortable/Post_Process/Run_Comfortable10.csv,male,1,train
LF003,Session2,overground,run,comfortable,Overground_Run,Run_Comfortable,C:/Users/KUBA/GitProjects/WKIRO-Project/data/LF003/Session2/Overground_Run/Run_Comfortable/Post_Process/Run_Comfortable11.csv,male,1,val
LF003,Session2,overground,run,comfortable,Overground_Run,Run_Comfortable,C:/Users/KUBA/GitProjects/WKIRO-Project/data/LF003/Session2/Overground_Run/Run_Comfortable/Post_Process/Run_Comfortable12.csv,male,1,val
LF003,Session2,overground,run,comfortable,Overground_Run,Run_Comfortable,C:/Users/KUBA/GitProjects/WKIRO-Project/data/LF003/Session2/Overground_Run/Run_Comfortable/Post_Process/Run_Comfortable2.csv,male,1,train
LF003,Session2,overground,run,comfortable,Overground_Run,Run_Comfortable,C:/Users/KUBA/GitProjects/WKIRO-Project/data/LF003/Session2/Overground_Run/Run_Comfortable/Post_Process/Run_Comfortable3.csv,male,1,train
LF003,Session2,overground,run,comfortable,Overground_Run,Run_Comfortable,C:/Users/KUBA/GitProjects/WKIRO-Project/data/LF003/Session2/Overground_Run/Run_Comfortable/Post_Process/Run_Comfortable4.csv,male,1,train
LF003,Session2,overground,run,comfortable,Overground_Run,Run_Comfortable,C:/Users/KUBA/GitProjects/WKIRO-Project/data/LF003/Session2/Overground_Run/Run_Comfortable/Post_Process/Run_Comfortable5.csv,male,1,train
LF003,Session2,overground,run,comfortable,Overground_Run,Run_Comfortable,C:/Users/KUBA/GitProjects/WKIRO-Project/data/LF003/Session2/Overground_Run/Run_Comfortable/Post_Process/Run_Comfortable6.csv,male,1,test
LF003,Session2,overground,run,comfortable,Overground_Run,Run_Comfortable,C:/Users/KUBA/GitProjects/WKIRO-Project/data/LF003/Session2/Overground_Run/Run_Comfortable/Post_Process/Run_Comfortable7.csv,male,1,train
LF003,Session2,overground,run,comfortable,Overground_Run,Run_Comfortable,C:/Users/KUBA/GitProjects/WKIRO-Project/data/LF003/Session2/Overground_Run/Run_Comfortable/Post_Process/Run_Comfortable8.csv,male,1,train
LF003,Session2,overground,run,comfortable,Overground_Run,Run_Comfortable,C:/Users/KUBA/GitProjects/WKIRO-Project/data/LF003/Session2/Overground_Run/Run_Comfortable/Post_Process/Run_Comfortable9.csv,male,1,train
LF003,Session2,overground,run,fast,Overground_Run,Run_Fast,C:/Users/KUBA/GitProjects/WKIRO-Project/data/LF003/Session2/Overground_Run/Run_Fast/Post_Process/Run_Fast1.csv,male,1,train
LF003,Session2,overground,run,fast,Overground_Run,Run_Fast,C:/Users/KUBA/GitProjects/WKIRO-Project/data/LF003/Session2/Overground_Run/Run_Fast/Post_Process/Run_Fast10.csv,male,1,train
LF003,Session2,overground,run,fast,Overground_Run,Run_Fast,C:/Users/KUBA/GitProjects/WKIRO-Project/data/LF003/Session2/Overground_Run/Run_Fast/Post_Process/Run_Fast11.csv,male,1,test
LF003,Session2,overground,run,fast,Overground_Run,Run_Fast,C:/Users/KUBA/GitProjects/WKIRO-Project/data/LF003/Session2/Overground_Run/Run_Fast/Post_Process/Run_Fast12.csv,male,1,train
LF003,Session2,overground,run,fast,Overground_Run,Run_Fast,C:/Users/KUBA/GitProjects/WKIRO-Project/data/LF003/Session2/Overground_Run/Run_Fast/Post_Process/Run_Fast13.csv,male,1,train
LF003,Session2,overground,run,fast,Overground_Run,Run_Fast,C:/Users/KUBA/GitProjects/WKIRO-Project/data/LF003/Session2/Overground_Run/Run_Fast/Post_Process/Run_Fast14.csv,male,1,train
LF003,Session2,overground,run,fast,Overground_Run,Run_Fast,C:/Users/KUBA/GitProjects/WKIRO-Project/data/LF003/Session2/Overground_Run/Run_Fast/Post_Process/Run_Fast2.csv,male,1,train
LF003,Session2,overground,run,fast,Overground_Run,Run_Fast,C:/Users/KUBA/GitProjects/WKIRO-Project/data/LF003/Session2/Overground_Run/Run_Fast/Post_Process/Run_Fast3.csv,male,1,train
LF003,Session2,overground,run,fast,Overground_Run,Run_Fast,C:/Users/KUBA/GitProjects/WKIRO-Project/data/LF003/Session2/Overground_Run/Run_Fast/Post_Process/Run_Fast4.csv,male,1,train
LF003,Session2,overground,run,fast,Overground_Run,Run_Fast,C:/Users/KUBA/GitProjects/WKIRO-Project/data/LF003/Session2/Overground_Run/Run_Fast/Post_Process/Run_Fast5.csv,male,1,train
LF003,Session2,overground,run,fast,Overground_Run,Run_Fast,C:/Users/KUBA/GitProjects/WKIRO-Project/data/LF003/Session2/Overground_Run/Run_Fast/Post_Process/Run_Fast6.csv,male,1,val
LF003,Session2,overground,run,fast,Overground_Run,Run_Fast,C:/Users/KUBA/GitProjects/WKIRO-Project/data/LF003/Session2/Overground_Run/Run_Fast/Post_Process/Run_Fast7.csv,male,1,test
LF003,Session2,overground,run,fast,Overground_Run,Run_Fast,C:/Users/KUBA/GitProjects/WKIRO-Project/data/LF003/Session2/Overground_Run/Run_Fast/Post_Process/Run_Fast8.csv,male,1,train
LF003,Session2,overground,run,fast,Overground_Run,Run_Fast,C:/Users/KUBA/GitProjects/WKIRO-Project/data/LF003/Session2/Overground_Run/Run_Fast/Post_Process/Run_Fast9.csv,male,1,train
LF003,Session2,overground,walk,comfortable,Overground_Walk,Walk_Comfortable,C:/Users/KUBA/GitProjects/WKIRO-Project/data/LF003/Session2/Overground_Walk/Walk_Comfortable/Post_Process/Walk_Comfortable1.csv,male,1,train
LF003,Session2,overground,walk,comfortable,Overground_Walk,Walk_Comfortable,C:/Users/KUBA/GitProjects/WKIRO-Project/data/LF003/Session2/Overground_Walk/Walk_Comfortable/Post_Process/Walk_Comfortable10.csv,male,1,val
LF003,Session2,overground,walk,comfortable,Overground_Walk,Walk_Comfortable,C:/Users/KUBA/GitProjects/WKIRO-Project/data/LF003/Session2/Overground_Walk/Walk_Comfortable/Post_Process/Walk_Comfortable2.csv,male,1,train
LF003,Session2,overground,walk,comfortable,Overground_Walk,Walk_Comfortable,C:/Users/KUBA/GitProjects/WKIRO-Project/data/LF003/Session2/Overground_Walk/Walk_Comfortable/Post_Process/Walk_Comfortable3.csv,male,1,train
LF003,Session2,overground,walk,comfortable,Overground_Walk,Walk_Comfortable,C:/Users/KUBA/GitProjects/WKIRO-Project/data/LF003/Session2/Overground_Walk/Walk_Comfortable/Post_Process/Walk_Comfortable4.csv,male,1,train
LF003,Session2,overground,walk,comfortable,Overground_Walk,Walk_Comfortable,C:/Users/KUBA/GitProjects/WKIRO-Project/data/LF003/Session2/Overground_Walk/Walk_Comfortable/Post_Process/Walk_Comfortable5.csv,male,1,train
LF003,Session2,overground,walk,comfortable,Overground_Walk,Walk_Comfortable,C:/Users/KUBA/GitProjects/WKIRO-Project/data/LF003/Session2/Overground_Walk/Walk_Comfortable/Post_Process/Walk_Comfortable6.csv,male,1,train
LF003,Session2,overground,walk,comfortable,Overground_Walk,Walk_Comfortable,C:/Users/KUBA/GitProjects/WKIRO-Project/data/LF003/Session2/Overground_Walk/Walk_Comfortable/Post_Process/Walk_Comfortable7.csv,male,1,train
LF003,Session2,overground,walk,comfortable,Overground_Walk,Walk_Comfortable,C:/Users/KUBA/GitProjects/WKIRO-Project/data/LF003/Session2/Overground_Walk/Walk_Comfortable/Post_Process/Walk_Comfortable8.csv,male,1,train
LF003,Session2,overground,walk,comfortable,Overground_Walk,Walk_Comfortable,C:/Users/KUBA/GitProjects/WKIRO-Project/data/LF003/Session2/Overground_Walk/Walk_Comfortable/Post_Process/Walk_Comfortable9.csv,male,1,val
LF003,Session2,overground,walk,fast,Overground_Walk,Walk_Fast,C:/Users/KUBA/GitProjects/WKIRO-Project/data/LF003/Session2/Overground_Walk/Walk_Fast/Post_Process/Walk_Fast1.csv,male,1,train
LF003,Session2,overground,walk,fast,Overground_Walk,Walk_Fast,C:/Users/KUBA/GitProjects/WKIRO-Project/data/LF003/Session2/Overground_Walk/Walk_Fast/Post_Process/Walk_Fast10.csv,male,1,test
LF003,Session2,overground,walk,fast,Overground_Walk,Walk_Fast,C:/Users/KUBA/GitProjects/WKIRO-Project/data/LF003/Session2/Overground_Walk/Walk_Fast/Post_Process/Walk_Fast11.csv,male,1,train
LF003,Session2,overground,walk,fast,Overground_Walk,Walk_Fast,C:/Users/KUBA/GitProjects/WKIRO-Project/data/LF003/Session2/Overground_Walk/Walk_Fast/Post_Process/Walk_Fast12.csv,male,1,val
LF003,Session2,overground,walk,fast,Overground_Walk,Walk_Fast,C:/Users/KUBA/GitProjects/WKIRO-Project/data/LF003/Session2/Overground_Walk/Walk_Fast/Post_Process/Walk_Fast2.csv,male,1,train
LF003,Session2,overground,walk,fast,Overground_Walk,Walk_Fast,C:/Users/KUBA/GitProjects/WKIRO-Project/data/LF003/Session2/Overground_Walk/Walk_Fast/Post_Process/Walk_Fast3.csv,male,1,train
LF003,Session2,overground,walk,fast,Overground_Walk,Walk_Fast,C:/Users/KUBA/GitProjects/WKIRO-Project/data/LF003/Session2/Overground_Walk/Walk_Fast/Post_Process/Walk_Fast4.csv,male,1,train
LF003,Session2,overground,walk,fast,Overground_Walk,Walk_Fast,C:/Users/KUBA/GitProjects/WKIRO-Project/data/LF003/Session2/Overground_Walk/Walk_Fast/Post_Process/Walk_Fast5.csv,male,1,train
LF003,Session2,overground,walk,fast,Overground_Walk,Walk_Fast,C:/Users/KUBA/GitProjects/WKIRO-Project/data/LF003/Session2/Overground_Walk/Walk_Fast/Post_Process/Walk_Fast6.csv,male,1,train
LF003,Session2,overground,walk,fast,Overground_Walk,Walk_Fast,C:/Users/KUBA/GitProjects/WKIRO-Project/data/LF003/Session2/Overground_Walk/Walk_Fast/Post_Process/Walk_Fast7.csv,male,1,train
LF003,Session2,overground,walk,fast,Overground_Walk,Walk_Fast,C:/Users/KUBA/GitProjects/WKIRO-Project/data/LF003/Session2/Overground_Walk/Walk_Fast/Post_Process/Walk_Fast8.csv,male,1,train
LF003,Session2,overground,walk,fast,Overground_Walk,Walk_Fast,C:/Users/KUBA/GitProjects/WKIRO-Project/data/LF003/Session2/Overground_Walk/Walk_Fast/Post_Process/Walk_Fast9.csv,male,1,val
LF003,Session2,overground,walk,slow,Overground_Walk,Walk_Slow,C:/Users/KUBA/GitProjects/WKIRO-Project/data/LF003/Session2/Overground_Walk/Walk_Slow/Post_Process/Walk_Slow1.csv,male,1,train
LF003,Session2,overground,walk,slow,Overground_Walk,Walk_Slow,C:/Users/KUBA/GitProjects/WKIRO-Project/data/LF003/Session2/Overground_Walk/Walk_Slow/Post_Process/Walk_Slow2.csv,male,1,test
LF003,Session2,overground,walk,slow,Overground_Walk,Walk_Slow,C:/Users/KUBA/GitProjects/WKIRO-Project/data/LF003/Session2/Overground_Walk/Walk_Slow/Post_Process/Walk_Slow3.csv,male,1,val
LF003,Session2,overground,walk,slow,Overground_Walk,Walk_Slow,C:/Users/KUBA/GitProjects/WKIRO-Project/data/LF003/Session2/Overground_Walk/Walk_Slow/Post_Process/Walk_Slow4.csv,male,1,train
LF003,Session2,treadmill,run,comfortable,Treadmill_Run,Treadmill_Run_Comfortable,C:/Users/KUBA/GitProjects/WKIRO-Project/data/LF003/Session2/Treadmill_Run/Treadmill_Run_Comfortable/Post_Process/Treadmill_Run_Comfortable.csv,male,1,test
LF003,Session2,treadmill,run,fast,Treadmill_Run,Treadmill_Run_Fast,C:/Users/KUBA/GitProjects/WKIRO-Project/data/LF003/Session2/Treadmill_Run/Treadmill_Run_Fast/Post_Process/Treadmill_Run_Fast.csv,male,1,train
LF003,Session2,treadmill,walk,comfortable,Treadmill_Walk,Treadmill_Walk_Comfortable,C:/Users/KUBA/GitProjects/WKIRO-Project/data/LF003/Session2/Treadmill_Walk/Treadmill_Walk_Comfortable/Post_Process/Treadmill_Walk_Comfortable.csv,male,1,val
LF003,Session2,treadmill,walk,fast,Treadmill_Walk,Treadmill_Walk_Fast,C:/Users/KUBA/GitProjects/WKIRO-Project/data/LF003/Session2/Treadmill_Walk/Treadmill_Walk_Fast/Post_Process/Treadmill_Walk_Fast.csv,male,1,train
LF003,Session2,treadmill,walk,slow,Treadmill_Walk,Treadmill_Walk_Slow,C:/Users/KUBA/GitProjects/WKIRO-Project/data/LF003/Session2/Treadmill_Walk/Treadmill_Walk_Slow/Post_Process/Treadmill_Walk_Slow.csv,male,1,train
LL011,Session1,overground,run,comfortable,Overground_Run,Run_Comfortable,C:/Users/KUBA/GitProjects/WKIRO-Project/data/LL011/Session1/Overground_Run/Run_Comfortable/Post_Process/Run_Comfortable1.csv,male,1,val
LL011,Session1,overground,run,comfortable,Overground_Run,Run_Comfortable,C:/Users/KUBA/GitProjects/WKIRO-Project/data/LL011/Session1/Overground_Run/Run_Comfortable/Post_Process/Run_Comfortable10.csv,male,1,val
LL011,Session1,overground,run,comfortable,Overground_Run,Run_Comfortable,C:/Users/KUBA/GitProjects/WKIRO-Project/data/LL011/Session1/Overground_Run/Run_Comfortable/Post_Process/Run_Comfortable2.csv,male,1,test
LL011,Session1,overground,run,comfortable,Overground_Run,Run_Comfortable,C:/Users/KUBA/GitProjects/WKIRO-Project/data/LL011/Session1/Overground_Run/Run_Comfortable/Post_Process/Run_Comfortable3.csv,male,1,train
LL011,Session1,overground,run,comfortable,Overground_Run,Run_Comfortable,C:/Users/KUBA/GitProjects/WKIRO-Project/data/LL011/Session1/Overground_Run/Run_Comfortable/Post_Process/Run_Comfortable4.csv,male,1,val
LL011,Session1,overground,run,comfortable,Overground_Run,Run_Comfortable,C:/Users/KUBA/GitProjects/WKIRO-Project/data/LL011/Session1/Overground_Run/Run_Comfortable/Post_Process/Run_Comfortable5.csv,male,1,train
LL011,Session1,overground,run,comfortable,Overground_Run,Run_Comfortable,C:/Users/KUBA/GitProjects/WKIRO-Project/data/LL011/Session1/Overground_Run/Run_Comfortable/Post_Process/Run_Comfortable6.csv,male,1,train
LL011,Session1,overground,run,comfortable,Overground_Run,Run_Comfortable,C:/Users/KUBA/GitProjects/WKIRO-Project/data/LL011/Session1/Overground_Run/Run_Comfortable/Post_Process/Run_Comfortable7.csv,male,1,train
LL011,Session1,overground,run,comfortable,Overground_Run,Run_Comfortable,C:/Users/KUBA/GitProjects/WKIRO-Project/data/LL011/Session1/Overground_Run/Run_Comfortable/Post_Process/Run_Comfortable8.csv,male,1,train
LL011,Session1,overground,run,comfortable,Overground_Run,Run_Comfortable,C:/Users/KUBA/GitProjects/WKIRO-Project/data/LL011/Session1/Overground_Run/Run_Comfortable/Post_Process/Run_Comfortable9.csv,male,1,test
LL011,Session1,overground,run,fast,Overground_Run,Run_Fast,C:/Users/KUBA/GitProjects/WKIRO-Project/data/LL011/Session1/Overground_Run/Run_Fast/Post_Process/Run_Fast1.csv,male,1,train
LL011,Session1,overground,run,fast,Overground_Run,Run_Fast,C:/Users/KUBA/GitProjects/WKIRO-Project/data/LL011/Session1/Overground_Run/Run_Fast/Post_Process/Run_Fast2.csv,male,1,train
LL011,Session1,overground,run,fast,Overground_Run,Run_Fast,C:/Users/KUBA/GitProjects/WKIRO-Project/data/LL011/Session1/Overground_Run/Run_Fast/Post_Process/Run_Fast3.csv,male,1,train
LL011,Session1,overground,run,fast,Overground_Run,Run_Fast,C:/Users/KUBA/GitProjects/WKIRO-Project/data/LL011/Session1/Overground_Run/Run_Fast/Post_Process/Run_Fast4.csv,male,1,test
LL011,Session1,overground,run,fast,Overground_Run,Run_Fast,C:/Users/KUBA/GitProjects/WKIRO-Project/data/LL011/Session1/Overground_Run/Run_Fast/Post_Process/Run_Fast5.csv,male,1,test
LL011,Session1,overground,run,fast,Overground_Run,Run_Fast,C:/Users/KUBA/GitProjects/WKIRO-Project/data/LL011/Session1/Overground_Run/Run_Fast/Post_Process/Run_Fast6.csv,male,1,val
LL011,Session1,overground,walk,comfortable,Overground_Walk,Walk_Comfortable,C:/Users/KUBA/GitProjects/WKIRO-Project/data/LL011/Session1/Overground_Walk/Walk_Comfortable/Post_Process/Walk_Comfortable1.csv,male,1,val
LL011,Session1,overground,walk,comfortable,Overground_Walk,Walk_Comfortable,C:/Users/KUBA/GitProjects/WKIRO-Project/data/LL011/Session1/Overground_Walk/Walk_Comfortable/Post_Process/Walk_Comfortable10.csv,male,1,train
LL011,Session1,overground,walk,comfortable,Overground_Walk,Walk_Comfortable,C:/Users/KUBA/GitProjects/WKIRO-Project/data/LL011/Session1/Overground_Walk/Walk_Comfortable/Post_Process/Walk_Comfortable11.csv,male,1,val
LL011,Session1,overground,walk,comfortable,Overground_Walk,Walk_Comfortable,C:/Users/KUBA/GitProjects/WKIRO-Project/data/LL011/Session1/Overground_Walk/Walk_Comfortable/Post_Process/Walk_Comfortable12.csv,male,1,train
LL011,Session1,overground,walk,comfortable,Overground_Walk,Walk_Comfortable,C:/Users/KUBA/GitProjects/WKIRO-Project/data/LL011/Session1/Overground_Walk/Walk_Comfortable/Post_Process/Walk_Comfortable13.csv,male,1,train
LL011,Session1,overground,walk,comfortable,Overground_Walk,Walk_Comfortable,C:/Users/KUBA/GitProjects/WKIRO-Project/data/LL011/Session1/Overground_Walk/Walk_Comfortable/Post_Process/Walk_Comfortable14.csv,male,1,test
LL011,Session1,overground,walk,comfortable,Overground_Walk,Walk_Comfortable,C:/Users/KUBA/GitProjects/WKIRO-Project/data/LL011/Session1/Overground_Walk/Walk_Comfortable/Post_Process/Walk_Comfortable15.csv,male,1,test
LL011,Session1,overground,walk,comfortable,Overground_Walk,Walk_Comfortable,C:/Users/KUBA/GitProjects/WKIRO-Project/data/LL011/Session1/Overground_Walk/Walk_Comfortable/Post_Process/Walk_Comfortable16.csv,male,1,train
LL011,Session1,overground,walk,comfortable,Overground_Walk,Walk_Comfortable,C:/Users/KUBA/GitProjects/WKIRO-Project/data/LL011/Session1/Overground_Walk/Walk_Comfortable/Post_Process/Walk_Comfortable17.csv,male,1,train
LL011,Session1,overground,walk,comfortable,Overground_Walk,Walk_Comfortable,C:/Users/KUBA/GitProjects/WKIRO-Project/data/LL011/Session1/Overground_Walk/Walk_Comfortable/Post_Process/Walk_Comfortable18.csv,male,1,val
LL011,Session1,overground,walk,comfortable,Overground_Walk,Walk_Comfortable,C:/Users/KUBA/GitProjects/WKIRO-Project/data/LL011/Session1/Overground_Walk/Walk_Comfortable/Post_Process/Walk_Comfortable19.csv,male,1,train
LL011,Session1,overground,walk,comfortable,Overground_Walk,Walk_Comfortable,C:/Users/KUBA/GitProjects/WKIRO-Project/data/LL011/Session1/Overground_Walk/Walk_Comfortable/Post_Process/Walk_Comfortable2.csv,male,1,train
LL011,Session1,overground,walk,comfortable,Overground_Walk,Walk_Comfortable,C:/Users/KUBA/GitProjects/WKIRO-Project/data/LL011/Session1/Overground_Walk/Walk_Comfortable/Post_Process/Walk_Comfortable20.csv,male,1,train
LL011,Session1,overground,walk,comfortable,Overground_Walk,Walk_Comfortable,C:/Users/KUBA/GitProjects/WKIRO-Project/data/LL011/Session1/Overground_Walk/Walk_Comfortable/Post_Process/Walk_Comfortable21.csv,male,1,train
LL011,Session1,overground,walk,comfortable,Overground_Walk,Walk_Comfortable,C:/Users/KUBA/GitProjects/WKIRO-Project/data/LL011/Session1/Overground_Walk/Walk_Comfortable/Post_Process/Walk_Comfortable22.csv,male,1,train
LL011,Session1,overground,walk,comfortable,Overground_Walk,Walk_Comfortable,C:/Users/KUBA/GitProjects/WKIRO-Project/data/LL011/Session1/Overground_Walk/Walk_Comfortable/Post_Process/Walk_Comfortable3.csv,male,1,test
LL011,Session1,overground,walk,comfortable,Overground_Walk,Walk_Comfortable,C:/Users/KUBA/GitProjects/WKIRO-Project/data/LL011/Session1/Overground_Walk/Walk_Comfortable/Post_Process/Walk_Comfortable4.csv,male,1,train
LL011,Session1,overground,walk,comfortable,Overground_Walk,Walk_Comfortable,C:/Users/KUBA/GitProjects/WKIRO-Project/data/LL011/Session1/Overground_Walk/Walk_Comfortable/Post_Process/Walk_Comfortable5.csv,male,1,train
LL011,Session1,overground,walk,comfortable,Overground_Walk,Walk_Comfortable,C:/Users/KUBA/GitProjects/WKIRO-Project/data/LL011/Session1/Overground_Walk/Walk_Comfortable/Post_Process/Walk_Comfortable6.csv,male,1,train
LL011,Session1,overground,walk,comfortable,Overground_Walk,Walk_Comfortable,C:/Users/KUBA/GitProjects/WKIRO-Project/data/LL011/Session1/Overground_Walk/Walk_Comfortable/Post_Process/Walk_Comfortable7.csv,male,1,train
LL011,Session1,overground,walk,comfortable,Overground_Walk,Walk_Comfortable,C:/Users/KUBA/GitProjects/WKIRO-Project/data/LL011/Session1/Overground_Walk/Walk_Comfortable/Post_Process/Walk_Comfortable8.csv,male,1,train
LL011,Session1,overground,walk,comfortable,Overground_Walk,Walk_Comfortable,C:/Users/KUBA/GitProjects/WKIRO-Project/data/LL011/Session1/Overground_Walk/Walk_Comfortable/Post_Process/Walk_Comfortable9.csv,male,1,test
LL011,Session1,overground,walk,fast,Overground_Walk,Walk_Fast,C:/Users/KUBA/GitProjects/WKIRO-Project/data/LL011/Session1/Overground_Walk/Walk_Fast/Post_Process/Walk_Fast1.csv,male,1,train
LL011,Session1,overground,walk,fast,Overground_Walk,Walk_Fast,C:/Users/KUBA/GitProjects/WKIRO-Project/data/LL011/Session1/Overground_Walk/Walk_Fast/Post_Process/Walk_Fast10.csv,male,1,train
LL011,Session1,overground,walk,fast,Overground_Walk,Walk_Fast,C:/Users/KUBA/GitProjects/WKIRO-Project/data/LL011/Session1/Overground_Walk/Walk_Fast/Post_Process/Walk_Fast2.csv,male,1,train
LL011,Session1,overground,walk,fast,Overground_Walk,Walk_Fast,C:/Users/KUBA/GitProjects/WKIRO-Project/data/LL011/Session1/Overground_Walk/Walk_Fast/Post_Process/Walk_Fast3.csv,male,1,train
LL011,Session1,overground,walk,fast,Overground_Walk,Walk_Fast,C:/Users/KUBA/GitProjects/WKIRO-Project/data/LL011/Session1/Overground_Walk/Walk_Fast/Post_Process/Walk_Fast4.csv,male,1,train
LL011,Session1,overground,walk,fast,Overground_Walk,Walk_Fast,C:/Users/KUBA/GitProjects/WKIRO-Project/data/LL011/Session1/Overground_Walk/Walk_Fast/Post_Process/Walk_Fast5.csv,male,1,train
LL011,Session1,overground,walk,fast,Overground_Walk,Walk_Fast,C:/Users/KUBA/GitProjects/WKIRO-Project/data/LL011/Session1/Overground_Walk/Walk_Fast/Post_Process/Walk_Fast6.csv,male,1,train
LL011,Session1,overground,walk,fast,Overground_Walk,Walk_Fast,C:/Users/KUBA/GitProjects/WKIRO-Project/data/LL011/Session1/Overground_Walk/Walk_Fast/Post_Process/Walk_Fast7.csv,male,1,train
LL011,Session1,overground,walk,fast,Overground_Walk,Walk_Fast,C:/Users/KUBA/GitProjects/WKIRO-Project/data/LL011/Session1/Overground_Walk/Walk_Fast/Post_Process/Walk_Fast8.csv,male,1,train
LL011,Session1,overground,walk,fast,Overground_Walk,Walk_Fast,C:/Users/KUBA/GitProjects/WKIRO-Project/data/LL011/Session1/Overground_Walk/Walk_Fast/Post_Process/Walk_Fast9.csv,male,1,train
LL011,Session1,overground,walk,slow,Overground_Walk,Walk_Slow,C:/Users/KUBA/GitProjects/WKIRO-Project/data/LL011/Session1/Overground_Walk/Walk_Slow/Post_Process/Walk_Slow1.csv,male,1,train
LL011,Session1,overground,walk,slow,Overground_Walk,Walk_Slow,C:/Users/KUBA/GitProjects/WKIRO-Project/data/LL011/Session1/Overground_Walk/Walk_Slow/Post_Process/Walk_Slow2.csv,male,1,train
LL011,Session1,overground,walk,slow,Overground_Walk,Walk_Slow,C:/Users/KUBA/GitProjects/WKIRO-Project/data/LL011/Session1/Overground_Walk/Walk_Slow/Post_Process/Walk_Slow3.csv,male,1,train
LL011,Session1,overground,walk,slow,Overground_Walk,Walk_Slow,C:/Users/KUBA/GitProjects/WKIRO-Project/data/LL011/Session1/Overground_Walk/Walk_Slow/Post_Process/Walk_Slow4.csv,male,1,val
LL011,Session1,overground,walk,slow,Overground_Walk,Walk_Slow,C:/Users/KUBA/GitProjects/WKIRO-Project/data/LL011/Session1/Overground_Walk/Walk_Slow/Post_Process/Walk_Slow5.csv,male,1,train
LL011,Session1,overground,walk,slow,Overground_Walk,Walk_Slow,C:/Users/KUBA/GitProjects/WKIRO-Project/data/LL011/Session1/Overground_Walk/Walk_Slow/Post_Process/Walk_Slow6.csv,male,1,train
LL011,Session1,overground,walk,slow,Overground_Walk,Walk_Slow,C:/Users/KUBA/GitProjects/WKIRO-Project/data/LL011/Session1/Overground_Walk/Walk_Slow/Post_Process/Walk_Slow7.csv,male,1,test
LL011,Session1,overground,walk,slow,Overground_Walk,Walk_Slow,C:/Users/KUBA/GitProjects/WKIRO-Project/data/LL011/Session1/Overground_Walk/Walk_Slow/Post_Process/Walk_Slow8.csv,male,1,train
LL011,Session1,treadmill,run,comfortable,Treadmill_Run,Treadmill_Run_Comfortable,C:/Users/KUBA/GitProjects/WKIRO-Project/data/LL011/Session1/Treadmill_Run/Treadmill_Run_Comfortable/Post_Process/Treadmill_Run_Comfortable.csv,male,1,val
LL011,Session1,treadmill,run,fast,Treadmill_Run,Treadmill_Run_Fast,C:/Users/KUBA/GitProjects/WKIRO-Project/data/LL011/Session1/Treadmill_Run/Treadmill_Run_Fast/Post_Process/Treadmill_Run_Fast.csv,male,1,train
LL011,Session1,treadmill,walk,comfortable,Treadmill_Walk,Treadmill_Walk_Comfortable,C:/Users/KUBA/GitProjects/WKIRO-Project/data/LL011/Session1/Treadmill_Walk/Treadmill_Walk_Comfortable/Post_Process/Treadmill_Walk_Comfortable.csv,male,1,train
LL011,Session1,treadmill,walk,fast,Treadmill_Walk,Treadmill_Walk_Fast,C:/Users/KUBA/GitProjects/WKIRO-Project/data/LL011/Session1/Treadmill_Walk/Treadmill_Walk_Fast/Post_Process/Treadmill_Walk_Fast.csv,male,1,train
LL011,Session1,treadmill,walk,slow,Treadmill_Walk,Treadmill_Walk_Slow,C:/Users/KUBA/GitProjects/WKIRO-Project/data/LL011/Session1/Treadmill_Walk/Treadmill_Walk_Slow/Post_Process/Treadmill_Walk_Slow.csv,male,1,train
LL011,Session2,overground,run,comfortable,Overground_Run,Run_Comfortable,C:/Users/KUBA/GitProjects/WKIRO-Project/data/LL011/Session2/Overground_Run/Run_Comfortable/Post_Process/Run_Comfortable1.csv,male,1,val
LL011,Session2,overground,run,comfortable,Overground_Run,Run_Comfortable,C:/Users/KUBA/GitProjects/WKIRO-Project/data/LL011/Session2/Overground_Run/Run_Comfortable/Post_Process/Run_Comfortable2.csv,male,1,train
LL011,Session2,overground,run,comfortable,Overground_Run,Run_Comfortable,C:/Users/KUBA/GitProjects/WKIRO-Project/data/LL011/Session2/Overground_Run/Run_Comfortable/Post_Process/Run_Comfortable3.csv,male,1,test
LL011,Session2,overground,run,comfortable,Overground_Run,Run_Comfortable,C:/Users/KUBA/GitProjects/WKIRO-Project/data/LL011/Session2/Overground_Run/Run_Comfortable/Post_Process/Run_Comfortable4.csv,male,1,train
LL011,Session2,overground,run,comfortable,Overground_Run,Run_Comfortable,C:/Users/KUBA/GitProjects/WKIRO-Project/data/LL011/Session2/Overground_Run/Run_Comfortable/Post_Process/Run_Comfortable5.csv,male,1,train
LL011,Session2,overground,run,comfortable,Overground_Run,Run_Comfortable,C:/Users/KUBA/GitProjects/WKIRO-Project/data/LL011/Session2/Overground_Run/Run_Comfortable/Post_Process/Run_Comfortable6.csv,male,1,train
LL011,Session2,overground,run,fast,Overground_Run,Run_Fast,C:/Users/KUBA/GitProjects/WKIRO-Project/data/LL011/Session2/Overground_Run/Run_Fast/Post_Process/Run_Fast1.csv,male,1,val
LL011,Session2,overground,run,fast,Overground_Run,Run_Fast,C:/Users/KUBA/GitProjects/WKIRO-Project/data/LL011/Session2/Overground_Run/Run_Fast/Post_Process/Run_Fast10.csv,male,1,val
LL011,Session2,overground,run,fast,Overground_Run,Run_Fast,C:/Users/KUBA/GitProjects/WKIRO-Project/data/LL011/Session2/Overground_Run/Run_Fast/Post_Process/Run_Fast2.csv,male,1,test
LL011,Session2,overground,run,fast,Overground_Run,Run_Fast,C:/Users/KUBA/GitProjects/WKIRO-Project/data/LL011/Session2/Overground_Run/Run_Fast/Post_Process/Run_Fast3.csv,male,1,train
LL011,Session2,overground,run,fast,Overground_Run,Run_Fast,C:/Users/KUBA/GitProjects/WKIRO-Project/data/LL011/Session2/Overground_Run/Run_Fast/Post_Process/Run_Fast4.csv,male,1,train
LL011,Session2,overground,run,fast,Overground_Run,Run_Fast,C:/Users/KUBA/GitProjects/WKIRO-Project/data/LL011/Session2/Overground_Run/Run_Fast/Post_Process/Run_Fast5.csv,male,1,train
LL011,Session2,overground,run,fast,Overground_Run,Run_Fast,C:/Users/KUBA/GitProjects/WKIRO-Project/data/LL011/Session2/Overground_Run/Run_Fast/Post_Process/Run_Fast6.csv,male,1,train
LL011,Session2,overground,run,fast,Overground_Run,Run_Fast,C:/Users/KUBA/GitProjects/WKIRO-Project/data/LL011/Session2/Overground_Run/Run_Fast/Post_Process/Run_Fast7.csv,male,1,val
LL011,Session2,overground,run,fast,Overground_Run,Run_Fast,C:/Users/KUBA/GitProjects/WKIRO-Project/data/LL011/Session2/Overground_Run/Run_Fast/Post_Process/Run_Fast8.csv,male,1,train
LL011,Session2,overground,run,fast,Overground_Run,Run_Fast,C:/Users/KUBA/GitProjects/WKIRO-Project/data/LL011/Session2/Overground_Run/Run_Fast/Post_Process/Run_Fast9.csv,male,1,train
LL011,Session2,overground,walk,comfortable,Overground_Walk,Walk_Comfortable,C:/Users/KUBA/GitProjects/WKIRO-Project/data/LL011/Session2/Overground_Walk/Walk_Comfortable/Post_Process/Walk_Comfortable1.csv,male,1,train
LL011,Session2,overground,walk,comfortable,Overground_Walk,Walk_Comfortable,C:/Users/KUBA/GitProjects/WKIRO-Project/data/LL011/Session2/Overground_Walk/Walk_Comfortable/Post_Process/Walk_Comfortable2.csv,male,1,val
LL011,Session2,overground,walk,comfortable,Overground_Walk,Walk_Comfortable,C:/Users/KUBA/GitProjects/WKIRO-Project/data/LL011/Session2/Overground_Walk/Walk_Comfortable/Post_Process/Walk_Comfortable3.csv,male,1,val
LL011,Session2,overground,walk,comfortable,Overground_Walk,Walk_Comfortable,C:/Users/KUBA/GitProjects/WKIRO-Project/data/LL011/Session2/Overground_Walk/Walk_Comfortable/Post_Process/Walk_Comfortable4.csv,male,1,train
LL011,Session2,overground,walk,comfortable,Overground_Walk,Walk_Comfortable,C:/Users/KUBA/GitProjects/WKIRO-Project/data/LL011/Session2/Overground_Walk/Walk_Comfortable/Post_Process/Walk_Comfortable5.csv,male,1,test
LL011,Session2,overground,walk,comfortable,Overground_Walk,Walk_Comfortable,C:/Users/KUBA/GitProjects/WKIRO-Project/data/LL011/Session2/Overground_Walk/Walk_Comfortable/Post_Process/Walk_Comfortable6.csv,male,1,train
LL011,Session2,overground,walk,comfortable,Overground_Walk,Walk_Comfortable,C:/Users/KUBA/GitProjects/WKIRO-Project/data/LL011/Session2/Overground_Walk/Walk_Comfortable/Post_Process/Walk_Comfortable7.csv,male,1,test
LL011,Session2,overground,walk,comfortable,Overground_Walk,Walk_Comfortable,C:/Users/KUBA/GitProjects/WKIRO-Project/data/LL011/Session2/Overground_Walk/Walk_Comfortable/Post_Process/Walk_Comfortable8.csv,male,1,test
LL011,Session2,overground,walk,fast,Overground_Walk,Walk_Fast,C:/Users/KUBA/GitProjects/WKIRO-Project/data/LL011/Session2/Overground_Walk/Walk_Fast/Post_Process/Walk_Fast1.csv,male,1,train
LL011,Session2,overground,walk,fast,Overground_Walk,Walk_Fast,C:/Users/KUBA/GitProjects/WKIRO-Project/data/LL011/Session2/Overground_Walk/Walk_Fast/Post_Process/Walk_Fast2.csv,male,1,train
LL011,Session2,overground,walk,fast,Overground_Walk,Walk_Fast,C:/Users/KUBA/GitProjects/WKIRO-Project/data/LL011/Session2/Overground_Walk/Walk_Fast/Post_Process/Walk_Fast3.csv,male,1,train
LL011,Session2,overground,walk,fast,Overground_Walk,Walk_Fast,C:/Users/KUBA/GitProjects/WKIRO-Project/data/LL011/Session2/Overground_Walk/Walk_Fast/Post_Process/Walk_Fast4.csv,male,1,val
LL011,Session2,overground,walk,fast,Overground_Walk,Walk_Fast,C:/Users/KUBA/GitProjects/WKIRO-Project/data/LL011/Session2/Overground_Walk/Walk_Fast/Post_Process/Walk_Fast5.csv,male,1,test
LL011,Session2,overground,walk,fast,Overground_Walk,Walk_Fast,C:/Users/KUBA/GitProjects/WKIRO-Project/data/LL011/Session2/Overground_Walk/Walk_Fast/Post_Process/Walk_Fast6.csv,male,1,train
LL011,Session2,overground,walk,fast,Overground_Walk,Walk_Fast,C:/Users/KUBA/GitProjects/WKIRO-Project/data/LL011/Session2/Overground_Walk/Walk_Fast/Post_Process/Walk_Fast7.csv,male,1,train
LL011,Session2,overground,walk,fast,Overground_Walk,Walk_Fast,C:/Users/KUBA/GitProjects/WKIRO-Project/data/LL011/Session2/Overground_Walk/Walk_Fast/Post_Process/Walk_Fast8.csv,male,1,train
LL011,Session2,overground,walk,slow,Overground_Walk,Walk_Slow,C:/Users/KUBA/GitProjects/WKIRO-Project/data/LL011/Session2/Overground_Walk/Walk_Slow/Post_Process/Walk_Slow1.csv,male,1,train
LL011,Session2,overground,walk,slow,Overground_Walk,Walk_Slow,C:/Users/KUBA/GitProjects/WKIRO-Project/data/LL011/Session2/Overground_Walk/Walk_Slow/Post_Process/Walk_Slow2.csv,male,1,train
LL011,Session2,overground,walk,slow,Overground_Walk,Walk_Slow,C:/Users/KUBA/GitProjects/WKIRO-Project/data/LL011/Session2/Overground_Walk/Walk_Slow/Post_Process/Walk_Slow3.csv,male,1,train
LL011,Session2,overground,walk,slow,Overground_Walk,Walk_Slow,C:/Users/KUBA/GitProjects/WKIRO-Project/data/LL011/Session2/Overground_Walk/Walk_Slow/Post_Process/Walk_Slow4.csv,male,1,train
LL011,Session2,overground,walk,slow,Overground_Walk,Walk_Slow,C:/Users/KUBA/GitProjects/WKIRO-Project/data/LL011/Session2/Overground_Walk/Walk_Slow/Post_Process/Walk_Slow5.csv,male,1,train
LL011,Session2,overground,walk,slow,Overground_Walk,Walk_Slow,C:/Users/KUBA/GitProjects/WKIRO-Project/data/LL011/Session2/Overground_Walk/Walk_Slow/Post_Process/Walk_Slow6.csv,male,1,train
LL011,Session2,treadmill,run,comfortable,Treadmill_Run,Treadmill_Run_Comfortable,C:/Users/KUBA/GitProjects/WKIRO-Project/data/LL011/Session2/Treadmill_Run/Treadmill_Run_Comfortable/Post_Process/Treadmill_Run_Comfortable.csv,male,1,train
LL011,Session2,treadmill,run,fast,Treadmill_Run,Treadmill_Run_Fast,C:/Users/KUBA/GitProjects/WKIRO-Project/data/LL011/Session2/Treadmill_Run/Treadmill_Run_Fast/Post_Process/Treadmill_Run_Fast.csv,male,1,train
LL011,Session2,treadmill,walk,comfortable,Treadmill_Walk,Treadmill_Walk_Comfortable,C:/Users/KUBA/GitProjects/WKIRO-Project/data/LL011/Session2/Treadmill_Walk/Treadmill_Walk_Comfortable/Post_Process/Treadmill_Walk_Comfortable.csv,male,1,train
LL011,Session2,treadmill,walk,fast,Treadmill_Walk,Treadmill_Walk_Fast,C:/Users/KUBA/GitProjects/WKIRO-Project/data/LL011/Session2/Treadmill_Walk/Treadmill_Walk_Fast/Post_Process/Treadmill_Walk_Fast.csv,male,1,train
LL011,Session2,treadmill,walk,slow,Treadmill_Walk,Treadmill_Walk_Slow,C:/Users/KUBA/GitProjects/WKIRO-Project/data/LL011/Session2/Treadmill_Walk/Treadmill_Walk_Slow/Post_Process/Treadmill_Walk_Slow.csv,male,1,train
LM012,Session1,overground,run,comfortable,Overground_Run,Run_Comfortable,C:/Users/KUBA/GitProjects/WKIRO-Project/data/LM012/Session1/Overground_Run/Run_Comfortable/Post_Process/Run_Comfortable1.csv,male,1,test
LM012,Session1,overground,run,comfortable,Overground_Run,Run_Comfortable,C:/Users/KUBA/GitProjects/WKIRO-Project/data/LM012/Session1/Overground_Run/Run_Comfortable/Post_Process/Run_Comfortable10.csv,male,1,train
LM012,Session1,overground,run,comfortable,Overground_Run,Run_Comfortable,C:/Users/KUBA/GitProjects/WKIRO-Project/data/LM012/Session1/Overground_Run/Run_Comfortable/Post_Process/Run_Comfortable2.csv,male,1,train
LM012,Session1,overground,run,comfortable,Overground_Run,Run_Comfortable,C:/Users/KUBA/GitProjects/WKIRO-Project/data/LM012/Session1/Overground_Run/Run_Comfortable/Post_Process/Run_Comfortable3.csv,male,1,val
LM012,Session1,overground,run,comfortable,Overground_Run,Run_Comfortable,C:/Users/KUBA/GitProjects/WKIRO-Project/data/LM012/Session1/Overground_Run/Run_Comfortable/Post_Process/Run_Comfortable4.csv,male,1,train
LM012,Session1,overground,run,comfortable,Overground_Run,Run_Comfortable,C:/Users/KUBA/GitProjects/WKIRO-Project/data/LM012/Session1/Overground_Run/Run_Comfortable/Post_Process/Run_Comfortable5.csv,male,1,val
LM012,Session1,overground,run,comfortable,Overground_Run,Run_Comfortable,C:/Users/KUBA/GitProjects/WKIRO-Project/data/LM012/Session1/Overground_Run/Run_Comfortable/Post_Process/Run_Comfortable6.csv,male,1,train
LM012,Session1,overground,run,comfortable,Overground_Run,Run_Comfortable,C:/Users/KUBA/GitProjects/WKIRO-Project/data/LM012/Session1/Overground_Run/Run_Comfortable/Post_Process/Run_Comfortable7.csv,male,1,train
LM012,Session1,overground,run,comfortable,Overground_Run,Run_Comfortable,C:/Users/KUBA/GitProjects/WKIRO-Project/data/LM012/Session1/Overground_Run/Run_Comfortable/Post_Process/Run_Comfortable8.csv,male,1,train
LM012,Session1,overground,run,comfortable,Overground_Run,Run_Comfortable,C:/Users/KUBA/GitProjects/WKIRO-Project/data/LM012/Session1/Overground_Run/Run_Comfortable/Post_Process/Run_Comfortable9.csv,male,1,val
LM012,Session1,overground,run,fast,Overground_Run,Run_Fast,C:/Users/KUBA/GitProjects/WKIRO-Project/data/LM012/Session1/Overground_Run/Run_Fast/Post_Process/Run_Fast1.csv,male,1,train
LM012,Session1,overground,run,fast,Overground_Run,Run_Fast,C:/Users/KUBA/GitProjects/WKIRO-Project/data/LM012/Session1/Overground_Run/Run_Fast/Post_Process/Run_Fast10.csv,male,1,train
LM012,Session1,overground,run,fast,Overground_Run,Run_Fast,C:/Users/KUBA/GitProjects/WKIRO-Project/data/LM012/Session1/Overground_Run/Run_Fast/Post_Process/Run_Fast2.csv,male,1,train
LM012,Session1,overground,run,fast,Overground_Run,Run_Fast,C:/Users/KUBA/GitProjects/WKIRO-Project/data/LM012/Session1/Overground_Run/Run_Fast/Post_Process/Run_Fast3.csv,male,1,train
LM012,Session1,overground,run,fast,Overground_Run,Run_Fast,C:/Users/KUBA/GitProjects/WKIRO-Project/data/LM012/Session1/Overground_Run/Run_Fast/Post_Process/Run_Fast4.csv,male,1,train
LM012,Session1,overground,run,fast,Overground_Run,Run_Fast,C:/Users/KUBA/GitProjects/WKIRO-Project/data/LM012/Session1/Overground_Run/Run_Fast/Post_Process/Run_Fast5.csv,male,1,train
LM012,Session1,overground,run,fast,Overground_Run,Run_Fast,C:/Users/KUBA/GitProjects/WKIRO-Project/data/LM012/Session1/Overground_Run/Run_Fast/Post_Process/Run_Fast6.csv,male,1,train
LM012,Session1,overground,run,fast,Overground_Run,Run_Fast,C:/Users/KUBA/GitProjects/WKIRO-Project/data/LM012/Session1/Overground_Run/Run_Fast/Post_Process/Run_Fast7.csv,male,1,train
LM012,Session1,overground,run,fast,Overground_Run,Run_Fast,C:/Users/KUBA/GitProjects/WKIRO-Project/data/LM012/Session1/Overground_Run/Run_Fast/Post_Process/Run_Fast8.csv,male,1,train
LM012,Session1,overground,run,fast,Overground_Run,Run_Fast,C:/Users/KUBA/GitProjects/WKIRO-Project/data/LM012/Session1/Overground_Run/Run_Fast/Post_Process/Run_Fast9.csv,male,1,val
LM012,Session1,overground,walk,comfortable,Overground_Walk,Walk_Comfortable,C:/Users/KUBA/GitProjects/WKIRO-Project/data/LM012/Session1/Overground_Walk/Walk_Comfortable/Post_Process/Walk_Comfortable1.csv,male,1,train
LM012,Session1,overground,walk,comfortable,Overground_Walk,Walk_Comfortable,C:/Users/KUBA/GitProjects/WKIRO-Project/data/LM012/Session1/Overground_Walk/Walk_Comfortable/Post_Process/Walk_Comfortable2.csv,male,1,train
LM012,Session1,overground,walk,comfortable,Overground_Walk,Walk_Comfortable,C:/Users/KUBA/GitProjects/WKIRO-Project/data/LM012/Session1/Overground_Walk/Walk_Comfortable/Post_Process/Walk_Comfortable3.csv,male,1,train
LM012,Session1,overground,walk,comfortable,Overground_Walk,Walk_Comfortable,C:/Users/KUBA/GitProjects/WKIRO-Project/data/LM012/Session1/Overground_Walk/Walk_Comfortable/Post_Process/Walk_Comfortable4.csv,male,1,test
LM012,Session1,overground,walk,comfortable,Overground_Walk,Walk_Comfortable,C:/Users/KUBA/GitProjects/WKIRO-Project/data/LM012/Session1/Overground_Walk/Walk_Comfortable/Post_Process/Walk_Comfortable5.csv,male,1,train
LM012,Session1,overground,walk,comfortable,Overground_Walk,Walk_Comfortable,C:/Users/KUBA/GitProjects/WKIRO-Project/data/LM012/Session1/Overground_Walk/Walk_Comfortable/Post_Process/Walk_Comfortable6.csv,male,1,train
LM012,Session1,overground,walk,fast,Overground_Walk,Walk_Fast,C:/Users/KUBA/GitProjects/WKIRO-Project/data/LM012/Session1/Overground_Walk/Walk_Fast/Post_Process/Walk_Fast1.csv,male,1,test
LM012,Session1,overground,walk,fast,Overground_Walk,Walk_Fast,C:/Users/KUBA/GitProjects/WKIRO-Project/data/LM012/Session1/Overground_Walk/Walk_Fast/Post_Process/Walk_Fast2.csv,male,1,test
LM012,Session1,overground,walk,fast,Overground_Walk,Walk_Fast,C:/Users/KUBA/GitProjects/WKIRO-Project/data/LM012/Session1/Overground_Walk/Walk_Fast/Post_Process/Walk_Fast3.csv,male,1,train
LM012,Session1,overground,walk,fast,Overground_Walk,Walk_Fast,C:/Users/KUBA/GitProjects/WKIRO-Project/data/LM012/Session1/Overground_Walk/Walk_Fast/Post_Process/Walk_Fast4.csv,male,1,train
LM012,Session1,overground,walk,fast,Overground_Walk,Walk_Fast,C:/Users/KUBA/GitProjects/WKIRO-Project/data/LM012/Session1/Overground_Walk/Walk_Fast/Post_Process/Walk_Fast5.csv,male,1,train
LM012,Session1,overground,walk,fast,Overground_Walk,Walk_Fast,C:/Users/KUBA/GitProjects/WKIRO-Project/data/LM012/Session1/Overground_Walk/Walk_Fast/Post_Process/Walk_Fast6.csv,male,1,train
LM012,Session1,overground,walk,fast,Overground_Walk,Walk_Fast,C:/Users/KUBA/GitProjects/WKIRO-Project/data/LM012/Session1/Overground_Walk/Walk_Fast/Post_Process/Walk_Fast7.csv,male,1,test
LM012,Session1,overground,walk,fast,Overground_Walk,Walk_Fast,C:/Users/KUBA/GitProjects/WKIRO-Project/data/LM012/Session1/Overground_Walk/Walk_Fast/Post_Process/Walk_Fast8.csv,male,1,train
LM012,Session1,overground,walk,slow,Overground_Walk,Walk_Slow,C:/Users/KUBA/GitProjects/WKIRO-Project/data/LM012/Session1/Overground_Walk/Walk_Slow/Post_Process/Walk_Slow1.csv,male,1,val
LM012,Session1,overground,walk,slow,Overground_Walk,Walk_Slow,C:/Users/KUBA/GitProjects/WKIRO-Project/data/LM012/Session1/Overground_Walk/Walk_Slow/Post_Process/Walk_Slow2.csv,male,1,train
LM012,Session1,overground,walk,slow,Overground_Walk,Walk_Slow,C:/Users/KUBA/GitProjects/WKIRO-Project/data/LM012/Session1/Overground_Walk/Walk_Slow/Post_Process/Walk_Slow3.csv,male,1,val
LM012,Session1,overground,walk,slow,Overground_Walk,Walk_Slow,C:/Users/KUBA/GitProjects/WKIRO-Project/data/LM012/Session1/Overground_Walk/Walk_Slow/Post_Process/Walk_Slow4.csv,male,1,train
LM012,Session1,overground,walk,slow,Overground_Walk,Walk_Slow,C:/Users/KUBA/GitProjects/WKIRO-Project/data/LM012/Session1/Overground_Walk/Walk_Slow/Post_Process/Walk_Slow5.csv,male,1,train
LM012,Session1,overground,walk,slow,Overground_Walk,Walk_Slow,C:/Users/KUBA/GitProjects/WKIRO-Project/data/LM012/Session1/Overground_Walk/Walk_Slow/Post_Process/Walk_Slow6.csv,male,1,train
LM012,Session1,overground,walk,slow,Overground_Walk,Walk_Slow,C:/Users/KUBA/GitProjects/WKIRO-Project/data/LM012/Session1/Overground_Walk/Walk_Slow/Post_Process/Walk_Slow7.csv,male,1,train
LM012,Session1,overground,walk,slow,Overground_Walk,Walk_Slow,C:/Users/KUBA/GitProjects/WKIRO-Project/data/LM012/Session1/Overground_Walk/Walk_Slow/Post_Process/Walk_Slow8.csv,male,1,val
LM012,Session1,treadmill,run,comfortable,Treadmill_Run,Treadmill_Run_Comfortable,C:/Users/KUBA/GitProjects/WKIRO-Project/data/LM012/Session1/Treadmill_Run/Treadmill_Run_Comfortable/Post_Process/Treadmill_Run_Comfortable.csv,male,1,test
LM012,Session1,treadmill,run,fast,Treadmill_Run,Treadmill_Run_Fast,C:/Users/KUBA/GitProjects/WKIRO-Project/data/LM012/Session1/Treadmill_Run/Treadmill_Run_Fast/Post_Process/Treadmill_Run_Fast.csv,male,1,train
LM012,Session1,treadmill,walk,comfortable,Treadmill_Walk,Treadmill_Walk_Comfortable,C:/Users/KUBA/GitProjects/WKIRO-Project/data/LM012/Session1/Treadmill_Walk/Treadmill_Walk_Comfortable/Post_Process/Treadmill_Walk_Comfortable.csv,male,1,test
LM012,Session1,treadmill,walk,fast,Treadmill_Walk,Treadmill_Walk_Fast,C:/Users/KUBA/GitProjects/WKIRO-Project/data/LM012/Session1/Treadmill_Walk/Treadmill_Walk_Fast/Post_Process/Treadmill_Walk_Fast.csv,male,1,val
LM012,Session1,treadmill,walk,slow,Treadmill_Walk,Treadmill_Walk_Slow,C:/Users/KUBA/GitProjects/WKIRO-Project/data/LM012/Session1/Treadmill_Walk/Treadmill_Walk_Slow/Post_Process/Treadmill_Walk_Slow.csv,male,1,train
LM012,Session2,overground,run,comfortable,Overground_Run,Run_Comfortable,C:/Users/KUBA/GitProjects/WKIRO-Project/data/LM012/Session2/Overground_Run/Run_Comfortable/Post_Process/Run_Comfortable1.csv,male,1,train
LM012,Session2,overground,run,comfortable,Overground_Run,Run_Comfortable,C:/Users/KUBA/GitProjects/WKIRO-Project/data/LM012/Session2/Overground_Run/Run_Comfortable/Post_Process/Run_Comfortable10.csv,male,1,test
LM012,Session2,overground,run,comfortable,Overground_Run,Run_Comfortable,C:/Users/KUBA/GitProjects/WKIRO-Project/data/LM012/Session2/Overground_Run/Run_Comfortable/Post_Process/Run_Comfortable2.csv,male,1,val
LM012,Session2,overground,run,comfortable,Overground_Run,Run_Comfortable,C:/Users/KUBA/GitProjects/WKIRO-Project/data/LM012/Session2/Overground_Run/Run_Comfortable/Post_Process/Run_Comfortable3.csv,male,1,train
LM012,Session2,overground,run,comfortable,Overground_Run,Run_Comfortable,C:/Users/KUBA/GitProjects/WKIRO-Project/data/LM012/Session2/Overground_Run/Run_Comfortable/Post_Process/Run_Comfortable4.csv,male,1,train
LM012,Session2,overground,run,comfortable,Overground_Run,Run_Comfortable,C:/Users/KUBA/GitProjects/WKIRO-Project/data/LM012/Session2/Overground_Run/Run_Comfortable/Post_Process/Run_Comfortable5.csv,male,1,train
LM012,Session2,overground,run,comfortable,Overground_Run,Run_Comfortable,C:/Users/KUBA/GitProjects/WKIRO-Project/data/LM012/Session2/Overground_Run/Run_Comfortable/Post_Process/Run_Comfortable6.csv,male,1,train
LM012,Session2,overground,run,comfortable,Overground_Run,Run_Comfortable,C:/Users/KUBA/GitProjects/WKIRO-Project/data/LM012/Session2/Overground_Run/Run_Comfortable/Post_Process/Run_Comfortable7.csv,male,1,test
LM012,Session2,overground,run,comfortable,Overground_Run,Run_Comfortable,C:/Users/KUBA/GitProjects/WKIRO-Project/data/LM012/Session2/Overground_Run/Run_Comfortable/Post_Process/Run_Comfortable8.csv,male,1,train
LM012,Session2,overground,run,comfortable,Overground_Run,Run_Comfortable,C:/Users/KUBA/GitProjects/WKIRO-Project/data/LM012/Session2/Overground_Run/Run_Comfortable/Post_Process/Run_Comfortable9.csv,male,1,test
LM012,Session2,overground,run,fast,Overground_Run,Run_Fast,C:/Users/KUBA/GitProjects/WKIRO-Project/data/LM012/Session2/Overground_Run/Run_Fast/Post_Process/Run_Fast1.csv,male,1,test
LM012,Session2,overground,run,fast,Overground_Run,Run_Fast,C:/Users/KUBA/GitProjects/WKIRO-Project/data/LM012/Session2/Overground_Run/Run_Fast/Post_Process/Run_Fast10.csv,male,1,val
LM012,Session2,overground,run,fast,Overground_Run,Run_Fast,C:/Users/KUBA/GitProjects/WKIRO-Project/data/LM012/Session2/Overground_Run/Run_Fast/Post_Process/Run_Fast2.csv,male,1,train
LM012,Session2,overground,run,fast,Overground_Run,Run_Fast,C:/Users/KUBA/GitProjects/WKIRO-Project/data/LM012/Session2/Overground_Run/Run_Fast/Post_Process/Run_Fast3.csv,male,1,train
LM012,Session2,overground,run,fast,Overground_Run,Run_Fast,C:/Users/KUBA/GitProjects/WKIRO-Project/data/LM012/Session2/Overground_Run/Run_Fast/Post_Process/Run_Fast4.csv,male,1,train
LM012,Session2,overground,run,fast,Overground_Run,Run_Fast,C:/Users/KUBA/GitProjects/WKIRO-Project/data/LM012/Session2/Overground_Run/Run_Fast/Post_Process/Run_Fast5.csv,male,1,train
LM012,Session2,overground,run,fast,Overground_Run,Run_Fast,C:/Users/KUBA/GitProjects/WKIRO-Project/data/LM012/Session2/Overground_Run/Run_Fast/Post_Process/Run_Fast6.csv,male,1,train
LM012,Session2,overground,run,fast,Overground_Run,Run_Fast,C:/Users/KUBA/GitProjects/WKIRO-Project/data/LM012/Session2/Overground_Run/Run_Fast/Post_Process/Run_Fast7.csv,male,1,val
LM012,Session2,overground,run,fast,Overground_Run,Run_Fast,C:/Users/KUBA/GitProjects/WKIRO-Project/data/LM012/Session2/Overground_Run/Run_Fast/Post_Process/Run_Fast8.csv,male,1,train
LM012,Session2,overground,run,fast,Overground_Run,Run_Fast,C:/Users/KUBA/GitProjects/WKIRO-Project/data/LM012/Session2/Overground_Run/Run_Fast/Post_Process/Run_Fast9.csv,male,1,train
LM012,Session2,overground,walk,comfortable,Overground_Walk,Walk_Comfortable,C:/Users/KUBA/GitProjects/WKIRO-Project/data/LM012/Session2/Overground_Walk/Walk_Comfortable/Post_Process/Walk_Comfortable1.csv,male,1,train
LM012,Session2,overground,walk,comfortable,Overground_Walk,Walk_Comfortable,C:/Users/KUBA/GitProjects/WKIRO-Project/data/LM012/Session2/Overground_Walk/Walk_Comfortable/Post_Process/Walk_Comfortable2.csv,male,1,train
LM012,Session2,overground,walk,comfortable,Overground_Walk,Walk_Comfortable,C:/Users/KUBA/GitProjects/WKIRO-Project/data/LM012/Session2/Overground_Walk/Walk_Comfortable/Post_Process/Walk_Comfortable3.csv,male,1,train
LM012,Session2,overground,walk,comfortable,Overground_Walk,Walk_Comfortable,C:/Users/KUBA/GitProjects/WKIRO-Project/data/LM012/Session2/Overground_Walk/Walk_Comfortable/Post_Process/Walk_Comfortable4.csv,male,1,train
LM012,Session2,overground,walk,comfortable,Overground_Walk,Walk_Comfortable,C:/Users/KUBA/GitProjects/WKIRO-Project/data/LM012/Session2/Overground_Walk/Walk_Comfortable/Post_Process/Walk_Comfortable5.csv,male,1,train
LM012,Session2,overground,walk,comfortable,Overground_Walk,Walk_Comfortable,C:/Users/KUBA/GitProjects/WKIRO-Project/data/LM012/Session2/Overground_Walk/Walk_Comfortable/Post_Process/Walk_Comfortable6.csv,male,1,train
LM012,Session2,overground,walk,comfortable,Overground_Walk,Walk_Comfortable,C:/Users/KUBA/GitProjects/WKIRO-Project/data/LM012/Session2/Overground_Walk/Walk_Comfortable/Post_Process/Walk_Comfortable7.csv,male,1,test
LM012,Session2,overground,walk,comfortable,Overground_Walk,Walk_Comfortable,C:/Users/KUBA/GitProjects/WKIRO-Project/data/LM012/Session2/Overground_Walk/Walk_Comfortable/Post_Process/Walk_Comfortable8.csv,male,1,train
LM012,Session2,overground,walk,fast,Overground_Walk,Walk_Fast,C:/Users/KUBA/GitProjects/WKIRO-Project/data/LM012/Session2/Overground_Walk/Walk_Fast/Post_Process/Walk_Fast1.csv,male,1,train
LM012,Session2,overground,walk,fast,Overground_Walk,Walk_Fast,C:/Users/KUBA/GitProjects/WKIRO-Project/data/LM012/Session2/Overground_Walk/Walk_Fast/Post_Process/Walk_Fast2.csv,male,1,test
LM012,Session2,overground,walk,fast,Overground_Walk,Walk_Fast,C:/Users/KUBA/GitProjects/WKIRO-Project/data/LM012/Session2/Overground_Walk/Walk_Fast/Post_Process/Walk_Fast3.csv,male,1,train
LM012,Session2,overground,walk,fast,Overground_Walk,Walk_Fast,C:/Users/KUBA/GitProjects/WKIRO-Project/data/LM012/Session2/Overground_Walk/Walk_Fast/Post_Process/Walk_Fast4.csv,male,1,train
LM012,Session2,overground,walk,fast,Overground_Walk,Walk_Fast,C:/Users/KUBA/GitProjects/WKIRO-Project/data/LM012/Session2/Overground_Walk/Walk_Fast/Post_Process/Walk_Fast5.csv,male,1,train
LM012,Session2,overground,walk,fast,Overground_Walk,Walk_Fast,C:/Users/KUBA/GitProjects/WKIRO-Project/data/LM012/Session2/Overground_Walk/Walk_Fast/Post_Process/Walk_Fast6.csv,male,1,train
LM012,Session2,overground,walk,fast,Overground_Walk,Walk_Fast,C:/Users/KUBA/GitProjects/WKIRO-Project/data/LM012/Session2/Overground_Walk/Walk_Fast/Post_Process/Walk_Fast7.csv,male,1,train
LM012,Session2,overground,walk,fast,Overground_Walk,Walk_Fast,C:/Users/KUBA/GitProjects/WKIRO-Project/data/LM012/Session2/Overground_Walk/Walk_Fast/Post_Process/Walk_Fast8.csv,male,1,train
LM012,Session2,overground,walk,slow,Overground_Walk,Walk_Slow,C:/Users/KUBA/GitProjects/WKIRO-Project/data/LM012/Session2/Overground_Walk/Walk_Slow/Post_Process/Walk_Slow1.csv,male,1,val
LM012,Session2,overground,walk,slow,Overground_Walk,Walk_Slow,C:/Users/KUBA/GitProjects/WKIRO-Project/data/LM012/Session2/Overground_Walk/Walk_Slow/Post_Process/Walk_Slow2.csv,male,1,val
LM012,Session2,overground,walk,slow,Overground_Walk,Walk_Slow,C:/Users/KUBA/GitProjects/WKIRO-Project/data/LM012/Session2/Overground_Walk/Walk_Slow/Post_Process/Walk_Slow3.csv,male,1,train
LM012,Session2,overground,walk,slow,Overground_Walk,Walk_Slow,C:/Users/KUBA/GitProjects/WKIRO-Project/data/LM012/Session2/Overground_Walk/Walk_Slow/Post_Process/Walk_Slow4.csv,male,1,val
LM012,Session2,overground,walk,slow,Overground_Walk,Walk_Slow,C:/Users/KUBA/GitProjects/WKIRO-Project/data/LM012/Session2/Overground_Walk/Walk_Slow/Post_Process/Walk_Slow5.csv,male,1,train
LM012,Session2,overground,walk,slow,Overground_Walk,Walk_Slow,C:/Users/KUBA/GitProjects/WKIRO-Project/data/LM012/Session2/Overground_Walk/Walk_Slow/Post_Process/Walk_Slow6.csv,male,1,train
LM012,Session2,overground,walk,slow,Overground_Walk,Walk_Slow,C:/Users/KUBA/GitProjects/WKIRO-Project/data/LM012/Session2/Overground_Walk/Walk_Slow/Post_Process/Walk_Slow7.csv,male,1,train
LM012,Session2,overground,walk,slow,Overground_Walk,Walk_Slow,C:/Users/KUBA/GitProjects/WKIRO-Project/data/LM012/Session2/Overground_Walk/Walk_Slow/Post_Process/Walk_Slow8.csv,male,1,test
LM012,Session2,treadmill,run,comfortable,Treadmill_Run,Treadmill_Run_Comfortable,C:/Users/KUBA/GitProjects/WKIRO-Project/data/LM012/Session2/Treadmill_Run/Treadmill_Run_Comfortable/Post_Process/Treadmill_Run_Comfortable.csv,male,1,val
LM012,Session2,treadmill,run,fast,Treadmill_Run,Treadmill_Run_Fast,C:/Users/KUBA/GitProjects/WKIRO-Project/data/LM012/Session2/Treadmill_Run/Treadmill_Run_Fast/Post_Process/Treadmill_Run_Fast.csv,male,1,train
LM012,Session2,treadmill,walk,comfortable,Treadmill_Walk,Treadmill_Walk_Comfortable,C:/Users/KUBA/GitProjects/WKIRO-Project/data/LM012/Session2/Treadmill_Walk/Treadmill_Walk_Comfortable/Post_Process/Treadmill_Walk_Comfortable.csv,male,1,train
LM012,Session2,treadmill,walk,fast,Treadmill_Walk,Treadmill_Walk_Fast,C:/Users/KUBA/GitProjects/WKIRO-Project/data/LM012/Session2/Treadmill_Walk/Treadmill_Walk_Fast/Post_Process/Treadmill_Walk_Fast.csv,male,1,train
LM012,Session2,treadmill,walk,slow,Treadmill_Walk,Treadmill_Walk_Slow,C:/Users/KUBA/GitProjects/WKIRO-Project/data/LM012/Session2/Treadmill_Walk/Treadmill_Walk_Slow/Post_Process/Treadmill_Walk_Slow.csv,male,1,train
MR015,Session1,overground,run,comfortable,Overground_Run,Run_Comfortable,C:/Users/KUBA/GitProjects/WKIRO-Project/data/MR015/Session1/Overground_Run/Run_Comfortable/Post_Process/Run_Comfortable1.csv,male,1,val
MR015,Session1,overground,run,comfortable,Overground_Run,Run_Comfortable,C:/Users/KUBA/GitProjects/WKIRO-Project/data/MR015/Session1/Overground_Run/Run_Comfortable/Post_Process/Run_Comfortable10.csv,male,1,train
MR015,Session1,overground,run,comfortable,Overground_Run,Run_Comfortable,C:/Users/KUBA/GitProjects/WKIRO-Project/data/MR015/Session1/Overground_Run/Run_Comfortable/Post_Process/Run_Comfortable2.csv,male,1,train
MR015,Session1,overground,run,comfortable,Overground_Run,Run_Comfortable,C:/Users/KUBA/GitProjects/WKIRO-Project/data/MR015/Session1/Overground_Run/Run_Comfortable/Post_Process/Run_Comfortable3.csv,male,1,train
MR015,Session1,overground,run,comfortable,Overground_Run,Run_Comfortable,C:/Users/KUBA/GitProjects/WKIRO-Project/data/MR015/Session1/Overground_Run/Run_Comfortable/Post_Process/Run_Comfortable4.csv,male,1,train
MR015,Session1,overground,run,comfortable,Overground_Run,Run_Comfortable,C:/Users/KUBA/GitProjects/WKIRO-Project/data/MR015/Session1/Overground_Run/Run_Comfortable/Post_Process/Run_Comfortable5.csv,male,1,train
MR015,Session1,overground,run,comfortable,Overground_Run,Run_Comfortable,C:/Users/KUBA/GitProjects/WKIRO-Project/data/MR015/Session1/Overground_Run/Run_Comfortable/Post_Process/Run_Comfortable6.csv,male,1,train
MR015,Session1,overground,run,comfortable,Overground_Run,Run_Comfortable,C:/Users/KUBA/GitProjects/WKIRO-Project/data/MR015/Session1/Overground_Run/Run_Comfortable/Post_Process/Run_Comfortable7.csv,male,1,train
MR015,Session1,overground,run,comfortable,Overground_Run,Run_Comfortable,C:/Users/KUBA/GitProjects/WKIRO-Project/data/MR015/Session1/Overground_Run/Run_Comfortable/Post_Process/Run_Comfortable8.csv,male,1,val
MR015,Session1,overground,run,comfortable,Overground_Run,Run_Comfortable,C:/Users/KUBA/GitProjects/WKIRO-Project/data/MR015/Session1/Overground_Run/Run_Comfortable/Post_Process/Run_Comfortable9.csv,male,1,train
MR015,Session1,overground,run,fast,Overground_Run,Run_Fast,C:/Users/KUBA/GitProjects/WKIRO-Project/data/MR015/Session1/Overground_Run/Run_Fast/Post_Process/Run_Fast1.csv,male,1,train
MR015,Session1,overground,run,fast,Overground_Run,Run_Fast,C:/Users/KUBA/GitProjects/WKIRO-Project/data/MR015/Session1/Overground_Run/Run_Fast/Post_Process/Run_Fast10.csv,male,1,train
MR015,Session1,overground,run,fast,Overground_Run,Run_Fast,C:/Users/KUBA/GitProjects/WKIRO-Project/data/MR015/Session1/Overground_Run/Run_Fast/Post_Process/Run_Fast2.csv,male,1,train
MR015,Session1,overground,run,fast,Overground_Run,Run_Fast,C:/Users/KUBA/GitProjects/WKIRO-Project/data/MR015/Session1/Overground_Run/Run_Fast/Post_Process/Run_Fast3.csv,male,1,train
MR015,Session1,overground,run,fast,Overground_Run,Run_Fast,C:/Users/KUBA/GitProjects/WKIRO-Project/data/MR015/Session1/Overground_Run/Run_Fast/Post_Process/Run_Fast4.csv,male,1,test
MR015,Session1,overground,run,fast,Overground_Run,Run_Fast,C:/Users/KUBA/GitProjects/WKIRO-Project/data/MR015/Session1/Overground_Run/Run_Fast/Post_Process/Run_Fast5.csv,male,1,test
MR015,Session1,overground,run,fast,Overground_Run,Run_Fast,C:/Users/KUBA/GitProjects/WKIRO-Project/data/MR015/Session1/Overground_Run/Run_Fast/Post_Process/Run_Fast6.csv,male,1,train
MR015,Session1,overground,run,fast,Overground_Run,Run_Fast,C:/Users/KUBA/GitProjects/WKIRO-Project/data/MR015/Session1/Overground_Run/Run_Fast/Post_Process/Run_Fast7.csv,male,1,train
MR015,Session1,overground,run,fast,Overground_Run,Run_Fast,C:/Users/KUBA/GitProjects/WKIRO-Project/data/MR015/Session1/Overground_Run/Run_Fast/Post_Process/Run_Fast8.csv,male,1,train
MR015,Session1,overground,run,fast,Overground_Run,Run_Fast,C:/Users/KUBA/GitProjects/WKIRO-Project/data/MR015/Session1/Overground_Run/Run_Fast/Post_Process/Run_Fast9.csv,male,1,train
MR015,Session1,overground,walk,comfortable,Overground_Walk,Walk_Comfortable,C:/Users/KUBA/GitProjects/WKIRO-Project/data/MR015/Session1/Overground_Walk/Walk_Comfortable/Post_Process/Walk_Comfortable1.csv,male,1,train
MR015,Session1,overground,walk,comfortable,Overground_Walk,Walk_Comfortable,C:/Users/KUBA/GitProjects/WKIRO-Project/data/MR015/Session1/Overground_Walk/Walk_Comfortable/Post_Process/Walk_Comfortable2.csv,male,1,train
MR015,Session1,overground,walk,comfortable,Overground_Walk,Walk_Comfortable,C:/Users/KUBA/GitProjects/WKIRO-Project/data/MR015/Session1/Overground_Walk/Walk_Comfortable/Post_Process/Walk_Comfortable3.csv,male,1,val
MR015,Session1,overground,walk,comfortable,Overground_Walk,Walk_Comfortable,C:/Users/KUBA/GitProjects/WKIRO-Project/data/MR015/Session1/Overground_Walk/Walk_Comfortable/Post_Process/Walk_Comfortable4.csv,male,1,train
MR015,Session1,overground,walk,comfortable,Overground_Walk,Walk_Comfortable,C:/Users/KUBA/GitProjects/WKIRO-Project/data/MR015/Session1/Overground_Walk/Walk_Comfortable/Post_Process/Walk_Comfortable5.csv,male,1,train
MR015,Session1,overground,walk,comfortable,Overground_Walk,Walk_Comfortable,C:/Users/KUBA/GitProjects/WKIRO-Project/data/MR015/Session1/Overground_Walk/Walk_Comfortable/Post_Process/Walk_Comfortable6.csv,male,1,train
MR015,Session1,overground,walk,comfortable,Overground_Walk,Walk_Comfortable,C:/Users/KUBA/GitProjects/WKIRO-Project/data/MR015/Session1/Overground_Walk/Walk_Comfortable/Post_Process/Walk_Comfortable7.csv,male,1,train
MR015,Session1,overground,walk,comfortable,Overground_Walk,Walk_Comfortable,C:/Users/KUBA/GitProjects/WKIRO-Project/data/MR015/Session1/Overground_Walk/Walk_Comfortable/Post_Process/Walk_Comfortable8.csv,male,1,train
MR015,Session1,overground,walk,fast,Overground_Walk,Walk_Fast,C:/Users/KUBA/GitProjects/WKIRO-Project/data/MR015/Session1/Overground_Walk/Walk_Fast/Post_Process/Walk_Fast1.csv,male,1,train
MR015,Session1,overground,walk,fast,Overground_Walk,Walk_Fast,C:/Users/KUBA/GitProjects/WKIRO-Project/data/MR015/Session1/Overground_Walk/Walk_Fast/Post_Process/Walk_Fast2.csv,male,1,train
MR015,Session1,overground,walk,fast,Overground_Walk,Walk_Fast,C:/Users/KUBA/GitProjects/WKIRO-Project/data/MR015/Session1/Overground_Walk/Walk_Fast/Post_Process/Walk_Fast3.csv,male,1,train
MR015,Session1,overground,walk,fast,Overground_Walk,Walk_Fast,C:/Users/KUBA/GitProjects/WKIRO-Project/data/MR015/Session1/Overground_Walk/Walk_Fast/Post_Process/Walk_Fast4.csv,male,1,train
MR015,Session1,overground,walk,fast,Overground_Walk,Walk_Fast,C:/Users/KUBA/GitProjects/WKIRO-Project/data/MR015/Session1/Overground_Walk/Walk_Fast/Post_Process/Walk_Fast5.csv,male,1,train
MR015,Session1,overground,walk,fast,Overground_Walk,Walk_Fast,C:/Users/KUBA/GitProjects/WKIRO-Project/data/MR015/Session1/Overground_Walk/Walk_Fast/Post_Process/Walk_Fast6.csv,male,1,train
MR015,Session1,overground,walk,fast,Overground_Walk,Walk_Fast,C:/Users/KUBA/GitProjects/WKIRO-Project/data/MR015/Session1/Overground_Walk/Walk_Fast/Post_Process/Walk_Fast7.csv,male,1,train
MR015,Session1,overground,walk,fast,Overground_Walk,Walk_Fast,C:/Users/KUBA/GitProjects/WKIRO-Project/data/MR015/Session1/Overground_Walk/Walk_Fast/Post_Process/Walk_Fast8.csv,male,1,train
MR015,Session1,overground,walk,slow,Overground_Walk,Walk_Slow,C:/Users/KUBA/GitProjects/WKIRO-Project/data/MR015/Session1/Overground_Walk/Walk_Slow/Post_Process/Walk_Slow1.csv,male,1,train
MR015,Session1,overground,walk,slow,Overground_Walk,Walk_Slow,C:/Users/KUBA/GitProjects/WKIRO-Project/data/MR015/Session1/Overground_Walk/Walk_Slow/Post_Process/Walk_Slow2.csv,male,1,val
MR015,Session1,overground,walk,slow,Overground_Walk,Walk_Slow,C:/Users/KUBA/GitProjects/WKIRO-Project/data/MR015/Session1/Overground_Walk/Walk_Slow/Post_Process/Walk_Slow3.csv,male,1,train
MR015,Session1,overground,walk,slow,Overground_Walk,Walk_Slow,C:/Users/KUBA/GitProjects/WKIRO-Project/data/MR015/Session1/Overground_Walk/Walk_Slow/Post_Process/Walk_Slow4.csv,male,1,test
MR015,Session1,overground,walk,slow,Overground_Walk,Walk_Slow,C:/Users/KUBA/GitProjects/WKIRO-Project/data/MR015/Session1/Overground_Walk/Walk_Slow/Post_Process/Walk_Slow5.csv,male,1,val
MR015,Session1,overground,walk,slow,Overground_Walk,Walk_Slow,C:/Users/KUBA/GitProjects/WKIRO-Project/data/MR015/Session1/Overground_Walk/Walk_Slow/Post_Process/Walk_Slow6.csv,male,1,train
MR015,Session1,treadmill,run,comfortable,Treadmill_Run,Treadmill_Run_Comfortable,C:/Users/KUBA/GitProjects/WKIRO-Project/data/MR015/Session1/Treadmill_Run/Treadmill_Run_Comfortable/Post_Process/Treadmill_Run_Comfortable.csv,male,1,train
MR015,Session1,treadmill,run,fast,Treadmill_Run,Treadmill_Run_Fast,C:/Users/KUBA/GitProjects/WKIRO-Project/data/MR015/Session1/Treadmill_Run/Treadmill_Run_Fast/Post_Process/Treadmill_Run_Fast.csv,male,1,train
MR015,Session1,treadmill,walk,comfortable,Treadmill_Walk,Treadmill_Walk_Comfortable,C:/Users/KUBA/GitProjects/WKIRO-Project/data/MR015/Session1/Treadmill_Walk/Treadmill_Walk_Comfortable/Post_Process/Treadmill_Walk_Comfortable.csv,male,1,train
MR015,Session1,treadmill,walk,fast,Treadmill_Walk,Treadmill_Walk_Fast,C:/Users/KUBA/GitProjects/WKIRO-Project/data/MR015/Session1/Treadmill_Walk/Treadmill_Walk_Fast/Post_Process/Treadmill_Walk_Fast.csv,male,1,train
MR015,Session1,treadmill,walk,slow,Treadmill_Walk,Treadmill_Walk_Slow,C:/Users/KUBA/GitProjects/WKIRO-Project/data/MR015/Session1/Treadmill_Walk/Treadmill_Walk_Slow/Post_Process/Treadmill_Walk_Slow.csv,male,1,train
MR015,Session2,overground,run,comfortable,Overground_Run,Run_Comfortable,C:/Users/KUBA/GitProjects/WKIRO-Project/data/MR015/Session2/Overground_Run/Run_Comfortable/Post_Process/Run_Comfortable1.csv,male,1,test
MR015,Session2,overground,run,comfortable,Overground_Run,Run_Comfortable,C:/Users/KUBA/GitProjects/WKIRO-Project/data/MR015/Session2/Overground_Run/Run_Comfortable/Post_Process/Run_Comfortable10.csv,male,1,test
MR015,Session2,overground,run,comfortable,Overground_Run,Run_Comfortable,C:/Users/KUBA/GitProjects/WKIRO-Project/data/MR015/Session2/Overground_Run/Run_Comfortable/Post_Process/Run_Comfortable2.csv,male,1,train
MR015,Session2,overground,run,comfortable,Overground_Run,Run_Comfortable,C:/Users/KUBA/GitProjects/WKIRO-Project/data/MR015/Session2/Overground_Run/Run_Comfortable/Post_Process/Run_Comfortable3.csv,male,1,train
MR015,Session2,overground,run,comfortable,Overground_Run,Run_Comfortable,C:/Users/KUBA/GitProjects/WKIRO-Project/data/MR015/Session2/Overground_Run/Run_Comfortable/Post_Process/Run_Comfortable4.csv,male,1,test
MR015,Session2,overground,run,comfortable,Overground_Run,Run_Comfortable,C:/Users/KUBA/GitProjects/WKIRO-Project/data/MR015/Session2/Overground_Run/Run_Comfortable/Post_Process/Run_Comfortable5.csv,male,1,test
MR015,Session2,overground,run,comfortable,Overground_Run,Run_Comfortable,C:/Users/KUBA/GitProjects/WKIRO-Project/data/MR015/Session2/Overground_Run/Run_Comfortable/Post_Process/Run_Comfortable6.csv,male,1,train
MR015,Session2,overground,run,comfortable,Overground_Run,Run_Comfortable,C:/Users/KUBA/GitProjects/WKIRO-Project/data/MR015/Session2/Overground_Run/Run_Comfortable/Post_Process/Run_Comfortable7.csv,male,1,val
MR015,Session2,overground,run,comfortable,Overground_Run,Run_Comfortable,C:/Users/KUBA/GitProjects/WKIRO-Project/data/MR015/Session2/Overground_Run/Run_Comfortable/Post_Process/Run_Comfortable8.csv,male,1,train
MR015,Session2,overground,run,comfortable,Overground_Run,Run_Comfortable,C:/Users/KUBA/GitProjects/WKIRO-Project/data/MR015/Session2/Overground_Run/Run_Comfortable/Post_Process/Run_Comfortable9.csv,male,1,train
MR015,Session2,overground,run,fast,Overground_Run,Run_Fast,C:/Users/KUBA/GitProjects/WKIRO-Project/data/MR015/Session2/Overground_Run/Run_Fast/Post_Process/Run_Fast1.csv,male,1,val
MR015,Session2,overground,run,fast,Overground_Run,Run_Fast,C:/Users/KUBA/GitProjects/WKIRO-Project/data/MR015/Session2/Overground_Run/Run_Fast/Post_Process/Run_Fast10.csv,male,1,val
MR015,Session2,overground,run,fast,Overground_Run,Run_Fast,C:/Users/KUBA/GitProjects/WKIRO-Project/data/MR015/Session2/Overground_Run/Run_Fast/Post_Process/Run_Fast2.csv,male,1,train
MR015,Session2,overground,run,fast,Overground_Run,Run_Fast,C:/Users/KUBA/GitProjects/WKIRO-Project/data/MR015/Session2/Overground_Run/Run_Fast/Post_Process/Run_Fast3.csv,male,1,test
MR015,Session2,overground,run,fast,Overground_Run,Run_Fast,C:/Users/KUBA/GitProjects/WKIRO-Project/data/MR015/Session2/Overground_Run/Run_Fast/Post_Process/Run_Fast4.csv,male,1,train
MR015,Session2,overground,run,fast,Overground_Run,Run_Fast,C:/Users/KUBA/GitProjects/WKIRO-Project/data/MR015/Session2/Overground_Run/Run_Fast/Post_Process/Run_Fast5.csv,male,1,train
MR015,Session2,overground,run,fast,Overground_Run,Run_Fast,C:/Users/KUBA/GitProjects/WKIRO-Project/data/MR015/Session2/Overground_Run/Run_Fast/Post_Process/Run_Fast6.csv,male,1,test
MR015,Session2,overground,run,fast,Overground_Run,Run_Fast,C:/Users/KUBA/GitProjects/WKIRO-Project/data/MR015/Session2/Overground_Run/Run_Fast/Post_Process/Run_Fast7.csv,male,1,train
MR015,Session2,overground,run,fast,Overground_Run,Run_Fast,C:/Users/KUBA/GitProjects/WKIRO-Project/data/MR015/Session2/Overground_Run/Run_Fast/Post_Process/Run_Fast8.csv,male,1,train
MR015,Session2,overground,run,fast,Overground_Run,Run_Fast,C:/Users/KUBA/GitProjects/WKIRO-Project/data/MR015/Session2/Overground_Run/Run_Fast/Post_Process/Run_Fast9.csv,male,1,test
MR015,Session2,overground,walk,comfortable,Overground_Walk,Walk_Comfortable,C:/Users/KUBA/GitProjects/WKIRO-Project/data/MR015/Session2/Overground_Walk/Walk_Comfortable/Post_Process/Walk_Comfortable1.csv,male,1,val
MR015,Session2,overground,walk,comfortable,Overground_Walk,Walk_Comfortable,C:/Users/KUBA/GitProjects/WKIRO-Project/data/MR015/Session2/Overground_Walk/Walk_Comfortable/Post_Process/Walk_Comfortable2.csv,male,1,train
MR015,Session2,overground,walk,comfortable,Overground_Walk,Walk_Comfortable,C:/Users/KUBA/GitProjects/WKIRO-Project/data/MR015/Session2/Overground_Walk/Walk_Comfortable/Post_Process/Walk_Comfortable3.csv,male,1,test
MR015,Session2,overground,walk,comfortable,Overground_Walk,Walk_Comfortable,C:/Users/KUBA/GitProjects/WKIRO-Project/data/MR015/Session2/Overground_Walk/Walk_Comfortable/Post_Process/Walk_Comfortable4.csv,male,1,val
MR015,Session2,overground,walk,comfortable,Overground_Walk,Walk_Comfortable,C:/Users/KUBA/GitProjects/WKIRO-Project/data/MR015/Session2/Overground_Walk/Walk_Comfortable/Post_Process/Walk_Comfortable5.csv,male,1,train
MR015,Session2,overground,walk,comfortable,Overground_Walk,Walk_Comfortable,C:/Users/KUBA/GitProjects/WKIRO-Project/data/MR015/Session2/Overground_Walk/Walk_Comfortable/Post_Process/Walk_Comfortable6.csv,male,1,train
MR015,Session2,overground,walk,comfortable,Overground_Walk,Walk_Comfortable,C:/Users/KUBA/GitProjects/WKIRO-Project/data/MR015/Session2/Overground_Walk/Walk_Comfortable/Post_Process/Walk_Comfortable7.csv,male,1,train
MR015,Session2,overground,walk,comfortable,Overground_Walk,Walk_Comfortable,C:/Users/KUBA/GitProjects/WKIRO-Project/data/MR015/Session2/Overground_Walk/Walk_Comfortable/Post_Process/Walk_Comfortable8.csv,male,1,test
MR015,Session2,overground,walk,fast,Overground_Walk,Walk_Fast,C:/Users/KUBA/GitProjects/WKIRO-Project/data/MR015/Session2/Overground_Walk/Walk_Fast/Post_Process/Walk_Fast1.csv,male,1,val
MR015,Session2,overground,walk,fast,Overground_Walk,Walk_Fast,C:/Users/KUBA/GitProjects/WKIRO-Project/data/MR015/Session2/Overground_Walk/Walk_Fast/Post_Process/Walk_Fast2.csv,male,1,train
MR015,Session2,overground,walk,fast,Overground_Walk,Walk_Fast,C:/Users/KUBA/GitProjects/WKIRO-Project/data/MR015/Session2/Overground_Walk/Walk_Fast/Post_Process/Walk_Fast3.csv,male,1,test
MR015,Session2,overground,walk,fast,Overground_Walk,Walk_Fast,C:/Users/KUBA/GitProjects/WKIRO-Project/data/MR015/Session2/Overground_Walk/Walk_Fast/Post_Process/Walk_Fast4.csv,male,1,test
MR015,Session2,overground,walk,fast,Overground_Walk,Walk_Fast,C:/Users/KUBA/GitProjects/WKIRO-Project/data/MR015/Session2/Overground_Walk/Walk_Fast/Post_Process/Walk_Fast5.csv,male,1,train
MR015,Session2,overground,walk,fast,Overground_Walk,Walk_Fast,C:/Users/KUBA/GitProjects/WKIRO-Project/data/MR015/Session2/Overground_Walk/Walk_Fast/Post_Process/Walk_Fast6.csv,male,1,train
MR015,Session2,overground,walk,fast,Overground_Walk,Walk_Fast,C:/Users/KUBA/GitProjects/WKIRO-Project/data/MR015/Session2/Overground_Walk/Walk_Fast/Post_Process/Walk_Fast7.csv,male,1,train
MR015,Session2,overground,walk,fast,Overground_Walk,Walk_Fast,C:/Users/KUBA/GitProjects/WKIRO-Project/data/MR015/Session2/Overground_Walk/Walk_Fast/Post_Process/Walk_Fast8.csv,male,1,train
MR015,Session2,overground,walk,slow,Overground_Walk,Walk_Slow,C:/Users/KUBA/GitProjects/WKIRO-Project/data/MR015/Session2/Overground_Walk/Walk_Slow/Post_Process/Walk_Slow1.csv,male,1,val
MR015,Session2,overground,walk,slow,Overground_Walk,Walk_Slow,C:/Users/KUBA/GitProjects/WKIRO-Project/data/MR015/Session2/Overground_Walk/Walk_Slow/Post_Process/Walk_Slow2.csv,male,1,train
MR015,Session2,overground,walk,slow,Overground_Walk,Walk_Slow,C:/Users/KUBA/GitProjects/WKIRO-Project/data/MR015/Session2/Overground_Walk/Walk_Slow/Post_Process/Walk_Slow3.csv,male,1,train
MR015,Session2,overground,walk,slow,Overground_Walk,Walk_Slow,C:/Users/KUBA/GitProjects/WKIRO-Project/data/MR015/Session2/Overground_Walk/Walk_Slow/Post_Process/Walk_Slow4.csv,male,1,train
MR015,Session2,overground,walk,slow,Overground_Walk,Walk_Slow,C:/Users/KUBA/GitProjects/WKIRO-Project/data/MR015/Session2/Overground_Walk/Walk_Slow/Post_Process/Walk_Slow5.csv,male,1,train
MR015,Session2,overground,walk,slow,Overground_Walk,Walk_Slow,C:/Users/KUBA/GitProjects/WKIRO-Project/data/MR015/Session2/Overground_Walk/Walk_Slow/Post_Process/Walk_Slow6.csv,male,1,val
MR015,Session2,treadmill,run,comfortable,Treadmill_Run,Treadmill_Run_Comfortable,C:/Users/KUBA/GitProjects/WKIRO-Project/data/MR015/Session2/Treadmill_Run/Treadmill_Run_Comfortable/Post_Process/Treadmill_Run_Comfortable.csv,male,1,train
MR015,Session2,treadmill,run,fast,Treadmill_Run,Treadmill_Run_Fast,C:/Users/KUBA/GitProjects/WKIRO-Project/data/MR015/Session2/Treadmill_Run/Treadmill_Run_Fast/Post_Process/Treadmill_Run_Fast.csv,male,1,val
MR015,Session2,treadmill,walk,comfortable,Treadmill_Walk,Treadmill_Walk_Comfortable,C:/Users/KUBA/GitProjects/WKIRO-Project/data/MR015/Session2/Treadmill_Walk/Treadmill_Walk_Comfortable/Post_Process/Treadmill_Walk_Comfortable.csv,male,1,train
MR015,Session2,treadmill,walk,fast,Treadmill_Walk,Treadmill_Walk_Fast,C:/Users/KUBA/GitProjects/WKIRO-Project/data/MR015/Session2/Treadmill_Walk/Treadmill_Walk_Fast/Post_Process/Treadmill_Walk_Fast.csv,male,1,train
MR015,Session2,treadmill,walk,slow,Treadmill_Walk,Treadmill_Walk_Slow,C:/Users/KUBA/GitProjects/WKIRO-Project/data/MR015/Session2/Treadmill_Walk/Treadmill_Walk_Slow/Post_Process/Treadmill_Walk_Slow.csv,male,1,train
OB010,Session1,overground,run,comfortable,Overground_Run,Run_Comfortable,C:/Users/KUBA/GitProjects/WKIRO-Project/data/OB010/Session1/Overground_Run/Run_Comfortable/Post_Process/Run_Comfortable1.csv,male,1,val
OB010,Session1,overground,run,comfortable,Overground_Run,Run_Comfortable,C:/Users/KUBA/GitProjects/WKIRO-Project/data/OB010/Session1/Overground_Run/Run_Comfortable/Post_Process/Run_Comfortable10.csv,male,1,train
OB010,Session1,overground,run,comfortable,Overground_Run,Run_Comfortable,C:/Users/KUBA/GitProjects/WKIRO-Project/data/OB010/Session1/Overground_Run/Run_Comfortable/Post_Process/Run_Comfortable2.csv,male,1,train
OB010,Session1,overground,run,comfortable,Overground_Run,Run_Comfortable,C:/Users/KUBA/GitProjects/WKIRO-Project/data/OB010/Session1/Overground_Run/Run_Comfortable/Post_Process/Run_Comfortable3.csv,male,1,train
OB010,Session1,overground,run,comfortable,Overground_Run,Run_Comfortable,C:/Users/KUBA/GitProjects/WKIRO-Project/data/OB010/Session1/Overground_Run/Run_Comfortable/Post_Process/Run_Comfortable4.csv,male,1,train
OB010,Session1,overground,run,comfortable,Overground_Run,Run_Comfortable,C:/Users/KUBA/GitProjects/WKIRO-Project/data/OB010/Session1/Overground_Run/Run_Comfortable/Post_Process/Run_Comfortable5.csv,male,1,test
OB010,Session1,overground,run,comfortable,Overground_Run,Run_Comfortable,C:/Users/KUBA/GitProjects/WKIRO-Project/data/OB010/Session1/Overground_Run/Run_Comfortable/Post_Process/Run_Comfortable6.csv,male,1,train
OB010,Session1,overground,run,comfortable,Overground_Run,Run_Comfortable,C:/Users/KUBA/GitProjects/WKIRO-Project/data/OB010/Session1/Overground_Run/Run_Comfortable/Post_Process/Run_Comfortable7.csv,male,1,train
OB010,Session1,overground,run,comfortable,Overground_Run,Run_Comfortable,C:/Users/KUBA/GitProjects/WKIRO-Project/data/OB010/Session1/Overground_Run/Run_Comfortable/Post_Process/Run_Comfortable8.csv,male,1,val
OB010,Session1,overground,run,comfortable,Overground_Run,Run_Comfortable,C:/Users/KUBA/GitProjects/WKIRO-Project/data/OB010/Session1/Overground_Run/Run_Comfortable/Post_Process/Run_Comfortable9.csv,male,1,train
OB010,Session1,overground,run,fast,Overground_Run,Run_Fast,C:/Users/KUBA/GitProjects/WKIRO-Project/data/OB010/Session1/Overground_Run/Run_Fast/Post_Process/Run_Fast1.csv,male,1,train
OB010,Session1,overground,run,fast,Overground_Run,Run_Fast,C:/Users/KUBA/GitProjects/WKIRO-Project/data/OB010/Session1/Overground_Run/Run_Fast/Post_Process/Run_Fast10.csv,male,1,train
OB010,Session1,overground,run,fast,Overground_Run,Run_Fast,C:/Users/KUBA/GitProjects/WKIRO-Project/data/OB010/Session1/Overground_Run/Run_Fast/Post_Process/Run_Fast11.csv,male,1,train
OB010,Session1,overground,run,fast,Overground_Run,Run_Fast,C:/Users/KUBA/GitProjects/WKIRO-Project/data/OB010/Session1/Overground_Run/Run_Fast/Post_Process/Run_Fast12.csv,male,1,train
OB010,Session1,overground,run,fast,Overground_Run,Run_Fast,C:/Users/KUBA/GitProjects/WKIRO-Project/data/OB010/Session1/Overground_Run/Run_Fast/Post_Process/Run_Fast13.csv,male,1,train
OB010,Session1,overground,run,fast,Overground_Run,Run_Fast,C:/Users/KUBA/GitProjects/WKIRO-Project/data/OB010/Session1/Overground_Run/Run_Fast/Post_Process/Run_Fast14.csv,male,1,train
OB010,Session1,overground,run,fast,Overground_Run,Run_Fast,C:/Users/KUBA/GitProjects/WKIRO-Project/data/OB010/Session1/Overground_Run/Run_Fast/Post_Process/Run_Fast15.csv,male,1,train
OB010,Session1,overground,run,fast,Overground_Run,Run_Fast,C:/Users/KUBA/GitProjects/WKIRO-Project/data/OB010/Session1/Overground_Run/Run_Fast/Post_Process/Run_Fast2.csv,male,1,train
OB010,Session1,overground,run,fast,Overground_Run,Run_Fast,C:/Users/KUBA/GitProjects/WKIRO-Project/data/OB010/Session1/Overground_Run/Run_Fast/Post_Process/Run_Fast3.csv,male,1,train
OB010,Session1,overground,run,fast,Overground_Run,Run_Fast,C:/Users/KUBA/GitProjects/WKIRO-Project/data/OB010/Session1/Overground_Run/Run_Fast/Post_Process/Run_Fast4.csv,male,1,train
OB010,Session1,overground,run,fast,Overground_Run,Run_Fast,C:/Users/KUBA/GitProjects/WKIRO-Project/data/OB010/Session1/Overground_Run/Run_Fast/Post_Process/Run_Fast5.csv,male,1,val
OB010,Session1,overground,run,fast,Overground_Run,Run_Fast,C:/Users/KUBA/GitProjects/WKIRO-Project/data/OB010/Session1/Overground_Run/Run_Fast/Post_Process/Run_Fast6.csv,male,1,train
OB010,Session1,overground,run,fast,Overground_Run,Run_Fast,C:/Users/KUBA/GitProjects/WKIRO-Project/data/OB010/Session1/Overground_Run/Run_Fast/Post_Process/Run_Fast7.csv,male,1,train
OB010,Session1,overground,run,fast,Overground_Run,Run_Fast,C:/Users/KUBA/GitProjects/WKIRO-Project/data/OB010/Session1/Overground_Run/Run_Fast/Post_Process/Run_Fast8.csv,male,1,train
OB010,Session1,overground,run,fast,Overground_Run,Run_Fast,C:/Users/KUBA/GitProjects/WKIRO-Project/data/OB010/Session1/Overground_Run/Run_Fast/Post_Process/Run_Fast9.csv,male,1,train
OB010,Session1,overground,walk,comfortable,Overground_Walk,Walk_Comfortable,C:/Users/KUBA/GitProjects/WKIRO-Project/data/OB010/Session1/Overground_Walk/Walk_Comfortable/Post_Process/Walk_Comfortable1.csv,male,1,train
OB010,Session1,overground,walk,comfortable,Overground_Walk,Walk_Comfortable,C:/Users/KUBA/GitProjects/WKIRO-Project/data/OB010/Session1/Overground_Walk/Walk_Comfortable/Post_Process/Walk_Comfortable2.csv,male,1,train
OB010,Session1,overground,walk,comfortable,Overground_Walk,Walk_Comfortable,C:/Users/KUBA/GitProjects/WKIRO-Project/data/OB010/Session1/Overground_Walk/Walk_Comfortable/Post_Process/Walk_Comfortable3.csv,male,1,train
OB010,Session1,overground,walk,comfortable,Overground_Walk,Walk_Comfortable,C:/Users/KUBA/GitProjects/WKIRO-Project/data/OB010/Session1/Overground_Walk/Walk_Comfortable/Post_Process/Walk_Comfortable4.csv,male,1,test
OB010,Session1,overground,walk,comfortable,Overground_Walk,Walk_Comfortable,C:/Users/KUBA/GitProjects/WKIRO-Project/data/OB010/Session1/Overground_Walk/Walk_Comfortable/Post_Process/Walk_Comfortable5.csv,male,1,train
OB010,Session1,overground,walk,comfortable,Overground_Walk,Walk_Comfortable,C:/Users/KUBA/GitProjects/WKIRO-Project/data/OB010/Session1/Overground_Walk/Walk_Comfortable/Post_Process/Walk_Comfortable6.csv,male,1,train
OB010,Session1,overground,walk,fast,Overground_Walk,Walk_Fast,C:/Users/KUBA/GitProjects/WKIRO-Project/data/OB010/Session1/Overground_Walk/Walk_Fast/Post_Process/Walk_Fast1.csv,male,1,train
OB010,Session1,overground,walk,fast,Overground_Walk,Walk_Fast,C:/Users/KUBA/GitProjects/WKIRO-Project/data/OB010/Session1/Overground_Walk/Walk_Fast/Post_Process/Walk_Fast2.csv,male,1,test
OB010,Session1,overground,walk,fast,Overground_Walk,Walk_Fast,C:/Users/KUBA/GitProjects/WKIRO-Project/data/OB010/Session1/Overground_Walk/Walk_Fast/Post_Process/Walk_Fast3.csv,male,1,train
OB010,Session1,overground,walk,fast,Overground_Walk,Walk_Fast,C:/Users/KUBA/GitProjects/WKIRO-Project/data/OB010/Session1/Overground_Walk/Walk_Fast/Post_Process/Walk_Fast4.csv,male,1,train
OB010,Session1,overground,walk,fast,Overground_Walk,Walk_Fast,C:/Users/KUBA/GitProjects/WKIRO-Project/data/OB010/Session1/Overground_Walk/Walk_Fast/Post_Process/Walk_Fast5.csv,male,1,train
OB010,Session1,overground,walk,fast,Overground_Walk,Walk_Fast,C:/Users/KUBA/GitProjects/WKIRO-Project/data/OB010/Session1/Overground_Walk/Walk_Fast/Post_Process/Walk_Fast6.csv,male,1,train
OB010,Session1,overground,walk,fast,Overground_Walk,Walk_Fast,C:/Users/KUBA/GitProjects/WKIRO-Project/data/OB010/Session1/Overground_Walk/Walk_Fast/Post_Process/Walk_Fast7.csv,male,1,train
OB010,Session1,overground,walk,fast,Overground_Walk,Walk_Fast,C:/Users/KUBA/GitProjects/WKIRO-Project/data/OB010/Session1/Overground_Walk/Walk_Fast/Post_Process/Walk_Fast8.csv,male,1,val
OB010,Session1,overground,walk,slow,Overground_Walk,Walk_Slow,C:/Users/KUBA/GitProjects/WKIRO-Project/data/OB010/Session1/Overground_Walk/Walk_Slow/Post_Process/Walk_Slow1.csv,male,1,val
OB010,Session1,overground,walk,slow,Overground_Walk,Walk_Slow,C:/Users/KUBA/GitProjects/WKIRO-Project/data/OB010/Session1/Overground_Walk/Walk_Slow/Post_Process/Walk_Slow2.csv,male,1,val
OB010,Session1,overground,walk,slow,Overground_Walk,Walk_Slow,C:/Users/KUBA/GitProjects/WKIRO-Project/data/OB010/Session1/Overground_Walk/Walk_Slow/Post_Process/Walk_Slow3.csv,male,1,val
OB010,Session1,overground,walk,slow,Overground_Walk,Walk_Slow,C:/Users/KUBA/GitProjects/WKIRO-Project/data/OB010/Session1/Overground_Walk/Walk_Slow/Post_Process/Walk_Slow4.csv,male,1,train
OB010,Session1,overground,walk,slow,Overground_Walk,Walk_Slow,C:/Users/KUBA/GitProjects/WKIRO-Project/data/OB010/Session1/Overground_Walk/Walk_Slow/Post_Process/Walk_Slow5.csv,male,1,val
OB010,Session1,overground,walk,slow,Overground_Walk,Walk_Slow,C:/Users/KUBA/GitProjects/WKIRO-Project/data/OB010/Session1/Overground_Walk/Walk_Slow/Post_Process/Walk_Slow6.csv,male,1,val
OB010,Session1,treadmill,run,comfortable,Treadmill_Run,Treadmill_Run_Comfortable,C:/Users/KUBA/GitProjects/WKIRO-Project/data/OB010/Session1/Treadmill_Run/Treadmill_Run_Comfortable/Post_Process/Treadmill_Run_Comfortable.csv,male,1,val
OB010,Session1,treadmill,run,fast,Treadmill_Run,Treadmill_Run_Fast,C:/Users/KUBA/GitProjects/WKIRO-Project/data/OB010/Session1/Treadmill_Run/Treadmill_Run_Fast/Post_Process/Treadmill_Run_Fast.csv,male,1,train
OB010,Session1,treadmill,walk,comfortable,Treadmill_Walk,Treadmill_Walk_Comfortable,C:/Users/KUBA/GitProjects/WKIRO-Project/data/OB010/Session1/Treadmill_Walk/Treadmill_Walk_Comfortable/Post_Process/Treadmill_Walk_Comfortable.csv,male,1,val
OB010,Session1,treadmill,walk,fast,Treadmill_Walk,Treadmill_Walk_Fast,C:/Users/KUBA/GitProjects/WKIRO-Project/data/OB010/Session1/Treadmill_Walk/Treadmill_Walk_Fast/Post_Process/Treadmill_Walk_Fast.csv,male,1,train
OB010,Session1,treadmill,walk,slow,Treadmill_Walk,Treadmill_Walk_Slow,C:/Users/KUBA/GitProjects/WKIRO-Project/data/OB010/Session1/Treadmill_Walk/Treadmill_Walk_Slow/Post_Process/Treadmill_Walk_Slow.csv,male,1,test
OB010,Session2,overground,run,comfortable,Overground_Run,Run_Comfortable,C:/Users/KUBA/GitProjects/WKIRO-Project/data/OB010/Session2/Overground_Run/Run_Comfortable/Post_Process/Run_Comfortable1.csv,male,1,train
OB010,Session2,overground,run,comfortable,Overground_Run,Run_Comfortable,C:/Users/KUBA/GitProjects/WKIRO-Project/data/OB010/Session2/Overground_Run/Run_Comfortable/Post_Process/Run_Comfortable10.csv,male,1,train
OB010,Session2,overground,run,comfortable,Overground_Run,Run_Comfortable,C:/Users/KUBA/GitProjects/WKIRO-Project/data/OB010/Session2/Overground_Run/Run_Comfortable/Post_Process/Run_Comfortable11.csv,male,1,train
OB010,Session2,overground,run,comfortable,Overground_Run,Run_Comfortable,C:/Users/KUBA/GitProjects/WKIRO-Project/data/OB010/Session2/Overground_Run/Run_Comfortable/Post_Process/Run_Comfortable12.csv,male,1,train
OB010,Session2,overground,run,comfortable,Overground_Run,Run_Comfortable,C:/Users/KUBA/GitProjects/WKIRO-Project/data/OB010/Session2/Overground_Run/Run_Comfortable/Post_Process/Run_Comfortable13.csv,male,1,val
OB010,Session2,overground,run,comfortable,Overground_Run,Run_Comfortable,C:/Users/KUBA/GitProjects/WKIRO-Project/data/OB010/Session2/Overground_Run/Run_Comfortable/Post_Process/Run_Comfortable14.csv,male,1,train
OB010,Session2,overground,run,comfortable,Overground_Run,Run_Comfortable,C:/Users/KUBA/GitProjects/WKIRO-Project/data/OB010/Session2/Overground_Run/Run_Comfortable/Post_Process/Run_Comfortable2.csv,male,1,train
OB010,Session2,overground,run,comfortable,Overground_Run,Run_Comfortable,C:/Users/KUBA/GitProjects/WKIRO-Project/data/OB010/Session2/Overground_Run/Run_Comfortable/Post_Process/Run_Comfortable3.csv,male,1,train
OB010,Session2,overground,run,comfortable,Overground_Run,Run_Comfortable,C:/Users/KUBA/GitProjects/WKIRO-Project/data/OB010/Session2/Overground_Run/Run_Comfortable/Post_Process/Run_Comfortable4.csv,male,1,train
OB010,Session2,overground,run,comfortable,Overground_Run,Run_Comfortable,C:/Users/KUBA/GitProjects/WKIRO-Project/data/OB010/Session2/Overground_Run/Run_Comfortable/Post_Process/Run_Comfortable5.csv,male,1,val
OB010,Session2,overground,run,comfortable,Overground_Run,Run_Comfortable,C:/Users/KUBA/GitProjects/WKIRO-Project/data/OB010/Session2/Overground_Run/Run_Comfortable/Post_Process/Run_Comfortable6.csv,male,1,train
OB010,Session2,overground,run,comfortable,Overground_Run,Run_Comfortable,C:/Users/KUBA/GitProjects/WKIRO-Project/data/OB010/Session2/Overground_Run/Run_Comfortable/Post_Process/Run_Comfortable7.csv,male,1,train
OB010,Session2,overground,run,comfortable,Overground_Run,Run_Comfortable,C:/Users/KUBA/GitProjects/WKIRO-Project/data/OB010/Session2/Overground_Run/Run_Comfortable/Post_Process/Run_Comfortable8.csv,male,1,train
OB010,Session2,overground,run,comfortable,Overground_Run,Run_Comfortable,C:/Users/KUBA/GitProjects/WKIRO-Project/data/OB010/Session2/Overground_Run/Run_Comfortable/Post_Process/Run_Comfortable9.csv,male,1,train
OB010,Session2,overground,run,fast,Overground_Run,Run_Fast,C:/Users/KUBA/GitProjects/WKIRO-Project/data/OB010/Session2/Overground_Run/Run_Fast/Post_Process/Run_Fast1.csv,male,1,train
OB010,Session2,overground,run,fast,Overground_Run,Run_Fast,C:/Users/KUBA/GitProjects/WKIRO-Project/data/OB010/Session2/Overground_Run/Run_Fast/Post_Process/Run_Fast10.csv,male,1,train
OB010,Session2,overground,run,fast,Overground_Run,Run_Fast,C:/Users/KUBA/GitProjects/WKIRO-Project/data/OB010/Session2/Overground_Run/Run_Fast/Post_Process/Run_Fast11.csv,male,1,train
OB010,Session2,overground,run,fast,Overground_Run,Run_Fast,C:/Users/KUBA/GitProjects/WKIRO-Project/data/OB010/Session2/Overground_Run/Run_Fast/Post_Process/Run_Fast12.csv,male,1,train
OB010,Session2,overground,run,fast,Overground_Run,Run_Fast,C:/Users/KUBA/GitProjects/WKIRO-Project/data/OB010/Session2/Overground_Run/Run_Fast/Post_Process/Run_Fast13.csv,male,1,train
OB010,Session2,overground,run,fast,Overground_Run,Run_Fast,C:/Users/KUBA/GitProjects/WKIRO-Project/data/OB010/Session2/Overground_Run/Run_Fast/Post_Process/Run_Fast14.csv,male,1,train
OB010,Session2,overground,run,fast,Overground_Run,Run_Fast,C:/Users/KUBA/GitProjects/WKIRO-Project/data/OB010/Session2/Overground_Run/Run_Fast/Post_Process/Run_Fast2.csv,male,1,train
OB010,Session2,overground,run,fast,Overground_Run,Run_Fast,C:/Users/KUBA/GitProjects/WKIRO-Project/data/OB010/Session2/Overground_Run/Run_Fast/Post_Process/Run_Fast3.csv,male,1,test
OB010,Session2,overground,run,fast,Overground_Run,Run_Fast,C:/Users/KUBA/GitProjects/WKIRO-Project/data/OB010/Session2/Overground_Run/Run_Fast/Post_Process/Run_Fast4.csv,male,1,val
OB010,Session2,overground,run,fast,Overground_Run,Run_Fast,C:/Users/KUBA/GitProjects/WKIRO-Project/data/OB010/Session2/Overground_Run/Run_Fast/Post_Process/Run_Fast5.csv,male,1,val
OB010,Session2,overground,run,fast,Overground_Run,Run_Fast,C:/Users/KUBA/GitProjects/WKIRO-Project/data/OB010/Session2/Overground_Run/Run_Fast/Post_Process/Run_Fast6.csv,male,1,test
OB010,Session2,overground,run,fast,Overground_Run,Run_Fast,C:/Users/KUBA/GitProjects/WKIRO-Project/data/OB010/Session2/Overground_Run/Run_Fast/Post_Process/Run_Fast7.csv,male,1,train
OB010,Session2,overground,run,fast,Overground_Run,Run_Fast,C:/Users/KUBA/GitProjects/WKIRO-Project/data/OB010/Session2/Overground_Run/Run_Fast/Post_Process/Run_Fast8.csv,male,1,train
OB010,Session2,overground,run,fast,Overground_Run,Run_Fast,C:/Users/KUBA/GitProjects/WKIRO-Project/data/OB010/Session2/Overground_Run/Run_Fast/Post_Process/Run_Fast9.csv,male,1,train
OB010,Session2,overground,walk,comfortable,Overground_Walk,Walk_Comfortable,C:/Users/KUBA/GitProjects/WKIRO-Project/data/OB010/Session2/Overground_Walk/Walk_Comfortable/Post_Process/Walk_Comfortable1.csv,male,1,train
OB010,Session2,overground,walk,comfortable,Overground_Walk,Walk_Comfortable,C:/Users/KUBA/GitProjects/WKIRO-Project/data/OB010/Session2/Overground_Walk/Walk_Comfortable/Post_Process/Walk_Comfortable2.csv,male,1,train
OB010,Session2,overground,walk,comfortable,Overground_Walk,Walk_Comfortable,C:/Users/KUBA/GitProjects/WKIRO-Project/data/OB010/Session2/Overground_Walk/Walk_Comfortable/Post_Process/Walk_Comfortable3.csv,male,1,train
OB010,Session2,overground,walk,comfortable,Overground_Walk,Walk_Comfortable,C:/Users/KUBA/GitProjects/WKIRO-Project/data/OB010/Session2/Overground_Walk/Walk_Comfortable/Post_Process/Walk_Comfortable4.csv,male,1,train
OB010,Session2,overground,walk,fast,Overground_Walk,Walk_Fast,C:/Users/KUBA/GitProjects/WKIRO-Project/data/OB010/Session2/Overground_Walk/Walk_Fast/Post_Process/Walk_Fast1.csv,male,1,test
OB010,Session2,overground,walk,fast,Overground_Walk,Walk_Fast,C:/Users/KUBA/GitProjects/WKIRO-Project/data/OB010/Session2/Overground_Walk/Walk_Fast/Post_Process/Walk_Fast2.csv,male,1,test
OB010,Session2,overground,walk,fast,Overground_Walk,Walk_Fast,C:/Users/KUBA/GitProjects/WKIRO-Project/data/OB010/Session2/Overground_Walk/Walk_Fast/Post_Process/Walk_Fast3.csv,male,1,train
OB010,Session2,overground,walk,fast,Overground_Walk,Walk_Fast,C:/Users/KUBA/GitProjects/WKIRO-Project/data/OB010/Session2/Overground_Walk/Walk_Fast/Post_Process/Walk_Fast4.csv,male,1,train
OB010,Session2,overground,walk,fast,Overground_Walk,Walk_Fast,C:/Users/KUBA/GitProjects/WKIRO-Project/data/OB010/Session2/Overground_Walk/Walk_Fast/Post_Process/Walk_Fast5.csv,male,1,train
OB010,Session2,overground,walk,fast,Overground_Walk,Walk_Fast,C:/Users/KUBA/GitProjects/WKIRO-Project/data/OB010/Session2/Overground_Walk/Walk_Fast/Post_Process/Walk_Fast6.csv,male,1,test
OB010,Session2,overground,walk,fast,Overground_Walk,Walk_Fast,C:/Users/KUBA/GitProjects/WKIRO-Project/data/OB010/Session2/Overground_Walk/Walk_Fast/Post_Process/Walk_Fast7.csv,male,1,test
OB010,Session2,overground,walk,fast,Overground_Walk,Walk_Fast,C:/Users/KUBA/GitProjects/WKIRO-Project/data/OB010/Session2/Overground_Walk/Walk_Fast/Post_Process/Walk_Fast8.csv,male,1,test
OB010,Session2,overground,walk,slow,Overground_Walk,Walk_Slow,C:/Users/KUBA/GitProjects/WKIRO-Project/data/OB010/Session2/Overground_Walk/Walk_Slow/Post_Process/Walk_Slow1.csv,male,1,test
OB010,Session2,overground,walk,slow,Overground_Walk,Walk_Slow,C:/Users/KUBA/GitProjects/WKIRO-Project/data/OB010/Session2/Overground_Walk/Walk_Slow/Post_Process/Walk_Slow2.csv,male,1,train
OB010,Session2,overground,walk,slow,Overground_Walk,Walk_Slow,C:/Users/KUBA/GitProjects/WKIRO-Project/data/OB010/Session2/Overground_Walk/Walk_Slow/Post_Process/Walk_Slow3.csv,male,1,train
OB010,Session2,overground,walk,slow,Overground_Walk,Walk_Slow,C:/Users/KUBA/GitProjects/WKIRO-Project/data/OB010/Session2/Overground_Walk/Walk_Slow/Post_Process/Walk_Slow4.csv,male,1,test
OB010,Session2,overground,walk,slow,Overground_Walk,Walk_Slow,C:/Users/KUBA/GitProjects/WKIRO-Project/data/OB010/Session2/Overground_Walk/Walk_Slow/Post_Process/Walk_Slow5.csv,male,1,train
OB010,Session2,overground,walk,slow,Overground_Walk,Walk_Slow,C:/Users/KUBA/GitProjects/WKIRO-Project/data/OB010/Session2/Overground_Walk/Walk_Slow/Post_Process/Walk_Slow6.csv,male,1,test
OB010,Session2,treadmill,run,comfortable,Treadmill_Run,Treadmill_Run_Comfortable,C:/Users/KUBA/GitProjects/WKIRO-Project/data/OB010/Session2/Treadmill_Run/Treadmill_Run_Comfortable/Post_Process/Treadmill_Run_Comfortable.csv,male,1,train
OB010,Session2,treadmill,run,fast,Treadmill_Run,Treadmill_Run_Fast,C:/Users/KUBA/GitProjects/WKIRO-Project/data/OB010/Session2/Treadmill_Run/Treadmill_Run_Fast/Post_Process/Treadmill_Run_Fast.csv,male,1,train
OB010,Session2,treadmill,walk,comfortable,Treadmill_Walk,Treadmill_Walk_Comfortable,C:/Users/KUBA/GitProjects/WKIRO-Project/data/OB010/Session2/Treadmill_Walk/Treadmill_Walk_Comfortable/Post_Process/Treadmill_Walk_Comfortable.csv,male,1,train
OB010,Session2,treadmill,walk,fast,Treadmill_Walk,Treadmill_Walk_Fast,C:/Users/KUBA/GitProjects/WKIRO-Project/data/OB010/Session2/Treadmill_Walk/Treadmill_Walk_Fast/Post_Process/Treadmill_Walk_Fast.csv,male,1,train
OB010,Session2,treadmill,walk,slow,Treadmill_Walk,Treadmill_Walk_Slow,C:/Users/KUBA/GitProjects/WKIRO-Project/data/OB010/Session2/Treadmill_Walk/Treadmill_Walk_Slow/Post_Process/Treadmill_Walk_Slow.csv,male,1,test
PC008,Session1,overground,run,comfortable,Overground_Run,Run_Comfortable,C:/Users/KUBA/GitProjects/WKIRO-Project/data/PC008/Session1/Overground_Run/Run_Comfortable/Post_Process/Run_Comfortable1.csv,female,0,train
PC008,Session1,overground,run,comfortable,Overground_Run,Run_Comfortable,C:/Users/KUBA/GitProjects/WKIRO-Project/data/PC008/Session1/Overground_Run/Run_Comfortable/Post_Process/Run_Comfortable10.csv,female,0,train
PC008,Session1,overground,run,comfortable,Overground_Run,Run_Comfortable,C:/Users/KUBA/GitProjects/WKIRO-Project/data/PC008/Session1/Overground_Run/Run_Comfortable/Post_Process/Run_Comfortable2.csv,female,0,train
PC008,Session1,overground,run,comfortable,Overground_Run,Run_Comfortable,C:/Users/KUBA/GitProjects/WKIRO-Project/data/PC008/Session1/Overground_Run/Run_Comfortable/Post_Process/Run_Comfortable3.csv,female,0,train
PC008,Session1,overground,run,comfortable,Overground_Run,Run_Comfortable,C:/Users/KUBA/GitProjects/WKIRO-Project/data/PC008/Session1/Overground_Run/Run_Comfortable/Post_Process/Run_Comfortable4.csv,female,0,train
PC008,Session1,overground,run,comfortable,Overground_Run,Run_Comfortable,C:/Users/KUBA/GitProjects/WKIRO-Project/data/PC008/Session1/Overground_Run/Run_Comfortable/Post_Process/Run_Comfortable5.csv,female,0,test
PC008,Session1,overground,run,comfortable,Overground_Run,Run_Comfortable,C:/Users/KUBA/GitProjects/WKIRO-Project/data/PC008/Session1/Overground_Run/Run_Comfortable/Post_Process/Run_Comfortable6.csv,female,0,val
PC008,Session1,overground,run,comfortable,Overground_Run,Run_Comfortable,C:/Users/KUBA/GitProjects/WKIRO-Project/data/PC008/Session1/Overground_Run/Run_Comfortable/Post_Process/Run_Comfortable7.csv,female,0,train
PC008,Session1,overground,run,comfortable,Overground_Run,Run_Comfortable,C:/Users/KUBA/GitProjects/WKIRO-Project/data/PC008/Session1/Overground_Run/Run_Comfortable/Post_Process/Run_Comfortable8.csv,female,0,val
PC008,Session1,overground,run,comfortable,Overground_Run,Run_Comfortable,C:/Users/KUBA/GitProjects/WKIRO-Project/data/PC008/Session1/Overground_Run/Run_Comfortable/Post_Process/Run_Comfortable9.csv,female,0,test
PC008,Session1,overground,run,fast,Overground_Run,Run_Fast,C:/Users/KUBA/GitProjects/WKIRO-Project/data/PC008/Session1/Overground_Run/Run_Fast/Post_Process/Run_Fast1.csv,female,0,train
PC008,Session1,overground,run,fast,Overground_Run,Run_Fast,C:/Users/KUBA/GitProjects/WKIRO-Project/data/PC008/Session1/Overground_Run/Run_Fast/Post_Process/Run_Fast10.csv,female,0,test
PC008,Session1,overground,run,fast,Overground_Run,Run_Fast,C:/Users/KUBA/GitProjects/WKIRO-Project/data/PC008/Session1/Overground_Run/Run_Fast/Post_Process/Run_Fast11.csv,female,0,train
PC008,Session1,overground,run,fast,Overground_Run,Run_Fast,C:/Users/KUBA/GitProjects/WKIRO-Project/data/PC008/Session1/Overground_Run/Run_Fast/Post_Process/Run_Fast12.csv,female,0,test
PC008,Session1,overground,run,fast,Overground_Run,Run_Fast,C:/Users/KUBA/GitProjects/WKIRO-Project/data/PC008/Session1/Overground_Run/Run_Fast/Post_Process/Run_Fast13.csv,female,0,train
PC008,Session1,overground,run,fast,Overground_Run,Run_Fast,C:/Users/KUBA/GitProjects/WKIRO-Project/data/PC008/Session1/Overground_Run/Run_Fast/Post_Process/Run_Fast14.csv,female,0,test
PC008,Session1,overground,run,fast,Overground_Run,Run_Fast,C:/Users/KUBA/GitProjects/WKIRO-Project/data/PC008/Session1/Overground_Run/Run_Fast/Post_Process/Run_Fast15.csv,female,0,val
PC008,Session1,overground,run,fast,Overground_Run,Run_Fast,C:/Users/KUBA/GitProjects/WKIRO-Project/data/PC008/Session1/Overground_Run/Run_Fast/Post_Process/Run_Fast2.csv,female,0,train
PC008,Session1,overground,run,fast,Overground_Run,Run_Fast,C:/Users/KUBA/GitProjects/WKIRO-Project/data/PC008/Session1/Overground_Run/Run_Fast/Post_Process/Run_Fast3.csv,female,0,train
PC008,Session1,overground,run,fast,Overground_Run,Run_Fast,C:/Users/KUBA/GitProjects/WKIRO-Project/data/PC008/Session1/Overground_Run/Run_Fast/Post_Process/Run_Fast4.csv,female,0,test
PC008,Session1,overground,run,fast,Overground_Run,Run_Fast,C:/Users/KUBA/GitProjects/WKIRO-Project/data/PC008/Session1/Overground_Run/Run_Fast/Post_Process/Run_Fast5.csv,female,0,train
PC008,Session1,overground,run,fast,Overground_Run,Run_Fast,C:/Users/KUBA/GitProjects/WKIRO-Project/data/PC008/Session1/Overground_Run/Run_Fast/Post_Process/Run_Fast6.csv,female,0,train
PC008,Session1,overground,run,fast,Overground_Run,Run_Fast,C:/Users/KUBA/GitProjects/WKIRO-Project/data/PC008/Session1/Overground_Run/Run_Fast/Post_Process/Run_Fast7.csv,female,0,val
PC008,Session1,overground,run,fast,Overground_Run,Run_Fast,C:/Users/KUBA/GitProjects/WKIRO-Project/data/PC008/Session1/Overground_Run/Run_Fast/Post_Process/Run_Fast8.csv,female,0,train
PC008,Session1,overground,run,fast,Overground_Run,Run_Fast,C:/Users/KUBA/GitProjects/WKIRO-Project/data/PC008/Session1/Overground_Run/Run_Fast/Post_Process/Run_Fast9.csv,female,0,train
PC008,Session1,overground,walk,comfortable,Overground_Walk,Walk_Comfortable,C:/Users/KUBA/GitProjects/WKIRO-Project/data/PC008/Session1/Overground_Walk/Walk_Comfortable/Post_Process/Walk_Comfortable1.csv,female,0,val
PC008,Session1,overground,walk,comfortable,Overground_Walk,Walk_Comfortable,C:/Users/KUBA/GitProjects/WKIRO-Project/data/PC008/Session1/Overground_Walk/Walk_Comfortable/Post_Process/Walk_Comfortable2.csv,female,0,train
PC008,Session1,overground,walk,comfortable,Overground_Walk,Walk_Comfortable,C:/Users/KUBA/GitProjects/WKIRO-Project/data/PC008/Session1/Overground_Walk/Walk_Comfortable/Post_Process/Walk_Comfortable3.csv,female,0,val
PC008,Session1,overground,walk,comfortable,Overground_Walk,Walk_Comfortable,C:/Users/KUBA/GitProjects/WKIRO-Project/data/PC008/Session1/Overground_Walk/Walk_Comfortable/Post_Process/Walk_Comfortable4.csv,female,0,train
PC008,Session1,overground,walk,comfortable,Overground_Walk,Walk_Comfortable,C:/Users/KUBA/GitProjects/WKIRO-Project/data/PC008/Session1/Overground_Walk/Walk_Comfortable/Post_Process/Walk_Comfortable5.csv,female,0,val
PC008,Session1,overground,walk,comfortable,Overground_Walk,Walk_Comfortable,C:/Users/KUBA/GitProjects/WKIRO-Project/data/PC008/Session1/Overground_Walk/Walk_Comfortable/Post_Process/Walk_Comfortable6.csv,female,0,train
PC008,Session1,overground,walk,comfortable,Overground_Walk,Walk_Comfortable,C:/Users/KUBA/GitProjects/WKIRO-Project/data/PC008/Session1/Overground_Walk/Walk_Comfortable/Post_Process/Walk_Comfortable7.csv,female,0,val
PC008,Session1,overground,walk,comfortable,Overground_Walk,Walk_Comfortable,C:/Users/KUBA/GitProjects/WKIRO-Project/data/PC008/Session1/Overground_Walk/Walk_Comfortable/Post_Process/Walk_Comfortable8.csv,female,0,train
PC008,Session1,overground,walk,fast,Overground_Walk,Walk_Fast,C:/Users/KUBA/GitProjects/WKIRO-Project/data/PC008/Session1/Overground_Walk/Walk_Fast/Post_Process/Walk_Fast1.csv,female,0,train
PC008,Session1,overground,walk,fast,Overground_Walk,Walk_Fast,C:/Users/KUBA/GitProjects/WKIRO-Project/data/PC008/Session1/Overground_Walk/Walk_Fast/Post_Process/Walk_Fast2.csv,female,0,val
PC008,Session1,overground,walk,fast,Overground_Walk,Walk_Fast,C:/Users/KUBA/GitProjects/WKIRO-Project/data/PC008/Session1/Overground_Walk/Walk_Fast/Post_Process/Walk_Fast3.csv,female,0,train
PC008,Session1,overground,walk,fast,Overground_Walk,Walk_Fast,C:/Users/KUBA/GitProjects/WKIRO-Project/data/PC008/Session1/Overground_Walk/Walk_Fast/Post_Process/Walk_Fast4.csv,female,0,train
PC008,Session1,overground,walk,fast,Overground_Walk,Walk_Fast,C:/Users/KUBA/GitProjects/WKIRO-Project/data/PC008/Session1/Overground_Walk/Walk_Fast/Post_Process/Walk_Fast5.csv,female,0,test
PC008,Session1,overground,walk,fast,Overground_Walk,Walk_Fast,C:/Users/KUBA/GitProjects/WKIRO-Project/data/PC008/Session1/Overground_Walk/Walk_Fast/Post_Process/Walk_Fast6.csv,female,0,train
PC008,Session1,overground,walk,fast,Overground_Walk,Walk_Fast,C:/Users/KUBA/GitProjects/WKIRO-Project/data/PC008/Session1/Overground_Walk/Walk_Fast/Post_Process/Walk_Fast7.csv,female,0,val
PC008,Session1,overground,walk,fast,Overground_Walk,Walk_Fast,C:/Users/KUBA/GitProjects/WKIRO-Project/data/PC008/Session1/Overground_Walk/Walk_Fast/Post_Process/Walk_Fast8.csv,female,0,train
PC008,Session1,overground,walk,slow,Overground_Walk,Walk_Slow,C:/Users/KUBA/GitProjects/WKIRO-Project/data/PC008/Session1/Overground_Walk/Walk_Slow/Post_Process/Walk_Slow1.csv,female,0,train
PC008,Session1,overground,walk,slow,Overground_Walk,Walk_Slow,C:/Users/KUBA/GitProjects/WKIRO-Project/data/PC008/Session1/Overground_Walk/Walk_Slow/Post_Process/Walk_Slow2.csv,female,0,train
PC008,Session1,overground,walk,slow,Overground_Walk,Walk_Slow,C:/Users/KUBA/GitProjects/WKIRO-Project/data/PC008/Session1/Overground_Walk/Walk_Slow/Post_Process/Walk_Slow3.csv,female,0,train
PC008,Session1,overground,walk,slow,Overground_Walk,Walk_Slow,C:/Users/KUBA/GitProjects/WKIRO-Project/data/PC008/Session1/Overground_Walk/Walk_Slow/Post_Process/Walk_Slow4.csv,female,0,test
PC008,Session1,overground,walk,slow,Overground_Walk,Walk_Slow,C:/Users/KUBA/GitProjects/WKIRO-Project/data/PC008/Session1/Overground_Walk/Walk_Slow/Post_Process/Walk_Slow5.csv,female,0,train
PC008,Session1,overground,walk,slow,Overground_Walk,Walk_Slow,C:/Users/KUBA/GitProjects/WKIRO-Project/data/PC008/Session1/Overground_Walk/Walk_Slow/Post_Process/Walk_Slow6.csv,female,0,train
PC008,Session1,treadmill,run,comfortable,Treadmill_Run,Treadmill_Run_Comfortable,C:/Users/KUBA/GitProjects/WKIRO-Project/data/PC008/Session1/Treadmill_Run/Treadmill_Run_Comfortable/Post_Process/Treadmill_Run_Comfortable.csv,female,0,train
PC008,Session1,treadmill,run,fast,Treadmill_Run,Treadmill_Run_Fast,C:/Users/KUBA/GitProjects/WKIRO-Project/data/PC008/Session1/Treadmill_Run/Treadmill_Run_Fast/Post_Process/Treadmill_Run_Fast.csv,female,0,train
PC008,Session1,treadmill,walk,comfortable,Treadmill_Walk,Treadmill_Walk_Comfortable,C:/Users/KUBA/GitProjects/WKIRO-Project/data/PC008/Session1/Treadmill_Walk/Treadmill_Walk_Comfortable/Post_Process/Treadmill_Walk_Comfortable.csv,female,0,val
PC008,Session1,treadmill,walk,fast,Treadmill_Walk,Treadmill_Walk_Fast,C:/Users/KUBA/GitProjects/WKIRO-Project/data/PC008/Session1/Treadmill_Walk/Treadmill_Walk_Fast/Post_Process/Treadmill_Walk_Fast.csv,female,0,test
PC008,Session1,treadmill,walk,slow,Treadmill_Walk,Treadmill_Walk_Slow,C:/Users/KUBA/GitProjects/WKIRO-Project/data/PC008/Session1/Treadmill_Walk/Treadmill_Walk_Slow/Post_Process/Treadmill_Walk_Slow.csv,female,0,test
PC008,Session2,overground,run,comfortable,Overground_Run,Run_Comfortable,C:/Users/KUBA/GitProjects/WKIRO-Project/data/PC008/Session2/Overground_Run/Run_Comfortable/Post_Process/Run_Comfortable1.csv,female,0,test
PC008,Session2,overground,run,comfortable,Overground_Run,Run_Comfortable,C:/Users/KUBA/GitProjects/WKIRO-Project/data/PC008/Session2/Overground_Run/Run_Comfortable/Post_Process/Run_Comfortable10.csv,female,0,val
PC008,Session2,overground,run,comfortable,Overground_Run,Run_Comfortable,C:/Users/KUBA/GitProjects/WKIRO-Project/data/PC008/Session2/Overground_Run/Run_Comfortable/Post_Process/Run_Comfortable11.csv,female,0,train
PC008,Session2,overground,run,comfortable,Overground_Run,Run_Comfortable,C:/Users/KUBA/GitProjects/WKIRO-Project/data/PC008/Session2/Overground_Run/Run_Comfortable/Post_Process/Run_Comfortable12.csv,female,0,test
PC008,Session2,overground,run,comfortable,Overground_Run,Run_Comfortable,C:/Users/KUBA/GitProjects/WKIRO-Project/data/PC008/Session2/Overground_Run/Run_Comfortable/Post_Process/Run_Comfortable13.csv,female,0,test
PC008,Session2,overground,run,comfortable,Overground_Run,Run_Comfortable,C:/Users/KUBA/GitProjects/WKIRO-Project/data/PC008/Session2/Overground_Run/Run_Comfortable/Post_Process/Run_Comfortable14.csv,female,0,val
PC008,Session2,overground,run,comfortable,Overground_Run,Run_Comfortable,C:/Users/KUBA/GitProjects/WKIRO-Project/data/PC008/Session2/Overground_Run/Run_Comfortable/Post_Process/Run_Comfortable15.csv,female,0,train
PC008,Session2,overground,run,comfortable,Overground_Run,Run_Comfortable,C:/Users/KUBA/GitProjects/WKIRO-Project/data/PC008/Session2/Overground_Run/Run_Comfortable/Post_Process/Run_Comfortable16.csv,female,0,train
PC008,Session2,overground,run,comfortable,Overground_Run,Run_Comfortable,C:/Users/KUBA/GitProjects/WKIRO-Project/data/PC008/Session2/Overground_Run/Run_Comfortable/Post_Process/Run_Comfortable2.csv,female,0,train
PC008,Session2,overground,run,comfortable,Overground_Run,Run_Comfortable,C:/Users/KUBA/GitProjects/WKIRO-Project/data/PC008/Session2/Overground_Run/Run_Comfortable/Post_Process/Run_Comfortable3.csv,female,0,train
PC008,Session2,overground,run,comfortable,Overground_Run,Run_Comfortable,C:/Users/KUBA/GitProjects/WKIRO-Project/data/PC008/Session2/Overground_Run/Run_Comfortable/Post_Process/Run_Comfortable4.csv,female,0,train
PC008,Session2,overground,run,comfortable,Overground_Run,Run_Comfortable,C:/Users/KUBA/GitProjects/WKIRO-Project/data/PC008/Session2/Overground_Run/Run_Comfortable/Post_Process/Run_Comfortable5.csv,female,0,train
PC008,Session2,overground,run,comfortable,Overground_Run,Run_Comfortable,C:/Users/KUBA/GitProjects/WKIRO-Project/data/PC008/Session2/Overground_Run/Run_Comfortable/Post_Process/Run_Comfortable6.csv,female,0,train
PC008,Session2,overground,run,comfortable,Overground_Run,Run_Comfortable,C:/Users/KUBA/GitProjects/WKIRO-Project/data/PC008/Session2/Overground_Run/Run_Comfortable/Post_Process/Run_Comfortable7.csv,female,0,train
PC008,Session2,overground,run,comfortable,Overground_Run,Run_Comfortable,C:/Users/KUBA/GitProjects/WKIRO-Project/data/PC008/Session2/Overground_Run/Run_Comfortable/Post_Process/Run_Comfortable8.csv,female,0,train
PC008,Session2,overground,run,comfortable,Overground_Run,Run_Comfortable,C:/Users/KUBA/GitProjects/WKIRO-Project/data/PC008/Session2/Overground_Run/Run_Comfortable/Post_Process/Run_Comfortable9.csv,female,0,train
PC008,Session2,overground,run,fast,Overground_Run,Run_Fast,C:/Users/KUBA/GitProjects/WKIRO-Project/data/PC008/Session2/Overground_Run/Run_Fast/Post_Process/Run_Fast1.csv,female,0,train
PC008,Session2,overground,run,fast,Overground_Run,Run_Fast,C:/Users/KUBA/GitProjects/WKIRO-Project/data/PC008/Session2/Overground_Run/Run_Fast/Post_Process/Run_Fast10.csv,female,0,train
PC008,Session2,overground,run,fast,Overground_Run,Run_Fast,C:/Users/KUBA/GitProjects/WKIRO-Project/data/PC008/Session2/Overground_Run/Run_Fast/Post_Process/Run_Fast11.csv,female,0,val
PC008,Session2,overground,run,fast,Overground_Run,Run_Fast,C:/Users/KUBA/GitProjects/WKIRO-Project/data/PC008/Session2/Overground_Run/Run_Fast/Post_Process/Run_Fast12.csv,female,0,train
PC008,Session2,overground,run,fast,Overground_Run,Run_Fast,C:/Users/KUBA/GitProjects/WKIRO-Project/data/PC008/Session2/Overground_Run/Run_Fast/Post_Process/Run_Fast13.csv,female,0,train
PC008,Session2,overground,run,fast,Overground_Run,Run_Fast,C:/Users/KUBA/GitProjects/WKIRO-Project/data/PC008/Session2/Overground_Run/Run_Fast/Post_Process/Run_Fast14.csv,female,0,train
PC008,Session2,overground,run,fast,Overground_Run,Run_Fast,C:/Users/KUBA/GitProjects/WKIRO-Project/data/PC008/Session2/Overground_Run/Run_Fast/Post_Process/Run_Fast2.csv,female,0,test
PC008,Session2,overground,run,fast,Overground_Run,Run_Fast,C:/Users/KUBA/GitProjects/WKIRO-Project/data/PC008/Session2/Overground_Run/Run_Fast/Post_Process/Run_Fast3.csv,female,0,train
PC008,Session2,overground,run,fast,Overground_Run,Run_Fast,C:/Users/KUBA/GitProjects/WKIRO-Project/data/PC008/Session2/Overground_Run/Run_Fast/Post_Process/Run_Fast4.csv,female,0,train
PC008,Session2,overground,run,fast,Overground_Run,Run_Fast,C:/Users/KUBA/GitProjects/WKIRO-Project/data/PC008/Session2/Overground_Run/Run_Fast/Post_Process/Run_Fast5.csv,female,0,train
PC008,Session2,overground,run,fast,Overground_Run,Run_Fast,C:/Users/KUBA/GitProjects/WKIRO-Project/data/PC008/Session2/Overground_Run/Run_Fast/Post_Process/Run_Fast6.csv,female,0,train
PC008,Session2,overground,run,fast,Overground_Run,Run_Fast,C:/Users/KUBA/GitProjects/WKIRO-Project/data/PC008/Session2/Overground_Run/Run_Fast/Post_Process/Run_Fast7.csv,female,0,train
PC008,Session2,overground,run,fast,Overground_Run,Run_Fast,C:/Users/KUBA/GitProjects/WKIRO-Project/data/PC008/Session2/Overground_Run/Run_Fast/Post_Process/Run_Fast8.csv,female,0,train
PC008,Session2,overground,run,fast,Overground_Run,Run_Fast,C:/Users/KUBA/GitProjects/WKIRO-Project/data/PC008/Session2/Overground_Run/Run_Fast/Post_Process/Run_Fast9.csv,female,0,train
PC008,Session2,overground,walk,comfortable,Overground_Walk,Walk_Comfortable,C:/Users/KUBA/GitProjects/WKIRO-Project/data/PC008/Session2/Overground_Walk/Walk_Comfortable/Post_Process/Walk_Comfortable1.csv,female,0,val
PC008,Session2,overground,walk,comfortable,Overground_Walk,Walk_Comfortable,C:/Users/KUBA/GitProjects/WKIRO-Project/data/PC008/Session2/Overground_Walk/Walk_Comfortable/Post_Process/Walk_Comfortable10.csv,female,0,train
PC008,Session2,overground,walk,comfortable,Overground_Walk,Walk_Comfortable,C:/Users/KUBA/GitProjects/WKIRO-Project/data/PC008/Session2/Overground_Walk/Walk_Comfortable/Post_Process/Walk_Comfortable11.csv,female,0,test
PC008,Session2,overground,walk,comfortable,Overground_Walk,Walk_Comfortable,C:/Users/KUBA/GitProjects/WKIRO-Project/data/PC008/Session2/Overground_Walk/Walk_Comfortable/Post_Process/Walk_Comfortable12.csv,female,0,train
PC008,Session2,overground,walk,comfortable,Overground_Walk,Walk_Comfortable,C:/Users/KUBA/GitProjects/WKIRO-Project/data/PC008/Session2/Overground_Walk/Walk_Comfortable/Post_Process/Walk_Comfortable13.csv,female,0,train
PC008,Session2,overground,walk,comfortable,Overground_Walk,Walk_Comfortable,C:/Users/KUBA/GitProjects/WKIRO-Project/data/PC008/Session2/Overground_Walk/Walk_Comfortable/Post_Process/Walk_Comfortable14.csv,female,0,train
PC008,Session2,overground,walk,comfortable,Overground_Walk,Walk_Comfortable,C:/Users/KUBA/GitProjects/WKIRO-Project/data/PC008/Session2/Overground_Walk/Walk_Comfortable/Post_Process/Walk_Comfortable2.csv,female,0,train
PC008,Session2,overground,walk,comfortable,Overground_Walk,Walk_Comfortable,C:/Users/KUBA/GitProjects/WKIRO-Project/data/PC008/Session2/Overground_Walk/Walk_Comfortable/Post_Process/Walk_Comfortable3.csv,female,0,val
PC008,Session2,overground,walk,comfortable,Overground_Walk,Walk_Comfortable,C:/Users/KUBA/GitProjects/WKIRO-Project/data/PC008/Session2/Overground_Walk/Walk_Comfortable/Post_Process/Walk_Comfortable4.csv,female,0,train
PC008,Session2,overground,walk,comfortable,Overground_Walk,Walk_Comfortable,C:/Users/KUBA/GitProjects/WKIRO-Project/data/PC008/Session2/Overground_Walk/Walk_Comfortable/Post_Process/Walk_Comfortable5.csv,female,0,train
PC008,Session2,overground,walk,comfortable,Overground_Walk,Walk_Comfortable,C:/Users/KUBA/GitProjects/WKIRO-Project/data/PC008/Session2/Overground_Walk/Walk_Comfortable/Post_Process/Walk_Comfortable6.csv,female,0,train
PC008,Session2,overground,walk,comfortable,Overground_Walk,Walk_Comfortable,C:/Users/KUBA/GitProjects/WKIRO-Project/data/PC008/Session2/Overground_Walk/Walk_Comfortable/Post_Process/Walk_Comfortable7.csv,female,0,train
PC008,Session2,overground,walk,comfortable,Overground_Walk,Walk_Comfortable,C:/Users/KUBA/GitProjects/WKIRO-Project/data/PC008/Session2/Overground_Walk/Walk_Comfortable/Post_Process/Walk_Comfortable8.csv,female,0,train
PC008,Session2,overground,walk,comfortable,Overground_Walk,Walk_Comfortable,C:/Users/KUBA/GitProjects/WKIRO-Project/data/PC008/Session2/Overground_Walk/Walk_Comfortable/Post_Process/Walk_Comfortable9.csv,female,0,train
PC008,Session2,overground,walk,fast,Overground_Walk,Walk_Fast,C:/Users/KUBA/GitProjects/WKIRO-Project/data/PC008/Session2/Overground_Walk/Walk_Fast/Post_Process/Walk_Fast1.csv,female,0,train
PC008,Session2,overground,walk,fast,Overground_Walk,Walk_Fast,C:/Users/KUBA/GitProjects/WKIRO-Project/data/PC008/Session2/Overground_Walk/Walk_Fast/Post_Process/Walk_Fast10.csv,female,0,train
PC008,Session2,overground,walk,fast,Overground_Walk,Walk_Fast,C:/Users/KUBA/GitProjects/WKIRO-Project/data/PC008/Session2/Overground_Walk/Walk_Fast/Post_Process/Walk_Fast11.csv,female,0,train
PC008,Session2,overground,walk,fast,Overground_Walk,Walk_Fast,C:/Users/KUBA/GitProjects/WKIRO-Project/data/PC008/Session2/Overground_Walk/Walk_Fast/Post_Process/Walk_Fast12.csv,female,0,train
PC008,Session2,overground,walk,fast,Overground_Walk,Walk_Fast,C:/Users/KUBA/GitProjects/WKIRO-Project/data/PC008/Session2/Overground_Walk/Walk_Fast/Post_Process/Walk_Fast13.csv,female,0,train
PC008,Session2,overground,walk,fast,Overground_Walk,Walk_Fast,C:/Users/KUBA/GitProjects/WKIRO-Project/data/PC008/Session2/Overground_Walk/Walk_Fast/Post_Process/Walk_Fast14.csv,female,0,train
PC008,Session2,overground,walk,fast,Overground_Walk,Walk_Fast,C:/Users/KUBA/GitProjects/WKIRO-Project/data/PC008/Session2/Overground_Walk/Walk_Fast/Post_Process/Walk_Fast15.csv,female,0,val
PC008,Session2,overground,walk,fast,Overground_Walk,Walk_Fast,C:/Users/KUBA/GitProjects/WKIRO-Project/data/PC008/Session2/Overground_Walk/Walk_Fast/Post_Process/Walk_Fast16.csv,female,0,train
PC008,Session2,overground,walk,fast,Overground_Walk,Walk_Fast,C:/Users/KUBA/GitProjects/WKIRO-Project/data/PC008/Session2/Overground_Walk/Walk_Fast/Post_Process/Walk_Fast2.csv,female,0,train
PC008,Session2,overground,walk,fast,Overground_Walk,Walk_Fast,C:/Users/KUBA/GitProjects/WKIRO-Project/data/PC008/Session2/Overground_Walk/Walk_Fast/Post_Process/Walk_Fast3.csv,female,0,train
PC008,Session2,overground,walk,fast,Overground_Walk,Walk_Fast,C:/Users/KUBA/GitProjects/WKIRO-Project/data/PC008/Session2/Overground_Walk/Walk_Fast/Post_Process/Walk_Fast4.csv,female,0,train
PC008,Session2,overground,walk,fast,Overground_Walk,Walk_Fast,C:/Users/KUBA/GitProjects/WKIRO-Project/data/PC008/Session2/Overground_Walk/Walk_Fast/Post_Process/Walk_Fast5.csv,female,0,train
PC008,Session2,overground,walk,fast,Overground_Walk,Walk_Fast,C:/Users/KUBA/GitProjects/WKIRO-Project/data/PC008/Session2/Overground_Walk/Walk_Fast/Post_Process/Walk_Fast6.csv,female,0,train
PC008,Session2,overground,walk,fast,Overground_Walk,Walk_Fast,C:/Users/KUBA/GitProjects/WKIRO-Project/data/PC008/Session2/Overground_Walk/Walk_Fast/Post_Process/Walk_Fast7.csv,female,0,train
PC008,Session2,overground,walk,fast,Overground_Walk,Walk_Fast,C:/Users/KUBA/GitProjects/WKIRO-Project/data/PC008/Session2/Overground_Walk/Walk_Fast/Post_Process/Walk_Fast8.csv,female,0,train
PC008,Session2,overground,walk,fast,Overground_Walk,Walk_Fast,C:/Users/KUBA/GitProjects/WKIRO-Project/data/PC008/Session2/Overground_Walk/Walk_Fast/Post_Process/Walk_Fast9.csv,female,0,train
PC008,Session2,overground,walk,slow,Overground_Walk,Walk_Slow,C:/Users/KUBA/GitProjects/WKIRO-Project/data/PC008/Session2/Overground_Walk/Walk_Slow/Post_Process/Walk_Slow1.csv,female,0,train
PC008,Session2,overground,walk,slow,Overground_Walk,Walk_Slow,C:/Users/KUBA/GitProjects/WKIRO-Project/data/PC008/Session2/Overground_Walk/Walk_Slow/Post_Process/Walk_Slow10.csv,female,0,train
PC008,Session2,overground,walk,slow,Overground_Walk,Walk_Slow,C:/Users/KUBA/GitProjects/WKIRO-Project/data/PC008/Session2/Overground_Walk/Walk_Slow/Post_Process/Walk_Slow11.csv,female,0,train
PC008,Session2,overground,walk,slow,Overground_Walk,Walk_Slow,C:/Users/KUBA/GitProjects/WKIRO-Project/data/PC008/Session2/Overground_Walk/Walk_Slow/Post_Process/Walk_Slow12.csv,female,0,test
PC008,Session2,overground,walk,slow,Overground_Walk,Walk_Slow,C:/Users/KUBA/GitProjects/WKIRO-Project/data/PC008/Session2/Overground_Walk/Walk_Slow/Post_Process/Walk_Slow13.csv,female,0,train
PC008,Session2,overground,walk,slow,Overground_Walk,Walk_Slow,C:/Users/KUBA/GitProjects/WKIRO-Project/data/PC008/Session2/Overground_Walk/Walk_Slow/Post_Process/Walk_Slow14.csv,female,0,val
PC008,Session2,overground,walk,slow,Overground_Walk,Walk_Slow,C:/Users/KUBA/GitProjects/WKIRO-Project/data/PC008/Session2/Overground_Walk/Walk_Slow/Post_Process/Walk_Slow2.csv,female,0,train
PC008,Session2,overground,walk,slow,Overground_Walk,Walk_Slow,C:/Users/KUBA/GitProjects/WKIRO-Project/data/PC008/Session2/Overground_Walk/Walk_Slow/Post_Process/Walk_Slow3.csv,female,0,test
PC008,Session2,overground,walk,slow,Overground_Walk,Walk_Slow,C:/Users/KUBA/GitProjects/WKIRO-Project/data/PC008/Session2/Overground_Walk/Walk_Slow/Post_Process/Walk_Slow4.csv,female,0,train
PC008,Session2,overground,walk,slow,Overground_Walk,Walk_Slow,C:/Users/KUBA/GitProjects/WKIRO-Project/data/PC008/Session2/Overground_Walk/Walk_Slow/Post_Process/Walk_Slow5.csv,female,0,train
PC008,Session2,overground,walk,slow,Overground_Walk,Walk_Slow,C:/Users/KUBA/GitProjects/WKIRO-Project/data/PC008/Session2/Overground_Walk/Walk_Slow/Post_Process/Walk_Slow6.csv,female,0,test
PC008,Session2,overground,walk,slow,Overground_Walk,Walk_Slow,C:/Users/KUBA/GitProjects/WKIRO-Project/data/PC008/Session2/Overground_Walk/Walk_Slow/Post_Process/Walk_Slow7.csv,female,0,train
PC008,Session2,overground,walk,slow,Overground_Walk,Walk_Slow,C:/Users/KUBA/GitProjects/WKIRO-Project/data/PC008/Session2/Overground_Walk/Walk_Slow/Post_Process/Walk_Slow8.csv,female,0,train
PC008,Session2,overground,walk,slow,Overground_Walk,Walk_Slow,C:/Users/KUBA/GitProjects/WKIRO-Project/data/PC008/Session2/Overground_Walk/Walk_Slow/Post_Process/Walk_Slow9.csv,female,0,train
PC008,Session2,treadmill,run,comfortable,Treadmill_Run,Treadmill_Run_Comfortable,C:/Users/KUBA/GitProjects/WKIRO-Project/data/PC008/Session2/Treadmill_Run/Treadmill_Run_Comfortable/Post_Process/Treadmill_Run_Comfortable.csv,female,0,val
PC008,Session2,treadmill,run,fast,Treadmill_Run,Treadmill_Run_Fast,C:/Users/KUBA/GitProjects/WKIRO-Project/data/PC008/Session2/Treadmill_Run/Treadmill_Run_Fast/Post_Process/Treadmill_Run_Fast.csv,female,0,train
PC008,Session2,treadmill,walk,comfortable,Treadmill_Walk,Treadmill_Walk_Comfortable,C:/Users/KUBA/GitProjects/WKIRO-Project/data/PC008/Session2/Treadmill_Walk/Treadmill_Walk_Comfortable/Post_Process/Treadmill_Walk_Comfortable.csv,female,0,train
PC008,Session2,treadmill,walk,fast,Treadmill_Walk,Treadmill_Walk_Fast,C:/Users/KUBA/GitProjects/WKIRO-Project/data/PC008/Session2/Treadmill_Walk/Treadmill_Walk_Fast/Post_Process/Treadmill_Walk_Fast.csv,female,0,val
PC008,Session2,treadmill,walk,slow,Treadmill_Walk,Treadmill_Walk_Slow,C:/Users/KUBA/GitProjects/WKIRO-Project/data/PC008/Session2/Treadmill_Walk/Treadmill_Walk_Slow/Post_Process/Treadmill_Walk_Slow.csv,female,0,test
PQ006,Session1,overground,run,comfortable,Overground_Run,Run_Comfortable,C:/Users/KUBA/GitProjects/WKIRO-Project/data/PQ006/Session1/Overground_Run/Run_Comfortable/Post_Process/Run_Comfortable1.csv,male,1,val
PQ006,Session1,overground,run,comfortable,Overground_Run,Run_Comfortable,C:/Users/KUBA/GitProjects/WKIRO-Project/data/PQ006/Session1/Overground_Run/Run_Comfortable/Post_Process/Run_Comfortable10.csv,male,1,train
PQ006,Session1,overground,run,comfortable,Overground_Run,Run_Comfortable,C:/Users/KUBA/GitProjects/WKIRO-Project/data/PQ006/Session1/Overground_Run/Run_Comfortable/Post_Process/Run_Comfortable11.csv,male,1,train
PQ006,Session1,overground,run,comfortable,Overground_Run,Run_Comfortable,C:/Users/KUBA/GitProjects/WKIRO-Project/data/PQ006/Session1/Overground_Run/Run_Comfortable/Post_Process/Run_Comfortable12.csv,male,1,train
PQ006,Session1,overground,run,comfortable,Overground_Run,Run_Comfortable,C:/Users/KUBA/GitProjects/WKIRO-Project/data/PQ006/Session1/Overground_Run/Run_Comfortable/Post_Process/Run_Comfortable13.csv,male,1,val
PQ006,Session1,overground,run,comfortable,Overground_Run,Run_Comfortable,C:/Users/KUBA/GitProjects/WKIRO-Project/data/PQ006/Session1/Overground_Run/Run_Comfortable/Post_Process/Run_Comfortable14.csv,male,1,train
PQ006,Session1,overground,run,comfortable,Overground_Run,Run_Comfortable,C:/Users/KUBA/GitProjects/WKIRO-Project/data/PQ006/Session1/Overground_Run/Run_Comfortable/Post_Process/Run_Comfortable15.csv,male,1,train
PQ006,Session1,overground,run,comfortable,Overground_Run,Run_Comfortable,C:/Users/KUBA/GitProjects/WKIRO-Project/data/PQ006/Session1/Overground_Run/Run_Comfortable/Post_Process/Run_Comfortable2.csv,male,1,train
PQ006,Session1,overground,run,comfortable,Overground_Run,Run_Comfortable,C:/Users/KUBA/GitProjects/WKIRO-Project/data/PQ006/Session1/Overground_Run/Run_Comfortable/Post_Process/Run_Comfortable3.csv,male,1,train
PQ006,Session1,overground,run,comfortable,Overground_Run,Run_Comfortable,C:/Users/KUBA/GitProjects/WKIRO-Project/data/PQ006/Session1/Overground_Run/Run_Comfortable/Post_Process/Run_Comfortable4.csv,male,1,train
PQ006,Session1,overground,run,comfortable,Overground_Run,Run_Comfortable,C:/Users/KUBA/GitProjects/WKIRO-Project/data/PQ006/Session1/Overground_Run/Run_Comfortable/Post_Process/Run_Comfortable5.csv,male,1,test
PQ006,Session1,overground,run,comfortable,Overground_Run,Run_Comfortable,C:/Users/KUBA/GitProjects/WKIRO-Project/data/PQ006/Session1/Overground_Run/Run_Comfortable/Post_Process/Run_Comfortable6.csv,male,1,val
PQ006,Session1,overground,run,comfortable,Overground_Run,Run_Comfortable,C:/Users/KUBA/GitProjects/WKIRO-Project/data/PQ006/Session1/Overground_Run/Run_Comfortable/Post_Process/Run_Comfortable7.csv,male,1,train
PQ006,Session1,overground,run,comfortable,Overground_Run,Run_Comfortable,C:/Users/KUBA/GitProjects/WKIRO-Project/data/PQ006/Session1/Overground_Run/Run_Comfortable/Post_Process/Run_Comfortable8.csv,male,1,train
PQ006,Session1,overground,run,comfortable,Overground_Run,Run_Comfortable,C:/Users/KUBA/GitProjects/WKIRO-Project/data/PQ006/Session1/Overground_Run/Run_Comfortable/Post_Process/Run_Comfortable9.csv,male,1,train
PQ006,Session1,overground,run,fast,Overground_Run,Run_Fast,C:/Users/KUBA/GitProjects/WKIRO-Project/data/PQ006/Session1/Overground_Run/Run_Fast/Post_Process/Run_Fast1.csv,male,1,train
PQ006,Session1,overground,run,fast,Overground_Run,Run_Fast,C:/Users/KUBA/GitProjects/WKIRO-Project/data/PQ006/Session1/Overground_Run/Run_Fast/Post_Process/Run_Fast10.csv,male,1,train
PQ006,Session1,overground,run,fast,Overground_Run,Run_Fast,C:/Users/KUBA/GitProjects/WKIRO-Project/data/PQ006/Session1/Overground_Run/Run_Fast/Post_Process/Run_Fast11.csv,male,1,train
PQ006,Session1,overground,run,fast,Overground_Run,Run_Fast,C:/Users/KUBA/GitProjects/WKIRO-Project/data/PQ006/Session1/Overground_Run/Run_Fast/Post_Process/Run_Fast12.csv,male,1,val
PQ006,Session1,overground,run,fast,Overground_Run,Run_Fast,C:/Users/KUBA/GitProjects/WKIRO-Project/data/PQ006/Session1/Overground_Run/Run_Fast/Post_Process/Run_Fast13.csv,male,1,train
PQ006,Session1,overground,run,fast,Overground_Run,Run_Fast,C:/Users/KUBA/GitProjects/WKIRO-Project/data/PQ006/Session1/Overground_Run/Run_Fast/Post_Process/Run_Fast2.csv,male,1,train
PQ006,Session1,overground,run,fast,Overground_Run,Run_Fast,C:/Users/KUBA/GitProjects/WKIRO-Project/data/PQ006/Session1/Overground_Run/Run_Fast/Post_Process/Run_Fast3.csv,male,1,train
PQ006,Session1,overground,run,fast,Overground_Run,Run_Fast,C:/Users/KUBA/GitProjects/WKIRO-Project/data/PQ006/Session1/Overground_Run/Run_Fast/Post_Process/Run_Fast4.csv,male,1,train
PQ006,Session1,overground,run,fast,Overground_Run,Run_Fast,C:/Users/KUBA/GitProjects/WKIRO-Project/data/PQ006/Session1/Overground_Run/Run_Fast/Post_Process/Run_Fast5.csv,male,1,train
PQ006,Session1,overground,run,fast,Overground_Run,Run_Fast,C:/Users/KUBA/GitProjects/WKIRO-Project/data/PQ006/Session1/Overground_Run/Run_Fast/Post_Process/Run_Fast6.csv,male,1,val
PQ006,Session1,overground,run,fast,Overground_Run,Run_Fast,C:/Users/KUBA/GitProjects/WKIRO-Project/data/PQ006/Session1/Overground_Run/Run_Fast/Post_Process/Run_Fast7.csv,male,1,test
PQ006,Session1,overground,run,fast,Overground_Run,Run_Fast,C:/Users/KUBA/GitProjects/WKIRO-Project/data/PQ006/Session1/Overground_Run/Run_Fast/Post_Process/Run_Fast8.csv,male,1,val
PQ006,Session1,overground,run,fast,Overground_Run,Run_Fast,C:/Users/KUBA/GitProjects/WKIRO-Project/data/PQ006/Session1/Overground_Run/Run_Fast/Post_Process/Run_Fast9.csv,male,1,train
PQ006,Session1,overground,walk,comfortable,Overground_Walk,Walk_Comfortable,C:/Users/KUBA/GitProjects/WKIRO-Project/data/PQ006/Session1/Overground_Walk/Walk_Comfortable/Post_Process/Walk_Comfortable1.csv,male,1,train
PQ006,Session1,overground,walk,comfortable,Overground_Walk,Walk_Comfortable,C:/Users/KUBA/GitProjects/WKIRO-Project/data/PQ006/Session1/Overground_Walk/Walk_Comfortable/Post_Process/Walk_Comfortable10.csv,male,1,train
PQ006,Session1,overground,walk,comfortable,Overground_Walk,Walk_Comfortable,C:/Users/KUBA/GitProjects/WKIRO-Project/data/PQ006/Session1/Overground_Walk/Walk_Comfortable/Post_Process/Walk_Comfortable2.csv,male,1,train
PQ006,Session1,overground,walk,comfortable,Overground_Walk,Walk_Comfortable,C:/Users/KUBA/GitProjects/WKIRO-Project/data/PQ006/Session1/Overground_Walk/Walk_Comfortable/Post_Process/Walk_Comfortable3.csv,male,1,train
PQ006,Session1,overground,walk,comfortable,Overground_Walk,Walk_Comfortable,C:/Users/KUBA/GitProjects/WKIRO-Project/data/PQ006/Session1/Overground_Walk/Walk_Comfortable/Post_Process/Walk_Comfortable4.csv,male,1,train
PQ006,Session1,overground,walk,comfortable,Overground_Walk,Walk_Comfortable,C:/Users/KUBA/GitProjects/WKIRO-Project/data/PQ006/Session1/Overground_Walk/Walk_Comfortable/Post_Process/Walk_Comfortable5.csv,male,1,test
PQ006,Session1,overground,walk,comfortable,Overground_Walk,Walk_Comfortable,C:/Users/KUBA/GitProjects/WKIRO-Project/data/PQ006/Session1/Overground_Walk/Walk_Comfortable/Post_Process/Walk_Comfortable6.csv,male,1,test
PQ006,Session1,overground,walk,comfortable,Overground_Walk,Walk_Comfortable,C:/Users/KUBA/GitProjects/WKIRO-Project/data/PQ006/Session1/Overground_Walk/Walk_Comfortable/Post_Process/Walk_Comfortable7.csv,male,1,train
PQ006,Session1,overground,walk,comfortable,Overground_Walk,Walk_Comfortable,C:/Users/KUBA/GitProjects/WKIRO-Project/data/PQ006/Session1/Overground_Walk/Walk_Comfortable/Post_Process/Walk_Comfortable8.csv,male,1,train
PQ006,Session1,overground,walk,comfortable,Overground_Walk,Walk_Comfortable,C:/Users/KUBA/GitProjects/WKIRO-Project/data/PQ006/Session1/Overground_Walk/Walk_Comfortable/Post_Process/Walk_Comfortable9.csv,male,1,test
PQ006,Session1,overground,walk,fast,Overground_Walk,Walk_Fast,C:/Users/KUBA/GitProjects/WKIRO-Project/data/PQ006/Session1/Overground_Walk/Walk_Fast/Post_Process/Walk_Fast1.csv,male,1,test
PQ006,Session1,overground,walk,fast,Overground_Walk,Walk_Fast,C:/Users/KUBA/GitProjects/WKIRO-Project/data/PQ006/Session1/Overground_Walk/Walk_Fast/Post_Process/Walk_Fast10.csv,male,1,train
PQ006,Session1,overground,walk,fast,Overground_Walk,Walk_Fast,C:/Users/KUBA/GitProjects/WKIRO-Project/data/PQ006/Session1/Overground_Walk/Walk_Fast/Post_Process/Walk_Fast11.csv,male,1,val
PQ006,Session1,overground,walk,fast,Overground_Walk,Walk_Fast,C:/Users/KUBA/GitProjects/WKIRO-Project/data/PQ006/Session1/Overground_Walk/Walk_Fast/Post_Process/Walk_Fast12.csv,male,1,train
PQ006,Session1,overground,walk,fast,Overground_Walk,Walk_Fast,C:/Users/KUBA/GitProjects/WKIRO-Project/data/PQ006/Session1/Overground_Walk/Walk_Fast/Post_Process/Walk_Fast13.csv,male,1,test
PQ006,Session1,overground,walk,fast,Overground_Walk,Walk_Fast,C:/Users/KUBA/GitProjects/WKIRO-Project/data/PQ006/Session1/Overground_Walk/Walk_Fast/Post_Process/Walk_Fast14.csv,male,1,val
PQ006,Session1,overground,walk,fast,Overground_Walk,Walk_Fast,C:/Users/KUBA/GitProjects/WKIRO-Project/data/PQ006/Session1/Overground_Walk/Walk_Fast/Post_Process/Walk_Fast15.csv,male,1,train
PQ006,Session1,overground,walk,fast,Overground_Walk,Walk_Fast,C:/Users/KUBA/GitProjects/WKIRO-Project/data/PQ006/Session1/Overground_Walk/Walk_Fast/Post_Process/Walk_Fast2.csv,male,1,train
PQ006,Session1,overground,walk,fast,Overground_Walk,Walk_Fast,C:/Users/KUBA/GitProjects/WKIRO-Project/data/PQ006/Session1/Overground_Walk/Walk_Fast/Post_Process/Walk_Fast3.csv,male,1,train
PQ006,Session1,overground,walk,fast,Overground_Walk,Walk_Fast,C:/Users/KUBA/GitProjects/WKIRO-Project/data/PQ006/Session1/Overground_Walk/Walk_Fast/Post_Process/Walk_Fast4.csv,male,1,train
PQ006,Session1,overground,walk,fast,Overground_Walk,Walk_Fast,C:/Users/KUBA/GitProjects/WKIRO-Project/data/PQ006/Session1/Overground_Walk/Walk_Fast/Post_Process/Walk_Fast5.csv,male,1,train
PQ006,Session1,overground,walk,fast,Overground_Walk,Walk_Fast,C:/Users/KUBA/GitProjects/WKIRO-Project/data/PQ006/Session1/Overground_Walk/Walk_Fast/Post_Process/Walk_Fast6.csv,male,1,train
PQ006,Session1,overground,walk,fast,Overground_Walk,Walk_Fast,C:/Users/KUBA/GitProjects/WKIRO-Project/data/PQ006/Session1/Overground_Walk/Walk_Fast/Post_Process/Walk_Fast7.csv,male,1,train
PQ006,Session1,overground,walk,fast,Overground_Walk,Walk_Fast,C:/Users/KUBA/GitProjects/WKIRO-Project/data/PQ006/Session1/Overground_Walk/Walk_Fast/Post_Process/Walk_Fast8.csv,male,1,val
PQ006,Session1,overground,walk,fast,Overground_Walk,Walk_Fast,C:/Users/KUBA/GitProjects/WKIRO-Project/data/PQ006/Session1/Overground_Walk/Walk_Fast/Post_Process/Walk_Fast9.csv,male,1,train
PQ006,Session1,overground,walk,slow,Overground_Walk,Walk_Slow,C:/Users/KUBA/GitProjects/WKIRO-Project/data/PQ006/Session1/Overground_Walk/Walk_Slow/Post_Process/Walk_Slow1.csv,male,1,train
PQ006,Session1,overground,walk,slow,Overground_Walk,Walk_Slow,C:/Users/KUBA/GitProjects/WKIRO-Project/data/PQ006/Session1/Overground_Walk/Walk_Slow/Post_Process/Walk_Slow10.csv,male,1,train
PQ006,Session1,overground,walk,slow,Overground_Walk,Walk_Slow,C:/Users/KUBA/GitProjects/WKIRO-Project/data/PQ006/Session1/Overground_Walk/Walk_Slow/Post_Process/Walk_Slow11.csv,male,1,train
PQ006,Session1,overground,walk,slow,Overground_Walk,Walk_Slow,C:/Users/KUBA/GitProjects/WKIRO-Project/data/PQ006/Session1/Overground_Walk/Walk_Slow/Post_Process/Walk_Slow12.csv,male,1,train
PQ006,Session1,overground,walk,slow,Overground_Walk,Walk_Slow,C:/Users/KUBA/GitProjects/WKIRO-Project/data/PQ006/Session1/Overground_Walk/Walk_Slow/Post_Process/Walk_Slow13.csv,male,1,train
PQ006,Session1,overground,walk,slow,Overground_Walk,Walk_Slow,C:/Users/KUBA/GitProjects/WKIRO-Project/data/PQ006/Session1/Overground_Walk/Walk_Slow/Post_Process/Walk_Slow14.csv,male,1,test
PQ006,Session1,overground,walk,slow,Overground_Walk,Walk_Slow,C:/Users/KUBA/GitProjects/WKIRO-Project/data/PQ006/Session1/Overground_Walk/Walk_Slow/Post_Process/Walk_Slow15.csv,male,1,test
PQ006,Session1,overground,walk,slow,Overground_Walk,Walk_Slow,C:/Users/KUBA/GitProjects/WKIRO-Project/data/PQ006/Session1/Overground_Walk/Walk_Slow/Post_Process/Walk_Slow2.csv,male,1,test
PQ006,Session1,overground,walk,slow,Overground_Walk,Walk_Slow,C:/Users/KUBA/GitProjects/WKIRO-Project/data/PQ006/Session1/Overground_Walk/Walk_Slow/Post_Process/Walk_Slow3.csv,male,1,train
PQ006,Session1,overground,walk,slow,Overground_Walk,Walk_Slow,C:/Users/KUBA/GitProjects/WKIRO-Project/data/PQ006/Session1/Overground_Walk/Walk_Slow/Post_Process/Walk_Slow4.csv,male,1,test
PQ006,Session1,overground,walk,slow,Overground_Walk,Walk_Slow,C:/Users/KUBA/GitProjects/WKIRO-Project/data/PQ006/Session1/Overground_Walk/Walk_Slow/Post_Process/Walk_Slow5.csv,male,1,train
PQ006,Session1,overground,walk,slow,Overground_Walk,Walk_Slow,C:/Users/KUBA/GitProjects/WKIRO-Project/data/PQ006/Session1/Overground_Walk/Walk_Slow/Post_Process/Walk_Slow6.csv,male,1,train
PQ006,Session1,overground,walk,slow,Overground_Walk,Walk_Slow,C:/Users/KUBA/GitProjects/WKIRO-Project/data/PQ006/Session1/Overground_Walk/Walk_Slow/Post_Process/Walk_Slow7.csv,male,1,train
PQ006,Session1,overground,walk,slow,Overground_Walk,Walk_Slow,C:/Users/KUBA/GitProjects/WKIRO-Project/data/PQ006/Session1/Overground_Walk/Walk_Slow/Post_Process/Walk_Slow8.csv,male,1,train
PQ006,Session1,overground,walk,slow,Overground_Walk,Walk_Slow,C:/Users/KUBA/GitProjects/WKIRO-Project/data/PQ006/Session1/Overground_Walk/Walk_Slow/Post_Process/Walk_Slow9.csv,male,1,train
PQ006,Session1,treadmill,run,comfortable,Treadmill_Run,Treadmill_Run_Comfortable,C:/Users/KUBA/GitProjects/WKIRO-Project/data/PQ006/Session1/Treadmill_Run/Treadmill_Run_Comfortable/Post_Process/Treadmill_Run_Comfortable.csv,male,1,train
PQ006,Session1,treadmill,run,fast,Treadmill_Run,Treadmill_Run_Fast,C:/Users/KUBA/GitProjects/WKIRO-Project/data/PQ006/Session1/Treadmill_Run/Treadmill_Run_Fast/Post_Process/Treadmill_Run_Fast.csv,male,1,train
PQ006,Session1,treadmill,walk,comfortable,Treadmill_Walk,Treadmill_Walk_Comfortable,C:/Users/KUBA/GitProjects/WKIRO-Project/data/PQ006/Session1/Treadmill_Walk/Treadmill_Walk_Comfortable/Post_Process/Treadmill_Walk_Comfortable.csv,male,1,train
PQ006,Session1,treadmill,walk,fast,Treadmill_Walk,Treadmill_Walk_Fast,C:/Users/KUBA/GitProjects/WKIRO-Project/data/PQ006/Session1/Treadmill_Walk/Treadmill_Walk_Fast/Post_Process/Treadmill_Walk_Fast.csv,male,1,test
PQ006,Session1,treadmill,walk,slow,Treadmill_Walk,Treadmill_Walk_Slow,C:/Users/KUBA/GitProjects/WKIRO-Project/data/PQ006/Session1/Treadmill_Walk/Treadmill_Walk_Slow/Post_Process/Treadmill_Walk_Slow.csv,male,1,train
PQ006,Session2,overground,run,comfortable,Overground_Run,Run_Comfortable,C:/Users/KUBA/GitProjects/WKIRO-Project/data/PQ006/Session2/Overground_Run/Run_Comfortable/Post_Process/Run_Comfortable1.csv,male,1,train
PQ006,Session2,overground,run,comfortable,Overground_Run,Run_Comfortable,C:/Users/KUBA/GitProjects/WKIRO-Project/data/PQ006/Session2/Overground_Run/Run_Comfortable/Post_Process/Run_Comfortable10.csv,male,1,train
PQ006,Session2,overground,run,comfortable,Overground_Run,Run_Comfortable,C:/Users/KUBA/GitProjects/WKIRO-Project/data/PQ006/Session2/Overground_Run/Run_Comfortable/Post_Process/Run_Comfortable11.csv,male,1,train
PQ006,Session2,overground,run,comfortable,Overground_Run,Run_Comfortable,C:/Users/KUBA/GitProjects/WKIRO-Project/data/PQ006/Session2/Overground_Run/Run_Comfortable/Post_Process/Run_Comfortable12.csv,male,1,train
PQ006,Session2,overground,run,comfortable,Overground_Run,Run_Comfortable,C:/Users/KUBA/GitProjects/WKIRO-Project/data/PQ006/Session2/Overground_Run/Run_Comfortable/Post_Process/Run_Comfortable13.csv,male,1,val
PQ006,Session2,overground,run,comfortable,Overground_Run,Run_Comfortable,C:/Users/KUBA/GitProjects/WKIRO-Project/data/PQ006/Session2/Overground_Run/Run_Comfortable/Post_Process/Run_Comfortable14.csv,male,1,train
PQ006,Session2,overground,run,comfortable,Overground_Run,Run_Comfortable,C:/Users/KUBA/GitProjects/WKIRO-Project/data/PQ006/Session2/Overground_Run/Run_Comfortable/Post_Process/Run_Comfortable2.csv,male,1,train
PQ006,Session2,overground,run,comfortable,Overground_Run,Run_Comfortable,C:/Users/KUBA/GitProjects/WKIRO-Project/data/PQ006/Session2/Overground_Run/Run_Comfortable/Post_Process/Run_Comfortable3.csv,male,1,val
PQ006,Session2,overground,run,comfortable,Overground_Run,Run_Comfortable,C:/Users/KUBA/GitProjects/WKIRO-Project/data/PQ006/Session2/Overground_Run/Run_Comfortable/Post_Process/Run_Comfortable4.csv,male,1,train
PQ006,Session2,overground,run,comfortable,Overground_Run,Run_Comfortable,C:/Users/KUBA/GitProjects/WKIRO-Project/data/PQ006/Session2/Overground_Run/Run_Comfortable/Post_Process/Run_Comfortable5.csv,male,1,train
PQ006,Session2,overground,run,comfortable,Overground_Run,Run_Comfortable,C:/Users/KUBA/GitProjects/WKIRO-Project/data/PQ006/Session2/Overground_Run/Run_Comfortable/Post_Process/Run_Comfortable6.csv,male,1,test
PQ006,Session2,overground,run,comfortable,Overground_Run,Run_Comfortable,C:/Users/KUBA/GitProjects/WKIRO-Project/data/PQ006/Session2/Overground_Run/Run_Comfortable/Post_Process/Run_Comfortable7.csv,male,1,train
PQ006,Session2,overground,run,comfortable,Overground_Run,Run_Comfortable,C:/Users/KUBA/GitProjects/WKIRO-Project/data/PQ006/Session2/Overground_Run/Run_Comfortable/Post_Process/Run_Comfortable8.csv,male,1,test
PQ006,Session2,overground,run,comfortable,Overground_Run,Run_Comfortable,C:/Users/KUBA/GitProjects/WKIRO-Project/data/PQ006/Session2/Overground_Run/Run_Comfortable/Post_Process/Run_Comfortable9.csv,male,1,test
PQ006,Session2,overground,run,fast,Overground_Run,Run_Fast,C:/Users/KUBA/GitProjects/WKIRO-Project/data/PQ006/Session2/Overground_Run/Run_Fast/Post_Process/Run_Fast1.csv,male,1,test
PQ006,Session2,overground,run,fast,Overground_Run,Run_Fast,C:/Users/KUBA/GitProjects/WKIRO-Project/data/PQ006/Session2/Overground_Run/Run_Fast/Post_Process/Run_Fast10.csv,male,1,train
PQ006,Session2,overground,run,fast,Overground_Run,Run_Fast,C:/Users/KUBA/GitProjects/WKIRO-Project/data/PQ006/Session2/Overground_Run/Run_Fast/Post_Process/Run_Fast11.csv,male,1,val
PQ006,Session2,overground,run,fast,Overground_Run,Run_Fast,C:/Users/KUBA/GitProjects/WKIRO-Project/data/PQ006/Session2/Overground_Run/Run_Fast/Post_Process/Run_Fast12.csv,male,1,val
PQ006,Session2,overground,run,fast,Overground_Run,Run_Fast,C:/Users/KUBA/GitProjects/WKIRO-Project/data/PQ006/Session2/Overground_Run/Run_Fast/Post_Process/Run_Fast13.csv,male,1,train
PQ006,Session2,overground,run,fast,Overground_Run,Run_Fast,C:/Users/KUBA/GitProjects/WKIRO-Project/data/PQ006/Session2/Overground_Run/Run_Fast/Post_Process/Run_Fast14.csv,male,1,train
PQ006,Session2,overground,run,fast,Overground_Run,Run_Fast,C:/Users/KUBA/GitProjects/WKIRO-Project/data/PQ006/Session2/Overground_Run/Run_Fast/Post_Process/Run_Fast2.csv,male,1,train
PQ006,Session2,overground,run,fast,Overground_Run,Run_Fast,C:/Users/KUBA/GitProjects/WKIRO-Project/data/PQ006/Session2/Overground_Run/Run_Fast/Post_Process/Run_Fast3.csv,male,1,val
PQ006,Session2,overground,run,fast,Overground_Run,Run_Fast,C:/Users/KUBA/GitProjects/WKIRO-Project/data/PQ006/Session2/Overground_Run/Run_Fast/Post_Process/Run_Fast4.csv,male,1,train
PQ006,Session2,overground,run,fast,Overground_Run,Run_Fast,C:/Users/KUBA/GitProjects/WKIRO-Project/data/PQ006/Session2/Overground_Run/Run_Fast/Post_Process/Run_Fast5.csv,male,1,train
PQ006,Session2,overground,run,fast,Overground_Run,Run_Fast,C:/Users/KUBA/GitProjects/WKIRO-Project/data/PQ006/Session2/Overground_Run/Run_Fast/Post_Process/Run_Fast6.csv,male,1,train
PQ006,Session2,overground,run,fast,Overground_Run,Run_Fast,C:/Users/KUBA/GitProjects/WKIRO-Project/data/PQ006/Session2/Overground_Run/Run_Fast/Post_Process/Run_Fast7.csv,male,1,test
PQ006,Session2,overground,run,fast,Overground_Run,Run_Fast,C:/Users/KUBA/GitProjects/WKIRO-Project/data/PQ006/Session2/Overground_Run/Run_Fast/Post_Process/Run_Fast8.csv,male,1,val
PQ006,Session2,overground,run,fast,Overground_Run,Run_Fast,C:/Users/KUBA/GitProjects/WKIRO-Project/data/PQ006/Session2/Overground_Run/Run_Fast/Post_Process/Run_Fast9.csv,male,1,train
PQ006,Session2,overground,walk,comfortable,Overground_Walk,Walk_Comfortable,C:/Users/KUBA/GitProjects/WKIRO-Project/data/PQ006/Session2/Overground_Walk/Walk_Comfortable/Post_Process/Walk_Comfortable1.csv,male,1,train
PQ006,Session2,overground,walk,comfortable,Overground_Walk,Walk_Comfortable,C:/Users/KUBA/GitProjects/WKIRO-Project/data/PQ006/Session2/Overground_Walk/Walk_Comfortable/Post_Process/Walk_Comfortable2.csv,male,1,train
PQ006,Session2,overground,walk,comfortable,Overground_Walk,Walk_Comfortable,C:/Users/KUBA/GitProjects/WKIRO-Project/data/PQ006/Session2/Overground_Walk/Walk_Comfortable/Post_Process/Walk_Comfortable3.csv,male,1,train
PQ006,Session2,overground,walk,comfortable,Overground_Walk,Walk_Comfortable,C:/Users/KUBA/GitProjects/WKIRO-Project/data/PQ006/Session2/Overground_Walk/Walk_Comfortable/Post_Process/Walk_Comfortable4.csv,male,1,train
PQ006,Session2,overground,walk,comfortable,Overground_Walk,Walk_Comfortable,C:/Users/KUBA/GitProjects/WKIRO-Project/data/PQ006/Session2/Overground_Walk/Walk_Comfortable/Post_Process/Walk_Comfortable5.csv,male,1,train
PQ006,Session2,overground,walk,comfortable,Overground_Walk,Walk_Comfortable,C:/Users/KUBA/GitProjects/WKIRO-Project/data/PQ006/Session2/Overground_Walk/Walk_Comfortable/Post_Process/Walk_Comfortable6.csv,male,1,test
PQ006,Session2,overground,walk,fast,Overground_Walk,Walk_Fast,C:/Users/KUBA/GitProjects/WKIRO-Project/data/PQ006/Session2/Overground_Walk/Walk_Fast/Post_Process/Walk_Fast1.csv,male,1,train
PQ006,Session2,overground,walk,fast,Overground_Walk,Walk_Fast,C:/Users/KUBA/GitProjects/WKIRO-Project/data/PQ006/Session2/Overground_Walk/Walk_Fast/Post_Process/Walk_Fast2.csv,male,1,val
PQ006,Session2,overground,walk,fast,Overground_Walk,Walk_Fast,C:/Users/KUBA/GitProjects/WKIRO-Project/data/PQ006/Session2/Overground_Walk/Walk_Fast/Post_Process/Walk_Fast3.csv,male,1,val
PQ006,Session2,overground,walk,fast,Overground_Walk,Walk_Fast,C:/Users/KUBA/GitProjects/WKIRO-Project/data/PQ006/Session2/Overground_Walk/Walk_Fast/Post_Process/Walk_Fast4.csv,male,1,train
PQ006,Session2,overground,walk,fast,Overground_Walk,Walk_Fast,C:/Users/KUBA/GitProjects/WKIRO-Project/data/PQ006/Session2/Overground_Walk/Walk_Fast/Post_Process/Walk_Fast5.csv,male,1,train
PQ006,Session2,overground,walk,fast,Overground_Walk,Walk_Fast,C:/Users/KUBA/GitProjects/WKIRO-Project/data/PQ006/Session2/Overground_Walk/Walk_Fast/Post_Process/Walk_Fast6.csv,male,1,train
PQ006,Session2,overground,walk,fast,Overground_Walk,Walk_Fast,C:/Users/KUBA/GitProjects/WKIRO-Project/data/PQ006/Session2/Overground_Walk/Walk_Fast/Post_Process/Walk_Fast7.csv,male,1,val
PQ006,Session2,overground,walk,fast,Overground_Walk,Walk_Fast,C:/Users/KUBA/GitProjects/WKIRO-Project/data/PQ006/Session2/Overground_Walk/Walk_Fast/Post_Process/Walk_Fast8.csv,male,1,train
PQ006,Session2,overground,walk,slow,Overground_Walk,Walk_Slow,C:/Users/KUBA/GitProjects/WKIRO-Project/data/PQ006/Session2/Overground_Walk/Walk_Slow/Post_Process/Walk_Slow1.csv,male,1,train
PQ006,Session2,overground,walk,slow,Overground_Walk,Walk_Slow,C:/Users/KUBA/GitProjects/WKIRO-Project/data/PQ006/Session2/Overground_Walk/Walk_Slow/Post_Process/Walk_Slow2.csv,male,1,test
PQ006,Session2,overground,walk,slow,Overground_Walk,Walk_Slow,C:/Users/KUBA/GitProjects/WKIRO-Project/data/PQ006/Session2/Overground_Walk/Walk_Slow/Post_Process/Walk_Slow3.csv,male,1,train
PQ006,Session2,overground,walk,slow,Overground_Walk,Walk_Slow,C:/Users/KUBA/GitProjects/WKIRO-Project/data/PQ006/Session2/Overground_Walk/Walk_Slow/Post_Process/Walk_Slow4.csv,male,1,val
PQ006,Session2,overground,walk,slow,Overground_Walk,Walk_Slow,C:/Users/KUBA/GitProjects/WKIRO-Project/data/PQ006/Session2/Overground_Walk/Walk_Slow/Post_Process/Walk_Slow5.csv,male,1,train
PQ006,Session2,overground,walk,slow,Overground_Walk,Walk_Slow,C:/Users/KUBA/GitProjects/WKIRO-Project/data/PQ006/Session2/Overground_Walk/Walk_Slow/Post_Process/Walk_Slow6.csv,male,1,train
PQ006,Session2,treadmill,run,comfortable,Treadmill_Run,Treadmill_Run_Comfortable,C:/Users/KUBA/GitProjects/WKIRO-Project/data/PQ006/Session2/Treadmill_Run/Treadmill_Run_Comfortable/Post_Process/Treadmill_Run_Comfortable.csv,male,1,train
PQ006,Session2,treadmill,run,fast,Treadmill_Run,Treadmill_Run_Fast,C:/Users/KUBA/GitProjects/WKIRO-Project/data/PQ006/Session2/Treadmill_Run/Treadmill_Run_Fast/Post_Process/Treadmill_Run_Fast.csv,male,1,train
PQ006,Session2,treadmill,walk,comfortable,Treadmill_Walk,Treadmill_Walk_Comfortable,C:/Users/KUBA/GitProjects/WKIRO-Project/data/PQ006/Session2/Treadmill_Walk/Treadmill_Walk_Comfortable/Post_Process/Treadmill_Walk_Comfortable.csv,male,1,train
PQ006,Session2,treadmill,walk,fast,Treadmill_Walk,Treadmill_Walk_Fast,C:/Users/KUBA/GitProjects/WKIRO-Project/data/PQ006/Session2/Treadmill_Walk/Treadmill_Walk_Fast/Post_Process/Treadmill_Walk_Fast.csv,male,1,train
PQ006,Session2,treadmill,walk,slow,Treadmill_Walk,Treadmill_Walk_Slow,C:/Users/KUBA/GitProjects/WKIRO-Project/data/PQ006/Session2/Treadmill_Walk/Treadmill_Walk_Slow/Post_Process/Treadmill_Walk_Slow.csv,male,1,train
RC020,Session1,overground,run,comfortable,Overground_Run,Run_Comfortable,C:/Users/KUBA/GitProjects/WKIRO-Project/data/RC020/Session1/Overground_Run/Run_Comfortable/Post_Process/Run_Comfortable1.csv,female,0,train
RC020,Session1,overground,run,comfortable,Overground_Run,Run_Comfortable,C:/Users/KUBA/GitProjects/WKIRO-Project/data/RC020/Session1/Overground_Run/Run_Comfortable/Post_Process/Run_Comfortable10.csv,female,0,train
RC020,Session1,overground,run,comfortable,Overground_Run,Run_Comfortable,C:/Users/KUBA/GitProjects/WKIRO-Project/data/RC020/Session1/Overground_Run/Run_Comfortable/Post_Process/Run_Comfortable2.csv,female,0,val
RC020,Session1,overground,run,comfortable,Overground_Run,Run_Comfortable,C:/Users/KUBA/GitProjects/WKIRO-Project/data/RC020/Session1/Overground_Run/Run_Comfortable/Post_Process/Run_Comfortable3.csv,female,0,train
RC020,Session1,overground,run,comfortable,Overground_Run,Run_Comfortable,C:/Users/KUBA/GitProjects/WKIRO-Project/data/RC020/Session1/Overground_Run/Run_Comfortable/Post_Process/Run_Comfortable4.csv,female,0,val
RC020,Session1,overground,run,comfortable,Overground_Run,Run_Comfortable,C:/Users/KUBA/GitProjects/WKIRO-Project/data/RC020/Session1/Overground_Run/Run_Comfortable/Post_Process/Run_Comfortable5.csv,female,0,train
RC020,Session1,overground,run,comfortable,Overground_Run,Run_Comfortable,C:/Users/KUBA/GitProjects/WKIRO-Project/data/RC020/Session1/Overground_Run/Run_Comfortable/Post_Process/Run_Comfortable6.csv,female,0,train
RC020,Session1,overground,run,comfortable,Overground_Run,Run_Comfortable,C:/Users/KUBA/GitProjects/WKIRO-Project/data/RC020/Session1/Overground_Run/Run_Comfortable/Post_Process/Run_Comfortable7.csv,female,0,test
RC020,Session1,overground,run,comfortable,Overground_Run,Run_Comfortable,C:/Users/KUBA/GitProjects/WKIRO-Project/data/RC020/Session1/Overground_Run/Run_Comfortable/Post_Process/Run_Comfortable8.csv,female,0,train
RC020,Session1,overground,run,comfortable,Overground_Run,Run_Comfortable,C:/Users/KUBA/GitProjects/WKIRO-Project/data/RC020/Session1/Overground_Run/Run_Comfortable/Post_Process/Run_Comfortable9.csv,female,0,train
RC020,Session1,overground,run,fast,Overground_Run,Run_Fast,C:/Users/KUBA/GitProjects/WKIRO-Project/data/RC020/Session1/Overground_Run/Run_Fast/Post_Process/Run_Fast1.csv,female,0,test
RC020,Session1,overground,run,fast,Overground_Run,Run_Fast,C:/Users/KUBA/GitProjects/WKIRO-Project/data/RC020/Session1/Overground_Run/Run_Fast/Post_Process/Run_Fast10.csv,female,0,val
RC020,Session1,overground,run,fast,Overground_Run,Run_Fast,C:/Users/KUBA/GitProjects/WKIRO-Project/data/RC020/Session1/Overground_Run/Run_Fast/Post_Process/Run_Fast2.csv,female,0,train
RC020,Session1,overground,run,fast,Overground_Run,Run_Fast,C:/Users/KUBA/GitProjects/WKIRO-Project/data/RC020/Session1/Overground_Run/Run_Fast/Post_Process/Run_Fast3.csv,female,0,train
RC020,Session1,overground,run,fast,Overground_Run,Run_Fast,C:/Users/KUBA/GitProjects/WKIRO-Project/data/RC020/Session1/Overground_Run/Run_Fast/Post_Process/Run_Fast4.csv,female,0,test
RC020,Session1,overground,run,fast,Overground_Run,Run_Fast,C:/Users/KUBA/GitProjects/WKIRO-Project/data/RC020/Session1/Overground_Run/Run_Fast/Post_Process/Run_Fast5.csv,female,0,val
RC020,Session1,overground,run,fast,Overground_Run,Run_Fast,C:/Users/KUBA/GitProjects/WKIRO-Project/data/RC020/Session1/Overground_Run/Run_Fast/Post_Process/Run_Fast6.csv,female,0,train
RC020,Session1,overground,run,fast,Overground_Run,Run_Fast,C:/Users/KUBA/GitProjects/WKIRO-Project/data/RC020/Session1/Overground_Run/Run_Fast/Post_Process/Run_Fast7.csv,female,0,train
RC020,Session1,overground,run,fast,Overground_Run,Run_Fast,C:/Users/KUBA/GitProjects/WKIRO-Project/data/RC020/Session1/Overground_Run/Run_Fast/Post_Process/Run_Fast8.csv,female,0,train
RC020,Session1,overground,run,fast,Overground_Run,Run_Fast,C:/Users/KUBA/GitProjects/WKIRO-Project/data/RC020/Session1/Overground_Run/Run_Fast/Post_Process/Run_Fast9.csv,female,0,train
RC020,Session1,overground,walk,comfortable,Overground_Walk,Walk_Comfortable,C:/Users/KUBA/GitProjects/WKIRO-Project/data/RC020/Session1/Overground_Walk/Walk_Comfortable/Post_Process/Walk_Comfortable1.csv,female,0,train
RC020,Session1,overground,walk,comfortable,Overground_Walk,Walk_Comfortable,C:/Users/KUBA/GitProjects/WKIRO-Project/data/RC020/Session1/Overground_Walk/Walk_Comfortable/Post_Process/Walk_Comfortable2.csv,female,0,train
RC020,Session1,overground,walk,comfortable,Overground_Walk,Walk_Comfortable,C:/Users/KUBA/GitProjects/WKIRO-Project/data/RC020/Session1/Overground_Walk/Walk_Comfortable/Post_Process/Walk_Comfortable3.csv,female,0,train
RC020,Session1,overground,walk,comfortable,Overground_Walk,Walk_Comfortable,C:/Users/KUBA/GitProjects/WKIRO-Project/data/RC020/Session1/Overground_Walk/Walk_Comfortable/Post_Process/Walk_Comfortable4.csv,female,0,test
RC020,Session1,overground,walk,comfortable,Overground_Walk,Walk_Comfortable,C:/Users/KUBA/GitProjects/WKIRO-Project/data/RC020/Session1/Overground_Walk/Walk_Comfortable/Post_Process/Walk_Comfortable5.csv,female,0,test
RC020,Session1,overground,walk,comfortable,Overground_Walk,Walk_Comfortable,C:/Users/KUBA/GitProjects/WKIRO-Project/data/RC020/Session1/Overground_Walk/Walk_Comfortable/Post_Process/Walk_Comfortable6.csv,female,0,train
RC020,Session1,overground,walk,comfortable,Overground_Walk,Walk_Comfortable,C:/Users/KUBA/GitProjects/WKIRO-Project/data/RC020/Session1/Overground_Walk/Walk_Comfortable/Post_Process/Walk_Comfortable7.csv,female,0,train
RC020,Session1,overground,walk,comfortable,Overground_Walk,Walk_Comfortable,C:/Users/KUBA/GitProjects/WKIRO-Project/data/RC020/Session1/Overground_Walk/Walk_Comfortable/Post_Process/Walk_Comfortable8.csv,female,0,train
RC020,Session1,overground,walk,fast,Overground_Walk,Walk_Fast,C:/Users/KUBA/GitProjects/WKIRO-Project/data/RC020/Session1/Overground_Walk/Walk_Fast/Post_Process/Walk_Fast1.csv,female,0,train
RC020,Session1,overground,walk,fast,Overground_Walk,Walk_Fast,C:/Users/KUBA/GitProjects/WKIRO-Project/data/RC020/Session1/Overground_Walk/Walk_Fast/Post_Process/Walk_Fast2.csv,female,0,train
RC020,Session1,overground,walk,fast,Overground_Walk,Walk_Fast,C:/Users/KUBA/GitProjects/WKIRO-Project/data/RC020/Session1/Overground_Walk/Walk_Fast/Post_Process/Walk_Fast3.csv,female,0,train
RC020,Session1,overground,walk,fast,Overground_Walk,Walk_Fast,C:/Users/KUBA/GitProjects/WKIRO-Project/data/RC020/Session1/Overground_Walk/Walk_Fast/Post_Process/Walk_Fast4.csv,female,0,train
RC020,Session1,overground,walk,fast,Overground_Walk,Walk_Fast,C:/Users/KUBA/GitProjects/WKIRO-Project/data/RC020/Session1/Overground_Walk/Walk_Fast/Post_Process/Walk_Fast5.csv,female,0,test
RC020,Session1,overground,walk,fast,Overground_Walk,Walk_Fast,C:/Users/KUBA/GitProjects/WKIRO-Project/data/RC020/Session1/Overground_Walk/Walk_Fast/Post_Process/Walk_Fast6.csv,female,0,train
RC020,Session1,overground,walk,fast,Overground_Walk,Walk_Fast,C:/Users/KUBA/GitProjects/WKIRO-Project/data/RC020/Session1/Overground_Walk/Walk_Fast/Post_Process/Walk_Fast7.csv,female,0,train
RC020,Session1,overground,walk,fast,Overground_Walk,Walk_Fast,C:/Users/KUBA/GitProjects/WKIRO-Project/data/RC020/Session1/Overground_Walk/Walk_Fast/Post_Process/Walk_Fast8.csv,female,0,train
RC020,Session1,overground,walk,slow,Overground_Walk,Walk_Slow,C:/Users/KUBA/GitProjects/WKIRO-Project/data/RC020/Session1/Overground_Walk/Walk_Slow/Post_Process/Walk_Slow1.csv,female,0,val
RC020,Session1,overground,walk,slow,Overground_Walk,Walk_Slow,C:/Users/KUBA/GitProjects/WKIRO-Project/data/RC020/Session1/Overground_Walk/Walk_Slow/Post_Process/Walk_Slow2.csv,female,0,train
RC020,Session1,overground,walk,slow,Overground_Walk,Walk_Slow,C:/Users/KUBA/GitProjects/WKIRO-Project/data/RC020/Session1/Overground_Walk/Walk_Slow/Post_Process/Walk_Slow3.csv,female,0,train
RC020,Session1,overground,walk,slow,Overground_Walk,Walk_Slow,C:/Users/KUBA/GitProjects/WKIRO-Project/data/RC020/Session1/Overground_Walk/Walk_Slow/Post_Process/Walk_Slow4.csv,female,0,train
RC020,Session1,overground,walk,slow,Overground_Walk,Walk_Slow,C:/Users/KUBA/GitProjects/WKIRO-Project/data/RC020/Session1/Overground_Walk/Walk_Slow/Post_Process/Walk_Slow5.csv,female,0,train
RC020,Session1,overground,walk,slow,Overground_Walk,Walk_Slow,C:/Users/KUBA/GitProjects/WKIRO-Project/data/RC020/Session1/Overground_Walk/Walk_Slow/Post_Process/Walk_Slow6.csv,female,0,train
RC020,Session1,treadmill,run,comfortable,Treadmill_Run,Treadmill_Run_Comfortable,C:/Users/KUBA/GitProjects/WKIRO-Project/data/RC020/Session1/Treadmill_Run/Treadmill_Run_Comfortable/Post_Process/Treadmill_Run_Comfortable.csv,female,0,train
RC020,Session1,treadmill,run,fast,Treadmill_Run,Treadmill_Run_Fast,C:/Users/KUBA/GitProjects/WKIRO-Project/data/RC020/Session1/Treadmill_Run/Treadmill_Run_Fast/Post_Process/Treadmill_Run_Fast.csv,female,0,train
RC020,Session1,treadmill,walk,comfortable,Treadmill_Walk,Treadmill_Walk_Comfortable,C:/Users/KUBA/GitProjects/WKIRO-Project/data/RC020/Session1/Treadmill_Walk/Treadmill_Walk_Comfortable/Post_Process/Treadmill_Walk_Comfortable.csv,female,0,train
RC020,Session1,treadmill,walk,fast,Treadmill_Walk,Treadmill_Walk_Fast,C:/Users/KUBA/GitProjects/WKIRO-Project/data/RC020/Session1/Treadmill_Walk/Treadmill_Walk_Fast/Post_Process/Treadmill_Walk_Fast.csv,female,0,train
RC020,Session1,treadmill,walk,slow,Treadmill_Walk,Treadmill_Walk_Slow,C:/Users/KUBA/GitProjects/WKIRO-Project/data/RC020/Session1/Treadmill_Walk/Treadmill_Walk_Slow/Post_Process/Treadmill_Walk_Slow.csv,female,0,train
RC020,Session2,overground,run,comfortable,Overground_Run,Run_Comfortable,C:/Users/KUBA/GitProjects/WKIRO-Project/data/RC020/Session2/Overground_Run/Run_Comfortable/Post_Process/Run_Comfortable1.csv,female,0,train
RC020,Session2,overground,run,comfortable,Overground_Run,Run_Comfortable,C:/Users/KUBA/GitProjects/WKIRO-Project/data/RC020/Session2/Overground_Run/Run_Comfortable/Post_Process/Run_Comfortable10.csv,female,0,train
RC020,Session2,overground,run,comfortable,Overground_Run,Run_Comfortable,C:/Users/KUBA/GitProjects/WKIRO-Project/data/RC020/Session2/Overground_Run/Run_Comfortable/Post_Process/Run_Comfortable2.csv,female,0,val
RC020,Session2,overground,run,comfortable,Overground_Run,Run_Comfortable,C:/Users/KUBA/GitProjects/WKIRO-Project/data/RC020/Session2/Overground_Run/Run_Comfortable/Post_Process/Run_Comfortable3.csv,female,0,train
RC020,Session2,overground,run,comfortable,Overground_Run,Run_Comfortable,C:/Users/KUBA/GitProjects/WKIRO-Project/data/RC020/Session2/Overground_Run/Run_Comfortable/Post_Process/Run_Comfortable4.csv,female,0,val
RC020,Session2,overground,run,comfortable,Overground_Run,Run_Comfortable,C:/Users/KUBA/GitProjects/WKIRO-Project/data/RC020/Session2/Overground_Run/Run_Comfortable/Post_Process/Run_Comfortable5.csv,female,0,test
RC020,Session2,overground,run,comfortable,Overground_Run,Run_Comfortable,C:/Users/KUBA/GitProjects/WKIRO-Project/data/RC020/Session2/Overground_Run/Run_Comfortable/Post_Process/Run_Comfortable6.csv,female,0,test
RC020,Session2,overground,run,comfortable,Overground_Run,Run_Comfortable,C:/Users/KUBA/GitProjects/WKIRO-Project/data/RC020/Session2/Overground_Run/Run_Comfortable/Post_Process/Run_Comfortable7.csv,female,0,val
RC020,Session2,overground,run,comfortable,Overground_Run,Run_Comfortable,C:/Users/KUBA/GitProjects/WKIRO-Project/data/RC020/Session2/Overground_Run/Run_Comfortable/Post_Process/Run_Comfortable8.csv,female,0,train
RC020,Session2,overground,run,comfortable,Overground_Run,Run_Comfortable,C:/Users/KUBA/GitProjects/WKIRO-Project/data/RC020/Session2/Overground_Run/Run_Comfortable/Post_Process/Run_Comfortable9.csv,female,0,train
RC020,Session2,overground,run,fast,Overground_Run,Run_Fast,C:/Users/KUBA/GitProjects/WKIRO-Project/data/RC020/Session2/Overground_Run/Run_Fast/Post_Process/Run_Fast1.csv,female,0,train
RC020,Session2,overground,run,fast,Overground_Run,Run_Fast,C:/Users/KUBA/GitProjects/WKIRO-Project/data/RC020/Session2/Overground_Run/Run_Fast/Post_Process/Run_Fast10.csv,female,0,train
RC020,Session2,overground,run,fast,Overground_Run,Run_Fast,C:/Users/KUBA/GitProjects/WKIRO-Project/data/RC020/Session2/Overground_Run/Run_Fast/Post_Process/Run_Fast2.csv,female,0,val
RC020,Session2,overground,run,fast,Overground_Run,Run_Fast,C:/Users/KUBA/GitProjects/WKIRO-Project/data/RC020/Session2/Overground_Run/Run_Fast/Post_Process/Run_Fast3.csv,female,0,val
RC020,Session2,overground,run,fast,Overground_Run,Run_Fast,C:/Users/KUBA/GitProjects/WKIRO-Project/data/RC020/Session2/Overground_Run/Run_Fast/Post_Process/Run_Fast4.csv,female,0,train
RC020,Session2,overground,run,fast,Overground_Run,Run_Fast,C:/Users/KUBA/GitProjects/WKIRO-Project/data/RC020/Session2/Overground_Run/Run_Fast/Post_Process/Run_Fast5.csv,female,0,train
RC020,Session2,overground,run,fast,Overground_Run,Run_Fast,C:/Users/KUBA/GitProjects/WKIRO-Project/data/RC020/Session2/Overground_Run/Run_Fast/Post_Process/Run_Fast6.csv,female,0,train
RC020,Session2,overground,run,fast,Overground_Run,Run_Fast,C:/Users/KUBA/GitProjects/WKIRO-Project/data/RC020/Session2/Overground_Run/Run_Fast/Post_Process/Run_Fast7.csv,female,0,train
RC020,Session2,overground,run,fast,Overground_Run,Run_Fast,C:/Users/KUBA/GitProjects/WKIRO-Project/data/RC020/Session2/Overground_Run/Run_Fast/Post_Process/Run_Fast8.csv,female,0,test
RC020,Session2,overground,run,fast,Overground_Run,Run_Fast,C:/Users/KUBA/GitProjects/WKIRO-Project/data/RC020/Session2/Overground_Run/Run_Fast/Post_Process/Run_Fast9.csv,female,0,test
RC020,Session2,overground,walk,comfortable,Overground_Walk,Walk_Comfortable,C:/Users/KUBA/GitProjects/WKIRO-Project/data/RC020/Session2/Overground_Walk/Walk_Comfortable/Post_Process/Walk_Comfortable1.csv,female,0,train
RC020,Session2,overground,walk,comfortable,Overground_Walk,Walk_Comfortable,C:/Users/KUBA/GitProjects/WKIRO-Project/data/RC020/Session2/Overground_Walk/Walk_Comfortable/Post_Process/Walk_Comfortable2.csv,female,0,train
RC020,Session2,overground,walk,comfortable,Overground_Walk,Walk_Comfortable,C:/Users/KUBA/GitProjects/WKIRO-Project/data/RC020/Session2/Overground_Walk/Walk_Comfortable/Post_Process/Walk_Comfortable3.csv,female,0,train
RC020,Session2,overground,walk,comfortable,Overground_Walk,Walk_Comfortable,C:/Users/KUBA/GitProjects/WKIRO-Project/data/RC020/Session2/Overground_Walk/Walk_Comfortable/Post_Process/Walk_Comfortable4.csv,female,0,train
RC020,Session2,overground,walk,comfortable,Overground_Walk,Walk_Comfortable,C:/Users/KUBA/GitProjects/WKIRO-Project/data/RC020/Session2/Overground_Walk/Walk_Comfortable/Post_Process/Walk_Comfortable5.csv,female,0,train
RC020,Session2,overground,walk,comfortable,Overground_Walk,Walk_Comfortable,C:/Users/KUBA/GitProjects/WKIRO-Project/data/RC020/Session2/Overground_Walk/Walk_Comfortable/Post_Process/Walk_Comfortable6.csv,female,0,train
RC020,Session2,overground,walk,fast,Overground_Walk,Walk_Fast,C:/Users/KUBA/GitProjects/WKIRO-Project/data/RC020/Session2/Overground_Walk/Walk_Fast/Post_Process/Walk_Fast1.csv,female,0,val
RC020,Session2,overground,walk,fast,Overground_Walk,Walk_Fast,C:/Users/KUBA/GitProjects/WKIRO-Project/data/RC020/Session2/Overground_Walk/Walk_Fast/Post_Process/Walk_Fast2.csv,female,0,train
RC020,Session2,overground,walk,fast,Overground_Walk,Walk_Fast,C:/Users/KUBA/GitProjects/WKIRO-Project/data/RC020/Session2/Overground_Walk/Walk_Fast/Post_Process/Walk_Fast3.csv,female,0,test
RC020,Session2,overground,walk,fast,Overground_Walk,Walk_Fast,C:/Users/KUBA/GitProjects/WKIRO-Project/data/RC020/Session2/Overground_Walk/Walk_Fast/Post_Process/Walk_Fast4.csv,female,0,val
RC020,Session2,overground,walk,fast,Overground_Walk,Walk_Fast,C:/Users/KUBA/GitProjects/WKIRO-Project/data/RC020/Session2/Overground_Walk/Walk_Fast/Post_Process/Walk_Fast5.csv,female,0,train
RC020,Session2,overground,walk,fast,Overground_Walk,Walk_Fast,C:/Users/KUBA/GitProjects/WKIRO-Project/data/RC020/Session2/Overground_Walk/Walk_Fast/Post_Process/Walk_Fast6.csv,female,0,train
RC020,Session2,overground,walk,fast,Overground_Walk,Walk_Fast,C:/Users/KUBA/GitProjects/WKIRO-Project/data/RC020/Session2/Overground_Walk/Walk_Fast/Post_Process/Walk_Fast7.csv,female,0,train
RC020,Session2,overground,walk,fast,Overground_Walk,Walk_Fast,C:/Users/KUBA/GitProjects/WKIRO-Project/data/RC020/Session2/Overground_Walk/Walk_Fast/Post_Process/Walk_Fast8.csv,female,0,test
RC020,Session2,overground,walk,slow,Overground_Walk,Walk_Slow,C:/Users/KUBA/GitProjects/WKIRO-Project/data/RC020/Session2/Overground_Walk/Walk_Slow/Post_Process/Walk_Slow1.csv,female,0,train
RC020,Session2,overground,walk,slow,Overground_Walk,Walk_Slow,C:/Users/KUBA/GitProjects/WKIRO-Project/data/RC020/Session2/Overground_Walk/Walk_Slow/Post_Process/Walk_Slow2.csv,female,0,train
RC020,Session2,overground,walk,slow,Overground_Walk,Walk_Slow,C:/Users/KUBA/GitProjects/WKIRO-Project/data/RC020/Session2/Overground_Walk/Walk_Slow/Post_Process/Walk_Slow3.csv,female,0,train
RC020,Session2,overground,walk,slow,Overground_Walk,Walk_Slow,C:/Users/KUBA/GitProjects/WKIRO-Project/data/RC020/Session2/Overground_Walk/Walk_Slow/Post_Process/Walk_Slow4.csv,female,0,train
RC020,Session2,overground,walk,slow,Overground_Walk,Walk_Slow,C:/Users/KUBA/GitProjects/WKIRO-Project/data/RC020/Session2/Overground_Walk/Walk_Slow/Post_Process/Walk_Slow5.csv,female,0,test
RC020,Session2,overground,walk,slow,Overground_Walk,Walk_Slow,C:/Users/KUBA/GitProjects/WKIRO-Project/data/RC020/Session2/Overground_Walk/Walk_Slow/Post_Process/Walk_Slow6.csv,female,0,test
RC020,Session2,treadmill,run,comfortable,Treadmill_Run,Treadmill_Run_Comfortable,C:/Users/KUBA/GitProjects/WKIRO-Project/data/RC020/Session2/Treadmill_Run/Treadmill_Run_Comfortable/Post_Process/Treadmill_Run_Comfortable.csv,female,0,train
RC020,Session2,treadmill,run,fast,Treadmill_Run,Treadmill_Run_Fast,C:/Users/KUBA/GitProjects/WKIRO-Project/data/RC020/Session2/Treadmill_Run/Treadmill_Run_Fast/Post_Process/Treadmill_Run_Fast.csv,female,0,val
RC020,Session2,treadmill,walk,comfortable,Treadmill_Walk,Treadmill_Walk_Comfortable,C:/Users/KUBA/GitProjects/WKIRO-Project/data/RC020/Session2/Treadmill_Walk/Treadmill_Walk_Comfortable/Post_Process/Treadmill_Walk_Comfortable.csv,female,0,train
RC020,Session2,treadmill,walk,fast,Treadmill_Walk,Treadmill_Walk_Fast,C:/Users/KUBA/GitProjects/WKIRO-Project/data/RC020/Session2/Treadmill_Walk/Treadmill_Walk_Fast/Post_Process/Treadmill_Walk_Fast.csv,female,0,val
RC020,Session2,treadmill,walk,slow,Treadmill_Walk,Treadmill_Walk_Slow,C:/Users/KUBA/GitProjects/WKIRO-Project/data/RC020/Session2/Treadmill_Walk/Treadmill_Walk_Slow/Post_Process/Treadmill_Walk_Slow.csv,female,0,train
RC023,Session1,overground,run,comfortable,Overground_Run,Run_Comfortable,C:/Users/KUBA/GitProjects/WKIRO-Project/data/RC023/Session1/Overground_Run/Run_Comfortable/Post_Process/Run_Comfortable1.csv,female,0,train
RC023,Session1,overground,run,comfortable,Overground_Run,Run_Comfortable,C:/Users/KUBA/GitProjects/WKIRO-Project/data/RC023/Session1/Overground_Run/Run_Comfortable/Post_Process/Run_Comfortable10.csv,female,0,train
RC023,Session1,overground,run,comfortable,Overground_Run,Run_Comfortable,C:/Users/KUBA/GitProjects/WKIRO-Project/data/RC023/Session1/Overground_Run/Run_Comfortable/Post_Process/Run_Comfortable2.csv,female,0,train
RC023,Session1,overground,run,comfortable,Overground_Run,Run_Comfortable,C:/Users/KUBA/GitProjects/WKIRO-Project/data/RC023/Session1/Overground_Run/Run_Comfortable/Post_Process/Run_Comfortable3.csv,female,0,train
RC023,Session1,overground,run,comfortable,Overground_Run,Run_Comfortable,C:/Users/KUBA/GitProjects/WKIRO-Project/data/RC023/Session1/Overground_Run/Run_Comfortable/Post_Process/Run_Comfortable4.csv,female,0,train
RC023,Session1,overground,run,comfortable,Overground_Run,Run_Comfortable,C:/Users/KUBA/GitProjects/WKIRO-Project/data/RC023/Session1/Overground_Run/Run_Comfortable/Post_Process/Run_Comfortable5.csv,female,0,val
RC023,Session1,overground,run,comfortable,Overground_Run,Run_Comfortable,C:/Users/KUBA/GitProjects/WKIRO-Project/data/RC023/Session1/Overground_Run/Run_Comfortable/Post_Process/Run_Comfortable6.csv,female,0,train
RC023,Session1,overground,run,comfortable,Overground_Run,Run_Comfortable,C:/Users/KUBA/GitProjects/WKIRO-Project/data/RC023/Session1/Overground_Run/Run_Comfortable/Post_Process/Run_Comfortable7.csv,female,0,train
RC023,Session1,overground,run,comfortable,Overground_Run,Run_Comfortable,C:/Users/KUBA/GitProjects/WKIRO-Project/data/RC023/Session1/Overground_Run/Run_Comfortable/Post_Process/Run_Comfortable8.csv,female,0,train
RC023,Session1,overground,run,comfortable,Overground_Run,Run_Comfortable,C:/Users/KUBA/GitProjects/WKIRO-Project/data/RC023/Session1/Overground_Run/Run_Comfortable/Post_Process/Run_Comfortable9.csv,female,0,val
RC023,Session1,overground,run,fast,Overground_Run,Run_Fast,C:/Users/KUBA/GitProjects/WKIRO-Project/data/RC023/Session1/Overground_Run/Run_Fast/Post_Process/Run_Fast1.csv,female,0,train
RC023,Session1,overground,run,fast,Overground_Run,Run_Fast,C:/Users/KUBA/GitProjects/WKIRO-Project/data/RC023/Session1/Overground_Run/Run_Fast/Post_Process/Run_Fast10.csv,female,0,train
RC023,Session1,overground,run,fast,Overground_Run,Run_Fast,C:/Users/KUBA/GitProjects/WKIRO-Project/data/RC023/Session1/Overground_Run/Run_Fast/Post_Process/Run_Fast2.csv,female,0,val
RC023,Session1,overground,run,fast,Overground_Run,Run_Fast,C:/Users/KUBA/GitProjects/WKIRO-Project/data/RC023/Session1/Overground_Run/Run_Fast/Post_Process/Run_Fast3.csv,female,0,test
RC023,Session1,overground,run,fast,Overground_Run,Run_Fast,C:/Users/KUBA/GitProjects/WKIRO-Project/data/RC023/Session1/Overground_Run/Run_Fast/Post_Process/Run_Fast4.csv,female,0,train
RC023,Session1,overground,run,fast,Overground_Run,Run_Fast,C:/Users/KUBA/GitProjects/WKIRO-Project/data/RC023/Session1/Overground_Run/Run_Fast/Post_Process/Run_Fast5.csv,female,0,train
RC023,Session1,overground,run,fast,Overground_Run,Run_Fast,C:/Users/KUBA/GitProjects/WKIRO-Project/data/RC023/Session1/Overground_Run/Run_Fast/Post_Process/Run_Fast6.csv,female,0,train
RC023,Session1,overground,run,fast,Overground_Run,Run_Fast,C:/Users/KUBA/GitProjects/WKIRO-Project/data/RC023/Session1/Overground_Run/Run_Fast/Post_Process/Run_Fast7.csv,female,0,train
RC023,Session1,overground,run,fast,Overground_Run,Run_Fast,C:/Users/KUBA/GitProjects/WKIRO-Project/data/RC023/Session1/Overground_Run/Run_Fast/Post_Process/Run_Fast8.csv,female,0,train
RC023,Session1,overground,run,fast,Overground_Run,Run_Fast,C:/Users/KUBA/GitProjects/WKIRO-Project/data/RC023/Session1/Overground_Run/Run_Fast/Post_Process/Run_Fast9.csv,female,0,train
RC023,Session1,overground,walk,comfortable,Overground_Walk,Walk_Comfortable,C:/Users/KUBA/GitProjects/WKIRO-Project/data/RC023/Session1/Overground_Walk/Walk_Comfortable/Post_Process/Walk_Comfortable1.csv,female,0,test
RC023,Session1,overground,walk,comfortable,Overground_Walk,Walk_Comfortable,C:/Users/KUBA/GitProjects/WKIRO-Project/data/RC023/Session1/Overground_Walk/Walk_Comfortable/Post_Process/Walk_Comfortable2.csv,female,0,test
RC023,Session1,overground,walk,comfortable,Overground_Walk,Walk_Comfortable,C:/Users/KUBA/GitProjects/WKIRO-Project/data/RC023/Session1/Overground_Walk/Walk_Comfortable/Post_Process/Walk_Comfortable3.csv,female,0,train
RC023,Session1,overground,walk,comfortable,Overground_Walk,Walk_Comfortable,C:/Users/KUBA/GitProjects/WKIRO-Project/data/RC023/Session1/Overground_Walk/Walk_Comfortable/Post_Process/Walk_Comfortable4.csv,female,0,train
RC023,Session1,overground,walk,comfortable,Overground_Walk,Walk_Comfortable,C:/Users/KUBA/GitProjects/WKIRO-Project/data/RC023/Session1/Overground_Walk/Walk_Comfortable/Post_Process/Walk_Comfortable5.csv,female,0,test
RC023,Session1,overground,walk,comfortable,Overground_Walk,Walk_Comfortable,C:/Users/KUBA/GitProjects/WKIRO-Project/data/RC023/Session1/Overground_Walk/Walk_Comfortable/Post_Process/Walk_Comfortable6.csv,female,0,val
RC023,Session1,overground,walk,fast,Overground_Walk,Walk_Fast,C:/Users/KUBA/GitProjects/WKIRO-Project/data/RC023/Session1/Overground_Walk/Walk_Fast/Post_Process/Walk_Fast1.csv,female,0,train
RC023,Session1,overground,walk,fast,Overground_Walk,Walk_Fast,C:/Users/KUBA/GitProjects/WKIRO-Project/data/RC023/Session1/Overground_Walk/Walk_Fast/Post_Process/Walk_Fast2.csv,female,0,train
RC023,Session1,overground,walk,fast,Overground_Walk,Walk_Fast,C:/Users/KUBA/GitProjects/WKIRO-Project/data/RC023/Session1/Overground_Walk/Walk_Fast/Post_Process/Walk_Fast3.csv,female,0,train
RC023,Session1,overground,walk,fast,Overground_Walk,Walk_Fast,C:/Users/KUBA/GitProjects/WKIRO-Project/data/RC023/Session1/Overground_Walk/Walk_Fast/Post_Process/Walk_Fast4.csv,female,0,train
RC023,Session1,overground,walk,fast,Overground_Walk,Walk_Fast,C:/Users/KUBA/GitProjects/WKIRO-Project/data/RC023/Session1/Overground_Walk/Walk_Fast/Post_Process/Walk_Fast5.csv,female,0,train
RC023,Session1,overground,walk,fast,Overground_Walk,Walk_Fast,C:/Users/KUBA/GitProjects/WKIRO-Project/data/RC023/Session1/Overground_Walk/Walk_Fast/Post_Process/Walk_Fast6.csv,female,0,train
RC023,Session1,overground,walk,slow,Overground_Walk,Walk_Slow,C:/Users/KUBA/GitProjects/WKIRO-Project/data/RC023/Session1/Overground_Walk/Walk_Slow/Post_Process/Walk_Slow1.csv,female,0,train
RC023,Session1,overground,walk,slow,Overground_Walk,Walk_Slow,C:/Users/KUBA/GitProjects/WKIRO-Project/data/RC023/Session1/Overground_Walk/Walk_Slow/Post_Process/Walk_Slow2.csv,female,0,test
RC023,Session1,overground,walk,slow,Overground_Walk,Walk_Slow,C:/Users/KUBA/GitProjects/WKIRO-Project/data/RC023/Session1/Overground_Walk/Walk_Slow/Post_Process/Walk_Slow3.csv,female,0,train
RC023,Session1,overground,walk,slow,Overground_Walk,Walk_Slow,C:/Users/KUBA/GitProjects/WKIRO-Project/data/RC023/Session1/Overground_Walk/Walk_Slow/Post_Process/Walk_Slow4.csv,female,0,train
RC023,Session1,overground,walk,slow,Overground_Walk,Walk_Slow,C:/Users/KUBA/GitProjects/WKIRO-Project/data/RC023/Session1/Overground_Walk/Walk_Slow/Post_Process/Walk_Slow5.csv,female,0,train
RC023,Session1,overground,walk,slow,Overground_Walk,Walk_Slow,C:/Users/KUBA/GitProjects/WKIRO-Project/data/RC023/Session1/Overground_Walk/Walk_Slow/Post_Process/Walk_Slow6.csv,female,0,val
RC023,Session1,overground,walk,slow,Overground_Walk,Walk_Slow,C:/Users/KUBA/GitProjects/WKIRO-Project/data/RC023/Session1/Overground_Walk/Walk_Slow/Post_Process/Walk_Slow7.csv,female,0,train
RC023,Session1,overground,walk,slow,Overground_Walk,Walk_Slow,C:/Users/KUBA/GitProjects/WKIRO-Project/data/RC023/Session1/Overground_Walk/Walk_Slow/Post_Process/Walk_Slow8.csv,female,0,train
RC023,Session1,treadmill,run,comfortable,Treadmill_Run,Treadmill_Run_Comfortable,C:/Users/KUBA/GitProjects/WKIRO-Project/data/RC023/Session1/Treadmill_Run/Treadmill_Run_Comfortable/Post_Process/Treadmill_Run_Comfortable.csv,female,0,train
RC023,Session1,treadmill,run,fast,Treadmill_Run,Treadmill_Run_Fast,C:/Users/KUBA/GitProjects/WKIRO-Project/data/RC023/Session1/Treadmill_Run/Treadmill_Run_Fast/Post_Process/Treadmill_Run_Fast.csv,female,0,test
RC023,Session1,treadmill,walk,comfortable,Treadmill_Walk,Treadmill_Walk_Comfortable,C:/Users/KUBA/GitProjects/WKIRO-Project/data/RC023/Session1/Treadmill_Walk/Treadmill_Walk_Comfortable/Post_Process/Treadmill_Walk_Comfortable.csv,female,0,train
RC023,Session1,treadmill,walk,fast,Treadmill_Walk,Treadmill_Walk_Fast,C:/Users/KUBA/GitProjects/WKIRO-Project/data/RC023/Session1/Treadmill_Walk/Treadmill_Walk_Fast/Post_Process/Treadmill_Walk_Fast.csv,female,0,val
RC023,Session1,treadmill,walk,slow,Treadmill_Walk,Treadmill_Walk_Slow,C:/Users/KUBA/GitProjects/WKIRO-Project/data/RC023/Session1/Treadmill_Walk/Treadmill_Walk_Slow/Post_Process/Treadmill_Walk_Slow.csv,female,0,train
RC023,Session2,overground,run,comfortable,Overground_Run,Run_Comfortable,C:/Users/KUBA/GitProjects/WKIRO-Project/data/RC023/Session2/Overground_Run/Run_Comfortable/Post_Process/Run_Comfortable1.csv,female,0,train
RC023,Session2,overground,run,comfortable,Overground_Run,Run_Comfortable,C:/Users/KUBA/GitProjects/WKIRO-Project/data/RC023/Session2/Overground_Run/Run_Comfortable/Post_Process/Run_Comfortable10.csv,female,0,train
RC023,Session2,overground,run,comfortable,Overground_Run,Run_Comfortable,C:/Users/KUBA/GitProjects/WKIRO-Project/data/RC023/Session2/Overground_Run/Run_Comfortable/Post_Process/Run_Comfortable2.csv,female,0,train
RC023,Session2,overground,run,comfortable,Overground_Run,Run_Comfortable,C:/Users/KUBA/GitProjects/WKIRO-Project/data/RC023/Session2/Overground_Run/Run_Comfortable/Post_Process/Run_Comfortable3.csv,female,0,train
RC023,Session2,overground,run,comfortable,Overground_Run,Run_Comfortable,C:/Users/KUBA/GitProjects/WKIRO-Project/data/RC023/Session2/Overground_Run/Run_Comfortable/Post_Process/Run_Comfortable4.csv,female,0,test
RC023,Session2,overground,run,comfortable,Overground_Run,Run_Comfortable,C:/Users/KUBA/GitProjects/WKIRO-Project/data/RC023/Session2/Overground_Run/Run_Comfortable/Post_Process/Run_Comfortable5.csv,female,0,val
RC023,Session2,overground,run,comfortable,Overground_Run,Run_Comfortable,C:/Users/KUBA/GitProjects/WKIRO-Project/data/RC023/Session2/Overground_Run/Run_Comfortable/Post_Process/Run_Comfortable6.csv,female,0,train
RC023,Session2,overground,run,comfortable,Overground_Run,Run_Comfortable,C:/Users/KUBA/GitProjects/WKIRO-Project/data/RC023/Session2/Overground_Run/Run_Comfortable/Post_Process/Run_Comfortable7.csv,female,0,val
RC023,Session2,overground,run,comfortable,Overground_Run,Run_Comfortable,C:/Users/KUBA/GitProjects/WKIRO-Project/data/RC023/Session2/Overground_Run/Run_Comfortable/Post_Process/Run_Comfortable8.csv,female,0,train
RC023,Session2,overground,run,comfortable,Overground_Run,Run_Comfortable,C:/Users/KUBA/GitProjects/WKIRO-Project/data/RC023/Session2/Overground_Run/Run_Comfortable/Post_Process/Run_Comfortable9.csv,female,0,val
RC023,Session2,overground,run,fast,Overground_Run,Run_Fast,C:/Users/KUBA/GitProjects/WKIRO-Project/data/RC023/Session2/Overground_Run/Run_Fast/Post_Process/Run_Fast1.csv,female,0,train
RC023,Session2,overground,run,fast,Overground_Run,Run_Fast,C:/Users/KUBA/GitProjects/WKIRO-Project/data/RC023/Session2/Overground_Run/Run_Fast/Post_Process/Run_Fast10.csv,female,0,val
RC023,Session2,overground,run,fast,Overground_Run,Run_Fast,C:/Users/KUBA/GitProjects/WKIRO-Project/data/RC023/Session2/Overground_Run/Run_Fast/Post_Process/Run_Fast2.csv,female,0,train
RC023,Session2,overground,run,fast,Overground_Run,Run_Fast,C:/Users/KUBA/GitProjects/WKIRO-Project/data/RC023/Session2/Overground_Run/Run_Fast/Post_Process/Run_Fast3.csv,female,0,train
RC023,Session2,overground,run,fast,Overground_Run,Run_Fast,C:/Users/KUBA/GitProjects/WKIRO-Project/data/RC023/Session2/Overground_Run/Run_Fast/Post_Process/Run_Fast4.csv,female,0,train
RC023,Session2,overground,run,fast,Overground_Run,Run_Fast,C:/Users/KUBA/GitProjects/WKIRO-Project/data/RC023/Session2/Overground_Run/Run_Fast/Post_Process/Run_Fast5.csv,female,0,val
RC023,Session2,overground,run,fast,Overground_Run,Run_Fast,C:/Users/KUBA/GitProjects/WKIRO-Project/data/RC023/Session2/Overground_Run/Run_Fast/Post_Process/Run_Fast6.csv,female,0,train
RC023,Session2,overground,run,fast,Overground_Run,Run_Fast,C:/Users/KUBA/GitProjects/WKIRO-Project/data/RC023/Session2/Overground_Run/Run_Fast/Post_Process/Run_Fast7.csv,female,0,train
RC023,Session2,overground,run,fast,Overground_Run,Run_Fast,C:/Users/KUBA/GitProjects/WKIRO-Project/data/RC023/Session2/Overground_Run/Run_Fast/Post_Process/Run_Fast8.csv,female,0,train
RC023,Session2,overground,run,fast,Overground_Run,Run_Fast,C:/Users/KUBA/GitProjects/WKIRO-Project/data/RC023/Session2/Overground_Run/Run_Fast/Post_Process/Run_Fast9.csv,female,0,test
RC023,Session2,overground,walk,comfortable,Overground_Walk,Walk_Comfortable,C:/Users/KUBA/GitProjects/WKIRO-Project/data/RC023/Session2/Overground_Walk/Walk_Comfortable/Post_Process/Walk_Comfortable1.csv,female,0,train
RC023,Session2,overground,walk,comfortable,Overground_Walk,Walk_Comfortable,C:/Users/KUBA/GitProjects/WKIRO-Project/data/RC023/Session2/Overground_Walk/Walk_Comfortable/Post_Process/Walk_Comfortable2.csv,female,0,train
RC023,Session2,overground,walk,comfortable,Overground_Walk,Walk_Comfortable,C:/Users/KUBA/GitProjects/WKIRO-Project/data/RC023/Session2/Overground_Walk/Walk_Comfortable/Post_Process/Walk_Comfortable3.csv,female,0,train
RC023,Session2,overground,walk,comfortable,Overground_Walk,Walk_Comfortable,C:/Users/KUBA/GitProjects/WKIRO-Project/data/RC023/Session2/Overground_Walk/Walk_Comfortable/Post_Process/Walk_Comfortable4.csv,female,0,test
RC023,Session2,overground,walk,comfortable,Overground_Walk,Walk_Comfortable,C:/Users/KUBA/GitProjects/WKIRO-Project/data/RC023/Session2/Overground_Walk/Walk_Comfortable/Post_Process/Walk_Comfortable5.csv,female,0,train
RC023,Session2,overground,walk,comfortable,Overground_Walk,Walk_Comfortable,C:/Users/KUBA/GitProjects/WKIRO-Project/data/RC023/Session2/Overground_Walk/Walk_Comfortable/Post_Process/Walk_Comfortable6.csv,female,0,train
RC023,Session2,overground,walk,comfortable,Overground_Walk,Walk_Comfortable,C:/Users/KUBA/GitProjects/WKIRO-Project/data/RC023/Session2/Overground_Walk/Walk_Comfortable/Post_Process/Walk_Comfortable7.csv,female,0,train
RC023,Session2,overground,walk,comfortable,Overground_Walk,Walk_Comfortable,C:/Users/KUBA/GitProjects/WKIRO-Project/data/RC023/Session2/Overground_Walk/Walk_Comfortable/Post_Process/Walk_Comfortable8.csv,female,0,train
RC023,Session2,overground,walk,fast,Overground_Walk,Walk_Fast,C:/Users/KUBA/GitProjects/WKIRO-Project/data/RC023/Session2/Overground_Walk/Walk_Fast/Post_Process/Walk_Fast1.csv,female,0,val
RC023,Session2,overground,walk,fast,Overground_Walk,Walk_Fast,C:/Users/KUBA/GitProjects/WKIRO-Project/data/RC023/Session2/Overground_Walk/Walk_Fast/Post_Process/Walk_Fast2.csv,female,0,train
RC023,Session2,overground,walk,fast,Overground_Walk,Walk_Fast,C:/Users/KUBA/GitProjects/WKIRO-Project/data/RC023/Session2/Overground_Walk/Walk_Fast/Post_Process/Walk_Fast3.csv,female,0,train
RC023,Session2,overground,walk,fast,Overground_Walk,Walk_Fast,C:/Users/KUBA/GitProjects/WKIRO-Project/data/RC023/Session2/Overground_Walk/Walk_Fast/Post_Process/Walk_Fast4.csv,female,0,train
RC023,Session2,overground,walk,fast,Overground_Walk,Walk_Fast,C:/Users/KUBA/GitProjects/WKIRO-Project/data/RC023/Session2/Overground_Walk/Walk_Fast/Post_Process/Walk_Fast5.csv,female,0,train
RC023,Session2,overground,walk,fast,Overground_Walk,Walk_Fast,C:/Users/KUBA/GitProjects/WKIRO-Project/data/RC023/Session2/Overground_Walk/Walk_Fast/Post_Process/Walk_Fast6.csv,female,0,test
RC023,Session2,overground,walk,fast,Overground_Walk,Walk_Fast,C:/Users/KUBA/GitProjects/WKIRO-Project/data/RC023/Session2/Overground_Walk/Walk_Fast/Post_Process/Walk_Fast7.csv,female,0,train
RC023,Session2,overground,walk,fast,Overground_Walk,Walk_Fast,C:/Users/KUBA/GitProjects/WKIRO-Project/data/RC023/Session2/Overground_Walk/Walk_Fast/Post_Process/Walk_Fast8.csv,female,0,train
RC023,Session2,overground,walk,slow,Overground_Walk,Walk_Slow,C:/Users/KUBA/GitProjects/WKIRO-Project/data/RC023/Session2/Overground_Walk/Walk_Slow/Post_Process/Walk_Slow1.csv,female,0,train
RC023,Session2,overground,walk,slow,Overground_Walk,Walk_Slow,C:/Users/KUBA/GitProjects/WKIRO-Project/data/RC023/Session2/Overground_Walk/Walk_Slow/Post_Process/Walk_Slow2.csv,female,0,train
RC023,Session2,overground,walk,slow,Overground_Walk,Walk_Slow,C:/Users/KUBA/GitProjects/WKIRO-Project/data/RC023/Session2/Overground_Walk/Walk_Slow/Post_Process/Walk_Slow3.csv,female,0,test
RC023,Session2,overground,walk,slow,Overground_Walk,Walk_Slow,C:/Users/KUBA/GitProjects/WKIRO-Project/data/RC023/Session2/Overground_Walk/Walk_Slow/Post_Process/Walk_Slow4.csv,female,0,val
RC023,Session2,overground,walk,slow,Overground_Walk,Walk_Slow,C:/Users/KUBA/GitProjects/WKIRO-Project/data/RC023/Session2/Overground_Walk/Walk_Slow/Post_Process/Walk_Slow5.csv,female,0,test
RC023,Session2,overground,walk,slow,Overground_Walk,Walk_Slow,C:/Users/KUBA/GitProjects/WKIRO-Project/data/RC023/Session2/Overground_Walk/Walk_Slow/Post_Process/Walk_Slow6.csv,female,0,train
RC023,Session2,overground,walk,slow,Overground_Walk,Walk_Slow,C:/Users/KUBA/GitProjects/WKIRO-Project/data/RC023/Session2/Overground_Walk/Walk_Slow/Post_Process/Walk_Slow7.csv,female,0,train
RC023,Session2,overground,walk,slow,Overground_Walk,Walk_Slow,C:/Users/KUBA/GitProjects/WKIRO-Project/data/RC023/Session2/Overground_Walk/Walk_Slow/Post_Process/Walk_Slow8.csv,female,0,train
RC023,Session2,treadmill,run,comfortable,Treadmill_Run,Treadmill_Run_Comfortable,C:/Users/KUBA/GitProjects/WKIRO-Project/data/RC023/Session2/Treadmill_Run/Treadmill_Run_Comfortable/Post_Process/Treadmill_Run_Comfortable.csv,female,0,train
RC023,Session2,treadmill,run,fast,Treadmill_Run,Treadmill_Run_Fast,C:/Users/KUBA/GitProjects/WKIRO-Project/data/RC023/Session2/Treadmill_Run/Treadmill_Run_Fast/Post_Process/Treadmill_Run_Fast.csv,female,0,val
RC023,Session2,treadmill,walk,comfortable,Treadmill_Walk,Treadmill_Walk_Comfortable,C:/Users/KUBA/GitProjects/WKIRO-Project/data/RC023/Session2/Treadmill_Walk/Treadmill_Walk_Comfortable/Post_Process/Treadmill_Walk_Comfortable.csv,female,0,test
RC023,Session2,treadmill,walk,fast,Treadmill_Walk,Treadmill_Walk_Fast,C:/Users/KUBA/GitProjects/WKIRO-Project/data/RC023/Session2/Treadmill_Walk/Treadmill_Walk_Fast/Post_Process/Treadmill_Walk_Fast.csv,female,0,train
RC023,Session2,treadmill,walk,slow,Treadmill_Walk,Treadmill_Walk_Slow,C:/Users/KUBA/GitProjects/WKIRO-Project/data/RC023/Session2/Treadmill_Walk/Treadmill_Walk_Slow/Post_Process/Treadmill_Walk_Slow.csv,female,0,test
RV028,Session1,overground,run,comfortable,Overground_Run,Run_Comfortable,C:/Users/KUBA/GitProjects/WKIRO-Project/data/RV028/Session1/Overground_Run/Run_Comfortable/Post_Process/Run_Comfortable1.csv,male,1,train
RV028,Session1,overground,run,comfortable,Overground_Run,Run_Comfortable,C:/Users/KUBA/GitProjects/WKIRO-Project/data/RV028/Session1/Overground_Run/Run_Comfortable/Post_Process/Run_Comfortable10.csv,male,1,val
RV028,Session1,overground,run,comfortable,Overground_Run,Run_Comfortable,C:/Users/KUBA/GitProjects/WKIRO-Project/data/RV028/Session1/Overground_Run/Run_Comfortable/Post_Process/Run_Comfortable2.csv,male,1,train
RV028,Session1,overground,run,comfortable,Overground_Run,Run_Comfortable,C:/Users/KUBA/GitProjects/WKIRO-Project/data/RV028/Session1/Overground_Run/Run_Comfortable/Post_Process/Run_Comfortable3.csv,male,1,val
RV028,Session1,overground,run,comfortable,Overground_Run,Run_Comfortable,C:/Users/KUBA/GitProjects/WKIRO-Project/data/RV028/Session1/Overground_Run/Run_Comfortable/Post_Process/Run_Comfortable4.csv,male,1,train
RV028,Session1,overground,run,comfortable,Overground_Run,Run_Comfortable,C:/Users/KUBA/GitProjects/WKIRO-Project/data/RV028/Session1/Overground_Run/Run_Comfortable/Post_Process/Run_Comfortable5.csv,male,1,train
RV028,Session1,overground,run,comfortable,Overground_Run,Run_Comfortable,C:/Users/KUBA/GitProjects/WKIRO-Project/data/RV028/Session1/Overground_Run/Run_Comfortable/Post_Process/Run_Comfortable6.csv,male,1,val
RV028,Session1,overground,run,comfortable,Overground_Run,Run_Comfortable,C:/Users/KUBA/GitProjects/WKIRO-Project/data/RV028/Session1/Overground_Run/Run_Comfortable/Post_Process/Run_Comfortable7.csv,male,1,train
RV028,Session1,overground,run,comfortable,Overground_Run,Run_Comfortable,C:/Users/KUBA/GitProjects/WKIRO-Project/data/RV028/Session1/Overground_Run/Run_Comfortable/Post_Process/Run_Comfortable8.csv,male,1,train
RV028,Session1,overground,run,comfortable,Overground_Run,Run_Comfortable,C:/Users/KUBA/GitProjects/WKIRO-Project/data/RV028/Session1/Overground_Run/Run_Comfortable/Post_Process/Run_Comfortable9.csv,male,1,test
RV028,Session1,overground,run,fast,Overground_Run,Run_Fast,C:/Users/KUBA/GitProjects/WKIRO-Project/data/RV028/Session1/Overground_Run/Run_Fast/Post_Process/Run_Fast1.csv,male,1,train
RV028,Session1,overground,run,fast,Overground_Run,Run_Fast,C:/Users/KUBA/GitProjects/WKIRO-Project/data/RV028/Session1/Overground_Run/Run_Fast/Post_Process/Run_Fast10.csv,male,1,val
RV028,Session1,overground,run,fast,Overground_Run,Run_Fast,C:/Users/KUBA/GitProjects/WKIRO-Project/data/RV028/Session1/Overground_Run/Run_Fast/Post_Process/Run_Fast2.csv,male,1,train
RV028,Session1,overground,run,fast,Overground_Run,Run_Fast,C:/Users/KUBA/GitProjects/WKIRO-Project/data/RV028/Session1/Overground_Run/Run_Fast/Post_Process/Run_Fast3.csv,male,1,val
RV028,Session1,overground,run,fast,Overground_Run,Run_Fast,C:/Users/KUBA/GitProjects/WKIRO-Project/data/RV028/Session1/Overground_Run/Run_Fast/Post_Process/Run_Fast4.csv,male,1,train
RV028,Session1,overground,run,fast,Overground_Run,Run_Fast,C:/Users/KUBA/GitProjects/WKIRO-Project/data/RV028/Session1/Overground_Run/Run_Fast/Post_Process/Run_Fast5.csv,male,1,train
RV028,Session1,overground,run,fast,Overground_Run,Run_Fast,C:/Users/KUBA/GitProjects/WKIRO-Project/data/RV028/Session1/Overground_Run/Run_Fast/Post_Process/Run_Fast6.csv,male,1,val
RV028,Session1,overground,run,fast,Overground_Run,Run_Fast,C:/Users/KUBA/GitProjects/WKIRO-Project/data/RV028/Session1/Overground_Run/Run_Fast/Post_Process/Run_Fast7.csv,male,1,val
RV028,Session1,overground,run,fast,Overground_Run,Run_Fast,C:/Users/KUBA/GitProjects/WKIRO-Project/data/RV028/Session1/Overground_Run/Run_Fast/Post_Process/Run_Fast8.csv,male,1,val
RV028,Session1,overground,run,fast,Overground_Run,Run_Fast,C:/Users/KUBA/GitProjects/WKIRO-Project/data/RV028/Session1/Overground_Run/Run_Fast/Post_Process/Run_Fast9.csv,male,1,train
RV028,Session1,overground,walk,comfortable,Overground_Walk,Walk_Comfortable,C:/Users/KUBA/GitProjects/WKIRO-Project/data/RV028/Session1/Overground_Walk/Walk_Comfortable/Post_Process/Walk_Comfortable1.csv,male,1,train
RV028,Session1,overground,walk,comfortable,Overground_Walk,Walk_Comfortable,C:/Users/KUBA/GitProjects/WKIRO-Project/data/RV028/Session1/Overground_Walk/Walk_Comfortable/Post_Process/Walk_Comfortable10.csv,male,1,test
RV028,Session1,overground,walk,comfortable,Overground_Walk,Walk_Comfortable,C:/Users/KUBA/GitProjects/WKIRO-Project/data/RV028/Session1/Overground_Walk/Walk_Comfortable/Post_Process/Walk_Comfortable11.csv,male,1,train
RV028,Session1,overground,walk,comfortable,Overground_Walk,Walk_Comfortable,C:/Users/KUBA/GitProjects/WKIRO-Project/data/RV028/Session1/Overground_Walk/Walk_Comfortable/Post_Process/Walk_Comfortable12.csv,male,1,train
RV028,Session1,overground,walk,comfortable,Overground_Walk,Walk_Comfortable,C:/Users/KUBA/GitProjects/WKIRO-Project/data/RV028/Session1/Overground_Walk/Walk_Comfortable/Post_Process/Walk_Comfortable2.csv,male,1,train
RV028,Session1,overground,walk,comfortable,Overground_Walk,Walk_Comfortable,C:/Users/KUBA/GitProjects/WKIRO-Project/data/RV028/Session1/Overground_Walk/Walk_Comfortable/Post_Process/Walk_Comfortable3.csv,male,1,train
RV028,Session1,overground,walk,comfortable,Overground_Walk,Walk_Comfortable,C:/Users/KUBA/GitProjects/WKIRO-Project/data/RV028/Session1/Overground_Walk/Walk_Comfortable/Post_Process/Walk_Comfortable4.csv,male,1,train
RV028,Session1,overground,walk,comfortable,Overground_Walk,Walk_Comfortable,C:/Users/KUBA/GitProjects/WKIRO-Project/data/RV028/Session1/Overground_Walk/Walk_Comfortable/Post_Process/Walk_Comfortable5.csv,male,1,train
RV028,Session1,overground,walk,comfortable,Overground_Walk,Walk_Comfortable,C:/Users/KUBA/GitProjects/WKIRO-Project/data/RV028/Session1/Overground_Walk/Walk_Comfortable/Post_Process/Walk_Comfortable6.csv,male,1,train
RV028,Session1,overground,walk,comfortable,Overground_Walk,Walk_Comfortable,C:/Users/KUBA/GitProjects/WKIRO-Project/data/RV028/Session1/Overground_Walk/Walk_Comfortable/Post_Process/Walk_Comfortable7.csv,male,1,train
RV028,Session1,overground,walk,comfortable,Overground_Walk,Walk_Comfortable,C:/Users/KUBA/GitProjects/WKIRO-Project/data/RV028/Session1/Overground_Walk/Walk_Comfortable/Post_Process/Walk_Comfortable8.csv,male,1,train
RV028,Session1,overground,walk,comfortable,Overground_Walk,Walk_Comfortable,C:/Users/KUBA/GitProjects/WKIRO-Project/data/RV028/Session1/Overground_Walk/Walk_Comfortable/Post_Process/Walk_Comfortable9.csv,male,1,val
RV028,Session1,overground,walk,fast,Overground_Walk,Walk_Fast,C:/Users/KUBA/GitProjects/WKIRO-Project/data/RV028/Session1/Overground_Walk/Walk_Fast/Post_Process/Walk_Fast1.csv,male,1,val
RV028,Session1,overground,walk,fast,Overground_Walk,Walk_Fast,C:/Users/KUBA/GitProjects/WKIRO-Project/data/RV028/Session1/Overground_Walk/Walk_Fast/Post_Process/Walk_Fast2.csv,male,1,train
RV028,Session1,overground,walk,fast,Overground_Walk,Walk_Fast,C:/Users/KUBA/GitProjects/WKIRO-Project/data/RV028/Session1/Overground_Walk/Walk_Fast/Post_Process/Walk_Fast3.csv,male,1,val
RV028,Session1,overground,walk,fast,Overground_Walk,Walk_Fast,C:/Users/KUBA/GitProjects/WKIRO-Project/data/RV028/Session1/Overground_Walk/Walk_Fast/Post_Process/Walk_Fast4.csv,male,1,test
RV028,Session1,overground,walk,fast,Overground_Walk,Walk_Fast,C:/Users/KUBA/GitProjects/WKIRO-Project/data/RV028/Session1/Overground_Walk/Walk_Fast/Post_Process/Walk_Fast5.csv,male,1,train
RV028,Session1,overground,walk,fast,Overground_Walk,Walk_Fast,C:/Users/KUBA/GitProjects/WKIRO-Project/data/RV028/Session1/Overground_Walk/Walk_Fast/Post_Process/Walk_Fast6.csv,male,1,train
RV028,Session1,overground,walk,fast,Overground_Walk,Walk_Fast,C:/Users/KUBA/GitProjects/WKIRO-Project/data/RV028/Session1/Overground_Walk/Walk_Fast/Post_Process/Walk_Fast7.csv,male,1,train
RV028,Session1,overground,walk,fast,Overground_Walk,Walk_Fast,C:/Users/KUBA/GitProjects/WKIRO-Project/data/RV028/Session1/Overground_Walk/Walk_Fast/Post_Process/Walk_Fast8.csv,male,1,train
RV028,Session1,overground,walk,slow,Overground_Walk,Walk_Slow,C:/Users/KUBA/GitProjects/WKIRO-Project/data/RV028/Session1/Overground_Walk/Walk_Slow/Post_Process/Walk_Slow1.csv,male,1,train
RV028,Session1,overground,walk,slow,Overground_Walk,Walk_Slow,C:/Users/KUBA/GitProjects/WKIRO-Project/data/RV028/Session1/Overground_Walk/Walk_Slow/Post_Process/Walk_Slow2.csv,male,1,train
RV028,Session1,overground,walk,slow,Overground_Walk,Walk_Slow,C:/Users/KUBA/GitProjects/WKIRO-Project/data/RV028/Session1/Overground_Walk/Walk_Slow/Post_Process/Walk_Slow3.csv,male,1,train
RV028,Session1,overground,walk,slow,Overground_Walk,Walk_Slow,C:/Users/KUBA/GitProjects/WKIRO-Project/data/RV028/Session1/Overground_Walk/Walk_Slow/Post_Process/Walk_Slow4.csv,male,1,train
RV028,Session1,overground,walk,slow,Overground_Walk,Walk_Slow,C:/Users/KUBA/GitProjects/WKIRO-Project/data/RV028/Session1/Overground_Walk/Walk_Slow/Post_Process/Walk_Slow5.csv,male,1,train
RV028,Session1,overground,walk,slow,Overground_Walk,Walk_Slow,C:/Users/KUBA/GitProjects/WKIRO-Project/data/RV028/Session1/Overground_Walk/Walk_Slow/Post_Process/Walk_Slow6.csv,male,1,train
RV028,Session1,overground,walk,slow,Overground_Walk,Walk_Slow,C:/Users/KUBA/GitProjects/WKIRO-Project/data/RV028/Session1/Overground_Walk/Walk_Slow/Post_Process/Walk_Slow7.csv,male,1,train
RV028,Session1,overground,walk,slow,Overground_Walk,Walk_Slow,C:/Users/KUBA/GitProjects/WKIRO-Project/data/RV028/Session1/Overground_Walk/Walk_Slow/Post_Process/Walk_Slow8.csv,male,1,train
RV028,Session1,treadmill,run,comfortable,Treadmill_Run,Treadmill_Run_Comfortable,C:/Users/KUBA/GitProjects/WKIRO-Project/data/RV028/Session1/Treadmill_Run/Treadmill_Run_Comfortable/Post_Process/Treadmill_Run_Comfortable.csv,male,1,train
RV028,Session1,treadmill,run,fast,Treadmill_Run,Treadmill_Run_Fast,C:/Users/KUBA/GitProjects/WKIRO-Project/data/RV028/Session1/Treadmill_Run/Treadmill_Run_Fast/Post_Process/Treadmill_Run_Fast.csv,male,1,train
RV028,Session1,treadmill,walk,comfortable,Treadmill_Walk,Treadmill_Walk_Comfortable,C:/Users/KUBA/GitProjects/WKIRO-Project/data/RV028/Session1/Treadmill_Walk/Treadmill_Walk_Comfortable/Post_Process/Treadmill_Walk_Comfortable.csv,male,1,test
RV028,Session1,treadmill,walk,fast,Treadmill_Walk,Treadmill_Walk_Fast,C:/Users/KUBA/GitProjects/WKIRO-Project/data/RV028/Session1/Treadmill_Walk/Treadmill_Walk_Fast/Post_Process/Treadmill_Walk_Fast.csv,male,1,train
RV028,Session1,treadmill,walk,slow,Treadmill_Walk,Treadmill_Walk_Slow,C:/Users/KUBA/GitProjects/WKIRO-Project/data/RV028/Session1/Treadmill_Walk/Treadmill_Walk_Slow/Post_Process/Treadmill_Walk_Slow.csv,male,1,val
RV028,Session2,overground,run,comfortable,Overground_Run,Run_Comfortable,C:/Users/KUBA/GitProjects/WKIRO-Project/data/RV028/Session2/Overground_Run/Run_Comfortable/Post_Process/Run_Comfortable1.csv,male,1,train
RV028,Session2,overground,run,comfortable,Overground_Run,Run_Comfortable,C:/Users/KUBA/GitProjects/WKIRO-Project/data/RV028/Session2/Overground_Run/Run_Comfortable/Post_Process/Run_Comfortable10.csv,male,1,train
RV028,Session2,overground,run,comfortable,Overground_Run,Run_Comfortable,C:/Users/KUBA/GitProjects/WKIRO-Project/data/RV028/Session2/Overground_Run/Run_Comfortable/Post_Process/Run_Comfortable2.csv,male,1,train
RV028,Session2,overground,run,comfortable,Overground_Run,Run_Comfortable,C:/Users/KUBA/GitProjects/WKIRO-Project/data/RV028/Session2/Overground_Run/Run_Comfortable/Post_Process/Run_Comfortable3.csv,male,1,train
RV028,Session2,overground,run,comfortable,Overground_Run,Run_Comfortable,C:/Users/KUBA/GitProjects/WKIRO-Project/data/RV028/Session2/Overground_Run/Run_Comfortable/Post_Process/Run_Comfortable4.csv,male,1,test
RV028,Session2,overground,run,comfortable,Overground_Run,Run_Comfortable,C:/Users/KUBA/GitProjects/WKIRO-Project/data/RV028/Session2/Overground_Run/Run_Comfortable/Post_Process/Run_Comfortable5.csv,male,1,test
RV028,Session2,overground,run,comfortable,Overground_Run,Run_Comfortable,C:/Users/KUBA/GitProjects/WKIRO-Project/data/RV028/Session2/Overground_Run/Run_Comfortable/Post_Process/Run_Comfortable6.csv,male,1,test
RV028,Session2,overground,run,comfortable,Overground_Run,Run_Comfortable,C:/Users/KUBA/GitProjects/WKIRO-Project/data/RV028/Session2/Overground_Run/Run_Comfortable/Post_Process/Run_Comfortable7.csv,male,1,train
RV028,Session2,overground,run,comfortable,Overground_Run,Run_Comfortable,C:/Users/KUBA/GitProjects/WKIRO-Project/data/RV028/Session2/Overground_Run/Run_Comfortable/Post_Process/Run_Comfortable8.csv,male,1,train
RV028,Session2,overground,run,comfortable,Overground_Run,Run_Comfortable,C:/Users/KUBA/GitProjects/WKIRO-Project/data/RV028/Session2/Overground_Run/Run_Comfortable/Post_Process/Run_Comfortable9.csv,male,1,train
RV028,Session2,overground,run,fast,Overground_Run,Run_Fast,C:/Users/KUBA/GitProjects/WKIRO-Project/data/RV028/Session2/Overground_Run/Run_Fast/Post_Process/Run_Fast1.csv,male,1,train
RV028,Session2,overground,run,fast,Overground_Run,Run_Fast,C:/Users/KUBA/GitProjects/WKIRO-Project/data/RV028/Session2/Overground_Run/Run_Fast/Post_Process/Run_Fast10.csv,male,1,test
RV028,Session2,overground,run,fast,Overground_Run,Run_Fast,C:/Users/KUBA/GitProjects/WKIRO-Project/data/RV028/Session2/Overground_Run/Run_Fast/Post_Process/Run_Fast2.csv,male,1,train
RV028,Session2,overground,run,fast,Overground_Run,Run_Fast,C:/Users/KUBA/GitProjects/WKIRO-Project/data/RV028/Session2/Overground_Run/Run_Fast/Post_Process/Run_Fast3.csv,male,1,train
RV028,Session2,overground,run,fast,Overground_Run,Run_Fast,C:/Users/KUBA/GitProjects/WKIRO-Project/data/RV028/Session2/Overground_Run/Run_Fast/Post_Process/Run_Fast4.csv,male,1,train
RV028,Session2,overground,run,fast,Overground_Run,Run_Fast,C:/Users/KUBA/GitProjects/WKIRO-Project/data/RV028/Session2/Overground_Run/Run_Fast/Post_Process/Run_Fast5.csv,male,1,train
RV028,Session2,overground,run,fast,Overground_Run,Run_Fast,C:/Users/KUBA/GitProjects/WKIRO-Project/data/RV028/Session2/Overground_Run/Run_Fast/Post_Process/Run_Fast6.csv,male,1,train
RV028,Session2,overground,run,fast,Overground_Run,Run_Fast,C:/Users/KUBA/GitProjects/WKIRO-Project/data/RV028/Session2/Overground_Run/Run_Fast/Post_Process/Run_Fast7.csv,male,1,test
RV028,Session2,overground,run,fast,Overground_Run,Run_Fast,C:/Users/KUBA/GitProjects/WKIRO-Project/data/RV028/Session2/Overground_Run/Run_Fast/Post_Process/Run_Fast8.csv,male,1,train
RV028,Session2,overground,run,fast,Overground_Run,Run_Fast,C:/Users/KUBA/GitProjects/WKIRO-Project/data/RV028/Session2/Overground_Run/Run_Fast/Post_Process/Run_Fast9.csv,male,1,train
RV028,Session2,overground,walk,comfortable,Overground_Walk,Walk_Comfortable,C:/Users/KUBA/GitProjects/WKIRO-Project/data/RV028/Session2/Overground_Walk/Walk_Comfortable/Post_Process/Walk_Comfortable1.csv,male,1,test
RV028,Session2,overground,walk,comfortable,Overground_Walk,Walk_Comfortable,C:/Users/KUBA/GitProjects/WKIRO-Project/data/RV028/Session2/Overground_Walk/Walk_Comfortable/Post_Process/Walk_Comfortable2.csv,male,1,train
RV028,Session2,overground,walk,comfortable,Overground_Walk,Walk_Comfortable,C:/Users/KUBA/GitProjects/WKIRO-Project/data/RV028/Session2/Overground_Walk/Walk_Comfortable/Post_Process/Walk_Comfortable3.csv,male,1,train
RV028,Session2,overground,walk,comfortable,Overground_Walk,Walk_Comfortable,C:/Users/KUBA/GitProjects/WKIRO-Project/data/RV028/Session2/Overground_Walk/Walk_Comfortable/Post_Process/Walk_Comfortable4.csv,male,1,val
RV028,Session2,overground,walk,comfortable,Overground_Walk,Walk_Comfortable,C:/Users/KUBA/GitProjects/WKIRO-Project/data/RV028/Session2/Overground_Walk/Walk_Comfortable/Post_Process/Walk_Comfortable5.csv,male,1,test
RV028,Session2,overground,walk,comfortable,Overground_Walk,Walk_Comfortable,C:/Users/KUBA/GitProjects/WKIRO-Project/data/RV028/Session2/Overground_Walk/Walk_Comfortable/Post_Process/Walk_Comfortable6.csv,male,1,train
RV028,Session2,overground,walk,comfortable,Overground_Walk,Walk_Comfortable,C:/Users/KUBA/GitProjects/WKIRO-Project/data/RV028/Session2/Overground_Walk/Walk_Comfortable/Post_Process/Walk_Comfortable7.csv,male,1,train
RV028,Session2,overground,walk,comfortable,Overground_Walk,Walk_Comfortable,C:/Users/KUBA/GitProjects/WKIRO-Project/data/RV028/Session2/Overground_Walk/Walk_Comfortable/Post_Process/Walk_Comfortable8.csv,male,1,train
RV028,Session2,overground,walk,fast,Overground_Walk,Walk_Fast,C:/Users/KUBA/GitProjects/WKIRO-Project/data/RV028/Session2/Overground_Walk/Walk_Fast/Post_Process/Walk_Fast1.csv,male,1,train
RV028,Session2,overground,walk,fast,Overground_Walk,Walk_Fast,C:/Users/KUBA/GitProjects/WKIRO-Project/data/RV028/Session2/Overground_Walk/Walk_Fast/Post_Process/Walk_Fast2.csv,male,1,train
RV028,Session2,overground,walk,fast,Overground_Walk,Walk_Fast,C:/Users/KUBA/GitProjects/WKIRO-Project/data/RV028/Session2/Overground_Walk/Walk_Fast/Post_Process/Walk_Fast3.csv,male,1,train
RV028,Session2,overground,walk,fast,Overground_Walk,Walk_Fast,C:/Users/KUBA/GitProjects/WKIRO-Project/data/RV028/Session2/Overground_Walk/Walk_Fast/Post_Process/Walk_Fast4.csv,male,1,train
RV028,Session2,overground,walk,fast,Overground_Walk,Walk_Fast,C:/Users/KUBA/GitProjects/WKIRO-Project/data/RV028/Session2/Overground_Walk/Walk_Fast/Post_Process/Walk_Fast5.csv,male,1,train
RV028,Session2,overground,walk,fast,Overground_Walk,Walk_Fast,C:/Users/KUBA/GitProjects/WKIRO-Project/data/RV028/Session2/Overground_Walk/Walk_Fast/Post_Process/Walk_Fast6.csv,male,1,train
RV028,Session2,overground,walk,fast,Overground_Walk,Walk_Fast,C:/Users/KUBA/GitProjects/WKIRO-Project/data/RV028/Session2/Overground_Walk/Walk_Fast/Post_Process/Walk_Fast7.csv,male,1,train
RV028,Session2,overground,walk,fast,Overground_Walk,Walk_Fast,C:/Users/KUBA/GitProjects/WKIRO-Project/data/RV028/Session2/Overground_Walk/Walk_Fast/Post_Process/Walk_Fast8.csv,male,1,test
RV028,Session2,overground,walk,slow,Overground_Walk,Walk_Slow,C:/Users/KUBA/GitProjects/WKIRO-Project/data/RV028/Session2/Overground_Walk/Walk_Slow/Post_Process/Walk_Slow1.csv,male,1,train
RV028,Session2,overground,walk,slow,Overground_Walk,Walk_Slow,C:/Users/KUBA/GitProjects/WKIRO-Project/data/RV028/Session2/Overground_Walk/Walk_Slow/Post_Process/Walk_Slow2.csv,male,1,val
RV028,Session2,overground,walk,slow,Overground_Walk,Walk_Slow,C:/Users/KUBA/GitProjects/WKIRO-Project/data/RV028/Session2/Overground_Walk/Walk_Slow/Post_Process/Walk_Slow3.csv,male,1,test
RV028,Session2,overground,walk,slow,Overground_Walk,Walk_Slow,C:/Users/KUBA/GitProjects/WKIRO-Project/data/RV028/Session2/Overground_Walk/Walk_Slow/Post_Process/Walk_Slow4.csv,male,1,train
RV028,Session2,overground,walk,slow,Overground_Walk,Walk_Slow,C:/Users/KUBA/GitProjects/WKIRO-Project/data/RV028/Session2/Overground_Walk/Walk_Slow/Post_Process/Walk_Slow5.csv,male,1,test
RV028,Session2,overground,walk,slow,Overground_Walk,Walk_Slow,C:/Users/KUBA/GitProjects/WKIRO-Project/data/RV028/Session2/Overground_Walk/Walk_Slow/Post_Process/Walk_Slow6.csv,male,1,val
RV028,Session2,treadmill,run,comfortable,Treadmill_Run,Treadmill_Run_Comfortable,C:/Users/KUBA/GitProjects/WKIRO-Project/data/RV028/Session2/Treadmill_Run/Treadmill_Run_Comfortable/Post_Process/Treadmill_Run_Comfortable.csv,male,1,train
RV028,Session2,treadmill,run,fast,Treadmill_Run,Treadmill_Run_Fast,C:/Users/KUBA/GitProjects/WKIRO-Project/data/RV028/Session2/Treadmill_Run/Treadmill_Run_Fast/Post_Process/Treadmill_Run_Fast.csv,male,1,test
RV028,Session2,treadmill,walk,comfortable,Treadmill_Walk,Treadmill_Walk_Comfortable,C:/Users/KUBA/GitProjects/WKIRO-Project/data/RV028/Session2/Treadmill_Walk/Treadmill_Walk_Comfortable/Post_Process/Treadmill_Walk_Comfortable.csv,male,1,train
RV028,Session2,treadmill,walk,fast,Treadmill_Walk,Treadmill_Walk_Fast,C:/Users/KUBA/GitProjects/WKIRO-Project/data/RV028/Session2/Treadmill_Walk/Treadmill_Walk_Fast/Post_Process/Treadmill_Walk_Fast.csv,male,1,train
RV028,Session2,treadmill,walk,slow,Treadmill_Walk,Treadmill_Walk_Slow,C:/Users/KUBA/GitProjects/WKIRO-Project/data/RV028/Session2/Treadmill_Walk/Treadmill_Walk_Slow/Post_Process/Treadmill_Walk_Slow.csv,male,1,train
SA017,Session1,overground,run,comfortable,Overground_Run,Run_Comfortable,C:/Users/KUBA/GitProjects/WKIRO-Project/data/SA017/Session1/Overground_Run/Run_Comfortable/Post_Process/Run_Comfortable1.csv,female,0,train
SA017,Session1,overground,run,comfortable,Overground_Run,Run_Comfortable,C:/Users/KUBA/GitProjects/WKIRO-Project/data/SA017/Session1/Overground_Run/Run_Comfortable/Post_Process/Run_Comfortable10.csv,female,0,train
SA017,Session1,overground,run,comfortable,Overground_Run,Run_Comfortable,C:/Users/KUBA/GitProjects/WKIRO-Project/data/SA017/Session1/Overground_Run/Run_Comfortable/Post_Process/Run_Comfortable2.csv,female,0,train
SA017,Session1,overground,run,comfortable,Overground_Run,Run_Comfortable,C:/Users/KUBA/GitProjects/WKIRO-Project/data/SA017/Session1/Overground_Run/Run_Comfortable/Post_Process/Run_Comfortable3.csv,female,0,train
SA017,Session1,overground,run,comfortable,Overground_Run,Run_Comfortable,C:/Users/KUBA/GitProjects/WKIRO-Project/data/SA017/Session1/Overground_Run/Run_Comfortable/Post_Process/Run_Comfortable4.csv,female,0,train
SA017,Session1,overground,run,comfortable,Overground_Run,Run_Comfortable,C:/Users/KUBA/GitProjects/WKIRO-Project/data/SA017/Session1/Overground_Run/Run_Comfortable/Post_Process/Run_Comfortable5.csv,female,0,train
SA017,Session1,overground,run,comfortable,Overground_Run,Run_Comfortable,C:/Users/KUBA/GitProjects/WKIRO-Project/data/SA017/Session1/Overground_Run/Run_Comfortable/Post_Process/Run_Comfortable6.csv,female,0,train
SA017,Session1,overground,run,comfortable,Overground_Run,Run_Comfortable,C:/Users/KUBA/GitProjects/WKIRO-Project/data/SA017/Session1/Overground_Run/Run_Comfortable/Post_Process/Run_Comfortable7.csv,female,0,train
SA017,Session1,overground,run,comfortable,Overground_Run,Run_Comfortable,C:/Users/KUBA/GitProjects/WKIRO-Project/data/SA017/Session1/Overground_Run/Run_Comfortable/Post_Process/Run_Comfortable8.csv,female,0,val
SA017,Session1,overground,run,comfortable,Overground_Run,Run_Comfortable,C:/Users/KUBA/GitProjects/WKIRO-Project/data/SA017/Session1/Overground_Run/Run_Comfortable/Post_Process/Run_Comfortable9.csv,female,0,train
SA017,Session1,overground,run,fast,Overground_Run,Run_Fast,C:/Users/KUBA/GitProjects/WKIRO-Project/data/SA017/Session1/Overground_Run/Run_Fast/Post_Process/Run_Fast1.csv,female,0,train
SA017,Session1,overground,run,fast,Overground_Run,Run_Fast,C:/Users/KUBA/GitProjects/WKIRO-Project/data/SA017/Session1/Overground_Run/Run_Fast/Post_Process/Run_Fast10.csv,female,0,train
SA017,Session1,overground,run,fast,Overground_Run,Run_Fast,C:/Users/KUBA/GitProjects/WKIRO-Project/data/SA017/Session1/Overground_Run/Run_Fast/Post_Process/Run_Fast2.csv,female,0,train
SA017,Session1,overground,run,fast,Overground_Run,Run_Fast,C:/Users/KUBA/GitProjects/WKIRO-Project/data/SA017/Session1/Overground_Run/Run_Fast/Post_Process/Run_Fast3.csv,female,0,train
SA017,Session1,overground,run,fast,Overground_Run,Run_Fast,C:/Users/KUBA/GitProjects/WKIRO-Project/data/SA017/Session1/Overground_Run/Run_Fast/Post_Process/Run_Fast4.csv,female,0,train
SA017,Session1,overground,run,fast,Overground_Run,Run_Fast,C:/Users/KUBA/GitProjects/WKIRO-Project/data/SA017/Session1/Overground_Run/Run_Fast/Post_Process/Run_Fast5.csv,female,0,train
SA017,Session1,overground,run,fast,Overground_Run,Run_Fast,C:/Users/KUBA/GitProjects/WKIRO-Project/data/SA017/Session1/Overground_Run/Run_Fast/Post_Process/Run_Fast6.csv,female,0,train
SA017,Session1,overground,run,fast,Overground_Run,Run_Fast,C:/Users/KUBA/GitProjects/WKIRO-Project/data/SA017/Session1/Overground_Run/Run_Fast/Post_Process/Run_Fast7.csv,female,0,test
SA017,Session1,overground,run,fast,Overground_Run,Run_Fast,C:/Users/KUBA/GitProjects/WKIRO-Project/data/SA017/Session1/Overground_Run/Run_Fast/Post_Process/Run_Fast8.csv,female,0,train
SA017,Session1,overground,run,fast,Overground_Run,Run_Fast,C:/Users/KUBA/GitProjects/WKIRO-Project/data/SA017/Session1/Overground_Run/Run_Fast/Post_Process/Run_Fast9.csv,female,0,train
SA017,Session1,overground,walk,comfortable,Overground_Walk,Walk_Comfortable,C:/Users/KUBA/GitProjects/WKIRO-Project/data/SA017/Session1/Overground_Walk/Walk_Comfortable/Post_Process/Walk_Comfortable1.csv,female,0,test
SA017,Session1,overground,walk,comfortable,Overground_Walk,Walk_Comfortable,C:/Users/KUBA/GitProjects/WKIRO-Project/data/SA017/Session1/Overground_Walk/Walk_Comfortable/Post_Process/Walk_Comfortable2.csv,female,0,train
SA017,Session1,overground,walk,comfortable,Overground_Walk,Walk_Comfortable,C:/Users/KUBA/GitProjects/WKIRO-Project/data/SA017/Session1/Overground_Walk/Walk_Comfortable/Post_Process/Walk_Comfortable3.csv,female,0,train
SA017,Session1,overground,walk,comfortable,Overground_Walk,Walk_Comfortable,C:/Users/KUBA/GitProjects/WKIRO-Project/data/SA017/Session1/Overground_Walk/Walk_Comfortable/Post_Process/Walk_Comfortable4.csv,female,0,train
SA017,Session1,overground,walk,comfortable,Overground_Walk,Walk_Comfortable,C:/Users/KUBA/GitProjects/WKIRO-Project/data/SA017/Session1/Overground_Walk/Walk_Comfortable/Post_Process/Walk_Comfortable5.csv,female,0,test
SA017,Session1,overground,walk,comfortable,Overground_Walk,Walk_Comfortable,C:/Users/KUBA/GitProjects/WKIRO-Project/data/SA017/Session1/Overground_Walk/Walk_Comfortable/Post_Process/Walk_Comfortable6.csv,female,0,train
SA017,Session1,overground,walk,comfortable,Overground_Walk,Walk_Comfortable,C:/Users/KUBA/GitProjects/WKIRO-Project/data/SA017/Session1/Overground_Walk/Walk_Comfortable/Post_Process/Walk_Comfortable7.csv,female,0,train
SA017,Session1,overground,walk,comfortable,Overground_Walk,Walk_Comfortable,C:/Users/KUBA/GitProjects/WKIRO-Project/data/SA017/Session1/Overground_Walk/Walk_Comfortable/Post_Process/Walk_Comfortable8.csv,female,0,train
SA017,Session1,overground,walk,fast,Overground_Walk,Walk_Fast,C:/Users/KUBA/GitProjects/WKIRO-Project/data/SA017/Session1/Overground_Walk/Walk_Fast/Post_Process/Walk_Fast1.csv,female,0,val
SA017,Session1,overground,walk,fast,Overground_Walk,Walk_Fast,C:/Users/KUBA/GitProjects/WKIRO-Project/data/SA017/Session1/Overground_Walk/Walk_Fast/Post_Process/Walk_Fast2.csv,female,0,train
SA017,Session1,overground,walk,fast,Overground_Walk,Walk_Fast,C:/Users/KUBA/GitProjects/WKIRO-Project/data/SA017/Session1/Overground_Walk/Walk_Fast/Post_Process/Walk_Fast3.csv,female,0,val
SA017,Session1,overground,walk,fast,Overground_Walk,Walk_Fast,C:/Users/KUBA/GitProjects/WKIRO-Project/data/SA017/Session1/Overground_Walk/Walk_Fast/Post_Process/Walk_Fast4.csv,female,0,val
SA017,Session1,overground,walk,fast,Overground_Walk,Walk_Fast,C:/Users/KUBA/GitProjects/WKIRO-Project/data/SA017/Session1/Overground_Walk/Walk_Fast/Post_Process/Walk_Fast5.csv,female,0,train
SA017,Session1,overground,walk,fast,Overground_Walk,Walk_Fast,C:/Users/KUBA/GitProjects/WKIRO-Project/data/SA017/Session1/Overground_Walk/Walk_Fast/Post_Process/Walk_Fast6.csv,female,0,val
SA017,Session1,overground,walk,fast,Overground_Walk,Walk_Fast,C:/Users/KUBA/GitProjects/WKIRO-Project/data/SA017/Session1/Overground_Walk/Walk_Fast/Post_Process/Walk_Fast7.csv,female,0,train
SA017,Session1,overground,walk,fast,Overground_Walk,Walk_Fast,C:/Users/KUBA/GitProjects/WKIRO-Project/data/SA017/Session1/Overground_Walk/Walk_Fast/Post_Process/Walk_Fast8.csv,female,0,val
SA017,Session1,overground,walk,slow,Overground_Walk,Walk_Slow,C:/Users/KUBA/GitProjects/WKIRO-Project/data/SA017/Session1/Overground_Walk/Walk_Slow/Post_Process/Walk_Slow1.csv,female,0,train
SA017,Session1,overground,walk,slow,Overground_Walk,Walk_Slow,C:/Users/KUBA/GitProjects/WKIRO-Project/data/SA017/Session1/Overground_Walk/Walk_Slow/Post_Process/Walk_Slow2.csv,female,0,val
SA017,Session1,overground,walk,slow,Overground_Walk,Walk_Slow,C:/Users/KUBA/GitProjects/WKIRO-Project/data/SA017/Session1/Overground_Walk/Walk_Slow/Post_Process/Walk_Slow3.csv,female,0,test
SA017,Session1,overground,walk,slow,Overground_Walk,Walk_Slow,C:/Users/KUBA/GitProjects/WKIRO-Project/data/SA017/Session1/Overground_Walk/Walk_Slow/Post_Process/Walk_Slow4.csv,female,0,train
SA017,Session1,overground,walk,slow,Overground_Walk,Walk_Slow,C:/Users/KUBA/GitProjects/WKIRO-Project/data/SA017/Session1/Overground_Walk/Walk_Slow/Post_Process/Walk_Slow5.csv,female,0,val
SA017,Session1,overground,walk,slow,Overground_Walk,Walk_Slow,C:/Users/KUBA/GitProjects/WKIRO-Project/data/SA017/Session1/Overground_Walk/Walk_Slow/Post_Process/Walk_Slow6.csv,female,0,test
SA017,Session1,treadmill,run,comfortable,Treadmill_Run,Treadmill_Run_Comfortable,C:/Users/KUBA/GitProjects/WKIRO-Project/data/SA017/Session1/Treadmill_Run/Treadmill_Run_Comfortable/Post_Process/Treadmill_Run_Comfortable.csv,female,0,train
SA017,Session1,treadmill,run,fast,Treadmill_Run,Treadmill_Run_Fast,C:/Users/KUBA/GitProjects/WKIRO-Project/data/SA017/Session1/Treadmill_Run/Treadmill_Run_Fast/Post_Process/Treadmill_Run_Fast.csv,female,0,test
SA017,Session1,treadmill,walk,comfortable,Treadmill_Walk,Treadmill_Walk_Comfortable,C:/Users/KUBA/GitProjects/WKIRO-Project/data/SA017/Session1/Treadmill_Walk/Treadmill_Walk_Comfortable/Post_Process/Treadmill_Walk_Comfortable.csv,female,0,train
SA017,Session1,treadmill,walk,fast,Treadmill_Walk,Treadmill_Walk_Fast,C:/Users/KUBA/GitProjects/WKIRO-Project/data/SA017/Session1/Treadmill_Walk/Treadmill_Walk_Fast/Post_Process/Treadmill_Walk_Fast.csv,female,0,train
SA017,Session1,treadmill,walk,slow,Treadmill_Walk,Treadmill_Walk_Slow,C:/Users/KUBA/GitProjects/WKIRO-Project/data/SA017/Session1/Treadmill_Walk/Treadmill_Walk_Slow/Post_Process/Treadmill_Walk_Slow.csv,female,0,train
SA017,Session2,overground,run,comfortable,Overground_Run,Run_Comfortable,C:/Users/KUBA/GitProjects/WKIRO-Project/data/SA017/Session2/Overground_Run/Run_Comfortable/Post_Process/Run_Comfortable1.csv,female,0,train
SA017,Session2,overground,run,comfortable,Overground_Run,Run_Comfortable,C:/Users/KUBA/GitProjects/WKIRO-Project/data/SA017/Session2/Overground_Run/Run_Comfortable/Post_Process/Run_Comfortable10.csv,female,0,test
SA017,Session2,overground,run,comfortable,Overground_Run,Run_Comfortable,C:/Users/KUBA/GitProjects/WKIRO-Project/data/SA017/Session2/Overground_Run/Run_Comfortable/Post_Process/Run_Comfortable2.csv,female,0,test
SA017,Session2,overground,run,comfortable,Overground_Run,Run_Comfortable,C:/Users/KUBA/GitProjects/WKIRO-Project/data/SA017/Session2/Overground_Run/Run_Comfortable/Post_Process/Run_Comfortable3.csv,female,0,train
SA017,Session2,overground,run,comfortable,Overground_Run,Run_Comfortable,C:/Users/KUBA/GitProjects/WKIRO-Project/data/SA017/Session2/Overground_Run/Run_Comfortable/Post_Process/Run_Comfortable4.csv,female,0,train
SA017,Session2,overground,run,comfortable,Overground_Run,Run_Comfortable,C:/Users/KUBA/GitProjects/WKIRO-Project/data/SA017/Session2/Overground_Run/Run_Comfortable/Post_Process/Run_Comfortable5.csv,female,0,train
SA017,Session2,overground,run,comfortable,Overground_Run,Run_Comfortable,C:/Users/KUBA/GitProjects/WKIRO-Project/data/SA017/Session2/Overground_Run/Run_Comfortable/Post_Process/Run_Comfortable6.csv,female,0,train
SA017,Session2,overground,run,comfortable,Overground_Run,Run_Comfortable,C:/Users/KUBA/GitProjects/WKIRO-Project/data/SA017/Session2/Overground_Run/Run_Comfortable/Post_Process/Run_Comfortable7.csv,female,0,train
SA017,Session2,overground,run,comfortable,Overground_Run,Run_Comfortable,C:/Users/KUBA/GitProjects/WKIRO-Project/data/SA017/Session2/Overground_Run/Run_Comfortable/Post_Process/Run_Comfortable8.csv,female,0,val
SA017,Session2,overground,run,comfortable,Overground_Run,Run_Comfortable,C:/Users/KUBA/GitProjects/WKIRO-Project/data/SA017/Session2/Overground_Run/Run_Comfortable/Post_Process/Run_Comfortable9.csv,female,0,val
SA017,Session2,overground,run,fast,Overground_Run,Run_Fast,C:/Users/KUBA/GitProjects/WKIRO-Project/data/SA017/Session2/Overground_Run/Run_Fast/Post_Process/Run_Fast1.csv,female,0,val
SA017,Session2,overground,run,fast,Overground_Run,Run_Fast,C:/Users/KUBA/GitProjects/WKIRO-Project/data/SA017/Session2/Overground_Run/Run_Fast/Post_Process/Run_Fast10.csv,female,0,train
SA017,Session2,overground,run,fast,Overground_Run,Run_Fast,C:/Users/KUBA/GitProjects/WKIRO-Project/data/SA017/Session2/Overground_Run/Run_Fast/Post_Process/Run_Fast2.csv,female,0,train
SA017,Session2,overground,run,fast,Overground_Run,Run_Fast,C:/Users/KUBA/GitProjects/WKIRO-Project/data/SA017/Session2/Overground_Run/Run_Fast/Post_Process/Run_Fast3.csv,female,0,test
SA017,Session2,overground,run,fast,Overground_Run,Run_Fast,C:/Users/KUBA/GitProjects/WKIRO-Project/data/SA017/Session2/Overground_Run/Run_Fast/Post_Process/Run_Fast4.csv,female,0,train
SA017,Session2,overground,run,fast,Overground_Run,Run_Fast,C:/Users/KUBA/GitProjects/WKIRO-Project/data/SA017/Session2/Overground_Run/Run_Fast/Post_Process/Run_Fast5.csv,female,0,train
SA017,Session2,overground,run,fast,Overground_Run,Run_Fast,C:/Users/KUBA/GitProjects/WKIRO-Project/data/SA017/Session2/Overground_Run/Run_Fast/Post_Process/Run_Fast6.csv,female,0,train
SA017,Session2,overground,run,fast,Overground_Run,Run_Fast,C:/Users/KUBA/GitProjects/WKIRO-Project/data/SA017/Session2/Overground_Run/Run_Fast/Post_Process/Run_Fast7.csv,female,0,train
SA017,Session2,overground,run,fast,Overground_Run,Run_Fast,C:/Users/KUBA/GitProjects/WKIRO-Project/data/SA017/Session2/Overground_Run/Run_Fast/Post_Process/Run_Fast8.csv,female,0,train
SA017,Session2,overground,run,fast,Overground_Run,Run_Fast,C:/Users/KUBA/GitProjects/WKIRO-Project/data/SA017/Session2/Overground_Run/Run_Fast/Post_Process/Run_Fast9.csv,female,0,test
SA017,Session2,overground,walk,comfortable,Overground_Walk,Walk_Comfortable,C:/Users/KUBA/GitProjects/WKIRO-Project/data/SA017/Session2/Overground_Walk/Walk_Comfortable/Post_Process/Walk_Comfortable1.csv,female,0,val
SA017,Session2,overground,walk,comfortable,Overground_Walk,Walk_Comfortable,C:/Users/KUBA/GitProjects/WKIRO-Project/data/SA017/Session2/Overground_Walk/Walk_Comfortable/Post_Process/Walk_Comfortable2.csv,female,0,train
SA017,Session2,overground,walk,comfortable,Overground_Walk,Walk_Comfortable,C:/Users/KUBA/GitProjects/WKIRO-Project/data/SA017/Session2/Overground_Walk/Walk_Comfortable/Post_Process/Walk_Comfortable3.csv,female,0,test
SA017,Session2,overground,walk,comfortable,Overground_Walk,Walk_Comfortable,C:/Users/KUBA/GitProjects/WKIRO-Project/data/SA017/Session2/Overground_Walk/Walk_Comfortable/Post_Process/Walk_Comfortable4.csv,female,0,train
SA017,Session2,overground,walk,comfortable,Overground_Walk,Walk_Comfortable,C:/Users/KUBA/GitProjects/WKIRO-Project/data/SA017/Session2/Overground_Walk/Walk_Comfortable/Post_Process/Walk_Comfortable5.csv,female,0,train
SA017,Session2,overground,walk,comfortable,Overground_Walk,Walk_Comfortable,C:/Users/KUBA/GitProjects/WKIRO-Project/data/SA017/Session2/Overground_Walk/Walk_Comfortable/Post_Process/Walk_Comfortable6.csv,female,0,train
SA017,Session2,overground,walk,fast,Overground_Walk,Walk_Fast,C:/Users/KUBA/GitProjects/WKIRO-Project/data/SA017/Session2/Overground_Walk/Walk_Fast/Post_Process/Walk_Fast1.csv,female,0,train
SA017,Session2,overground,walk,fast,Overground_Walk,Walk_Fast,C:/Users/KUBA/GitProjects/WKIRO-Project/data/SA017/Session2/Overground_Walk/Walk_Fast/Post_Process/Walk_Fast2.csv,female,0,train
SA017,Session2,overground,walk,fast,Overground_Walk,Walk_Fast,C:/Users/KUBA/GitProjects/WKIRO-Project/data/SA017/Session2/Overground_Walk/Walk_Fast/Post_Process/Walk_Fast3.csv,female,0,train
SA017,Session2,overground,walk,fast,Overground_Walk,Walk_Fast,C:/Users/KUBA/GitProjects/WKIRO-Project/data/SA017/Session2/Overground_Walk/Walk_Fast/Post_Process/Walk_Fast4.csv,female,0,train
SA017,Session2,overground,walk,fast,Overground_Walk,Walk_Fast,C:/Users/KUBA/GitProjects/WKIRO-Project/data/SA017/Session2/Overground_Walk/Walk_Fast/Post_Process/Walk_Fast5.csv,female,0,train
SA017,Session2,overground,walk,fast,Overground_Walk,Walk_Fast,C:/Users/KUBA/GitProjects/WKIRO-Project/data/SA017/Session2/Overground_Walk/Walk_Fast/Post_Process/Walk_Fast6.csv,female,0,train
SA017,Session2,overground,walk,fast,Overground_Walk,Walk_Fast,C:/Users/KUBA/GitProjects/WKIRO-Project/data/SA017/Session2/Overground_Walk/Walk_Fast/Post_Process/Walk_Fast7.csv,female,0,train
SA017,Session2,overground,walk,fast,Overground_Walk,Walk_Fast,C:/Users/KUBA/GitProjects/WKIRO-Project/data/SA017/Session2/Overground_Walk/Walk_Fast/Post_Process/Walk_Fast8.csv,female,0,train
SA017,Session2,overground,walk,slow,Overground_Walk,Walk_Slow,C:/Users/KUBA/GitProjects/WKIRO-Project/data/SA017/Session2/Overground_Walk/Walk_Slow/Post_Process/Walk_Slow1.csv,female,0,test
SA017,Session2,overground,walk,slow,Overground_Walk,Walk_Slow,C:/Users/KUBA/GitProjects/WKIRO-Project/data/SA017/Session2/Overground_Walk/Walk_Slow/Post_Process/Walk_Slow2.csv,female,0,test
SA017,Session2,overground,walk,slow,Overground_Walk,Walk_Slow,C:/Users/KUBA/GitProjects/WKIRO-Project/data/SA017/Session2/Overground_Walk/Walk_Slow/Post_Process/Walk_Slow3.csv,female,0,train
SA017,Session2,overground,walk,slow,Overground_Walk,Walk_Slow,C:/Users/KUBA/GitProjects/WKIRO-Project/data/SA017/Session2/Overground_Walk/Walk_Slow/Post_Process/Walk_Slow4.csv,female,0,train
SA017,Session2,overground,walk,slow,Overground_Walk,Walk_Slow,C:/Users/KUBA/GitProjects/WKIRO-Project/data/SA017/Session2/Overground_Walk/Walk_Slow/Post_Process/Walk_Slow5.csv,female,0,train
SA017,Session2,overground,walk,slow,Overground_Walk,Walk_Slow,C:/Users/KUBA/GitProjects/WKIRO-Project/data/SA017/Session2/Overground_Walk/Walk_Slow/Post_Process/Walk_Slow6.csv,female,0,val
SA017,Session2,overground,walk,slow,Overground_Walk,Walk_Slow,C:/Users/KUBA/GitProjects/WKIRO-Project/data/SA017/Session2/Overground_Walk/Walk_Slow/Post_Process/Walk_Slow7.csv,female,0,train
SA017,Session2,overground,walk,slow,Overground_Walk,Walk_Slow,C:/Users/KUBA/GitProjects/WKIRO-Project/data/SA017/Session2/Overground_Walk/Walk_Slow/Post_Process/Walk_Slow8.csv,female,0,train
SA017,Session2,treadmill,run,comfortable,Treadmill_Run,Treadmill_Run_Comfortable,C:/Users/KUBA/GitProjects/WKIRO-Project/data/SA017/Session2/Treadmill_Run/Treadmill_Run_Comfortable/Post_Process/Treadmill_Run_Comfortable.csv,female,0,train
SA017,Session2,treadmill,run,fast,Treadmill_Run,Treadmill_Run_Fast,C:/Users/KUBA/GitProjects/WKIRO-Project/data/SA017/Session2/Treadmill_Run/Treadmill_Run_Fast/Post_Process/Treadmill_Run_Fast.csv,female,0,train
SA017,Session2,treadmill,walk,comfortable,Treadmill_Walk,Treadmill_Walk_Comfortable,C:/Users/KUBA/GitProjects/WKIRO-Project/data/SA017/Session2/Treadmill_Walk/Treadmill_Walk_Comfortable/Post_Process/Treadmill_Walk_Comfortable.csv,female,0,train
SA017,Session2,treadmill,walk,fast,Treadmill_Walk,Treadmill_Walk_Fast,C:/Users/KUBA/GitProjects/WKIRO-Project/data/SA017/Session2/Treadmill_Walk/Treadmill_Walk_Fast/Post_Process/Treadmill_Walk_Fast.csv,female,0,val
SA017,Session2,treadmill,walk,slow,Treadmill_Walk,Treadmill_Walk_Slow,C:/Users/KUBA/GitProjects/WKIRO-Project/data/SA017/Session2/Treadmill_Walk/Treadmill_Walk_Slow/Post_Process/Treadmill_Walk_Slow.csv,female,0,test
SM019,Session1,overground,run,comfortable,Overground_Run,Run_Comfortable,C:/Users/KUBA/GitProjects/WKIRO-Project/data/SM019/Session1/Overground_Run/Run_Comfortable/Post_Process/Run_Comfortable1.csv,female,0,train
SM019,Session1,overground,run,comfortable,Overground_Run,Run_Comfortable,C:/Users/KUBA/GitProjects/WKIRO-Project/data/SM019/Session1/Overground_Run/Run_Comfortable/Post_Process/Run_Comfortable10.csv,female,0,train
SM019,Session1,overground,run,comfortable,Overground_Run,Run_Comfortable,C:/Users/KUBA/GitProjects/WKIRO-Project/data/SM019/Session1/Overground_Run/Run_Comfortable/Post_Process/Run_Comfortable2.csv,female,0,train
SM019,Session1,overground,run,comfortable,Overground_Run,Run_Comfortable,C:/Users/KUBA/GitProjects/WKIRO-Project/data/SM019/Session1/Overground_Run/Run_Comfortable/Post_Process/Run_Comfortable3.csv,female,0,test
SM019,Session1,overground,run,comfortable,Overground_Run,Run_Comfortable,C:/Users/KUBA/GitProjects/WKIRO-Project/data/SM019/Session1/Overground_Run/Run_Comfortable/Post_Process/Run_Comfortable4.csv,female,0,train
SM019,Session1,overground,run,comfortable,Overground_Run,Run_Comfortable,C:/Users/KUBA/GitProjects/WKIRO-Project/data/SM019/Session1/Overground_Run/Run_Comfortable/Post_Process/Run_Comfortable5.csv,female,0,test
SM019,Session1,overground,run,comfortable,Overground_Run,Run_Comfortable,C:/Users/KUBA/GitProjects/WKIRO-Project/data/SM019/Session1/Overground_Run/Run_Comfortable/Post_Process/Run_Comfortable6.csv,female,0,train
SM019,Session1,overground,run,comfortable,Overground_Run,Run_Comfortable,C:/Users/KUBA/GitProjects/WKIRO-Project/data/SM019/Session1/Overground_Run/Run_Comfortable/Post_Process/Run_Comfortable7.csv,female,0,train
SM019,Session1,overground,run,comfortable,Overground_Run,Run_Comfortable,C:/Users/KUBA/GitProjects/WKIRO-Project/data/SM019/Session1/Overground_Run/Run_Comfortable/Post_Process/Run_Comfortable8.csv,female,0,train
SM019,Session1,overground,run,comfortable,Overground_Run,Run_Comfortable,C:/Users/KUBA/GitProjects/WKIRO-Project/data/SM019/Session1/Overground_Run/Run_Comfortable/Post_Process/Run_Comfortable9.csv,female,0,val
SM019,Session1,overground,run,fast,Overground_Run,Run_Fast,C:/Users/KUBA/GitProjects/WKIRO-Project/data/SM019/Session1/Overground_Run/Run_Fast/Post_Process/Run_Fast1.csv,female,0,train
SM019,Session1,overground,run,fast,Overground_Run,Run_Fast,C:/Users/KUBA/GitProjects/WKIRO-Project/data/SM019/Session1/Overground_Run/Run_Fast/Post_Process/Run_Fast10.csv,female,0,train
SM019,Session1,overground,run,fast,Overground_Run,Run_Fast,C:/Users/KUBA/GitProjects/WKIRO-Project/data/SM019/Session1/Overground_Run/Run_Fast/Post_Process/Run_Fast2.csv,female,0,train
SM019,Session1,overground,run,fast,Overground_Run,Run_Fast,C:/Users/KUBA/GitProjects/WKIRO-Project/data/SM019/Session1/Overground_Run/Run_Fast/Post_Process/Run_Fast3.csv,female,0,train
SM019,Session1,overground,run,fast,Overground_Run,Run_Fast,C:/Users/KUBA/GitProjects/WKIRO-Project/data/SM019/Session1/Overground_Run/Run_Fast/Post_Process/Run_Fast4.csv,female,0,test
SM019,Session1,overground,run,fast,Overground_Run,Run_Fast,C:/Users/KUBA/GitProjects/WKIRO-Project/data/SM019/Session1/Overground_Run/Run_Fast/Post_Process/Run_Fast5.csv,female,0,train
SM019,Session1,overground,run,fast,Overground_Run,Run_Fast,C:/Users/KUBA/GitProjects/WKIRO-Project/data/SM019/Session1/Overground_Run/Run_Fast/Post_Process/Run_Fast6.csv,female,0,val
SM019,Session1,overground,run,fast,Overground_Run,Run_Fast,C:/Users/KUBA/GitProjects/WKIRO-Project/data/SM019/Session1/Overground_Run/Run_Fast/Post_Process/Run_Fast7.csv,female,0,test
SM019,Session1,overground,run,fast,Overground_Run,Run_Fast,C:/Users/KUBA/GitProjects/WKIRO-Project/data/SM019/Session1/Overground_Run/Run_Fast/Post_Process/Run_Fast8.csv,female,0,test
SM019,Session1,overground,run,fast,Overground_Run,Run_Fast,C:/Users/KUBA/GitProjects/WKIRO-Project/data/SM019/Session1/Overground_Run/Run_Fast/Post_Process/Run_Fast9.csv,female,0,train
SM019,Session1,overground,walk,comfortable,Overground_Walk,Walk_Comfortable,C:/Users/KUBA/GitProjects/WKIRO-Project/data/SM019/Session1/Overground_Walk/Walk_Comfortable/Post_Process/Walk_Comfortable1.csv,female,0,train
SM019,Session1,overground,walk,comfortable,Overground_Walk,Walk_Comfortable,C:/Users/KUBA/GitProjects/WKIRO-Project/data/SM019/Session1/Overground_Walk/Walk_Comfortable/Post_Process/Walk_Comfortable2.csv,female,0,val
SM019,Session1,overground,walk,comfortable,Overground_Walk,Walk_Comfortable,C:/Users/KUBA/GitProjects/WKIRO-Project/data/SM019/Session1/Overground_Walk/Walk_Comfortable/Post_Process/Walk_Comfortable3.csv,female,0,train
SM019,Session1,overground,walk,comfortable,Overground_Walk,Walk_Comfortable,C:/Users/KUBA/GitProjects/WKIRO-Project/data/SM019/Session1/Overground_Walk/Walk_Comfortable/Post_Process/Walk_Comfortable4.csv,female,0,train
SM019,Session1,overground,walk,comfortable,Overground_Walk,Walk_Comfortable,C:/Users/KUBA/GitProjects/WKIRO-Project/data/SM019/Session1/Overground_Walk/Walk_Comfortable/Post_Process/Walk_Comfortable5.csv,female,0,train
SM019,Session1,overground,walk,comfortable,Overground_Walk,Walk_Comfortable,C:/Users/KUBA/GitProjects/WKIRO-Project/data/SM019/Session1/Overground_Walk/Walk_Comfortable/Post_Process/Walk_Comfortable6.csv,female,0,train
SM019,Session1,overground,walk,comfortable,Overground_Walk,Walk_Comfortable,C:/Users/KUBA/GitProjects/WKIRO-Project/data/SM019/Session1/Overground_Walk/Walk_Comfortable/Post_Process/Walk_Comfortable7.csv,female,0,train
SM019,Session1,overground,walk,comfortable,Overground_Walk,Walk_Comfortable,C:/Users/KUBA/GitProjects/WKIRO-Project/data/SM019/Session1/Overground_Walk/Walk_Comfortable/Post_Process/Walk_Comfortable8.csv,female,0,train
SM019,Session1,overground,walk,fast,Overground_Walk,Walk_Fast,C:/Users/KUBA/GitProjects/WKIRO-Project/data/SM019/Session1/Overground_Walk/Walk_Fast/Post_Process/Walk_Fast1.csv,female,0,train
SM019,Session1,overground,walk,fast,Overground_Walk,Walk_Fast,C:/Users/KUBA/GitProjects/WKIRO-Project/data/SM019/Session1/Overground_Walk/Walk_Fast/Post_Process/Walk_Fast2.csv,female,0,train
SM019,Session1,overground,walk,fast,Overground_Walk,Walk_Fast,C:/Users/KUBA/GitProjects/WKIRO-Project/data/SM019/Session1/Overground_Walk/Walk_Fast/Post_Process/Walk_Fast3.csv,female,0,val
SM019,Session1,overground,walk,fast,Overground_Walk,Walk_Fast,C:/Users/KUBA/GitProjects/WKIRO-Project/data/SM019/Session1/Overground_Walk/Walk_Fast/Post_Process/Walk_Fast4.csv,female,0,test
SM019,Session1,overground,walk,fast,Overground_Walk,Walk_Fast,C:/Users/KUBA/GitProjects/WKIRO-Project/data/SM019/Session1/Overground_Walk/Walk_Fast/Post_Process/Walk_Fast5.csv,female,0,train
SM019,Session1,overground,walk,fast,Overground_Walk,Walk_Fast,C:/Users/KUBA/GitProjects/WKIRO-Project/data/SM019/Session1/Overground_Walk/Walk_Fast/Post_Process/Walk_Fast6.csv,female,0,train
SM019,Session1,overground,walk,fast,Overground_Walk,Walk_Fast,C:/Users/KUBA/GitProjects/WKIRO-Project/data/SM019/Session1/Overground_Walk/Walk_Fast/Post_Process/Walk_Fast7.csv,female,0,train
SM019,Session1,overground,walk,fast,Overground_Walk,Walk_Fast,C:/Users/KUBA/GitProjects/WKIRO-Project/data/SM019/Session1/Overground_Walk/Walk_Fast/Post_Process/Walk_Fast8.csv,female,0,train
SM019,Session1,overground,walk,slow,Overground_Walk,Walk_Slow,C:/Users/KUBA/GitProjects/WKIRO-Project/data/SM019/Session1/Overground_Walk/Walk_Slow/Post_Process/Walk_Slow1.csv,female,0,train
SM019,Session1,overground,walk,slow,Overground_Walk,Walk_Slow,C:/Users/KUBA/GitProjects/WKIRO-Project/data/SM019/Session1/Overground_Walk/Walk_Slow/Post_Process/Walk_Slow2.csv,female,0,val
SM019,Session1,overground,walk,slow,Overground_Walk,Walk_Slow,C:/Users/KUBA/GitProjects/WKIRO-Project/data/SM019/Session1/Overground_Walk/Walk_Slow/Post_Process/Walk_Slow3.csv,female,0,train
SM019,Session1,overground,walk,slow,Overground_Walk,Walk_Slow,C:/Users/KUBA/GitProjects/WKIRO-Project/data/SM019/Session1/Overground_Walk/Walk_Slow/Post_Process/Walk_Slow4.csv,female,0,train
SM019,Session1,overground,walk,slow,Overground_Walk,Walk_Slow,C:/Users/KUBA/GitProjects/WKIRO-Project/data/SM019/Session1/Overground_Walk/Walk_Slow/Post_Process/Walk_Slow5.csv,female,0,train
SM019,Session1,overground,walk,slow,Overground_Walk,Walk_Slow,C:/Users/KUBA/GitProjects/WKIRO-Project/data/SM019/Session1/Overground_Walk/Walk_Slow/Post_Process/Walk_Slow6.csv,female,0,train
SM019,Session1,overground,walk,slow,Overground_Walk,Walk_Slow,C:/Users/KUBA/GitProjects/WKIRO-Project/data/SM019/Session1/Overground_Walk/Walk_Slow/Post_Process/Walk_Slow7.csv,female,0,train
SM019,Session1,overground,walk,slow,Overground_Walk,Walk_Slow,C:/Users/KUBA/GitProjects/WKIRO-Project/data/SM019/Session1/Overground_Walk/Walk_Slow/Post_Process/Walk_Slow8.csv,female,0,val
SM019,Session1,treadmill,run,comfortable,Treadmill_Run,Treadmill_Run_Comfortable,C:/Users/KUBA/GitProjects/WKIRO-Project/data/SM019/Session1/Treadmill_Run/Treadmill_Run_Comfortable/Post_Process/Treadmill_Run_Comfortable.csv,female,0,train
SM019,Session1,treadmill,run,fast,Treadmill_Run,Treadmill_Run_Fast,C:/Users/KUBA/GitProjects/WKIRO-Project/data/SM019/Session1/Treadmill_Run/Treadmill_Run_Fast/Post_Process/Treadmill_Run_Fast.csv,female,0,train
SM019,Session1,treadmill,walk,comfortable,Treadmill_Walk,Treadmill_Walk_Comfortable,C:/Users/KUBA/GitProjects/WKIRO-Project/data/SM019/Session1/Treadmill_Walk/Treadmill_Walk_Comfortable/Post_Process/Treadmill_Walk_Comfortable.csv,female,0,train
SM019,Session1,treadmill,walk,fast,Treadmill_Walk,Treadmill_Walk_Fast,C:/Users/KUBA/GitProjects/WKIRO-Project/data/SM019/Session1/Treadmill_Walk/Treadmill_Walk_Fast/Post_Process/Treadmill_Walk_Fast.csv,female,0,train
SM019,Session1,treadmill,walk,slow,Treadmill_Walk,Treadmill_Walk_Slow,C:/Users/KUBA/GitProjects/WKIRO-Project/data/SM019/Session1/Treadmill_Walk/Treadmill_Walk_Slow/Post_Process/Treadmill_Walk_Slow.csv,female,0,train
SM019,Session2,overground,run,comfortable,Overground_Run,Run_Comfortable,C:/Users/KUBA/GitProjects/WKIRO-Project/data/SM019/Session2/Overground_Run/Run_Comfortable/Post_Process/Run_Comfortable1.csv,female,0,train
SM019,Session2,overground,run,comfortable,Overground_Run,Run_Comfortable,C:/Users/KUBA/GitProjects/WKIRO-Project/data/SM019/Session2/Overground_Run/Run_Comfortable/Post_Process/Run_Comfortable2.csv,female,0,train
SM019,Session2,overground,run,comfortable,Overground_Run,Run_Comfortable,C:/Users/KUBA/GitProjects/WKIRO-Project/data/SM019/Session2/Overground_Run/Run_Comfortable/Post_Process/Run_Comfortable3.csv,female,0,train
SM019,Session2,overground,run,comfortable,Overground_Run,Run_Comfortable,C:/Users/KUBA/GitProjects/WKIRO-Project/data/SM019/Session2/Overground_Run/Run_Comfortable/Post_Process/Run_Comfortable4.csv,female,0,train
SM019,Session2,overground,run,comfortable,Overground_Run,Run_Comfortable,C:/Users/KUBA/GitProjects/WKIRO-Project/data/SM019/Session2/Overground_Run/Run_Comfortable/Post_Process/Run_Comfortable5.csv,female,0,val
SM019,Session2,overground,run,comfortable,Overground_Run,Run_Comfortable,C:/Users/KUBA/GitProjects/WKIRO-Project/data/SM019/Session2/Overground_Run/Run_Comfortable/Post_Process/Run_Comfortable6.csv,female,0,test
SM019,Session2,overground,run,comfortable,Overground_Run,Run_Comfortable,C:/Users/KUBA/GitProjects/WKIRO-Project/data/SM019/Session2/Overground_Run/Run_Comfortable/Post_Process/Run_Comfortable7.csv,female,0,train
SM019,Session2,overground,run,comfortable,Overground_Run,Run_Comfortable,C:/Users/KUBA/GitProjects/WKIRO-Project/data/SM019/Session2/Overground_Run/Run_Comfortable/Post_Process/Run_Comfortable8.csv,female,0,train
SM019,Session2,overground,run,fast,Overground_Run,Run_Fast,C:/Users/KUBA/GitProjects/WKIRO-Project/data/SM019/Session2/Overground_Run/Run_Fast/Post_Process/Run_Fast1.csv,female,0,train
SM019,Session2,overground,run,fast,Overground_Run,Run_Fast,C:/Users/KUBA/GitProjects/WKIRO-Project/data/SM019/Session2/Overground_Run/Run_Fast/Post_Process/Run_Fast10.csv,female,0,test
SM019,Session2,overground,run,fast,Overground_Run,Run_Fast,C:/Users/KUBA/GitProjects/WKIRO-Project/data/SM019/Session2/Overground_Run/Run_Fast/Post_Process/Run_Fast2.csv,female,0,train
SM019,Session2,overground,run,fast,Overground_Run,Run_Fast,C:/Users/KUBA/GitProjects/WKIRO-Project/data/SM019/Session2/Overground_Run/Run_Fast/Post_Process/Run_Fast3.csv,female,0,val
SM019,Session2,overground,run,fast,Overground_Run,Run_Fast,C:/Users/KUBA/GitProjects/WKIRO-Project/data/SM019/Session2/Overground_Run/Run_Fast/Post_Process/Run_Fast4.csv,female,0,train
SM019,Session2,overground,run,fast,Overground_Run,Run_Fast,C:/Users/KUBA/GitProjects/WKIRO-Project/data/SM019/Session2/Overground_Run/Run_Fast/Post_Process/Run_Fast5.csv,female,0,train
SM019,Session2,overground,run,fast,Overground_Run,Run_Fast,C:/Users/KUBA/GitProjects/WKIRO-Project/data/SM019/Session2/Overground_Run/Run_Fast/Post_Process/Run_Fast6.csv,female,0,train
SM019,Session2,overground,run,fast,Overground_Run,Run_Fast,C:/Users/KUBA/GitProjects/WKIRO-Project/data/SM019/Session2/Overground_Run/Run_Fast/Post_Process/Run_Fast7.csv,female,0,val
SM019,Session2,overground,run,fast,Overground_Run,Run_Fast,C:/Users/KUBA/GitProjects/WKIRO-Project/data/SM019/Session2/Overground_Run/Run_Fast/Post_Process/Run_Fast8.csv,female,0,train
SM019,Session2,overground,run,fast,Overground_Run,Run_Fast,C:/Users/KUBA/GitProjects/WKIRO-Project/data/SM019/Session2/Overground_Run/Run_Fast/Post_Process/Run_Fast9.csv,female,0,train
SM019,Session2,overground,walk,comfortable,Overground_Walk,Walk_Comfortable,C:/Users/KUBA/GitProjects/WKIRO-Project/data/SM019/Session2/Overground_Walk/Walk_Comfortable/Post_Process/Walk_Comfortable1.csv,female,0,val
SM019,Session2,overground,walk,comfortable,Overground_Walk,Walk_Comfortable,C:/Users/KUBA/GitProjects/WKIRO-Project/data/SM019/Session2/Overground_Walk/Walk_Comfortable/Post_Process/Walk_Comfortable2.csv,female,0,train
SM019,Session2,overground,walk,comfortable,Overground_Walk,Walk_Comfortable,C:/Users/KUBA/GitProjects/WKIRO-Project/data/SM019/Session2/Overground_Walk/Walk_Comfortable/Post_Process/Walk_Comfortable3.csv,female,0,train
SM019,Session2,overground,walk,comfortable,Overground_Walk,Walk_Comfortable,C:/Users/KUBA/GitProjects/WKIRO-Project/data/SM019/Session2/Overground_Walk/Walk_Comfortable/Post_Process/Walk_Comfortable4.csv,female,0,train
SM019,Session2,overground,walk,comfortable,Overground_Walk,Walk_Comfortable,C:/Users/KUBA/GitProjects/WKIRO-Project/data/SM019/Session2/Overground_Walk/Walk_Comfortable/Post_Process/Walk_Comfortable5.csv,female,0,train
SM019,Session2,overground,walk,comfortable,Overground_Walk,Walk_Comfortable,C:/Users/KUBA/GitProjects/WKIRO-Project/data/SM019/Session2/Overground_Walk/Walk_Comfortable/Post_Process/Walk_Comfortable6.csv,female,0,train
SM019,Session2,overground,walk,comfortable,Overground_Walk,Walk_Comfortable,C:/Users/KUBA/GitProjects/WKIRO-Project/data/SM019/Session2/Overground_Walk/Walk_Comfortable/Post_Process/Walk_Comfortable7.csv,female,0,val
SM019,Session2,overground,walk,comfortable,Overground_Walk,Walk_Comfortable,C:/Users/KUBA/GitProjects/WKIRO-Project/data/SM019/Session2/Overground_Walk/Walk_Comfortable/Post_Process/Walk_Comfortable8.csv,female,0,train
SM019,Session2,overground,walk,fast,Overground_Walk,Walk_Fast,C:/Users/KUBA/GitProjects/WKIRO-Project/data/SM019/Session2/Overground_Walk/Walk_Fast/Post_Process/Walk_Fast1.csv,female,0,train
SM019,Session2,overground,walk,fast,Overground_Walk,Walk_Fast,C:/Users/KUBA/GitProjects/WKIRO-Project/data/SM019/Session2/Overground_Walk/Walk_Fast/Post_Process/Walk_Fast2.csv,female,0,train
SM019,Session2,overground,walk,fast,Overground_Walk,Walk_Fast,C:/Users/KUBA/GitProjects/WKIRO-Project/data/SM019/Session2/Overground_Walk/Walk_Fast/Post_Process/Walk_Fast3.csv,female,0,test
SM019,Session2,overground,walk,fast,Overground_Walk,Walk_Fast,C:/Users/KUBA/GitProjects/WKIRO-Project/data/SM019/Session2/Overground_Walk/Walk_Fast/Post_Process/Walk_Fast4.csv,female,0,test
SM019,Session2,overground,walk,fast,Overground_Walk,Walk_Fast,C:/Users/KUBA/GitProjects/WKIRO-Project/data/SM019/Session2/Overground_Walk/Walk_Fast/Post_Process/Walk_Fast5.csv,female,0,test
SM019,Session2,overground,walk,fast,Overground_Walk,Walk_Fast,C:/Users/KUBA/GitProjects/WKIRO-Project/data/SM019/Session2/Overground_Walk/Walk_Fast/Post_Process/Walk_Fast6.csv,female,0,train
SM019,Session2,overground,walk,fast,Overground_Walk,Walk_Fast,C:/Users/KUBA/GitProjects/WKIRO-Project/data/SM019/Session2/Overground_Walk/Walk_Fast/Post_Process/Walk_Fast7.csv,female,0,train
SM019,Session2,overground,walk,fast,Overground_Walk,Walk_Fast,C:/Users/KUBA/GitProjects/WKIRO-Project/data/SM019/Session2/Overground_Walk/Walk_Fast/Post_Process/Walk_Fast8.csv,female,0,val
SM019,Session2,overground,walk,slow,Overground_Walk,Walk_Slow,C:/Users/KUBA/GitProjects/WKIRO-Project/data/SM019/Session2/Overground_Walk/Walk_Slow/Post_Process/Walk_Slow1.csv,female,0,train
SM019,Session2,overground,walk,slow,Overground_Walk,Walk_Slow,C:/Users/KUBA/GitProjects/WKIRO-Project/data/SM019/Session2/Overground_Walk/Walk_Slow/Post_Process/Walk_Slow2.csv,female,0,test
SM019,Session2,overground,walk,slow,Overground_Walk,Walk_Slow,C:/Users/KUBA/GitProjects/WKIRO-Project/data/SM019/Session2/Overground_Walk/Walk_Slow/Post_Process/Walk_Slow3.csv,female,0,train
SM019,Session2,overground,walk,slow,Overground_Walk,Walk_Slow,C:/Users/KUBA/GitProjects/WKIRO-Project/data/SM019/Session2/Overground_Walk/Walk_Slow/Post_Process/Walk_Slow4.csv,female,0,train
SM019,Session2,overground,walk,slow,Overground_Walk,Walk_Slow,C:/Users/KUBA/GitProjects/WKIRO-Project/data/SM019/Session2/Overground_Walk/Walk_Slow/Post_Process/Walk_Slow5.csv,female,0,test
SM019,Session2,overground,walk,slow,Overground_Walk,Walk_Slow,C:/Users/KUBA/GitProjects/WKIRO-Project/data/SM019/Session2/Overground_Walk/Walk_Slow/Post_Process/Walk_Slow6.csv,female,0,train
SM019,Session2,overground,walk,slow,Overground_Walk,Walk_Slow,C:/Users/KUBA/GitProjects/WKIRO-Project/data/SM019/Session2/Overground_Walk/Walk_Slow/Post_Process/Walk_Slow7.csv,female,0,val
SM019,Session2,overground,walk,slow,Overground_Walk,Walk_Slow,C:/Users/KUBA/GitProjects/WKIRO-Project/data/SM019/Session2/Overground_Walk/Walk_Slow/Post_Process/Walk_Slow8.csv,female,0,val
SM019,Session2,treadmill,run,comfortable,Treadmill_Run,Treadmill_Run_Comfortable,C:/Users/KUBA/GitProjects/WKIRO-Project/data/SM019/Session2/Treadmill_Run/Treadmill_Run_Comfortable/Post_Process/Treadmill_Run_Comfortable.csv,female,0,test
SM019,Session2,treadmill,run,fast,Treadmill_Run,Treadmill_Run_Fast,C:/Users/KUBA/GitProjects/WKIRO-Project/data/SM019/Session2/Treadmill_Run/Treadmill_Run_Fast/Post_Process/Treadmill_Run_Fast.csv,female,0,train
SM019,Session2,treadmill,walk,comfortable,Treadmill_Walk,Treadmill_Walk_Comfortable,C:/Users/KUBA/GitProjects/WKIRO-Project/data/SM019/Session2/Treadmill_Walk/Treadmill_Walk_Comfortable/Post_Process/Treadmill_Walk_Comfortable.csv,female,0,val
SM019,Session2,treadmill,walk,fast,Treadmill_Walk,Treadmill_Walk_Fast,C:/Users/KUBA/GitProjects/WKIRO-Project/data/SM019/Session2/Treadmill_Walk/Treadmill_Walk_Fast/Post_Process/Treadmill_Walk_Fast.csv,female,0,train
SM019,Session2,treadmill,walk,slow,Treadmill_Walk,Treadmill_Walk_Slow,C:/Users/KUBA/GitProjects/WKIRO-Project/data/SM019/Session2/Treadmill_Walk/Treadmill_Walk_Slow/Post_Process/Treadmill_Walk_Slow.csv,female,0,train
TB030,Session1,overground,run,comfortable,Overground_Run,Run_Comfortable,C:/Users/KUBA/GitProjects/WKIRO-Project/data/TB030/Session1/Overground_Run/Run_Comfortable/Post_Process/Run_Comfortable1.csv,male,1,val
TB030,Session1,overground,run,comfortable,Overground_Run,Run_Comfortable,C:/Users/KUBA/GitProjects/WKIRO-Project/data/TB030/Session1/Overground_Run/Run_Comfortable/Post_Process/Run_Comfortable10.csv,male,1,train
TB030,Session1,overground,run,comfortable,Overground_Run,Run_Comfortable,C:/Users/KUBA/GitProjects/WKIRO-Project/data/TB030/Session1/Overground_Run/Run_Comfortable/Post_Process/Run_Comfortable2.csv,male,1,train
TB030,Session1,overground,run,comfortable,Overground_Run,Run_Comfortable,C:/Users/KUBA/GitProjects/WKIRO-Project/data/TB030/Session1/Overground_Run/Run_Comfortable/Post_Process/Run_Comfortable3.csv,male,1,train
TB030,Session1,overground,run,comfortable,Overground_Run,Run_Comfortable,C:/Users/KUBA/GitProjects/WKIRO-Project/data/TB030/Session1/Overground_Run/Run_Comfortable/Post_Process/Run_Comfortable4.csv,male,1,train
TB030,Session1,overground,run,comfortable,Overground_Run,Run_Comfortable,C:/Users/KUBA/GitProjects/WKIRO-Project/data/TB030/Session1/Overground_Run/Run_Comfortable/Post_Process/Run_Comfortable5.csv,male,1,train
TB030,Session1,overground,run,comfortable,Overground_Run,Run_Comfortable,C:/Users/KUBA/GitProjects/WKIRO-Project/data/TB030/Session1/Overground_Run/Run_Comfortable/Post_Process/Run_Comfortable6.csv,male,1,train
TB030,Session1,overground,run,comfortable,Overground_Run,Run_Comfortable,C:/Users/KUBA/GitProjects/WKIRO-Project/data/TB030/Session1/Overground_Run/Run_Comfortable/Post_Process/Run_Comfortable7.csv,male,1,val
TB030,Session1,overground,run,comfortable,Overground_Run,Run_Comfortable,C:/Users/KUBA/GitProjects/WKIRO-Project/data/TB030/Session1/Overground_Run/Run_Comfortable/Post_Process/Run_Comfortable8.csv,male,1,test
TB030,Session1,overground,run,comfortable,Overground_Run,Run_Comfortable,C:/Users/KUBA/GitProjects/WKIRO-Project/data/TB030/Session1/Overground_Run/Run_Comfortable/Post_Process/Run_Comfortable9.csv,male,1,train
TB030,Session1,overground,run,fast,Overground_Run,Run_Fast,C:/Users/KUBA/GitProjects/WKIRO-Project/data/TB030/Session1/Overground_Run/Run_Fast/Post_Process/Run_Fast1.csv,male,1,train
TB030,Session1,overground,run,fast,Overground_Run,Run_Fast,C:/Users/KUBA/GitProjects/WKIRO-Project/data/TB030/Session1/Overground_Run/Run_Fast/Post_Process/Run_Fast10.csv,male,1,test
TB030,Session1,overground,run,fast,Overground_Run,Run_Fast,C:/Users/KUBA/GitProjects/WKIRO-Project/data/TB030/Session1/Overground_Run/Run_Fast/Post_Process/Run_Fast2.csv,male,1,train
TB030,Session1,overground,run,fast,Overground_Run,Run_Fast,C:/Users/KUBA/GitProjects/WKIRO-Project/data/TB030/Session1/Overground_Run/Run_Fast/Post_Process/Run_Fast3.csv,male,1,val
TB030,Session1,overground,run,fast,Overground_Run,Run_Fast,C:/Users/KUBA/GitProjects/WKIRO-Project/data/TB030/Session1/Overground_Run/Run_Fast/Post_Process/Run_Fast4.csv,male,1,train
TB030,Session1,overground,run,fast,Overground_Run,Run_Fast,C:/Users/KUBA/GitProjects/WKIRO-Project/data/TB030/Session1/Overground_Run/Run_Fast/Post_Process/Run_Fast5.csv,male,1,train
TB030,Session1,overground,run,fast,Overground_Run,Run_Fast,C:/Users/KUBA/GitProjects/WKIRO-Project/data/TB030/Session1/Overground_Run/Run_Fast/Post_Process/Run_Fast6.csv,male,1,train
TB030,Session1,overground,run,fast,Overground_Run,Run_Fast,C:/Users/KUBA/GitProjects/WKIRO-Project/data/TB030/Session1/Overground_Run/Run_Fast/Post_Process/Run_Fast7.csv,male,1,train
TB030,Session1,overground,run,fast,Overground_Run,Run_Fast,C:/Users/KUBA/GitProjects/WKIRO-Project/data/TB030/Session1/Overground_Run/Run_Fast/Post_Process/Run_Fast8.csv,male,1,val
TB030,Session1,overground,run,fast,Overground_Run,Run_Fast,C:/Users/KUBA/GitProjects/WKIRO-Project/data/TB030/Session1/Overground_Run/Run_Fast/Post_Process/Run_Fast9.csv,male,1,train
TB030,Session1,overground,walk,comfortable,Overground_Walk,Walk_Comfortable,C:/Users/KUBA/GitProjects/WKIRO-Project/data/TB030/Session1/Overground_Walk/Walk_Comfortable/Post_Process/Walk_Comfortable1.csv,male,1,val
TB030,Session1,overground,walk,comfortable,Overground_Walk,Walk_Comfortable,C:/Users/KUBA/GitProjects/WKIRO-Project/data/TB030/Session1/Overground_Walk/Walk_Comfortable/Post_Process/Walk_Comfortable2.csv,male,1,val
TB030,Session1,overground,walk,comfortable,Overground_Walk,Walk_Comfortable,C:/Users/KUBA/GitProjects/WKIRO-Project/data/TB030/Session1/Overground_Walk/Walk_Comfortable/Post_Process/Walk_Comfortable3.csv,male,1,train
TB030,Session1,overground,walk,comfortable,Overground_Walk,Walk_Comfortable,C:/Users/KUBA/GitProjects/WKIRO-Project/data/TB030/Session1/Overground_Walk/Walk_Comfortable/Post_Process/Walk_Comfortable4.csv,male,1,train
TB030,Session1,overground,walk,comfortable,Overground_Walk,Walk_Comfortable,C:/Users/KUBA/GitProjects/WKIRO-Project/data/TB030/Session1/Overground_Walk/Walk_Comfortable/Post_Process/Walk_Comfortable5.csv,male,1,test
TB030,Session1,overground,walk,comfortable,Overground_Walk,Walk_Comfortable,C:/Users/KUBA/GitProjects/WKIRO-Project/data/TB030/Session1/Overground_Walk/Walk_Comfortable/Post_Process/Walk_Comfortable6.csv,male,1,train
TB030,Session1,overground,walk,fast,Overground_Walk,Walk_Fast,C:/Users/KUBA/GitProjects/WKIRO-Project/data/TB030/Session1/Overground_Walk/Walk_Fast/Post_Process/Walk_Fast1.csv,male,1,train
TB030,Session1,overground,walk,fast,Overground_Walk,Walk_Fast,C:/Users/KUBA/GitProjects/WKIRO-Project/data/TB030/Session1/Overground_Walk/Walk_Fast/Post_Process/Walk_Fast2.csv,male,1,test
TB030,Session1,overground,walk,fast,Overground_Walk,Walk_Fast,C:/Users/KUBA/GitProjects/WKIRO-Project/data/TB030/Session1/Overground_Walk/Walk_Fast/Post_Process/Walk_Fast3.csv,male,1,val
TB030,Session1,overground,walk,fast,Overground_Walk,Walk_Fast,C:/Users/KUBA/GitProjects/WKIRO-Project/data/TB030/Session1/Overground_Walk/Walk_Fast/Post_Process/Walk_Fast4.csv,male,1,val
TB030,Session1,overground,walk,fast,Overground_Walk,Walk_Fast,C:/Users/KUBA/GitProjects/WKIRO-Project/data/TB030/Session1/Overground_Walk/Walk_Fast/Post_Process/Walk_Fast5.csv,male,1,train
TB030,Session1,overground,walk,fast,Overground_Walk,Walk_Fast,C:/Users/KUBA/GitProjects/WKIRO-Project/data/TB030/Session1/Overground_Walk/Walk_Fast/Post_Process/Walk_Fast6.csv,male,1,val
TB030,Session1,overground,walk,fast,Overground_Walk,Walk_Fast,C:/Users/KUBA/GitProjects/WKIRO-Project/data/TB030/Session1/Overground_Walk/Walk_Fast/Post_Process/Walk_Fast7.csv,male,1,train
TB030,Session1,overground,walk,fast,Overground_Walk,Walk_Fast,C:/Users/KUBA/GitProjects/WKIRO-Project/data/TB030/Session1/Overground_Walk/Walk_Fast/Post_Process/Walk_Fast8.csv,male,1,train
TB030,Session1,overground,walk,slow,Overground_Walk,Walk_Slow,C:/Users/KUBA/GitProjects/WKIRO-Project/data/TB030/Session1/Overground_Walk/Walk_Slow/Post_Process/Walk_Slow1.csv,male,1,train
TB030,Session1,overground,walk,slow,Overground_Walk,Walk_Slow,C:/Users/KUBA/GitProjects/WKIRO-Project/data/TB030/Session1/Overground_Walk/Walk_Slow/Post_Process/Walk_Slow2.csv,male,1,train
TB030,Session1,overground,walk,slow,Overground_Walk,Walk_Slow,C:/Users/KUBA/GitProjects/WKIRO-Project/data/TB030/Session1/Overground_Walk/Walk_Slow/Post_Process/Walk_Slow3.csv,male,1,train
TB030,Session1,overground,walk,slow,Overground_Walk,Walk_Slow,C:/Users/KUBA/GitProjects/WKIRO-Project/data/TB030/Session1/Overground_Walk/Walk_Slow/Post_Process/Walk_Slow4.csv,male,1,train
TB030,Session1,overground,walk,slow,Overground_Walk,Walk_Slow,C:/Users/KUBA/GitProjects/WKIRO-Project/data/TB030/Session1/Overground_Walk/Walk_Slow/Post_Process/Walk_Slow5.csv,male,1,train
TB030,Session1,overground,walk,slow,Overground_Walk,Walk_Slow,C:/Users/KUBA/GitProjects/WKIRO-Project/data/TB030/Session1/Overground_Walk/Walk_Slow/Post_Process/Walk_Slow6.csv,male,1,test
TB030,Session1,treadmill,run,comfortable,Treadmill_Run,Treadmill_Run_Comfortable,C:/Users/KUBA/GitProjects/WKIRO-Project/data/TB030/Session1/Treadmill_Run/Treadmill_Run_Comfortable/Post_Process/Treadmill_Run_Comfortable.csv,male,1,train
TB030,Session1,treadmill,run,fast,Treadmill_Run,Treadmill_Run_Fast,C:/Users/KUBA/GitProjects/WKIRO-Project/data/TB030/Session1/Treadmill_Run/Treadmill_Run_Fast/Post_Process/Treadmill_Run_Fast.csv,male,1,train
TB030,Session1,treadmill,walk,comfortable,Treadmill_Walk,Treadmill_Walk_Comfortable,C:/Users/KUBA/GitProjects/WKIRO-Project/data/TB030/Session1/Treadmill_Walk/Treadmill_Walk_Comfortable/Post_Process/Treadmill_Walk_Comfortable.csv,male,1,train
TB030,Session1,treadmill,walk,fast,Treadmill_Walk,Treadmill_Walk_Fast,C:/Users/KUBA/GitProjects/WKIRO-Project/data/TB030/Session1/Treadmill_Walk/Treadmill_Walk_Fast/Post_Process/Treadmill_Walk_Fast.csv,male,1,train
TB030,Session1,treadmill,walk,slow,Treadmill_Walk,Treadmill_Walk_Slow,C:/Users/KUBA/GitProjects/WKIRO-Project/data/TB030/Session1/Treadmill_Walk/Treadmill_Walk_Slow/Post_Process/Treadmill_Walk_Slow.csv,male,1,train
TB030,Session2,overground,run,comfortable,Overground_Run,Run_Comfortable,C:/Users/KUBA/GitProjects/WKIRO-Project/data/TB030/Session2/Overground_Run/Run_Comfortable/Post_Process/Run_Comfortable1.csv,male,1,train
TB030,Session2,overground,run,comfortable,Overground_Run,Run_Comfortable,C:/Users/KUBA/GitProjects/WKIRO-Project/data/TB030/Session2/Overground_Run/Run_Comfortable/Post_Process/Run_Comfortable10.csv,male,1,train
TB030,Session2,overground,run,comfortable,Overground_Run,Run_Comfortable,C:/Users/KUBA/GitProjects/WKIRO-Project/data/TB030/Session2/Overground_Run/Run_Comfortable/Post_Process/Run_Comfortable2.csv,male,1,train
TB030,Session2,overground,run,comfortable,Overground_Run,Run_Comfortable,C:/Users/KUBA/GitProjects/WKIRO-Project/data/TB030/Session2/Overground_Run/Run_Comfortable/Post_Process/Run_Comfortable3.csv,male,1,train
TB030,Session2,overground,run,comfortable,Overground_Run,Run_Comfortable,C:/Users/KUBA/GitProjects/WKIRO-Project/data/TB030/Session2/Overground_Run/Run_Comfortable/Post_Process/Run_Comfortable4.csv,male,1,train
TB030,Session2,overground,run,comfortable,Overground_Run,Run_Comfortable,C:/Users/KUBA/GitProjects/WKIRO-Project/data/TB030/Session2/Overground_Run/Run_Comfortable/Post_Process/Run_Comfortable5.csv,male,1,train
TB030,Session2,overground,run,comfortable,Overground_Run,Run_Comfortable,C:/Users/KUBA/GitProjects/WKIRO-Project/data/TB030/Session2/Overground_Run/Run_Comfortable/Post_Process/Run_Comfortable6.csv,male,1,train
TB030,Session2,overground,run,comfortable,Overground_Run,Run_Comfortable,C:/Users/KUBA/GitProjects/WKIRO-Project/data/TB030/Session2/Overground_Run/Run_Comfortable/Post_Process/Run_Comfortable7.csv,male,1,test
TB030,Session2,overground,run,comfortable,Overground_Run,Run_Comfortable,C:/Users/KUBA/GitProjects/WKIRO-Project/data/TB030/Session2/Overground_Run/Run_Comfortable/Post_Process/Run_Comfortable8.csv,male,1,train
TB030,Session2,overground,run,comfortable,Overground_Run,Run_Comfortable,C:/Users/KUBA/GitProjects/WKIRO-Project/data/TB030/Session2/Overground_Run/Run_Comfortable/Post_Process/Run_Comfortable9.csv,male,1,train
TB030,Session2,overground,run,fast,Overground_Run,Run_Fast,C:/Users/KUBA/GitProjects/WKIRO-Project/data/TB030/Session2/Overground_Run/Run_Fast/Post_Process/Run_Fast1.csv,male,1,train
TB030,Session2,overground,run,fast,Overground_Run,Run_Fast,C:/Users/KUBA/GitProjects/WKIRO-Project/data/TB030/Session2/Overground_Run/Run_Fast/Post_Process/Run_Fast10.csv,male,1,train
TB030,Session2,overground,run,fast,Overground_Run,Run_Fast,C:/Users/KUBA/GitProjects/WKIRO-Project/data/TB030/Session2/Overground_Run/Run_Fast/Post_Process/Run_Fast2.csv,male,1,test
TB030,Session2,overground,run,fast,Overground_Run,Run_Fast,C:/Users/KUBA/GitProjects/WKIRO-Project/data/TB030/Session2/Overground_Run/Run_Fast/Post_Process/Run_Fast3.csv,male,1,test
TB030,Session2,overground,run,fast,Overground_Run,Run_Fast,C:/Users/KUBA/GitProjects/WKIRO-Project/data/TB030/Session2/Overground_Run/Run_Fast/Post_Process/Run_Fast4.csv,male,1,train
TB030,Session2,overground,run,fast,Overground_Run,Run_Fast,C:/Users/KUBA/GitProjects/WKIRO-Project/data/TB030/Session2/Overground_Run/Run_Fast/Post_Process/Run_Fast5.csv,male,1,train
TB030,Session2,overground,run,fast,Overground_Run,Run_Fast,C:/Users/KUBA/GitProjects/WKIRO-Project/data/TB030/Session2/Overground_Run/Run_Fast/Post_Process/Run_Fast6.csv,male,1,train
TB030,Session2,overground,run,fast,Overground_Run,Run_Fast,C:/Users/KUBA/GitProjects/WKIRO-Project/data/TB030/Session2/Overground_Run/Run_Fast/Post_Process/Run_Fast7.csv,male,1,test
TB030,Session2,overground,run,fast,Overground_Run,Run_Fast,C:/Users/KUBA/GitProjects/WKIRO-Project/data/TB030/Session2/Overground_Run/Run_Fast/Post_Process/Run_Fast8.csv,male,1,test
TB030,Session2,overground,run,fast,Overground_Run,Run_Fast,C:/Users/KUBA/GitProjects/WKIRO-Project/data/TB030/Session2/Overground_Run/Run_Fast/Post_Process/Run_Fast9.csv,male,1,train
TB030,Session2,overground,walk,comfortable,Overground_Walk,Walk_Comfortable,C:/Users/KUBA/GitProjects/WKIRO-Project/data/TB030/Session2/Overground_Walk/Walk_Comfortable/Post_Process/Walk_Comfortable1.csv,male,1,val
TB030,Session2,overground,walk,comfortable,Overground_Walk,Walk_Comfortable,C:/Users/KUBA/GitProjects/WKIRO-Project/data/TB030/Session2/Overground_Walk/Walk_Comfortable/Post_Process/Walk_Comfortable2.csv,male,1,val
TB030,Session2,overground,walk,comfortable,Overground_Walk,Walk_Comfortable,C:/Users/KUBA/GitProjects/WKIRO-Project/data/TB030/Session2/Overground_Walk/Walk_Comfortable/Post_Process/Walk_Comfortable3.csv,male,1,train
TB030,Session2,overground,walk,comfortable,Overground_Walk,Walk_Comfortable,C:/Users/KUBA/GitProjects/WKIRO-Project/data/TB030/Session2/Overground_Walk/Walk_Comfortable/Post_Process/Walk_Comfortable4.csv,male,1,train
TB030,Session2,overground,walk,comfortable,Overground_Walk,Walk_Comfortable,C:/Users/KUBA/GitProjects/WKIRO-Project/data/TB030/Session2/Overground_Walk/Walk_Comfortable/Post_Process/Walk_Comfortable5.csv,male,1,train
TB030,Session2,overground,walk,comfortable,Overground_Walk,Walk_Comfortable,C:/Users/KUBA/GitProjects/WKIRO-Project/data/TB030/Session2/Overground_Walk/Walk_Comfortable/Post_Process/Walk_Comfortable6.csv,male,1,test
TB030,Session2,overground,walk,fast,Overground_Walk,Walk_Fast,C:/Users/KUBA/GitProjects/WKIRO-Project/data/TB030/Session2/Overground_Walk/Walk_Fast/Post_Process/Walk_Fast1.csv,male,1,train
TB030,Session2,overground,walk,fast,Overground_Walk,Walk_Fast,C:/Users/KUBA/GitProjects/WKIRO-Project/data/TB030/Session2/Overground_Walk/Walk_Fast/Post_Process/Walk_Fast2.csv,male,1,train
TB030,Session2,overground,walk,fast,Overground_Walk,Walk_Fast,C:/Users/KUBA/GitProjects/WKIRO-Project/data/TB030/Session2/Overground_Walk/Walk_Fast/Post_Process/Walk_Fast3.csv,male,1,train
TB030,Session2,overground,walk,fast,Overground_Walk,Walk_Fast,C:/Users/KUBA/GitProjects/WKIRO-Project/data/TB030/Session2/Overground_Walk/Walk_Fast/Post_Process/Walk_Fast4.csv,male,1,train
TB030,Session2,overground,walk,fast,Overground_Walk,Walk_Fast,C:/Users/KUBA/GitProjects/WKIRO-Project/data/TB030/Session2/Overground_Walk/Walk_Fast/Post_Process/Walk_Fast5.csv,male,1,test
TB030,Session2,overground,walk,fast,Overground_Walk,Walk_Fast,C:/Users/KUBA/GitProjects/WKIRO-Project/data/TB030/Session2/Overground_Walk/Walk_Fast/Post_Process/Walk_Fast6.csv,male,1,train
TB030,Session2,overground,walk,slow,Overground_Walk,Walk_Slow,C:/Users/KUBA/GitProjects/WKIRO-Project/data/TB030/Session2/Overground_Walk/Walk_Slow/Post_Process/Walk_Slow1.csv,male,1,val
TB030,Session2,overground,walk,slow,Overground_Walk,Walk_Slow,C:/Users/KUBA/GitProjects/WKIRO-Project/data/TB030/Session2/Overground_Walk/Walk_Slow/Post_Process/Walk_Slow2.csv,male,1,train
TB030,Session2,overground,walk,slow,Overground_Walk,Walk_Slow,C:/Users/KUBA/GitProjects/WKIRO-Project/data/TB030/Session2/Overground_Walk/Walk_Slow/Post_Process/Walk_Slow3.csv,male,1,train
TB030,Session2,overground,walk,slow,Overground_Walk,Walk_Slow,C:/Users/KUBA/GitProjects/WKIRO-Project/data/TB030/Session2/Overground_Walk/Walk_Slow/Post_Process/Walk_Slow4.csv,male,1,val
TB030,Session2,overground,walk,slow,Overground_Walk,Walk_Slow,C:/Users/KUBA/GitProjects/WKIRO-Project/data/TB030/Session2/Overground_Walk/Walk_Slow/Post_Process/Walk_Slow5.csv,male,1,train
TB030,Session2,overground,walk,slow,Overground_Walk,Walk_Slow,C:/Users/KUBA/GitProjects/WKIRO-Project/data/TB030/Session2/Overground_Walk/Walk_Slow/Post_Process/Walk_Slow6.csv,male,1,train
TB030,Session2,treadmill,run,comfortable,Treadmill_Run,Treadmill_Run_Comfortable,C:/Users/KUBA/GitProjects/WKIRO-Project/data/TB030/Session2/Treadmill_Run/Treadmill_Run_Comfortable/Post_Process/Treadmill_Run_Comfortable.csv,male,1,train
TB030,Session2,treadmill,run,fast,Treadmill_Run,Treadmill_Run_Fast,C:/Users/KUBA/GitProjects/WKIRO-Project/data/TB030/Session2/Treadmill_Run/Treadmill_Run_Fast/Post_Process/Treadmill_Run_Fast.csv,male,1,train
TB030,Session2,treadmill,walk,comfortable,Treadmill_Walk,Treadmill_Walk_Comfortable,C:/Users/KUBA/GitProjects/WKIRO-Project/data/TB030/Session2/Treadmill_Walk/Treadmill_Walk_Comfortable/Post_Process/Treadmill_Walk_Comfortable.csv,male,1,train
TB030,Session2,treadmill,walk,fast,Treadmill_Walk,Treadmill_Walk_Fast,C:/Users/KUBA/GitProjects/WKIRO-Project/data/TB030/Session2/Treadmill_Walk/Treadmill_Walk_Fast/Post_Process/Treadmill_Walk_Fast.csv,male,1,test
TB030,Session2,treadmill,walk,slow,Treadmill_Walk,Treadmill_Walk_Slow,C:/Users/KUBA/GitProjects/WKIRO-Project/data/TB030/Session2/Treadmill_Walk/Treadmill_Walk_Slow/Post_Process/Treadmill_Walk_Slow.csv,male,1,train
TK029,Session1,overground,run,comfortable,Overground_Run,Run_Comfortable,C:/Users/KUBA/GitProjects/WKIRO-Project/data/TK029/Session1/Overground_Run/Run_Comfortable/Post_Process/Run_Comfortable1.csv,female,0,train
TK029,Session1,overground,run,comfortable,Overground_Run,Run_Comfortable,C:/Users/KUBA/GitProjects/WKIRO-Project/data/TK029/Session1/Overground_Run/Run_Comfortable/Post_Process/Run_Comfortable10.csv,female,0,val
TK029,Session1,overground,run,comfortable,Overground_Run,Run_Comfortable,C:/Users/KUBA/GitProjects/WKIRO-Project/data/TK029/Session1/Overground_Run/Run_Comfortable/Post_Process/Run_Comfortable2.csv,female,0,train
TK029,Session1,overground,run,comfortable,Overground_Run,Run_Comfortable,C:/Users/KUBA/GitProjects/WKIRO-Project/data/TK029/Session1/Overground_Run/Run_Comfortable/Post_Process/Run_Comfortable3.csv,female,0,train
TK029,Session1,overground,run,comfortable,Overground_Run,Run_Comfortable,C:/Users/KUBA/GitProjects/WKIRO-Project/data/TK029/Session1/Overground_Run/Run_Comfortable/Post_Process/Run_Comfortable4.csv,female,0,val
TK029,Session1,overground,run,comfortable,Overground_Run,Run_Comfortable,C:/Users/KUBA/GitProjects/WKIRO-Project/data/TK029/Session1/Overground_Run/Run_Comfortable/Post_Process/Run_Comfortable5.csv,female,0,train
TK029,Session1,overground,run,comfortable,Overground_Run,Run_Comfortable,C:/Users/KUBA/GitProjects/WKIRO-Project/data/TK029/Session1/Overground_Run/Run_Comfortable/Post_Process/Run_Comfortable6.csv,female,0,train
TK029,Session1,overground,run,comfortable,Overground_Run,Run_Comfortable,C:/Users/KUBA/GitProjects/WKIRO-Project/data/TK029/Session1/Overground_Run/Run_Comfortable/Post_Process/Run_Comfortable7.csv,female,0,train
TK029,Session1,overground,run,comfortable,Overground_Run,Run_Comfortable,C:/Users/KUBA/GitProjects/WKIRO-Project/data/TK029/Session1/Overground_Run/Run_Comfortable/Post_Process/Run_Comfortable8.csv,female,0,test
TK029,Session1,overground,run,comfortable,Overground_Run,Run_Comfortable,C:/Users/KUBA/GitProjects/WKIRO-Project/data/TK029/Session1/Overground_Run/Run_Comfortable/Post_Process/Run_Comfortable9.csv,female,0,test
TK029,Session1,overground,run,fast,Overground_Run,Run_Fast,C:/Users/KUBA/GitProjects/WKIRO-Project/data/TK029/Session1/Overground_Run/Run_Fast/Post_Process/Run_Fast1.csv,female,0,train
TK029,Session1,overground,run,fast,Overground_Run,Run_Fast,C:/Users/KUBA/GitProjects/WKIRO-Project/data/TK029/Session1/Overground_Run/Run_Fast/Post_Process/Run_Fast10.csv,female,0,train
TK029,Session1,overground,run,fast,Overground_Run,Run_Fast,C:/Users/KUBA/GitProjects/WKIRO-Project/data/TK029/Session1/Overground_Run/Run_Fast/Post_Process/Run_Fast2.csv,female,0,test
TK029,Session1,overground,run,fast,Overground_Run,Run_Fast,C:/Users/KUBA/GitProjects/WKIRO-Project/data/TK029/Session1/Overground_Run/Run_Fast/Post_Process/Run_Fast3.csv,female,0,train
TK029,Session1,overground,run,fast,Overground_Run,Run_Fast,C:/Users/KUBA/GitProjects/WKIRO-Project/data/TK029/Session1/Overground_Run/Run_Fast/Post_Process/Run_Fast4.csv,female,0,train
TK029,Session1,overground,run,fast,Overground_Run,Run_Fast,C:/Users/KUBA/GitProjects/WKIRO-Project/data/TK029/Session1/Overground_Run/Run_Fast/Post_Process/Run_Fast5.csv,female,0,train
TK029,Session1,overground,run,fast,Overground_Run,Run_Fast,C:/Users/KUBA/GitProjects/WKIRO-Project/data/TK029/Session1/Overground_Run/Run_Fast/Post_Process/Run_Fast6.csv,female,0,train
TK029,Session1,overground,run,fast,Overground_Run,Run_Fast,C:/Users/KUBA/GitProjects/WKIRO-Project/data/TK029/Session1/Overground_Run/Run_Fast/Post_Process/Run_Fast7.csv,female,0,train
TK029,Session1,overground,run,fast,Overground_Run,Run_Fast,C:/Users/KUBA/GitProjects/WKIRO-Project/data/TK029/Session1/Overground_Run/Run_Fast/Post_Process/Run_Fast8.csv,female,0,train
TK029,Session1,overground,run,fast,Overground_Run,Run_Fast,C:/Users/KUBA/GitProjects/WKIRO-Project/data/TK029/Session1/Overground_Run/Run_Fast/Post_Process/Run_Fast9.csv,female,0,train
TK029,Session1,overground,walk,comfortable,Overground_Walk,Walk_Comfortable,C:/Users/KUBA/GitProjects/WKIRO-Project/data/TK029/Session1/Overground_Walk/Walk_Comfortable/Post_Process/Walk_Comfortable1.csv,female,0,train
TK029,Session1,overground,walk,comfortable,Overground_Walk,Walk_Comfortable,C:/Users/KUBA/GitProjects/WKIRO-Project/data/TK029/Session1/Overground_Walk/Walk_Comfortable/Post_Process/Walk_Comfortable2.csv,female,0,val
TK029,Session1,overground,walk,comfortable,Overground_Walk,Walk_Comfortable,C:/Users/KUBA/GitProjects/WKIRO-Project/data/TK029/Session1/Overground_Walk/Walk_Comfortable/Post_Process/Walk_Comfortable3.csv,female,0,train
TK029,Session1,overground,walk,comfortable,Overground_Walk,Walk_Comfortable,C:/Users/KUBA/GitProjects/WKIRO-Project/data/TK029/Session1/Overground_Walk/Walk_Comfortable/Post_Process/Walk_Comfortable4.csv,female,0,test
TK029,Session1,overground,walk,comfortable,Overground_Walk,Walk_Comfortable,C:/Users/KUBA/GitProjects/WKIRO-Project/data/TK029/Session1/Overground_Walk/Walk_Comfortable/Post_Process/Walk_Comfortable5.csv,female,0,train
TK029,Session1,overground,walk,comfortable,Overground_Walk,Walk_Comfortable,C:/Users/KUBA/GitProjects/WKIRO-Project/data/TK029/Session1/Overground_Walk/Walk_Comfortable/Post_Process/Walk_Comfortable6.csv,female,0,val
TK029,Session1,overground,walk,comfortable,Overground_Walk,Walk_Comfortable,C:/Users/KUBA/GitProjects/WKIRO-Project/data/TK029/Session1/Overground_Walk/Walk_Comfortable/Post_Process/Walk_Comfortable7.csv,female,0,train
TK029,Session1,overground,walk,comfortable,Overground_Walk,Walk_Comfortable,C:/Users/KUBA/GitProjects/WKIRO-Project/data/TK029/Session1/Overground_Walk/Walk_Comfortable/Post_Process/Walk_Comfortable8.csv,female,0,train
TK029,Session1,overground,walk,fast,Overground_Walk,Walk_Fast,C:/Users/KUBA/GitProjects/WKIRO-Project/data/TK029/Session1/Overground_Walk/Walk_Fast/Post_Process/Walk_Fast1.csv,female,0,train
TK029,Session1,overground,walk,fast,Overground_Walk,Walk_Fast,C:/Users/KUBA/GitProjects/WKIRO-Project/data/TK029/Session1/Overground_Walk/Walk_Fast/Post_Process/Walk_Fast2.csv,female,0,train
TK029,Session1,overground,walk,fast,Overground_Walk,Walk_Fast,C:/Users/KUBA/GitProjects/WKIRO-Project/data/TK029/Session1/Overground_Walk/Walk_Fast/Post_Process/Walk_Fast3.csv,female,0,train
TK029,Session1,overground,walk,fast,Overground_Walk,Walk_Fast,C:/Users/KUBA/GitProjects/WKIRO-Project/data/TK029/Session1/Overground_Walk/Walk_Fast/Post_Process/Walk_Fast4.csv,female,0,train
TK029,Session1,overground,walk,fast,Overground_Walk,Walk_Fast,C:/Users/KUBA/GitProjects/WKIRO-Project/data/TK029/Session1/Overground_Walk/Walk_Fast/Post_Process/Walk_Fast5.csv,female,0,train
TK029,Session1,overground,walk,fast,Overground_Walk,Walk_Fast,C:/Users/KUBA/GitProjects/WKIRO-Project/data/TK029/Session1/Overground_Walk/Walk_Fast/Post_Process/Walk_Fast6.csv,female,0,train
TK029,Session1,overground,walk,fast,Overground_Walk,Walk_Fast,C:/Users/KUBA/GitProjects/WKIRO-Project/data/TK029/Session1/Overground_Walk/Walk_Fast/Post_Process/Walk_Fast7.csv,female,0,val
TK029,Session1,overground,walk,fast,Overground_Walk,Walk_Fast,C:/Users/KUBA/GitProjects/WKIRO-Project/data/TK029/Session1/Overground_Walk/Walk_Fast/Post_Process/Walk_Fast8.csv,female,0,val
TK029,Session1,overground,walk,slow,Overground_Walk,Walk_Slow,C:/Users/KUBA/GitProjects/WKIRO-Project/data/TK029/Session1/Overground_Walk/Walk_Slow/Post_Process/Walk_Slow1.csv,female,0,train
TK029,Session1,overground,walk,slow,Overground_Walk,Walk_Slow,C:/Users/KUBA/GitProjects/WKIRO-Project/data/TK029/Session1/Overground_Walk/Walk_Slow/Post_Process/Walk_Slow2.csv,female,0,test
TK029,Session1,overground,walk,slow,Overground_Walk,Walk_Slow,C:/Users/KUBA/GitProjects/WKIRO-Project/data/TK029/Session1/Overground_Walk/Walk_Slow/Post_Process/Walk_Slow3.csv,female,0,train
TK029,Session1,overground,walk,slow,Overground_Walk,Walk_Slow,C:/Users/KUBA/GitProjects/WKIRO-Project/data/TK029/Session1/Overground_Walk/Walk_Slow/Post_Process/Walk_Slow4.csv,female,0,train
TK029,Session1,overground,walk,slow,Overground_Walk,Walk_Slow,C:/Users/KUBA/GitProjects/WKIRO-Project/data/TK029/Session1/Overground_Walk/Walk_Slow/Post_Process/Walk_Slow5.csv,female,0,train
TK029,Session1,overground,walk,slow,Overground_Walk,Walk_Slow,C:/Users/KUBA/GitProjects/WKIRO-Project/data/TK029/Session1/Overground_Walk/Walk_Slow/Post_Process/Walk_Slow6.csv,female,0,test
TK029,Session1,overground,walk,slow,Overground_Walk,Walk_Slow,C:/Users/KUBA/GitProjects/WKIRO-Project/data/TK029/Session1/Overground_Walk/Walk_Slow/Post_Process/Walk_Slow7.csv,female,0,test
TK029,Session1,overground,walk,slow,Overground_Walk,Walk_Slow,C:/Users/KUBA/GitProjects/WKIRO-Project/data/TK029/Session1/Overground_Walk/Walk_Slow/Post_Process/Walk_Slow8.csv,female,0,train
TK029,Session1,treadmill,run,comfortable,Treadmill_Run,Treadmill_Run_Comfortable,C:/Users/KUBA/GitProjects/WKIRO-Project/data/TK029/Session1/Treadmill_Run/Treadmill_Run_Comfortable/Post_Process/Treadmill_Run_Comfortable.csv,female,0,val
TK029,Session1,treadmill,run,fast,Treadmill_Run,Treadmill_Run_Fast,C:/Users/KUBA/GitProjects/WKIRO-Project/data/TK029/Session1/Treadmill_Run/Treadmill_Run_Fast/Post_Process/Treadmill_Run_Fast.csv,female,0,train
TK029,Session1,treadmill,walk,comfortable,Treadmill_Walk,Treadmill_Walk_Comfortable,C:/Users/KUBA/GitProjects/WKIRO-Project/data/TK029/Session1/Treadmill_Walk/Treadmill_Walk_Comfortable/Post_Process/Treadmill_Walk_Comfortable.csv,female,0,test
TK029,Session1,treadmill,walk,fast,Treadmill_Walk,Treadmill_Walk_Fast,C:/Users/KUBA/GitProjects/WKIRO-Project/data/TK029/Session1/Treadmill_Walk/Treadmill_Walk_Fast/Post_Process/Treadmill_Walk_Fast.csv,female,0,train
TK029,Session1,treadmill,walk,slow,Treadmill_Walk,Treadmill_Walk_Slow,C:/Users/KUBA/GitProjects/WKIRO-Project/data/TK029/Session1/Treadmill_Walk/Treadmill_Walk_Slow/Post_Process/Treadmill_Walk_Slow.csv,female,0,train
TK029,Session2,overground,run,comfortable,Overground_Run,Run_Comfortable,C:/Users/KUBA/GitProjects/WKIRO-Project/data/TK029/Session2/Overground_Run/Run_Comfortable/Post_Process/Run_Comfortable1.csv,female,0,train
TK029,Session2,overground,run,comfortable,Overground_Run,Run_Comfortable,C:/Users/KUBA/GitProjects/WKIRO-Project/data/TK029/Session2/Overground_Run/Run_Comfortable/Post_Process/Run_Comfortable10.csv,female,0,train
TK029,Session2,overground,run,comfortable,Overground_Run,Run_Comfortable,C:/Users/KUBA/GitProjects/WKIRO-Project/data/TK029/Session2/Overground_Run/Run_Comfortable/Post_Process/Run_Comfortable2.csv,female,0,val
TK029,Session2,overground,run,comfortable,Overground_Run,Run_Comfortable,C:/Users/KUBA/GitProjects/WKIRO-Project/data/TK029/Session2/Overground_Run/Run_Comfortable/Post_Process/Run_Comfortable3.csv,female,0,train
TK029,Session2,overground,run,comfortable,Overground_Run,Run_Comfortable,C:/Users/KUBA/GitProjects/WKIRO-Project/data/TK029/Session2/Overground_Run/Run_Comfortable/Post_Process/Run_Comfortable4.csv,female,0,val
TK029,Session2,overground,run,comfortable,Overground_Run,Run_Comfortable,C:/Users/KUBA/GitProjects/WKIRO-Project/data/TK029/Session2/Overground_Run/Run_Comfortable/Post_Process/Run_Comfortable5.csv,female,0,train
TK029,Session2,overground,run,comfortable,Overground_Run,Run_Comfortable,C:/Users/KUBA/GitProjects/WKIRO-Project/data/TK029/Session2/Overground_Run/Run_Comfortable/Post_Process/Run_Comfortable6.csv,female,0,val
TK029,Session2,overground,run,comfortable,Overground_Run,Run_Comfortable,C:/Users/KUBA/GitProjects/WKIRO-Project/data/TK029/Session2/Overground_Run/Run_Comfortable/Post_Process/Run_Comfortable7.csv,female,0,train
TK029,Session2,overground,run,comfortable,Overground_Run,Run_Comfortable,C:/Users/KUBA/GitProjects/WKIRO-Project/data/TK029/Session2/Overground_Run/Run_Comfortable/Post_Process/Run_Comfortable8.csv,female,0,train
TK029,Session2,overground,run,comfortable,Overground_Run,Run_Comfortable,C:/Users/KUBA/GitProjects/WKIRO-Project/data/TK029/Session2/Overground_Run/Run_Comfortable/Post_Process/Run_Comfortable9.csv,female,0,train
TK029,Session2,overground,run,fast,Overground_Run,Run_Fast,C:/Users/KUBA/GitProjects/WKIRO-Project/data/TK029/Session2/Overground_Run/Run_Fast/Post_Process/Run_Fast1.csv,female,0,train
TK029,Session2,overground,run,fast,Overground_Run,Run_Fast,C:/Users/KUBA/GitProjects/WKIRO-Project/data/TK029/Session2/Overground_Run/Run_Fast/Post_Process/Run_Fast10.csv,female,0,train
TK029,Session2,overground,run,fast,Overground_Run,Run_Fast,C:/Users/KUBA/GitProjects/WKIRO-Project/data/TK029/Session2/Overground_Run/Run_Fast/Post_Process/Run_Fast2.csv,female,0,train
TK029,Session2,overground,run,fast,Overground_Run,Run_Fast,C:/Users/KUBA/GitProjects/WKIRO-Project/data/TK029/Session2/Overground_Run/Run_Fast/Post_Process/Run_Fast3.csv,female,0,train
TK029,Session2,overground,run,fast,Overground_Run,Run_Fast,C:/Users/KUBA/GitProjects/WKIRO-Project/data/TK029/Session2/Overground_Run/Run_Fast/Post_Process/Run_Fast4.csv,female,0,test
TK029,Session2,overground,run,fast,Overground_Run,Run_Fast,C:/Users/KUBA/GitProjects/WKIRO-Project/data/TK029/Session2/Overground_Run/Run_Fast/Post_Process/Run_Fast5.csv,female,0,train
TK029,Session2,overground,run,fast,Overground_Run,Run_Fast,C:/Users/KUBA/GitProjects/WKIRO-Project/data/TK029/Session2/Overground_Run/Run_Fast/Post_Process/Run_Fast6.csv,female,0,train
TK029,Session2,overground,run,fast,Overground_Run,Run_Fast,C:/Users/KUBA/GitProjects/WKIRO-Project/data/TK029/Session2/Overground_Run/Run_Fast/Post_Process/Run_Fast7.csv,female,0,train
TK029,Session2,overground,run,fast,Overground_Run,Run_Fast,C:/Users/KUBA/GitProjects/WKIRO-Project/data/TK029/Session2/Overground_Run/Run_Fast/Post_Process/Run_Fast8.csv,female,0,train
TK029,Session2,overground,run,fast,Overground_Run,Run_Fast,C:/Users/KUBA/GitProjects/WKIRO-Project/data/TK029/Session2/Overground_Run/Run_Fast/Post_Process/Run_Fast9.csv,female,0,train
TK029,Session2,overground,walk,comfortable,Overground_Walk,Walk_Comfortable,C:/Users/KUBA/GitProjects/WKIRO-Project/data/TK029/Session2/Overground_Walk/Walk_Comfortable/Post_Process/Walk_Comfortable1.csv,female,0,train
TK029,Session2,overground,walk,comfortable,Overground_Walk,Walk_Comfortable,C:/Users/KUBA/GitProjects/WKIRO-Project/data/TK029/Session2/Overground_Walk/Walk_Comfortable/Post_Process/Walk_Comfortable2.csv,female,0,test
TK029,Session2,overground,walk,comfortable,Overground_Walk,Walk_Comfortable,C:/Users/KUBA/GitProjects/WKIRO-Project/data/TK029/Session2/Overground_Walk/Walk_Comfortable/Post_Process/Walk_Comfortable3.csv,female,0,train
TK029,Session2,overground,walk,comfortable,Overground_Walk,Walk_Comfortable,C:/Users/KUBA/GitProjects/WKIRO-Project/data/TK029/Session2/Overground_Walk/Walk_Comfortable/Post_Process/Walk_Comfortable4.csv,female,0,train
TK029,Session2,overground,walk,comfortable,Overground_Walk,Walk_Comfortable,C:/Users/KUBA/GitProjects/WKIRO-Project/data/TK029/Session2/Overground_Walk/Walk_Comfortable/Post_Process/Walk_Comfortable5.csv,female,0,train
TK029,Session2,overground,walk,comfortable,Overground_Walk,Walk_Comfortable,C:/Users/KUBA/GitProjects/WKIRO-Project/data/TK029/Session2/Overground_Walk/Walk_Comfortable/Post_Process/Walk_Comfortable6.csv,female,0,train
TK029,Session2,overground,walk,comfortable,Overground_Walk,Walk_Comfortable,C:/Users/KUBA/GitProjects/WKIRO-Project/data/TK029/Session2/Overground_Walk/Walk_Comfortable/Post_Process/Walk_Comfortable7.csv,female,0,val
TK029,Session2,overground,walk,comfortable,Overground_Walk,Walk_Comfortable,C:/Users/KUBA/GitProjects/WKIRO-Project/data/TK029/Session2/Overground_Walk/Walk_Comfortable/Post_Process/Walk_Comfortable8.csv,female,0,test
TK029,Session2,overground,walk,fast,Overground_Walk,Walk_Fast,C:/Users/KUBA/GitProjects/WKIRO-Project/data/TK029/Session2/Overground_Walk/Walk_Fast/Post_Process/Walk_Fast1.csv,female,0,train
TK029,Session2,overground,walk,fast,Overground_Walk,Walk_Fast,C:/Users/KUBA/GitProjects/WKIRO-Project/data/TK029/Session2/Overground_Walk/Walk_Fast/Post_Process/Walk_Fast2.csv,female,0,train
TK029,Session2,overground,walk,fast,Overground_Walk,Walk_Fast,C:/Users/KUBA/GitProjects/WKIRO-Project/data/TK029/Session2/Overground_Walk/Walk_Fast/Post_Process/Walk_Fast3.csv,female,0,val
TK029,Session2,overground,walk,fast,Overground_Walk,Walk_Fast,C:/Users/KUBA/GitProjects/WKIRO-Project/data/TK029/Session2/Overground_Walk/Walk_Fast/Post_Process/Walk_Fast4.csv,female,0,train
TK029,Session2,overground,walk,fast,Overground_Walk,Walk_Fast,C:/Users/KUBA/GitProjects/WKIRO-Project/data/TK029/Session2/Overground_Walk/Walk_Fast/Post_Process/Walk_Fast5.csv,female,0,test
TK029,Session2,overground,walk,fast,Overground_Walk,Walk_Fast,C:/Users/KUBA/GitProjects/WKIRO-Project/data/TK029/Session2/Overground_Walk/Walk_Fast/Post_Process/Walk_Fast6.csv,female,0,train
TK029,Session2,overground,walk,slow,Overground_Walk,Walk_Slow,C:/Users/KUBA/GitProjects/WKIRO-Project/data/TK029/Session2/Overground_Walk/Walk_Slow/Post_Process/Walk_Slow1.csv,female,0,val
TK029,Session2,overground,walk,slow,Overground_Walk,Walk_Slow,C:/Users/KUBA/GitProjects/WKIRO-Project/data/TK029/Session2/Overground_Walk/Walk_Slow/Post_Process/Walk_Slow2.csv,female,0,train
TK029,Session2,overground,walk,slow,Overground_Walk,Walk_Slow,C:/Users/KUBA/GitProjects/WKIRO-Project/data/TK029/Session2/Overground_Walk/Walk_Slow/Post_Process/Walk_Slow3.csv,female,0,train
TK029,Session2,overground,walk,slow,Overground_Walk,Walk_Slow,C:/Users/KUBA/GitProjects/WKIRO-Project/data/TK029/Session2/Overground_Walk/Walk_Slow/Post_Process/Walk_Slow4.csv,female,0,val
TK029,Session2,overground,walk,slow,Overground_Walk,Walk_Slow,C:/Users/KUBA/GitProjects/WKIRO-Project/data/TK029/Session2/Overground_Walk/Walk_Slow/Post_Process/Walk_Slow5.csv,female,0,test
TK029,Session2,overground,walk,slow,Overground_Walk,Walk_Slow,C:/Users/KUBA/GitProjects/WKIRO-Project/data/TK029/Session2/Overground_Walk/Walk_Slow/Post_Process/Walk_Slow6.csv,female,0,val
TK029,Session2,overground,walk,slow,Overground_Walk,Walk_Slow,C:/Users/KUBA/GitProjects/WKIRO-Project/data/TK029/Session2/Overground_Walk/Walk_Slow/Post_Process/Walk_Slow7.csv,female,0,train
TK029,Session2,overground,walk,slow,Overground_Walk,Walk_Slow,C:/Users/KUBA/GitProjects/WKIRO-Project/data/TK029/Session2/Overground_Walk/Walk_Slow/Post_Process/Walk_Slow8.csv,female,0,train
TK029,Session2,treadmill,run,comfortable,Treadmill_Run,Treadmill_Run_Comfortable,C:/Users/KUBA/GitProjects/WKIRO-Project/data/TK029/Session2/Treadmill_Run/Treadmill_Run_Comfortable/Post_Process/Treadmill_Run_Comfortable.csv,female,0,train
TK029,Session2,treadmill,run,fast,Treadmill_Run,Treadmill_Run_Fast,C:/Users/KUBA/GitProjects/WKIRO-Project/data/TK029/Session2/Treadmill_Run/Treadmill_Run_Fast/Post_Process/Treadmill_Run_Fast.csv,female,0,train
TK029,Session2,treadmill,walk,comfortable,Treadmill_Walk,Treadmill_Walk_Comfortable,C:/Users/KUBA/GitProjects/WKIRO-Project/data/TK029/Session2/Treadmill_Walk/Treadmill_Walk_Comfortable/Post_Process/Treadmill_Walk_Comfortable.csv,female,0,train
TK029,Session2,treadmill,walk,fast,Treadmill_Walk,Treadmill_Walk_Fast,C:/Users/KUBA/GitProjects/WKIRO-Project/data/TK029/Session2/Treadmill_Walk/Treadmill_Walk_Fast/Post_Process/Treadmill_Walk_Fast.csv,female,0,train
TK029,Session2,treadmill,walk,slow,Treadmill_Walk,Treadmill_Walk_Slow,C:/Users/KUBA/GitProjects/WKIRO-Project/data/TK029/Session2/Treadmill_Walk/Treadmill_Walk_Slow/Post_Process/Treadmill_Walk_Slow.csv,female,0,test
YX024,Session1,overground,run,comfortable,Overground_Run,Run_Comfortable,C:/Users/KUBA/GitProjects/WKIRO-Project/data/YX024/Session1/Overground_Run/Run_Comfortable/Post_Process/Run_Comfortable1.csv,male,1,train
YX024,Session1,overground,run,comfortable,Overground_Run,Run_Comfortable,C:/Users/KUBA/GitProjects/WKIRO-Project/data/YX024/Session1/Overground_Run/Run_Comfortable/Post_Process/Run_Comfortable10.csv,male,1,test
YX024,Session1,overground,run,comfortable,Overground_Run,Run_Comfortable,C:/Users/KUBA/GitProjects/WKIRO-Project/data/YX024/Session1/Overground_Run/Run_Comfortable/Post_Process/Run_Comfortable2.csv,male,1,train
YX024,Session1,overground,run,comfortable,Overground_Run,Run_Comfortable,C:/Users/KUBA/GitProjects/WKIRO-Project/data/YX024/Session1/Overground_Run/Run_Comfortable/Post_Process/Run_Comfortable3.csv,male,1,train
YX024,Session1,overground,run,comfortable,Overground_Run,Run_Comfortable,C:/Users/KUBA/GitProjects/WKIRO-Project/data/YX024/Session1/Overground_Run/Run_Comfortable/Post_Process/Run_Comfortable4.csv,male,1,train
YX024,Session1,overground,run,comfortable,Overground_Run,Run_Comfortable,C:/Users/KUBA/GitProjects/WKIRO-Project/data/YX024/Session1/Overground_Run/Run_Comfortable/Post_Process/Run_Comfortable5.csv,male,1,train
YX024,Session1,overground,run,comfortable,Overground_Run,Run_Comfortable,C:/Users/KUBA/GitProjects/WKIRO-Project/data/YX024/Session1/Overground_Run/Run_Comfortable/Post_Process/Run_Comfortable6.csv,male,1,train
YX024,Session1,overground,run,comfortable,Overground_Run,Run_Comfortable,C:/Users/KUBA/GitProjects/WKIRO-Project/data/YX024/Session1/Overground_Run/Run_Comfortable/Post_Process/Run_Comfortable7.csv,male,1,train
YX024,Session1,overground,run,comfortable,Overground_Run,Run_Comfortable,C:/Users/KUBA/GitProjects/WKIRO-Project/data/YX024/Session1/Overground_Run/Run_Comfortable/Post_Process/Run_Comfortable8.csv,male,1,train
YX024,Session1,overground,run,comfortable,Overground_Run,Run_Comfortable,C:/Users/KUBA/GitProjects/WKIRO-Project/data/YX024/Session1/Overground_Run/Run_Comfortable/Post_Process/Run_Comfortable9.csv,male,1,val
YX024,Session1,overground,run,fast,Overground_Run,Run_Fast,C:/Users/KUBA/GitProjects/WKIRO-Project/data/YX024/Session1/Overground_Run/Run_Fast/Post_Process/Run_Fast1.csv,male,1,test
YX024,Session1,overground,run,fast,Overground_Run,Run_Fast,C:/Users/KUBA/GitProjects/WKIRO-Project/data/YX024/Session1/Overground_Run/Run_Fast/Post_Process/Run_Fast10.csv,male,1,val
YX024,Session1,overground,run,fast,Overground_Run,Run_Fast,C:/Users/KUBA/GitProjects/WKIRO-Project/data/YX024/Session1/Overground_Run/Run_Fast/Post_Process/Run_Fast2.csv,male,1,train
YX024,Session1,overground,run,fast,Overground_Run,Run_Fast,C:/Users/KUBA/GitProjects/WKIRO-Project/data/YX024/Session1/Overground_Run/Run_Fast/Post_Process/Run_Fast3.csv,male,1,train
YX024,Session1,overground,run,fast,Overground_Run,Run_Fast,C:/Users/KUBA/GitProjects/WKIRO-Project/data/YX024/Session1/Overground_Run/Run_Fast/Post_Process/Run_Fast4.csv,male,1,train
YX024,Session1,overground,run,fast,Overground_Run,Run_Fast,C:/Users/KUBA/GitProjects/WKIRO-Project/data/YX024/Session1/Overground_Run/Run_Fast/Post_Process/Run_Fast5.csv,male,1,train
YX024,Session1,overground,run,fast,Overground_Run,Run_Fast,C:/Users/KUBA/GitProjects/WKIRO-Project/data/YX024/Session1/Overground_Run/Run_Fast/Post_Process/Run_Fast6.csv,male,1,train
YX024,Session1,overground,run,fast,Overground_Run,Run_Fast,C:/Users/KUBA/GitProjects/WKIRO-Project/data/YX024/Session1/Overground_Run/Run_Fast/Post_Process/Run_Fast7.csv,male,1,train
YX024,Session1,overground,run,fast,Overground_Run,Run_Fast,C:/Users/KUBA/GitProjects/WKIRO-Project/data/YX024/Session1/Overground_Run/Run_Fast/Post_Process/Run_Fast8.csv,male,1,train
YX024,Session1,overground,run,fast,Overground_Run,Run_Fast,C:/Users/KUBA/GitProjects/WKIRO-Project/data/YX024/Session1/Overground_Run/Run_Fast/Post_Process/Run_Fast9.csv,male,1,train
YX024,Session1,overground,walk,comfortable,Overground_Walk,Walk_Comfortable,C:/Users/KUBA/GitProjects/WKIRO-Project/data/YX024/Session1/Overground_Walk/Walk_Comfortable/Post_Process/Walk_Comfortable1.csv,male,1,train
YX024,Session1,overground,walk,comfortable,Overground_Walk,Walk_Comfortable,C:/Users/KUBA/GitProjects/WKIRO-Project/data/YX024/Session1/Overground_Walk/Walk_Comfortable/Post_Process/Walk_Comfortable2.csv,male,1,train
YX024,Session1,overground,walk,comfortable,Overground_Walk,Walk_Comfortable,C:/Users/KUBA/GitProjects/WKIRO-Project/data/YX024/Session1/Overground_Walk/Walk_Comfortable/Post_Process/Walk_Comfortable3.csv,male,1,train
YX024,Session1,overground,walk,comfortable,Overground_Walk,Walk_Comfortable,C:/Users/KUBA/GitProjects/WKIRO-Project/data/YX024/Session1/Overground_Walk/Walk_Comfortable/Post_Process/Walk_Comfortable4.csv,male,1,test
YX024,Session1,overground,walk,comfortable,Overground_Walk,Walk_Comfortable,C:/Users/KUBA/GitProjects/WKIRO-Project/data/YX024/Session1/Overground_Walk/Walk_Comfortable/Post_Process/Walk_Comfortable5.csv,male,1,train
YX024,Session1,overground,walk,comfortable,Overground_Walk,Walk_Comfortable,C:/Users/KUBA/GitProjects/WKIRO-Project/data/YX024/Session1/Overground_Walk/Walk_Comfortable/Post_Process/Walk_Comfortable6.csv,male,1,train
YX024,Session1,overground,walk,comfortable,Overground_Walk,Walk_Comfortable,C:/Users/KUBA/GitProjects/WKIRO-Project/data/YX024/Session1/Overground_Walk/Walk_Comfortable/Post_Process/Walk_Comfortable7.csv,male,1,test
YX024,Session1,overground,walk,comfortable,Overground_Walk,Walk_Comfortable,C:/Users/KUBA/GitProjects/WKIRO-Project/data/YX024/Session1/Overground_Walk/Walk_Comfortable/Post_Process/Walk_Comfortable8.csv,male,1,train
YX024,Session1,overground,walk,fast,Overground_Walk,Walk_Fast,C:/Users/KUBA/GitProjects/WKIRO-Project/data/YX024/Session1/Overground_Walk/Walk_Fast/Post_Process/Walk_Fast1.csv,male,1,train
YX024,Session1,overground,walk,fast,Overground_Walk,Walk_Fast,C:/Users/KUBA/GitProjects/WKIRO-Project/data/YX024/Session1/Overground_Walk/Walk_Fast/Post_Process/Walk_Fast2.csv,male,1,train
YX024,Session1,overground,walk,fast,Overground_Walk,Walk_Fast,C:/Users/KUBA/GitProjects/WKIRO-Project/data/YX024/Session1/Overground_Walk/Walk_Fast/Post_Process/Walk_Fast3.csv,male,1,test
YX024,Session1,overground,walk,fast,Overground_Walk,Walk_Fast,C:/Users/KUBA/GitProjects/WKIRO-Project/data/YX024/Session1/Overground_Walk/Walk_Fast/Post_Process/Walk_Fast4.csv,male,1,val
YX024,Session1,overground,walk,fast,Overground_Walk,Walk_Fast,C:/Users/KUBA/GitProjects/WKIRO-Project/data/YX024/Session1/Overground_Walk/Walk_Fast/Post_Process/Walk_Fast5.csv,male,1,test
YX024,Session1,overground,walk,fast,Overground_Walk,Walk_Fast,C:/Users/KUBA/GitProjects/WKIRO-Project/data/YX024/Session1/Overground_Walk/Walk_Fast/Post_Process/Walk_Fast6.csv,male,1,train
YX024,Session1,overground,walk,slow,Overground_Walk,Walk_Slow,C:/Users/KUBA/GitProjects/WKIRO-Project/data/YX024/Session1/Overground_Walk/Walk_Slow/Post_Process/Walk_Slow1.csv,male,1,test
YX024,Session1,overground,walk,slow,Overground_Walk,Walk_Slow,C:/Users/KUBA/GitProjects/WKIRO-Project/data/YX024/Session1/Overground_Walk/Walk_Slow/Post_Process/Walk_Slow2.csv,male,1,val
YX024,Session1,overground,walk,slow,Overground_Walk,Walk_Slow,C:/Users/KUBA/GitProjects/WKIRO-Project/data/YX024/Session1/Overground_Walk/Walk_Slow/Post_Process/Walk_Slow3.csv,male,1,test
YX024,Session1,overground,walk,slow,Overground_Walk,Walk_Slow,C:/Users/KUBA/GitProjects/WKIRO-Project/data/YX024/Session1/Overground_Walk/Walk_Slow/Post_Process/Walk_Slow4.csv,male,1,train
YX024,Session1,overground,walk,slow,Overground_Walk,Walk_Slow,C:/Users/KUBA/GitProjects/WKIRO-Project/data/YX024/Session1/Overground_Walk/Walk_Slow/Post_Process/Walk_Slow5.csv,male,1,train
YX024,Session1,overground,walk,slow,Overground_Walk,Walk_Slow,C:/Users/KUBA/GitProjects/WKIRO-Project/data/YX024/Session1/Overground_Walk/Walk_Slow/Post_Process/Walk_Slow6.csv,male,1,train
YX024,Session1,treadmill,run,comfortable,Treadmill_Run,Treadmill_Run_Comfortable,C:/Users/KUBA/GitProjects/WKIRO-Project/data/YX024/Session1/Treadmill_Run/Treadmill_Run_Comfortable/Post_Process/Treadmill_Run_Comfortable.csv,male,1,train
YX024,Session1,treadmill,run,fast,Treadmill_Run,Treadmill_Run_Fast,C:/Users/KUBA/GitProjects/WKIRO-Project/data/YX024/Session1/Treadmill_Run/Treadmill_Run_Fast/Post_Process/Treadmill_Run_Fast.csv,male,1,val
YX024,Session1,treadmill,walk,comfortable,Treadmill_Walk,Treadmill_Walk_Comfortable,C:/Users/KUBA/GitProjects/WKIRO-Project/data/YX024/Session1/Treadmill_Walk/Treadmill_Walk_Comfortable/Post_Process/Treadmill_Walk_Comfortable.csv,male,1,val
YX024,Session1,treadmill,walk,fast,Treadmill_Walk,Treadmill_Walk_Fast,C:/Users/KUBA/GitProjects/WKIRO-Project/data/YX024/Session1/Treadmill_Walk/Treadmill_Walk_Fast/Post_Process/Treadmill_Walk_Fast.csv,male,1,train
YX024,Session1,treadmill,walk,slow,Treadmill_Walk,Treadmill_Walk_Slow,C:/Users/KUBA/GitProjects/WKIRO-Project/data/YX024/Session1/Treadmill_Walk/Treadmill_Walk_Slow/Post_Process/Treadmill_Walk_Slow.csv,male,1,train
YX024,Session2,overground,run,comfortable,Overground_Run,Run_Comfortable,C:/Users/KUBA/GitProjects/WKIRO-Project/data/YX024/Session2/Overground_Run/Run_Comfortable/Post_Process/Run_Comfortable1.csv,male,1,train
YX024,Session2,overground,run,comfortable,Overground_Run,Run_Comfortable,C:/Users/KUBA/GitProjects/WKIRO-Project/data/YX024/Session2/Overground_Run/Run_Comfortable/Post_Process/Run_Comfortable10.csv,male,1,train
YX024,Session2,overground,run,comfortable,Overground_Run,Run_Comfortable,C:/Users/KUBA/GitProjects/WKIRO-Project/data/YX024/Session2/Overground_Run/Run_Comfortable/Post_Process/Run_Comfortable2.csv,male,1,train
YX024,Session2,overground,run,comfortable,Overground_Run,Run_Comfortable,C:/Users/KUBA/GitProjects/WKIRO-Project/data/YX024/Session2/Overground_Run/Run_Comfortable/Post_Process/Run_Comfortable3.csv,male,1,train
YX024,Session2,overground,run,comfortable,Overground_Run,Run_Comfortable,C:/Users/KUBA/GitProjects/WKIRO-Project/data/YX024/Session2/Overground_Run/Run_Comfortable/Post_Process/Run_Comfortable4.csv,male,1,train
YX024,Session2,overground,run,comfortable,Overground_Run,Run_Comfortable,C:/Users/KUBA/GitProjects/WKIRO-Project/data/YX024/Session2/Overground_Run/Run_Comfortable/Post_Process/Run_Comfortable5.csv,male,1,train
YX024,Session2,overground,run,comfortable,Overground_Run,Run_Comfortable,C:/Users/KUBA/GitProjects/WKIRO-Project/data/YX024/Session2/Overground_Run/Run_Comfortable/Post_Process/Run_Comfortable6.csv,male,1,val
YX024,Session2,overground,run,comfortable,Overground_Run,Run_Comfortable,C:/Users/KUBA/GitProjects/WKIRO-Project/data/YX024/Session2/Overground_Run/Run_Comfortable/Post_Process/Run_Comfortable7.csv,male,1,val
YX024,Session2,overground,run,comfortable,Overground_Run,Run_Comfortable,C:/Users/KUBA/GitProjects/WKIRO-Project/data/YX024/Session2/Overground_Run/Run_Comfortable/Post_Process/Run_Comfortable8.csv,male,1,train
YX024,Session2,overground,run,comfortable,Overground_Run,Run_Comfortable,C:/Users/KUBA/GitProjects/WKIRO-Project/data/YX024/Session2/Overground_Run/Run_Comfortable/Post_Process/Run_Comfortable9.csv,male,1,train
YX024,Session2,overground,run,fast,Overground_Run,Run_Fast,C:/Users/KUBA/GitProjects/WKIRO-Project/data/YX024/Session2/Overground_Run/Run_Fast/Post_Process/Run_Fast1.csv,male,1,val
YX024,Session2,overground,run,fast,Overground_Run,Run_Fast,C:/Users/KUBA/GitProjects/WKIRO-Project/data/YX024/Session2/Overground_Run/Run_Fast/Post_Process/Run_Fast2.csv,male,1,train
YX024,Session2,overground,run,fast,Overground_Run,Run_Fast,C:/Users/KUBA/GitProjects/WKIRO-Project/data/YX024/Session2/Overground_Run/Run_Fast/Post_Process/Run_Fast3.csv,male,1,train
YX024,Session2,overground,run,fast,Overground_Run,Run_Fast,C:/Users/KUBA/GitProjects/WKIRO-Project/data/YX024/Session2/Overground_Run/Run_Fast/Post_Process/Run_Fast4.csv,male,1,train
YX024,Session2,overground,run,fast,Overground_Run,Run_Fast,C:/Users/KUBA/GitProjects/WKIRO-Project/data/YX024/Session2/Overground_Run/Run_Fast/Post_Process/Run_Fast5.csv,male,1,test
YX024,Session2,overground,run,fast,Overground_Run,Run_Fast,C:/Users/KUBA/GitProjects/WKIRO-Project/data/YX024/Session2/Overground_Run/Run_Fast/Post_Process/Run_Fast6.csv,male,1,test
YX024,Session2,overground,run,fast,Overground_Run,Run_Fast,C:/Users/KUBA/GitProjects/WKIRO-Project/data/YX024/Session2/Overground_Run/Run_Fast/Post_Process/Run_Fast7.csv,male,1,train
YX024,Session2,overground,run,fast,Overground_Run,Run_Fast,C:/Users/KUBA/GitProjects/WKIRO-Project/data/YX024/Session2/Overground_Run/Run_Fast/Post_Process/Run_Fast8.csv,male,1,val
YX024,Session2,overground,run,fast,Overground_Run,Run_Fast,C:/Users/KUBA/GitProjects/WKIRO-Project/data/YX024/Session2/Overground_Run/Run_Fast/Post_Process/Run_Fast9.csv,male,1,train
YX024,Session2,overground,walk,comfortable,Overground_Walk,Walk_Comfortable,C:/Users/KUBA/GitProjects/WKIRO-Project/data/YX024/Session2/Overground_Walk/Walk_Comfortable/Post_Process/Walk_Comfortable1.csv,male,1,val
YX024,Session2,overground,walk,comfortable,Overground_Walk,Walk_Comfortable,C:/Users/KUBA/GitProjects/WKIRO-Project/data/YX024/Session2/Overground_Walk/Walk_Comfortable/Post_Process/Walk_Comfortable2.csv,male,1,train
YX024,Session2,overground,walk,comfortable,Overground_Walk,Walk_Comfortable,C:/Users/KUBA/GitProjects/WKIRO-Project/data/YX024/Session2/Overground_Walk/Walk_Comfortable/Post_Process/Walk_Comfortable3.csv,male,1,test
YX024,Session2,overground,walk,comfortable,Overground_Walk,Walk_Comfortable,C:/Users/KUBA/GitProjects/WKIRO-Project/data/YX024/Session2/Overground_Walk/Walk_Comfortable/Post_Process/Walk_Comfortable4.csv,male,1,train
YX024,Session2,overground,walk,comfortable,Overground_Walk,Walk_Comfortable,C:/Users/KUBA/GitProjects/WKIRO-Project/data/YX024/Session2/Overground_Walk/Walk_Comfortable/Post_Process/Walk_Comfortable5.csv,male,1,val
YX024,Session2,overground,walk,comfortable,Overground_Walk,Walk_Comfortable,C:/Users/KUBA/GitProjects/WKIRO-Project/data/YX024/Session2/Overground_Walk/Walk_Comfortable/Post_Process/Walk_Comfortable6.csv,male,1,train
YX024,Session2,overground,walk,comfortable,Overground_Walk,Walk_Comfortable,C:/Users/KUBA/GitProjects/WKIRO-Project/data/YX024/Session2/Overground_Walk/Walk_Comfortable/Post_Process/Walk_Comfortable7.csv,male,1,train
YX024,Session2,overground,walk,comfortable,Overground_Walk,Walk_Comfortable,C:/Users/KUBA/GitProjects/WKIRO-Project/data/YX024/Session2/Overground_Walk/Walk_Comfortable/Post_Process/Walk_Comfortable8.csv,male,1,train
YX024,Session2,overground,walk,fast,Overground_Walk,Walk_Fast,C:/Users/KUBA/GitProjects/WKIRO-Project/data/YX024/Session2/Overground_Walk/Walk_Fast/Post_Process/Walk_Fast1.csv,male,1,train
YX024,Session2,overground,walk,fast,Overground_Walk,Walk_Fast,C:/Users/KUBA/GitProjects/WKIRO-Project/data/YX024/Session2/Overground_Walk/Walk_Fast/Post_Process/Walk_Fast2.csv,male,1,train
YX024,Session2,overground,walk,fast,Overground_Walk,Walk_Fast,C:/Users/KUBA/GitProjects/WKIRO-Project/data/YX024/Session2/Overground_Walk/Walk_Fast/Post_Process/Walk_Fast3.csv,male,1,train
YX024,Session2,overground,walk,fast,Overground_Walk,Walk_Fast,C:/Users/KUBA/GitProjects/WKIRO-Project/data/YX024/Session2/Overground_Walk/Walk_Fast/Post_Process/Walk_Fast4.csv,male,1,train
YX024,Session2,overground,walk,fast,Overground_Walk,Walk_Fast,C:/Users/KUBA/GitProjects/WKIRO-Project/data/YX024/Session2/Overground_Walk/Walk_Fast/Post_Process/Walk_Fast5.csv,male,1,train
YX024,Session2,overground,walk,fast,Overground_Walk,Walk_Fast,C:/Users/KUBA/GitProjects/WKIRO-Project/data/YX024/Session2/Overground_Walk/Walk_Fast/Post_Process/Walk_Fast6.csv,male,1,test
YX024,Session2,overground,walk,fast,Overground_Walk,Walk_Fast,C:/Users/KUBA/GitProjects/WKIRO-Project/data/YX024/Session2/Overground_Walk/Walk_Fast/Post_Process/Walk_Fast7.csv,male,1,train
YX024,Session2,overground,walk,fast,Overground_Walk,Walk_Fast,C:/Users/KUBA/GitProjects/WKIRO-Project/data/YX024/Session2/Overground_Walk/Walk_Fast/Post_Process/Walk_Fast8.csv,male,1,test
YX024,Session2,overground,walk,slow,Overground_Walk,Walk_Slow,C:/Users/KUBA/GitProjects/WKIRO-Project/data/YX024/Session2/Overground_Walk/Walk_Slow/Post_Process/Walk_Slow1.csv,male,1,train
YX024,Session2,overground,walk,slow,Overground_Walk,Walk_Slow,C:/Users/KUBA/GitProjects/WKIRO-Project/data/YX024/Session2/Overground_Walk/Walk_Slow/Post_Process/Walk_Slow2.csv,male,1,test
YX024,Session2,overground,walk,slow,Overground_Walk,Walk_Slow,C:/Users/KUBA/GitProjects/WKIRO-Project/data/YX024/Session2/Overground_Walk/Walk_Slow/Post_Process/Walk_Slow3.csv,male,1,train
YX024,Session2,overground,walk,slow,Overground_Walk,Walk_Slow,C:/Users/KUBA/GitProjects/WKIRO-Project/data/YX024/Session2/Overground_Walk/Walk_Slow/Post_Process/Walk_Slow4.csv,male,1,train
YX024,Session2,overground,walk,slow,Overground_Walk,Walk_Slow,C:/Users/KUBA/GitProjects/WKIRO-Project/data/YX024/Session2/Overground_Walk/Walk_Slow/Post_Process/Walk_Slow5.csv,male,1,train
YX024,Session2,overground,walk,slow,Overground_Walk,Walk_Slow,C:/Users/KUBA/GitProjects/WKIRO-Project/data/YX024/Session2/Overground_Walk/Walk_Slow/Post_Process/Walk_Slow6.csv,male,1,train
YX024,Session2,overground,walk,slow,Overground_Walk,Walk_Slow,C:/Users/KUBA/GitProjects/WKIRO-Project/data/YX024/Session2/Overground_Walk/Walk_Slow/Post_Process/Walk_Slow7.csv,male,1,train
YX024,Session2,overground,walk,slow,Overground_Walk,Walk_Slow,C:/Users/KUBA/GitProjects/WKIRO-Project/data/YX024/Session2/Overground_Walk/Walk_Slow/Post_Process/Walk_Slow8.csv,male,1,train
YX024,Session2,treadmill,run,comfortable,Treadmill_Run,Treadmill_Run_Comfortable,C:/Users/KUBA/GitProjects/WKIRO-Project/data/YX024/Session2/Treadmill_Run/Treadmill_Run_Comfortable/Post_Process/Treadmill_Run_Comfortable.csv,male,1,val
YX024,Session2,treadmill,run,fast,Treadmill_Run,Treadmill_Run_Fast,C:/Users/KUBA/GitProjects/WKIRO-Project/data/YX024/Session2/Treadmill_Run/Treadmill_Run_Fast/Post_Process/Treadmill_Run_Fast.csv,male,1,train
YX024,Session2,treadmill,walk,comfortable,Treadmill_Walk,Treadmill_Walk_Comfortable,C:/Users/KUBA/GitProjects/WKIRO-Project/data/YX024/Session2/Treadmill_Walk/Treadmill_Walk_Comfortable/Post_Process/Treadmill_Walk_Comfortable.csv,male,1,train
YX024,Session2,treadmill,walk,fast,Treadmill_Walk,Treadmill_Walk_Fast,C:/Users/KUBA/GitProjects/WKIRO-Project/data/YX024/Session2/Treadmill_Walk/Treadmill_Walk_Fast/Post_Process/Treadmill_Walk_Fast.csv,male,1,val
YX024,Session2,treadmill,walk,slow,Treadmill_Walk,Treadmill_Walk_Slow,C:/Users/KUBA/GitProjects/WKIRO-Project/data/YX024/Session2/Treadmill_Walk/Treadmill_Walk_Slow/Post_Process/Treadmill_Walk_Slow.csv,male,1,train
