source_path,n_windows,participant_id,session,environment,activity,condition,y_true,y_true_name,y_pred,y_pred_name,confidence,proba_female,proba_male
C:/Users/KUBA/GitProjects/WKIRO-Project/data/AJ026/Session1/Overground_Run/Run_Comfortable/Post_Process/Run_Comfortable8.csv,2,AJ026,Session1,overground,run,comfortable,0,female,0,female,0.9999983906745911,0.9999983906745911,1.6626356682536425e-06
C:/Users/KUBA/GitProjects/WKIRO-Project/data/AJ026/Session1/Overground_Run/Run_Fast/Post_Process/Run_Fast2.csv,1,AJ026,Session1,overground,run,fast,0,female,0,female,0.9999974966049194,0.9999974966049194,2.46643344326003e-06
C:/Users/KUBA/GitProjects/WKIRO-Project/data/AJ026/Session1/Overground_Run/Run_Fast/Post_Process/Run_Fast3.csv,1,AJ026,Session1,overground,run,fast,0,female,0,female,0.9998162388801575,0.9998162388801575,0.00018375900981482118
C:/Users/KUBA/GitProjects/WKIRO-Project/data/AJ026/Session1/Overground_Run/Run_Fast/Post_Process/Run_Fast4.csv,1,AJ026,Session1,overground,run,fast,0,female,0,female,0.999992847442627,0.999992847442627,7.17245893611107e-06
C:/Users/KUBA/GitProjects/WKIRO-Project/data/AJ026/Session1/Overground_Run/Run_Fast/Post_Process/Run_Fast9.csv,1,AJ026,Session1,overground,run,fast,0,female,0,female,0.9998644590377808,0.9998644590377808,0.00013549441064242274
C:/Users/KUBA/GitProjects/WKIRO-Project/data/AJ026/Session1/Overground_Walk/Walk_Slow/Post_Process/Walk_Slow2.csv,9,AJ026,Session1,overground,walk,slow,0,female,0,female,0.9999985098838806,0.9999985098838806,1.4421187870539143e-06
C:/Users/KUBA/GitProjects/WKIRO-Project/data/AJ026/Session1/Overground_Walk/Walk_Slow/Post_Process/Walk_Slow3.csv,9,AJ026,Session1,overground,walk,slow,0,female,0,female,0.9998697638511658,0.9998697638511658,0.00013021400081925094
C:/Users/KUBA/GitProjects/WKIRO-Project/data/AJ026/Session2/Overground_Run/Run_Comfortable/Post_Process/Run_Comfortable1.csv,3,AJ026,Session2,overground,run,comfortable,0,female,0,female,0.9998486638069153,0.9998486638069153,0.00015126161451917142
C:/Users/KUBA/GitProjects/WKIRO-Project/data/AJ026/Session2/Overground_Run/Run_Comfortable/Post_Process/Run_Comfortable7.csv,3,AJ026,Session2,overground,run,comfortable,0,female,0,female,0.9998496174812317,0.9998496174812317,0.00015029212227091193
C:/Users/KUBA/GitProjects/WKIRO-Project/data/AJ026/Session2/Overground_Run/Run_Fast/Post_Process/Run_Fast9.csv,2,AJ026,Session2,overground,run,fast,0,female,0,female,0.9998455047607422,0.9998455047607422,0.00015445324243046343
C:/Users/KUBA/GitProjects/WKIRO-Project/data/AJ026/Session2/Overground_Walk/Walk_Comfortable/Post_Process/Walk_Comfortable1.csv,5,AJ026,Session2,overground,walk,comfortable,0,female,0,female,0.9998661875724792,0.9998661875724792,0.00013379592564888299
C:/Users/KUBA/GitProjects/WKIRO-Project/data/AJ026/Session2/Overground_Walk/Walk_Comfortable/Post_Process/Walk_Comfortable2.csv,4,AJ026,Session2,overground,walk,comfortable,0,female,0,female,0.9999988079071045,0.9999988079071045,1.2645341485040262e-06
C:/Users/KUBA/GitProjects/WKIRO-Project/data/AJ026/Session2/Overground_Walk/Walk_Slow/Post_Process/Walk_Slow1.csv,8,AJ026,Session2,overground,walk,slow,0,female,0,female,0.9998745322227478,0.9998745322227478,0.0001254141388926655
C:/Users/KUBA/GitProjects/WKIRO-Project/data/BD004/Session1/Overground_Run/Run_Comfortable/Post_Process/Run_Comfortable10.csv,2,BD004,Session1,overground,run,comfortable,0,female,0,female,0.9999910593032837,0.9999910593032837,8.973637704912107e-06
C:/Users/KUBA/GitProjects/WKIRO-Project/data/BD004/Session1/Overground_Run/Run_Fast/Post_Process/Run_Fast13.csv,1,BD004,Session1,overground,run,fast,0,female,0,female,0.9997350573539734,0.9997350573539734,0.0002649191883392632
C:/Users/KUBA/GitProjects/WKIRO-Project/data/BD004/Session1/Overground_Run/Run_Fast/Post_Process/Run_Fast4.csv,1,BD004,Session1,overground,run,fast,0,female,0,female,0.9999961853027344,0.9999961853027344,3.7781337596243247e-06
C:/Users/KUBA/GitProjects/WKIRO-Project/data/BD004/Session1/Overground_Walk/Walk_Slow/Post_Process/Walk_Slow1.csv,12,BD004,Session1,overground,walk,slow,0,female,0,female,0.999091625213623,0.999091625213623,0.0009083564509637654
C:/Users/KUBA/GitProjects/WKIRO-Project/data/BD004/Session1/Overground_Walk/Walk_Slow/Post_Process/Walk_Slow3.csv,11,BD004,Session1,overground,walk,slow,0,female,0,female,0.9994444251060486,0.9994444251060486,0.0005555588286370039
C:/Users/KUBA/GitProjects/WKIRO-Project/data/BD004/Session1/Overground_Walk/Walk_Slow/Post_Process/Walk_Slow4.csv,12,BD004,Session1,overground,walk,slow,0,female,0,female,0.9914055466651917,0.9914055466651917,0.008594375103712082
C:/Users/KUBA/GitProjects/WKIRO-Project/data/BD004/Session1/Overground_Walk/Walk_Slow/Post_Process/Walk_Slow8.csv,8,BD004,Session1,overground,walk,slow,0,female,0,female,0.9998947978019714,0.9998947978019714,0.00010519220813876018
C:/Users/KUBA/GitProjects/WKIRO-Project/data/BD004/Session2/Overground_Run/Run_Comfortable/Post_Process/Run_Comfortable12.csv,2,BD004,Session2,overground,run,comfortable,0,female,0,female,0.9999786615371704,0.9999786615371704,2.1369816749938764e-05
C:/Users/KUBA/GitProjects/WKIRO-Project/data/BD004/Session2/Overground_Run/Run_Comfortable/Post_Process/Run_Comfortable6.csv,1,BD004,Session2,overground,run,comfortable,0,female,0,female,0.9999921321868896,0.9999921321868896,7.825210559531115e-06
C:/Users/KUBA/GitProjects/WKIRO-Project/data/BD004/Session2/Overground_Run/Run_Fast/Post_Process/Run_Fast13.csv,2,BD004,Session2,overground,run,fast,0,female,0,female,0.999497652053833,0.999497652053833,0.000502333277836442
C:/Users/KUBA/GitProjects/WKIRO-Project/data/BD004/Session2/Overground_Run/Run_Fast/Post_Process/Run_Fast15.csv,2,BD004,Session2,overground,run,fast,0,female,0,female,0.9996119141578674,0.9996119141578674,0.00038811180274933577
C:/Users/KUBA/GitProjects/WKIRO-Project/data/BD004/Session2/Overground_Run/Run_Fast/Post_Process/Run_Fast3.csv,1,BD004,Session2,overground,run,fast,0,female,0,female,0.9996272325515747,0.9996272325515747,0.00037271069595590234
C:/Users/KUBA/GitProjects/WKIRO-Project/data/BD004/Session2/Overground_Run/Run_Fast/Post_Process/Run_Fast5.csv,2,BD004,Session2,overground,run,fast,0,female,0,female,0.9993190765380859,0.9993190765380859,0.0006809534970670938
C:/Users/KUBA/GitProjects/WKIRO-Project/data/BD004/Session2/Overground_Walk/Walk_Comfortable/Post_Process/Walk_Comfortable1.csv,4,BD004,Session2,overground,walk,comfortable,0,female,0,female,0.9992948770523071,0.9992948770523071,0.0007051473949104548
C:/Users/KUBA/GitProjects/WKIRO-Project/data/BD004/Session2/Overground_Walk/Walk_Fast/Post_Process/Walk_Fast2.csv,3,BD004,Session2,overground,walk,fast,0,female,0,female,0.9999911785125732,0.9999911785125732,8.846614036883693e-06
C:/Users/KUBA/GitProjects/WKIRO-Project/data/BD004/Session2/Treadmill_Walk/Treadmill_Walk_Slow/Post_Process/Treadmill_Walk_Slow.csv,119,BD004,Session2,treadmill,walk,slow,0,female,0,female,0.9999628067016602,0.9999628067016602,3.7280980905052274e-05
C:/Users/KUBA/GitProjects/WKIRO-Project/data/BL025/Session1/Overground_Run/Run_Comfortable/Post_Process/Run_Comfortable2.csv,2,BL025,Session1,overground,run,comfortable,1,male,1,male,0.999990701675415,9.309669621870853e-06,0.999990701675415
C:/Users/KUBA/GitProjects/WKIRO-Project/data/BL025/Session1/Overground_Run/Run_Comfortable/Post_Process/Run_Comfortable8.csv,2,BL025,Session1,overground,run,comfortable,1,male,1,male,0.9999895691871643,1.0482582183612976e-05,0.9999895691871643
C:/Users/KUBA/GitProjects/WKIRO-Project/data/BL025/Session1/Overground_Run/Run_Fast/Post_Process/Run_Fast1.csv,1,BL025,Session1,overground,run,fast,1,male,1,male,0.9992377758026123,0.0007622129051014781,0.9992377758026123
C:/Users/KUBA/GitProjects/WKIRO-Project/data/BL025/Session1/Overground_Walk/Walk_Comfortable/Post_Process/Walk_Comfortable6.csv,5,BL025,Session1,overground,walk,comfortable,1,male,1,male,0.9999656677246094,3.4317170502617955e-05,0.9999656677246094
C:/Users/KUBA/GitProjects/WKIRO-Project/data/BL025/Session1/Overground_Walk/Walk_Fast/Post_Process/Walk_Fast4.csv,4,BL025,Session1,overground,walk,fast,1,male,1,male,0.9999868869781494,1.3140810551703908e-05,0.9999868869781494
C:/Users/KUBA/GitProjects/WKIRO-Project/data/BL025/Session1/Overground_Walk/Walk_Fast/Post_Process/Walk_Fast7.csv,4,BL025,Session1,overground,walk,fast,1,male,1,male,0.9995865821838379,0.00041341077303513885,0.9995865821838379
C:/Users/KUBA/GitProjects/WKIRO-Project/data/BL025/Session1/Overground_Walk/Walk_Fast/Post_Process/Walk_Fast8.csv,4,BL025,Session1,overground,walk,fast,1,male,1,male,0.9999821186065674,1.7834734535426833e-05,0.9999821186065674
C:/Users/KUBA/GitProjects/WKIRO-Project/data/BL025/Session1/Overground_Walk/Walk_Slow/Post_Process/Walk_Slow1.csv,9,BL025,Session1,overground,walk,slow,1,male,1,male,0.9995867609977722,0.0004133080365136266,0.9995867609977722
C:/Users/KUBA/GitProjects/WKIRO-Project/data/BL025/Session1/Treadmill_Walk/Treadmill_Walk_Fast/Post_Process/Treadmill_Walk_Fast.csv,121,BL025,Session1,treadmill,walk,fast,1,male,1,male,0.9999837279319763,1.6297524780384265e-05,0.9999837279319763
C:/Users/KUBA/GitProjects/WKIRO-Project/data/BL025/Session2/Overground_Run/Run_Comfortable/Post_Process/Run_Comfortable2.csv,2,BL025,Session2,overground,run,comfortable,1,male,1,male,0.9999736547470093,2.639096783241257e-05,0.9999736547470093
C:/Users/KUBA/GitProjects/WKIRO-Project/data/BL025/Session2/Overground_Run/Run_Fast/Post_Process/Run_Fast3.csv,1,BL025,Session2,overground,run,fast,1,male,1,male,0.9969442486763,0.0030557531863451004,0.9969442486763
C:/Users/KUBA/GitProjects/WKIRO-Project/data/BL025/Session2/Overground_Walk/Walk_Fast/Post_Process/Walk_Fast6.csv,2,BL025,Session2,overground,walk,fast,1,male,1,male,0.9999839067459106,1.6081547073554248e-05,0.9999839067459106
C:/Users/KUBA/GitProjects/WKIRO-Project/data/BL025/Session2/Overground_Walk/Walk_Slow/Post_Process/Walk_Slow5.csv,9,BL025,Session2,overground,walk,slow,1,male,1,male,0.9994685649871826,0.0005313830333761871,0.9994685649871826
C:/Users/KUBA/GitProjects/WKIRO-Project/data/CF027/Session1/Overground_Run/Run_Comfortable/Post_Process/Run_Comfortable3.csv,2,CF027,Session1,overground,run,comfortable,1,male,1,male,0.999991774559021,8.21820958663011e-06,0.999991774559021
C:/Users/KUBA/GitProjects/WKIRO-Project/data/CF027/Session1/Overground_Run/Run_Fast/Post_Process/Run_Fast6.csv,1,CF027,Session1,overground,run,fast,1,male,1,male,0.9999775886535645,2.2407877622754313e-05,0.9999775886535645
C:/Users/KUBA/GitProjects/WKIRO-Project/data/CF027/Session1/Overground_Walk/Walk_Comfortable/Post_Process/Walk_Comfortable8.csv,6,CF027,Session1,overground,walk,comfortable,1,male,1,male,0.9997944235801697,0.00020558373944368213,0.9997944235801697
C:/Users/KUBA/GitProjects/WKIRO-Project/data/CF027/Session1/Overground_Walk/Walk_Fast/Post_Process/Walk_Fast6.csv,2,CF027,Session1,overground,walk,fast,1,male,1,male,0.999992847442627,7.1812214628153015e-06,0.999992847442627
C:/Users/KUBA/GitProjects/WKIRO-Project/data/CF027/Session1/Treadmill_Walk/Treadmill_Walk_Fast/Post_Process/Treadmill_Walk_Fast.csv,119,CF027,Session1,treadmill,walk,fast,1,male,1,male,0.9999940395355225,5.83480641580536e-06,0.9999940395355225
C:/Users/KUBA/GitProjects/WKIRO-Project/data/CF027/Session2/Overground_Run/Run_Comfortable/Post_Process/Run_Comfortable3.csv,2,CF027,Session2,overground,run,comfortable,1,male,1,male,0.9997934699058533,0.0002065771259367466,0.9997934699058533
C:/Users/KUBA/GitProjects/WKIRO-Project/data/CF027/Session2/Overground_Run/Run_Fast/Post_Process/Run_Fast3.csv,1,CF027,Session2,overground,run,fast,1,male,1,male,0.9997740387916565,0.00022600236115977168,0.9997740387916565
C:/Users/KUBA/GitProjects/WKIRO-Project/data/CF027/Session2/Overground_Run/Run_Fast/Post_Process/Run_Fast6.csv,1,CF027,Session2,overground,run,fast,1,male,1,male,0.9999805688858032,1.9471737687126733e-05,0.9999805688858032
C:/Users/KUBA/GitProjects/WKIRO-Project/data/CF027/Session2/Overground_Run/Run_Fast/Post_Process/Run_Fast7.csv,1,CF027,Session2,overground,run,fast,1,male,1,male,0.9996309280395508,0.0003690750745590776,0.9996309280395508
C:/Users/KUBA/GitProjects/WKIRO-Project/data/CF027/Session2/Overground_Walk/Walk_Comfortable/Post_Process/Walk_Comfortable4.csv,4,CF027,Session2,overground,walk,comfortable,1,male,1,male,0.9999926090240479,7.338821887969971e-06,0.9999926090240479
C:/Users/KUBA/GitProjects/WKIRO-Project/data/CF027/Session2/Overground_Walk/Walk_Fast/Post_Process/Walk_Fast8.csv,3,CF027,Session2,overground,walk,fast,1,male,1,male,0.9999905228614807,9.449722710996866e-06,0.9999905228614807
C:/Users/KUBA/GitProjects/WKIRO-Project/data/CF027/Session2/Overground_Walk/Walk_Slow/Post_Process/Walk_Slow5.csv,8,CF027,Session2,overground,walk,slow,1,male,1,male,0.9997973442077637,0.00020269487868063152,0.9997973442077637
C:/Users/KUBA/GitProjects/WKIRO-Project/data/CF027/Session2/Treadmill_Run/Treadmill_Run_Comfortable/Post_Process/Treadmill_Run_Comfortable.csv,119,CF027,Session2,treadmill,run,comfortable,1,male,1,male,0.9999936819076538,6.281237801886164e-06,0.9999936819076538
C:/Users/KUBA/GitProjects/WKIRO-Project/data/CL007/Session1/Overground_Run/Run_Fast/Post_Process/Run_Fast4.csv,2,CL007,Session1,overground,run,fast,0,female,0,female,0.9999983906745911,0.9999983906745911,1.5790153611305868e-06
C:/Users/KUBA/GitProjects/WKIRO-Project/data/CL007/Session1/Overground_Run/Run_Fast/Post_Process/Run_Fast6.csv,1,CL007,Session1,overground,run,fast,0,female,0,female,0.9999966621398926,0.9999966621398926,3.3248509225813905e-06
C:/Users/KUBA/GitProjects/WKIRO-Project/data/CL007/Session1/Overground_Run/Run_Fast/Post_Process/Run_Fast7.csv,1,CL007,Session1,overground,run,fast,0,female,0,female,0.9998598098754883,0.9998598098754883,0.00014019187074154615
C:/Users/KUBA/GitProjects/WKIRO-Project/data/CL007/Session1/Overground_Walk/Walk_Comfortable/Post_Process/Walk_Comfortable2.csv,3,CL007,Session1,overground,walk,comfortable,0,female,0,female,0.9999987483024597,0.9999987483024597,1.2640322211154853e-06
C:/Users/KUBA/GitProjects/WKIRO-Project/data/CL007/Session1/Overground_Walk/Walk_Fast/Post_Process/Walk_Fast6.csv,2,CL007,Session1,overground,walk,fast,0,female,0,female,0.9999988079071045,0.9999988079071045,1.1583556442928966e-06
C:/Users/KUBA/GitProjects/WKIRO-Project/data/CL007/Session1/Overground_Walk/Walk_Slow/Post_Process/Walk_Slow7.csv,6,CL007,Session1,overground,walk,slow,0,female,0,female,0.9998641610145569,0.9998641610145569,0.00013578907237388194
C:/Users/KUBA/GitProjects/WKIRO-Project/data/CL007/Session2/Overground_Run/Run_Comfortable/Post_Process/Run_Comfortable1.csv,2,CL007,Session2,overground,run,comfortable,0,female,0,female,0.999884843826294,0.999884843826294,0.0001151765463873744
C:/Users/KUBA/GitProjects/WKIRO-Project/data/CL007/Session2/Overground_Run/Run_Comfortable/Post_Process/Run_Comfortable4.csv,2,CL007,Session2,overground,run,comfortable,0,female,0,female,0.999997615814209,0.999997615814209,2.389028395555215e-06
C:/Users/KUBA/GitProjects/WKIRO-Project/data/CL007/Session2/Overground_Run/Run_Fast/Post_Process/Run_Fast11.csv,1,CL007,Session2,overground,run,fast,0,female,0,female,0.9998905658721924,0.9998905658721924,0.00010945575922960415
C:/Users/KUBA/GitProjects/WKIRO-Project/data/CL007/Session2/Overground_Walk/Walk_Fast/Post_Process/Walk_Fast2.csv,3,CL007,Session2,overground,walk,fast,0,female,0,female,0.9999975562095642,0.9999975562095642,2.4480887077515945e-06
C:/Users/KUBA/GitProjects/WKIRO-Project/data/CL007/Session2/Overground_Walk/Walk_Fast/Post_Process/Walk_Fast6.csv,2,CL007,Session2,overground,walk,fast,0,female,0,female,0.9999989867210388,0.9999989867210388,1.0433241186547093e-06
C:/Users/KUBA/GitProjects/WKIRO-Project/data/CL007/Session2/Overground_Walk/Walk_Fast/Post_Process/Walk_Fast7.csv,3,CL007,Session2,overground,walk,fast,0,female,0,female,0.9998753666877747,0.9998753666877747,0.00012455960677471012
C:/Users/KUBA/GitProjects/WKIRO-Project/data/CL007/Session2/Overground_Walk/Walk_Slow/Post_Process/Walk_Slow8.csv,5,CL007,Session2,overground,walk,slow,0,female,0,female,0.9999986886978149,0.9999986886978149,1.3332401067600586e-06
C:/Users/KUBA/GitProjects/WKIRO-Project/data/CL007/Session2/Treadmill_Run/Treadmill_Run_Fast/Post_Process/Treadmill_Run_Fast.csv,119,CL007,Session2,treadmill,run,fast,0,female,0,female,0.9999972581863403,0.9999972581863403,2.896286332543241e-06
C:/Users/KUBA/GitProjects/WKIRO-Project/data/CL007/Session2/Treadmill_Walk/Treadmill_Walk_Fast/Post_Process/Treadmill_Walk_Fast.csv,119,CL007,Session2,treadmill,walk,fast,0,female,0,female,0.9999988675117493,0.9999988675117493,1.2546646530608996e-06
C:/Users/KUBA/GitProjects/WKIRO-Project/data/DA013/Session1/Overground_Run/Run_Comfortable/Post_Process/Run_Comfortable1.csv,2,DA013,Session1,overground,run,comfortable,1,male,1,male,0.9999940991401672,5.881292963749729e-06,0.9999940991401672
C:/Users/KUBA/GitProjects/WKIRO-Project/data/DA013/Session1/Overground_Run/Run_Comfortable/Post_Process/Run_Comfortable5.csv,2,DA013,Session1,overground,run,comfortable,1,male,1,male,0.9999926686286926,7.313400601560716e-06,0.9999926686286926
C:/Users/KUBA/GitProjects/WKIRO-Project/data/DA013/Session1/Overground_Run/Run_Fast/Post_Process/Run_Fast7.csv,1,DA013,Session1,overground,run,fast,1,male,1,male,0.9990667700767517,0.0009332173503935337,0.9990667700767517
C:/Users/KUBA/GitProjects/WKIRO-Project/data/DA013/Session1/Overground_Run/Run_Fast/Post_Process/Run_Fast9.csv,1,DA013,Session1,overground,run,fast,1,male,1,male,0.9993942975997925,0.0006057318532839417,0.9993942975997925
C:/Users/KUBA/GitProjects/WKIRO-Project/data/DA013/Session1/Overground_Walk/Walk_Fast/Post_Process/Walk_Fast1.csv,3,DA013,Session1,overground,walk,fast,1,male,1,male,0.9996482729911804,0.00035170887713320553,0.9996482729911804
C:/Users/KUBA/GitProjects/WKIRO-Project/data/DA013/Session1/Overground_Walk/Walk_Fast/Post_Process/Walk_Fast3.csv,3,DA013,Session1,overground,walk,fast,1,male,1,male,0.9997466206550598,0.0002533429360482842,0.9997466206550598
C:/Users/KUBA/GitProjects/WKIRO-Project/data/DA013/Session2/Overground_Run/Run_Comfortable/Post_Process/Run_Comfortable10.csv,1,DA013,Session2,overground,run,comfortable,1,male,1,male,0.999985933303833,1.412337223882787e-05,0.999985933303833
C:/Users/KUBA/GitProjects/WKIRO-Project/data/DA013/Session2/Overground_Run/Run_Comfortable/Post_Process/Run_Comfortable8.csv,2,DA013,Session2,overground,run,comfortable,1,male,1,male,0.9999887943267822,1.1207912393729202e-05,0.9999887943267822
C:/Users/KUBA/GitProjects/WKIRO-Project/data/DA013/Session2/Overground_Run/Run_Fast/Post_Process/Run_Fast3.csv,1,DA013,Session2,overground,run,fast,1,male,1,male,0.9997338652610779,0.00026606733445078135,0.9997338652610779
C:/Users/KUBA/GitProjects/WKIRO-Project/data/DA013/Session2/Overground_Walk/Walk_Fast/Post_Process/Walk_Fast4.csv,3,DA013,Session2,overground,walk,fast,1,male,1,male,0.9999939799308777,6.0246616158110555e-06,0.9999939799308777
C:/Users/KUBA/GitProjects/WKIRO-Project/data/DA013/Session2/Overground_Walk/Walk_Slow/Post_Process/Walk_Slow4.csv,7,DA013,Session2,overground,walk,slow,1,male,1,male,0.99998939037323,1.0628506061038934e-05,0.99998939037323
C:/Users/KUBA/GitProjects/WKIRO-Project/data/DA013/Session2/Overground_Walk/Walk_Slow/Post_Process/Walk_Slow7.csv,7,DA013,Session2,overground,walk,slow,1,male,1,male,0.9997022747993469,0.000297711172606796,0.9997022747993469
C:/Users/KUBA/GitProjects/WKIRO-Project/data/DA013/Session2/Overground_Walk/Walk_Slow/Post_Process/Walk_Slow8.csv,8,DA013,Session2,overground,walk,slow,1,male,1,male,0.9999908208847046,9.155259249382652e-06,0.9999908208847046
C:/Users/KUBA/GitProjects/WKIRO-Project/data/DC005/Session1/Overground_Run/Run_Comfortable/Post_Process/Run_Comfortable9.csv,2,DC005,Session1,overground,run,comfortable,1,male,1,male,0.9996542930603027,0.0003456810081843287,0.9996542930603027
C:/Users/KUBA/GitProjects/WKIRO-Project/data/DC005/Session1/Overground_Run/Run_Fast/Post_Process/Run_Fast11.csv,1,DC005,Session1,overground,run,fast,1,male,1,male,0.9990344047546387,0.0009656156180426478,0.9990344047546387
C:/Users/KUBA/GitProjects/WKIRO-Project/data/DC005/Session1/Overground_Run/Run_Fast/Post_Process/Run_Fast15.csv,1,DC005,Session1,overground,run,fast,1,male,1,male,0.9991933703422546,0.0008065822767093778,0.9991933703422546
C:/Users/KUBA/GitProjects/WKIRO-Project/data/DC005/Session1/Overground_Walk/Walk_Fast/Post_Process/Walk_Fast5.csv,2,DC005,Session1,overground,walk,fast,1,male,1,male,0.9997671842575073,0.00023281577159650624,0.9997671842575073
C:/Users/KUBA/GitProjects/WKIRO-Project/data/DC005/Session1/Overground_Walk/Walk_Fast/Post_Process/Walk_Fast7.csv,2,DC005,Session1,overground,walk,fast,1,male,1,male,0.9997385740280151,0.0002614353725221008,0.9997385740280151
C:/Users/KUBA/GitProjects/WKIRO-Project/data/DC005/Session1/Overground_Walk/Walk_Fast/Post_Process/Walk_Fast9.csv,3,DC005,Session1,overground,walk,fast,1,male,1,male,0.9997415542602539,0.00025843107141554356,0.9997415542602539
C:/Users/KUBA/GitProjects/WKIRO-Project/data/DC005/Session1/Treadmill_Walk/Treadmill_Walk_Slow/Post_Process/Treadmill_Walk_Slow.csv,119,DC005,Session1,treadmill,walk,slow,1,male,1,male,0.9999915957450867,8.439660632575396e-06,0.9999915957450867
C:/Users/KUBA/GitProjects/WKIRO-Project/data/DC005/Session2/Overground_Run/Run_Comfortable/Post_Process/Run_Comfortable1.csv,2,DC005,Session2,overground,run,comfortable,1,male,1,male,0.9997351169586182,0.0002648953814059496,0.9997351169586182
C:/Users/KUBA/GitProjects/WKIRO-Project/data/DC005/Session2/Overground_Run/Run_Comfortable/Post_Process/Run_Comfortable13.csv,2,DC005,Session2,overground,run,comfortable,1,male,1,male,0.9993951916694641,0.0006047619972378016,0.9993951916694641
C:/Users/KUBA/GitProjects/WKIRO-Project/data/DC005/Session2/Overground_Run/Run_Comfortable/Post_Process/Run_Comfortable4.csv,1,DC005,Session2,overground,run,comfortable,1,male,1,male,0.9999877214431763,1.2252075066498946e-05,0.9999877214431763
C:/Users/KUBA/GitProjects/WKIRO-Project/data/DC005/Session2/Overground_Run/Run_Fast/Post_Process/Run_Fast12.csv,1,DC005,Session2,overground,run,fast,1,male,1,male,0.999981164932251,1.8813812857843004e-05,0.999981164932251
C:/Users/KUBA/GitProjects/WKIRO-Project/data/DC005/Session2/Overground_Run/Run_Fast/Post_Process/Run_Fast3.csv,2,DC005,Session2,overground,run,fast,1,male,1,male,0.9996259212493896,0.000374057941371575,0.9996259212493896
C:/Users/KUBA/GitProjects/WKIRO-Project/data/DC005/Session2/Overground_Walk/Walk_Comfortable/Post_Process/Walk_Comfortable8.csv,7,DC005,Session2,overground,walk,comfortable,1,male,1,male,0.9999894499778748,1.0558724170550704e-05,0.9999894499778748
C:/Users/KUBA/GitProjects/WKIRO-Project/data/DC005/Session2/Overground_Walk/Walk_Fast/Post_Process/Walk_Fast2.csv,5,DC005,Session2,overground,walk,fast,1,male,1,male,0.9999895095825195,1.0433183888380881e-05,0.9999895095825195
C:/Users/KUBA/GitProjects/WKIRO-Project/data/DC005/Session2/Overground_Walk/Walk_Fast/Post_Process/Walk_Fast4.csv,6,DC005,Session2,overground,walk,fast,1,male,1,male,0.9999900460243225,9.92764671536861e-06,0.9999900460243225
C:/Users/KUBA/GitProjects/WKIRO-Project/data/DC005/Session2/Overground_Walk/Walk_Slow/Post_Process/Walk_Slow4.csv,5,DC005,Session2,overground,walk,slow,1,male,1,male,0.9999915957450867,8.357639671885408e-06,0.9999915957450867
C:/Users/KUBA/GitProjects/WKIRO-Project/data/DC005/Session2/Treadmill_Run/Treadmill_Run_Fast/Post_Process/Treadmill_Run_Fast.csv,119,DC005,Session2,treadmill,run,fast,1,male,1,male,0.999987006187439,1.3004872016608715e-05,0.999987006187439
C:/Users/KUBA/GitProjects/WKIRO-Project/data/GF022/Session1/Overground_Run/Run_Comfortable/Post_Process/Run_Comfortable1.csv,3,GF022,Session1,overground,run,comfortable,0,female,0,female,0.9996321797370911,0.9996321797370911,0.00036778650246560574
C:/Users/KUBA/GitProjects/WKIRO-Project/data/GF022/Session1/Overground_Run/Run_Comfortable/Post_Process/Run_Comfortable3.csv,2,GF022,Session1,overground,run,comfortable,0,female,0,female,0.9996964931488037,0.9996964931488037,0.0003034296678379178
C:/Users/KUBA/GitProjects/WKIRO-Project/data/GF022/Session1/Overground_Run/Run_Comfortable/Post_Process/Run_Comfortable4.csv,2,GF022,Session1,overground,run,comfortable,0,female,0,female,0.999556839466095,0.999556839466095,0.00044318707659840584
C:/Users/KUBA/GitProjects/WKIRO-Project/data/GF022/Session1/Overground_Run/Run_Comfortable/Post_Process/Run_Comfortable6.csv,2,GF022,Session1,overground,run,comfortable,0,female,0,female,0.9999864101409912,0.9999864101409912,1.3596330973086879e-05
C:/Users/KUBA/GitProjects/WKIRO-Project/data/GF022/Session1/Overground_Run/Run_Fast/Post_Process/Run_Fast2.csv,1,GF022,Session1,overground,run,fast,0,female,0,female,0.9999676942825317,0.9999676942825317,3.227271372452378e-05
C:/Users/KUBA/GitProjects/WKIRO-Project/data/GF022/Session1/Overground_Walk/Walk_Comfortable/Post_Process/Walk_Comfortable3.csv,7,GF022,Session1,overground,walk,comfortable,0,female,0,female,0.9997199773788452,0.9997199773788452,0.000280069129075855
C:/Users/KUBA/GitProjects/WKIRO-Project/data/GF022/Session1/Overground_Walk/Walk_Slow/Post_Process/Walk_Slow1.csv,6,GF022,Session1,overground,walk,slow,0,female,0,female,0.9997581839561462,0.9997581839561462,0.00024188747920561582
C:/Users/KUBA/GitProjects/WKIRO-Project/data/GF022/Session2/Overground_Run/Run_Fast/Post_Process/Run_Fast2.csv,1,GF022,Session2,overground,run,fast,0,female,0,female,0.9999817609786987,0.9999817609786987,1.8279817595612258e-05
C:/Users/KUBA/GitProjects/WKIRO-Project/data/GF022/Session2/Overground_Run/Run_Fast/Post_Process/Run_Fast3.csv,1,GF022,Session2,overground,run,fast,0,female,0,female,0.9997403025627136,0.9997403025627136,0.0002597237180452794
C:/Users/KUBA/GitProjects/WKIRO-Project/data/GF022/Session2/Overground_Run/Run_Fast/Post_Process/Run_Fast4.csv,1,GF022,Session2,overground,run,fast,0,female,0,female,0.9999853372573853,0.9999853372573853,1.4656480743724387e-05
C:/Users/KUBA/GitProjects/WKIRO-Project/data/GF022/Session2/Overground_Walk/Walk_Comfortable/Post_Process/Walk_Comfortable4.csv,5,GF022,Session2,overground,walk,comfortable,0,female,0,female,0.9999963641166687,0.9999963641166687,3.67607708540163e-06
C:/Users/KUBA/GitProjects/WKIRO-Project/data/GF022/Session2/Overground_Walk/Walk_Comfortable/Post_Process/Walk_Comfortable6.csv,5,GF022,Session2,overground,walk,comfortable,0,female,0,female,0.9999960064888,0.9999960064888,3.961994480050635e-06
C:/Users/KUBA/GitProjects/WKIRO-Project/data/GF022/Session2/Overground_Walk/Walk_Fast/Post_Process/Walk_Fast2.csv,4,GF022,Session2,overground,walk,fast,0,female,0,female,0.9999972581863403,0.9999972581863403,2.706231271076831e-06
C:/Users/KUBA/GitProjects/WKIRO-Project/data/GF022/Session2/Overground_Walk/Walk_Slow/Post_Process/Walk_Slow1.csv,10,GF022,Session2,overground,walk,slow,0,female,0,female,0.9998215436935425,0.9998215436935425,0.00017842040688265115
C:/Users/KUBA/GitProjects/WKIRO-Project/data/GM001/Session1/Overground_Run/Run_Comfortable/Post_Process/Run_Comfortable7.csv,2,GM001,Session1,overground,run,comfortable,1,male,1,male,0.9997867345809937,0.0002132743684342131,0.9997867345809937
C:/Users/KUBA/GitProjects/WKIRO-Project/data/GM001/Session1/Overground_Walk/Walk_Comfortable/Post_Process/Walk_Comfortable7.csv,4,GM001,Session1,overground,walk,comfortable,1,male,1,male,0.9997665882110596,0.0002333711163373664,0.9997665882110596
C:/Users/KUBA/GitProjects/WKIRO-Project/data/GM001/Session1/Overground_Walk/Walk_Comfortable/Post_Process/Walk_Comfortable8.csv,4,GM001,Session1,overground,walk,comfortable,1,male,1,male,0.9999762773513794,2.3693648472544737e-05,0.9999762773513794
C:/Users/KUBA/GitProjects/WKIRO-Project/data/GM001/Session1/Overground_Walk/Walk_Comfortable/Post_Process/Walk_Comfortable9.csv,4,GM001,Session1,overground,walk,comfortable,1,male,1,male,0.9997830390930176,0.00021699017088394612,0.9997830390930176
C:/Users/KUBA/GitProjects/WKIRO-Project/data/GM001/Session1/Overground_Walk/Walk_Fast/Post_Process/Walk_Fast2.csv,1,GM001,Session1,overground,walk,fast,1,male,1,male,0.9999959468841553,4.034012818010524e-06,0.9999959468841553
C:/Users/KUBA/GitProjects/WKIRO-Project/data/GM001/Session1/Overground_Walk/Walk_Slow/Post_Process/Walk_Slow3.csv,8,GM001,Session1,overground,walk,slow,1,male,1,male,0.999739944934845,0.0002600382431410253,0.999739944934845
C:/Users/KUBA/GitProjects/WKIRO-Project/data/GM001/Session2/Overground_Run/Run_Comfortable/Post_Process/Run_Comfortable6.csv,3,GM001,Session2,overground,run,comfortable,1,male,1,male,0.9999879002571106,1.203707779495744e-05,0.9999879002571106
C:/Users/KUBA/GitProjects/WKIRO-Project/data/GM001/Session2/Overground_Run/Run_Fast/Post_Process/Run_Fast12.csv,1,GM001,Session2,overground,run,fast,1,male,1,male,0.9999858140945435,1.4139595805318095e-05,0.9999858140945435
C:/Users/KUBA/GitProjects/WKIRO-Project/data/GM001/Session2/Overground_Run/Run_Fast/Post_Process/Run_Fast4.csv,1,GM001,Session2,overground,run,fast,1,male,1,male,0.999982476234436,1.7532060155645013e-05,0.999982476234436
C:/Users/KUBA/GitProjects/WKIRO-Project/data/GM001/Session2/Overground_Walk/Walk_Fast/Post_Process/Walk_Fast12.csv,1,GM001,Session2,overground,walk,fast,1,male,1,male,0.9999966621398926,3.3646465453784913e-06,0.9999966621398926
C:/Users/KUBA/GitProjects/WKIRO-Project/data/GM001/Session2/Overground_Walk/Walk_Fast/Post_Process/Walk_Fast2.csv,2,GM001,Session2,overground,walk,fast,1,male,1,male,0.9999905228614807,9.484456313657574e-06,0.9999905228614807
C:/Users/KUBA/GitProjects/WKIRO-Project/data/GM001/Session2/Overground_Walk/Walk_Fast/Post_Process/Walk_Fast3.csv,2,GM001,Session2,overground,walk,fast,1,male,1,male,0.9997587203979492,0.00024125727941282094,0.9997587203979492
C:/Users/KUBA/GitProjects/WKIRO-Project/data/GM001/Session2/Overground_Walk/Walk_Slow/Post_Process/Walk_Slow1.csv,11,GM001,Session2,overground,walk,slow,1,male,1,male,0.9997396469116211,0.0002603755856398493,0.9997396469116211
C:/Users/KUBA/GitProjects/WKIRO-Project/data/GM001/Session2/Treadmill_Walk/Treadmill_Walk_Slow/Post_Process/Treadmill_Walk_Slow.csv,119,GM001,Session2,treadmill,walk,slow,1,male,1,male,0.9999921917915344,7.724987881374545e-06,0.9999921917915344
C:/Users/KUBA/GitProjects/WKIRO-Project/data/GQ016/Session1/Overground_Run/Run_Comfortable/Post_Process/Run_Comfortable1.csv,3,GQ016,Session1,overground,run,comfortable,1,male,1,male,0.9997088313102722,0.0002911897317972034,0.9997088313102722
C:/Users/KUBA/GitProjects/WKIRO-Project/data/GQ016/Session1/Overground_Run/Run_Comfortable/Post_Process/Run_Comfortable3.csv,3,GQ016,Session1,overground,run,comfortable,1,male,1,male,0.9996970295906067,0.00030295163742266595,0.9996970295906067
C:/Users/KUBA/GitProjects/WKIRO-Project/data/GQ016/Session1/Overground_Run/Run_Comfortable/Post_Process/Run_Comfortable8.csv,1,GQ016,Session1,overground,run,comfortable,1,male,1,male,0.9999920129776001,7.962262316141278e-06,0.9999920129776001
C:/Users/KUBA/GitProjects/WKIRO-Project/data/GQ016/Session1/Overground_Run/Run_Fast/Post_Process/Run_Fast10.csv,2,GQ016,Session1,overground,run,fast,1,male,1,male,0.9999872446060181,1.2789409083779901e-05,0.9999872446060181
C:/Users/KUBA/GitProjects/WKIRO-Project/data/GQ016/Session1/Overground_Run/Run_Fast/Post_Process/Run_Fast2.csv,1,GQ016,Session1,overground,run,fast,1,male,1,male,0.9999947547912598,5.302062618284253e-06,0.9999947547912598
C:/Users/KUBA/GitProjects/WKIRO-Project/data/GQ016/Session1/Overground_Run/Run_Fast/Post_Process/Run_Fast4.csv,1,GQ016,Session1,overground,run,fast,1,male,1,male,0.9999821186065674,1.7833772290032357e-05,0.9999821186065674
C:/Users/KUBA/GitProjects/WKIRO-Project/data/GQ016/Session1/Overground_Run/Run_Fast/Post_Process/Run_Fast9.csv,1,GQ016,Session1,overground,run,fast,1,male,1,male,0.9994787573814392,0.0005212451214902103,0.9994787573814392
C:/Users/KUBA/GitProjects/WKIRO-Project/data/GQ016/Session1/Overground_Walk/Walk_Comfortable/Post_Process/Walk_Comfortable8.csv,4,GQ016,Session1,overground,walk,comfortable,1,male,1,male,0.9999934434890747,6.5888066274055745e-06,0.9999934434890747
C:/Users/KUBA/GitProjects/WKIRO-Project/data/GQ016/Session1/Overground_Walk/Walk_Slow/Post_Process/Walk_Slow7.csv,8,GQ016,Session1,overground,walk,slow,1,male,1,male,0.9997172355651855,0.0002827807911671698,0.9997172355651855
C:/Users/KUBA/GitProjects/WKIRO-Project/data/GQ016/Session2/Overground_Run/Run_Comfortable/Post_Process/Run_Comfortable1.csv,2,GQ016,Session2,overground,run,comfortable,1,male,1,male,0.9997013807296753,0.00029864616226404905,0.9997013807296753
C:/Users/KUBA/GitProjects/WKIRO-Project/data/GQ016/Session2/Overground_Run/Run_Comfortable/Post_Process/Run_Comfortable5.csv,2,GQ016,Session2,overground,run,comfortable,1,male,1,male,0.9997386336326599,0.000261327950283885,0.9997386336326599
C:/Users/KUBA/GitProjects/WKIRO-Project/data/GQ016/Session2/Overground_Walk/Walk_Comfortable/Post_Process/Walk_Comfortable3.csv,4,GQ016,Session2,overground,walk,comfortable,1,male,1,male,0.9996997714042664,0.00030020339181646705,0.9996997714042664
C:/Users/KUBA/GitProjects/WKIRO-Project/data/GQ016/Session2/Overground_Walk/Walk_Comfortable/Post_Process/Walk_Comfortable8.csv,4,GQ016,Session2,overground,walk,comfortable,1,male,1,male,0.999987006187439,1.295379115617834e-05,0.999987006187439
C:/Users/KUBA/GitProjects/WKIRO-Project/data/GQ016/Session2/Overground_Walk/Walk_Fast/Post_Process/Walk_Fast3.csv,3,GQ016,Session2,overground,walk,fast,1,male,1,male,0.99953293800354,0.0004670409543905407,0.99953293800354
C:/Users/KUBA/GitProjects/WKIRO-Project/data/GQ016/Session2/Overground_Walk/Walk_Slow/Post_Process/Walk_Slow8.csv,4,GQ016,Session2,overground,walk,slow,1,male,1,male,0.9999836683273315,1.6333013263647445e-05,0.9999836683273315
C:/Users/KUBA/GitProjects/WKIRO-Project/data/HN021/Session1/Overground_Run/Run_Comfortable/Post_Process/Run_Comfortable3.csv,5,HN021,Session1,overground,run,comfortable,0,female,0,female,0.9998666644096375,0.9998666644096375,0.0001333136751782149
C:/Users/KUBA/GitProjects/WKIRO-Project/data/HN021/Session1/Overground_Run/Run_Comfortable/Post_Process/Run_Comfortable7.csv,4,HN021,Session1,overground,run,comfortable,0,female,0,female,0.9998586177825928,0.9998586177825928,0.00014131733041722327
C:/Users/KUBA/GitProjects/WKIRO-Project/data/HN021/Session1/Overground_Run/Run_Fast/Post_Process/Run_Fast10.csv,1,HN021,Session1,overground,run,fast,0,female,0,female,0.9999974966049194,0.9999974966049194,2.5210108560713707e-06
C:/Users/KUBA/GitProjects/WKIRO-Project/data/HN021/Session1/Overground_Run/Run_Fast/Post_Process/Run_Fast9.csv,1,HN021,Session1,overground,run,fast,0,female,0,female,0.9997593760490417,0.9997593760490417,0.00024062980082817376
C:/Users/KUBA/GitProjects/WKIRO-Project/data/HN021/Session1/Overground_Walk/Walk_Fast/Post_Process/Walk_Fast1.csv,3,HN021,Session1,overground,walk,fast,0,female,0,female,0.9998671412467957,0.9998671412467957,0.00013288967602420598
C:/Users/KUBA/GitProjects/WKIRO-Project/data/HN021/Session1/Overground_Walk/Walk_Fast/Post_Process/Walk_Fast4.csv,4,HN021,Session1,overground,walk,fast,0,female,0,female,0.9999988079071045,0.9999988079071045,1.259174268852803e-06
C:/Users/KUBA/GitProjects/WKIRO-Project/data/HN021/Session1/Overground_Walk/Walk_Fast/Post_Process/Walk_Fast6.csv,4,HN021,Session1,overground,walk,fast,0,female,0,female,0.9999988675117493,0.9999988675117493,1.0935362979580532e-06
C:/Users/KUBA/GitProjects/WKIRO-Project/data/HN021/Session2/Overground_Run/Run_Comfortable/Post_Process/Run_Comfortable6.csv,3,HN021,Session2,overground,run,comfortable,0,female,0,female,0.9999980926513672,0.9999980926513672,1.943391225722735e-06
C:/Users/KUBA/GitProjects/WKIRO-Project/data/HN021/Session2/Overground_Run/Run_Comfortable/Post_Process/Run_Comfortable8.csv,2,HN021,Session2,overground,run,comfortable,0,female,0,female,0.9999988079071045,0.9999988079071045,1.167201048701827e-06
C:/Users/KUBA/GitProjects/WKIRO-Project/data/HN021/Session2/Overground_Run/Run_Fast/Post_Process/Run_Fast5.csv,1,HN021,Session2,overground,run,fast,0,female,0,female,0.9999974966049194,0.9999974966049194,2.5164565613522427e-06
C:/Users/KUBA/GitProjects/WKIRO-Project/data/HN021/Session2/Overground_Run/Run_Fast/Post_Process/Run_Fast6.csv,1,HN021,Session2,overground,run,fast,0,female,0,female,0.9998377561569214,0.9998377561569214,0.00016219406097661704
C:/Users/KUBA/GitProjects/WKIRO-Project/data/HN021/Session2/Overground_Walk/Walk_Comfortable/Post_Process/Walk_Comfortable1.csv,5,HN021,Session2,overground,walk,comfortable,0,female,0,female,0.9998763799667358,0.9998763799667358,0.0001235686067957431
C:/Users/KUBA/GitProjects/WKIRO-Project/data/HN021/Session2/Overground_Walk/Walk_Slow/Post_Process/Walk_Slow2.csv,6,HN021,Session2,overground,walk,slow,0,female,0,female,0.9999989867210388,0.9999989867210388,9.928631925504305e-07
C:/Users/KUBA/GitProjects/WKIRO-Project/data/HN021/Session2/Overground_Walk/Walk_Slow/Post_Process/Walk_Slow4.csv,6,HN021,Session2,overground,walk,slow,0,female,0,female,0.9999990463256836,0.9999990463256836,9.430405043531209e-07
C:/Users/KUBA/GitProjects/WKIRO-Project/data/HS018/Session1/Overground_Run/Run_Comfortable/Post_Process/Run_Comfortable1.csv,2,HS018,Session1,overground,run,comfortable,0,female,0,female,0.9991579055786133,0.9991579055786133,0.0008420470403507352
C:/Users/KUBA/GitProjects/WKIRO-Project/data/HS018/Session1/Overground_Run/Run_Comfortable/Post_Process/Run_Comfortable2.csv,2,HS018,Session1,overground,run,comfortable,0,female,0,female,0.999993622303009,0.999993622303009,6.352891432470642e-06
C:/Users/KUBA/GitProjects/WKIRO-Project/data/HS018/Session1/Overground_Run/Run_Comfortable/Post_Process/Run_Comfortable6.csv,2,HS018,Session1,overground,run,comfortable,0,female,0,female,0.9999954700469971,0.9999954700469971,4.5536339712271e-06
C:/Users/KUBA/GitProjects/WKIRO-Project/data/HS018/Session1/Overground_Run/Run_Fast/Post_Process/Run_Fast4.csv,1,HS018,Session1,overground,run,fast,0,female,0,female,0.9999949932098389,0.9999949932098389,4.986284238839289e-06
C:/Users/KUBA/GitProjects/WKIRO-Project/data/HS018/Session1/Overground_Run/Run_Fast/Post_Process/Run_Fast7.csv,1,HS018,Session1,overground,run,fast,0,female,0,female,0.9999905824661255,0.9999905824661255,9.467913514527027e-06
C:/Users/KUBA/GitProjects/WKIRO-Project/data/HS018/Session1/Overground_Walk/Walk_Fast/Post_Process/Walk_Fast3.csv,2,HS018,Session1,overground,walk,fast,0,female,0,female,0.9999985694885254,0.9999985694885254,1.4029153589945054e-06
C:/Users/KUBA/GitProjects/WKIRO-Project/data/HS018/Session1/Overground_Walk/Walk_Fast/Post_Process/Walk_Fast4.csv,3,HS018,Session1,overground,walk,fast,0,female,0,female,0.9993970394134521,0.9993970394134521,0.0006029927171766758
C:/Users/KUBA/GitProjects/WKIRO-Project/data/HS018/Session1/Overground_Walk/Walk_Slow/Post_Process/Walk_Slow1.csv,4,HS018,Session1,overground,walk,slow,0,female,0,female,0.9995556473731995,0.9995556473731995,0.0004443841753527522
C:/Users/KUBA/GitProjects/WKIRO-Project/data/HS018/Session1/Treadmill_Walk/Treadmill_Walk_Comfortable/Post_Process/Treadmill_Walk_Comfortable.csv,119,HS018,Session1,treadmill,walk,comfortable,0,female,0,female,0.9999986290931702,0.9999986290931702,1.4741611948920763e-06
C:/Users/KUBA/GitProjects/WKIRO-Project/data/HS018/Session2/Overground_Run/Run_Comfortable/Post_Process/Run_Comfortable2.csv,2,HS018,Session2,overground,run,comfortable,0,female,0,female,0.9996000528335571,0.9996000528335571,0.0003999670734629035
C:/Users/KUBA/GitProjects/WKIRO-Project/data/HS018/Session2/Overground_Run/Run_Comfortable/Post_Process/Run_Comfortable4.csv,2,HS018,Session2,overground,run,comfortable,0,female,0,female,0.9996824264526367,0.9996824264526367,0.00031763198785483837
C:/Users/KUBA/GitProjects/WKIRO-Project/data/HS018/Session2/Overground_Walk/Walk_Fast/Post_Process/Walk_Fast3.csv,2,HS018,Session2,overground,walk,fast,0,female,0,female,0.9999973773956299,0.9999973773956299,2.608889417388127e-06
C:/Users/KUBA/GitProjects/WKIRO-Project/data/HS018/Session2/Treadmill_Run/Treadmill_Run_Fast/Post_Process/Treadmill_Run_Fast.csv,119,HS018,Session2,treadmill,run,fast,0,female,0,female,0.9999881386756897,0.9999881386756897,1.1888506378454622e-05
C:/Users/KUBA/GitProjects/WKIRO-Project/data/HS018/Session2/Treadmill_Walk/Treadmill_Walk_Slow/Post_Process/Treadmill_Walk_Slow.csv,119,HS018,Session2,treadmill,walk,slow,0,female,0,female,0.9999977350234985,0.9999977350234985,2.3740572032693308e-06
C:/Users/KUBA/GitProjects/WKIRO-Project/data/JS009/Session1/Overground_Run/Run_Comfortable/Post_Process/Run_Comfortable3.csv,2,JS009,Session1,overground,run,comfortable,0,female,0,female,0.9991610646247864,0.9991610646247864,0.0008389514405280352
C:/Users/KUBA/GitProjects/WKIRO-Project/data/JS009/Session1/Overground_Run/Run_Comfortable/Post_Process/Run_Comfortable9.csv,1,JS009,Session1,overground,run,comfortable,0,female,0,female,0.9987415671348572,0.9987415671348572,0.0012584009673446417
C:/Users/KUBA/GitProjects/WKIRO-Project/data/JS009/Session1/Overground_Run/Run_Fast/Post_Process/Run_Fast1.csv,1,JS009,Session1,overground,run,fast,0,female,0,female,0.9971229434013367,0.9971229434013367,0.0028770705685019493
C:/Users/KUBA/GitProjects/WKIRO-Project/data/JS009/Session1/Overground_Run/Run_Fast/Post_Process/Run_Fast13.csv,1,JS009,Session1,overground,run,fast,0,female,0,female,0.9978287816047668,0.9978287816047668,0.002171197207644582
C:/Users/KUBA/GitProjects/WKIRO-Project/data/JS009/Session1/Overground_Run/Run_Fast/Post_Process/Run_Fast7.csv,1,JS009,Session1,overground,run,fast,0,female,0,female,0.9978715181350708,0.9978715181350708,0.00212847045622766
C:/Users/KUBA/GitProjects/WKIRO-Project/data/JS009/Session1/Overground_Run/Run_Fast/Post_Process/Run_Fast9.csv,1,JS009,Session1,overground,run,fast,0,female,0,female,0.9937217831611633,0.9937217831611633,0.006278202403336763
C:/Users/KUBA/GitProjects/WKIRO-Project/data/JS009/Session1/Overground_Walk/Walk_Comfortable/Post_Process/Walk_Comfortable4.csv,4,JS009,Session1,overground,walk,comfortable,0,female,0,female,0.9999755620956421,0.9999755620956421,2.448254235787317e-05
C:/Users/KUBA/GitProjects/WKIRO-Project/data/JS009/Session1/Overground_Walk/Walk_Comfortable/Post_Process/Walk_Comfortable6.csv,3,JS009,Session1,overground,walk,comfortable,0,female,0,female,0.9999768137931824,0.9999768137931824,2.3237649656948633e-05
C:/Users/KUBA/GitProjects/WKIRO-Project/data/JS009/Session1/Overground_Walk/Walk_Fast/Post_Process/Walk_Fast2.csv,2,JS009,Session1,overground,walk,fast,0,female,0,female,0.9999834299087524,0.9999834299087524,1.655806408962235e-05
C:/Users/KUBA/GitProjects/WKIRO-Project/data/JS009/Session1/Overground_Walk/Walk_Fast/Post_Process/Walk_Fast6.csv,2,JS009,Session1,overground,walk,fast,0,female,0,female,0.9999833106994629,0.9999833106994629,1.6690004486008547e-05
C:/Users/KUBA/GitProjects/WKIRO-Project/data/JS009/Session1/Overground_Walk/Walk_Fast/Post_Process/Walk_Fast7.csv,3,JS009,Session1,overground,walk,fast,0,female,0,female,0.9990348815917969,0.9990348815917969,0.0009650848223827779
C:/Users/KUBA/GitProjects/WKIRO-Project/data/JS009/Session2/Overground_Run/Run_Comfortable/Post_Process/Run_Comfortable9.csv,2,JS009,Session2,overground,run,comfortable,0,female,0,female,0.999156653881073,0.999156653881073,0.0008433953626081347
C:/Users/KUBA/GitProjects/WKIRO-Project/data/JS009/Session2/Overground_Run/Run_Fast/Post_Process/Run_Fast11.csv,2,JS009,Session2,overground,run,fast,0,female,0,female,0.9976148009300232,0.9976148009300232,0.002385166008025408
C:/Users/KUBA/GitProjects/WKIRO-Project/data/JS009/Session2/Overground_Run/Run_Fast/Post_Process/Run_Fast3.csv,1,JS009,Session2,overground,run,fast,0,female,0,female,0.9990575909614563,0.9990575909614563,0.0009424018207937479
C:/Users/KUBA/GitProjects/WKIRO-Project/data/JS009/Session2/Overground_Run/Run_Fast/Post_Process/Run_Fast5.csv,1,JS009,Session2,overground,run,fast,0,female,0,female,0.9904285669326782,0.9904285669326782,0.009571420960128307
C:/Users/KUBA/GitProjects/WKIRO-Project/data/JS009/Session2/Overground_Run/Run_Fast/Post_Process/Run_Fast6.csv,1,JS009,Session2,overground,run,fast,0,female,0,female,0.9999322891235352,0.9999322891235352,6.773200584575534e-05
C:/Users/KUBA/GitProjects/WKIRO-Project/data/JS009/Session2/Overground_Run/Run_Fast/Post_Process/Run_Fast9.csv,1,JS009,Session2,overground,run,fast,0,female,0,female,0.9940276145935059,0.9940276145935059,0.005972427316009998
C:/Users/KUBA/GitProjects/WKIRO-Project/data/JS009/Session2/Overground_Walk/Walk_Fast/Post_Process/Walk_Fast3.csv,3,JS009,Session2,overground,walk,fast,0,female,0,female,0.9992170333862305,0.9992170333862305,0.0007829341921024024
C:/Users/KUBA/GitProjects/WKIRO-Project/data/JS009/Session2/Overground_Walk/Walk_Fast/Post_Process/Walk_Fast8.csv,2,JS009,Session2,overground,walk,fast,0,female,0,female,0.9999841451644897,0.9999841451644897,1.5870697097852826e-05
C:/Users/KUBA/GitProjects/WKIRO-Project/data/LA014/Session1/Overground_Run/Run_Comfortable/Post_Process/Run_Comfortable8.csv,1,LA014,Session1,overground,run,comfortable,0,female,0,female,0.9999985694885254,0.9999985694885254,1.4013634199727676e-06
C:/Users/KUBA/GitProjects/WKIRO-Project/data/LA014/Session1/Overground_Run/Run_Fast/Post_Process/Run_Fast5.csv,1,LA014,Session1,overground,run,fast,0,female,0,female,0.9995377063751221,0.9995377063751221,0.000462301162770018
C:/Users/KUBA/GitProjects/WKIRO-Project/data/LA014/Session1/Overground_Run/Run_Fast/Post_Process/Run_Fast6.csv,1,LA014,Session1,overground,run,fast,0,female,0,female,0.9999957084655762,0.9999957084655762,4.334029199526412e-06
C:/Users/KUBA/GitProjects/WKIRO-Project/data/LA014/Session1/Overground_Walk/Walk_Fast/Post_Process/Walk_Fast6.csv,3,LA014,Session1,overground,walk,fast,0,female,0,female,0.9999979138374329,0.9999979138374329,2.073478981401422e-06
C:/Users/KUBA/GitProjects/WKIRO-Project/data/LA014/Session1/Overground_Walk/Walk_Slow/Post_Process/Walk_Slow2.csv,5,LA014,Session1,overground,walk,slow,0,female,0,female,0.9999972581863403,0.9999972581863403,2.742774540820392e-06
C:/Users/KUBA/GitProjects/WKIRO-Project/data/LA014/Session1/Treadmill_Run/Treadmill_Run_Comfortable/Post_Process/Treadmill_Run_Comfortable.csv,119,LA014,Session1,treadmill,run,comfortable,0,female,0,female,0.999995768070221,0.999995768070221,4.32313709097798e-06
C:/Users/KUBA/GitProjects/WKIRO-Project/data/LA014/Session1/Treadmill_Walk/Treadmill_Walk_Fast/Post_Process/Treadmill_Walk_Fast.csv,119,LA014,Session1,treadmill,walk,fast,0,female,0,female,0.9999982118606567,0.9999982118606567,1.944711812029709e-06
C:/Users/KUBA/GitProjects/WKIRO-Project/data/LA014/Session2/Overground_Run/Run_Comfortable/Post_Process/Run_Comfortable4.csv,2,LA014,Session2,overground,run,comfortable,0,female,0,female,0.9999922513961792,0.9999922513961792,7.721203473920468e-06
C:/Users/KUBA/GitProjects/WKIRO-Project/data/LA014/Session2/Overground_Run/Run_Comfortable/Post_Process/Run_Comfortable8.csv,2,LA014,Session2,overground,run,comfortable,0,female,0,female,0.9999934434890747,0.9999934434890747,6.564728209923487e-06
C:/Users/KUBA/GitProjects/WKIRO-Project/data/LA014/Session2/Overground_Run/Run_Fast/Post_Process/Run_Fast1.csv,1,LA014,Session2,overground,run,fast,0,female,0,female,0.9925625920295715,0.9925625920295715,0.007437360938638449
C:/Users/KUBA/GitProjects/WKIRO-Project/data/LA014/Session2/Overground_Run/Run_Fast/Post_Process/Run_Fast3.csv,1,LA014,Session2,overground,run,fast,0,female,0,female,0.8211120367050171,0.8211120367050171,0.17888791859149933
C:/Users/KUBA/GitProjects/WKIRO-Project/data/LA014/Session2/Overground_Run/Run_Fast/Post_Process/Run_Fast7.csv,1,LA014,Session2,overground,run,fast,0,female,0,female,0.9896082282066345,0.9896082282066345,0.010391786694526672
C:/Users/KUBA/GitProjects/WKIRO-Project/data/LA014/Session2/Overground_Walk/Walk_Comfortable/Post_Process/Walk_Comfortable8.csv,2,LA014,Session2,overground,walk,comfortable,0,female,0,female,0.9999992251396179,0.9999992251396179,7.677220992263756e-07
C:/Users/KUBA/GitProjects/WKIRO-Project/data/LA014/Session2/Overground_Walk/Walk_Fast/Post_Process/Walk_Fast6.csv,2,LA014,Session2,overground,walk,fast,0,female,0,female,0.9999973177909851,0.9999973177909851,2.674255028978223e-06
C:/Users/KUBA/GitProjects/WKIRO-Project/data/LA014/Session2/Overground_Walk/Walk_Slow/Post_Process/Walk_Slow1.csv,4,LA014,Session2,overground,walk,slow,0,female,0,female,0.9995149970054626,0.9995149970054626,0.00048498398973606527
C:/Users/KUBA/GitProjects/WKIRO-Project/data/LD002/Session1/Overground_Run/Run_Comfortable/Post_Process/Run_Comfortable1.csv,2,LD002,Session1,overground,run,comfortable,1,male,1,male,0.9996118545532227,0.00038813872379250824,0.9996118545532227
C:/Users/KUBA/GitProjects/WKIRO-Project/data/LD002/Session1/Overground_Run/Run_Fast/Post_Process/Run_Fast11.csv,1,LD002,Session1,overground,run,fast,1,male,1,male,0.9986306428909302,0.0013694448862224817,0.9986306428909302
C:/Users/KUBA/GitProjects/WKIRO-Project/data/LD002/Session1/Overground_Run/Run_Fast/Post_Process/Run_Fast12.csv,1,LD002,Session1,overground,run,fast,1,male,1,male,0.9999809265136719,1.9131728549837135e-05,0.9999809265136719
C:/Users/KUBA/GitProjects/WKIRO-Project/data/LD002/Session1/Overground_Run/Run_Fast/Post_Process/Run_Fast4.csv,1,LD002,Session1,overground,run,fast,1,male,1,male,0.99997878074646,2.1179232135182247e-05,0.99997878074646
C:/Users/KUBA/GitProjects/WKIRO-Project/data/LD002/Session1/Overground_Run/Run_Fast/Post_Process/Run_Fast9.csv,1,LD002,Session1,overground,run,fast,1,male,1,male,0.9991794228553772,0.0008205079939216375,0.9991794228553772
C:/Users/KUBA/GitProjects/WKIRO-Project/data/LD002/Session1/Overground_Walk/Walk_Comfortable/Post_Process/Walk_Comfortable10.csv,2,LD002,Session1,overground,walk,comfortable,1,male,1,male,0.9999938607215881,6.110769845690811e-06,0.9999938607215881
C:/Users/KUBA/GitProjects/WKIRO-Project/data/LD002/Session1/Overground_Walk/Walk_Comfortable/Post_Process/Walk_Comfortable12.csv,3,LD002,Session1,overground,walk,comfortable,1,male,1,male,0.9999947547912598,5.300476914271712e-06,0.9999947547912598
C:/Users/KUBA/GitProjects/WKIRO-Project/data/LD002/Session1/Overground_Walk/Walk_Fast/Post_Process/Walk_Fast6.csv,2,LD002,Session1,overground,walk,fast,1,male,1,male,0.9999966025352478,3.3746725875971606e-06,0.9999966025352478
C:/Users/KUBA/GitProjects/WKIRO-Project/data/LD002/Session2/Overground_Run/Run_Comfortable/Post_Process/Run_Comfortable14.csv,1,LD002,Session2,overground,run,comfortable,1,male,1,male,0.9999877214431763,1.227217580890283e-05,0.9999877214431763
C:/Users/KUBA/GitProjects/WKIRO-Project/data/LD002/Session2/Overground_Run/Run_Comfortable/Post_Process/Run_Comfortable8.csv,2,LD002,Session2,overground,run,comfortable,1,male,1,male,0.9999892711639404,1.0694846423575655e-05,0.9999892711639404
C:/Users/KUBA/GitProjects/WKIRO-Project/data/LD002/Session2/Overground_Walk/Walk_Comfortable/Post_Process/Walk_Comfortable6.csv,3,LD002,Session2,overground,walk,comfortable,1,male,1,male,0.9999938011169434,6.188482529978501e-06,0.9999938011169434
C:/Users/KUBA/GitProjects/WKIRO-Project/data/LD002/Session2/Overground_Walk/Walk_Fast/Post_Process/Walk_Fast1.csv,2,LD002,Session2,overground,walk,fast,1,male,1,male,0.9997762441635132,0.00022373811225406826,0.9997762441635132
C:/Users/KUBA/GitProjects/WKIRO-Project/data/LD002/Session2/Overground_Walk/Walk_Fast/Post_Process/Walk_Fast6.csv,2,LD002,Session2,overground,walk,fast,1,male,1,male,0.9999934434890747,6.577388376172166e-06,0.9999934434890747
C:/Users/KUBA/GitProjects/WKIRO-Project/data/LD002/Session2/Treadmill_Run/Treadmill_Run_Fast/Post_Process/Treadmill_Run_Fast.csv,119,LD002,Session2,treadmill,run,fast,1,male,1,male,0.9999902844429016,9.70434757618932e-06,0.9999902844429016
C:/Users/KUBA/GitProjects/WKIRO-Project/data/LD002/Session2/Treadmill_Walk/Treadmill_Walk_Comfortable/Post_Process/Treadmill_Walk_Comfortable.csv,124,LD002,Session2,treadmill,walk,comfortable,1,male,1,male,0.9999938607215881,6.182230208651163e-06,0.9999938607215881
C:/Users/KUBA/GitProjects/WKIRO-Project/data/LD002/Session2/Treadmill_Walk/Treadmill_Walk_Fast/Post_Process/Treadmill_Walk_Fast.csv,124,LD002,Session2,treadmill,walk,fast,1,male,1,male,0.999993622303009,6.372472853399813e-06,0.999993622303009
C:/Users/KUBA/GitProjects/WKIRO-Project/data/LF003/Session1/Overground_Run/Run_Comfortable/Post_Process/Run_Comfortable10.csv,2,LF003,Session1,overground,run,comfortable,1,male,1,male,0.9999882578849792,1.1727608580258675e-05,0.9999882578849792
C:/Users/KUBA/GitProjects/WKIRO-Project/data/LF003/Session1/Overground_Run/Run_Comfortable/Post_Process/Run_Comfortable8.csv,2,LF003,Session1,overground,run,comfortable,1,male,1,male,0.9999867677688599,1.3220502296462655e-05,0.9999867677688599
C:/Users/KUBA/GitProjects/WKIRO-Project/data/LF003/Session1/Overground_Run/Run_Fast/Post_Process/Run_Fast3.csv,1,LF003,Session1,overground,run,fast,1,male,1,male,0.9992052912712097,0.0007946750847622752,0.9992052912712097
C:/Users/KUBA/GitProjects/WKIRO-Project/data/LF003/Session1/Overground_Run/Run_Fast/Post_Process/Run_Fast8.csv,1,LF003,Session1,overground,run,fast,1,male,1,male,0.9999300241470337,6.993455463089049e-05,0.9999300241470337
C:/Users/KUBA/GitProjects/WKIRO-Project/data/LF003/Session1/Overground_Walk/Walk_Fast/Post_Process/Walk_Fast3.csv,2,LF003,Session1,overground,walk,fast,1,male,1,male,0.9996899366378784,0.00031012037652544677,0.9996899366378784
C:/Users/KUBA/GitProjects/WKIRO-Project/data/LF003/Session1/Overground_Walk/Walk_Fast/Post_Process/Walk_Fast4.csv,3,LF003,Session1,overground,walk,fast,1,male,1,male,0.9999933242797852,6.692847364320187e-06,0.9999933242797852
C:/Users/KUBA/GitProjects/WKIRO-Project/data/LF003/Session1/Overground_Walk/Walk_Fast/Post_Process/Walk_Fast9.csv,3,LF003,Session1,overground,walk,fast,1,male,1,male,0.9996352195739746,0.00036482466384768486,0.9996352195739746
C:/Users/KUBA/GitProjects/WKIRO-Project/data/LF003/Session1/Overground_Walk/Walk_Slow/Post_Process/Walk_Slow5.csv,4,LF003,Session1,overground,walk,slow,1,male,1,male,0.9996062517166138,0.00039371251477859914,0.9996062517166138
C:/Users/KUBA/GitProjects/WKIRO-Project/data/LF003/Session1/Treadmill_Walk/Treadmill_Walk_Comfortable/Post_Process/Treadmill_Walk_Comfortable.csv,123,LF003,Session1,treadmill,walk,comfortable,1,male,1,male,0.9999950528144836,4.873823399975663e-06,0.9999950528144836
C:/Users/KUBA/GitProjects/WKIRO-Project/data/LF003/Session1/Treadmill_Walk/Treadmill_Walk_Fast/Post_Process/Treadmill_Walk_Fast.csv,123,LF003,Session1,treadmill,walk,fast,1,male,1,male,0.9999932050704956,6.799812126700999e-06,0.9999932050704956
C:/Users/KUBA/GitProjects/WKIRO-Project/data/LF003/Session2/Overground_Run/Run_Comfortable/Post_Process/Run_Comfortable6.csv,1,LF003,Session2,overground,run,comfortable,1,male,1,male,0.9999902248382568,9.780694199434947e-06,0.9999902248382568
C:/Users/KUBA/GitProjects/WKIRO-Project/data/LF003/Session2/Overground_Run/Run_Fast/Post_Process/Run_Fast11.csv,1,LF003,Session2,overground,run,fast,1,male,1,male,0.9972834587097168,0.002716479590162635,0.9972834587097168
C:/Users/KUBA/GitProjects/WKIRO-Project/data/LF003/Session2/Overground_Run/Run_Fast/Post_Process/Run_Fast7.csv,1,LF003,Session2,overground,run,fast,1,male,1,male,0.9991017580032349,0.0008982923463918269,0.9991017580032349
C:/Users/KUBA/GitProjects/WKIRO-Project/data/LF003/Session2/Overground_Walk/Walk_Fast/Post_Process/Walk_Fast10.csv,1,LF003,Session2,overground,walk,fast,1,male,1,male,0.9999954700469971,4.579248525260482e-06,0.9999954700469971
C:/Users/KUBA/GitProjects/WKIRO-Project/data/LF003/Session2/Overground_Walk/Walk_Slow/Post_Process/Walk_Slow2.csv,4,LF003,Session2,overground,walk,slow,1,male,1,male,0.9999910593032837,8.935548976296559e-06,0.9999910593032837
C:/Users/KUBA/GitProjects/WKIRO-Project/data/LF003/Session2/Treadmill_Run/Treadmill_Run_Comfortable/Post_Process/Treadmill_Run_Comfortable.csv,119,LF003,Session2,treadmill,run,comfortable,1,male,1,male,0.9999929666519165,6.964780368434731e-06,0.9999929666519165
C:/Users/KUBA/GitProjects/WKIRO-Project/data/LL011/Session1/Overground_Run/Run_Comfortable/Post_Process/Run_Comfortable2.csv,1,LL011,Session1,overground,run,comfortable,1,male,1,male,0.9999954700469971,4.530463229457382e-06,0.9999954700469971
C:/Users/KUBA/GitProjects/WKIRO-Project/data/LL011/Session1/Overground_Run/Run_Comfortable/Post_Process/Run_Comfortable9.csv,1,LL011,Session1,overground,run,comfortable,1,male,1,male,0.999731719493866,0.00026825230452232063,0.999731719493866
C:/Users/KUBA/GitProjects/WKIRO-Project/data/LL011/Session1/Overground_Run/Run_Fast/Post_Process/Run_Fast4.csv,1,LL011,Session1,overground,run,fast,1,male,1,male,0.999718964099884,0.0002810467849485576,0.999718964099884
C:/Users/KUBA/GitProjects/WKIRO-Project/data/LL011/Session1/Overground_Walk/Walk_Comfortable/Post_Process/Walk_Comfortable14.csv,4,LL011,Session1,overground,walk,comfortable,1,male,1,male,0.9999950528144836,4.914865712635219e-06,0.9999950528144836
C:/Users/KUBA/GitProjects/WKIRO-Project/data/LL011/Session1/Overground_Walk/Walk_Comfortable/Post_Process/Walk_Comfortable15.csv,4,LL011,Session1,overground,walk,comfortable,1,male,1,male,0.999761164188385,0.0002387782296864316,0.999761164188385
C:/Users/KUBA/GitProjects/WKIRO-Project/data/LL011/Session1/Overground_Walk/Walk_Comfortable/Post_Process/Walk_Comfortable3.csv,3,LL011,Session1,overground,walk,comfortable,1,male,1,male,0.999769389629364,0.00023066415451467037,0.999769389629364
C:/Users/KUBA/GitProjects/WKIRO-Project/data/LL011/Session1/Overground_Walk/Walk_Comfortable/Post_Process/Walk_Comfortable9.csv,4,LL011,Session1,overground,walk,comfortable,1,male,1,male,0.9997594356536865,0.0002405495470156893,0.9997594356536865
C:/Users/KUBA/GitProjects/WKIRO-Project/data/LL011/Session1/Overground_Walk/Walk_Slow/Post_Process/Walk_Slow7.csv,5,LL011,Session1,overground,walk,slow,1,male,1,male,0.9997473955154419,0.0002526152820792049,0.9997473955154419
C:/Users/KUBA/GitProjects/WKIRO-Project/data/LL011/Session2/Overground_Run/Run_Comfortable/Post_Process/Run_Comfortable3.csv,1,LL011,Session2,overground,run,comfortable,1,male,1,male,0.9996935129165649,0.000306465954054147,0.9996935129165649
C:/Users/KUBA/GitProjects/WKIRO-Project/data/LL011/Session2/Overground_Walk/Walk_Comfortable/Post_Process/Walk_Comfortable5.csv,4,LL011,Session2,overground,walk,comfortable,1,male,1,male,0.9997713565826416,0.00022864408674649894,0.9997713565826416
C:/Users/KUBA/GitProjects/WKIRO-Project/data/LL011/Session2/Overground_Walk/Walk_Comfortable/Post_Process/Walk_Comfortable7.csv,4,LL011,Session2,overground,walk,comfortable,1,male,1,male,0.9997785091400146,0.0002215185231762007,0.9997785091400146
C:/Users/KUBA/GitProjects/WKIRO-Project/data/LL011/Session2/Overground_Walk/Walk_Comfortable/Post_Process/Walk_Comfortable8.csv,4,LL011,Session2,overground,walk,comfortable,1,male,1,male,0.9999942183494568,5.8046334743266925e-06,0.9999942183494568
C:/Users/KUBA/GitProjects/WKIRO-Project/data/LL011/Session2/Overground_Walk/Walk_Fast/Post_Process/Walk_Fast5.csv,3,LL011,Session2,overground,walk,fast,1,male,1,male,0.9997663497924805,0.0002336097531951964,0.9997663497924805
C:/Users/KUBA/GitProjects/WKIRO-Project/data/LM012/Session1/Overground_Run/Run_Comfortable/Post_Process/Run_Comfortable1.csv,2,LM012,Session1,overground,run,comfortable,1,male,1,male,0.9970661401748657,0.0029338093008846045,0.9970661401748657
C:/Users/KUBA/GitProjects/WKIRO-Project/data/LM012/Session1/Overground_Walk/Walk_Comfortable/Post_Process/Walk_Comfortable4.csv,5,LM012,Session1,overground,walk,comfortable,1,male,1,male,0.9999889135360718,1.110663652070798e-05,0.9999889135360718
C:/Users/KUBA/GitProjects/WKIRO-Project/data/LM012/Session1/Overground_Walk/Walk_Fast/Post_Process/Walk_Fast1.csv,4,LM012,Session1,overground,walk,fast,1,male,1,male,0.999991774559021,8.226818863477092e-06,0.999991774559021
C:/Users/KUBA/GitProjects/WKIRO-Project/data/LM012/Session1/Overground_Walk/Walk_Fast/Post_Process/Walk_Fast2.csv,3,LM012,Session1,overground,walk,fast,1,male,1,male,0.9992154240608215,0.000784589909017086,0.9992154240608215
C:/Users/KUBA/GitProjects/WKIRO-Project/data/LM012/Session1/Overground_Walk/Walk_Fast/Post_Process/Walk_Fast7.csv,3,LM012,Session1,overground,walk,fast,1,male,1,male,0.9991045594215393,0.0008954211953096092,0.9991045594215393
C:/Users/KUBA/GitProjects/WKIRO-Project/data/LM012/Session1/Treadmill_Run/Treadmill_Run_Comfortable/Post_Process/Treadmill_Run_Comfortable.csv,119,LM012,Session1,treadmill,run,comfortable,1,male,1,male,0.9999897480010986,1.0331147677788977e-05,0.9999897480010986
C:/Users/KUBA/GitProjects/WKIRO-Project/data/LM012/Session1/Treadmill_Walk/Treadmill_Walk_Comfortable/Post_Process/Treadmill_Walk_Comfortable.csv,119,LM012,Session1,treadmill,walk,comfortable,1,male,1,male,0.9999905228614807,9.473387763136998e-06,0.9999905228614807
C:/Users/KUBA/GitProjects/WKIRO-Project/data/LM012/Session2/Overground_Run/Run_Comfortable/Post_Process/Run_Comfortable10.csv,1,LM012,Session2,overground,run,comfortable,1,male,1,male,0.9928939938545227,0.007105979602783918,0.9928939938545227
C:/Users/KUBA/GitProjects/WKIRO-Project/data/LM012/Session2/Overground_Run/Run_Comfortable/Post_Process/Run_Comfortable7.csv,1,LM012,Session2,overground,run,comfortable,1,male,1,male,0.9902014136314392,0.00979857798665762,0.9902014136314392
C:/Users/KUBA/GitProjects/WKIRO-Project/data/LM012/Session2/Overground_Run/Run_Comfortable/Post_Process/Run_Comfortable9.csv,2,LM012,Session2,overground,run,comfortable,1,male,1,male,0.9998413324356079,0.00015872901713009924,0.9998413324356079
C:/Users/KUBA/GitProjects/WKIRO-Project/data/LM012/Session2/Overground_Walk/Walk_Comfortable/Post_Process/Walk_Comfortable7.csv,3,LM012,Session2,overground,walk,comfortable,1,male,1,male,0.9991750121116638,0.0008250251412391663,0.9991750121116638
C:/Users/KUBA/GitProjects/WKIRO-Project/data/LM012/Session2/Overground_Walk/Walk_Fast/Post_Process/Walk_Fast2.csv,3,LM012,Session2,overground,walk,fast,1,male,1,male,0.9999611973762512,3.873381865560077e-05,0.9999611973762512
C:/Users/KUBA/GitProjects/WKIRO-Project/data/LM012/Session2/Overground_Walk/Walk_Slow/Post_Process/Walk_Slow8.csv,8,LM012,Session2,overground,walk,slow,1,male,1,male,0.9999775290489197,2.2484924556920305e-05,0.9999775290489197
C:/Users/KUBA/GitProjects/WKIRO-Project/data/MR015/Session1/Overground_Run/Run_Fast/Post_Process/Run_Fast4.csv,1,MR015,Session1,overground,run,fast,1,male,1,male,0.999991774559021,8.219108167395461e-06,0.999991774559021
C:/Users/KUBA/GitProjects/WKIRO-Project/data/MR015/Session1/Overground_Run/Run_Fast/Post_Process/Run_Fast5.csv,1,MR015,Session1,overground,run,fast,1,male,1,male,0.9994524121284485,0.0005476129008457065,0.9994524121284485
C:/Users/KUBA/GitProjects/WKIRO-Project/data/MR015/Session1/Overground_Walk/Walk_Slow/Post_Process/Walk_Slow4.csv,7,MR015,Session1,overground,walk,slow,1,male,1,male,0.9999937415122986,6.259538622543914e-06,0.9999937415122986
C:/Users/KUBA/GitProjects/WKIRO-Project/data/MR015/Session2/Overground_Run/Run_Comfortable/Post_Process/Run_Comfortable1.csv,2,MR015,Session2,overground,run,comfortable,1,male,1,male,0.9996984004974365,0.0003016469709109515,0.9996984004974365
C:/Users/KUBA/GitProjects/WKIRO-Project/data/MR015/Session2/Overground_Run/Run_Comfortable/Post_Process/Run_Comfortable10.csv,2,MR015,Session2,overground,run,comfortable,1,male,1,male,0.9999942779541016,5.691159458365291e-06,0.9999942779541016
C:/Users/KUBA/GitProjects/WKIRO-Project/data/MR015/Session2/Overground_Run/Run_Comfortable/Post_Process/Run_Comfortable4.csv,2,MR015,Session2,overground,run,comfortable,1,male,1,male,0.9999929666519165,7.043998721201206e-06,0.9999929666519165
C:/Users/KUBA/GitProjects/WKIRO-Project/data/MR015/Session2/Overground_Run/Run_Comfortable/Post_Process/Run_Comfortable5.csv,2,MR015,Session2,overground,run,comfortable,1,male,1,male,0.9997158050537109,0.0002842527464963496,0.9997158050537109
C:/Users/KUBA/GitProjects/WKIRO-Project/data/MR015/Session2/Overground_Run/Run_Fast/Post_Process/Run_Fast3.csv,1,MR015,Session2,overground,run,fast,1,male,1,male,0.9999648332595825,3.512208422762342e-05,0.9999648332595825
C:/Users/KUBA/GitProjects/WKIRO-Project/data/MR015/Session2/Overground_Walk/Walk_Comfortable/Post_Process/Walk_Comfortable3.csv,4,MR015,Session2,overground,walk,comfortable,1,male,1,male,0.9997400045394897,0.00025997956981882453,0.9997400045394897
C:/Users/KUBA/GitProjects/WKIRO-Project/data/MR015/Session2/Overground_Walk/Walk_Comfortable/Post_Process/Walk_Comfortable8.csv,2,MR015,Session2,overground,walk,comfortable,1,male,1,male,0.999995231628418,4.740297299576923e-06,0.999995231628418
C:/Users/KUBA/GitProjects/WKIRO-Project/data/MR015/Session2/Overground_Walk/Walk_Fast/Post_Process/Walk_Fast3.csv,2,MR015,Session2,overground,walk,fast,1,male,1,male,0.9999932646751404,6.683590072498191e-06,0.9999932646751404
C:/Users/KUBA/GitProjects/WKIRO-Project/data/MR015/Session2/Overground_Walk/Walk_Fast/Post_Process/Walk_Fast4.csv,3,MR015,Session2,overground,walk,fast,1,male,1,male,0.9997272491455078,0.0002727369137573987,0.9997272491455078
C:/Users/KUBA/GitProjects/WKIRO-Project/data/OB010/Session1/Overground_Run/Run_Comfortable/Post_Process/Run_Comfortable5.csv,2,OB010,Session1,overground,run,comfortable,1,male,1,male,0.9997522234916687,0.00024776457576081157,0.9997522234916687
C:/Users/KUBA/GitProjects/WKIRO-Project/data/OB010/Session1/Overground_Walk/Walk_Comfortable/Post_Process/Walk_Comfortable4.csv,3,OB010,Session1,overground,walk,comfortable,1,male,1,male,0.9999942779541016,5.681841230398277e-06,0.9999942779541016
C:/Users/KUBA/GitProjects/WKIRO-Project/data/OB010/Session1/Overground_Walk/Walk_Fast/Post_Process/Walk_Fast2.csv,2,OB010,Session1,overground,walk,fast,1,male,1,male,0.9999932050704956,6.7749260779237375e-06,0.9999932050704956
C:/Users/KUBA/GitProjects/WKIRO-Project/data/OB010/Session1/Treadmill_Walk/Treadmill_Walk_Slow/Post_Process/Treadmill_Walk_Slow.csv,119,OB010,Session1,treadmill,walk,slow,1,male,1,male,0.999994158744812,5.7623451539257076e-06,0.999994158744812
C:/Users/KUBA/GitProjects/WKIRO-Project/data/OB010/Session2/Overground_Run/Run_Fast/Post_Process/Run_Fast3.csv,1,OB010,Session2,overground,run,fast,1,male,1,male,0.9996613264083862,0.00033869955223053694,0.9996613264083862
C:/Users/KUBA/GitProjects/WKIRO-Project/data/OB010/Session2/Overground_Walk/Walk_Fast/Post_Process/Walk_Fast1.csv,2,OB010,Session2,overground,walk,fast,1,male,1,male,0.9996992349624634,0.00030073459492996335,0.9996992349624634
C:/Users/KUBA/GitProjects/WKIRO-Project/data/OB010/Session2/Overground_Walk/Walk_Fast/Post_Process/Walk_Fast2.csv,2,OB010,Session2,overground,walk,fast,1,male,1,male,0.9999924302101135,7.576756161142839e-06,0.9999924302101135
C:/Users/KUBA/GitProjects/WKIRO-Project/data/OB010/Session2/Overground_Walk/Walk_Fast/Post_Process/Walk_Fast6.csv,2,OB010,Session2,overground,walk,fast,1,male,1,male,0.999995768070221,4.239620011503575e-06,0.999995768070221
C:/Users/KUBA/GitProjects/WKIRO-Project/data/OB010/Session2/Overground_Walk/Walk_Fast/Post_Process/Walk_Fast7.csv,3,OB010,Session2,overground,walk,fast,1,male,1,male,0.9997054934501648,0.0002945090818684548,0.9997054934501648
C:/Users/KUBA/GitProjects/WKIRO-Project/data/OB010/Session2/Overground_Walk/Walk_Fast/Post_Process/Walk_Fast8.csv,2,OB010,Session2,overground,walk,fast,1,male,1,male,0.9999911785125732,8.782997610978782e-06,0.9999911785125732
C:/Users/KUBA/GitProjects/WKIRO-Project/data/OB010/Session2/Overground_Walk/Walk_Slow/Post_Process/Walk_Slow1.csv,8,OB010,Session2,overground,walk,slow,1,male,1,male,0.9997091889381409,0.0002908198512159288,0.9997091889381409
C:/Users/KUBA/GitProjects/WKIRO-Project/data/OB010/Session2/Overground_Walk/Walk_Slow/Post_Process/Walk_Slow4.csv,2,OB010,Session2,overground,walk,slow,1,male,1,male,0.9999953508377075,4.654963959183078e-06,0.9999953508377075
C:/Users/KUBA/GitProjects/WKIRO-Project/data/OB010/Session2/Overground_Walk/Walk_Slow/Post_Process/Walk_Slow6.csv,4,OB010,Session2,overground,walk,slow,1,male,1,male,0.9999935030937195,6.442970516218338e-06,0.9999935030937195
C:/Users/KUBA/GitProjects/WKIRO-Project/data/OB010/Session2/Treadmill_Walk/Treadmill_Walk_Slow/Post_Process/Treadmill_Walk_Slow.csv,119,OB010,Session2,treadmill,walk,slow,1,male,1,male,0.9999940395355225,5.984617018839344e-06,0.9999940395355225
C:/Users/KUBA/GitProjects/WKIRO-Project/data/PC008/Session1/Overground_Run/Run_Comfortable/Post_Process/Run_Comfortable5.csv,2,PC008,Session1,overground,run,comfortable,0,female,0,female,0.9999053478240967,0.9999053478240967,9.46874133660458e-05
C:/Users/KUBA/GitProjects/WKIRO-Project/data/PC008/Session1/Overground_Run/Run_Comfortable/Post_Process/Run_Comfortable9.csv,2,PC008,Session1,overground,run,comfortable,0,female,0,female,0.9999086260795593,0.9999086260795593,9.137720917351544e-05
C:/Users/KUBA/GitProjects/WKIRO-Project/data/PC008/Session1/Overground_Run/Run_Fast/Post_Process/Run_Fast10.csv,1,PC008,Session1,overground,run,fast,0,female,0,female,0.9999963045120239,0.9999963045120239,3.6582212032953976e-06
C:/Users/KUBA/GitProjects/WKIRO-Project/data/PC008/Session1/Overground_Run/Run_Fast/Post_Process/Run_Fast12.csv,1,PC008,Session1,overground,run,fast,0,female,0,female,0.9999949932098389,0.9999949932098389,5.000999863113975e-06
C:/Users/KUBA/GitProjects/WKIRO-Project/data/PC008/Session1/Overground_Run/Run_Fast/Post_Process/Run_Fast14.csv,1,PC008,Session1,overground,run,fast,0,female,0,female,0.999996542930603,0.999996542930603,3.448719326115679e-06
C:/Users/KUBA/GitProjects/WKIRO-Project/data/PC008/Session1/Overground_Run/Run_Fast/Post_Process/Run_Fast4.csv,1,PC008,Session1,overground,run,fast,0,female,0,female,0.9999158382415771,0.9999158382415771,8.415687625529245e-05
C:/Users/KUBA/GitProjects/WKIRO-Project/data/PC008/Session1/Overground_Walk/Walk_Fast/Post_Process/Walk_Fast5.csv,3,PC008,Session1,overground,walk,fast,0,female,0,female,0.9998869299888611,0.9998869299888611,0.00011309507681289688
C:/Users/KUBA/GitProjects/WKIRO-Project/data/PC008/Session1/Overground_Walk/Walk_Slow/Post_Process/Walk_Slow4.csv,5,PC008,Session1,overground,walk,slow,0,female,0,female,0.9999971389770508,0.9999971389770508,2.9185387120378437e-06
C:/Users/KUBA/GitProjects/WKIRO-Project/data/PC008/Session1/Treadmill_Walk/Treadmill_Walk_Fast/Post_Process/Treadmill_Walk_Fast.csv,119,PC008,Session1,treadmill,walk,fast,0,female,0,female,0.9999977350234985,0.9999977350234985,2.3282141228264663e-06
C:/Users/KUBA/GitProjects/WKIRO-Project/data/PC008/Session1/Treadmill_Walk/Treadmill_Walk_Slow/Post_Process/Treadmill_Walk_Slow.csv,119,PC008,Session1,treadmill,walk,slow,0,female,0,female,0.9999943971633911,0.9999943971633911,5.678198704117676e-06
C:/Users/KUBA/GitProjects/WKIRO-Project/data/PC008/Session2/Overground_Run/Run_Comfortable/Post_Process/Run_Comfortable1.csv,3,PC008,Session2,overground,run,comfortable,0,female,0,female,0.9999076724052429,0.9999076724052429,9.23762345337309e-05
C:/Users/KUBA/GitProjects/WKIRO-Project/data/PC008/Session2/Overground_Run/Run_Comfortable/Post_Process/Run_Comfortable12.csv,1,PC008,Session2,overground,run,comfortable,0,female,0,female,0.9999979734420776,0.9999979734420776,2.0421755380084505e-06
C:/Users/KUBA/GitProjects/WKIRO-Project/data/PC008/Session2/Overground_Run/Run_Comfortable/Post_Process/Run_Comfortable13.csv,1,PC008,Session2,overground,run,comfortable,0,female,0,female,0.9999034404754639,0.9999034404754639,9.65661383816041e-05
C:/Users/KUBA/GitProjects/WKIRO-Project/data/PC008/Session2/Overground_Run/Run_Fast/Post_Process/Run_Fast2.csv,1,PC008,Session2,overground,run,fast,0,female,0,female,0.9999973773956299,0.9999973773956299,2.5703384380904026e-06
C:/Users/KUBA/GitProjects/WKIRO-Project/data/PC008/Session2/Overground_Walk/Walk_Comfortable/Post_Process/Walk_Comfortable11.csv,2,PC008,Session2,overground,walk,comfortable,0,female,0,female,0.9998858571052551,0.9998858571052551,0.00011415757035138085
C:/Users/KUBA/GitProjects/WKIRO-Project/data/PC008/Session2/Overground_Walk/Walk_Slow/Post_Process/Walk_Slow12.csv,4,PC008,Session2,overground,walk,slow,0,female,0,female,0.9999985694885254,0.9999985694885254,1.4652575828222325e-06
C:/Users/KUBA/GitProjects/WKIRO-Project/data/PC008/Session2/Overground_Walk/Walk_Slow/Post_Process/Walk_Slow3.csv,3,PC008,Session2,overground,walk,slow,0,female,0,female,0.9998939633369446,0.9998939633369446,0.00010604004637571052
C:/Users/KUBA/GitProjects/WKIRO-Project/data/PC008/Session2/Overground_Walk/Walk_Slow/Post_Process/Walk_Slow6.csv,2,PC008,Session2,overground,walk,slow,0,female,0,female,0.9999983906745911,0.9999983906745911,1.6202395727304975e-06
C:/Users/KUBA/GitProjects/WKIRO-Project/data/PC008/Session2/Treadmill_Walk/Treadmill_Walk_Slow/Post_Process/Treadmill_Walk_Slow.csv,119,PC008,Session2,treadmill,walk,slow,0,female,0,female,0.9999858736991882,0.9999858736991882,1.4190340152708814e-05
C:/Users/KUBA/GitProjects/WKIRO-Project/data/PQ006/Session1/Overground_Run/Run_Comfortable/Post_Process/Run_Comfortable5.csv,1,PQ006,Session1,overground,run,comfortable,1,male,1,male,0.9997782111167908,0.00022178761719260365,0.9997782111167908
C:/Users/KUBA/GitProjects/WKIRO-Project/data/PQ006/Session1/Overground_Run/Run_Fast/Post_Process/Run_Fast7.csv,1,PQ006,Session1,overground,run,fast,1,male,1,male,0.9997312426567078,0.00026875967159867287,0.9997312426567078
C:/Users/KUBA/GitProjects/WKIRO-Project/data/PQ006/Session1/Overground_Walk/Walk_Comfortable/Post_Process/Walk_Comfortable5.csv,7,PQ006,Session1,overground,walk,comfortable,1,male,1,male,0.9997387528419495,0.0002612865646369755,0.9997387528419495
C:/Users/KUBA/GitProjects/WKIRO-Project/data/PQ006/Session1/Overground_Walk/Walk_Comfortable/Post_Process/Walk_Comfortable6.csv,6,PQ006,Session1,overground,walk,comfortable,1,male,1,male,0.9999914765357971,8.496336704411078e-06,0.9999914765357971
C:/Users/KUBA/GitProjects/WKIRO-Project/data/PQ006/Session1/Overground_Walk/Walk_Comfortable/Post_Process/Walk_Comfortable9.csv,7,PQ006,Session1,overground,walk,comfortable,1,male,1,male,0.9997038841247559,0.0002960745769087225,0.9997038841247559
C:/Users/KUBA/GitProjects/WKIRO-Project/data/PQ006/Session1/Overground_Walk/Walk_Fast/Post_Process/Walk_Fast1.csv,5,PQ006,Session1,overground,walk,fast,1,male,1,male,0.9997075200080872,0.00029244687175378203,0.9997075200080872
C:/Users/KUBA/GitProjects/WKIRO-Project/data/PQ006/Session1/Overground_Walk/Walk_Fast/Post_Process/Walk_Fast13.csv,3,PQ006,Session1,overground,walk,fast,1,male,1,male,0.9997275471687317,0.0002724065852817148,0.9997275471687317
C:/Users/KUBA/GitProjects/WKIRO-Project/data/PQ006/Session1/Overground_Walk/Walk_Slow/Post_Process/Walk_Slow14.csv,7,PQ006,Session1,overground,walk,slow,1,male,1,male,0.9999884366989136,1.156424968939973e-05,0.9999884366989136
C:/Users/KUBA/GitProjects/WKIRO-Project/data/PQ006/Session1/Overground_Walk/Walk_Slow/Post_Process/Walk_Slow15.csv,6,PQ006,Session1,overground,walk,slow,1,male,1,male,0.9997006058692932,0.00029934904887340963,0.9997006058692932
C:/Users/KUBA/GitProjects/WKIRO-Project/data/PQ006/Session1/Overground_Walk/Walk_Slow/Post_Process/Walk_Slow2.csv,7,PQ006,Session1,overground,walk,slow,1,male,1,male,0.9999895691871643,1.0398131053079851e-05,0.9999895691871643
C:/Users/KUBA/GitProjects/WKIRO-Project/data/PQ006/Session1/Overground_Walk/Walk_Slow/Post_Process/Walk_Slow4.csv,6,PQ006,Session1,overground,walk,slow,1,male,1,male,0.9999861717224121,1.382606933475472e-05,0.9999861717224121
C:/Users/KUBA/GitProjects/WKIRO-Project/data/PQ006/Session1/Treadmill_Walk/Treadmill_Walk_Fast/Post_Process/Treadmill_Walk_Fast.csv,119,PQ006,Session1,treadmill,walk,fast,1,male,1,male,0.9999915361404419,8.406006600125693e-06,0.9999915361404419
C:/Users/KUBA/GitProjects/WKIRO-Project/data/PQ006/Session2/Overground_Run/Run_Comfortable/Post_Process/Run_Comfortable6.csv,1,PQ006,Session2,overground,run,comfortable,1,male,1,male,0.9999904632568359,9.574639989295974e-06,0.9999904632568359
C:/Users/KUBA/GitProjects/WKIRO-Project/data/PQ006/Session2/Overground_Run/Run_Comfortable/Post_Process/Run_Comfortable8.csv,1,PQ006,Session2,overground,run,comfortable,1,male,1,male,0.9999877214431763,1.2226744729559869e-05,0.9999877214431763
C:/Users/KUBA/GitProjects/WKIRO-Project/data/PQ006/Session2/Overground_Run/Run_Comfortable/Post_Process/Run_Comfortable9.csv,2,PQ006,Session2,overground,run,comfortable,1,male,1,male,0.9996621608734131,0.00033779110526666045,0.9996621608734131
C:/Users/KUBA/GitProjects/WKIRO-Project/data/PQ006/Session2/Overground_Run/Run_Fast/Post_Process/Run_Fast1.csv,2,PQ006,Session2,overground,run,fast,1,male,1,male,0.9996013641357422,0.0003985982621088624,0.9996013641357422
C:/Users/KUBA/GitProjects/WKIRO-Project/data/PQ006/Session2/Overground_Run/Run_Fast/Post_Process/Run_Fast7.csv,1,PQ006,Session2,overground,run,fast,1,male,1,male,0.9995020627975464,0.0004979571676813066,0.9995020627975464
C:/Users/KUBA/GitProjects/WKIRO-Project/data/PQ006/Session2/Overground_Walk/Walk_Comfortable/Post_Process/Walk_Comfortable6.csv,3,PQ006,Session2,overground,walk,comfortable,1,male,1,male,0.9999901652336121,9.910027984005865e-06,0.9999901652336121
C:/Users/KUBA/GitProjects/WKIRO-Project/data/PQ006/Session2/Overground_Walk/Walk_Slow/Post_Process/Walk_Slow2.csv,5,PQ006,Session2,overground,walk,slow,1,male,1,male,0.999991238117218,8.736891686567105e-06,0.999991238117218
C:/Users/KUBA/GitProjects/WKIRO-Project/data/RC020/Session1/Overground_Run/Run_Comfortable/Post_Process/Run_Comfortable7.csv,3,RC020,Session1,overground,run,comfortable,0,female,0,female,0.999746561050415,0.999746561050415,0.00025348798953928053
C:/Users/KUBA/GitProjects/WKIRO-Project/data/RC020/Session1/Overground_Run/Run_Fast/Post_Process/Run_Fast1.csv,1,RC020,Session1,overground,run,fast,0,female,0,female,0.9998716115951538,0.9998716115951538,0.00012834332301281393
C:/Users/KUBA/GitProjects/WKIRO-Project/data/RC020/Session1/Overground_Run/Run_Fast/Post_Process/Run_Fast4.csv,1,RC020,Session1,overground,run,fast,0,female,0,female,0.9999845027923584,0.9999845027923584,1.5541705579380505e-05
C:/Users/KUBA/GitProjects/WKIRO-Project/data/RC020/Session1/Overground_Walk/Walk_Comfortable/Post_Process/Walk_Comfortable4.csv,3,RC020,Session1,overground,walk,comfortable,0,female,0,female,0.9999974370002747,0.9999974370002747,2.5886281491693808e-06
C:/Users/KUBA/GitProjects/WKIRO-Project/data/RC020/Session1/Overground_Walk/Walk_Comfortable/Post_Process/Walk_Comfortable5.csv,6,RC020,Session1,overground,walk,comfortable,0,female,0,female,0.9994918704032898,0.9994918704032898,0.0005081688868813217
C:/Users/KUBA/GitProjects/WKIRO-Project/data/RC020/Session1/Overground_Walk/Walk_Fast/Post_Process/Walk_Fast5.csv,3,RC020,Session1,overground,walk,fast,0,female,0,female,0.9996583461761475,0.9996583461761475,0.0003416588297113776
C:/Users/KUBA/GitProjects/WKIRO-Project/data/RC020/Session2/Overground_Run/Run_Comfortable/Post_Process/Run_Comfortable5.csv,2,RC020,Session2,overground,run,comfortable,0,female,0,female,0.9998370409011841,0.9998370409011841,0.0001629513717489317
C:/Users/KUBA/GitProjects/WKIRO-Project/data/RC020/Session2/Overground_Run/Run_Comfortable/Post_Process/Run_Comfortable6.csv,1,RC020,Session2,overground,run,comfortable,0,female,0,female,0.9999939203262329,0.9999939203262329,6.091514023864875e-06
C:/Users/KUBA/GitProjects/WKIRO-Project/data/RC020/Session2/Overground_Run/Run_Fast/Post_Process/Run_Fast8.csv,1,RC020,Session2,overground,run,fast,0,female,0,female,0.999996542930603,0.999996542930603,3.4486240565456683e-06
C:/Users/KUBA/GitProjects/WKIRO-Project/data/RC020/Session2/Overground_Run/Run_Fast/Post_Process/Run_Fast9.csv,1,RC020,Session2,overground,run,fast,0,female,0,female,0.9999079704284668,0.9999079704284668,9.204752132063732e-05
C:/Users/KUBA/GitProjects/WKIRO-Project/data/RC020/Session2/Overground_Walk/Walk_Fast/Post_Process/Walk_Fast3.csv,2,RC020,Session2,overground,walk,fast,0,female,0,female,0.9998279809951782,0.9998279809951782,0.00017206273332703859
C:/Users/KUBA/GitProjects/WKIRO-Project/data/RC020/Session2/Overground_Walk/Walk_Fast/Post_Process/Walk_Fast8.csv,2,RC020,Session2,overground,walk,fast,0,female,0,female,0.999998152256012,0.999998152256012,1.8581216636448517e-06
C:/Users/KUBA/GitProjects/WKIRO-Project/data/RC020/Session2/Overground_Walk/Walk_Slow/Post_Process/Walk_Slow5.csv,4,RC020,Session2,overground,walk,slow,0,female,0,female,0.9997988939285278,0.9997988939285278,0.0002011378383031115
C:/Users/KUBA/GitProjects/WKIRO-Project/data/RC020/Session2/Overground_Walk/Walk_Slow/Post_Process/Walk_Slow6.csv,3,RC020,Session2,overground,walk,slow,0,female,0,female,0.9999985694885254,0.9999985694885254,1.3656818964591366e-06
C:/Users/KUBA/GitProjects/WKIRO-Project/data/RC023/Session1/Overground_Run/Run_Fast/Post_Process/Run_Fast3.csv,1,RC023,Session1,overground,run,fast,0,female,0,female,0.9999935626983643,0.9999935626983643,6.3987822613853496e-06
C:/Users/KUBA/GitProjects/WKIRO-Project/data/RC023/Session1/Overground_Walk/Walk_Comfortable/Post_Process/Walk_Comfortable1.csv,4,RC023,Session1,overground,walk,comfortable,0,female,0,female,0.999841034412384,0.999841034412384,0.00015893607633188367
C:/Users/KUBA/GitProjects/WKIRO-Project/data/RC023/Session1/Overground_Walk/Walk_Comfortable/Post_Process/Walk_Comfortable2.csv,5,RC023,Session1,overground,walk,comfortable,0,female,0,female,0.9999983906745911,0.9999983906745911,1.651849743211642e-06
C:/Users/KUBA/GitProjects/WKIRO-Project/data/RC023/Session1/Overground_Walk/Walk_Comfortable/Post_Process/Walk_Comfortable5.csv,6,RC023,Session1,overground,walk,comfortable,0,female,0,female,0.9998526573181152,0.9998526573181152,0.00014729856047779322
C:/Users/KUBA/GitProjects/WKIRO-Project/data/RC023/Session1/Overground_Walk/Walk_Slow/Post_Process/Walk_Slow2.csv,6,RC023,Session1,overground,walk,slow,0,female,0,female,0.9999988079071045,0.9999988079071045,1.2239825082360767e-06
C:/Users/KUBA/GitProjects/WKIRO-Project/data/RC023/Session1/Treadmill_Run/Treadmill_Run_Fast/Post_Process/Treadmill_Run_Fast.csv,119,RC023,Session1,treadmill,run,fast,0,female,0,female,0.9999962449073792,0.9999962449073792,3.906914571416564e-06
C:/Users/KUBA/GitProjects/WKIRO-Project/data/RC023/Session2/Overground_Run/Run_Comfortable/Post_Process/Run_Comfortable4.csv,2,RC023,Session2,overground,run,comfortable,0,female,0,female,0.9999977350234985,0.9999977350234985,2.25623057303892e-06
C:/Users/KUBA/GitProjects/WKIRO-Project/data/RC023/Session2/Overground_Run/Run_Fast/Post_Process/Run_Fast9.csv,1,RC023,Session2,overground,run,fast,0,female,0,female,0.9998422861099243,0.9998422861099243,0.0001576700306031853
C:/Users/KUBA/GitProjects/WKIRO-Project/data/RC023/Session2/Overground_Walk/Walk_Comfortable/Post_Process/Walk_Comfortable4.csv,4,RC023,Session2,overground,walk,comfortable,0,female,0,female,0.9999986886978149,0.9999986886978149,1.2948678431712324e-06
C:/Users/KUBA/GitProjects/WKIRO-Project/data/RC023/Session2/Overground_Walk/Walk_Fast/Post_Process/Walk_Fast6.csv,3,RC023,Session2,overground,walk,fast,0,female,0,female,0.9999990463256836,0.9999990463256836,1.0012091706812498e-06
C:/Users/KUBA/GitProjects/WKIRO-Project/data/RC023/Session2/Overground_Walk/Walk_Slow/Post_Process/Walk_Slow3.csv,10,RC023,Session2,overground,walk,slow,0,female,0,female,0.9999986886978149,0.9999986886978149,1.3511307770386338e-06
C:/Users/KUBA/GitProjects/WKIRO-Project/data/RC023/Session2/Overground_Walk/Walk_Slow/Post_Process/Walk_Slow5.csv,9,RC023,Session2,overground,walk,slow,0,female,0,female,0.9999986290931702,0.9999986290931702,1.3635661844091373e-06
C:/Users/KUBA/GitProjects/WKIRO-Project/data/RC023/Session2/Treadmill_Walk/Treadmill_Walk_Comfortable/Post_Process/Treadmill_Walk_Comfortable.csv,119,RC023,Session2,treadmill,walk,comfortable,0,female,0,female,0.9999988675117493,0.9999988675117493,1.2224172678543255e-06
C:/Users/KUBA/GitProjects/WKIRO-Project/data/RC023/Session2/Treadmill_Walk/Treadmill_Walk_Slow/Post_Process/Treadmill_Walk_Slow.csv,119,RC023,Session2,treadmill,walk,slow,0,female,0,female,0.9999988675117493,0.9999988675117493,1.26873487715784e-06
C:/Users/KUBA/GitProjects/WKIRO-Project/data/RV028/Session1/Overground_Run/Run_Comfortable/Post_Process/Run_Comfortable9.csv,1,RV028,Session1,overground,run,comfortable,1,male,1,male,0.9997231364250183,0.00027685490204021335,0.9997231364250183
C:/Users/KUBA/GitProjects/WKIRO-Project/data/RV028/Session1/Overground_Walk/Walk_Comfortable/Post_Process/Walk_Comfortable10.csv,6,RV028,Session1,overground,walk,comfortable,1,male,1,male,0.9999945759773254,5.4168467613635585e-06,0.9999945759773254
C:/Users/KUBA/GitProjects/WKIRO-Project/data/RV028/Session1/Overground_Walk/Walk_Fast/Post_Process/Walk_Fast4.csv,4,RV028,Session1,overground,walk,fast,1,male,1,male,0.9999930262565613,6.991866939642932e-06,0.9999930262565613
C:/Users/KUBA/GitProjects/WKIRO-Project/data/RV028/Session1/Treadmill_Walk/Treadmill_Walk_Comfortable/Post_Process/Treadmill_Walk_Comfortable.csv,117,RV028,Session1,treadmill,walk,comfortable,1,male,1,male,0.9999950528144836,4.901000920654042e-06,0.9999950528144836
C:/Users/KUBA/GitProjects/WKIRO-Project/data/RV028/Session2/Overground_Run/Run_Comfortable/Post_Process/Run_Comfortable4.csv,2,RV028,Session2,overground,run,comfortable,1,male,1,male,0.9997421503067017,0.0002578574058134109,0.9997421503067017
C:/Users/KUBA/GitProjects/WKIRO-Project/data/RV028/Session2/Overground_Run/Run_Comfortable/Post_Process/Run_Comfortable5.csv,2,RV028,Session2,overground,run,comfortable,1,male,1,male,0.9997235536575317,0.00027650094125419855,0.9997235536575317
C:/Users/KUBA/GitProjects/WKIRO-Project/data/RV028/Session2/Overground_Run/Run_Comfortable/Post_Process/Run_Comfortable6.csv,2,RV028,Session2,overground,run,comfortable,1,male,1,male,0.9996734261512756,0.00032655225368216634,0.9996734261512756
C:/Users/KUBA/GitProjects/WKIRO-Project/data/RV028/Session2/Overground_Run/Run_Fast/Post_Process/Run_Fast10.csv,1,RV028,Session2,overground,run,fast,1,male,1,male,0.9999750852584839,2.4964492695289664e-05,0.9999750852584839
C:/Users/KUBA/GitProjects/WKIRO-Project/data/RV028/Session2/Overground_Run/Run_Fast/Post_Process/Run_Fast7.csv,1,RV028,Session2,overground,run,fast,1,male,1,male,0.9999854564666748,1.4535658920067362e-05,0.9999854564666748
C:/Users/KUBA/GitProjects/WKIRO-Project/data/RV028/Session2/Overground_Walk/Walk_Comfortable/Post_Process/Walk_Comfortable1.csv,5,RV028,Session2,overground,walk,comfortable,1,male,1,male,0.9997674822807312,0.00023250692174769938,0.9997674822807312
C:/Users/KUBA/GitProjects/WKIRO-Project/data/RV028/Session2/Overground_Walk/Walk_Comfortable/Post_Process/Walk_Comfortable5.csv,6,RV028,Session2,overground,walk,comfortable,1,male,1,male,0.9999942183494568,5.8235386859450955e-06,0.9999942183494568
C:/Users/KUBA/GitProjects/WKIRO-Project/data/RV028/Session2/Overground_Walk/Walk_Fast/Post_Process/Walk_Fast8.csv,4,RV028,Session2,overground,walk,fast,1,male,1,male,0.9997270107269287,0.0002729616535361856,0.9997270107269287
C:/Users/KUBA/GitProjects/WKIRO-Project/data/RV028/Session2/Overground_Walk/Walk_Slow/Post_Process/Walk_Slow3.csv,9,RV028,Session2,overground,walk,slow,1,male,1,male,0.9997305274009705,0.0002695102011784911,0.9997305274009705
C:/Users/KUBA/GitProjects/WKIRO-Project/data/RV028/Session2/Overground_Walk/Walk_Slow/Post_Process/Walk_Slow5.csv,9,RV028,Session2,overground,walk,slow,1,male,1,male,0.9997291564941406,0.0002708311949390918,0.9997291564941406
C:/Users/KUBA/GitProjects/WKIRO-Project/data/RV028/Session2/Treadmill_Run/Treadmill_Run_Fast/Post_Process/Treadmill_Run_Fast.csv,119,RV028,Session2,treadmill,run,fast,1,male,1,male,0.9999901652336121,9.764989954419434e-06,0.9999901652336121
C:/Users/KUBA/GitProjects/WKIRO-Project/data/SA017/Session1/Overground_Run/Run_Fast/Post_Process/Run_Fast7.csv,1,SA017,Session1,overground,run,fast,0,female,0,female,0.9996520280838013,0.9996520280838013,0.00034800093271769583
C:/Users/KUBA/GitProjects/WKIRO-Project/data/SA017/Session1/Overground_Walk/Walk_Comfortable/Post_Process/Walk_Comfortable1.csv,3,SA017,Session1,overground,walk,comfortable,0,female,0,female,0.9996128082275391,0.9996128082275391,0.00038715547998435795
C:/Users/KUBA/GitProjects/WKIRO-Project/data/SA017/Session1/Overground_Walk/Walk_Comfortable/Post_Process/Walk_Comfortable5.csv,2,SA017,Session1,overground,walk,comfortable,0,female,0,female,0.9996291399002075,0.9996291399002075,0.00037084679934196174
C:/Users/KUBA/GitProjects/WKIRO-Project/data/SA017/Session1/Overground_Walk/Walk_Slow/Post_Process/Walk_Slow3.csv,5,SA017,Session1,overground,walk,slow,0,female,0,female,0.9996007680892944,0.9996007680892944,0.0003991848207078874
C:/Users/KUBA/GitProjects/WKIRO-Project/data/SA017/Session1/Overground_Walk/Walk_Slow/Post_Process/Walk_Slow6.csv,3,SA017,Session1,overground,walk,slow,0,female,0,female,0.9999956488609314,0.9999956488609314,4.3890740926144645e-06
C:/Users/KUBA/GitProjects/WKIRO-Project/data/SA017/Session1/Treadmill_Run/Treadmill_Run_Fast/Post_Process/Treadmill_Run_Fast.csv,119,SA017,Session1,treadmill,run,fast,0,female,0,female,0.9999876618385315,0.9999876618385315,1.2218339179526083e-05
C:/Users/KUBA/GitProjects/WKIRO-Project/data/SA017/Session2/Overground_Run/Run_Comfortable/Post_Process/Run_Comfortable10.csv,2,SA017,Session2,overground,run,comfortable,0,female,0,female,0.999130368232727,0.999130368232727,0.0008696331060491502
C:/Users/KUBA/GitProjects/WKIRO-Project/data/SA017/Session2/Overground_Run/Run_Comfortable/Post_Process/Run_Comfortable2.csv,2,SA017,Session2,overground,run,comfortable,0,female,0,female,0.9995940327644348,0.9995940327644348,0.0004059463972225785
C:/Users/KUBA/GitProjects/WKIRO-Project/data/SA017/Session2/Overground_Run/Run_Fast/Post_Process/Run_Fast3.csv,1,SA017,Session2,overground,run,fast,0,female,0,female,0.9995096921920776,0.9995096921920776,0.0004902693326584995
C:/Users/KUBA/GitProjects/WKIRO-Project/data/SA017/Session2/Overground_Run/Run_Fast/Post_Process/Run_Fast9.csv,1,SA017,Session2,overground,run,fast,0,female,0,female,0.9990473389625549,0.9990473389625549,0.0009526050416752696
C:/Users/KUBA/GitProjects/WKIRO-Project/data/SA017/Session2/Overground_Walk/Walk_Comfortable/Post_Process/Walk_Comfortable3.csv,4,SA017,Session2,overground,walk,comfortable,0,female,0,female,0.9995312094688416,0.9995312094688416,0.00046878456487320364
C:/Users/KUBA/GitProjects/WKIRO-Project/data/SA017/Session2/Overground_Walk/Walk_Slow/Post_Process/Walk_Slow1.csv,4,SA017,Session2,overground,walk,slow,0,female,0,female,0.9996126890182495,0.9996126890182495,0.0003872838569805026
C:/Users/KUBA/GitProjects/WKIRO-Project/data/SA017/Session2/Overground_Walk/Walk_Slow/Post_Process/Walk_Slow2.csv,4,SA017,Session2,overground,walk,slow,0,female,0,female,0.9999967813491821,0.9999967813491821,3.2210202789428877e-06
C:/Users/KUBA/GitProjects/WKIRO-Project/data/SA017/Session2/Treadmill_Walk/Treadmill_Walk_Slow/Post_Process/Treadmill_Walk_Slow.csv,119,SA017,Session2,treadmill,walk,slow,0,female,0,female,0.9999960660934448,0.9999960660934448,3.975125764554832e-06
C:/Users/KUBA/GitProjects/WKIRO-Project/data/SM019/Session1/Overground_Run/Run_Comfortable/Post_Process/Run_Comfortable3.csv,1,SM019,Session1,overground,run,comfortable,0,female,0,female,0.9999984502792358,0.9999984502792358,1.493799118179595e-06
C:/Users/KUBA/GitProjects/WKIRO-Project/data/SM019/Session1/Overground_Run/Run_Comfortable/Post_Process/Run_Comfortable5.csv,2,SM019,Session1,overground,run,comfortable,0,female,0,female,0.9997426867485046,0.9997426867485046,0.00025731566711328924
C:/Users/KUBA/GitProjects/WKIRO-Project/data/SM019/Session1/Overground_Run/Run_Fast/Post_Process/Run_Fast7.csv,1,SM019,Session1,overground,run,fast,0,female,0,female,0.9996479749679565,0.9996479749679565,0.0003520271275192499
C:/Users/KUBA/GitProjects/WKIRO-Project/data/SM019/Session1/Overground_Run/Run_Fast/Post_Process/Run_Fast8.csv,1,SM019,Session1,overground,run,fast,0,female,0,female,0.9999958276748657,0.9999958276748657,4.125664872844936e-06
C:/Users/KUBA/GitProjects/WKIRO-Project/data/SM019/Session1/Overground_Walk/Walk_Fast/Post_Process/Walk_Fast4.csv,3,SM019,Session1,overground,walk,fast,0,female,0,female,0.999997615814209,0.999997615814209,2.380865680606803e-06
C:/Users/KUBA/GitProjects/WKIRO-Project/data/SM019/Session2/Overground_Run/Run_Comfortable/Post_Process/Run_Comfortable6.csv,2,SM019,Session2,overground,run,comfortable,0,female,0,female,0.9999968409538269,0.9999968409538269,3.128311846012366e-06
C:/Users/KUBA/GitProjects/WKIRO-Project/data/SM019/Session2/Overground_Run/Run_Fast/Post_Process/Run_Fast10.csv,1,SM019,Session2,overground,run,fast,0,female,0,female,0.9999940395355225,0.9999940395355225,5.984973540762439e-06
C:/Users/KUBA/GitProjects/WKIRO-Project/data/SM019/Session2/Overground_Walk/Walk_Fast/Post_Process/Walk_Fast3.csv,3,SM019,Session2,overground,walk,fast,0,female,0,female,0.9998133182525635,0.9998133182525635,0.00018667268159333616
C:/Users/KUBA/GitProjects/WKIRO-Project/data/SM019/Session2/Overground_Walk/Walk_Fast/Post_Process/Walk_Fast4.csv,2,SM019,Session2,overground,walk,fast,0,female,0,female,0.9997818470001221,0.9997818470001221,0.00021818005188833922
C:/Users/KUBA/GitProjects/WKIRO-Project/data/SM019/Session2/Overground_Walk/Walk_Fast/Post_Process/Walk_Fast5.csv,2,SM019,Session2,overground,walk,fast,0,female,0,female,0.9999980330467224,0.9999980330467224,1.9710669221240096e-06
C:/Users/KUBA/GitProjects/WKIRO-Project/data/SM019/Session2/Overground_Walk/Walk_Slow/Post_Process/Walk_Slow2.csv,6,SM019,Session2,overground,walk,slow,0,female,0,female,0.9999988675117493,0.9999988675117493,1.1608298109422321e-06
C:/Users/KUBA/GitProjects/WKIRO-Project/data/SM019/Session2/Overground_Walk/Walk_Slow/Post_Process/Walk_Slow5.csv,8,SM019,Session2,overground,walk,slow,0,female,0,female,0.9997804164886475,0.9997804164886475,0.00021954506519250572
C:/Users/KUBA/GitProjects/WKIRO-Project/data/SM019/Session2/Treadmill_Run/Treadmill_Run_Comfortable/Post_Process/Treadmill_Run_Comfortable.csv,119,SM019,Session2,treadmill,run,comfortable,0,female,0,female,0.9999980330467224,0.9999980330467224,2.052618810921558e-06
C:/Users/KUBA/GitProjects/WKIRO-Project/data/TB030/Session1/Overground_Run/Run_Comfortable/Post_Process/Run_Comfortable8.csv,1,TB030,Session1,overground,run,comfortable,1,male,1,male,0.9999818801879883,1.8156792066292837e-05,0.9999818801879883
C:/Users/KUBA/GitProjects/WKIRO-Project/data/TB030/Session1/Overground_Run/Run_Fast/Post_Process/Run_Fast10.csv,1,TB030,Session1,overground,run,fast,1,male,1,male,0.9999479055404663,5.207745562074706e-05,0.9999479055404663
C:/Users/KUBA/GitProjects/WKIRO-Project/data/TB030/Session1/Overground_Walk/Walk_Comfortable/Post_Process/Walk_Comfortable5.csv,5,TB030,Session1,overground,walk,comfortable,1,male,1,male,0.9996329545974731,0.0003670550649985671,0.9996329545974731
C:/Users/KUBA/GitProjects/WKIRO-Project/data/TB030/Session1/Overground_Walk/Walk_Fast/Post_Process/Walk_Fast2.csv,5,TB030,Session1,overground,walk,fast,1,male,1,male,0.9999933242797852,6.692737315461272e-06,0.9999933242797852
C:/Users/KUBA/GitProjects/WKIRO-Project/data/TB030/Session1/Overground_Walk/Walk_Slow/Post_Process/Walk_Slow6.csv,6,TB030,Session1,overground,walk,slow,1,male,1,male,0.9999849200248718,1.5092853573150933e-05,0.9999849200248718
C:/Users/KUBA/GitProjects/WKIRO-Project/data/TB030/Session2/Overground_Run/Run_Comfortable/Post_Process/Run_Comfortable7.csv,2,TB030,Session2,overground,run,comfortable,1,male,1,male,0.9987653493881226,0.0012345778523012996,0.9987653493881226
C:/Users/KUBA/GitProjects/WKIRO-Project/data/TB030/Session2/Overground_Run/Run_Fast/Post_Process/Run_Fast2.csv,2,TB030,Session2,overground,run,fast,1,male,1,male,0.9990354776382446,0.0009644624078646302,0.9990354776382446
C:/Users/KUBA/GitProjects/WKIRO-Project/data/TB030/Session2/Overground_Run/Run_Fast/Post_Process/Run_Fast3.csv,2,TB030,Session2,overground,run,fast,1,male,1,male,0.9999670386314392,3.294686393928714e-05,0.9999670386314392
C:/Users/KUBA/GitProjects/WKIRO-Project/data/TB030/Session2/Overground_Run/Run_Fast/Post_Process/Run_Fast7.csv,1,TB030,Session2,overground,run,fast,1,male,1,male,0.9976164102554321,0.0023835839238017797,0.9976164102554321
C:/Users/KUBA/GitProjects/WKIRO-Project/data/TB030/Session2/Overground_Run/Run_Fast/Post_Process/Run_Fast8.csv,1,TB030,Session2,overground,run,fast,1,male,1,male,0.9998619556427002,0.00013798868167214096,0.9998619556427002
C:/Users/KUBA/GitProjects/WKIRO-Project/data/TB030/Session2/Overground_Walk/Walk_Comfortable/Post_Process/Walk_Comfortable6.csv,5,TB030,Session2,overground,walk,comfortable,1,male,1,male,0.9999893307685852,1.0757548807305284e-05,0.9999893307685852
C:/Users/KUBA/GitProjects/WKIRO-Project/data/TB030/Session2/Overground_Walk/Walk_Fast/Post_Process/Walk_Fast5.csv,4,TB030,Session2,overground,walk,fast,1,male,1,male,0.9996806383132935,0.00031939870677888393,0.9996806383132935
C:/Users/KUBA/GitProjects/WKIRO-Project/data/TB030/Session2/Treadmill_Walk/Treadmill_Walk_Fast/Post_Process/Treadmill_Walk_Fast.csv,119,TB030,Session2,treadmill,walk,fast,1,male,1,male,0.9999921917915344,7.752967576379888e-06,0.9999921917915344
C:/Users/KUBA/GitProjects/WKIRO-Project/data/TK029/Session1/Overground_Run/Run_Comfortable/Post_Process/Run_Comfortable8.csv,3,TK029,Session1,overground,run,comfortable,0,female,0,female,0.9999975562095642,0.9999975562095642,2.4798407594062155e-06
C:/Users/KUBA/GitProjects/WKIRO-Project/data/TK029/Session1/Overground_Run/Run_Comfortable/Post_Process/Run_Comfortable9.csv,2,TK029,Session1,overground,run,comfortable,0,female,0,female,0.9998217821121216,0.9998217821121216,0.00017823479720391333
C:/Users/KUBA/GitProjects/WKIRO-Project/data/TK029/Session1/Overground_Run/Run_Fast/Post_Process/Run_Fast2.csv,1,TK029,Session1,overground,run,fast,0,female,0,female,0.9998623132705688,0.9998623132705688,0.0001376286381855607
C:/Users/KUBA/GitProjects/WKIRO-Project/data/TK029/Session1/Overground_Walk/Walk_Comfortable/Post_Process/Walk_Comfortable4.csv,5,TK029,Session1,overground,walk,comfortable,0,female,0,female,0.9999987483024597,0.9999987483024597,1.2194146847832599e-06
C:/Users/KUBA/GitProjects/WKIRO-Project/data/TK029/Session1/Overground_Walk/Walk_Slow/Post_Process/Walk_Slow2.csv,9,TK029,Session1,overground,walk,slow,0,female,0,female,0.9999982118606567,0.9999982118606567,1.8031548734143144e-06
C:/Users/KUBA/GitProjects/WKIRO-Project/data/TK029/Session1/Overground_Walk/Walk_Slow/Post_Process/Walk_Slow6.csv,8,TK029,Session1,overground,walk,slow,0,female,0,female,0.9999978542327881,0.9999978542327881,2.173465418309206e-06
C:/Users/KUBA/GitProjects/WKIRO-Project/data/TK029/Session1/Overground_Walk/Walk_Slow/Post_Process/Walk_Slow7.csv,10,TK029,Session1,overground,walk,slow,0,female,0,female,0.9998503923416138,0.9998503923416138,0.00014966216986067593
C:/Users/KUBA/GitProjects/WKIRO-Project/data/TK029/Session1/Treadmill_Walk/Treadmill_Walk_Comfortable/Post_Process/Treadmill_Walk_Comfortable.csv,119,TK029,Session1,treadmill,walk,comfortable,0,female,0,female,0.9999983310699463,0.9999983310699463,1.7750581946529564e-06
C:/Users/KUBA/GitProjects/WKIRO-Project/data/TK029/Session2/Overground_Run/Run_Fast/Post_Process/Run_Fast4.csv,1,TK029,Session2,overground,run,fast,0,female,0,female,0.9999980926513672,0.9999980926513672,1.8764577589536202e-06
C:/Users/KUBA/GitProjects/WKIRO-Project/data/TK029/Session2/Overground_Walk/Walk_Comfortable/Post_Process/Walk_Comfortable2.csv,4,TK029,Session2,overground,walk,comfortable,0,female,0,female,0.9999983310699463,0.9999983310699463,1.7215309071616502e-06
C:/Users/KUBA/GitProjects/WKIRO-Project/data/TK029/Session2/Overground_Walk/Walk_Comfortable/Post_Process/Walk_Comfortable8.csv,4,TK029,Session2,overground,walk,comfortable,0,female,0,female,0.9999980926513672,0.9999980926513672,1.900517190733808e-06
C:/Users/KUBA/GitProjects/WKIRO-Project/data/TK029/Session2/Overground_Walk/Walk_Fast/Post_Process/Walk_Fast5.csv,5,TK029,Session2,overground,walk,fast,0,female,0,female,0.9998542666435242,0.9998542666435242,0.0001456701138522476
C:/Users/KUBA/GitProjects/WKIRO-Project/data/TK029/Session2/Overground_Walk/Walk_Slow/Post_Process/Walk_Slow5.csv,9,TK029,Session2,overground,walk,slow,0,female,0,female,0.9998511075973511,0.9998511075973511,0.0001488363923272118
C:/Users/KUBA/GitProjects/WKIRO-Project/data/TK029/Session2/Treadmill_Walk/Treadmill_Walk_Slow/Post_Process/Treadmill_Walk_Slow.csv,179,TK029,Session2,treadmill,walk,slow,0,female,0,female,0.999998152256012,0.999998152256012,1.932664190462674e-06
C:/Users/KUBA/GitProjects/WKIRO-Project/data/YX024/Session1/Overground_Run/Run_Comfortable/Post_Process/Run_Comfortable10.csv,2,YX024,Session1,overground,run,comfortable,1,male,1,male,0.9997488856315613,0.0002511235943529755,0.9997488856315613
C:/Users/KUBA/GitProjects/WKIRO-Project/data/YX024/Session1/Overground_Run/Run_Fast/Post_Process/Run_Fast1.csv,1,YX024,Session1,overground,run,fast,1,male,1,male,0.9992191791534424,0.0007808260852470994,0.9992191791534424
C:/Users/KUBA/GitProjects/WKIRO-Project/data/YX024/Session1/Overground_Walk/Walk_Comfortable/Post_Process/Walk_Comfortable4.csv,4,YX024,Session1,overground,walk,comfortable,1,male,1,male,0.9997674822807312,0.00023247336503118277,0.9997674822807312
C:/Users/KUBA/GitProjects/WKIRO-Project/data/YX024/Session1/Overground_Walk/Walk_Comfortable/Post_Process/Walk_Comfortable7.csv,5,YX024,Session1,overground,walk,comfortable,1,male,1,male,0.9997674226760864,0.00023263762705028057,0.9997674226760864
C:/Users/KUBA/GitProjects/WKIRO-Project/data/YX024/Session1/Overground_Walk/Walk_Fast/Post_Process/Walk_Fast3.csv,4,YX024,Session1,overground,walk,fast,1,male,1,male,0.9997531771659851,0.000246815150603652,0.9997531771659851
C:/Users/KUBA/GitProjects/WKIRO-Project/data/YX024/Session1/Overground_Walk/Walk_Fast/Post_Process/Walk_Fast5.csv,2,YX024,Session1,overground,walk,fast,1,male,1,male,0.999791145324707,0.0002088980982080102,0.999791145324707
C:/Users/KUBA/GitProjects/WKIRO-Project/data/YX024/Session1/Overground_Walk/Walk_Slow/Post_Process/Walk_Slow1.csv,12,YX024,Session1,overground,walk,slow,1,male,1,male,0.9997477531433105,0.0002522343711461872,0.9997477531433105
C:/Users/KUBA/GitProjects/WKIRO-Project/data/YX024/Session1/Overground_Walk/Walk_Slow/Post_Process/Walk_Slow3.csv,9,YX024,Session1,overground,walk,slow,1,male,1,male,0.9997433423995972,0.00025672209449112415,0.9997433423995972
C:/Users/KUBA/GitProjects/WKIRO-Project/data/YX024/Session2/Overground_Run/Run_Fast/Post_Process/Run_Fast5.csv,1,YX024,Session2,overground,run,fast,1,male,1,male,0.9999924898147583,7.537516012234846e-06,0.9999924898147583
C:/Users/KUBA/GitProjects/WKIRO-Project/data/YX024/Session2/Overground_Run/Run_Fast/Post_Process/Run_Fast6.csv,1,YX024,Session2,overground,run,fast,1,male,1,male,0.9991235136985779,0.0008764888625591993,0.9991235136985779
C:/Users/KUBA/GitProjects/WKIRO-Project/data/YX024/Session2/Overground_Walk/Walk_Comfortable/Post_Process/Walk_Comfortable3.csv,4,YX024,Session2,overground,walk,comfortable,1,male,1,male,0.9999938011169434,6.203949851624202e-06,0.9999938011169434
C:/Users/KUBA/GitProjects/WKIRO-Project/data/YX024/Session2/Overground_Walk/Walk_Fast/Post_Process/Walk_Fast6.csv,3,YX024,Session2,overground,walk,fast,1,male,1,male,0.9999920725822449,7.944484423205722e-06,0.9999920725822449
C:/Users/KUBA/GitProjects/WKIRO-Project/data/YX024/Session2/Overground_Walk/Walk_Fast/Post_Process/Walk_Fast8.csv,3,YX024,Session2,overground,walk,fast,1,male,1,male,0.9999945759773254,5.396193955675699e-06,0.9999945759773254
C:/Users/KUBA/GitProjects/WKIRO-Project/data/YX024/Session2/Overground_Walk/Walk_Slow/Post_Process/Walk_Slow2.csv,9,YX024,Session2,overground,walk,slow,1,male,1,male,0.9999926686286926,7.338160685321782e-06,0.9999926686286926
