participant_id,session,environment,activity,condition,protocol,trial,path,target_name,target_label,split
AJ026,Session1,overground,run,comfortable,Overground_Run,Run_Comfortable,C:/Users/KUBA/GitProjects/WKIRO-Project/data/AJ026/Session1/Overground_Run/Run_Comfortable/Post_Process/Run_Comfortable1.csv,AJ026,0,train
AJ026,Session1,overground,run,comfortable,Overground_Run,Run_Comfortable,C:/Users/KUBA/GitProjects/WKIRO-Project/data/AJ026/Session1/Overground_Run/Run_Comfortable/Post_Process/Run_Comfortable10.csv,AJ026,0,train
AJ026,Session1,overground,run,comfortable,Overground_Run,Run_Comfortable,C:/Users/KUBA/GitProjects/WKIRO-Project/data/AJ026/Session1/Overground_Run/Run_Comfortable/Post_Process/Run_Comfortable2.csv,AJ026,0,train
AJ026,Session1,overground,run,comfortable,Overground_Run,Run_Comfortable,C:/Users/KUBA/GitProjects/WKIRO-Project/data/AJ026/Session1/Overground_Run/Run_Comfortable/Post_Process/Run_Comfortable3.csv,AJ026,0,train
AJ026,Session1,overground,run,comfortable,Overground_Run,Run_Comfortable,C:/Users/KUBA/GitProjects/WKIRO-Project/data/AJ026/Session1/Overground_Run/Run_Comfortable/Post_Process/Run_Comfortable4.csv,AJ026,0,train
AJ026,Session1,overground,run,comfortable,Overground_Run,Run_Comfortable,C:/Users/KUBA/GitProjects/WKIRO-Project/data/AJ026/Session1/Overground_Run/Run_Comfortable/Post_Process/Run_Comfortable5.csv,AJ026,0,train
AJ026,Session1,overground,run,comfortable,Overground_Run,Run_Comfortable,C:/Users/KUBA/GitProjects/WKIRO-Project/data/AJ026/Session1/Overground_Run/Run_Comfortable/Post_Process/Run_Comfortable6.csv,AJ026,0,val
AJ026,Session1,overground,run,comfortable,Overground_Run,Run_Comfortable,C:/Users/KUBA/GitProjects/WKIRO-Project/data/AJ026/Session1/Overground_Run/Run_Comfortable/Post_Process/Run_Comfortable7.csv,AJ026,0,train
AJ026,Session1,overground,run,comfortable,Overground_Run,Run_Comfortable,C:/Users/KUBA/GitProjects/WKIRO-Project/data/AJ026/Session1/Overground_Run/Run_Comfortable/Post_Process/Run_Comfortable8.csv,AJ026,0,test
AJ026,Session1,overground,run,comfortable,Overground_Run,Run_Comfortable,C:/Users/KUBA/GitProjects/WKIRO-Project/data/AJ026/Session1/Overground_Run/Run_Comfortable/Post_Process/Run_Comfortable9.csv,AJ026,0,train
AJ026,Session1,overground,run,fast,Overground_Run,Run_Fast,C:/Users/KUBA/GitProjects/WKIRO-Project/data/AJ026/Session1/Overground_Run/Run_Fast/Post_Process/Run_Fast1.csv,AJ026,0,train
AJ026,Session1,overground,run,fast,Overground_Run,Run_Fast,C:/Users/KUBA/GitProjects/WKIRO-Project/data/AJ026/Session1/Overground_Run/Run_Fast/Post_Process/Run_Fast10.csv,AJ026,0,val
AJ026,Session1,overground,run,fast,Overground_Run,Run_Fast,C:/Users/KUBA/GitProjects/WKIRO-Project/data/AJ026/Session1/Overground_Run/Run_Fast/Post_Process/Run_Fast2.csv,AJ026,0,test
AJ026,Session1,overground,run,fast,Overground_Run,Run_Fast,C:/Users/KUBA/GitProjects/WKIRO-Project/data/AJ026/Session1/Overground_Run/Run_Fast/Post_Process/Run_Fast3.csv,AJ026,0,test
AJ026,Session1,overground,run,fast,Overground_Run,Run_Fast,C:/Users/KUBA/GitProjects/WKIRO-Project/data/AJ026/Session1/Overground_Run/Run_Fast/Post_Process/Run_Fast4.csv,AJ026,0,test
AJ026,Session1,overground,run,fast,Overground_Run,Run_Fast,C:/Users/KUBA/GitProjects/WKIRO-Project/data/AJ026/Session1/Overground_Run/Run_Fast/Post_Process/Run_Fast5.csv,AJ026,0,train
AJ026,Session1,overground,run,fast,Overground_Run,Run_Fast,C:/Users/KUBA/GitProjects/WKIRO-Project/data/AJ026/Session1/Overground_Run/Run_Fast/Post_Process/Run_Fast6.csv,AJ026,0,train
AJ026,Session1,overground,run,fast,Overground_Run,Run_Fast,C:/Users/KUBA/GitProjects/WKIRO-Project/data/AJ026/Session1/Overground_Run/Run_Fast/Post_Process/Run_Fast7.csv,AJ026,0,train
AJ026,Session1,overground,run,fast,Overground_Run,Run_Fast,C:/Users/KUBA/GitProjects/WKIRO-Project/data/AJ026/Session1/Overground_Run/Run_Fast/Post_Process/Run_Fast8.csv,AJ026,0,train
AJ026,Session1,overground,run,fast,Overground_Run,Run_Fast,C:/Users/KUBA/GitProjects/WKIRO-Project/data/AJ026/Session1/Overground_Run/Run_Fast/Post_Process/Run_Fast9.csv,AJ026,0,test
AJ026,Session1,overground,walk,comfortable,Overground_Walk,Walk_Comfortable,C:/Users/KUBA/GitProjects/WKIRO-Project/data/AJ026/Session1/Overground_Walk/Walk_Comfortable/Post_Process/Walk_Comfortable1.csv,AJ026,0,train
AJ026,Session1,overground,walk,comfortable,Overground_Walk,Walk_Comfortable,C:/Users/KUBA/GitProjects/WKIRO-Project/data/AJ026/Session1/Overground_Walk/Walk_Comfortable/Post_Process/Walk_Comfortable2.csv,AJ026,0,train
AJ026,Session1,overground,walk,comfortable,Overground_Walk,Walk_Comfortable,C:/Users/KUBA/GitProjects/WKIRO-Project/data/AJ026/Session1/Overground_Walk/Walk_Comfortable/Post_Process/Walk_Comfortable3.csv,AJ026,0,val
AJ026,Session1,overground,walk,comfortable,Overground_Walk,Walk_Comfortable,C:/Users/KUBA/GitProjects/WKIRO-Project/data/AJ026/Session1/Overground_Walk/Walk_Comfortable/Post_Process/Walk_Comfortable4.csv,AJ026,0,train
AJ026,Session1,overground,walk,comfortable,Overground_Walk,Walk_Comfortable,C:/Users/KUBA/GitProjects/WKIRO-Project/data/AJ026/Session1/Overground_Walk/Walk_Comfortable/Post_Process/Walk_Comfortable5.csv,AJ026,0,train
AJ026,Session1,overground,walk,comfortable,Overground_Walk,Walk_Comfortable,C:/Users/KUBA/GitProjects/WKIRO-Project/data/AJ026/Session1/Overground_Walk/Walk_Comfortable/Post_Process/Walk_Comfortable6.csv,AJ026,0,train
AJ026,Session1,overground,walk,comfortable,Overground_Walk,Walk_Comfortable,C:/Users/KUBA/GitProjects/WKIRO-Project/data/AJ026/Session1/Overground_Walk/Walk_Comfortable/Post_Process/Walk_Comfortable7.csv,AJ026,0,train
AJ026,Session1,overground,walk,comfortable,Overground_Walk,Walk_Comfortable,C:/Users/KUBA/GitProjects/WKIRO-Project/data/AJ026/Session1/Overground_Walk/Walk_Comfortable/Post_Process/Walk_Comfortable8.csv,AJ026,0,train
AJ026,Session1,overground,walk,fast,Overground_Walk,Walk_Fast,C:/Users/KUBA/GitProjects/WKIRO-Project/data/AJ026/Session1/Overground_Walk/Walk_Fast/Post_Process/Walk_Fast1.csv,AJ026,0,train
AJ026,Session1,overground,walk,fast,Overground_Walk,Walk_Fast,C:/Users/KUBA/GitProjects/WKIRO-Project/data/AJ026/Session1/Overground_Walk/Walk_Fast/Post_Process/Walk_Fast2.csv,AJ026,0,train
AJ026,Session1,overground,walk,fast,Overground_Walk,Walk_Fast,C:/Users/KUBA/GitProjects/WKIRO-Project/data/AJ026/Session1/Overground_Walk/Walk_Fast/Post_Process/Walk_Fast3.csv,AJ026,0,val
AJ026,Session1,overground,walk,fast,Overground_Walk,Walk_Fast,C:/Users/KUBA/GitProjects/WKIRO-Project/data/AJ026/Session1/Overground_Walk/Walk_Fast/Post_Process/Walk_Fast4.csv,AJ026,0,train
AJ026,Session1,overground,walk,fast,Overground_Walk,Walk_Fast,C:/Users/KUBA/GitProjects/WKIRO-Project/data/AJ026/Session1/Overground_Walk/Walk_Fast/Post_Process/Walk_Fast5.csv,AJ026,0,train
AJ026,Session1,overground,walk,fast,Overground_Walk,Walk_Fast,C:/Users/KUBA/GitProjects/WKIRO-Project/data/AJ026/Session1/Overground_Walk/Walk_Fast/Post_Process/Walk_Fast6.csv,AJ026,0,train
AJ026,Session1,overground,walk,slow,Overground_Walk,Walk_Slow,C:/Users/KUBA/GitProjects/WKIRO-Project/data/AJ026/Session1/Overground_Walk/Walk_Slow/Post_Process/Walk_Slow1.csv,AJ026,0,val
AJ026,Session1,overground,walk,slow,Overground_Walk,Walk_Slow,C:/Users/KUBA/GitProjects/WKIRO-Project/data/AJ026/Session1/Overground_Walk/Walk_Slow/Post_Process/Walk_Slow2.csv,AJ026,0,test
AJ026,Session1,overground,walk,slow,Overground_Walk,Walk_Slow,C:/Users/KUBA/GitProjects/WKIRO-Project/data/AJ026/Session1/Overground_Walk/Walk_Slow/Post_Process/Walk_Slow3.csv,AJ026,0,test
AJ026,Session1,overground,walk,slow,Overground_Walk,Walk_Slow,C:/Users/KUBA/GitProjects/WKIRO-Project/data/AJ026/Session1/Overground_Walk/Walk_Slow/Post_Process/Walk_Slow4.csv,AJ026,0,train
AJ026,Session1,overground,walk,slow,Overground_Walk,Walk_Slow,C:/Users/KUBA/GitProjects/WKIRO-Project/data/AJ026/Session1/Overground_Walk/Walk_Slow/Post_Process/Walk_Slow5.csv,AJ026,0,train
AJ026,Session1,overground,walk,slow,Overground_Walk,Walk_Slow,C:/Users/KUBA/GitProjects/WKIRO-Project/data/AJ026/Session1/Overground_Walk/Walk_Slow/Post_Process/Walk_Slow6.csv,AJ026,0,train
AJ026,Session1,overground,walk,slow,Overground_Walk,Walk_Slow,C:/Users/KUBA/GitProjects/WKIRO-Project/data/AJ026/Session1/Overground_Walk/Walk_Slow/Post_Process/Walk_Slow7.csv,AJ026,0,train
AJ026,Session1,overground,walk,slow,Overground_Walk,Walk_Slow,C:/Users/KUBA/GitProjects/WKIRO-Project/data/AJ026/Session1/Overground_Walk/Walk_Slow/Post_Process/Walk_Slow8.csv,AJ026,0,val
AJ026,Session1,treadmill,run,comfortable,Treadmill_Run,Treadmill_Run_Comfortable,C:/Users/KUBA/GitProjects/WKIRO-Project/data/AJ026/Session1/Treadmill_Run/Treadmill_Run_Comfortable/Post_Process/Treadmill_Run_Comfortable.csv,AJ026,0,train
AJ026,Session1,treadmill,run,fast,Treadmill_Run,Treadmill_Run_Fast,C:/Users/KUBA/GitProjects/WKIRO-Project/data/AJ026/Session1/Treadmill_Run/Treadmill_Run_Fast/Post_Process/Treadmill_Run_Fast.csv,AJ026,0,train
AJ026,Session1,treadmill,walk,comfortable,Treadmill_Walk,Treadmill_Walk_Comfortable,C:/Users/KUBA/GitProjects/WKIRO-Project/data/AJ026/Session1/Treadmill_Walk/Treadmill_Walk_Comfortable/Post_Process/Treadmill_Walk_Comfortable.csv,AJ026,0,train
AJ026,Session1,treadmill,walk,fast,Treadmill_Walk,Treadmill_Walk_Fast,C:/Users/KUBA/GitProjects/WKIRO-Project/data/AJ026/Session1/Treadmill_Walk/Treadmill_Walk_Fast/Post_Process/Treadmill_Walk_Fast.csv,AJ026,0,train
AJ026,Session1,treadmill,walk,slow,Treadmill_Walk,Treadmill_Walk_Slow,C:/Users/KUBA/GitProjects/WKIRO-Project/data/AJ026/Session1/Treadmill_Walk/Treadmill_Walk_Slow/Post_Process/Treadmill_Walk_Slow.csv,AJ026,0,train
AJ026,Session2,overground,run,comfortable,Overground_Run,Run_Comfortable,C:/Users/KUBA/GitProjects/WKIRO-Project/data/AJ026/Session2/Overground_Run/Run_Comfortable/Post_Process/Run_Comfortable1.csv,AJ026,0,test
AJ026,Session2,overground,run,comfortable,Overground_Run,Run_Comfortable,C:/Users/KUBA/GitProjects/WKIRO-Project/data/AJ026/Session2/Overground_Run/Run_Comfortable/Post_Process/Run_Comfortable2.csv,AJ026,0,train
AJ026,Session2,overground,run,comfortable,Overground_Run,Run_Comfortable,C:/Users/KUBA/GitProjects/WKIRO-Project/data/AJ026/Session2/Overground_Run/Run_Comfortable/Post_Process/Run_Comfortable3.csv,AJ026,0,val
AJ026,Session2,overground,run,comfortable,Overground_Run,Run_Comfortable,C:/Users/KUBA/GitProjects/WKIRO-Project/data/AJ026/Session2/Overground_Run/Run_Comfortable/Post_Process/Run_Comfortable4.csv,AJ026,0,train
AJ026,Session2,overground,run,comfortable,Overground_Run,Run_Comfortable,C:/Users/KUBA/GitProjects/WKIRO-Project/data/AJ026/Session2/Overground_Run/Run_Comfortable/Post_Process/Run_Comfortable5.csv,AJ026,0,train
AJ026,Session2,overground,run,comfortable,Overground_Run,Run_Comfortable,C:/Users/KUBA/GitProjects/WKIRO-Project/data/AJ026/Session2/Overground_Run/Run_Comfortable/Post_Process/Run_Comfortable6.csv,AJ026,0,train
AJ026,Session2,overground,run,comfortable,Overground_Run,Run_Comfortable,C:/Users/KUBA/GitProjects/WKIRO-Project/data/AJ026/Session2/Overground_Run/Run_Comfortable/Post_Process/Run_Comfortable7.csv,AJ026,0,test
AJ026,Session2,overground,run,comfortable,Overground_Run,Run_Comfortable,C:/Users/KUBA/GitProjects/WKIRO-Project/data/AJ026/Session2/Overground_Run/Run_Comfortable/Post_Process/Run_Comfortable8.csv,AJ026,0,val
AJ026,Session2,overground,run,fast,Overground_Run,Run_Fast,C:/Users/KUBA/GitProjects/WKIRO-Project/data/AJ026/Session2/Overground_Run/Run_Fast/Post_Process/Run_Fast1.csv,AJ026,0,train
AJ026,Session2,overground,run,fast,Overground_Run,Run_Fast,C:/Users/KUBA/GitProjects/WKIRO-Project/data/AJ026/Session2/Overground_Run/Run_Fast/Post_Process/Run_Fast10.csv,AJ026,0,train
AJ026,Session2,overground,run,fast,Overground_Run,Run_Fast,C:/Users/KUBA/GitProjects/WKIRO-Project/data/AJ026/Session2/Overground_Run/Run_Fast/Post_Process/Run_Fast2.csv,AJ026,0,train
AJ026,Session2,overground,run,fast,Overground_Run,Run_Fast,C:/Users/KUBA/GitProjects/WKIRO-Project/data/AJ026/Session2/Overground_Run/Run_Fast/Post_Process/Run_Fast3.csv,AJ026,0,val
AJ026,Session2,overground,run,fast,Overground_Run,Run_Fast,C:/Users/KUBA/GitProjects/WKIRO-Project/data/AJ026/Session2/Overground_Run/Run_Fast/Post_Process/Run_Fast4.csv,AJ026,0,train
AJ026,Session2,overground,run,fast,Overground_Run,Run_Fast,C:/Users/KUBA/GitProjects/WKIRO-Project/data/AJ026/Session2/Overground_Run/Run_Fast/Post_Process/Run_Fast5.csv,AJ026,0,train
AJ026,Session2,overground,run,fast,Overground_Run,Run_Fast,C:/Users/KUBA/GitProjects/WKIRO-Project/data/AJ026/Session2/Overground_Run/Run_Fast/Post_Process/Run_Fast6.csv,AJ026,0,train
AJ026,Session2,overground,run,fast,Overground_Run,Run_Fast,C:/Users/KUBA/GitProjects/WKIRO-Project/data/AJ026/Session2/Overground_Run/Run_Fast/Post_Process/Run_Fast7.csv,AJ026,0,train
AJ026,Session2,overground,run,fast,Overground_Run,Run_Fast,C:/Users/KUBA/GitProjects/WKIRO-Project/data/AJ026/Session2/Overground_Run/Run_Fast/Post_Process/Run_Fast8.csv,AJ026,0,train
AJ026,Session2,overground,run,fast,Overground_Run,Run_Fast,C:/Users/KUBA/GitProjects/WKIRO-Project/data/AJ026/Session2/Overground_Run/Run_Fast/Post_Process/Run_Fast9.csv,AJ026,0,test
AJ026,Session2,overground,walk,comfortable,Overground_Walk,Walk_Comfortable,C:/Users/KUBA/GitProjects/WKIRO-Project/data/AJ026/Session2/Overground_Walk/Walk_Comfortable/Post_Process/Walk_Comfortable1.csv,AJ026,0,test
AJ026,Session2,overground,walk,comfortable,Overground_Walk,Walk_Comfortable,C:/Users/KUBA/GitProjects/WKIRO-Project/data/AJ026/Session2/Overground_Walk/Walk_Comfortable/Post_Process/Walk_Comfortable2.csv,AJ026,0,test
AJ026,Session2,overground,walk,comfortable,Overground_Walk,Walk_Comfortable,C:/Users/KUBA/GitProjects/WKIRO-Project/data/AJ026/Session2/Overground_Walk/Walk_Comfortable/Post_Process/Walk_Comfortable3.csv,AJ026,0,train
AJ026,Session2,overground,walk,comfortable,Overground_Walk,Walk_Comfortable,C:/Users/KUBA/GitProjects/WKIRO-Project/data/AJ026/Session2/Overground_Walk/Walk_Comfortable/Post_Process/Walk_Comfortable4.csv,AJ026,0,val
AJ026,Session2,overground,walk,comfortable,Overground_Walk,Walk_Comfortable,C:/Users/KUBA/GitProjects/WKIRO-Project/data/AJ026/Session2/Overground_Walk/Walk_Comfortable/Post_Process/Walk_Comfortable5.csv,AJ026,0,train
AJ026,Session2,overground,walk,comfortable,Overground_Walk,Walk_Comfortable,C:/Users/KUBA/GitProjects/WKIRO-Project/data/AJ026/Session2/Overground_Walk/Walk_Comfortable/Post_Process/Walk_Comfortable6.csv,AJ026,0,train
AJ026,Session2,overground,walk,fast,Overground_Walk,Walk_Fast,C:/Users/KUBA/GitProjects/WKIRO-Project/data/AJ026/Session2/Overground_Walk/Walk_Fast/Post_Process/Walk_Fast1.csv,AJ026,0,train
AJ026,Session2,overground,walk,fast,Overground_Walk,Walk_Fast,C:/Users/KUBA/GitProjects/WKIRO-Project/data/AJ026/Session2/Overground_Walk/Walk_Fast/Post_Process/Walk_Fast2.csv,AJ026,0,val
AJ026,Session2,overground,walk,fast,Overground_Walk,Walk_Fast,C:/Users/KUBA/GitProjects/WKIRO-Project/data/AJ026/Session2/Overground_Walk/Walk_Fast/Post_Process/Walk_Fast3.csv,AJ026,0,train
AJ026,Session2,overground,walk,fast,Overground_Walk,Walk_Fast,C:/Users/KUBA/GitProjects/WKIRO-Project/data/AJ026/Session2/Overground_Walk/Walk_Fast/Post_Process/Walk_Fast4.csv,AJ026,0,train
AJ026,Session2,overground,walk,fast,Overground_Walk,Walk_Fast,C:/Users/KUBA/GitProjects/WKIRO-Project/data/AJ026/Session2/Overground_Walk/Walk_Fast/Post_Process/Walk_Fast5.csv,AJ026,0,val
AJ026,Session2,overground,walk,fast,Overground_Walk,Walk_Fast,C:/Users/KUBA/GitProjects/WKIRO-Project/data/AJ026/Session2/Overground_Walk/Walk_Fast/Post_Process/Walk_Fast6.csv,AJ026,0,train
AJ026,Session2,overground,walk,slow,Overground_Walk,Walk_Slow,C:/Users/KUBA/GitProjects/WKIRO-Project/data/AJ026/Session2/Overground_Walk/Walk_Slow/Post_Process/Walk_Slow1.csv,AJ026,0,test
AJ026,Session2,overground,walk,slow,Overground_Walk,Walk_Slow,C:/Users/KUBA/GitProjects/WKIRO-Project/data/AJ026/Session2/Overground_Walk/Walk_Slow/Post_Process/Walk_Slow2.csv,AJ026,0,val
AJ026,Session2,overground,walk,slow,Overground_Walk,Walk_Slow,C:/Users/KUBA/GitProjects/WKIRO-Project/data/AJ026/Session2/Overground_Walk/Walk_Slow/Post_Process/Walk_Slow3.csv,AJ026,0,train
AJ026,Session2,overground,walk,slow,Overground_Walk,Walk_Slow,C:/Users/KUBA/GitProjects/WKIRO-Project/data/AJ026/Session2/Overground_Walk/Walk_Slow/Post_Process/Walk_Slow4.csv,AJ026,0,val
AJ026,Session2,overground,walk,slow,Overground_Walk,Walk_Slow,C:/Users/KUBA/GitProjects/WKIRO-Project/data/AJ026/Session2/Overground_Walk/Walk_Slow/Post_Process/Walk_Slow5.csv,AJ026,0,train
AJ026,Session2,overground,walk,slow,Overground_Walk,Walk_Slow,C:/Users/KUBA/GitProjects/WKIRO-Project/data/AJ026/Session2/Overground_Walk/Walk_Slow/Post_Process/Walk_Slow6.csv,AJ026,0,train
AJ026,Session2,overground,walk,slow,Overground_Walk,Walk_Slow,C:/Users/KUBA/GitProjects/WKIRO-Project/data/AJ026/Session2/Overground_Walk/Walk_Slow/Post_Process/Walk_Slow7.csv,AJ026,0,train
AJ026,Session2,overground,walk,slow,Overground_Walk,Walk_Slow,C:/Users/KUBA/GitProjects/WKIRO-Project/data/AJ026/Session2/Overground_Walk/Walk_Slow/Post_Process/Walk_Slow8.csv,AJ026,0,train
AJ026,Session2,treadmill,run,comfortable,Treadmill_Run,Treadmill_Run_Comfortable,C:/Users/KUBA/GitProjects/WKIRO-Project/data/AJ026/Session2/Treadmill_Run/Treadmill_Run_Comfortable/Post_Process/Treadmill_Run_Comfortable.csv,AJ026,0,train
AJ026,Session2,treadmill,run,fast,Treadmill_Run,Treadmill_Run_Fast,C:/Users/KUBA/GitProjects/WKIRO-Project/data/AJ026/Session2/Treadmill_Run/Treadmill_Run_Fast/Post_Process/Treadmill_Run_Fast.csv,AJ026,0,train
AJ026,Session2,treadmill,walk,comfortable,Treadmill_Walk,Treadmill_Walk_Comfortable,C:/Users/KUBA/GitProjects/WKIRO-Project/data/AJ026/Session2/Treadmill_Walk/Treadmill_Walk_Comfortable/Post_Process/Treadmill_Walk_Comfortable.csv,AJ026,0,train
AJ026,Session2,treadmill,walk,fast,Treadmill_Walk,Treadmill_Walk_Fast,C:/Users/KUBA/GitProjects/WKIRO-Project/data/AJ026/Session2/Treadmill_Walk/Treadmill_Walk_Fast/Post_Process/Treadmill_Walk_Fast.csv,AJ026,0,train
AJ026,Session2,treadmill,walk,slow,Treadmill_Walk,Treadmill_Walk_Slow,C:/Users/KUBA/GitProjects/WKIRO-Project/data/AJ026/Session2/Treadmill_Walk/Treadmill_Walk_Slow/Post_Process/Treadmill_Walk_Slow.csv,AJ026,0,train
BD004,Session1,overground,run,comfortable,Overground_Run,Run_Comfortable,C:/Users/KUBA/GitProjects/WKIRO-Project/data/BD004/Session1/Overground_Run/Run_Comfortable/Post_Process/Run_Comfortable1.csv,BD004,1,train
BD004,Session1,overground,run,comfortable,Overground_Run,Run_Comfortable,C:/Users/KUBA/GitProjects/WKIRO-Project/data/BD004/Session1/Overground_Run/Run_Comfortable/Post_Process/Run_Comfortable10.csv,BD004,1,test
BD004,Session1,overground,run,comfortable,Overground_Run,Run_Comfortable,C:/Users/KUBA/GitProjects/WKIRO-Project/data/BD004/Session1/Overground_Run/Run_Comfortable/Post_Process/Run_Comfortable11.csv,BD004,1,train
BD004,Session1,overground,run,comfortable,Overground_Run,Run_Comfortable,C:/Users/KUBA/GitProjects/WKIRO-Project/data/BD004/Session1/Overground_Run/Run_Comfortable/Post_Process/Run_Comfortable12.csv,BD004,1,train
BD004,Session1,overground,run,comfortable,Overground_Run,Run_Comfortable,C:/Users/KUBA/GitProjects/WKIRO-Project/data/BD004/Session1/Overground_Run/Run_Comfortable/Post_Process/Run_Comfortable13.csv,BD004,1,train
BD004,Session1,overground,run,comfortable,Overground_Run,Run_Comfortable,C:/Users/KUBA/GitProjects/WKIRO-Project/data/BD004/Session1/Overground_Run/Run_Comfortable/Post_Process/Run_Comfortable14.csv,BD004,1,val
BD004,Session1,overground,run,comfortable,Overground_Run,Run_Comfortable,C:/Users/KUBA/GitProjects/WKIRO-Project/data/BD004/Session1/Overground_Run/Run_Comfortable/Post_Process/Run_Comfortable2.csv,BD004,1,train
BD004,Session1,overground,run,comfortable,Overground_Run,Run_Comfortable,C:/Users/KUBA/GitProjects/WKIRO-Project/data/BD004/Session1/Overground_Run/Run_Comfortable/Post_Process/Run_Comfortable3.csv,BD004,1,train
BD004,Session1,overground,run,comfortable,Overground_Run,Run_Comfortable,C:/Users/KUBA/GitProjects/WKIRO-Project/data/BD004/Session1/Overground_Run/Run_Comfortable/Post_Process/Run_Comfortable4.csv,BD004,1,train
BD004,Session1,overground,run,comfortable,Overground_Run,Run_Comfortable,C:/Users/KUBA/GitProjects/WKIRO-Project/data/BD004/Session1/Overground_Run/Run_Comfortable/Post_Process/Run_Comfortable5.csv,BD004,1,train
BD004,Session1,overground,run,comfortable,Overground_Run,Run_Comfortable,C:/Users/KUBA/GitProjects/WKIRO-Project/data/BD004/Session1/Overground_Run/Run_Comfortable/Post_Process/Run_Comfortable6.csv,BD004,1,val
BD004,Session1,overground,run,comfortable,Overground_Run,Run_Comfortable,C:/Users/KUBA/GitProjects/WKIRO-Project/data/BD004/Session1/Overground_Run/Run_Comfortable/Post_Process/Run_Comfortable7.csv,BD004,1,train
BD004,Session1,overground,run,comfortable,Overground_Run,Run_Comfortable,C:/Users/KUBA/GitProjects/WKIRO-Project/data/BD004/Session1/Overground_Run/Run_Comfortable/Post_Process/Run_Comfortable8.csv,BD004,1,train
BD004,Session1,overground,run,comfortable,Overground_Run,Run_Comfortable,C:/Users/KUBA/GitProjects/WKIRO-Project/data/BD004/Session1/Overground_Run/Run_Comfortable/Post_Process/Run_Comfortable9.csv,BD004,1,val
BD004,Session1,overground,run,fast,Overground_Run,Run_Fast,C:/Users/KUBA/GitProjects/WKIRO-Project/data/BD004/Session1/Overground_Run/Run_Fast/Post_Process/Run_Fast1.csv,BD004,1,train
BD004,Session1,overground,run,fast,Overground_Run,Run_Fast,C:/Users/KUBA/GitProjects/WKIRO-Project/data/BD004/Session1/Overground_Run/Run_Fast/Post_Process/Run_Fast10.csv,BD004,1,train
BD004,Session1,overground,run,fast,Overground_Run,Run_Fast,C:/Users/KUBA/GitProjects/WKIRO-Project/data/BD004/Session1/Overground_Run/Run_Fast/Post_Process/Run_Fast11.csv,BD004,1,train
BD004,Session1,overground,run,fast,Overground_Run,Run_Fast,C:/Users/KUBA/GitProjects/WKIRO-Project/data/BD004/Session1/Overground_Run/Run_Fast/Post_Process/Run_Fast12.csv,BD004,1,train
BD004,Session1,overground,run,fast,Overground_Run,Run_Fast,C:/Users/KUBA/GitProjects/WKIRO-Project/data/BD004/Session1/Overground_Run/Run_Fast/Post_Process/Run_Fast13.csv,BD004,1,test
BD004,Session1,overground,run,fast,Overground_Run,Run_Fast,C:/Users/KUBA/GitProjects/WKIRO-Project/data/BD004/Session1/Overground_Run/Run_Fast/Post_Process/Run_Fast14.csv,BD004,1,val
BD004,Session1,overground,run,fast,Overground_Run,Run_Fast,C:/Users/KUBA/GitProjects/WKIRO-Project/data/BD004/Session1/Overground_Run/Run_Fast/Post_Process/Run_Fast2.csv,BD004,1,train
BD004,Session1,overground,run,fast,Overground_Run,Run_Fast,C:/Users/KUBA/GitProjects/WKIRO-Project/data/BD004/Session1/Overground_Run/Run_Fast/Post_Process/Run_Fast3.csv,BD004,1,train
BD004,Session1,overground,run,fast,Overground_Run,Run_Fast,C:/Users/KUBA/GitProjects/WKIRO-Project/data/BD004/Session1/Overground_Run/Run_Fast/Post_Process/Run_Fast4.csv,BD004,1,test
BD004,Session1,overground,run,fast,Overground_Run,Run_Fast,C:/Users/KUBA/GitProjects/WKIRO-Project/data/BD004/Session1/Overground_Run/Run_Fast/Post_Process/Run_Fast5.csv,BD004,1,train
BD004,Session1,overground,run,fast,Overground_Run,Run_Fast,C:/Users/KUBA/GitProjects/WKIRO-Project/data/BD004/Session1/Overground_Run/Run_Fast/Post_Process/Run_Fast6.csv,BD004,1,train
BD004,Session1,overground,run,fast,Overground_Run,Run_Fast,C:/Users/KUBA/GitProjects/WKIRO-Project/data/BD004/Session1/Overground_Run/Run_Fast/Post_Process/Run_Fast7.csv,BD004,1,train
BD004,Session1,overground,run,fast,Overground_Run,Run_Fast,C:/Users/KUBA/GitProjects/WKIRO-Project/data/BD004/Session1/Overground_Run/Run_Fast/Post_Process/Run_Fast8.csv,BD004,1,train
BD004,Session1,overground,run,fast,Overground_Run,Run_Fast,C:/Users/KUBA/GitProjects/WKIRO-Project/data/BD004/Session1/Overground_Run/Run_Fast/Post_Process/Run_Fast9.csv,BD004,1,train
BD004,Session1,overground,walk,comfortable,Overground_Walk,Walk_Comfortable,C:/Users/KUBA/GitProjects/WKIRO-Project/data/BD004/Session1/Overground_Walk/Walk_Comfortable/Post_Process/Walk_Comfortable1.csv,BD004,1,train
BD004,Session1,overground,walk,comfortable,Overground_Walk,Walk_Comfortable,C:/Users/KUBA/GitProjects/WKIRO-Project/data/BD004/Session1/Overground_Walk/Walk_Comfortable/Post_Process/Walk_Comfortable2.csv,BD004,1,train
BD004,Session1,overground,walk,comfortable,Overground_Walk,Walk_Comfortable,C:/Users/KUBA/GitProjects/WKIRO-Project/data/BD004/Session1/Overground_Walk/Walk_Comfortable/Post_Process/Walk_Comfortable3.csv,BD004,1,train
BD004,Session1,overground,walk,comfortable,Overground_Walk,Walk_Comfortable,C:/Users/KUBA/GitProjects/WKIRO-Project/data/BD004/Session1/Overground_Walk/Walk_Comfortable/Post_Process/Walk_Comfortable4.csv,BD004,1,train
BD004,Session1,overground,walk,comfortable,Overground_Walk,Walk_Comfortable,C:/Users/KUBA/GitProjects/WKIRO-Project/data/BD004/Session1/Overground_Walk/Walk_Comfortable/Post_Process/Walk_Comfortable5.csv,BD004,1,train
BD004,Session1,overground,walk,comfortable,Overground_Walk,Walk_Comfortable,C:/Users/KUBA/GitProjects/WKIRO-Project/data/BD004/Session1/Overground_Walk/Walk_Comfortable/Post_Process/Walk_Comfortable6.csv,BD004,1,train
BD004,Session1,overground,walk,fast,Overground_Walk,Walk_Fast,C:/Users/KUBA/GitProjects/WKIRO-Project/data/BD004/Session1/Overground_Walk/Walk_Fast/Post_Process/Walk_Fast1.csv,BD004,1,train
BD004,Session1,overground,walk,fast,Overground_Walk,Walk_Fast,C:/Users/KUBA/GitProjects/WKIRO-Project/data/BD004/Session1/Overground_Walk/Walk_Fast/Post_Process/Walk_Fast2.csv,BD004,1,train
BD004,Session1,overground,walk,fast,Overground_Walk,Walk_Fast,C:/Users/KUBA/GitProjects/WKIRO-Project/data/BD004/Session1/Overground_Walk/Walk_Fast/Post_Process/Walk_Fast3.csv,BD004,1,train
BD004,Session1,overground,walk,fast,Overground_Walk,Walk_Fast,C:/Users/KUBA/GitProjects/WKIRO-Project/data/BD004/Session1/Overground_Walk/Walk_Fast/Post_Process/Walk_Fast4.csv,BD004,1,train
BD004,Session1,overground,walk,fast,Overground_Walk,Walk_Fast,C:/Users/KUBA/GitProjects/WKIRO-Project/data/BD004/Session1/Overground_Walk/Walk_Fast/Post_Process/Walk_Fast5.csv,BD004,1,train
BD004,Session1,overground,walk,fast,Overground_Walk,Walk_Fast,C:/Users/KUBA/GitProjects/WKIRO-Project/data/BD004/Session1/Overground_Walk/Walk_Fast/Post_Process/Walk_Fast6.csv,BD004,1,val
BD004,Session1,overground,walk,fast,Overground_Walk,Walk_Fast,C:/Users/KUBA/GitProjects/WKIRO-Project/data/BD004/Session1/Overground_Walk/Walk_Fast/Post_Process/Walk_Fast7.csv,BD004,1,train
BD004,Session1,overground,walk,fast,Overground_Walk,Walk_Fast,C:/Users/KUBA/GitProjects/WKIRO-Project/data/BD004/Session1/Overground_Walk/Walk_Fast/Post_Process/Walk_Fast8.csv,BD004,1,train
BD004,Session1,overground,walk,slow,Overground_Walk,Walk_Slow,C:/Users/KUBA/GitProjects/WKIRO-Project/data/BD004/Session1/Overground_Walk/Walk_Slow/Post_Process/Walk_Slow1.csv,BD004,1,test
BD004,Session1,overground,walk,slow,Overground_Walk,Walk_Slow,C:/Users/KUBA/GitProjects/WKIRO-Project/data/BD004/Session1/Overground_Walk/Walk_Slow/Post_Process/Walk_Slow2.csv,BD004,1,train
BD004,Session1,overground,walk,slow,Overground_Walk,Walk_Slow,C:/Users/KUBA/GitProjects/WKIRO-Project/data/BD004/Session1/Overground_Walk/Walk_Slow/Post_Process/Walk_Slow3.csv,BD004,1,test
BD004,Session1,overground,walk,slow,Overground_Walk,Walk_Slow,C:/Users/KUBA/GitProjects/WKIRO-Project/data/BD004/Session1/Overground_Walk/Walk_Slow/Post_Process/Walk_Slow4.csv,BD004,1,test
BD004,Session1,overground,walk,slow,Overground_Walk,Walk_Slow,C:/Users/KUBA/GitProjects/WKIRO-Project/data/BD004/Session1/Overground_Walk/Walk_Slow/Post_Process/Walk_Slow5.csv,BD004,1,train
BD004,Session1,overground,walk,slow,Overground_Walk,Walk_Slow,C:/Users/KUBA/GitProjects/WKIRO-Project/data/BD004/Session1/Overground_Walk/Walk_Slow/Post_Process/Walk_Slow6.csv,BD004,1,train
BD004,Session1,overground,walk,slow,Overground_Walk,Walk_Slow,C:/Users/KUBA/GitProjects/WKIRO-Project/data/BD004/Session1/Overground_Walk/Walk_Slow/Post_Process/Walk_Slow7.csv,BD004,1,val
BD004,Session1,overground,walk,slow,Overground_Walk,Walk_Slow,C:/Users/KUBA/GitProjects/WKIRO-Project/data/BD004/Session1/Overground_Walk/Walk_Slow/Post_Process/Walk_Slow8.csv,BD004,1,test
BD004,Session1,treadmill,run,comfortable,Treadmill_Run,Treadmill_Run_Comfortable,C:/Users/KUBA/GitProjects/WKIRO-Project/data/BD004/Session1/Treadmill_Run/Treadmill_Run_Comfortable/Post_Process/Treadmill_Run_Comfortable.csv,BD004,1,train
BD004,Session1,treadmill,run,fast,Treadmill_Run,Treadmill_Run_Fast,C:/Users/KUBA/GitProjects/WKIRO-Project/data/BD004/Session1/Treadmill_Run/Treadmill_Run_Fast/Post_Process/Treadmill_Run_Fast.csv,BD004,1,train
BD004,Session1,treadmill,walk,comfortable,Treadmill_Walk,Treadmill_Walk_Comfortable,C:/Users/KUBA/GitProjects/WKIRO-Project/data/BD004/Session1/Treadmill_Walk/Treadmill_Walk_Comfortable/Post_Process/Treadmill_Walk_Comfortable.csv,BD004,1,train
BD004,Session1,treadmill,walk,fast,Treadmill_Walk,Treadmill_Walk_Fast,C:/Users/KUBA/GitProjects/WKIRO-Project/data/BD004/Session1/Treadmill_Walk/Treadmill_Walk_Fast/Post_Process/Treadmill_Walk_Fast.csv,BD004,1,train
BD004,Session1,treadmill,walk,slow,Treadmill_Walk,Treadmill_Walk_Slow,C:/Users/KUBA/GitProjects/WKIRO-Project/data/BD004/Session1/Treadmill_Walk/Treadmill_Walk_Slow/Post_Process/Treadmill_Walk_Slow.csv,BD004,1,train
BD004,Session2,overground,run,comfortable,Overground_Run,Run_Comfortable,C:/Users/KUBA/GitProjects/WKIRO-Project/data/BD004/Session2/Overground_Run/Run_Comfortable/Post_Process/Run_Comfortable1.csv,BD004,1,train
BD004,Session2,overground,run,comfortable,Overground_Run,Run_Comfortable,C:/Users/KUBA/GitProjects/WKIRO-Project/data/BD004/Session2/Overground_Run/Run_Comfortable/Post_Process/Run_Comfortable10.csv,BD004,1,train
BD004,Session2,overground,run,comfortable,Overground_Run,Run_Comfortable,C:/Users/KUBA/GitProjects/WKIRO-Project/data/BD004/Session2/Overground_Run/Run_Comfortable/Post_Process/Run_Comfortable11.csv,BD004,1,train
BD004,Session2,overground,run,comfortable,Overground_Run,Run_Comfortable,C:/Users/KUBA/GitProjects/WKIRO-Project/data/BD004/Session2/Overground_Run/Run_Comfortable/Post_Process/Run_Comfortable12.csv,BD004,1,test
BD004,Session2,overground,run,comfortable,Overground_Run,Run_Comfortable,C:/Users/KUBA/GitProjects/WKIRO-Project/data/BD004/Session2/Overground_Run/Run_Comfortable/Post_Process/Run_Comfortable2.csv,BD004,1,val
BD004,Session2,overground,run,comfortable,Overground_Run,Run_Comfortable,C:/Users/KUBA/GitProjects/WKIRO-Project/data/BD004/Session2/Overground_Run/Run_Comfortable/Post_Process/Run_Comfortable3.csv,BD004,1,val
BD004,Session2,overground,run,comfortable,Overground_Run,Run_Comfortable,C:/Users/KUBA/GitProjects/WKIRO-Project/data/BD004/Session2/Overground_Run/Run_Comfortable/Post_Process/Run_Comfortable4.csv,BD004,1,val
BD004,Session2,overground,run,comfortable,Overground_Run,Run_Comfortable,C:/Users/KUBA/GitProjects/WKIRO-Project/data/BD004/Session2/Overground_Run/Run_Comfortable/Post_Process/Run_Comfortable5.csv,BD004,1,val
BD004,Session2,overground,run,comfortable,Overground_Run,Run_Comfortable,C:/Users/KUBA/GitProjects/WKIRO-Project/data/BD004/Session2/Overground_Run/Run_Comfortable/Post_Process/Run_Comfortable6.csv,BD004,1,test
BD004,Session2,overground,run,comfortable,Overground_Run,Run_Comfortable,C:/Users/KUBA/GitProjects/WKIRO-Project/data/BD004/Session2/Overground_Run/Run_Comfortable/Post_Process/Run_Comfortable7.csv,BD004,1,train
BD004,Session2,overground,run,comfortable,Overground_Run,Run_Comfortable,C:/Users/KUBA/GitProjects/WKIRO-Project/data/BD004/Session2/Overground_Run/Run_Comfortable/Post_Process/Run_Comfortable8.csv,BD004,1,val
BD004,Session2,overground,run,comfortable,Overground_Run,Run_Comfortable,C:/Users/KUBA/GitProjects/WKIRO-Project/data/BD004/Session2/Overground_Run/Run_Comfortable/Post_Process/Run_Comfortable9.csv,BD004,1,train
BD004,Session2,overground,run,fast,Overground_Run,Run_Fast,C:/Users/KUBA/GitProjects/WKIRO-Project/data/BD004/Session2/Overground_Run/Run_Fast/Post_Process/Run_Fast1.csv,BD004,1,train
BD004,Session2,overground,run,fast,Overground_Run,Run_Fast,C:/Users/KUBA/GitProjects/WKIRO-Project/data/BD004/Session2/Overground_Run/Run_Fast/Post_Process/Run_Fast10.csv,BD004,1,train
BD004,Session2,overground,run,fast,Overground_Run,Run_Fast,C:/Users/KUBA/GitProjects/WKIRO-Project/data/BD004/Session2/Overground_Run/Run_Fast/Post_Process/Run_Fast11.csv,BD004,1,train
BD004,Session2,overground,run,fast,Overground_Run,Run_Fast,C:/Users/KUBA/GitProjects/WKIRO-Project/data/BD004/Session2/Overground_Run/Run_Fast/Post_Process/Run_Fast12.csv,BD004,1,train
BD004,Session2,overground,run,fast,Overground_Run,Run_Fast,C:/Users/KUBA/GitProjects/WKIRO-Project/data/BD004/Session2/Overground_Run/Run_Fast/Post_Process/Run_Fast13.csv,BD004,1,test
BD004,Session2,overground,run,fast,Overground_Run,Run_Fast,C:/Users/KUBA/GitProjects/WKIRO-Project/data/BD004/Session2/Overground_Run/Run_Fast/Post_Process/Run_Fast14.csv,BD004,1,train
BD004,Session2,overground,run,fast,Overground_Run,Run_Fast,C:/Users/KUBA/GitProjects/WKIRO-Project/data/BD004/Session2/Overground_Run/Run_Fast/Post_Process/Run_Fast15.csv,BD004,1,test
BD004,Session2,overground,run,fast,Overground_Run,Run_Fast,C:/Users/KUBA/GitProjects/WKIRO-Project/data/BD004/Session2/Overground_Run/Run_Fast/Post_Process/Run_Fast16.csv,BD004,1,train
BD004,Session2,overground,run,fast,Overground_Run,Run_Fast,C:/Users/KUBA/GitProjects/WKIRO-Project/data/BD004/Session2/Overground_Run/Run_Fast/Post_Process/Run_Fast2.csv,BD004,1,train
BD004,Session2,overground,run,fast,Overground_Run,Run_Fast,C:/Users/KUBA/GitProjects/WKIRO-Project/data/BD004/Session2/Overground_Run/Run_Fast/Post_Process/Run_Fast3.csv,BD004,1,test
BD004,Session2,overground,run,fast,Overground_Run,Run_Fast,C:/Users/KUBA/GitProjects/WKIRO-Project/data/BD004/Session2/Overground_Run/Run_Fast/Post_Process/Run_Fast4.csv,BD004,1,train
BD004,Session2,overground,run,fast,Overground_Run,Run_Fast,C:/Users/KUBA/GitProjects/WKIRO-Project/data/BD004/Session2/Overground_Run/Run_Fast/Post_Process/Run_Fast5.csv,BD004,1,test
BD004,Session2,overground,run,fast,Overground_Run,Run_Fast,C:/Users/KUBA/GitProjects/WKIRO-Project/data/BD004/Session2/Overground_Run/Run_Fast/Post_Process/Run_Fast6.csv,BD004,1,val
BD004,Session2,overground,run,fast,Overground_Run,Run_Fast,C:/Users/KUBA/GitProjects/WKIRO-Project/data/BD004/Session2/Overground_Run/Run_Fast/Post_Process/Run_Fast7.csv,BD004,1,train
BD004,Session2,overground,run,fast,Overground_Run,Run_Fast,C:/Users/KUBA/GitProjects/WKIRO-Project/data/BD004/Session2/Overground_Run/Run_Fast/Post_Process/Run_Fast8.csv,BD004,1,train
BD004,Session2,overground,run,fast,Overground_Run,Run_Fast,C:/Users/KUBA/GitProjects/WKIRO-Project/data/BD004/Session2/Overground_Run/Run_Fast/Post_Process/Run_Fast9.csv,BD004,1,train
BD004,Session2,overground,walk,comfortable,Overground_Walk,Walk_Comfortable,C:/Users/KUBA/GitProjects/WKIRO-Project/data/BD004/Session2/Overground_Walk/Walk_Comfortable/Post_Process/Walk_Comfortable1.csv,BD004,1,test
BD004,Session2,overground,walk,comfortable,Overground_Walk,Walk_Comfortable,C:/Users/KUBA/GitProjects/WKIRO-Project/data/BD004/Session2/Overground_Walk/Walk_Comfortable/Post_Process/Walk_Comfortable2.csv,BD004,1,val
BD004,Session2,overground,walk,comfortable,Overground_Walk,Walk_Comfortable,C:/Users/KUBA/GitProjects/WKIRO-Project/data/BD004/Session2/Overground_Walk/Walk_Comfortable/Post_Process/Walk_Comfortable3.csv,BD004,1,val
BD004,Session2,overground,walk,comfortable,Overground_Walk,Walk_Comfortable,C:/Users/KUBA/GitProjects/WKIRO-Project/data/BD004/Session2/Overground_Walk/Walk_Comfortable/Post_Process/Walk_Comfortable4.csv,BD004,1,train
BD004,Session2,overground,walk,comfortable,Overground_Walk,Walk_Comfortable,C:/Users/KUBA/GitProjects/WKIRO-Project/data/BD004/Session2/Overground_Walk/Walk_Comfortable/Post_Process/Walk_Comfortable5.csv,BD004,1,train
BD004,Session2,overground,walk,comfortable,Overground_Walk,Walk_Comfortable,C:/Users/KUBA/GitProjects/WKIRO-Project/data/BD004/Session2/Overground_Walk/Walk_Comfortable/Post_Process/Walk_Comfortable6.csv,BD004,1,train
BD004,Session2,overground,walk,fast,Overground_Walk,Walk_Fast,C:/Users/KUBA/GitProjects/WKIRO-Project/data/BD004/Session2/Overground_Walk/Walk_Fast/Post_Process/Walk_Fast1.csv,BD004,1,train
BD004,Session2,overground,walk,fast,Overground_Walk,Walk_Fast,C:/Users/KUBA/GitProjects/WKIRO-Project/data/BD004/Session2/Overground_Walk/Walk_Fast/Post_Process/Walk_Fast2.csv,BD004,1,test
BD004,Session2,overground,walk,fast,Overground_Walk,Walk_Fast,C:/Users/KUBA/GitProjects/WKIRO-Project/data/BD004/Session2/Overground_Walk/Walk_Fast/Post_Process/Walk_Fast3.csv,BD004,1,train
BD004,Session2,overground,walk,fast,Overground_Walk,Walk_Fast,C:/Users/KUBA/GitProjects/WKIRO-Project/data/BD004/Session2/Overground_Walk/Walk_Fast/Post_Process/Walk_Fast4.csv,BD004,1,train
BD004,Session2,overground,walk,fast,Overground_Walk,Walk_Fast,C:/Users/KUBA/GitProjects/WKIRO-Project/data/BD004/Session2/Overground_Walk/Walk_Fast/Post_Process/Walk_Fast5.csv,BD004,1,train
BD004,Session2,overground,walk,fast,Overground_Walk,Walk_Fast,C:/Users/KUBA/GitProjects/WKIRO-Project/data/BD004/Session2/Overground_Walk/Walk_Fast/Post_Process/Walk_Fast6.csv,BD004,1,train
BD004,Session2,overground,walk,fast,Overground_Walk,Walk_Fast,C:/Users/KUBA/GitProjects/WKIRO-Project/data/BD004/Session2/Overground_Walk/Walk_Fast/Post_Process/Walk_Fast7.csv,BD004,1,train
BD004,Session2,overground,walk,fast,Overground_Walk,Walk_Fast,C:/Users/KUBA/GitProjects/WKIRO-Project/data/BD004/Session2/Overground_Walk/Walk_Fast/Post_Process/Walk_Fast8.csv,BD004,1,train
BD004,Session2,overground,walk,slow,Overground_Walk,Walk_Slow,C:/Users/KUBA/GitProjects/WKIRO-Project/data/BD004/Session2/Overground_Walk/Walk_Slow/Post_Process/Walk_Slow1.csv,BD004,1,val
BD004,Session2,overground,walk,slow,Overground_Walk,Walk_Slow,C:/Users/KUBA/GitProjects/WKIRO-Project/data/BD004/Session2/Overground_Walk/Walk_Slow/Post_Process/Walk_Slow2.csv,BD004,1,train
BD004,Session2,overground,walk,slow,Overground_Walk,Walk_Slow,C:/Users/KUBA/GitProjects/WKIRO-Project/data/BD004/Session2/Overground_Walk/Walk_Slow/Post_Process/Walk_Slow3.csv,BD004,1,train
BD004,Session2,overground,walk,slow,Overground_Walk,Walk_Slow,C:/Users/KUBA/GitProjects/WKIRO-Project/data/BD004/Session2/Overground_Walk/Walk_Slow/Post_Process/Walk_Slow4.csv,BD004,1,train
BD004,Session2,treadmill,run,comfortable,Treadmill_Run,Treadmill_Run_Comfortable,C:/Users/KUBA/GitProjects/WKIRO-Project/data/BD004/Session2/Treadmill_Run/Treadmill_Run_Comfortable/Post_Process/Treadmill_Run_Comfortable.csv,BD004,1,val
BD004,Session2,treadmill,run,fast,Treadmill_Run,Treadmill_Run_Fast,C:/Users/KUBA/GitProjects/WKIRO-Project/data/BD004/Session2/Treadmill_Run/Treadmill_Run_Fast/Post_Process/Treadmill_Run_Fast.csv,BD004,1,train
BD004,Session2,treadmill,walk,comfortable,Treadmill_Walk,Treadmill_Walk_Comfortable,C:/Users/KUBA/GitProjects/WKIRO-Project/data/BD004/Session2/Treadmill_Walk/Treadmill_Walk_Comfortable/Post_Process/Treadmill_Walk_Comfortable.csv,BD004,1,train
BD004,Session2,treadmill,walk,fast,Treadmill_Walk,Treadmill_Walk_Fast,C:/Users/KUBA/GitProjects/WKIRO-Project/data/BD004/Session2/Treadmill_Walk/Treadmill_Walk_Fast/Post_Process/Treadmill_Walk_Fast.csv,BD004,1,train
BD004,Session2,treadmill,walk,slow,Treadmill_Walk,Treadmill_Walk_Slow,C:/Users/KUBA/GitProjects/WKIRO-Project/data/BD004/Session2/Treadmill_Walk/Treadmill_Walk_Slow/Post_Process/Treadmill_Walk_Slow.csv,BD004,1,test
BL025,Session1,overground,run,comfortable,Overground_Run,Run_Comfortable,C:/Users/KUBA/GitProjects/WKIRO-Project/data/BL025/Session1/Overground_Run/Run_Comfortable/Post_Process/Run_Comfortable1.csv,BL025,2,train
BL025,Session1,overground,run,comfortable,Overground_Run,Run_Comfortable,C:/Users/KUBA/GitProjects/WKIRO-Project/data/BL025/Session1/Overground_Run/Run_Comfortable/Post_Process/Run_Comfortable2.csv,BL025,2,test
BL025,Session1,overground,run,comfortable,Overground_Run,Run_Comfortable,C:/Users/KUBA/GitProjects/WKIRO-Project/data/BL025/Session1/Overground_Run/Run_Comfortable/Post_Process/Run_Comfortable3.csv,BL025,2,train
BL025,Session1,overground,run,comfortable,Overground_Run,Run_Comfortable,C:/Users/KUBA/GitProjects/WKIRO-Project/data/BL025/Session1/Overground_Run/Run_Comfortable/Post_Process/Run_Comfortable4.csv,BL025,2,train
BL025,Session1,overground,run,comfortable,Overground_Run,Run_Comfortable,C:/Users/KUBA/GitProjects/WKIRO-Project/data/BL025/Session1/Overground_Run/Run_Comfortable/Post_Process/Run_Comfortable5.csv,BL025,2,train
BL025,Session1,overground,run,comfortable,Overground_Run,Run_Comfortable,C:/Users/KUBA/GitProjects/WKIRO-Project/data/BL025/Session1/Overground_Run/Run_Comfortable/Post_Process/Run_Comfortable6.csv,BL025,2,train
BL025,Session1,overground,run,comfortable,Overground_Run,Run_Comfortable,C:/Users/KUBA/GitProjects/WKIRO-Project/data/BL025/Session1/Overground_Run/Run_Comfortable/Post_Process/Run_Comfortable7.csv,BL025,2,train
BL025,Session1,overground,run,comfortable,Overground_Run,Run_Comfortable,C:/Users/KUBA/GitProjects/WKIRO-Project/data/BL025/Session1/Overground_Run/Run_Comfortable/Post_Process/Run_Comfortable8.csv,BL025,2,test
BL025,Session1,overground,run,fast,Overground_Run,Run_Fast,C:/Users/KUBA/GitProjects/WKIRO-Project/data/BL025/Session1/Overground_Run/Run_Fast/Post_Process/Run_Fast1.csv,BL025,2,test
BL025,Session1,overground,run,fast,Overground_Run,Run_Fast,C:/Users/KUBA/GitProjects/WKIRO-Project/data/BL025/Session1/Overground_Run/Run_Fast/Post_Process/Run_Fast10.csv,BL025,2,val
BL025,Session1,overground,run,fast,Overground_Run,Run_Fast,C:/Users/KUBA/GitProjects/WKIRO-Project/data/BL025/Session1/Overground_Run/Run_Fast/Post_Process/Run_Fast2.csv,BL025,2,train
BL025,Session1,overground,run,fast,Overground_Run,Run_Fast,C:/Users/KUBA/GitProjects/WKIRO-Project/data/BL025/Session1/Overground_Run/Run_Fast/Post_Process/Run_Fast3.csv,BL025,2,train
BL025,Session1,overground,run,fast,Overground_Run,Run_Fast,C:/Users/KUBA/GitProjects/WKIRO-Project/data/BL025/Session1/Overground_Run/Run_Fast/Post_Process/Run_Fast4.csv,BL025,2,train
BL025,Session1,overground,run,fast,Overground_Run,Run_Fast,C:/Users/KUBA/GitProjects/WKIRO-Project/data/BL025/Session1/Overground_Run/Run_Fast/Post_Process/Run_Fast5.csv,BL025,2,val
BL025,Session1,overground,run,fast,Overground_Run,Run_Fast,C:/Users/KUBA/GitProjects/WKIRO-Project/data/BL025/Session1/Overground_Run/Run_Fast/Post_Process/Run_Fast6.csv,BL025,2,train
BL025,Session1,overground,run,fast,Overground_Run,Run_Fast,C:/Users/KUBA/GitProjects/WKIRO-Project/data/BL025/Session1/Overground_Run/Run_Fast/Post_Process/Run_Fast7.csv,BL025,2,train
BL025,Session1,overground,run,fast,Overground_Run,Run_Fast,C:/Users/KUBA/GitProjects/WKIRO-Project/data/BL025/Session1/Overground_Run/Run_Fast/Post_Process/Run_Fast8.csv,BL025,2,train
BL025,Session1,overground,run,fast,Overground_Run,Run_Fast,C:/Users/KUBA/GitProjects/WKIRO-Project/data/BL025/Session1/Overground_Run/Run_Fast/Post_Process/Run_Fast9.csv,BL025,2,val
BL025,Session1,overground,walk,comfortable,Overground_Walk,Walk_Comfortable,C:/Users/KUBA/GitProjects/WKIRO-Project/data/BL025/Session1/Overground_Walk/Walk_Comfortable/Post_Process/Walk_Comfortable1.csv,BL025,2,train
BL025,Session1,overground,walk,comfortable,Overground_Walk,Walk_Comfortable,C:/Users/KUBA/GitProjects/WKIRO-Project/data/BL025/Session1/Overground_Walk/Walk_Comfortable/Post_Process/Walk_Comfortable2.csv,BL025,2,train
BL025,Session1,overground,walk,comfortable,Overground_Walk,Walk_Comfortable,C:/Users/KUBA/GitProjects/WKIRO-Project/data/BL025/Session1/Overground_Walk/Walk_Comfortable/Post_Process/Walk_Comfortable3.csv,BL025,2,train
BL025,Session1,overground,walk,comfortable,Overground_Walk,Walk_Comfortable,C:/Users/KUBA/GitProjects/WKIRO-Project/data/BL025/Session1/Overground_Walk/Walk_Comfortable/Post_Process/Walk_Comfortable4.csv,BL025,2,val
BL025,Session1,overground,walk,comfortable,Overground_Walk,Walk_Comfortable,C:/Users/KUBA/GitProjects/WKIRO-Project/data/BL025/Session1/Overground_Walk/Walk_Comfortable/Post_Process/Walk_Comfortable5.csv,BL025,2,train
BL025,Session1,overground,walk,comfortable,Overground_Walk,Walk_Comfortable,C:/Users/KUBA/GitProjects/WKIRO-Project/data/BL025/Session1/Overground_Walk/Walk_Comfortable/Post_Process/Walk_Comfortable6.csv,BL025,2,test
BL025,Session1,overground,walk,fast,Overground_Walk,Walk_Fast,C:/Users/KUBA/GitProjects/WKIRO-Project/data/BL025/Session1/Overground_Walk/Walk_Fast/Post_Process/Walk_Fast1.csv,BL025,2,train
BL025,Session1,overground,walk,fast,Overground_Walk,Walk_Fast,C:/Users/KUBA/GitProjects/WKIRO-Project/data/BL025/Session1/Overground_Walk/Walk_Fast/Post_Process/Walk_Fast2.csv,BL025,2,train
BL025,Session1,overground,walk,fast,Overground_Walk,Walk_Fast,C:/Users/KUBA/GitProjects/WKIRO-Project/data/BL025/Session1/Overground_Walk/Walk_Fast/Post_Process/Walk_Fast3.csv,BL025,2,train
BL025,Session1,overground,walk,fast,Overground_Walk,Walk_Fast,C:/Users/KUBA/GitProjects/WKIRO-Project/data/BL025/Session1/Overground_Walk/Walk_Fast/Post_Process/Walk_Fast4.csv,BL025,2,test
BL025,Session1,overground,walk,fast,Overground_Walk,Walk_Fast,C:/Users/KUBA/GitProjects/WKIRO-Project/data/BL025/Session1/Overground_Walk/Walk_Fast/Post_Process/Walk_Fast5.csv,BL025,2,train
BL025,Session1,overground,walk,fast,Overground_Walk,Walk_Fast,C:/Users/KUBA/GitProjects/WKIRO-Project/data/BL025/Session1/Overground_Walk/Walk_Fast/Post_Process/Walk_Fast6.csv,BL025,2,train
BL025,Session1,overground,walk,fast,Overground_Walk,Walk_Fast,C:/Users/KUBA/GitProjects/WKIRO-Project/data/BL025/Session1/Overground_Walk/Walk_Fast/Post_Process/Walk_Fast7.csv,BL025,2,test
BL025,Session1,overground,walk,fast,Overground_Walk,Walk_Fast,C:/Users/KUBA/GitProjects/WKIRO-Project/data/BL025/Session1/Overground_Walk/Walk_Fast/Post_Process/Walk_Fast8.csv,BL025,2,test
BL025,Session1,overground,walk,slow,Overground_Walk,Walk_Slow,C:/Users/KUBA/GitProjects/WKIRO-Project/data/BL025/Session1/Overground_Walk/Walk_Slow/Post_Process/Walk_Slow1.csv,BL025,2,test
BL025,Session1,overground,walk,slow,Overground_Walk,Walk_Slow,C:/Users/KUBA/GitProjects/WKIRO-Project/data/BL025/Session1/Overground_Walk/Walk_Slow/Post_Process/Walk_Slow2.csv,BL025,2,train
BL025,Session1,overground,walk,slow,Overground_Walk,Walk_Slow,C:/Users/KUBA/GitProjects/WKIRO-Project/data/BL025/Session1/Overground_Walk/Walk_Slow/Post_Process/Walk_Slow3.csv,BL025,2,train
BL025,Session1,overground,walk,slow,Overground_Walk,Walk_Slow,C:/Users/KUBA/GitProjects/WKIRO-Project/data/BL025/Session1/Overground_Walk/Walk_Slow/Post_Process/Walk_Slow4.csv,BL025,2,train
BL025,Session1,overground,walk,slow,Overground_Walk,Walk_Slow,C:/Users/KUBA/GitProjects/WKIRO-Project/data/BL025/Session1/Overground_Walk/Walk_Slow/Post_Process/Walk_Slow5.csv,BL025,2,train
BL025,Session1,overground,walk,slow,Overground_Walk,Walk_Slow,C:/Users/KUBA/GitProjects/WKIRO-Project/data/BL025/Session1/Overground_Walk/Walk_Slow/Post_Process/Walk_Slow6.csv,BL025,2,val
BL025,Session1,overground,walk,slow,Overground_Walk,Walk_Slow,C:/Users/KUBA/GitProjects/WKIRO-Project/data/BL025/Session1/Overground_Walk/Walk_Slow/Post_Process/Walk_Slow7.csv,BL025,2,train
BL025,Session1,overground,walk,slow,Overground_Walk,Walk_Slow,C:/Users/KUBA/GitProjects/WKIRO-Project/data/BL025/Session1/Overground_Walk/Walk_Slow/Post_Process/Walk_Slow8.csv,BL025,2,train
BL025,Session1,treadmill,run,comfortable,Treadmill_Run,Treadmill_Run_Comfortable,C:/Users/KUBA/GitProjects/WKIRO-Project/data/BL025/Session1/Treadmill_Run/Treadmill_Run_Comfortable/Post_Process/Treadmill_Run_Comfortable.csv,BL025,2,train
BL025,Session1,treadmill,run,fast,Treadmill_Run,Treadmill_Run_Fast,C:/Users/KUBA/GitProjects/WKIRO-Project/data/BL025/Session1/Treadmill_Run/Treadmill_Run_Fast/Post_Process/Treadmill_Run_Fast.csv,BL025,2,val
BL025,Session1,treadmill,walk,comfortable,Treadmill_Walk,Treadmill_Walk_Comfortable,C:/Users/KUBA/GitProjects/WKIRO-Project/data/BL025/Session1/Treadmill_Walk/Treadmill_Walk_Comfortable/Post_Process/Treadmill_Walk_Comfortable.csv,BL025,2,train
BL025,Session1,treadmill,walk,fast,Treadmill_Walk,Treadmill_Walk_Fast,C:/Users/KUBA/GitProjects/WKIRO-Project/data/BL025/Session1/Treadmill_Walk/Treadmill_Walk_Fast/Post_Process/Treadmill_Walk_Fast.csv,BL025,2,test
BL025,Session1,treadmill,walk,slow,Treadmill_Walk,Treadmill_Walk_Slow,C:/Users/KUBA/GitProjects/WKIRO-Project/data/BL025/Session1/Treadmill_Walk/Treadmill_Walk_Slow/Post_Process/Treadmill_Walk_Slow.csv,BL025,2,val
BL025,Session2,overground,run,comfortable,Overground_Run,Run_Comfortable,C:/Users/KUBA/GitProjects/WKIRO-Project/data/BL025/Session2/Overground_Run/Run_Comfortable/Post_Process/Run_Comfortable1.csv,BL025,2,train
BL025,Session2,overground,run,comfortable,Overground_Run,Run_Comfortable,C:/Users/KUBA/GitProjects/WKIRO-Project/data/BL025/Session2/Overground_Run/Run_Comfortable/Post_Process/Run_Comfortable10.csv,BL025,2,train
BL025,Session2,overground,run,comfortable,Overground_Run,Run_Comfortable,C:/Users/KUBA/GitProjects/WKIRO-Project/data/BL025/Session2/Overground_Run/Run_Comfortable/Post_Process/Run_Comfortable2.csv,BL025,2,test
BL025,Session2,overground,run,comfortable,Overground_Run,Run_Comfortable,C:/Users/KUBA/GitProjects/WKIRO-Project/data/BL025/Session2/Overground_Run/Run_Comfortable/Post_Process/Run_Comfortable3.csv,BL025,2,train
BL025,Session2,overground,run,comfortable,Overground_Run,Run_Comfortable,C:/Users/KUBA/GitProjects/WKIRO-Project/data/BL025/Session2/Overground_Run/Run_Comfortable/Post_Process/Run_Comfortable4.csv,BL025,2,train
BL025,Session2,overground,run,comfortable,Overground_Run,Run_Comfortable,C:/Users/KUBA/GitProjects/WKIRO-Project/data/BL025/Session2/Overground_Run/Run_Comfortable/Post_Process/Run_Comfortable5.csv,BL025,2,train
BL025,Session2,overground,run,comfortable,Overground_Run,Run_Comfortable,C:/Users/KUBA/GitProjects/WKIRO-Project/data/BL025/Session2/Overground_Run/Run_Comfortable/Post_Process/Run_Comfortable6.csv,BL025,2,train
BL025,Session2,overground,run,comfortable,Overground_Run,Run_Comfortable,C:/Users/KUBA/GitProjects/WKIRO-Project/data/BL025/Session2/Overground_Run/Run_Comfortable/Post_Process/Run_Comfortable7.csv,BL025,2,train
BL025,Session2,overground,run,comfortable,Overground_Run,Run_Comfortable,C:/Users/KUBA/GitProjects/WKIRO-Project/data/BL025/Session2/Overground_Run/Run_Comfortable/Post_Process/Run_Comfortable8.csv,BL025,2,val
BL025,Session2,overground,run,comfortable,Overground_Run,Run_Comfortable,C:/Users/KUBA/GitProjects/WKIRO-Project/data/BL025/Session2/Overground_Run/Run_Comfortable/Post_Process/Run_Comfortable9.csv,BL025,2,val
BL025,Session2,overground,run,fast,Overground_Run,Run_Fast,C:/Users/KUBA/GitProjects/WKIRO-Project/data/BL025/Session2/Overground_Run/Run_Fast/Post_Process/Run_Fast1.csv,BL025,2,train
BL025,Session2,overground,run,fast,Overground_Run,Run_Fast,C:/Users/KUBA/GitProjects/WKIRO-Project/data/BL025/Session2/Overground_Run/Run_Fast/Post_Process/Run_Fast10.csv,BL025,2,train
BL025,Session2,overground,run,fast,Overground_Run,Run_Fast,C:/Users/KUBA/GitProjects/WKIRO-Project/data/BL025/Session2/Overground_Run/Run_Fast/Post_Process/Run_Fast2.csv,BL025,2,train
BL025,Session2,overground,run,fast,Overground_Run,Run_Fast,C:/Users/KUBA/GitProjects/WKIRO-Project/data/BL025/Session2/Overground_Run/Run_Fast/Post_Process/Run_Fast3.csv,BL025,2,test
BL025,Session2,overground,run,fast,Overground_Run,Run_Fast,C:/Users/KUBA/GitProjects/WKIRO-Project/data/BL025/Session2/Overground_Run/Run_Fast/Post_Process/Run_Fast4.csv,BL025,2,train
BL025,Session2,overground,run,fast,Overground_Run,Run_Fast,C:/Users/KUBA/GitProjects/WKIRO-Project/data/BL025/Session2/Overground_Run/Run_Fast/Post_Process/Run_Fast5.csv,BL025,2,test
BL025,Session2,overground,run,fast,Overground_Run,Run_Fast,C:/Users/KUBA/GitProjects/WKIRO-Project/data/BL025/Session2/Overground_Run/Run_Fast/Post_Process/Run_Fast6.csv,BL025,2,train
BL025,Session2,overground,run,fast,Overground_Run,Run_Fast,C:/Users/KUBA/GitProjects/WKIRO-Project/data/BL025/Session2/Overground_Run/Run_Fast/Post_Process/Run_Fast7.csv,BL025,2,val
BL025,Session2,overground,run,fast,Overground_Run,Run_Fast,C:/Users/KUBA/GitProjects/WKIRO-Project/data/BL025/Session2/Overground_Run/Run_Fast/Post_Process/Run_Fast8.csv,BL025,2,train
BL025,Session2,overground,run,fast,Overground_Run,Run_Fast,C:/Users/KUBA/GitProjects/WKIRO-Project/data/BL025/Session2/Overground_Run/Run_Fast/Post_Process/Run_Fast9.csv,BL025,2,train
BL025,Session2,overground,walk,comfortable,Overground_Walk,Walk_Comfortable,C:/Users/KUBA/GitProjects/WKIRO-Project/data/BL025/Session2/Overground_Walk/Walk_Comfortable/Post_Process/Walk_Comfortable1.csv,BL025,2,train
BL025,Session2,overground,walk,comfortable,Overground_Walk,Walk_Comfortable,C:/Users/KUBA/GitProjects/WKIRO-Project/data/BL025/Session2/Overground_Walk/Walk_Comfortable/Post_Process/Walk_Comfortable2.csv,BL025,2,val
BL025,Session2,overground,walk,comfortable,Overground_Walk,Walk_Comfortable,C:/Users/KUBA/GitProjects/WKIRO-Project/data/BL025/Session2/Overground_Walk/Walk_Comfortable/Post_Process/Walk_Comfortable3.csv,BL025,2,train
BL025,Session2,overground,walk,comfortable,Overground_Walk,Walk_Comfortable,C:/Users/KUBA/GitProjects/WKIRO-Project/data/BL025/Session2/Overground_Walk/Walk_Comfortable/Post_Process/Walk_Comfortable4.csv,BL025,2,train
BL025,Session2,overground,walk,comfortable,Overground_Walk,Walk_Comfortable,C:/Users/KUBA/GitProjects/WKIRO-Project/data/BL025/Session2/Overground_Walk/Walk_Comfortable/Post_Process/Walk_Comfortable5.csv,BL025,2,train
BL025,Session2,overground,walk,comfortable,Overground_Walk,Walk_Comfortable,C:/Users/KUBA/GitProjects/WKIRO-Project/data/BL025/Session2/Overground_Walk/Walk_Comfortable/Post_Process/Walk_Comfortable6.csv,BL025,2,val
BL025,Session2,overground,walk,comfortable,Overground_Walk,Walk_Comfortable,C:/Users/KUBA/GitProjects/WKIRO-Project/data/BL025/Session2/Overground_Walk/Walk_Comfortable/Post_Process/Walk_Comfortable7.csv,BL025,2,train
BL025,Session2,overground,walk,comfortable,Overground_Walk,Walk_Comfortable,C:/Users/KUBA/GitProjects/WKIRO-Project/data/BL025/Session2/Overground_Walk/Walk_Comfortable/Post_Process/Walk_Comfortable8.csv,BL025,2,train
BL025,Session2,overground,walk,fast,Overground_Walk,Walk_Fast,C:/Users/KUBA/GitProjects/WKIRO-Project/data/BL025/Session2/Overground_Walk/Walk_Fast/Post_Process/Walk_Fast1.csv,BL025,2,train
BL025,Session2,overground,walk,fast,Overground_Walk,Walk_Fast,C:/Users/KUBA/GitProjects/WKIRO-Project/data/BL025/Session2/Overground_Walk/Walk_Fast/Post_Process/Walk_Fast2.csv,BL025,2,train
BL025,Session2,overground,walk,fast,Overground_Walk,Walk_Fast,C:/Users/KUBA/GitProjects/WKIRO-Project/data/BL025/Session2/Overground_Walk/Walk_Fast/Post_Process/Walk_Fast3.csv,BL025,2,train
BL025,Session2,overground,walk,fast,Overground_Walk,Walk_Fast,C:/Users/KUBA/GitProjects/WKIRO-Project/data/BL025/Session2/Overground_Walk/Walk_Fast/Post_Process/Walk_Fast4.csv,BL025,2,train
BL025,Session2,overground,walk,fast,Overground_Walk,Walk_Fast,C:/Users/KUBA/GitProjects/WKIRO-Project/data/BL025/Session2/Overground_Walk/Walk_Fast/Post_Process/Walk_Fast5.csv,BL025,2,train
BL025,Session2,overground,walk,fast,Overground_Walk,Walk_Fast,C:/Users/KUBA/GitProjects/WKIRO-Project/data/BL025/Session2/Overground_Walk/Walk_Fast/Post_Process/Walk_Fast6.csv,BL025,2,test
BL025,Session2,overground,walk,fast,Overground_Walk,Walk_Fast,C:/Users/KUBA/GitProjects/WKIRO-Project/data/BL025/Session2/Overground_Walk/Walk_Fast/Post_Process/Walk_Fast7.csv,BL025,2,train
BL025,Session2,overground,walk,fast,Overground_Walk,Walk_Fast,C:/Users/KUBA/GitProjects/WKIRO-Project/data/BL025/Session2/Overground_Walk/Walk_Fast/Post_Process/Walk_Fast8.csv,BL025,2,train
BL025,Session2,overground,walk,slow,Overground_Walk,Walk_Slow,C:/Users/KUBA/GitProjects/WKIRO-Project/data/BL025/Session2/Overground_Walk/Walk_Slow/Post_Process/Walk_Slow1.csv,BL025,2,train
BL025,Session2,overground,walk,slow,Overground_Walk,Walk_Slow,C:/Users/KUBA/GitProjects/WKIRO-Project/data/BL025/Session2/Overground_Walk/Walk_Slow/Post_Process/Walk_Slow2.csv,BL025,2,train
BL025,Session2,overground,walk,slow,Overground_Walk,Walk_Slow,C:/Users/KUBA/GitProjects/WKIRO-Project/data/BL025/Session2/Overground_Walk/Walk_Slow/Post_Process/Walk_Slow3.csv,BL025,2,train
BL025,Session2,overground,walk,slow,Overground_Walk,Walk_Slow,C:/Users/KUBA/GitProjects/WKIRO-Project/data/BL025/Session2/Overground_Walk/Walk_Slow/Post_Process/Walk_Slow4.csv,BL025,2,val
BL025,Session2,overground,walk,slow,Overground_Walk,Walk_Slow,C:/Users/KUBA/GitProjects/WKIRO-Project/data/BL025/Session2/Overground_Walk/Walk_Slow/Post_Process/Walk_Slow5.csv,BL025,2,test
BL025,Session2,overground,walk,slow,Overground_Walk,Walk_Slow,C:/Users/KUBA/GitProjects/WKIRO-Project/data/BL025/Session2/Overground_Walk/Walk_Slow/Post_Process/Walk_Slow6.csv,BL025,2,train
BL025,Session2,overground,walk,slow,Overground_Walk,Walk_Slow,C:/Users/KUBA/GitProjects/WKIRO-Project/data/BL025/Session2/Overground_Walk/Walk_Slow/Post_Process/Walk_Slow7.csv,BL025,2,train
BL025,Session2,overground,walk,slow,Overground_Walk,Walk_Slow,C:/Users/KUBA/GitProjects/WKIRO-Project/data/BL025/Session2/Overground_Walk/Walk_Slow/Post_Process/Walk_Slow8.csv,BL025,2,train
BL025,Session2,treadmill,run,comfortable,Treadmill_Run,Treadmill_Run_Comfortable,C:/Users/KUBA/GitProjects/WKIRO-Project/data/BL025/Session2/Treadmill_Run/Treadmill_Run_Comfortable/Post_Process/Treadmill_Run_Comfortable.csv,BL025,2,train
BL025,Session2,treadmill,run,fast,Treadmill_Run,Treadmill_Run_Fast,C:/Users/KUBA/GitProjects/WKIRO-Project/data/BL025/Session2/Treadmill_Run/Treadmill_Run_Fast/Post_Process/Treadmill_Run_Fast.csv,BL025,2,train
BL025,Session2,treadmill,walk,comfortable,Treadmill_Walk,Treadmill_Walk_Comfortable,C:/Users/KUBA/GitProjects/WKIRO-Project/data/BL025/Session2/Treadmill_Walk/Treadmill_Walk_Comfortable/Post_Process/Treadmill_Walk_Comfortable.csv,BL025,2,val
BL025,Session2,treadmill,walk,fast,Treadmill_Walk,Treadmill_Walk_Fast,C:/Users/KUBA/GitProjects/WKIRO-Project/data/BL025/Session2/Treadmill_Walk/Treadmill_Walk_Fast/Post_Process/Treadmill_Walk_Fast.csv,BL025,2,train
BL025,Session2,treadmill,walk,slow,Treadmill_Walk,Treadmill_Walk_Slow,C:/Users/KUBA/GitProjects/WKIRO-Project/data/BL025/Session2/Treadmill_Walk/Treadmill_Walk_Slow/Post_Process/Treadmill_Walk_Slow.csv,BL025,2,train
CF027,Session1,overground,run,comfortable,Overground_Run,Run_Comfortable,C:/Users/KUBA/GitProjects/WKIRO-Project/data/CF027/Session1/Overground_Run/Run_Comfortable/Post_Process/Run_Comfortable1.csv,CF027,3,train
CF027,Session1,overground,run,comfortable,Overground_Run,Run_Comfortable,C:/Users/KUBA/GitProjects/WKIRO-Project/data/CF027/Session1/Overground_Run/Run_Comfortable/Post_Process/Run_Comfortable10.csv,CF027,3,train
CF027,Session1,overground,run,comfortable,Overground_Run,Run_Comfortable,C:/Users/KUBA/GitProjects/WKIRO-Project/data/CF027/Session1/Overground_Run/Run_Comfortable/Post_Process/Run_Comfortable2.csv,CF027,3,train
CF027,Session1,overground,run,comfortable,Overground_Run,Run_Comfortable,C:/Users/KUBA/GitProjects/WKIRO-Project/data/CF027/Session1/Overground_Run/Run_Comfortable/Post_Process/Run_Comfortable3.csv,CF027,3,test
CF027,Session1,overground,run,comfortable,Overground_Run,Run_Comfortable,C:/Users/KUBA/GitProjects/WKIRO-Project/data/CF027/Session1/Overground_Run/Run_Comfortable/Post_Process/Run_Comfortable4.csv,CF027,3,train
CF027,Session1,overground,run,comfortable,Overground_Run,Run_Comfortable,C:/Users/KUBA/GitProjects/WKIRO-Project/data/CF027/Session1/Overground_Run/Run_Comfortable/Post_Process/Run_Comfortable5.csv,CF027,3,train
CF027,Session1,overground,run,comfortable,Overground_Run,Run_Comfortable,C:/Users/KUBA/GitProjects/WKIRO-Project/data/CF027/Session1/Overground_Run/Run_Comfortable/Post_Process/Run_Comfortable6.csv,CF027,3,train
CF027,Session1,overground,run,comfortable,Overground_Run,Run_Comfortable,C:/Users/KUBA/GitProjects/WKIRO-Project/data/CF027/Session1/Overground_Run/Run_Comfortable/Post_Process/Run_Comfortable7.csv,CF027,3,train
CF027,Session1,overground,run,comfortable,Overground_Run,Run_Comfortable,C:/Users/KUBA/GitProjects/WKIRO-Project/data/CF027/Session1/Overground_Run/Run_Comfortable/Post_Process/Run_Comfortable8.csv,CF027,3,train
CF027,Session1,overground,run,comfortable,Overground_Run,Run_Comfortable,C:/Users/KUBA/GitProjects/WKIRO-Project/data/CF027/Session1/Overground_Run/Run_Comfortable/Post_Process/Run_Comfortable9.csv,CF027,3,train
CF027,Session1,overground,run,fast,Overground_Run,Run_Fast,C:/Users/KUBA/GitProjects/WKIRO-Project/data/CF027/Session1/Overground_Run/Run_Fast/Post_Process/Run_Fast1.csv,CF027,3,val
CF027,Session1,overground,run,fast,Overground_Run,Run_Fast,C:/Users/KUBA/GitProjects/WKIRO-Project/data/CF027/Session1/Overground_Run/Run_Fast/Post_Process/Run_Fast10.csv,CF027,3,train
CF027,Session1,overground,run,fast,Overground_Run,Run_Fast,C:/Users/KUBA/GitProjects/WKIRO-Project/data/CF027/Session1/Overground_Run/Run_Fast/Post_Process/Run_Fast2.csv,CF027,3,train
CF027,Session1,overground,run,fast,Overground_Run,Run_Fast,C:/Users/KUBA/GitProjects/WKIRO-Project/data/CF027/Session1/Overground_Run/Run_Fast/Post_Process/Run_Fast3.csv,CF027,3,train
CF027,Session1,overground,run,fast,Overground_Run,Run_Fast,C:/Users/KUBA/GitProjects/WKIRO-Project/data/CF027/Session1/Overground_Run/Run_Fast/Post_Process/Run_Fast4.csv,CF027,3,train
CF027,Session1,overground,run,fast,Overground_Run,Run_Fast,C:/Users/KUBA/GitProjects/WKIRO-Project/data/CF027/Session1/Overground_Run/Run_Fast/Post_Process/Run_Fast5.csv,CF027,3,train
CF027,Session1,overground,run,fast,Overground_Run,Run_Fast,C:/Users/KUBA/GitProjects/WKIRO-Project/data/CF027/Session1/Overground_Run/Run_Fast/Post_Process/Run_Fast6.csv,CF027,3,test
CF027,Session1,overground,run,fast,Overground_Run,Run_Fast,C:/Users/KUBA/GitProjects/WKIRO-Project/data/CF027/Session1/Overground_Run/Run_Fast/Post_Process/Run_Fast7.csv,CF027,3,train
CF027,Session1,overground,run,fast,Overground_Run,Run_Fast,C:/Users/KUBA/GitProjects/WKIRO-Project/data/CF027/Session1/Overground_Run/Run_Fast/Post_Process/Run_Fast8.csv,CF027,3,test
CF027,Session1,overground,run,fast,Overground_Run,Run_Fast,C:/Users/KUBA/GitProjects/WKIRO-Project/data/CF027/Session1/Overground_Run/Run_Fast/Post_Process/Run_Fast9.csv,CF027,3,val
CF027,Session1,overground,walk,comfortable,Overground_Walk,Walk_Comfortable,C:/Users/KUBA/GitProjects/WKIRO-Project/data/CF027/Session1/Overground_Walk/Walk_Comfortable/Post_Process/Walk_Comfortable1.csv,CF027,3,train
CF027,Session1,overground,walk,comfortable,Overground_Walk,Walk_Comfortable,C:/Users/KUBA/GitProjects/WKIRO-Project/data/CF027/Session1/Overground_Walk/Walk_Comfortable/Post_Process/Walk_Comfortable2.csv,CF027,3,train
CF027,Session1,overground,walk,comfortable,Overground_Walk,Walk_Comfortable,C:/Users/KUBA/GitProjects/WKIRO-Project/data/CF027/Session1/Overground_Walk/Walk_Comfortable/Post_Process/Walk_Comfortable3.csv,CF027,3,train
CF027,Session1,overground,walk,comfortable,Overground_Walk,Walk_Comfortable,C:/Users/KUBA/GitProjects/WKIRO-Project/data/CF027/Session1/Overground_Walk/Walk_Comfortable/Post_Process/Walk_Comfortable4.csv,CF027,3,train
CF027,Session1,overground,walk,comfortable,Overground_Walk,Walk_Comfortable,C:/Users/KUBA/GitProjects/WKIRO-Project/data/CF027/Session1/Overground_Walk/Walk_Comfortable/Post_Process/Walk_Comfortable5.csv,CF027,3,train
CF027,Session1,overground,walk,comfortable,Overground_Walk,Walk_Comfortable,C:/Users/KUBA/GitProjects/WKIRO-Project/data/CF027/Session1/Overground_Walk/Walk_Comfortable/Post_Process/Walk_Comfortable6.csv,CF027,3,train
CF027,Session1,overground,walk,comfortable,Overground_Walk,Walk_Comfortable,C:/Users/KUBA/GitProjects/WKIRO-Project/data/CF027/Session1/Overground_Walk/Walk_Comfortable/Post_Process/Walk_Comfortable7.csv,CF027,3,train
CF027,Session1,overground,walk,comfortable,Overground_Walk,Walk_Comfortable,C:/Users/KUBA/GitProjects/WKIRO-Project/data/CF027/Session1/Overground_Walk/Walk_Comfortable/Post_Process/Walk_Comfortable8.csv,CF027,3,test
CF027,Session1,overground,walk,fast,Overground_Walk,Walk_Fast,C:/Users/KUBA/GitProjects/WKIRO-Project/data/CF027/Session1/Overground_Walk/Walk_Fast/Post_Process/Walk_Fast1.csv,CF027,3,train
CF027,Session1,overground,walk,fast,Overground_Walk,Walk_Fast,C:/Users/KUBA/GitProjects/WKIRO-Project/data/CF027/Session1/Overground_Walk/Walk_Fast/Post_Process/Walk_Fast2.csv,CF027,3,train
CF027,Session1,overground,walk,fast,Overground_Walk,Walk_Fast,C:/Users/KUBA/GitProjects/WKIRO-Project/data/CF027/Session1/Overground_Walk/Walk_Fast/Post_Process/Walk_Fast3.csv,CF027,3,val
CF027,Session1,overground,walk,fast,Overground_Walk,Walk_Fast,C:/Users/KUBA/GitProjects/WKIRO-Project/data/CF027/Session1/Overground_Walk/Walk_Fast/Post_Process/Walk_Fast4.csv,CF027,3,train
CF027,Session1,overground,walk,fast,Overground_Walk,Walk_Fast,C:/Users/KUBA/GitProjects/WKIRO-Project/data/CF027/Session1/Overground_Walk/Walk_Fast/Post_Process/Walk_Fast5.csv,CF027,3,train
CF027,Session1,overground,walk,fast,Overground_Walk,Walk_Fast,C:/Users/KUBA/GitProjects/WKIRO-Project/data/CF027/Session1/Overground_Walk/Walk_Fast/Post_Process/Walk_Fast6.csv,CF027,3,test
CF027,Session1,overground,walk,fast,Overground_Walk,Walk_Fast,C:/Users/KUBA/GitProjects/WKIRO-Project/data/CF027/Session1/Overground_Walk/Walk_Fast/Post_Process/Walk_Fast7.csv,CF027,3,val
CF027,Session1,overground,walk,fast,Overground_Walk,Walk_Fast,C:/Users/KUBA/GitProjects/WKIRO-Project/data/CF027/Session1/Overground_Walk/Walk_Fast/Post_Process/Walk_Fast8.csv,CF027,3,train
CF027,Session1,overground,walk,slow,Overground_Walk,Walk_Slow,C:/Users/KUBA/GitProjects/WKIRO-Project/data/CF027/Session1/Overground_Walk/Walk_Slow/Post_Process/Walk_Slow1.csv,CF027,3,train
CF027,Session1,overground,walk,slow,Overground_Walk,Walk_Slow,C:/Users/KUBA/GitProjects/WKIRO-Project/data/CF027/Session1/Overground_Walk/Walk_Slow/Post_Process/Walk_Slow2.csv,CF027,3,train
CF027,Session1,overground,walk,slow,Overground_Walk,Walk_Slow,C:/Users/KUBA/GitProjects/WKIRO-Project/data/CF027/Session1/Overground_Walk/Walk_Slow/Post_Process/Walk_Slow3.csv,CF027,3,train
CF027,Session1,overground,walk,slow,Overground_Walk,Walk_Slow,C:/Users/KUBA/GitProjects/WKIRO-Project/data/CF027/Session1/Overground_Walk/Walk_Slow/Post_Process/Walk_Slow4.csv,CF027,3,train
CF027,Session1,overground,walk,slow,Overground_Walk,Walk_Slow,C:/Users/KUBA/GitProjects/WKIRO-Project/data/CF027/Session1/Overground_Walk/Walk_Slow/Post_Process/Walk_Slow5.csv,CF027,3,train
CF027,Session1,overground,walk,slow,Overground_Walk,Walk_Slow,C:/Users/KUBA/GitProjects/WKIRO-Project/data/CF027/Session1/Overground_Walk/Walk_Slow/Post_Process/Walk_Slow6.csv,CF027,3,train
CF027,Session1,overground,walk,slow,Overground_Walk,Walk_Slow,C:/Users/KUBA/GitProjects/WKIRO-Project/data/CF027/Session1/Overground_Walk/Walk_Slow/Post_Process/Walk_Slow7.csv,CF027,3,train
CF027,Session1,overground,walk,slow,Overground_Walk,Walk_Slow,C:/Users/KUBA/GitProjects/WKIRO-Project/data/CF027/Session1/Overground_Walk/Walk_Slow/Post_Process/Walk_Slow8.csv,CF027,3,train
CF027,Session1,treadmill,run,comfortable,Treadmill_Run,Treadmill_Run_Comfortable,C:/Users/KUBA/GitProjects/WKIRO-Project/data/CF027/Session1/Treadmill_Run/Treadmill_Run_Comfortable/Post_Process/Treadmill_Run_Comfortable.csv,CF027,3,train
CF027,Session1,treadmill,run,fast,Treadmill_Run,Treadmill_Run_Fast,C:/Users/KUBA/GitProjects/WKIRO-Project/data/CF027/Session1/Treadmill_Run/Treadmill_Run_Fast/Post_Process/Treadmill_Run_Fast.csv,CF027,3,train
CF027,Session1,treadmill,walk,comfortable,Treadmill_Walk,Treadmill_Walk_Comfortable,C:/Users/KUBA/GitProjects/WKIRO-Project/data/CF027/Session1/Treadmill_Walk/Treadmill_Walk_Comfortable/Post_Process/Treadmill_Walk_Comfortable.csv,CF027,3,train
CF027,Session1,treadmill,walk,fast,Treadmill_Walk,Treadmill_Walk_Fast,C:/Users/KUBA/GitProjects/WKIRO-Project/data/CF027/Session1/Treadmill_Walk/Treadmill_Walk_Fast/Post_Process/Treadmill_Walk_Fast.csv,CF027,3,test
CF027,Session1,treadmill,walk,slow,Treadmill_Walk,Treadmill_Walk_Slow,C:/Users/KUBA/GitProjects/WKIRO-Project/data/CF027/Session1/Treadmill_Walk/Treadmill_Walk_Slow/Post_Process/Treadmill_Walk_Slow.csv,CF027,3,train
CF027,Session2,overground,run,comfortable,Overground_Run,Run_Comfortable,C:/Users/KUBA/GitProjects/WKIRO-Project/data/CF027/Session2/Overground_Run/Run_Comfortable/Post_Process/Run_Comfortable1.csv,CF027,3,train
CF027,Session2,overground,run,comfortable,Overground_Run,Run_Comfortable,C:/Users/KUBA/GitProjects/WKIRO-Project/data/CF027/Session2/Overground_Run/Run_Comfortable/Post_Process/Run_Comfortable10.csv,CF027,3,train
CF027,Session2,overground,run,comfortable,Overground_Run,Run_Comfortable,C:/Users/KUBA/GitProjects/WKIRO-Project/data/CF027/Session2/Overground_Run/Run_Comfortable/Post_Process/Run_Comfortable2.csv,CF027,3,train
CF027,Session2,overground,run,comfortable,Overground_Run,Run_Comfortable,C:/Users/KUBA/GitProjects/WKIRO-Project/data/CF027/Session2/Overground_Run/Run_Comfortable/Post_Process/Run_Comfortable3.csv,CF027,3,test
CF027,Session2,overground,run,comfortable,Overground_Run,Run_Comfortable,C:/Users/KUBA/GitProjects/WKIRO-Project/data/CF027/Session2/Overground_Run/Run_Comfortable/Post_Process/Run_Comfortable4.csv,CF027,3,train
CF027,Session2,overground,run,comfortable,Overground_Run,Run_Comfortable,C:/Users/KUBA/GitProjects/WKIRO-Project/data/CF027/Session2/Overground_Run/Run_Comfortable/Post_Process/Run_Comfortable5.csv,CF027,3,train
CF027,Session2,overground,run,comfortable,Overground_Run,Run_Comfortable,C:/Users/KUBA/GitProjects/WKIRO-Project/data/CF027/Session2/Overground_Run/Run_Comfortable/Post_Process/Run_Comfortable6.csv,CF027,3,train
CF027,Session2,overground,run,comfortable,Overground_Run,Run_Comfortable,C:/Users/KUBA/GitProjects/WKIRO-Project/data/CF027/Session2/Overground_Run/Run_Comfortable/Post_Process/Run_Comfortable7.csv,CF027,3,val
CF027,Session2,overground,run,comfortable,Overground_Run,Run_Comfortable,C:/Users/KUBA/GitProjects/WKIRO-Project/data/CF027/Session2/Overground_Run/Run_Comfortable/Post_Process/Run_Comfortable8.csv,CF027,3,train
CF027,Session2,overground,run,comfortable,Overground_Run,Run_Comfortable,C:/Users/KUBA/GitProjects/WKIRO-Project/data/CF027/Session2/Overground_Run/Run_Comfortable/Post_Process/Run_Comfortable9.csv,CF027,3,train
CF027,Session2,overground,run,fast,Overground_Run,Run_Fast,C:/Users/KUBA/GitProjects/WKIRO-Project/data/CF027/Session2/Overground_Run/Run_Fast/Post_Process/Run_Fast1.csv,CF027,3,train
CF027,Session2,overground,run,fast,Overground_Run,Run_Fast,C:/Users/KUBA/GitProjects/WKIRO-Project/data/CF027/Session2/Overground_Run/Run_Fast/Post_Process/Run_Fast10.csv,CF027,3,val
CF027,Session2,overground,run,fast,Overground_Run,Run_Fast,C:/Users/KUBA/GitProjects/WKIRO-Project/data/CF027/Session2/Overground_Run/Run_Fast/Post_Process/Run_Fast2.csv,CF027,3,train
CF027,Session2,overground,run,fast,Overground_Run,Run_Fast,C:/Users/KUBA/GitProjects/WKIRO-Project/data/CF027/Session2/Overground_Run/Run_Fast/Post_Process/Run_Fast3.csv,CF027,3,test
CF027,Session2,overground,run,fast,Overground_Run,Run_Fast,C:/Users/KUBA/GitProjects/WKIRO-Project/data/CF027/Session2/Overground_Run/Run_Fast/Post_Process/Run_Fast4.csv,CF027,3,train
CF027,Session2,overground,run,fast,Overground_Run,Run_Fast,C:/Users/KUBA/GitProjects/WKIRO-Project/data/CF027/Session2/Overground_Run/Run_Fast/Post_Process/Run_Fast5.csv,CF027,3,train
CF027,Session2,overground,run,fast,Overground_Run,Run_Fast,C:/Users/KUBA/GitProjects/WKIRO-Project/data/CF027/Session2/Overground_Run/Run_Fast/Post_Process/Run_Fast6.csv,CF027,3,test
CF027,Session2,overground,run,fast,Overground_Run,Run_Fast,C:/Users/KUBA/GitProjects/WKIRO-Project/data/CF027/Session2/Overground_Run/Run_Fast/Post_Process/Run_Fast7.csv,CF027,3,test
CF027,Session2,overground,run,fast,Overground_Run,Run_Fast,C:/Users/KUBA/GitProjects/WKIRO-Project/data/CF027/Session2/Overground_Run/Run_Fast/Post_Process/Run_Fast8.csv,CF027,3,train
CF027,Session2,overground,run,fast,Overground_Run,Run_Fast,C:/Users/KUBA/GitProjects/WKIRO-Project/data/CF027/Session2/Overground_Run/Run_Fast/Post_Process/Run_Fast9.csv,CF027,3,train
CF027,Session2,overground,walk,comfortable,Overground_Walk,Walk_Comfortable,C:/Users/KUBA/GitProjects/WKIRO-Project/data/CF027/Session2/Overground_Walk/Walk_Comfortable/Post_Process/Walk_Comfortable1.csv,CF027,3,val
CF027,Session2,overground,walk,comfortable,Overground_Walk,Walk_Comfortable,C:/Users/KUBA/GitProjects/WKIRO-Project/data/CF027/Session2/Overground_Walk/Walk_Comfortable/Post_Process/Walk_Comfortable2.csv,CF027,3,train
CF027,Session2,overground,walk,comfortable,Overground_Walk,Walk_Comfortable,C:/Users/KUBA/GitProjects/WKIRO-Project/data/CF027/Session2/Overground_Walk/Walk_Comfortable/Post_Process/Walk_Comfortable3.csv,CF027,3,train
CF027,Session2,overground,walk,comfortable,Overground_Walk,Walk_Comfortable,C:/Users/KUBA/GitProjects/WKIRO-Project/data/CF027/Session2/Overground_Walk/Walk_Comfortable/Post_Process/Walk_Comfortable4.csv,CF027,3,test
CF027,Session2,overground,walk,comfortable,Overground_Walk,Walk_Comfortable,C:/Users/KUBA/GitProjects/WKIRO-Project/data/CF027/Session2/Overground_Walk/Walk_Comfortable/Post_Process/Walk_Comfortable5.csv,CF027,3,val
CF027,Session2,overground,walk,comfortable,Overground_Walk,Walk_Comfortable,C:/Users/KUBA/GitProjects/WKIRO-Project/data/CF027/Session2/Overground_Walk/Walk_Comfortable/Post_Process/Walk_Comfortable6.csv,CF027,3,train
CF027,Session2,overground,walk,fast,Overground_Walk,Walk_Fast,C:/Users/KUBA/GitProjects/WKIRO-Project/data/CF027/Session2/Overground_Walk/Walk_Fast/Post_Process/Walk_Fast1.csv,CF027,3,val
CF027,Session2,overground,walk,fast,Overground_Walk,Walk_Fast,C:/Users/KUBA/GitProjects/WKIRO-Project/data/CF027/Session2/Overground_Walk/Walk_Fast/Post_Process/Walk_Fast2.csv,CF027,3,train
CF027,Session2,overground,walk,fast,Overground_Walk,Walk_Fast,C:/Users/KUBA/GitProjects/WKIRO-Project/data/CF027/Session2/Overground_Walk/Walk_Fast/Post_Process/Walk_Fast3.csv,CF027,3,val
CF027,Session2,overground,walk,fast,Overground_Walk,Walk_Fast,C:/Users/KUBA/GitProjects/WKIRO-Project/data/CF027/Session2/Overground_Walk/Walk_Fast/Post_Process/Walk_Fast4.csv,CF027,3,train
CF027,Session2,overground,walk,fast,Overground_Walk,Walk_Fast,C:/Users/KUBA/GitProjects/WKIRO-Project/data/CF027/Session2/Overground_Walk/Walk_Fast/Post_Process/Walk_Fast5.csv,CF027,3,val
CF027,Session2,overground,walk,fast,Overground_Walk,Walk_Fast,C:/Users/KUBA/GitProjects/WKIRO-Project/data/CF027/Session2/Overground_Walk/Walk_Fast/Post_Process/Walk_Fast6.csv,CF027,3,train
CF027,Session2,overground,walk,fast,Overground_Walk,Walk_Fast,C:/Users/KUBA/GitProjects/WKIRO-Project/data/CF027/Session2/Overground_Walk/Walk_Fast/Post_Process/Walk_Fast7.csv,CF027,3,val
CF027,Session2,overground,walk,fast,Overground_Walk,Walk_Fast,C:/Users/KUBA/GitProjects/WKIRO-Project/data/CF027/Session2/Overground_Walk/Walk_Fast/Post_Process/Walk_Fast8.csv,CF027,3,test
CF027,Session2,overground,walk,slow,Overground_Walk,Walk_Slow,C:/Users/KUBA/GitProjects/WKIRO-Project/data/CF027/Session2/Overground_Walk/Walk_Slow/Post_Process/Walk_Slow1.csv,CF027,3,val
CF027,Session2,overground,walk,slow,Overground_Walk,Walk_Slow,C:/Users/KUBA/GitProjects/WKIRO-Project/data/CF027/Session2/Overground_Walk/Walk_Slow/Post_Process/Walk_Slow2.csv,CF027,3,train
CF027,Session2,overground,walk,slow,Overground_Walk,Walk_Slow,C:/Users/KUBA/GitProjects/WKIRO-Project/data/CF027/Session2/Overground_Walk/Walk_Slow/Post_Process/Walk_Slow3.csv,CF027,3,train
CF027,Session2,overground,walk,slow,Overground_Walk,Walk_Slow,C:/Users/KUBA/GitProjects/WKIRO-Project/data/CF027/Session2/Overground_Walk/Walk_Slow/Post_Process/Walk_Slow4.csv,CF027,3,train
CF027,Session2,overground,walk,slow,Overground_Walk,Walk_Slow,C:/Users/KUBA/GitProjects/WKIRO-Project/data/CF027/Session2/Overground_Walk/Walk_Slow/Post_Process/Walk_Slow5.csv,CF027,3,test
CF027,Session2,overground,walk,slow,Overground_Walk,Walk_Slow,C:/Users/KUBA/GitProjects/WKIRO-Project/data/CF027/Session2/Overground_Walk/Walk_Slow/Post_Process/Walk_Slow6.csv,CF027,3,train
CF027,Session2,treadmill,run,comfortable,Treadmill_Run,Treadmill_Run_Comfortable,C:/Users/KUBA/GitProjects/WKIRO-Project/data/CF027/Session2/Treadmill_Run/Treadmill_Run_Comfortable/Post_Process/Treadmill_Run_Comfortable.csv,CF027,3,test
CF027,Session2,treadmill,run,fast,Treadmill_Run,Treadmill_Run_Fast,C:/Users/KUBA/GitProjects/WKIRO-Project/data/CF027/Session2/Treadmill_Run/Treadmill_Run_Fast/Post_Process/Treadmill_Run_Fast.csv,CF027,3,train
CF027,Session2,treadmill,walk,comfortable,Treadmill_Walk,Treadmill_Walk_Comfortable,C:/Users/KUBA/GitProjects/WKIRO-Project/data/CF027/Session2/Treadmill_Walk/Treadmill_Walk_Comfortable/Post_Process/Treadmill_Walk_Comfortable.csv,CF027,3,train
CF027,Session2,treadmill,walk,fast,Treadmill_Walk,Treadmill_Walk_Fast,C:/Users/KUBA/GitProjects/WKIRO-Project/data/CF027/Session2/Treadmill_Walk/Treadmill_Walk_Fast/Post_Process/Treadmill_Walk_Fast.csv,CF027,3,val
CF027,Session2,treadmill,walk,slow,Treadmill_Walk,Treadmill_Walk_Slow,C:/Users/KUBA/GitProjects/WKIRO-Project/data/CF027/Session2/Treadmill_Walk/Treadmill_Walk_Slow/Post_Process/Treadmill_Walk_Slow.csv,CF027,3,train
CL007,Session1,overground,run,comfortable,Overground_Run,Run_Comfortable,C:/Users/KUBA/GitProjects/WKIRO-Project/data/CL007/Session1/Overground_Run/Run_Comfortable/Post_Process/Run_Comfortable1.csv,CL007,4,train
CL007,Session1,overground,run,comfortable,Overground_Run,Run_Comfortable,C:/Users/KUBA/GitProjects/WKIRO-Project/data/CL007/Session1/Overground_Run/Run_Comfortable/Post_Process/Run_Comfortable2.csv,CL007,4,val
CL007,Session1,overground,run,comfortable,Overground_Run,Run_Comfortable,C:/Users/KUBA/GitProjects/WKIRO-Project/data/CL007/Session1/Overground_Run/Run_Comfortable/Post_Process/Run_Comfortable3.csv,CL007,4,train
CL007,Session1,overground,run,comfortable,Overground_Run,Run_Comfortable,C:/Users/KUBA/GitProjects/WKIRO-Project/data/CL007/Session1/Overground_Run/Run_Comfortable/Post_Process/Run_Comfortable4.csv,CL007,4,train
CL007,Session1,overground,run,comfortable,Overground_Run,Run_Comfortable,C:/Users/KUBA/GitProjects/WKIRO-Project/data/CL007/Session1/Overground_Run/Run_Comfortable/Post_Process/Run_Comfortable5.csv,CL007,4,train
CL007,Session1,overground,run,comfortable,Overground_Run,Run_Comfortable,C:/Users/KUBA/GitProjects/WKIRO-Project/data/CL007/Session1/Overground_Run/Run_Comfortable/Post_Process/Run_Comfortable6.csv,CL007,4,val
CL007,Session1,overground,run,comfortable,Overground_Run,Run_Comfortable,C:/Users/KUBA/GitProjects/WKIRO-Project/data/CL007/Session1/Overground_Run/Run_Comfortable/Post_Process/Run_Comfortable7.csv,CL007,4,train
CL007,Session1,overground,run,comfortable,Overground_Run,Run_Comfortable,C:/Users/KUBA/GitProjects/WKIRO-Project/data/CL007/Session1/Overground_Run/Run_Comfortable/Post_Process/Run_Comfortable8.csv,CL007,4,train
CL007,Session1,overground,run,fast,Overground_Run,Run_Fast,C:/Users/KUBA/GitProjects/WKIRO-Project/data/CL007/Session1/Overground_Run/Run_Fast/Post_Process/Run_Fast1.csv,CL007,4,train
CL007,Session1,overground,run,fast,Overground_Run,Run_Fast,C:/Users/KUBA/GitProjects/WKIRO-Project/data/CL007/Session1/Overground_Run/Run_Fast/Post_Process/Run_Fast2.csv,CL007,4,train
CL007,Session1,overground,run,fast,Overground_Run,Run_Fast,C:/Users/KUBA/GitProjects/WKIRO-Project/data/CL007/Session1/Overground_Run/Run_Fast/Post_Process/Run_Fast3.csv,CL007,4,train
CL007,Session1,overground,run,fast,Overground_Run,Run_Fast,C:/Users/KUBA/GitProjects/WKIRO-Project/data/CL007/Session1/Overground_Run/Run_Fast/Post_Process/Run_Fast4.csv,CL007,4,test
CL007,Session1,overground,run,fast,Overground_Run,Run_Fast,C:/Users/KUBA/GitProjects/WKIRO-Project/data/CL007/Session1/Overground_Run/Run_Fast/Post_Process/Run_Fast5.csv,CL007,4,train
CL007,Session1,overground,run,fast,Overground_Run,Run_Fast,C:/Users/KUBA/GitProjects/WKIRO-Project/data/CL007/Session1/Overground_Run/Run_Fast/Post_Process/Run_Fast6.csv,CL007,4,test
CL007,Session1,overground,run,fast,Overground_Run,Run_Fast,C:/Users/KUBA/GitProjects/WKIRO-Project/data/CL007/Session1/Overground_Run/Run_Fast/Post_Process/Run_Fast7.csv,CL007,4,test
CL007,Session1,overground,run,fast,Overground_Run,Run_Fast,C:/Users/KUBA/GitProjects/WKIRO-Project/data/CL007/Session1/Overground_Run/Run_Fast/Post_Process/Run_Fast8.csv,CL007,4,train
CL007,Session1,overground,walk,comfortable,Overground_Walk,Walk_Comfortable,C:/Users/KUBA/GitProjects/WKIRO-Project/data/CL007/Session1/Overground_Walk/Walk_Comfortable/Post_Process/Walk_Comfortable1.csv,CL007,4,train
CL007,Session1,overground,walk,comfortable,Overground_Walk,Walk_Comfortable,C:/Users/KUBA/GitProjects/WKIRO-Project/data/CL007/Session1/Overground_Walk/Walk_Comfortable/Post_Process/Walk_Comfortable2.csv,CL007,4,test
CL007,Session1,overground,walk,comfortable,Overground_Walk,Walk_Comfortable,C:/Users/KUBA/GitProjects/WKIRO-Project/data/CL007/Session1/Overground_Walk/Walk_Comfortable/Post_Process/Walk_Comfortable3.csv,CL007,4,train
CL007,Session1,overground,walk,comfortable,Overground_Walk,Walk_Comfortable,C:/Users/KUBA/GitProjects/WKIRO-Project/data/CL007/Session1/Overground_Walk/Walk_Comfortable/Post_Process/Walk_Comfortable4.csv,CL007,4,train
CL007,Session1,overground,walk,comfortable,Overground_Walk,Walk_Comfortable,C:/Users/KUBA/GitProjects/WKIRO-Project/data/CL007/Session1/Overground_Walk/Walk_Comfortable/Post_Process/Walk_Comfortable5.csv,CL007,4,train
CL007,Session1,overground,walk,comfortable,Overground_Walk,Walk_Comfortable,C:/Users/KUBA/GitProjects/WKIRO-Project/data/CL007/Session1/Overground_Walk/Walk_Comfortable/Post_Process/Walk_Comfortable6.csv,CL007,4,val
CL007,Session1,overground,walk,fast,Overground_Walk,Walk_Fast,C:/Users/KUBA/GitProjects/WKIRO-Project/data/CL007/Session1/Overground_Walk/Walk_Fast/Post_Process/Walk_Fast1.csv,CL007,4,train
CL007,Session1,overground,walk,fast,Overground_Walk,Walk_Fast,C:/Users/KUBA/GitProjects/WKIRO-Project/data/CL007/Session1/Overground_Walk/Walk_Fast/Post_Process/Walk_Fast10.csv,CL007,4,train
CL007,Session1,overground,walk,fast,Overground_Walk,Walk_Fast,C:/Users/KUBA/GitProjects/WKIRO-Project/data/CL007/Session1/Overground_Walk/Walk_Fast/Post_Process/Walk_Fast2.csv,CL007,4,train
CL007,Session1,overground,walk,fast,Overground_Walk,Walk_Fast,C:/Users/KUBA/GitProjects/WKIRO-Project/data/CL007/Session1/Overground_Walk/Walk_Fast/Post_Process/Walk_Fast3.csv,CL007,4,train
CL007,Session1,overground,walk,fast,Overground_Walk,Walk_Fast,C:/Users/KUBA/GitProjects/WKIRO-Project/data/CL007/Session1/Overground_Walk/Walk_Fast/Post_Process/Walk_Fast4.csv,CL007,4,train
CL007,Session1,overground,walk,fast,Overground_Walk,Walk_Fast,C:/Users/KUBA/GitProjects/WKIRO-Project/data/CL007/Session1/Overground_Walk/Walk_Fast/Post_Process/Walk_Fast5.csv,CL007,4,train
CL007,Session1,overground,walk,fast,Overground_Walk,Walk_Fast,C:/Users/KUBA/GitProjects/WKIRO-Project/data/CL007/Session1/Overground_Walk/Walk_Fast/Post_Process/Walk_Fast6.csv,CL007,4,test
CL007,Session1,overground,walk,fast,Overground_Walk,Walk_Fast,C:/Users/KUBA/GitProjects/WKIRO-Project/data/CL007/Session1/Overground_Walk/Walk_Fast/Post_Process/Walk_Fast7.csv,CL007,4,train
CL007,Session1,overground,walk,fast,Overground_Walk,Walk_Fast,C:/Users/KUBA/GitProjects/WKIRO-Project/data/CL007/Session1/Overground_Walk/Walk_Fast/Post_Process/Walk_Fast8.csv,CL007,4,train
CL007,Session1,overground,walk,fast,Overground_Walk,Walk_Fast,C:/Users/KUBA/GitProjects/WKIRO-Project/data/CL007/Session1/Overground_Walk/Walk_Fast/Post_Process/Walk_Fast9.csv,CL007,4,train
CL007,Session1,overground,walk,slow,Overground_Walk,Walk_Slow,C:/Users/KUBA/GitProjects/WKIRO-Project/data/CL007/Session1/Overground_Walk/Walk_Slow/Post_Process/Walk_Slow1.csv,CL007,4,val
CL007,Session1,overground,walk,slow,Overground_Walk,Walk_Slow,C:/Users/KUBA/GitProjects/WKIRO-Project/data/CL007/Session1/Overground_Walk/Walk_Slow/Post_Process/Walk_Slow2.csv,CL007,4,train
CL007,Session1,overground,walk,slow,Overground_Walk,Walk_Slow,C:/Users/KUBA/GitProjects/WKIRO-Project/data/CL007/Session1/Overground_Walk/Walk_Slow/Post_Process/Walk_Slow3.csv,CL007,4,train
CL007,Session1,overground,walk,slow,Overground_Walk,Walk_Slow,C:/Users/KUBA/GitProjects/WKIRO-Project/data/CL007/Session1/Overground_Walk/Walk_Slow/Post_Process/Walk_Slow4.csv,CL007,4,train
CL007,Session1,overground,walk,slow,Overground_Walk,Walk_Slow,C:/Users/KUBA/GitProjects/WKIRO-Project/data/CL007/Session1/Overground_Walk/Walk_Slow/Post_Process/Walk_Slow5.csv,CL007,4,train
CL007,Session1,overground,walk,slow,Overground_Walk,Walk_Slow,C:/Users/KUBA/GitProjects/WKIRO-Project/data/CL007/Session1/Overground_Walk/Walk_Slow/Post_Process/Walk_Slow6.csv,CL007,4,val
CL007,Session1,overground,walk,slow,Overground_Walk,Walk_Slow,C:/Users/KUBA/GitProjects/WKIRO-Project/data/CL007/Session1/Overground_Walk/Walk_Slow/Post_Process/Walk_Slow7.csv,CL007,4,test
CL007,Session1,overground,walk,slow,Overground_Walk,Walk_Slow,C:/Users/KUBA/GitProjects/WKIRO-Project/data/CL007/Session1/Overground_Walk/Walk_Slow/Post_Process/Walk_Slow8.csv,CL007,4,val
CL007,Session1,overground,walk,slow,Overground_Walk,Walk_Slow,C:/Users/KUBA/GitProjects/WKIRO-Project/data/CL007/Session1/Overground_Walk/Walk_Slow/Post_Process/Walk_Slow9.csv,CL007,4,train
CL007,Session1,treadmill,run,comfortable,Treadmill_Run,Treadmill_Run_Comfortable,C:/Users/KUBA/GitProjects/WKIRO-Project/data/CL007/Session1/Treadmill_Run/Treadmill_Run_Comfortable/Post_Process/Treadmill_Run_Comfortable.csv,CL007,4,val
CL007,Session1,treadmill,run,fast,Treadmill_Run,Treadmill_Run_Fast,C:/Users/KUBA/GitProjects/WKIRO-Project/data/CL007/Session1/Treadmill_Run/Treadmill_Run_Fast/Post_Process/Treadmill_Run_Fast.csv,CL007,4,train
CL007,Session1,treadmill,walk,comfortable,Treadmill_Walk,Treadmill_Walk_Comfortable,C:/Users/KUBA/GitProjects/WKIRO-Project/data/CL007/Session1/Treadmill_Walk/Treadmill_Walk_Comfortable/Post_Process/Treadmill_Walk_Comfortable.csv,CL007,4,train
CL007,Session1,treadmill,walk,fast,Treadmill_Walk,Treadmill_Walk_Fast,C:/Users/KUBA/GitProjects/WKIRO-Project/data/CL007/Session1/Treadmill_Walk/Treadmill_Walk_Fast/Post_Process/Treadmill_Walk_Fast.csv,CL007,4,train
CL007,Session1,treadmill,walk,slow,Treadmill_Walk,Treadmill_Walk_Slow,C:/Users/KUBA/GitProjects/WKIRO-Project/data/CL007/Session1/Treadmill_Walk/Treadmill_Walk_Slow/Post_Process/Treadmill_Walk_Slow.csv,CL007,4,train
CL007,Session2,overground,run,comfortable,Overground_Run,Run_Comfortable,C:/Users/KUBA/GitProjects/WKIRO-Project/data/CL007/Session2/Overground_Run/Run_Comfortable/Post_Process/Run_Comfortable1.csv,CL007,4,test
CL007,Session2,overground,run,comfortable,Overground_Run,Run_Comfortable,C:/Users/KUBA/GitProjects/WKIRO-Project/data/CL007/Session2/Overground_Run/Run_Comfortable/Post_Process/Run_Comfortable10.csv,CL007,4,train
CL007,Session2,overground,run,comfortable,Overground_Run,Run_Comfortable,C:/Users/KUBA/GitProjects/WKIRO-Project/data/CL007/Session2/Overground_Run/Run_Comfortable/Post_Process/Run_Comfortable11.csv,CL007,4,train
CL007,Session2,overground,run,comfortable,Overground_Run,Run_Comfortable,C:/Users/KUBA/GitProjects/WKIRO-Project/data/CL007/Session2/Overground_Run/Run_Comfortable/Post_Process/Run_Comfortable12.csv,CL007,4,train
CL007,Session2,overground,run,comfortable,Overground_Run,Run_Comfortable,C:/Users/KUBA/GitProjects/WKIRO-Project/data/CL007/Session2/Overground_Run/Run_Comfortable/Post_Process/Run_Comfortable13.csv,CL007,4,val
CL007,Session2,overground,run,comfortable,Overground_Run,Run_Comfortable,C:/Users/KUBA/GitProjects/WKIRO-Project/data/CL007/Session2/Overground_Run/Run_Comfortable/Post_Process/Run_Comfortable14.csv,CL007,4,train
CL007,Session2,overground,run,comfortable,Overground_Run,Run_Comfortable,C:/Users/KUBA/GitProjects/WKIRO-Project/data/CL007/Session2/Overground_Run/Run_Comfortable/Post_Process/Run_Comfortable2.csv,CL007,4,train
CL007,Session2,overground,run,comfortable,Overground_Run,Run_Comfortable,C:/Users/KUBA/GitProjects/WKIRO-Project/data/CL007/Session2/Overground_Run/Run_Comfortable/Post_Process/Run_Comfortable3.csv,CL007,4,train
CL007,Session2,overground,run,comfortable,Overground_Run,Run_Comfortable,C:/Users/KUBA/GitProjects/WKIRO-Project/data/CL007/Session2/Overground_Run/Run_Comfortable/Post_Process/Run_Comfortable4.csv,CL007,4,test
CL007,Session2,overground,run,comfortable,Overground_Run,Run_Comfortable,C:/Users/KUBA/GitProjects/WKIRO-Project/data/CL007/Session2/Overground_Run/Run_Comfortable/Post_Process/Run_Comfortable5.csv,CL007,4,train
CL007,Session2,overground,run,comfortable,Overground_Run,Run_Comfortable,C:/Users/KUBA/GitProjects/WKIRO-Project/data/CL007/Session2/Overground_Run/Run_Comfortable/Post_Process/Run_Comfortable6.csv,CL007,4,train
CL007,Session2,overground,run,comfortable,Overground_Run,Run_Comfortable,C:/Users/KUBA/GitProjects/WKIRO-Project/data/CL007/Session2/Overground_Run/Run_Comfortable/Post_Process/Run_Comfortable7.csv,CL007,4,val
CL007,Session2,overground,run,comfortable,Overground_Run,Run_Comfortable,C:/Users/KUBA/GitProjects/WKIRO-Project/data/CL007/Session2/Overground_Run/Run_Comfortable/Post_Process/Run_Comfortable8.csv,CL007,4,val
CL007,Session2,overground,run,comfortable,Overground_Run,Run_Comfortable,C:/Users/KUBA/GitProjects/WKIRO-Project/data/CL007/Session2/Overground_Run/Run_Comfortable/Post_Process/Run_Comfortable9.csv,CL007,4,train
CL007,Session2,overground,run,fast,Overground_Run,Run_Fast,C:/Users/KUBA/GitProjects/WKIRO-Project/data/CL007/Session2/Overground_Run/Run_Fast/Post_Process/Run_Fast1.csv,CL007,4,train
CL007,Session2,overground,run,fast,Overground_Run,Run_Fast,C:/Users/KUBA/GitProjects/WKIRO-Project/data/CL007/Session2/Overground_Run/Run_Fast/Post_Process/Run_Fast10.csv,CL007,4,train
CL007,Session2,overground,run,fast,Overground_Run,Run_Fast,C:/Users/KUBA/GitProjects/WKIRO-Project/data/CL007/Session2/Overground_Run/Run_Fast/Post_Process/Run_Fast11.csv,CL007,4,test
CL007,Session2,overground,run,fast,Overground_Run,Run_Fast,C:/Users/KUBA/GitProjects/WKIRO-Project/data/CL007/Session2/Overground_Run/Run_Fast/Post_Process/Run_Fast12.csv,CL007,4,train
CL007,Session2,overground,run,fast,Overground_Run,Run_Fast,C:/Users/KUBA/GitProjects/WKIRO-Project/data/CL007/Session2/Overground_Run/Run_Fast/Post_Process/Run_Fast13.csv,CL007,4,train
CL007,Session2,overground,run,fast,Overground_Run,Run_Fast,C:/Users/KUBA/GitProjects/WKIRO-Project/data/CL007/Session2/Overground_Run/Run_Fast/Post_Process/Run_Fast14.csv,CL007,4,train
CL007,Session2,overground,run,fast,Overground_Run,Run_Fast,C:/Users/KUBA/GitProjects/WKIRO-Project/data/CL007/Session2/Overground_Run/Run_Fast/Post_Process/Run_Fast2.csv,CL007,4,train
CL007,Session2,overground,run,fast,Overground_Run,Run_Fast,C:/Users/KUBA/GitProjects/WKIRO-Project/data/CL007/Session2/Overground_Run/Run_Fast/Post_Process/Run_Fast3.csv,CL007,4,train
CL007,Session2,overground,run,fast,Overground_Run,Run_Fast,C:/Users/KUBA/GitProjects/WKIRO-Project/data/CL007/Session2/Overground_Run/Run_Fast/Post_Process/Run_Fast4.csv,CL007,4,train
CL007,Session2,overground,run,fast,Overground_Run,Run_Fast,C:/Users/KUBA/GitProjects/WKIRO-Project/data/CL007/Session2/Overground_Run/Run_Fast/Post_Process/Run_Fast5.csv,CL007,4,train
CL007,Session2,overground,run,fast,Overground_Run,Run_Fast,C:/Users/KUBA/GitProjects/WKIRO-Project/data/CL007/Session2/Overground_Run/Run_Fast/Post_Process/Run_Fast6.csv,CL007,4,train
CL007,Session2,overground,run,fast,Overground_Run,Run_Fast,C:/Users/KUBA/GitProjects/WKIRO-Project/data/CL007/Session2/Overground_Run/Run_Fast/Post_Process/Run_Fast7.csv,CL007,4,train
CL007,Session2,overground,run,fast,Overground_Run,Run_Fast,C:/Users/KUBA/GitProjects/WKIRO-Project/data/CL007/Session2/Overground_Run/Run_Fast/Post_Process/Run_Fast8.csv,CL007,4,val
CL007,Session2,overground,run,fast,Overground_Run,Run_Fast,C:/Users/KUBA/GitProjects/WKIRO-Project/data/CL007/Session2/Overground_Run/Run_Fast/Post_Process/Run_Fast9.csv,CL007,4,train
CL007,Session2,overground,walk,comfortable,Overground_Walk,Walk_Comfortable,C:/Users/KUBA/GitProjects/WKIRO-Project/data/CL007/Session2/Overground_Walk/Walk_Comfortable/Post_Process/Walk_Comfortable1.csv,CL007,4,train
CL007,Session2,overground,walk,comfortable,Overground_Walk,Walk_Comfortable,C:/Users/KUBA/GitProjects/WKIRO-Project/data/CL007/Session2/Overground_Walk/Walk_Comfortable/Post_Process/Walk_Comfortable2.csv,CL007,4,val
CL007,Session2,overground,walk,comfortable,Overground_Walk,Walk_Comfortable,C:/Users/KUBA/GitProjects/WKIRO-Project/data/CL007/Session2/Overground_Walk/Walk_Comfortable/Post_Process/Walk_Comfortable3.csv,CL007,4,train
CL007,Session2,overground,walk,comfortable,Overground_Walk,Walk_Comfortable,C:/Users/KUBA/GitProjects/WKIRO-Project/data/CL007/Session2/Overground_Walk/Walk_Comfortable/Post_Process/Walk_Comfortable4.csv,CL007,4,train
CL007,Session2,overground,walk,comfortable,Overground_Walk,Walk_Comfortable,C:/Users/KUBA/GitProjects/WKIRO-Project/data/CL007/Session2/Overground_Walk/Walk_Comfortable/Post_Process/Walk_Comfortable5.csv,CL007,4,val
CL007,Session2,overground,walk,comfortable,Overground_Walk,Walk_Comfortable,C:/Users/KUBA/GitProjects/WKIRO-Project/data/CL007/Session2/Overground_Walk/Walk_Comfortable/Post_Process/Walk_Comfortable6.csv,CL007,4,train
CL007,Session2,overground,walk,fast,Overground_Walk,Walk_Fast,C:/Users/KUBA/GitProjects/WKIRO-Project/data/CL007/Session2/Overground_Walk/Walk_Fast/Post_Process/Walk_Fast1.csv,CL007,4,train
CL007,Session2,overground,walk,fast,Overground_Walk,Walk_Fast,C:/Users/KUBA/GitProjects/WKIRO-Project/data/CL007/Session2/Overground_Walk/Walk_Fast/Post_Process/Walk_Fast10.csv,CL007,4,val
CL007,Session2,overground,walk,fast,Overground_Walk,Walk_Fast,C:/Users/KUBA/GitProjects/WKIRO-Project/data/CL007/Session2/Overground_Walk/Walk_Fast/Post_Process/Walk_Fast2.csv,CL007,4,test
CL007,Session2,overground,walk,fast,Overground_Walk,Walk_Fast,C:/Users/KUBA/GitProjects/WKIRO-Project/data/CL007/Session2/Overground_Walk/Walk_Fast/Post_Process/Walk_Fast3.csv,CL007,4,val
CL007,Session2,overground,walk,fast,Overground_Walk,Walk_Fast,C:/Users/KUBA/GitProjects/WKIRO-Project/data/CL007/Session2/Overground_Walk/Walk_Fast/Post_Process/Walk_Fast4.csv,CL007,4,train
CL007,Session2,overground,walk,fast,Overground_Walk,Walk_Fast,C:/Users/KUBA/GitProjects/WKIRO-Project/data/CL007/Session2/Overground_Walk/Walk_Fast/Post_Process/Walk_Fast5.csv,CL007,4,train
CL007,Session2,overground,walk,fast,Overground_Walk,Walk_Fast,C:/Users/KUBA/GitProjects/WKIRO-Project/data/CL007/Session2/Overground_Walk/Walk_Fast/Post_Process/Walk_Fast6.csv,CL007,4,test
CL007,Session2,overground,walk,fast,Overground_Walk,Walk_Fast,C:/Users/KUBA/GitProjects/WKIRO-Project/data/CL007/Session2/Overground_Walk/Walk_Fast/Post_Process/Walk_Fast7.csv,CL007,4,test
CL007,Session2,overground,walk,fast,Overground_Walk,Walk_Fast,C:/Users/KUBA/GitProjects/WKIRO-Project/data/CL007/Session2/Overground_Walk/Walk_Fast/Post_Process/Walk_Fast8.csv,CL007,4,train
CL007,Session2,overground,walk,fast,Overground_Walk,Walk_Fast,C:/Users/KUBA/GitProjects/WKIRO-Project/data/CL007/Session2/Overground_Walk/Walk_Fast/Post_Process/Walk_Fast9.csv,CL007,4,train
CL007,Session2,overground,walk,slow,Overground_Walk,Walk_Slow,C:/Users/KUBA/GitProjects/WKIRO-Project/data/CL007/Session2/Overground_Walk/Walk_Slow/Post_Process/Walk_Slow1.csv,CL007,4,val
CL007,Session2,overground,walk,slow,Overground_Walk,Walk_Slow,C:/Users/KUBA/GitProjects/WKIRO-Project/data/CL007/Session2/Overground_Walk/Walk_Slow/Post_Process/Walk_Slow2.csv,CL007,4,train
CL007,Session2,overground,walk,slow,Overground_Walk,Walk_Slow,C:/Users/KUBA/GitProjects/WKIRO-Project/data/CL007/Session2/Overground_Walk/Walk_Slow/Post_Process/Walk_Slow3.csv,CL007,4,train
CL007,Session2,overground,walk,slow,Overground_Walk,Walk_Slow,C:/Users/KUBA/GitProjects/WKIRO-Project/data/CL007/Session2/Overground_Walk/Walk_Slow/Post_Process/Walk_Slow4.csv,CL007,4,train
CL007,Session2,overground,walk,slow,Overground_Walk,Walk_Slow,C:/Users/KUBA/GitProjects/WKIRO-Project/data/CL007/Session2/Overground_Walk/Walk_Slow/Post_Process/Walk_Slow5.csv,CL007,4,train
CL007,Session2,overground,walk,slow,Overground_Walk,Walk_Slow,C:/Users/KUBA/GitProjects/WKIRO-Project/data/CL007/Session2/Overground_Walk/Walk_Slow/Post_Process/Walk_Slow6.csv,CL007,4,train
CL007,Session2,overground,walk,slow,Overground_Walk,Walk_Slow,C:/Users/KUBA/GitProjects/WKIRO-Project/data/CL007/Session2/Overground_Walk/Walk_Slow/Post_Process/Walk_Slow7.csv,CL007,4,train
CL007,Session2,overground,walk,slow,Overground_Walk,Walk_Slow,C:/Users/KUBA/GitProjects/WKIRO-Project/data/CL007/Session2/Overground_Walk/Walk_Slow/Post_Process/Walk_Slow8.csv,CL007,4,test
CL007,Session2,treadmill,run,comfortable,Treadmill_Run,Treadmill_Run_Comfortable,C:/Users/KUBA/GitProjects/WKIRO-Project/data/CL007/Session2/Treadmill_Run/Treadmill_Run_Comfortable/Post_Process/Treadmill_Run_Comfortable.csv,CL007,4,train
CL007,Session2,treadmill,run,fast,Treadmill_Run,Treadmill_Run_Fast,C:/Users/KUBA/GitProjects/WKIRO-Project/data/CL007/Session2/Treadmill_Run/Treadmill_Run_Fast/Post_Process/Treadmill_Run_Fast.csv,CL007,4,test
CL007,Session2,treadmill,walk,comfortable,Treadmill_Walk,Treadmill_Walk_Comfortable,C:/Users/KUBA/GitProjects/WKIRO-Project/data/CL007/Session2/Treadmill_Walk/Treadmill_Walk_Comfortable/Post_Process/Treadmill_Walk_Comfortable.csv,CL007,4,train
CL007,Session2,treadmill,walk,fast,Treadmill_Walk,Treadmill_Walk_Fast,C:/Users/KUBA/GitProjects/WKIRO-Project/data/CL007/Session2/Treadmill_Walk/Treadmill_Walk_Fast/Post_Process/Treadmill_Walk_Fast.csv,CL007,4,test
CL007,Session2,treadmill,walk,slow,Treadmill_Walk,Treadmill_Walk_Slow,C:/Users/KUBA/GitProjects/WKIRO-Project/data/CL007/Session2/Treadmill_Walk/Treadmill_Walk_Slow/Post_Process/Treadmill_Walk_Slow.csv,CL007,4,train
DA013,Session1,overground,run,comfortable,Overground_Run,Run_Comfortable,C:/Users/KUBA/GitProjects/WKIRO-Project/data/DA013/Session1/Overground_Run/Run_Comfortable/Post_Process/Run_Comfortable1.csv,DA013,5,test
DA013,Session1,overground,run,comfortable,Overground_Run,Run_Comfortable,C:/Users/KUBA/GitProjects/WKIRO-Project/data/DA013/Session1/Overground_Run/Run_Comfortable/Post_Process/Run_Comfortable10.csv,DA013,5,train
DA013,Session1,overground,run,comfortable,Overground_Run,Run_Comfortable,C:/Users/KUBA/GitProjects/WKIRO-Project/data/DA013/Session1/Overground_Run/Run_Comfortable/Post_Process/Run_Comfortable2.csv,DA013,5,train
DA013,Session1,overground,run,comfortable,Overground_Run,Run_Comfortable,C:/Users/KUBA/GitProjects/WKIRO-Project/data/DA013/Session1/Overground_Run/Run_Comfortable/Post_Process/Run_Comfortable3.csv,DA013,5,val
DA013,Session1,overground,run,comfortable,Overground_Run,Run_Comfortable,C:/Users/KUBA/GitProjects/WKIRO-Project/data/DA013/Session1/Overground_Run/Run_Comfortable/Post_Process/Run_Comfortable4.csv,DA013,5,train
DA013,Session1,overground,run,comfortable,Overground_Run,Run_Comfortable,C:/Users/KUBA/GitProjects/WKIRO-Project/data/DA013/Session1/Overground_Run/Run_Comfortable/Post_Process/Run_Comfortable5.csv,DA013,5,test
DA013,Session1,overground,run,comfortable,Overground_Run,Run_Comfortable,C:/Users/KUBA/GitProjects/WKIRO-Project/data/DA013/Session1/Overground_Run/Run_Comfortable/Post_Process/Run_Comfortable6.csv,DA013,5,train
DA013,Session1,overground,run,comfortable,Overground_Run,Run_Comfortable,C:/Users/KUBA/GitProjects/WKIRO-Project/data/DA013/Session1/Overground_Run/Run_Comfortable/Post_Process/Run_Comfortable7.csv,DA013,5,train
DA013,Session1,overground,run,comfortable,Overground_Run,Run_Comfortable,C:/Users/KUBA/GitProjects/WKIRO-Project/data/DA013/Session1/Overground_Run/Run_Comfortable/Post_Process/Run_Comfortable8.csv,DA013,5,train
DA013,Session1,overground,run,comfortable,Overground_Run,Run_Comfortable,C:/Users/KUBA/GitProjects/WKIRO-Project/data/DA013/Session1/Overground_Run/Run_Comfortable/Post_Process/Run_Comfortable9.csv,DA013,5,train
DA013,Session1,overground,run,fast,Overground_Run,Run_Fast,C:/Users/KUBA/GitProjects/WKIRO-Project/data/DA013/Session1/Overground_Run/Run_Fast/Post_Process/Run_Fast1.csv,DA013,5,val
DA013,Session1,overground,run,fast,Overground_Run,Run_Fast,C:/Users/KUBA/GitProjects/WKIRO-Project/data/DA013/Session1/Overground_Run/Run_Fast/Post_Process/Run_Fast10.csv,DA013,5,train
DA013,Session1,overground,run,fast,Overground_Run,Run_Fast,C:/Users/KUBA/GitProjects/WKIRO-Project/data/DA013/Session1/Overground_Run/Run_Fast/Post_Process/Run_Fast2.csv,DA013,5,train
DA013,Session1,overground,run,fast,Overground_Run,Run_Fast,C:/Users/KUBA/GitProjects/WKIRO-Project/data/DA013/Session1/Overground_Run/Run_Fast/Post_Process/Run_Fast3.csv,DA013,5,train
DA013,Session1,overground,run,fast,Overground_Run,Run_Fast,C:/Users/KUBA/GitProjects/WKIRO-Project/data/DA013/Session1/Overground_Run/Run_Fast/Post_Process/Run_Fast4.csv,DA013,5,train
DA013,Session1,overground,run,fast,Overground_Run,Run_Fast,C:/Users/KUBA/GitProjects/WKIRO-Project/data/DA013/Session1/Overground_Run/Run_Fast/Post_Process/Run_Fast5.csv,DA013,5,train
DA013,Session1,overground,run,fast,Overground_Run,Run_Fast,C:/Users/KUBA/GitProjects/WKIRO-Project/data/DA013/Session1/Overground_Run/Run_Fast/Post_Process/Run_Fast6.csv,DA013,5,val
DA013,Session1,overground,run,fast,Overground_Run,Run_Fast,C:/Users/KUBA/GitProjects/WKIRO-Project/data/DA013/Session1/Overground_Run/Run_Fast/Post_Process/Run_Fast7.csv,DA013,5,test
DA013,Session1,overground,run,fast,Overground_Run,Run_Fast,C:/Users/KUBA/GitProjects/WKIRO-Project/data/DA013/Session1/Overground_Run/Run_Fast/Post_Process/Run_Fast8.csv,DA013,5,train
DA013,Session1,overground,run,fast,Overground_Run,Run_Fast,C:/Users/KUBA/GitProjects/WKIRO-Project/data/DA013/Session1/Overground_Run/Run_Fast/Post_Process/Run_Fast9.csv,DA013,5,test
DA013,Session1,overground,walk,comfortable,Overground_Walk,Walk_Comfortable,C:/Users/KUBA/GitProjects/WKIRO-Project/data/DA013/Session1/Overground_Walk/Walk_Comfortable/Post_Process/Walk_Comfortable1.csv,DA013,5,train
DA013,Session1,overground,walk,comfortable,Overground_Walk,Walk_Comfortable,C:/Users/KUBA/GitProjects/WKIRO-Project/data/DA013/Session1/Overground_Walk/Walk_Comfortable/Post_Process/Walk_Comfortable2.csv,DA013,5,val
DA013,Session1,overground,walk,comfortable,Overground_Walk,Walk_Comfortable,C:/Users/KUBA/GitProjects/WKIRO-Project/data/DA013/Session1/Overground_Walk/Walk_Comfortable/Post_Process/Walk_Comfortable3.csv,DA013,5,val
DA013,Session1,overground,walk,comfortable,Overground_Walk,Walk_Comfortable,C:/Users/KUBA/GitProjects/WKIRO-Project/data/DA013/Session1/Overground_Walk/Walk_Comfortable/Post_Process/Walk_Comfortable4.csv,DA013,5,train
DA013,Session1,overground,walk,comfortable,Overground_Walk,Walk_Comfortable,C:/Users/KUBA/GitProjects/WKIRO-Project/data/DA013/Session1/Overground_Walk/Walk_Comfortable/Post_Process/Walk_Comfortable5.csv,DA013,5,train
DA013,Session1,overground,walk,comfortable,Overground_Walk,Walk_Comfortable,C:/Users/KUBA/GitProjects/WKIRO-Project/data/DA013/Session1/Overground_Walk/Walk_Comfortable/Post_Process/Walk_Comfortable6.csv,DA013,5,train
DA013,Session1,overground,walk,comfortable,Overground_Walk,Walk_Comfortable,C:/Users/KUBA/GitProjects/WKIRO-Project/data/DA013/Session1/Overground_Walk/Walk_Comfortable/Post_Process/Walk_Comfortable7.csv,DA013,5,train
DA013,Session1,overground,walk,comfortable,Overground_Walk,Walk_Comfortable,C:/Users/KUBA/GitProjects/WKIRO-Project/data/DA013/Session1/Overground_Walk/Walk_Comfortable/Post_Process/Walk_Comfortable8.csv,DA013,5,train
DA013,Session1,overground,walk,fast,Overground_Walk,Walk_Fast,C:/Users/KUBA/GitProjects/WKIRO-Project/data/DA013/Session1/Overground_Walk/Walk_Fast/Post_Process/Walk_Fast1.csv,DA013,5,test
DA013,Session1,overground,walk,fast,Overground_Walk,Walk_Fast,C:/Users/KUBA/GitProjects/WKIRO-Project/data/DA013/Session1/Overground_Walk/Walk_Fast/Post_Process/Walk_Fast2.csv,DA013,5,train
DA013,Session1,overground,walk,fast,Overground_Walk,Walk_Fast,C:/Users/KUBA/GitProjects/WKIRO-Project/data/DA013/Session1/Overground_Walk/Walk_Fast/Post_Process/Walk_Fast3.csv,DA013,5,test
DA013,Session1,overground,walk,fast,Overground_Walk,Walk_Fast,C:/Users/KUBA/GitProjects/WKIRO-Project/data/DA013/Session1/Overground_Walk/Walk_Fast/Post_Process/Walk_Fast4.csv,DA013,5,train
DA013,Session1,overground,walk,fast,Overground_Walk,Walk_Fast,C:/Users/KUBA/GitProjects/WKIRO-Project/data/DA013/Session1/Overground_Walk/Walk_Fast/Post_Process/Walk_Fast5.csv,DA013,5,val
DA013,Session1,overground,walk,fast,Overground_Walk,Walk_Fast,C:/Users/KUBA/GitProjects/WKIRO-Project/data/DA013/Session1/Overground_Walk/Walk_Fast/Post_Process/Walk_Fast6.csv,DA013,5,train
DA013,Session1,overground,walk,fast,Overground_Walk,Walk_Fast,C:/Users/KUBA/GitProjects/WKIRO-Project/data/DA013/Session1/Overground_Walk/Walk_Fast/Post_Process/Walk_Fast7.csv,DA013,5,train
DA013,Session1,overground,walk,fast,Overground_Walk,Walk_Fast,C:/Users/KUBA/GitProjects/WKIRO-Project/data/DA013/Session1/Overground_Walk/Walk_Fast/Post_Process/Walk_Fast8.csv,DA013,5,val
DA013,Session1,overground,walk,slow,Overground_Walk,Walk_Slow,C:/Users/KUBA/GitProjects/WKIRO-Project/data/DA013/Session1/Overground_Walk/Walk_Slow/Post_Process/Walk_Slow1.csv,DA013,5,train
DA013,Session1,overground,walk,slow,Overground_Walk,Walk_Slow,C:/Users/KUBA/GitProjects/WKIRO-Project/data/DA013/Session1/Overground_Walk/Walk_Slow/Post_Process/Walk_Slow2.csv,DA013,5,train
DA013,Session1,overground,walk,slow,Overground_Walk,Walk_Slow,C:/Users/KUBA/GitProjects/WKIRO-Project/data/DA013/Session1/Overground_Walk/Walk_Slow/Post_Process/Walk_Slow3.csv,DA013,5,val
DA013,Session1,overground,walk,slow,Overground_Walk,Walk_Slow,C:/Users/KUBA/GitProjects/WKIRO-Project/data/DA013/Session1/Overground_Walk/Walk_Slow/Post_Process/Walk_Slow4.csv,DA013,5,train
DA013,Session1,overground,walk,slow,Overground_Walk,Walk_Slow,C:/Users/KUBA/GitProjects/WKIRO-Project/data/DA013/Session1/Overground_Walk/Walk_Slow/Post_Process/Walk_Slow5.csv,DA013,5,train
DA013,Session1,overground,walk,slow,Overground_Walk,Walk_Slow,C:/Users/KUBA/GitProjects/WKIRO-Project/data/DA013/Session1/Overground_Walk/Walk_Slow/Post_Process/Walk_Slow6.csv,DA013,5,train
DA013,Session1,overground,walk,slow,Overground_Walk,Walk_Slow,C:/Users/KUBA/GitProjects/WKIRO-Project/data/DA013/Session1/Overground_Walk/Walk_Slow/Post_Process/Walk_Slow7.csv,DA013,5,train
DA013,Session1,overground,walk,slow,Overground_Walk,Walk_Slow,C:/Users/KUBA/GitProjects/WKIRO-Project/data/DA013/Session1/Overground_Walk/Walk_Slow/Post_Process/Walk_Slow8.csv,DA013,5,train
DA013,Session1,treadmill,run,comfortable,Treadmill_Run,Treadmill_Run_Comfortable,C:/Users/KUBA/GitProjects/WKIRO-Project/data/DA013/Session1/Treadmill_Run/Treadmill_Run_Comfortable/Post_Process/Treadmill_Run_Comfortable.csv,DA013,5,train
DA013,Session1,treadmill,run,fast,Treadmill_Run,Treadmill_Run_Fast,C:/Users/KUBA/GitProjects/WKIRO-Project/data/DA013/Session1/Treadmill_Run/Treadmill_Run_Fast/Post_Process/Treadmill_Run_Fast.csv,DA013,5,train
DA013,Session1,treadmill,walk,comfortable,Treadmill_Walk,Treadmill_Walk_Comfortable,C:/Users/KUBA/GitProjects/WKIRO-Project/data/DA013/Session1/Treadmill_Walk/Treadmill_Walk_Comfortable/Post_Process/Treadmill_Walk_Comfortable.csv,DA013,5,train
DA013,Session1,treadmill,walk,fast,Treadmill_Walk,Treadmill_Walk_Fast,C:/Users/KUBA/GitProjects/WKIRO-Project/data/DA013/Session1/Treadmill_Walk/Treadmill_Walk_Fast/Post_Process/Treadmill_Walk_Fast.csv,DA013,5,val
DA013,Session1,treadmill,walk,slow,Treadmill_Walk,Treadmill_Walk_Slow,C:/Users/KUBA/GitProjects/WKIRO-Project/data/DA013/Session1/Treadmill_Walk/Treadmill_Walk_Slow/Post_Process/Treadmill_Walk_Slow.csv,DA013,5,train
DA013,Session2,overground,run,comfortable,Overground_Run,Run_Comfortable,C:/Users/KUBA/GitProjects/WKIRO-Project/data/DA013/Session2/Overground_Run/Run_Comfortable/Post_Process/Run_Comfortable1.csv,DA013,5,train
DA013,Session2,overground,run,comfortable,Overground_Run,Run_Comfortable,C:/Users/KUBA/GitProjects/WKIRO-Project/data/DA013/Session2/Overground_Run/Run_Comfortable/Post_Process/Run_Comfortable10.csv,DA013,5,test
DA013,Session2,overground,run,comfortable,Overground_Run,Run_Comfortable,C:/Users/KUBA/GitProjects/WKIRO-Project/data/DA013/Session2/Overground_Run/Run_Comfortable/Post_Process/Run_Comfortable2.csv,DA013,5,train
DA013,Session2,overground,run,comfortable,Overground_Run,Run_Comfortable,C:/Users/KUBA/GitProjects/WKIRO-Project/data/DA013/Session2/Overground_Run/Run_Comfortable/Post_Process/Run_Comfortable3.csv,DA013,5,train
DA013,Session2,overground,run,comfortable,Overground_Run,Run_Comfortable,C:/Users/KUBA/GitProjects/WKIRO-Project/data/DA013/Session2/Overground_Run/Run_Comfortable/Post_Process/Run_Comfortable4.csv,DA013,5,val
DA013,Session2,overground,run,comfortable,Overground_Run,Run_Comfortable,C:/Users/KUBA/GitProjects/WKIRO-Project/data/DA013/Session2/Overground_Run/Run_Comfortable/Post_Process/Run_Comfortable5.csv,DA013,5,val
DA013,Session2,overground,run,comfortable,Overground_Run,Run_Comfortable,C:/Users/KUBA/GitProjects/WKIRO-Project/data/DA013/Session2/Overground_Run/Run_Comfortable/Post_Process/Run_Comfortable6.csv,DA013,5,train
DA013,Session2,overground,run,comfortable,Overground_Run,Run_Comfortable,C:/Users/KUBA/GitProjects/WKIRO-Project/data/DA013/Session2/Overground_Run/Run_Comfortable/Post_Process/Run_Comfortable7.csv,DA013,5,train
DA013,Session2,overground,run,comfortable,Overground_Run,Run_Comfortable,C:/Users/KUBA/GitProjects/WKIRO-Project/data/DA013/Session2/Overground_Run/Run_Comfortable/Post_Process/Run_Comfortable8.csv,DA013,5,test
DA013,Session2,overground,run,comfortable,Overground_Run,Run_Comfortable,C:/Users/KUBA/GitProjects/WKIRO-Project/data/DA013/Session2/Overground_Run/Run_Comfortable/Post_Process/Run_Comfortable9.csv,DA013,5,val
DA013,Session2,overground,run,fast,Overground_Run,Run_Fast,C:/Users/KUBA/GitProjects/WKIRO-Project/data/DA013/Session2/Overground_Run/Run_Fast/Post_Process/Run_Fast1.csv,DA013,5,train
DA013,Session2,overground,run,fast,Overground_Run,Run_Fast,C:/Users/KUBA/GitProjects/WKIRO-Project/data/DA013/Session2/Overground_Run/Run_Fast/Post_Process/Run_Fast10.csv,DA013,5,train
DA013,Session2,overground,run,fast,Overground_Run,Run_Fast,C:/Users/KUBA/GitProjects/WKIRO-Project/data/DA013/Session2/Overground_Run/Run_Fast/Post_Process/Run_Fast2.csv,DA013,5,train
DA013,Session2,overground,run,fast,Overground_Run,Run_Fast,C:/Users/KUBA/GitProjects/WKIRO-Project/data/DA013/Session2/Overground_Run/Run_Fast/Post_Process/Run_Fast3.csv,DA013,5,test
DA013,Session2,overground,run,fast,Overground_Run,Run_Fast,C:/Users/KUBA/GitProjects/WKIRO-Project/data/DA013/Session2/Overground_Run/Run_Fast/Post_Process/Run_Fast4.csv,DA013,5,test
DA013,Session2,overground,run,fast,Overground_Run,Run_Fast,C:/Users/KUBA/GitProjects/WKIRO-Project/data/DA013/Session2/Overground_Run/Run_Fast/Post_Process/Run_Fast5.csv,DA013,5,val
DA013,Session2,overground,run,fast,Overground_Run,Run_Fast,C:/Users/KUBA/GitProjects/WKIRO-Project/data/DA013/Session2/Overground_Run/Run_Fast/Post_Process/Run_Fast6.csv,DA013,5,train
DA013,Session2,overground,run,fast,Overground_Run,Run_Fast,C:/Users/KUBA/GitProjects/WKIRO-Project/data/DA013/Session2/Overground_Run/Run_Fast/Post_Process/Run_Fast7.csv,DA013,5,val
DA013,Session2,overground,run,fast,Overground_Run,Run_Fast,C:/Users/KUBA/GitProjects/WKIRO-Project/data/DA013/Session2/Overground_Run/Run_Fast/Post_Process/Run_Fast8.csv,DA013,5,train
DA013,Session2,overground,run,fast,Overground_Run,Run_Fast,C:/Users/KUBA/GitProjects/WKIRO-Project/data/DA013/Session2/Overground_Run/Run_Fast/Post_Process/Run_Fast9.csv,DA013,5,train
DA013,Session2,overground,walk,comfortable,Overground_Walk,Walk_Comfortable,C:/Users/KUBA/GitProjects/WKIRO-Project/data/DA013/Session2/Overground_Walk/Walk_Comfortable/Post_Process/Walk_Comfortable1.csv,DA013,5,train
DA013,Session2,overground,walk,comfortable,Overground_Walk,Walk_Comfortable,C:/Users/KUBA/GitProjects/WKIRO-Project/data/DA013/Session2/Overground_Walk/Walk_Comfortable/Post_Process/Walk_Comfortable2.csv,DA013,5,train
DA013,Session2,overground,walk,comfortable,Overground_Walk,Walk_Comfortable,C:/Users/KUBA/GitProjects/WKIRO-Project/data/DA013/Session2/Overground_Walk/Walk_Comfortable/Post_Process/Walk_Comfortable3.csv,DA013,5,train
DA013,Session2,overground,walk,comfortable,Overground_Walk,Walk_Comfortable,C:/Users/KUBA/GitProjects/WKIRO-Project/data/DA013/Session2/Overground_Walk/Walk_Comfortable/Post_Process/Walk_Comfortable4.csv,DA013,5,train
DA013,Session2,overground,walk,comfortable,Overground_Walk,Walk_Comfortable,C:/Users/KUBA/GitProjects/WKIRO-Project/data/DA013/Session2/Overground_Walk/Walk_Comfortable/Post_Process/Walk_Comfortable5.csv,DA013,5,train
DA013,Session2,overground,walk,comfortable,Overground_Walk,Walk_Comfortable,C:/Users/KUBA/GitProjects/WKIRO-Project/data/DA013/Session2/Overground_Walk/Walk_Comfortable/Post_Process/Walk_Comfortable6.csv,DA013,5,train
DA013,Session2,overground,walk,comfortable,Overground_Walk,Walk_Comfortable,C:/Users/KUBA/GitProjects/WKIRO-Project/data/DA013/Session2/Overground_Walk/Walk_Comfortable/Post_Process/Walk_Comfortable7.csv,DA013,5,train
DA013,Session2,overground,walk,comfortable,Overground_Walk,Walk_Comfortable,C:/Users/KUBA/GitProjects/WKIRO-Project/data/DA013/Session2/Overground_Walk/Walk_Comfortable/Post_Process/Walk_Comfortable8.csv,DA013,5,train
DA013,Session2,overground,walk,fast,Overground_Walk,Walk_Fast,C:/Users/KUBA/GitProjects/WKIRO-Project/data/DA013/Session2/Overground_Walk/Walk_Fast/Post_Process/Walk_Fast1.csv,DA013,5,train
DA013,Session2,overground,walk,fast,Overground_Walk,Walk_Fast,C:/Users/KUBA/GitProjects/WKIRO-Project/data/DA013/Session2/Overground_Walk/Walk_Fast/Post_Process/Walk_Fast2.csv,DA013,5,train
DA013,Session2,overground,walk,fast,Overground_Walk,Walk_Fast,C:/Users/KUBA/GitProjects/WKIRO-Project/data/DA013/Session2/Overground_Walk/Walk_Fast/Post_Process/Walk_Fast3.csv,DA013,5,train
DA013,Session2,overground,walk,fast,Overground_Walk,Walk_Fast,C:/Users/KUBA/GitProjects/WKIRO-Project/data/DA013/Session2/Overground_Walk/Walk_Fast/Post_Process/Walk_Fast4.csv,DA013,5,test
DA013,Session2,overground,walk,fast,Overground_Walk,Walk_Fast,C:/Users/KUBA/GitProjects/WKIRO-Project/data/DA013/Session2/Overground_Walk/Walk_Fast/Post_Process/Walk_Fast5.csv,DA013,5,val
DA013,Session2,overground,walk,fast,Overground_Walk,Walk_Fast,C:/Users/KUBA/GitProjects/WKIRO-Project/data/DA013/Session2/Overground_Walk/Walk_Fast/Post_Process/Walk_Fast6.csv,DA013,5,train
DA013,Session2,overground,walk,slow,Overground_Walk,Walk_Slow,C:/Users/KUBA/GitProjects/WKIRO-Project/data/DA013/Session2/Overground_Walk/Walk_Slow/Post_Process/Walk_Slow1.csv,DA013,5,train
DA013,Session2,overground,walk,slow,Overground_Walk,Walk_Slow,C:/Users/KUBA/GitProjects/WKIRO-Project/data/DA013/Session2/Overground_Walk/Walk_Slow/Post_Process/Walk_Slow2.csv,DA013,5,train
DA013,Session2,overground,walk,slow,Overground_Walk,Walk_Slow,C:/Users/KUBA/GitProjects/WKIRO-Project/data/DA013/Session2/Overground_Walk/Walk_Slow/Post_Process/Walk_Slow3.csv,DA013,5,train
DA013,Session2,overground,walk,slow,Overground_Walk,Walk_Slow,C:/Users/KUBA/GitProjects/WKIRO-Project/data/DA013/Session2/Overground_Walk/Walk_Slow/Post_Process/Walk_Slow4.csv,DA013,5,test
DA013,Session2,overground,walk,slow,Overground_Walk,Walk_Slow,C:/Users/KUBA/GitProjects/WKIRO-Project/data/DA013/Session2/Overground_Walk/Walk_Slow/Post_Process/Walk_Slow5.csv,DA013,5,train
DA013,Session2,overground,walk,slow,Overground_Walk,Walk_Slow,C:/Users/KUBA/GitProjects/WKIRO-Project/data/DA013/Session2/Overground_Walk/Walk_Slow/Post_Process/Walk_Slow6.csv,DA013,5,train
DA013,Session2,overground,walk,slow,Overground_Walk,Walk_Slow,C:/Users/KUBA/GitProjects/WKIRO-Project/data/DA013/Session2/Overground_Walk/Walk_Slow/Post_Process/Walk_Slow7.csv,DA013,5,test
DA013,Session2,overground,walk,slow,Overground_Walk,Walk_Slow,C:/Users/KUBA/GitProjects/WKIRO-Project/data/DA013/Session2/Overground_Walk/Walk_Slow/Post_Process/Walk_Slow8.csv,DA013,5,test
DA013,Session2,treadmill,run,comfortable,Treadmill_Run,Treadmill_Run_Comfortable,C:/Users/KUBA/GitProjects/WKIRO-Project/data/DA013/Session2/Treadmill_Run/Treadmill_Run_Comfortable/Post_Process/Treadmill_Run_Comfortable.csv,DA013,5,train
DA013,Session2,treadmill,run,fast,Treadmill_Run,Treadmill_Run_Fast,C:/Users/KUBA/GitProjects/WKIRO-Project/data/DA013/Session2/Treadmill_Run/Treadmill_Run_Fast/Post_Process/Treadmill_Run_Fast.csv,DA013,5,train
DA013,Session2,treadmill,walk,comfortable,Treadmill_Walk,Treadmill_Walk_Comfortable,C:/Users/KUBA/GitProjects/WKIRO-Project/data/DA013/Session2/Treadmill_Walk/Treadmill_Walk_Comfortable/Post_Process/Treadmill_Walk_Comfortable.csv,DA013,5,train
DA013,Session2,treadmill,walk,fast,Treadmill_Walk,Treadmill_Walk_Fast,C:/Users/KUBA/GitProjects/WKIRO-Project/data/DA013/Session2/Treadmill_Walk/Treadmill_Walk_Fast/Post_Process/Treadmill_Walk_Fast.csv,DA013,5,train
DA013,Session2,treadmill,walk,slow,Treadmill_Walk,Treadmill_Walk_Slow,C:/Users/KUBA/GitProjects/WKIRO-Project/data/DA013/Session2/Treadmill_Walk/Treadmill_Walk_Slow/Post_Process/Treadmill_Walk_Slow.csv,DA013,5,train
DC005,Session1,overground,run,comfortable,Overground_Run,Run_Comfortable,C:/Users/KUBA/GitProjects/WKIRO-Project/data/DC005/Session1/Overground_Run/Run_Comfortable/Post_Process/Run_Comfortable1.csv,DC005,6,train
DC005,Session1,overground,run,comfortable,Overground_Run,Run_Comfortable,C:/Users/KUBA/GitProjects/WKIRO-Project/data/DC005/Session1/Overground_Run/Run_Comfortable/Post_Process/Run_Comfortable10.csv,DC005,6,train
DC005,Session1,overground,run,comfortable,Overground_Run,Run_Comfortable,C:/Users/KUBA/GitProjects/WKIRO-Project/data/DC005/Session1/Overground_Run/Run_Comfortable/Post_Process/Run_Comfortable2.csv,DC005,6,train
DC005,Session1,overground,run,comfortable,Overground_Run,Run_Comfortable,C:/Users/KUBA/GitProjects/WKIRO-Project/data/DC005/Session1/Overground_Run/Run_Comfortable/Post_Process/Run_Comfortable3.csv,DC005,6,train
DC005,Session1,overground,run,comfortable,Overground_Run,Run_Comfortable,C:/Users/KUBA/GitProjects/WKIRO-Project/data/DC005/Session1/Overground_Run/Run_Comfortable/Post_Process/Run_Comfortable4.csv,DC005,6,train
DC005,Session1,overground,run,comfortable,Overground_Run,Run_Comfortable,C:/Users/KUBA/GitProjects/WKIRO-Project/data/DC005/Session1/Overground_Run/Run_Comfortable/Post_Process/Run_Comfortable5.csv,DC005,6,val
DC005,Session1,overground,run,comfortable,Overground_Run,Run_Comfortable,C:/Users/KUBA/GitProjects/WKIRO-Project/data/DC005/Session1/Overground_Run/Run_Comfortable/Post_Process/Run_Comfortable6.csv,DC005,6,train
DC005,Session1,overground,run,comfortable,Overground_Run,Run_Comfortable,C:/Users/KUBA/GitProjects/WKIRO-Project/data/DC005/Session1/Overground_Run/Run_Comfortable/Post_Process/Run_Comfortable7.csv,DC005,6,train
DC005,Session1,overground,run,comfortable,Overground_Run,Run_Comfortable,C:/Users/KUBA/GitProjects/WKIRO-Project/data/DC005/Session1/Overground_Run/Run_Comfortable/Post_Process/Run_Comfortable8.csv,DC005,6,train
DC005,Session1,overground,run,comfortable,Overground_Run,Run_Comfortable,C:/Users/KUBA/GitProjects/WKIRO-Project/data/DC005/Session1/Overground_Run/Run_Comfortable/Post_Process/Run_Comfortable9.csv,DC005,6,test
DC005,Session1,overground,run,fast,Overground_Run,Run_Fast,C:/Users/KUBA/GitProjects/WKIRO-Project/data/DC005/Session1/Overground_Run/Run_Fast/Post_Process/Run_Fast1.csv,DC005,6,train
DC005,Session1,overground,run,fast,Overground_Run,Run_Fast,C:/Users/KUBA/GitProjects/WKIRO-Project/data/DC005/Session1/Overground_Run/Run_Fast/Post_Process/Run_Fast10.csv,DC005,6,train
DC005,Session1,overground,run,fast,Overground_Run,Run_Fast,C:/Users/KUBA/GitProjects/WKIRO-Project/data/DC005/Session1/Overground_Run/Run_Fast/Post_Process/Run_Fast11.csv,DC005,6,test
DC005,Session1,overground,run,fast,Overground_Run,Run_Fast,C:/Users/KUBA/GitProjects/WKIRO-Project/data/DC005/Session1/Overground_Run/Run_Fast/Post_Process/Run_Fast12.csv,DC005,6,train
DC005,Session1,overground,run,fast,Overground_Run,Run_Fast,C:/Users/KUBA/GitProjects/WKIRO-Project/data/DC005/Session1/Overground_Run/Run_Fast/Post_Process/Run_Fast13.csv,DC005,6,train
DC005,Session1,overground,run,fast,Overground_Run,Run_Fast,C:/Users/KUBA/GitProjects/WKIRO-Project/data/DC005/Session1/Overground_Run/Run_Fast/Post_Process/Run_Fast14.csv,DC005,6,val
DC005,Session1,overground,run,fast,Overground_Run,Run_Fast,C:/Users/KUBA/GitProjects/WKIRO-Project/data/DC005/Session1/Overground_Run/Run_Fast/Post_Process/Run_Fast15.csv,DC005,6,test
DC005,Session1,overground,run,fast,Overground_Run,Run_Fast,C:/Users/KUBA/GitProjects/WKIRO-Project/data/DC005/Session1/Overground_Run/Run_Fast/Post_Process/Run_Fast2.csv,DC005,6,train
DC005,Session1,overground,run,fast,Overground_Run,Run_Fast,C:/Users/KUBA/GitProjects/WKIRO-Project/data/DC005/Session1/Overground_Run/Run_Fast/Post_Process/Run_Fast3.csv,DC005,6,val
DC005,Session1,overground,run,fast,Overground_Run,Run_Fast,C:/Users/KUBA/GitProjects/WKIRO-Project/data/DC005/Session1/Overground_Run/Run_Fast/Post_Process/Run_Fast4.csv,DC005,6,train
DC005,Session1,overground,run,fast,Overground_Run,Run_Fast,C:/Users/KUBA/GitProjects/WKIRO-Project/data/DC005/Session1/Overground_Run/Run_Fast/Post_Process/Run_Fast5.csv,DC005,6,val
DC005,Session1,overground,run,fast,Overground_Run,Run_Fast,C:/Users/KUBA/GitProjects/WKIRO-Project/data/DC005/Session1/Overground_Run/Run_Fast/Post_Process/Run_Fast6.csv,DC005,6,train
DC005,Session1,overground,run,fast,Overground_Run,Run_Fast,C:/Users/KUBA/GitProjects/WKIRO-Project/data/DC005/Session1/Overground_Run/Run_Fast/Post_Process/Run_Fast7.csv,DC005,6,train
DC005,Session1,overground,run,fast,Overground_Run,Run_Fast,C:/Users/KUBA/GitProjects/WKIRO-Project/data/DC005/Session1/Overground_Run/Run_Fast/Post_Process/Run_Fast8.csv,DC005,6,val
DC005,Session1,overground,run,fast,Overground_Run,Run_Fast,C:/Users/KUBA/GitProjects/WKIRO-Project/data/DC005/Session1/Overground_Run/Run_Fast/Post_Process/Run_Fast9.csv,DC005,6,train
DC005,Session1,overground,walk,comfortable,Overground_Walk,Walk_Comfortable,C:/Users/KUBA/GitProjects/WKIRO-Project/data/DC005/Session1/Overground_Walk/Walk_Comfortable/Post_Process/Walk_Comfortable1.csv,DC005,6,train
DC005,Session1,overground,walk,comfortable,Overground_Walk,Walk_Comfortable,C:/Users/KUBA/GitProjects/WKIRO-Project/data/DC005/Session1/Overground_Walk/Walk_Comfortable/Post_Process/Walk_Comfortable2.csv,DC005,6,val
DC005,Session1,overground,walk,comfortable,Overground_Walk,Walk_Comfortable,C:/Users/KUBA/GitProjects/WKIRO-Project/data/DC005/Session1/Overground_Walk/Walk_Comfortable/Post_Process/Walk_Comfortable3.csv,DC005,6,val
DC005,Session1,overground,walk,comfortable,Overground_Walk,Walk_Comfortable,C:/Users/KUBA/GitProjects/WKIRO-Project/data/DC005/Session1/Overground_Walk/Walk_Comfortable/Post_Process/Walk_Comfortable4.csv,DC005,6,val
DC005,Session1,overground,walk,comfortable,Overground_Walk,Walk_Comfortable,C:/Users/KUBA/GitProjects/WKIRO-Project/data/DC005/Session1/Overground_Walk/Walk_Comfortable/Post_Process/Walk_Comfortable5.csv,DC005,6,val
DC005,Session1,overground,walk,comfortable,Overground_Walk,Walk_Comfortable,C:/Users/KUBA/GitProjects/WKIRO-Project/data/DC005/Session1/Overground_Walk/Walk_Comfortable/Post_Process/Walk_Comfortable6.csv,DC005,6,train
DC005,Session1,overground,walk,fast,Overground_Walk,Walk_Fast,C:/Users/KUBA/GitProjects/WKIRO-Project/data/DC005/Session1/Overground_Walk/Walk_Fast/Post_Process/Walk_Fast1.csv,DC005,6,train
DC005,Session1,overground,walk,fast,Overground_Walk,Walk_Fast,C:/Users/KUBA/GitProjects/WKIRO-Project/data/DC005/Session1/Overground_Walk/Walk_Fast/Post_Process/Walk_Fast10.csv,DC005,6,val
DC005,Session1,overground,walk,fast,Overground_Walk,Walk_Fast,C:/Users/KUBA/GitProjects/WKIRO-Project/data/DC005/Session1/Overground_Walk/Walk_Fast/Post_Process/Walk_Fast11.csv,DC005,6,val
DC005,Session1,overground,walk,fast,Overground_Walk,Walk_Fast,C:/Users/KUBA/GitProjects/WKIRO-Project/data/DC005/Session1/Overground_Walk/Walk_Fast/Post_Process/Walk_Fast12.csv,DC005,6,train
DC005,Session1,overground,walk,fast,Overground_Walk,Walk_Fast,C:/Users/KUBA/GitProjects/WKIRO-Project/data/DC005/Session1/Overground_Walk/Walk_Fast/Post_Process/Walk_Fast2.csv,DC005,6,train
DC005,Session1,overground,walk,fast,Overground_Walk,Walk_Fast,C:/Users/KUBA/GitProjects/WKIRO-Project/data/DC005/Session1/Overground_Walk/Walk_Fast/Post_Process/Walk_Fast3.csv,DC005,6,train
DC005,Session1,overground,walk,fast,Overground_Walk,Walk_Fast,C:/Users/KUBA/GitProjects/WKIRO-Project/data/DC005/Session1/Overground_Walk/Walk_Fast/Post_Process/Walk_Fast4.csv,DC005,6,train
DC005,Session1,overground,walk,fast,Overground_Walk,Walk_Fast,C:/Users/KUBA/GitProjects/WKIRO-Project/data/DC005/Session1/Overground_Walk/Walk_Fast/Post_Process/Walk_Fast5.csv,DC005,6,test
DC005,Session1,overground,walk,fast,Overground_Walk,Walk_Fast,C:/Users/KUBA/GitProjects/WKIRO-Project/data/DC005/Session1/Overground_Walk/Walk_Fast/Post_Process/Walk_Fast6.csv,DC005,6,train
DC005,Session1,overground,walk,fast,Overground_Walk,Walk_Fast,C:/Users/KUBA/GitProjects/WKIRO-Project/data/DC005/Session1/Overground_Walk/Walk_Fast/Post_Process/Walk_Fast7.csv,DC005,6,test
DC005,Session1,overground,walk,fast,Overground_Walk,Walk_Fast,C:/Users/KUBA/GitProjects/WKIRO-Project/data/DC005/Session1/Overground_Walk/Walk_Fast/Post_Process/Walk_Fast8.csv,DC005,6,train
DC005,Session1,overground,walk,fast,Overground_Walk,Walk_Fast,C:/Users/KUBA/GitProjects/WKIRO-Project/data/DC005/Session1/Overground_Walk/Walk_Fast/Post_Process/Walk_Fast9.csv,DC005,6,test
DC005,Session1,overground,walk,slow,Overground_Walk,Walk_Slow,C:/Users/KUBA/GitProjects/WKIRO-Project/data/DC005/Session1/Overground_Walk/Walk_Slow/Post_Process/Walk_Slow1.csv,DC005,6,train
DC005,Session1,overground,walk,slow,Overground_Walk,Walk_Slow,C:/Users/KUBA/GitProjects/WKIRO-Project/data/DC005/Session1/Overground_Walk/Walk_Slow/Post_Process/Walk_Slow2.csv,DC005,6,train
DC005,Session1,overground,walk,slow,Overground_Walk,Walk_Slow,C:/Users/KUBA/GitProjects/WKIRO-Project/data/DC005/Session1/Overground_Walk/Walk_Slow/Post_Process/Walk_Slow3.csv,DC005,6,train
DC005,Session1,overground,walk,slow,Overground_Walk,Walk_Slow,C:/Users/KUBA/GitProjects/WKIRO-Project/data/DC005/Session1/Overground_Walk/Walk_Slow/Post_Process/Walk_Slow4.csv,DC005,6,train
DC005,Session1,overground,walk,slow,Overground_Walk,Walk_Slow,C:/Users/KUBA/GitProjects/WKIRO-Project/data/DC005/Session1/Overground_Walk/Walk_Slow/Post_Process/Walk_Slow5.csv,DC005,6,val
DC005,Session1,overground,walk,slow,Overground_Walk,Walk_Slow,C:/Users/KUBA/GitProjects/WKIRO-Project/data/DC005/Session1/Overground_Walk/Walk_Slow/Post_Process/Walk_Slow6.csv,DC005,6,train
DC005,Session1,overground,walk,slow,Overground_Walk,Walk_Slow,C:/Users/KUBA/GitProjects/WKIRO-Project/data/DC005/Session1/Overground_Walk/Walk_Slow/Post_Process/Walk_Slow7.csv,DC005,6,train
DC005,Session1,treadmill,run,comfortable,Treadmill_Run,Treadmill_Run_Comfortable,C:/Users/KUBA/GitProjects/WKIRO-Project/data/DC005/Session1/Treadmill_Run/Treadmill_Run_Comfortable/Post_Process/Treadmill_Run_Comfortable.csv,DC005,6,train
DC005,Session1,treadmill,run,fast,Treadmill_Run,Treadmill_Run_Fast,C:/Users/KUBA/GitProjects/WKIRO-Project/data/DC005/Session1/Treadmill_Run/Treadmill_Run_Fast/Post_Process/Treadmill_Run_Fast.csv,DC005,6,train
DC005,Session1,treadmill,walk,comfortable,Treadmill_Walk,Treadmill_Walk_Comfortable,C:/Users/KUBA/GitProjects/WKIRO-Project/data/DC005/Session1/Treadmill_Walk/Treadmill_Walk_Comfortable/Post_Process/Treadmill_Walk_Comfortable.csv,DC005,6,train
DC005,Session1,treadmill,walk,fast,Treadmill_Walk,Treadmill_Walk_Fast,C:/Users/KUBA/GitProjects/WKIRO-Project/data/DC005/Session1/Treadmill_Walk/Treadmill_Walk_Fast/Post_Process/Treadmill_Walk_Fast.csv,DC005,6,train
DC005,Session1,treadmill,walk,slow,Treadmill_Walk,Treadmill_Walk_Slow,C:/Users/KUBA/GitProjects/WKIRO-Project/data/DC005/Session1/Treadmill_Walk/Treadmill_Walk_Slow/Post_Process/Treadmill_Walk_Slow.csv,DC005,6,test
DC005,Session2,overground,run,comfortable,Overground_Run,Run_Comfortable,C:/Users/KUBA/GitProjects/WKIRO-Project/data/DC005/Session2/Overground_Run/Run_Comfortable/Post_Process/Run_Comfortable1.csv,DC005,6,test
DC005,Session2,overground,run,comfortable,Overground_Run,Run_Comfortable,C:/Users/KUBA/GitProjects/WKIRO-Project/data/DC005/Session2/Overground_Run/Run_Comfortable/Post_Process/Run_Comfortable10.csv,DC005,6,train
DC005,Session2,overground,run,comfortable,Overground_Run,Run_Comfortable,C:/Users/KUBA/GitProjects/WKIRO-Project/data/DC005/Session2/Overground_Run/Run_Comfortable/Post_Process/Run_Comfortable11.csv,DC005,6,train
DC005,Session2,overground,run,comfortable,Overground_Run,Run_Comfortable,C:/Users/KUBA/GitProjects/WKIRO-Project/data/DC005/Session2/Overground_Run/Run_Comfortable/Post_Process/Run_Comfortable12.csv,DC005,6,val
DC005,Session2,overground,run,comfortable,Overground_Run,Run_Comfortable,C:/Users/KUBA/GitProjects/WKIRO-Project/data/DC005/Session2/Overground_Run/Run_Comfortable/Post_Process/Run_Comfortable13.csv,DC005,6,test
DC005,Session2,overground,run,comfortable,Overground_Run,Run_Comfortable,C:/Users/KUBA/GitProjects/WKIRO-Project/data/DC005/Session2/Overground_Run/Run_Comfortable/Post_Process/Run_Comfortable14.csv,DC005,6,train
DC005,Session2,overground,run,comfortable,Overground_Run,Run_Comfortable,C:/Users/KUBA/GitProjects/WKIRO-Project/data/DC005/Session2/Overground_Run/Run_Comfortable/Post_Process/Run_Comfortable15.csv,DC005,6,train
DC005,Session2,overground,run,comfortable,Overground_Run,Run_Comfortable,C:/Users/KUBA/GitProjects/WKIRO-Project/data/DC005/Session2/Overground_Run/Run_Comfortable/Post_Process/Run_Comfortable16.csv,DC005,6,train
DC005,Session2,overground,run,comfortable,Overground_Run,Run_Comfortable,C:/Users/KUBA/GitProjects/WKIRO-Project/data/DC005/Session2/Overground_Run/Run_Comfortable/Post_Process/Run_Comfortable2.csv,DC005,6,train
DC005,Session2,overground,run,comfortable,Overground_Run,Run_Comfortable,C:/Users/KUBA/GitProjects/WKIRO-Project/data/DC005/Session2/Overground_Run/Run_Comfortable/Post_Process/Run_Comfortable3.csv,DC005,6,train
DC005,Session2,overground,run,comfortable,Overground_Run,Run_Comfortable,C:/Users/KUBA/GitProjects/WKIRO-Project/data/DC005/Session2/Overground_Run/Run_Comfortable/Post_Process/Run_Comfortable4.csv,DC005,6,test
DC005,Session2,overground,run,comfortable,Overground_Run,Run_Comfortable,C:/Users/KUBA/GitProjects/WKIRO-Project/data/DC005/Session2/Overground_Run/Run_Comfortable/Post_Process/Run_Comfortable5.csv,DC005,6,train
DC005,Session2,overground,run,comfortable,Overground_Run,Run_Comfortable,C:/Users/KUBA/GitProjects/WKIRO-Project/data/DC005/Session2/Overground_Run/Run_Comfortable/Post_Process/Run_Comfortable6.csv,DC005,6,train
DC005,Session2,overground,run,comfortable,Overground_Run,Run_Comfortable,C:/Users/KUBA/GitProjects/WKIRO-Project/data/DC005/Session2/Overground_Run/Run_Comfortable/Post_Process/Run_Comfortable7.csv,DC005,6,train
DC005,Session2,overground,run,comfortable,Overground_Run,Run_Comfortable,C:/Users/KUBA/GitProjects/WKIRO-Project/data/DC005/Session2/Overground_Run/Run_Comfortable/Post_Process/Run_Comfortable8.csv,DC005,6,train
DC005,Session2,overground,run,comfortable,Overground_Run,Run_Comfortable,C:/Users/KUBA/GitProjects/WKIRO-Project/data/DC005/Session2/Overground_Run/Run_Comfortable/Post_Process/Run_Comfortable9.csv,DC005,6,train
DC005,Session2,overground,run,fast,Overground_Run,Run_Fast,C:/Users/KUBA/GitProjects/WKIRO-Project/data/DC005/Session2/Overground_Run/Run_Fast/Post_Process/Run_Fast1.csv,DC005,6,train
DC005,Session2,overground,run,fast,Overground_Run,Run_Fast,C:/Users/KUBA/GitProjects/WKIRO-Project/data/DC005/Session2/Overground_Run/Run_Fast/Post_Process/Run_Fast10.csv,DC005,6,train
DC005,Session2,overground,run,fast,Overground_Run,Run_Fast,C:/Users/KUBA/GitProjects/WKIRO-Project/data/DC005/Session2/Overground_Run/Run_Fast/Post_Process/Run_Fast11.csv,DC005,6,train
DC005,Session2,overground,run,fast,Overground_Run,Run_Fast,C:/Users/KUBA/GitProjects/WKIRO-Project/data/DC005/Session2/Overground_Run/Run_Fast/Post_Process/Run_Fast12.csv,DC005,6,test
DC005,Session2,overground,run,fast,Overground_Run,Run_Fast,C:/Users/KUBA/GitProjects/WKIRO-Project/data/DC005/Session2/Overground_Run/Run_Fast/Post_Process/Run_Fast13.csv,DC005,6,train
DC005,Session2,overground,run,fast,Overground_Run,Run_Fast,C:/Users/KUBA/GitProjects/WKIRO-Project/data/DC005/Session2/Overground_Run/Run_Fast/Post_Process/Run_Fast14.csv,DC005,6,train
DC005,Session2,overground,run,fast,Overground_Run,Run_Fast,C:/Users/KUBA/GitProjects/WKIRO-Project/data/DC005/Session2/Overground_Run/Run_Fast/Post_Process/Run_Fast15.csv,DC005,6,train
DC005,Session2,overground,run,fast,Overground_Run,Run_Fast,C:/Users/KUBA/GitProjects/WKIRO-Project/data/DC005/Session2/Overground_Run/Run_Fast/Post_Process/Run_Fast16.csv,DC005,6,train
DC005,Session2,overground,run,fast,Overground_Run,Run_Fast,C:/Users/KUBA/GitProjects/WKIRO-Project/data/DC005/Session2/Overground_Run/Run_Fast/Post_Process/Run_Fast2.csv,DC005,6,train
DC005,Session2,overground,run,fast,Overground_Run,Run_Fast,C:/Users/KUBA/GitProjects/WKIRO-Project/data/DC005/Session2/Overground_Run/Run_Fast/Post_Process/Run_Fast3.csv,DC005,6,test
DC005,Session2,overground,run,fast,Overground_Run,Run_Fast,C:/Users/KUBA/GitProjects/WKIRO-Project/data/DC005/Session2/Overground_Run/Run_Fast/Post_Process/Run_Fast4.csv,DC005,6,train
DC005,Session2,overground,run,fast,Overground_Run,Run_Fast,C:/Users/KUBA/GitProjects/WKIRO-Project/data/DC005/Session2/Overground_Run/Run_Fast/Post_Process/Run_Fast5.csv,DC005,6,train
DC005,Session2,overground,run,fast,Overground_Run,Run_Fast,C:/Users/KUBA/GitProjects/WKIRO-Project/data/DC005/Session2/Overground_Run/Run_Fast/Post_Process/Run_Fast6.csv,DC005,6,train
DC005,Session2,overground,run,fast,Overground_Run,Run_Fast,C:/Users/KUBA/GitProjects/WKIRO-Project/data/DC005/Session2/Overground_Run/Run_Fast/Post_Process/Run_Fast7.csv,DC005,6,train
DC005,Session2,overground,run,fast,Overground_Run,Run_Fast,C:/Users/KUBA/GitProjects/WKIRO-Project/data/DC005/Session2/Overground_Run/Run_Fast/Post_Process/Run_Fast8.csv,DC005,6,train
DC005,Session2,overground,run,fast,Overground_Run,Run_Fast,C:/Users/KUBA/GitProjects/WKIRO-Project/data/DC005/Session2/Overground_Run/Run_Fast/Post_Process/Run_Fast9.csv,DC005,6,train
DC005,Session2,overground,walk,comfortable,Overground_Walk,Walk_Comfortable,C:/Users/KUBA/GitProjects/WKIRO-Project/data/DC005/Session2/Overground_Walk/Walk_Comfortable/Post_Process/Walk_Comfortable1.csv,DC005,6,train
DC005,Session2,overground,walk,comfortable,Overground_Walk,Walk_Comfortable,C:/Users/KUBA/GitProjects/WKIRO-Project/data/DC005/Session2/Overground_Walk/Walk_Comfortable/Post_Process/Walk_Comfortable2.csv,DC005,6,train
DC005,Session2,overground,walk,comfortable,Overground_Walk,Walk_Comfortable,C:/Users/KUBA/GitProjects/WKIRO-Project/data/DC005/Session2/Overground_Walk/Walk_Comfortable/Post_Process/Walk_Comfortable3.csv,DC005,6,train
DC005,Session2,overground,walk,comfortable,Overground_Walk,Walk_Comfortable,C:/Users/KUBA/GitProjects/WKIRO-Project/data/DC005/Session2/Overground_Walk/Walk_Comfortable/Post_Process/Walk_Comfortable4.csv,DC005,6,train
DC005,Session2,overground,walk,comfortable,Overground_Walk,Walk_Comfortable,C:/Users/KUBA/GitProjects/WKIRO-Project/data/DC005/Session2/Overground_Walk/Walk_Comfortable/Post_Process/Walk_Comfortable5.csv,DC005,6,train
DC005,Session2,overground,walk,comfortable,Overground_Walk,Walk_Comfortable,C:/Users/KUBA/GitProjects/WKIRO-Project/data/DC005/Session2/Overground_Walk/Walk_Comfortable/Post_Process/Walk_Comfortable6.csv,DC005,6,train
DC005,Session2,overground,walk,comfortable,Overground_Walk,Walk_Comfortable,C:/Users/KUBA/GitProjects/WKIRO-Project/data/DC005/Session2/Overground_Walk/Walk_Comfortable/Post_Process/Walk_Comfortable7.csv,DC005,6,train
DC005,Session2,overground,walk,comfortable,Overground_Walk,Walk_Comfortable,C:/Users/KUBA/GitProjects/WKIRO-Project/data/DC005/Session2/Overground_Walk/Walk_Comfortable/Post_Process/Walk_Comfortable8.csv,DC005,6,test
DC005,Session2,overground,walk,fast,Overground_Walk,Walk_Fast,C:/Users/KUBA/GitProjects/WKIRO-Project/data/DC005/Session2/Overground_Walk/Walk_Fast/Post_Process/Walk_Fast1.csv,DC005,6,val
DC005,Session2,overground,walk,fast,Overground_Walk,Walk_Fast,C:/Users/KUBA/GitProjects/WKIRO-Project/data/DC005/Session2/Overground_Walk/Walk_Fast/Post_Process/Walk_Fast2.csv,DC005,6,test
DC005,Session2,overground,walk,fast,Overground_Walk,Walk_Fast,C:/Users/KUBA/GitProjects/WKIRO-Project/data/DC005/Session2/Overground_Walk/Walk_Fast/Post_Process/Walk_Fast3.csv,DC005,6,train
DC005,Session2,overground,walk,fast,Overground_Walk,Walk_Fast,C:/Users/KUBA/GitProjects/WKIRO-Project/data/DC005/Session2/Overground_Walk/Walk_Fast/Post_Process/Walk_Fast4.csv,DC005,6,test
DC005,Session2,overground,walk,fast,Overground_Walk,Walk_Fast,C:/Users/KUBA/GitProjects/WKIRO-Project/data/DC005/Session2/Overground_Walk/Walk_Fast/Post_Process/Walk_Fast5.csv,DC005,6,val
DC005,Session2,overground,walk,fast,Overground_Walk,Walk_Fast,C:/Users/KUBA/GitProjects/WKIRO-Project/data/DC005/Session2/Overground_Walk/Walk_Fast/Post_Process/Walk_Fast6.csv,DC005,6,train
DC005,Session2,overground,walk,fast,Overground_Walk,Walk_Fast,C:/Users/KUBA/GitProjects/WKIRO-Project/data/DC005/Session2/Overground_Walk/Walk_Fast/Post_Process/Walk_Fast7.csv,DC005,6,train
DC005,Session2,overground,walk,fast,Overground_Walk,Walk_Fast,C:/Users/KUBA/GitProjects/WKIRO-Project/data/DC005/Session2/Overground_Walk/Walk_Fast/Post_Process/Walk_Fast8.csv,DC005,6,train
DC005,Session2,overground,walk,slow,Overground_Walk,Walk_Slow,C:/Users/KUBA/GitProjects/WKIRO-Project/data/DC005/Session2/Overground_Walk/Walk_Slow/Post_Process/Walk_Slow1.csv,DC005,6,train
DC005,Session2,overground,walk,slow,Overground_Walk,Walk_Slow,C:/Users/KUBA/GitProjects/WKIRO-Project/data/DC005/Session2/Overground_Walk/Walk_Slow/Post_Process/Walk_Slow2.csv,DC005,6,val
DC005,Session2,overground,walk,slow,Overground_Walk,Walk_Slow,C:/Users/KUBA/GitProjects/WKIRO-Project/data/DC005/Session2/Overground_Walk/Walk_Slow/Post_Process/Walk_Slow3.csv,DC005,6,train
DC005,Session2,overground,walk,slow,Overground_Walk,Walk_Slow,C:/Users/KUBA/GitProjects/WKIRO-Project/data/DC005/Session2/Overground_Walk/Walk_Slow/Post_Process/Walk_Slow4.csv,DC005,6,test
DC005,Session2,overground,walk,slow,Overground_Walk,Walk_Slow,C:/Users/KUBA/GitProjects/WKIRO-Project/data/DC005/Session2/Overground_Walk/Walk_Slow/Post_Process/Walk_Slow5.csv,DC005,6,train
DC005,Session2,overground,walk,slow,Overground_Walk,Walk_Slow,C:/Users/KUBA/GitProjects/WKIRO-Project/data/DC005/Session2/Overground_Walk/Walk_Slow/Post_Process/Walk_Slow6.csv,DC005,6,train
DC005,Session2,treadmill,run,comfortable,Treadmill_Run,Treadmill_Run_Comfortable,C:/Users/KUBA/GitProjects/WKIRO-Project/data/DC005/Session2/Treadmill_Run/Treadmill_Run_Comfortable/Post_Process/Treadmill_Run_Comfortable.csv,DC005,6,train
DC005,Session2,treadmill,run,fast,Treadmill_Run,Treadmill_Run_Fast,C:/Users/KUBA/GitProjects/WKIRO-Project/data/DC005/Session2/Treadmill_Run/Treadmill_Run_Fast/Post_Process/Treadmill_Run_Fast.csv,DC005,6,test
DC005,Session2,treadmill,walk,comfortable,Treadmill_Walk,Treadmill_Walk_Comfortable,C:/Users/KUBA/GitProjects/WKIRO-Project/data/DC005/Session2/Treadmill_Walk/Treadmill_Walk_Comfortable/Post_Process/Treadmill_Walk_Comfortable.csv,DC005,6,val
DC005,Session2,treadmill,walk,fast,Treadmill_Walk,Treadmill_Walk_Fast,C:/Users/KUBA/GitProjects/WKIRO-Project/data/DC005/Session2/Treadmill_Walk/Treadmill_Walk_Fast/Post_Process/Treadmill_Walk_Fast.csv,DC005,6,train
DC005,Session2,treadmill,walk,slow,Treadmill_Walk,Treadmill_Walk_Slow,C:/Users/KUBA/GitProjects/WKIRO-Project/data/DC005/Session2/Treadmill_Walk/Treadmill_Walk_Slow/Post_Process/Treadmill_Walk_Slow.csv,DC005,6,train
GF022,Session1,overground,run,comfortable,Overground_Run,Run_Comfortable,C:/Users/KUBA/GitProjects/WKIRO-Project/data/GF022/Session1/Overground_Run/Run_Comfortable/Post_Process/Run_Comfortable1.csv,GF022,7,test
GF022,Session1,overground,run,comfortable,Overground_Run,Run_Comfortable,C:/Users/KUBA/GitProjects/WKIRO-Project/data/GF022/Session1/Overground_Run/Run_Comfortable/Post_Process/Run_Comfortable10.csv,GF022,7,train
GF022,Session1,overground,run,comfortable,Overground_Run,Run_Comfortable,C:/Users/KUBA/GitProjects/WKIRO-Project/data/GF022/Session1/Overground_Run/Run_Comfortable/Post_Process/Run_Comfortable2.csv,GF022,7,val
GF022,Session1,overground,run,comfortable,Overground_Run,Run_Comfortable,C:/Users/KUBA/GitProjects/WKIRO-Project/data/GF022/Session1/Overground_Run/Run_Comfortable/Post_Process/Run_Comfortable3.csv,GF022,7,test
GF022,Session1,overground,run,comfortable,Overground_Run,Run_Comfortable,C:/Users/KUBA/GitProjects/WKIRO-Project/data/GF022/Session1/Overground_Run/Run_Comfortable/Post_Process/Run_Comfortable4.csv,GF022,7,test
GF022,Session1,overground,run,comfortable,Overground_Run,Run_Comfortable,C:/Users/KUBA/GitProjects/WKIRO-Project/data/GF022/Session1/Overground_Run/Run_Comfortable/Post_Process/Run_Comfortable5.csv,GF022,7,train
GF022,Session1,overground,run,comfortable,Overground_Run,Run_Comfortable,C:/Users/KUBA/GitProjects/WKIRO-Project/data/GF022/Session1/Overground_Run/Run_Comfortable/Post_Process/Run_Comfortable6.csv,GF022,7,test
GF022,Session1,overground,run,comfortable,Overground_Run,Run_Comfortable,C:/Users/KUBA/GitProjects/WKIRO-Project/data/GF022/Session1/Overground_Run/Run_Comfortable/Post_Process/Run_Comfortable7.csv,GF022,7,train
GF022,Session1,overground,run,comfortable,Overground_Run,Run_Comfortable,C:/Users/KUBA/GitProjects/WKIRO-Project/data/GF022/Session1/Overground_Run/Run_Comfortable/Post_Process/Run_Comfortable8.csv,GF022,7,val
GF022,Session1,overground,run,comfortable,Overground_Run,Run_Comfortable,C:/Users/KUBA/GitProjects/WKIRO-Project/data/GF022/Session1/Overground_Run/Run_Comfortable/Post_Process/Run_Comfortable9.csv,GF022,7,train
GF022,Session1,overground,run,fast,Overground_Run,Run_Fast,C:/Users/KUBA/GitProjects/WKIRO-Project/data/GF022/Session1/Overground_Run/Run_Fast/Post_Process/Run_Fast1.csv,GF022,7,train
GF022,Session1,overground,run,fast,Overground_Run,Run_Fast,C:/Users/KUBA/GitProjects/WKIRO-Project/data/GF022/Session1/Overground_Run/Run_Fast/Post_Process/Run_Fast10.csv,GF022,7,train
GF022,Session1,overground,run,fast,Overground_Run,Run_Fast,C:/Users/KUBA/GitProjects/WKIRO-Project/data/GF022/Session1/Overground_Run/Run_Fast/Post_Process/Run_Fast2.csv,GF022,7,test
GF022,Session1,overground,run,fast,Overground_Run,Run_Fast,C:/Users/KUBA/GitProjects/WKIRO-Project/data/GF022/Session1/Overground_Run/Run_Fast/Post_Process/Run_Fast3.csv,GF022,7,train
GF022,Session1,overground,run,fast,Overground_Run,Run_Fast,C:/Users/KUBA/GitProjects/WKIRO-Project/data/GF022/Session1/Overground_Run/Run_Fast/Post_Process/Run_Fast4.csv,GF022,7,train
GF022,Session1,overground,run,fast,Overground_Run,Run_Fast,C:/Users/KUBA/GitProjects/WKIRO-Project/data/GF022/Session1/Overground_Run/Run_Fast/Post_Process/Run_Fast5.csv,GF022,7,train
GF022,Session1,overground,run,fast,Overground_Run,Run_Fast,C:/Users/KUBA/GitProjects/WKIRO-Project/data/GF022/Session1/Overground_Run/Run_Fast/Post_Process/Run_Fast6.csv,GF022,7,train
GF022,Session1,overground,run,fast,Overground_Run,Run_Fast,C:/Users/KUBA/GitProjects/WKIRO-Project/data/GF022/Session1/Overground_Run/Run_Fast/Post_Process/Run_Fast7.csv,GF022,7,train
GF022,Session1,overground,run,fast,Overground_Run,Run_Fast,C:/Users/KUBA/GitProjects/WKIRO-Project/data/GF022/Session1/Overground_Run/Run_Fast/Post_Process/Run_Fast8.csv,GF022,7,val
GF022,Session1,overground,run,fast,Overground_Run,Run_Fast,C:/Users/KUBA/GitProjects/WKIRO-Project/data/GF022/Session1/Overground_Run/Run_Fast/Post_Process/Run_Fast9.csv,GF022,7,train
GF022,Session1,overground,walk,comfortable,Overground_Walk,Walk_Comfortable,C:/Users/KUBA/GitProjects/WKIRO-Project/data/GF022/Session1/Overground_Walk/Walk_Comfortable/Post_Process/Walk_Comfortable1.csv,GF022,7,train
GF022,Session1,overground,walk,comfortable,Overground_Walk,Walk_Comfortable,C:/Users/KUBA/GitProjects/WKIRO-Project/data/GF022/Session1/Overground_Walk/Walk_Comfortable/Post_Process/Walk_Comfortable2.csv,GF022,7,train
GF022,Session1,overground,walk,comfortable,Overground_Walk,Walk_Comfortable,C:/Users/KUBA/GitProjects/WKIRO-Project/data/GF022/Session1/Overground_Walk/Walk_Comfortable/Post_Process/Walk_Comfortable3.csv,GF022,7,test
GF022,Session1,overground,walk,comfortable,Overground_Walk,Walk_Comfortable,C:/Users/KUBA/GitProjects/WKIRO-Project/data/GF022/Session1/Overground_Walk/Walk_Comfortable/Post_Process/Walk_Comfortable4.csv,GF022,7,train
GF022,Session1,overground,walk,comfortable,Overground_Walk,Walk_Comfortable,C:/Users/KUBA/GitProjects/WKIRO-Project/data/GF022/Session1/Overground_Walk/Walk_Comfortable/Post_Process/Walk_Comfortable5.csv,GF022,7,train
GF022,Session1,overground,walk,comfortable,Overground_Walk,Walk_Comfortable,C:/Users/KUBA/GitProjects/WKIRO-Project/data/GF022/Session1/Overground_Walk/Walk_Comfortable/Post_Process/Walk_Comfortable6.csv,GF022,7,train
GF022,Session1,overground,walk,comfortable,Overground_Walk,Walk_Comfortable,C:/Users/KUBA/GitProjects/WKIRO-Project/data/GF022/Session1/Overground_Walk/Walk_Comfortable/Post_Process/Walk_Comfortable7.csv,GF022,7,train
GF022,Session1,overground,walk,comfortable,Overground_Walk,Walk_Comfortable,C:/Users/KUBA/GitProjects/WKIRO-Project/data/GF022/Session1/Overground_Walk/Walk_Comfortable/Post_Process/Walk_Comfortable8.csv,GF022,7,train
GF022,Session1,overground,walk,fast,Overground_Walk,Walk_Fast,C:/Users/KUBA/GitProjects/WKIRO-Project/data/GF022/Session1/Overground_Walk/Walk_Fast/Post_Process/Walk_Fast1.csv,GF022,7,val
GF022,Session1,overground,walk,fast,Overground_Walk,Walk_Fast,C:/Users/KUBA/GitProjects/WKIRO-Project/data/GF022/Session1/Overground_Walk/Walk_Fast/Post_Process/Walk_Fast2.csv,GF022,7,train
GF022,Session1,overground,walk,fast,Overground_Walk,Walk_Fast,C:/Users/KUBA/GitProjects/WKIRO-Project/data/GF022/Session1/Overground_Walk/Walk_Fast/Post_Process/Walk_Fast3.csv,GF022,7,train
GF022,Session1,overground,walk,fast,Overground_Walk,Walk_Fast,C:/Users/KUBA/GitProjects/WKIRO-Project/data/GF022/Session1/Overground_Walk/Walk_Fast/Post_Process/Walk_Fast4.csv,GF022,7,train
GF022,Session1,overground,walk,fast,Overground_Walk,Walk_Fast,C:/Users/KUBA/GitProjects/WKIRO-Project/data/GF022/Session1/Overground_Walk/Walk_Fast/Post_Process/Walk_Fast5.csv,GF022,7,val
GF022,Session1,overground,walk,fast,Overground_Walk,Walk_Fast,C:/Users/KUBA/GitProjects/WKIRO-Project/data/GF022/Session1/Overground_Walk/Walk_Fast/Post_Process/Walk_Fast6.csv,GF022,7,train
GF022,Session1,overground,walk,fast,Overground_Walk,Walk_Fast,C:/Users/KUBA/GitProjects/WKIRO-Project/data/GF022/Session1/Overground_Walk/Walk_Fast/Post_Process/Walk_Fast7.csv,GF022,7,val
GF022,Session1,overground,walk,fast,Overground_Walk,Walk_Fast,C:/Users/KUBA/GitProjects/WKIRO-Project/data/GF022/Session1/Overground_Walk/Walk_Fast/Post_Process/Walk_Fast8.csv,GF022,7,train
GF022,Session1,overground,walk,slow,Overground_Walk,Walk_Slow,C:/Users/KUBA/GitProjects/WKIRO-Project/data/GF022/Session1/Overground_Walk/Walk_Slow/Post_Process/Walk_Slow1.csv,GF022,7,test
GF022,Session1,overground,walk,slow,Overground_Walk,Walk_Slow,C:/Users/KUBA/GitProjects/WKIRO-Project/data/GF022/Session1/Overground_Walk/Walk_Slow/Post_Process/Walk_Slow2.csv,GF022,7,train
GF022,Session1,overground,walk,slow,Overground_Walk,Walk_Slow,C:/Users/KUBA/GitProjects/WKIRO-Project/data/GF022/Session1/Overground_Walk/Walk_Slow/Post_Process/Walk_Slow3.csv,GF022,7,train
GF022,Session1,overground,walk,slow,Overground_Walk,Walk_Slow,C:/Users/KUBA/GitProjects/WKIRO-Project/data/GF022/Session1/Overground_Walk/Walk_Slow/Post_Process/Walk_Slow4.csv,GF022,7,train
GF022,Session1,overground,walk,slow,Overground_Walk,Walk_Slow,C:/Users/KUBA/GitProjects/WKIRO-Project/data/GF022/Session1/Overground_Walk/Walk_Slow/Post_Process/Walk_Slow5.csv,GF022,7,train
GF022,Session1,overground,walk,slow,Overground_Walk,Walk_Slow,C:/Users/KUBA/GitProjects/WKIRO-Project/data/GF022/Session1/Overground_Walk/Walk_Slow/Post_Process/Walk_Slow6.csv,GF022,7,train
GF022,Session1,treadmill,run,comfortable,Treadmill_Run,Treadmill_Run_Comfortable,C:/Users/KUBA/GitProjects/WKIRO-Project/data/GF022/Session1/Treadmill_Run/Treadmill_Run_Comfortable/Post_Process/Treadmill_Run_Comfortable.csv,GF022,7,train
GF022,Session1,treadmill,run,fast,Treadmill_Run,Treadmill_Run_Fast,C:/Users/KUBA/GitProjects/WKIRO-Project/data/GF022/Session1/Treadmill_Run/Treadmill_Run_Fast/Post_Process/Treadmill_Run_Fast.csv,GF022,7,train
GF022,Session1,treadmill,walk,comfortable,Treadmill_Walk,Treadmill_Walk_Comfortable,C:/Users/KUBA/GitProjects/WKIRO-Project/data/GF022/Session1/Treadmill_Walk/Treadmill_Walk_Comfortable/Post_Process/Treadmill_Walk_Comfortable.csv,GF022,7,train
GF022,Session1,treadmill,walk,fast,Treadmill_Walk,Treadmill_Walk_Fast,C:/Users/KUBA/GitProjects/WKIRO-Project/data/GF022/Session1/Treadmill_Walk/Treadmill_Walk_Fast/Post_Process/Treadmill_Walk_Fast.csv,GF022,7,train
GF022,Session1,treadmill,walk,slow,Treadmill_Walk,Treadmill_Walk_Slow,C:/Users/KUBA/GitProjects/WKIRO-Project/data/GF022/Session1/Treadmill_Walk/Treadmill_Walk_Slow/Post_Process/Treadmill_Walk_Slow.csv,GF022,7,train
GF022,Session2,overground,run,comfortable,Overground_Run,Run_Comfortable,C:/Users/KUBA/GitProjects/WKIRO-Project/data/GF022/Session2/Overground_Run/Run_Comfortable/Post_Process/Run_Comfortable1.csv,GF022,7,train
GF022,Session2,overground,run,comfortable,Overground_Run,Run_Comfortable,C:/Users/KUBA/GitProjects/WKIRO-Project/data/GF022/Session2/Overground_Run/Run_Comfortable/Post_Process/Run_Comfortable10.csv,GF022,7,train
GF022,Session2,overground,run,comfortable,Overground_Run,Run_Comfortable,C:/Users/KUBA/GitProjects/WKIRO-Project/data/GF022/Session2/Overground_Run/Run_Comfortable/Post_Process/Run_Comfortable2.csv,GF022,7,train
GF022,Session2,overground,run,comfortable,Overground_Run,Run_Comfortable,C:/Users/KUBA/GitProjects/WKIRO-Project/data/GF022/Session2/Overground_Run/Run_Comfortable/Post_Process/Run_Comfortable3.csv,GF022,7,train
GF022,Session2,overground,run,comfortable,Overground_Run,Run_Comfortable,C:/Users/KUBA/GitProjects/WKIRO-Project/data/GF022/Session2/Overground_Run/Run_Comfortable/Post_Process/Run_Comfortable4.csv,GF022,7,train
GF022,Session2,overground,run,comfortable,Overground_Run,Run_Comfortable,C:/Users/KUBA/GitProjects/WKIRO-Project/data/GF022/Session2/Overground_Run/Run_Comfortable/Post_Process/Run_Comfortable5.csv,GF022,7,train
GF022,Session2,overground,run,comfortable,Overground_Run,Run_Comfortable,C:/Users/KUBA/GitProjects/WKIRO-Project/data/GF022/Session2/Overground_Run/Run_Comfortable/Post_Process/Run_Comfortable6.csv,GF022,7,train
GF022,Session2,overground,run,comfortable,Overground_Run,Run_Comfortable,C:/Users/KUBA/GitProjects/WKIRO-Project/data/GF022/Session2/Overground_Run/Run_Comfortable/Post_Process/Run_Comfortable7.csv,GF022,7,train
GF022,Session2,overground,run,comfortable,Overground_Run,Run_Comfortable,C:/Users/KUBA/GitProjects/WKIRO-Project/data/GF022/Session2/Overground_Run/Run_Comfortable/Post_Process/Run_Comfortable8.csv,GF022,7,train
GF022,Session2,overground,run,comfortable,Overground_Run,Run_Comfortable,C:/Users/KUBA/GitProjects/WKIRO-Project/data/GF022/Session2/Overground_Run/Run_Comfortable/Post_Process/Run_Comfortable9.csv,GF022,7,train
GF022,Session2,overground,run,fast,Overground_Run,Run_Fast,C:/Users/KUBA/GitProjects/WKIRO-Project/data/GF022/Session2/Overground_Run/Run_Fast/Post_Process/Run_Fast1.csv,GF022,7,val
GF022,Session2,overground,run,fast,Overground_Run,Run_Fast,C:/Users/KUBA/GitProjects/WKIRO-Project/data/GF022/Session2/Overground_Run/Run_Fast/Post_Process/Run_Fast10.csv,GF022,7,train
GF022,Session2,overground,run,fast,Overground_Run,Run_Fast,C:/Users/KUBA/GitProjects/WKIRO-Project/data/GF022/Session2/Overground_Run/Run_Fast/Post_Process/Run_Fast2.csv,GF022,7,test
GF022,Session2,overground,run,fast,Overground_Run,Run_Fast,C:/Users/KUBA/GitProjects/WKIRO-Project/data/GF022/Session2/Overground_Run/Run_Fast/Post_Process/Run_Fast3.csv,GF022,7,test
GF022,Session2,overground,run,fast,Overground_Run,Run_Fast,C:/Users/KUBA/GitProjects/WKIRO-Project/data/GF022/Session2/Overground_Run/Run_Fast/Post_Process/Run_Fast4.csv,GF022,7,test
GF022,Session2,overground,run,fast,Overground_Run,Run_Fast,C:/Users/KUBA/GitProjects/WKIRO-Project/data/GF022/Session2/Overground_Run/Run_Fast/Post_Process/Run_Fast5.csv,GF022,7,train
GF022,Session2,overground,run,fast,Overground_Run,Run_Fast,C:/Users/KUBA/GitProjects/WKIRO-Project/data/GF022/Session2/Overground_Run/Run_Fast/Post_Process/Run_Fast6.csv,GF022,7,val
GF022,Session2,overground,run,fast,Overground_Run,Run_Fast,C:/Users/KUBA/GitProjects/WKIRO-Project/data/GF022/Session2/Overground_Run/Run_Fast/Post_Process/Run_Fast7.csv,GF022,7,train
GF022,Session2,overground,run,fast,Overground_Run,Run_Fast,C:/Users/KUBA/GitProjects/WKIRO-Project/data/GF022/Session2/Overground_Run/Run_Fast/Post_Process/Run_Fast8.csv,GF022,7,train
GF022,Session2,overground,run,fast,Overground_Run,Run_Fast,C:/Users/KUBA/GitProjects/WKIRO-Project/data/GF022/Session2/Overground_Run/Run_Fast/Post_Process/Run_Fast9.csv,GF022,7,train
GF022,Session2,overground,walk,comfortable,Overground_Walk,Walk_Comfortable,C:/Users/KUBA/GitProjects/WKIRO-Project/data/GF022/Session2/Overground_Walk/Walk_Comfortable/Post_Process/Walk_Comfortable1.csv,GF022,7,train
GF022,Session2,overground,walk,comfortable,Overground_Walk,Walk_Comfortable,C:/Users/KUBA/GitProjects/WKIRO-Project/data/GF022/Session2/Overground_Walk/Walk_Comfortable/Post_Process/Walk_Comfortable2.csv,GF022,7,train
GF022,Session2,overground,walk,comfortable,Overground_Walk,Walk_Comfortable,C:/Users/KUBA/GitProjects/WKIRO-Project/data/GF022/Session2/Overground_Walk/Walk_Comfortable/Post_Process/Walk_Comfortable3.csv,GF022,7,train
GF022,Session2,overground,walk,comfortable,Overground_Walk,Walk_Comfortable,C:/Users/KUBA/GitProjects/WKIRO-Project/data/GF022/Session2/Overground_Walk/Walk_Comfortable/Post_Process/Walk_Comfortable4.csv,GF022,7,test
GF022,Session2,overground,walk,comfortable,Overground_Walk,Walk_Comfortable,C:/Users/KUBA/GitProjects/WKIRO-Project/data/GF022/Session2/Overground_Walk/Walk_Comfortable/Post_Process/Walk_Comfortable5.csv,GF022,7,val
GF022,Session2,overground,walk,comfortable,Overground_Walk,Walk_Comfortable,C:/Users/KUBA/GitProjects/WKIRO-Project/data/GF022/Session2/Overground_Walk/Walk_Comfortable/Post_Process/Walk_Comfortable6.csv,GF022,7,test
GF022,Session2,overground,walk,comfortable,Overground_Walk,Walk_Comfortable,C:/Users/KUBA/GitProjects/WKIRO-Project/data/GF022/Session2/Overground_Walk/Walk_Comfortable/Post_Process/Walk_Comfortable7.csv,GF022,7,train
GF022,Session2,overground,walk,comfortable,Overground_Walk,Walk_Comfortable,C:/Users/KUBA/GitProjects/WKIRO-Project/data/GF022/Session2/Overground_Walk/Walk_Comfortable/Post_Process/Walk_Comfortable8.csv,GF022,7,val
GF022,Session2,overground,walk,fast,Overground_Walk,Walk_Fast,C:/Users/KUBA/GitProjects/WKIRO-Project/data/GF022/Session2/Overground_Walk/Walk_Fast/Post_Process/Walk_Fast1.csv,GF022,7,val
GF022,Session2,overground,walk,fast,Overground_Walk,Walk_Fast,C:/Users/KUBA/GitProjects/WKIRO-Project/data/GF022/Session2/Overground_Walk/Walk_Fast/Post_Process/Walk_Fast2.csv,GF022,7,test
GF022,Session2,overground,walk,fast,Overground_Walk,Walk_Fast,C:/Users/KUBA/GitProjects/WKIRO-Project/data/GF022/Session2/Overground_Walk/Walk_Fast/Post_Process/Walk_Fast3.csv,GF022,7,val
GF022,Session2,overground,walk,fast,Overground_Walk,Walk_Fast,C:/Users/KUBA/GitProjects/WKIRO-Project/data/GF022/Session2/Overground_Walk/Walk_Fast/Post_Process/Walk_Fast4.csv,GF022,7,val
GF022,Session2,overground,walk,fast,Overground_Walk,Walk_Fast,C:/Users/KUBA/GitProjects/WKIRO-Project/data/GF022/Session2/Overground_Walk/Walk_Fast/Post_Process/Walk_Fast5.csv,GF022,7,train
GF022,Session2,overground,walk,fast,Overground_Walk,Walk_Fast,C:/Users/KUBA/GitProjects/WKIRO-Project/data/GF022/Session2/Overground_Walk/Walk_Fast/Post_Process/Walk_Fast6.csv,GF022,7,train
GF022,Session2,overground,walk,fast,Overground_Walk,Walk_Fast,C:/Users/KUBA/GitProjects/WKIRO-Project/data/GF022/Session2/Overground_Walk/Walk_Fast/Post_Process/Walk_Fast7.csv,GF022,7,train
GF022,Session2,overground,walk,fast,Overground_Walk,Walk_Fast,C:/Users/KUBA/GitProjects/WKIRO-Project/data/GF022/Session2/Overground_Walk/Walk_Fast/Post_Process/Walk_Fast8.csv,GF022,7,train
GF022,Session2,overground,walk,slow,Overground_Walk,Walk_Slow,C:/Users/KUBA/GitProjects/WKIRO-Project/data/GF022/Session2/Overground_Walk/Walk_Slow/Post_Process/Walk_Slow1.csv,GF022,7,test
GF022,Session2,overground,walk,slow,Overground_Walk,Walk_Slow,C:/Users/KUBA/GitProjects/WKIRO-Project/data/GF022/Session2/Overground_Walk/Walk_Slow/Post_Process/Walk_Slow2.csv,GF022,7,train
GF022,Session2,overground,walk,slow,Overground_Walk,Walk_Slow,C:/Users/KUBA/GitProjects/WKIRO-Project/data/GF022/Session2/Overground_Walk/Walk_Slow/Post_Process/Walk_Slow3.csv,GF022,7,train
GF022,Session2,overground,walk,slow,Overground_Walk,Walk_Slow,C:/Users/KUBA/GitProjects/WKIRO-Project/data/GF022/Session2/Overground_Walk/Walk_Slow/Post_Process/Walk_Slow4.csv,GF022,7,train
GF022,Session2,overground,walk,slow,Overground_Walk,Walk_Slow,C:/Users/KUBA/GitProjects/WKIRO-Project/data/GF022/Session2/Overground_Walk/Walk_Slow/Post_Process/Walk_Slow5.csv,GF022,7,train
GF022,Session2,overground,walk,slow,Overground_Walk,Walk_Slow,C:/Users/KUBA/GitProjects/WKIRO-Project/data/GF022/Session2/Overground_Walk/Walk_Slow/Post_Process/Walk_Slow6.csv,GF022,7,train
GF022,Session2,treadmill,run,comfortable,Treadmill_Run,Treadmill_Run_Comfortable,C:/Users/KUBA/GitProjects/WKIRO-Project/data/GF022/Session2/Treadmill_Run/Treadmill_Run_Comfortable/Post_Process/Treadmill_Run_Comfortable.csv,GF022,7,train
GF022,Session2,treadmill,run,fast,Treadmill_Run,Treadmill_Run_Fast,C:/Users/KUBA/GitProjects/WKIRO-Project/data/GF022/Session2/Treadmill_Run/Treadmill_Run_Fast/Post_Process/Treadmill_Run_Fast.csv,GF022,7,val
GF022,Session2,treadmill,walk,comfortable,Treadmill_Walk,Treadmill_Walk_Comfortable,C:/Users/KUBA/GitProjects/WKIRO-Project/data/GF022/Session2/Treadmill_Walk/Treadmill_Walk_Comfortable/Post_Process/Treadmill_Walk_Comfortable.csv,GF022,7,train
GF022,Session2,treadmill,walk,fast,Treadmill_Walk,Treadmill_Walk_Fast,C:/Users/KUBA/GitProjects/WKIRO-Project/data/GF022/Session2/Treadmill_Walk/Treadmill_Walk_Fast/Post_Process/Treadmill_Walk_Fast.csv,GF022,7,train
GF022,Session2,treadmill,walk,slow,Treadmill_Walk,Treadmill_Walk_Slow,C:/Users/KUBA/GitProjects/WKIRO-Project/data/GF022/Session2/Treadmill_Walk/Treadmill_Walk_Slow/Post_Process/Treadmill_Walk_Slow.csv,GF022,7,train
GM001,Session1,overground,run,comfortable,Overground_Run,Run_Comfortable,C:/Users/KUBA/GitProjects/WKIRO-Project/data/GM001/Session1/Overground_Run/Run_Comfortable/Post_Process/Run_Comfortable1.csv,GM001,8,train
GM001,Session1,overground,run,comfortable,Overground_Run,Run_Comfortable,C:/Users/KUBA/GitProjects/WKIRO-Project/data/GM001/Session1/Overground_Run/Run_Comfortable/Post_Process/Run_Comfortable2.csv,GM001,8,val
GM001,Session1,overground,run,comfortable,Overground_Run,Run_Comfortable,C:/Users/KUBA/GitProjects/WKIRO-Project/data/GM001/Session1/Overground_Run/Run_Comfortable/Post_Process/Run_Comfortable3.csv,GM001,8,val
GM001,Session1,overground,run,comfortable,Overground_Run,Run_Comfortable,C:/Users/KUBA/GitProjects/WKIRO-Project/data/GM001/Session1/Overground_Run/Run_Comfortable/Post_Process/Run_Comfortable4.csv,GM001,8,train
GM001,Session1,overground,run,comfortable,Overground_Run,Run_Comfortable,C:/Users/KUBA/GitProjects/WKIRO-Project/data/GM001/Session1/Overground_Run/Run_Comfortable/Post_Process/Run_Comfortable5.csv,GM001,8,train
GM001,Session1,overground,run,comfortable,Overground_Run,Run_Comfortable,C:/Users/KUBA/GitProjects/WKIRO-Project/data/GM001/Session1/Overground_Run/Run_Comfortable/Post_Process/Run_Comfortable6.csv,GM001,8,train
GM001,Session1,overground,run,comfortable,Overground_Run,Run_Comfortable,C:/Users/KUBA/GitProjects/WKIRO-Project/data/GM001/Session1/Overground_Run/Run_Comfortable/Post_Process/Run_Comfortable7.csv,GM001,8,test
GM001,Session1,overground,run,comfortable,Overground_Run,Run_Comfortable,C:/Users/KUBA/GitProjects/WKIRO-Project/data/GM001/Session1/Overground_Run/Run_Comfortable/Post_Process/Run_Comfortable8.csv,GM001,8,train
GM001,Session1,overground,run,fast,Overground_Run,Run_Fast,C:/Users/KUBA/GitProjects/WKIRO-Project/data/GM001/Session1/Overground_Run/Run_Fast/Post_Process/Run_Fast1.csv,GM001,8,train
GM001,Session1,overground,run,fast,Overground_Run,Run_Fast,C:/Users/KUBA/GitProjects/WKIRO-Project/data/GM001/Session1/Overground_Run/Run_Fast/Post_Process/Run_Fast10.csv,GM001,8,train
GM001,Session1,overground,run,fast,Overground_Run,Run_Fast,C:/Users/KUBA/GitProjects/WKIRO-Project/data/GM001/Session1/Overground_Run/Run_Fast/Post_Process/Run_Fast11.csv,GM001,8,train
GM001,Session1,overground,run,fast,Overground_Run,Run_Fast,C:/Users/KUBA/GitProjects/WKIRO-Project/data/GM001/Session1/Overground_Run/Run_Fast/Post_Process/Run_Fast12.csv,GM001,8,test
GM001,Session1,overground,run,fast,Overground_Run,Run_Fast,C:/Users/KUBA/GitProjects/WKIRO-Project/data/GM001/Session1/Overground_Run/Run_Fast/Post_Process/Run_Fast13.csv,GM001,8,val
GM001,Session1,overground,run,fast,Overground_Run,Run_Fast,C:/Users/KUBA/GitProjects/WKIRO-Project/data/GM001/Session1/Overground_Run/Run_Fast/Post_Process/Run_Fast2.csv,GM001,8,val
GM001,Session1,overground,run,fast,Overground_Run,Run_Fast,C:/Users/KUBA/GitProjects/WKIRO-Project/data/GM001/Session1/Overground_Run/Run_Fast/Post_Process/Run_Fast3.csv,GM001,8,train
GM001,Session1,overground,run,fast,Overground_Run,Run_Fast,C:/Users/KUBA/GitProjects/WKIRO-Project/data/GM001/Session1/Overground_Run/Run_Fast/Post_Process/Run_Fast4.csv,GM001,8,train
GM001,Session1,overground,run,fast,Overground_Run,Run_Fast,C:/Users/KUBA/GitProjects/WKIRO-Project/data/GM001/Session1/Overground_Run/Run_Fast/Post_Process/Run_Fast5.csv,GM001,8,train
GM001,Session1,overground,run,fast,Overground_Run,Run_Fast,C:/Users/KUBA/GitProjects/WKIRO-Project/data/GM001/Session1/Overground_Run/Run_Fast/Post_Process/Run_Fast6.csv,GM001,8,train
GM001,Session1,overground,run,fast,Overground_Run,Run_Fast,C:/Users/KUBA/GitProjects/WKIRO-Project/data/GM001/Session1/Overground_Run/Run_Fast/Post_Process/Run_Fast7.csv,GM001,8,val
GM001,Session1,overground,run,fast,Overground_Run,Run_Fast,C:/Users/KUBA/GitProjects/WKIRO-Project/data/GM001/Session1/Overground_Run/Run_Fast/Post_Process/Run_Fast8.csv,GM001,8,train
GM001,Session1,overground,run,fast,Overground_Run,Run_Fast,C:/Users/KUBA/GitProjects/WKIRO-Project/data/GM001/Session1/Overground_Run/Run_Fast/Post_Process/Run_Fast9.csv,GM001,8,test
GM001,Session1,overground,walk,comfortable,Overground_Walk,Walk_Comfortable,C:/Users/KUBA/GitProjects/WKIRO-Project/data/GM001/Session1/Overground_Walk/Walk_Comfortable/Post_Process/Walk_Comfortable1.csv,GM001,8,val
GM001,Session1,overground,walk,comfortable,Overground_Walk,Walk_Comfortable,C:/Users/KUBA/GitProjects/WKIRO-Project/data/GM001/Session1/Overground_Walk/Walk_Comfortable/Post_Process/Walk_Comfortable10.csv,GM001,8,train
GM001,Session1,overground,walk,comfortable,Overground_Walk,Walk_Comfortable,C:/Users/KUBA/GitProjects/WKIRO-Project/data/GM001/Session1/Overground_Walk/Walk_Comfortable/Post_Process/Walk_Comfortable11.csv,GM001,8,train
GM001,Session1,overground,walk,comfortable,Overground_Walk,Walk_Comfortable,C:/Users/KUBA/GitProjects/WKIRO-Project/data/GM001/Session1/Overground_Walk/Walk_Comfortable/Post_Process/Walk_Comfortable12.csv,GM001,8,train
GM001,Session1,overground,walk,comfortable,Overground_Walk,Walk_Comfortable,C:/Users/KUBA/GitProjects/WKIRO-Project/data/GM001/Session1/Overground_Walk/Walk_Comfortable/Post_Process/Walk_Comfortable2.csv,GM001,8,train
GM001,Session1,overground,walk,comfortable,Overground_Walk,Walk_Comfortable,C:/Users/KUBA/GitProjects/WKIRO-Project/data/GM001/Session1/Overground_Walk/Walk_Comfortable/Post_Process/Walk_Comfortable3.csv,GM001,8,train
GM001,Session1,overground,walk,comfortable,Overground_Walk,Walk_Comfortable,C:/Users/KUBA/GitProjects/WKIRO-Project/data/GM001/Session1/Overground_Walk/Walk_Comfortable/Post_Process/Walk_Comfortable4.csv,GM001,8,train
GM001,Session1,overground,walk,comfortable,Overground_Walk,Walk_Comfortable,C:/Users/KUBA/GitProjects/WKIRO-Project/data/GM001/Session1/Overground_Walk/Walk_Comfortable/Post_Process/Walk_Comfortable5.csv,GM001,8,train
GM001,Session1,overground,walk,comfortable,Overground_Walk,Walk_Comfortable,C:/Users/KUBA/GitProjects/WKIRO-Project/data/GM001/Session1/Overground_Walk/Walk_Comfortable/Post_Process/Walk_Comfortable6.csv,GM001,8,train
GM001,Session1,overground,walk,comfortable,Overground_Walk,Walk_Comfortable,C:/Users/KUBA/GitProjects/WKIRO-Project/data/GM001/Session1/Overground_Walk/Walk_Comfortable/Post_Process/Walk_Comfortable7.csv,GM001,8,test
GM001,Session1,overground,walk,comfortable,Overground_Walk,Walk_Comfortable,C:/Users/KUBA/GitProjects/WKIRO-Project/data/GM001/Session1/Overground_Walk/Walk_Comfortable/Post_Process/Walk_Comfortable8.csv,GM001,8,test
GM001,Session1,overground,walk,comfortable,Overground_Walk,Walk_Comfortable,C:/Users/KUBA/GitProjects/WKIRO-Project/data/GM001/Session1/Overground_Walk/Walk_Comfortable/Post_Process/Walk_Comfortable9.csv,GM001,8,test
GM001,Session1,overground,walk,fast,Overground_Walk,Walk_Fast,C:/Users/KUBA/GitProjects/WKIRO-Project/data/GM001/Session1/Overground_Walk/Walk_Fast/Post_Process/Walk_Fast1.csv,GM001,8,train
GM001,Session1,overground,walk,fast,Overground_Walk,Walk_Fast,C:/Users/KUBA/GitProjects/WKIRO-Project/data/GM001/Session1/Overground_Walk/Walk_Fast/Post_Process/Walk_Fast10.csv,GM001,8,val
GM001,Session1,overground,walk,fast,Overground_Walk,Walk_Fast,C:/Users/KUBA/GitProjects/WKIRO-Project/data/GM001/Session1/Overground_Walk/Walk_Fast/Post_Process/Walk_Fast11.csv,GM001,8,val
GM001,Session1,overground,walk,fast,Overground_Walk,Walk_Fast,C:/Users/KUBA/GitProjects/WKIRO-Project/data/GM001/Session1/Overground_Walk/Walk_Fast/Post_Process/Walk_Fast12.csv,GM001,8,train
GM001,Session1,overground,walk,fast,Overground_Walk,Walk_Fast,C:/Users/KUBA/GitProjects/WKIRO-Project/data/GM001/Session1/Overground_Walk/Walk_Fast/Post_Process/Walk_Fast13.csv,GM001,8,train
GM001,Session1,overground,walk,fast,Overground_Walk,Walk_Fast,C:/Users/KUBA/GitProjects/WKIRO-Project/data/GM001/Session1/Overground_Walk/Walk_Fast/Post_Process/Walk_Fast14.csv,GM001,8,train
GM001,Session1,overground,walk,fast,Overground_Walk,Walk_Fast,C:/Users/KUBA/GitProjects/WKIRO-Project/data/GM001/Session1/Overground_Walk/Walk_Fast/Post_Process/Walk_Fast2.csv,GM001,8,test
GM001,Session1,overground,walk,fast,Overground_Walk,Walk_Fast,C:/Users/KUBA/GitProjects/WKIRO-Project/data/GM001/Session1/Overground_Walk/Walk_Fast/Post_Process/Walk_Fast3.csv,GM001,8,train
GM001,Session1,overground,walk,fast,Overground_Walk,Walk_Fast,C:/Users/KUBA/GitProjects/WKIRO-Project/data/GM001/Session1/Overground_Walk/Walk_Fast/Post_Process/Walk_Fast4.csv,GM001,8,train
GM001,Session1,overground,walk,fast,Overground_Walk,Walk_Fast,C:/Users/KUBA/GitProjects/WKIRO-Project/data/GM001/Session1/Overground_Walk/Walk_Fast/Post_Process/Walk_Fast5.csv,GM001,8,train
GM001,Session1,overground,walk,fast,Overground_Walk,Walk_Fast,C:/Users/KUBA/GitProjects/WKIRO-Project/data/GM001/Session1/Overground_Walk/Walk_Fast/Post_Process/Walk_Fast6.csv,GM001,8,val
GM001,Session1,overground,walk,fast,Overground_Walk,Walk_Fast,C:/Users/KUBA/GitProjects/WKIRO-Project/data/GM001/Session1/Overground_Walk/Walk_Fast/Post_Process/Walk_Fast7.csv,GM001,8,train
GM001,Session1,overground,walk,fast,Overground_Walk,Walk_Fast,C:/Users/KUBA/GitProjects/WKIRO-Project/data/GM001/Session1/Overground_Walk/Walk_Fast/Post_Process/Walk_Fast8.csv,GM001,8,train
GM001,Session1,overground,walk,fast,Overground_Walk,Walk_Fast,C:/Users/KUBA/GitProjects/WKIRO-Project/data/GM001/Session1/Overground_Walk/Walk_Fast/Post_Process/Walk_Fast9.csv,GM001,8,train
GM001,Session1,overground,walk,slow,Overground_Walk,Walk_Slow,C:/Users/KUBA/GitProjects/WKIRO-Project/data/GM001/Session1/Overground_Walk/Walk_Slow/Post_Process/Walk_Slow1.csv,GM001,8,train
GM001,Session1,overground,walk,slow,Overground_Walk,Walk_Slow,C:/Users/KUBA/GitProjects/WKIRO-Project/data/GM001/Session1/Overground_Walk/Walk_Slow/Post_Process/Walk_Slow2.csv,GM001,8,train
GM001,Session1,overground,walk,slow,Overground_Walk,Walk_Slow,C:/Users/KUBA/GitProjects/WKIRO-Project/data/GM001/Session1/Overground_Walk/Walk_Slow/Post_Process/Walk_Slow3.csv,GM001,8,test
GM001,Session1,overground,walk,slow,Overground_Walk,Walk_Slow,C:/Users/KUBA/GitProjects/WKIRO-Project/data/GM001/Session1/Overground_Walk/Walk_Slow/Post_Process/Walk_Slow4.csv,GM001,8,train
GM001,Session1,overground,walk,slow,Overground_Walk,Walk_Slow,C:/Users/KUBA/GitProjects/WKIRO-Project/data/GM001/Session1/Overground_Walk/Walk_Slow/Post_Process/Walk_Slow5.csv,GM001,8,train
GM001,Session1,overground,walk,slow,Overground_Walk,Walk_Slow,C:/Users/KUBA/GitProjects/WKIRO-Project/data/GM001/Session1/Overground_Walk/Walk_Slow/Post_Process/Walk_Slow6.csv,GM001,8,train
GM001,Session1,treadmill,run,comfortable,Treadmill_Run,Treadmill_Run_Comfortable,C:/Users/KUBA/GitProjects/WKIRO-Project/data/GM001/Session1/Treadmill_Run/Treadmill_Run_Comfortable/Post_Process/Treadmill_Run_Comfortable.csv,GM001,8,train
GM001,Session1,treadmill,run,fast,Treadmill_Run,Treadmill_Run_Fast,C:/Users/KUBA/GitProjects/WKIRO-Project/data/GM001/Session1/Treadmill_Run/Treadmill_Run_Fast/Post_Process/Treadmill_Run_Fast.csv,GM001,8,train
GM001,Session1,treadmill,walk,comfortable,Treadmill_Walk,Treadmill_Walk_Comfortable,C:/Users/KUBA/GitProjects/WKIRO-Project/data/GM001/Session1/Treadmill_Walk/Treadmill_Walk_Comfortable/Post_Process/Treadmill_Walk_Comfortable.csv,GM001,8,train
GM001,Session1,treadmill,walk,fast,Treadmill_Walk,Treadmill_Walk_Fast,C:/Users/KUBA/GitProjects/WKIRO-Project/data/GM001/Session1/Treadmill_Walk/Treadmill_Walk_Fast/Post_Process/Treadmill_Walk_Fast.csv,GM001,8,train
GM001,Session1,treadmill,walk,slow,Treadmill_Walk,Treadmill_Walk_Slow,C:/Users/KUBA/GitProjects/WKIRO-Project/data/GM001/Session1/Treadmill_Walk/Treadmill_Walk_Slow/Post_Process/Treadmill_Walk_Slow.csv,GM001,8,train
GM001,Session2,overground,run,comfortable,Overground_Run,Run_Comfortable,C:/Users/KUBA/GitProjects/WKIRO-Project/data/GM001/Session2/Overground_Run/Run_Comfortable/Post_Process/Run_Comfortable1.csv,GM001,8,train
GM001,Session2,overground,run,comfortable,Overground_Run,Run_Comfortable,C:/Users/KUBA/GitProjects/WKIRO-Project/data/GM001/Session2/Overground_Run/Run_Comfortable/Post_Process/Run_Comfortable2.csv,GM001,8,train
GM001,Session2,overground,run,comfortable,Overground_Run,Run_Comfortable,C:/Users/KUBA/GitProjects/WKIRO-Project/data/GM001/Session2/Overground_Run/Run_Comfortable/Post_Process/Run_Comfortable3.csv,GM001,8,val
GM001,Session2,overground,run,comfortable,Overground_Run,Run_Comfortable,C:/Users/KUBA/GitProjects/WKIRO-Project/data/GM001/Session2/Overground_Run/Run_Comfortable/Post_Process/Run_Comfortable4.csv,GM001,8,train
GM001,Session2,overground,run,comfortable,Overground_Run,Run_Comfortable,C:/Users/KUBA/GitProjects/WKIRO-Project/data/GM001/Session2/Overground_Run/Run_Comfortable/Post_Process/Run_Comfortable5.csv,GM001,8,train
GM001,Session2,overground,run,comfortable,Overground_Run,Run_Comfortable,C:/Users/KUBA/GitProjects/WKIRO-Project/data/GM001/Session2/Overground_Run/Run_Comfortable/Post_Process/Run_Comfortable6.csv,GM001,8,test
GM001,Session2,overground,run,comfortable,Overground_Run,Run_Comfortable,C:/Users/KUBA/GitProjects/WKIRO-Project/data/GM001/Session2/Overground_Run/Run_Comfortable/Post_Process/Run_Comfortable7.csv,GM001,8,train
GM001,Session2,overground,run,comfortable,Overground_Run,Run_Comfortable,C:/Users/KUBA/GitProjects/WKIRO-Project/data/GM001/Session2/Overground_Run/Run_Comfortable/Post_Process/Run_Comfortable8.csv,GM001,8,val
GM001,Session2,overground,run,fast,Overground_Run,Run_Fast,C:/Users/KUBA/GitProjects/WKIRO-Project/data/GM001/Session2/Overground_Run/Run_Fast/Post_Process/Run_Fast1.csv,GM001,8,train
GM001,Session2,overground,run,fast,Overground_Run,Run_Fast,C:/Users/KUBA/GitProjects/WKIRO-Project/data/GM001/Session2/Overground_Run/Run_Fast/Post_Process/Run_Fast10.csv,GM001,8,train
GM001,Session2,overground,run,fast,Overground_Run,Run_Fast,C:/Users/KUBA/GitProjects/WKIRO-Project/data/GM001/Session2/Overground_Run/Run_Fast/Post_Process/Run_Fast11.csv,GM001,8,train
GM001,Session2,overground,run,fast,Overground_Run,Run_Fast,C:/Users/KUBA/GitProjects/WKIRO-Project/data/GM001/Session2/Overground_Run/Run_Fast/Post_Process/Run_Fast12.csv,GM001,8,test
GM001,Session2,overground,run,fast,Overground_Run,Run_Fast,C:/Users/KUBA/GitProjects/WKIRO-Project/data/GM001/Session2/Overground_Run/Run_Fast/Post_Process/Run_Fast2.csv,GM001,8,train
GM001,Session2,overground,run,fast,Overground_Run,Run_Fast,C:/Users/KUBA/GitProjects/WKIRO-Project/data/GM001/Session2/Overground_Run/Run_Fast/Post_Process/Run_Fast3.csv,GM001,8,val
GM001,Session2,overground,run,fast,Overground_Run,Run_Fast,C:/Users/KUBA/GitProjects/WKIRO-Project/data/GM001/Session2/Overground_Run/Run_Fast/Post_Process/Run_Fast4.csv,GM001,8,test
GM001,Session2,overground,run,fast,Overground_Run,Run_Fast,C:/Users/KUBA/GitProjects/WKIRO-Project/data/GM001/Session2/Overground_Run/Run_Fast/Post_Process/Run_Fast5.csv,GM001,8,train
GM001,Session2,overground,run,fast,Overground_Run,Run_Fast,C:/Users/KUBA/GitProjects/WKIRO-Project/data/GM001/Session2/Overground_Run/Run_Fast/Post_Process/Run_Fast6.csv,GM001,8,val
GM001,Session2,overground,run,fast,Overground_Run,Run_Fast,C:/Users/KUBA/GitProjects/WKIRO-Project/data/GM001/Session2/Overground_Run/Run_Fast/Post_Process/Run_Fast7.csv,GM001,8,train
GM001,Session2,overground,run,fast,Overground_Run,Run_Fast,C:/Users/KUBA/GitProjects/WKIRO-Project/data/GM001/Session2/Overground_Run/Run_Fast/Post_Process/Run_Fast8.csv,GM001,8,train
GM001,Session2,overground,run,fast,Overground_Run,Run_Fast,C:/Users/KUBA/GitProjects/WKIRO-Project/data/GM001/Session2/Overground_Run/Run_Fast/Post_Process/Run_Fast9.csv,GM001,8,train
GM001,Session2,overground,walk,comfortable,Overground_Walk,Walk_Comfortable,C:/Users/KUBA/GitProjects/WKIRO-Project/data/GM001/Session2/Overground_Walk/Walk_Comfortable/Post_Process/Walk_Comfortable1.csv,GM001,8,train
GM001,Session2,overground,walk,comfortable,Overground_Walk,Walk_Comfortable,C:/Users/KUBA/GitProjects/WKIRO-Project/data/GM001/Session2/Overground_Walk/Walk_Comfortable/Post_Process/Walk_Comfortable2.csv,GM001,8,train
GM001,Session2,overground,walk,comfortable,Overground_Walk,Walk_Comfortable,C:/Users/KUBA/GitProjects/WKIRO-Project/data/GM001/Session2/Overground_Walk/Walk_Comfortable/Post_Process/Walk_Comfortable3.csv,GM001,8,train
GM001,Session2,overground,walk,comfortable,Overground_Walk,Walk_Comfortable,C:/Users/KUBA/GitProjects/WKIRO-Project/data/GM001/Session2/Overground_Walk/Walk_Comfortable/Post_Process/Walk_Comfortable4.csv,GM001,8,train
GM001,Session2,overground,walk,comfortable,Overground_Walk,Walk_Comfortable,C:/Users/KUBA/GitProjects/WKIRO-Project/data/GM001/Session2/Overground_Walk/Walk_Comfortable/Post_Process/Walk_Comfortable5.csv,GM001,8,train
GM001,Session2,overground,walk,comfortable,Overground_Walk,Walk_Comfortable,C:/Users/KUBA/GitProjects/WKIRO-Project/data/GM001/Session2/Overground_Walk/Walk_Comfortable/Post_Process/Walk_Comfortable6.csv,GM001,8,train
GM001,Session2,overground,walk,fast,Overground_Walk,Walk_Fast,C:/Users/KUBA/GitProjects/WKIRO-Project/data/GM001/Session2/Overground_Walk/Walk_Fast/Post_Process/Walk_Fast1.csv,GM001,8,train
GM001,Session2,overground,walk,fast,Overground_Walk,Walk_Fast,C:/Users/KUBA/GitProjects/WKIRO-Project/data/GM001/Session2/Overground_Walk/Walk_Fast/Post_Process/Walk_Fast10.csv,GM001,8,train
GM001,Session2,overground,walk,fast,Overground_Walk,Walk_Fast,C:/Users/KUBA/GitProjects/WKIRO-Project/data/GM001/Session2/Overground_Walk/Walk_Fast/Post_Process/Walk_Fast11.csv,GM001,8,train
GM001,Session2,overground,walk,fast,Overground_Walk,Walk_Fast,C:/Users/KUBA/GitProjects/WKIRO-Project/data/GM001/Session2/Overground_Walk/Walk_Fast/Post_Process/Walk_Fast12.csv,GM001,8,test
GM001,Session2,overground,walk,fast,Overground_Walk,Walk_Fast,C:/Users/KUBA/GitProjects/WKIRO-Project/data/GM001/Session2/Overground_Walk/Walk_Fast/Post_Process/Walk_Fast2.csv,GM001,8,test
GM001,Session2,overground,walk,fast,Overground_Walk,Walk_Fast,C:/Users/KUBA/GitProjects/WKIRO-Project/data/GM001/Session2/Overground_Walk/Walk_Fast/Post_Process/Walk_Fast3.csv,GM001,8,test
GM001,Session2,overground,walk,fast,Overground_Walk,Walk_Fast,C:/Users/KUBA/GitProjects/WKIRO-Project/data/GM001/Session2/Overground_Walk/Walk_Fast/Post_Process/Walk_Fast4.csv,GM001,8,train
GM001,Session2,overground,walk,fast,Overground_Walk,Walk_Fast,C:/Users/KUBA/GitProjects/WKIRO-Project/data/GM001/Session2/Overground_Walk/Walk_Fast/Post_Process/Walk_Fast5.csv,GM001,8,train
GM001,Session2,overground,walk,fast,Overground_Walk,Walk_Fast,C:/Users/KUBA/GitProjects/WKIRO-Project/data/GM001/Session2/Overground_Walk/Walk_Fast/Post_Process/Walk_Fast6.csv,GM001,8,val
GM001,Session2,overground,walk,fast,Overground_Walk,Walk_Fast,C:/Users/KUBA/GitProjects/WKIRO-Project/data/GM001/Session2/Overground_Walk/Walk_Fast/Post_Process/Walk_Fast7.csv,GM001,8,train
GM001,Session2,overground,walk,fast,Overground_Walk,Walk_Fast,C:/Users/KUBA/GitProjects/WKIRO-Project/data/GM001/Session2/Overground_Walk/Walk_Fast/Post_Process/Walk_Fast8.csv,GM001,8,val
GM001,Session2,overground,walk,fast,Overground_Walk,Walk_Fast,C:/Users/KUBA/GitProjects/WKIRO-Project/data/GM001/Session2/Overground_Walk/Walk_Fast/Post_Process/Walk_Fast9.csv,GM001,8,train
GM001,Session2,overground,walk,slow,Overground_Walk,Walk_Slow,C:/Users/KUBA/GitProjects/WKIRO-Project/data/GM001/Session2/Overground_Walk/Walk_Slow/Post_Process/Walk_Slow1.csv,GM001,8,test
GM001,Session2,overground,walk,slow,Overground_Walk,Walk_Slow,C:/Users/KUBA/GitProjects/WKIRO-Project/data/GM001/Session2/Overground_Walk/Walk_Slow/Post_Process/Walk_Slow2.csv,GM001,8,train
GM001,Session2,overground,walk,slow,Overground_Walk,Walk_Slow,C:/Users/KUBA/GitProjects/WKIRO-Project/data/GM001/Session2/Overground_Walk/Walk_Slow/Post_Process/Walk_Slow3.csv,GM001,8,train
GM001,Session2,overground,walk,slow,Overground_Walk,Walk_Slow,C:/Users/KUBA/GitProjects/WKIRO-Project/data/GM001/Session2/Overground_Walk/Walk_Slow/Post_Process/Walk_Slow4.csv,GM001,8,train
GM001,Session2,treadmill,run,comfortable,Treadmill_Run,Treadmill_Run_Comfortable,C:/Users/KUBA/GitProjects/WKIRO-Project/data/GM001/Session2/Treadmill_Run/Treadmill_Run_Comfortable/Post_Process/Treadmill_Run_Comfortable.csv,GM001,8,val
GM001,Session2,treadmill,run,fast,Treadmill_Run,Treadmill_Run_Fast,C:/Users/KUBA/GitProjects/WKIRO-Project/data/GM001/Session2/Treadmill_Run/Treadmill_Run_Fast/Post_Process/Treadmill_Run_Fast.csv,GM001,8,train
GM001,Session2,treadmill,walk,comfortable,Treadmill_Walk,Treadmill_Walk_Comfortable,C:/Users/KUBA/GitProjects/WKIRO-Project/data/GM001/Session2/Treadmill_Walk/Treadmill_Walk_Comfortable/Post_Process/Treadmill_Walk_Comfortable.csv,GM001,8,train
GM001,Session2,treadmill,walk,fast,Treadmill_Walk,Treadmill_Walk_Fast,C:/Users/KUBA/GitProjects/WKIRO-Project/data/GM001/Session2/Treadmill_Walk/Treadmill_Walk_Fast/Post_Process/Treadmill_Walk_Fast.csv,GM001,8,train
GM001,Session2,treadmill,walk,slow,Treadmill_Walk,Treadmill_Walk_Slow,C:/Users/KUBA/GitProjects/WKIRO-Project/data/GM001/Session2/Treadmill_Walk/Treadmill_Walk_Slow/Post_Process/Treadmill_Walk_Slow.csv,GM001,8,test
GQ016,Session1,overground,run,comfortable,Overground_Run,Run_Comfortable,C:/Users/KUBA/GitProjects/WKIRO-Project/data/GQ016/Session1/Overground_Run/Run_Comfortable/Post_Process/Run_Comfortable1.csv,GQ016,9,test
GQ016,Session1,overground,run,comfortable,Overground_Run,Run_Comfortable,C:/Users/KUBA/GitProjects/WKIRO-Project/data/GQ016/Session1/Overground_Run/Run_Comfortable/Post_Process/Run_Comfortable10.csv,GQ016,9,train
GQ016,Session1,overground,run,comfortable,Overground_Run,Run_Comfortable,C:/Users/KUBA/GitProjects/WKIRO-Project/data/GQ016/Session1/Overground_Run/Run_Comfortable/Post_Process/Run_Comfortable2.csv,GQ016,9,train
GQ016,Session1,overground,run,comfortable,Overground_Run,Run_Comfortable,C:/Users/KUBA/GitProjects/WKIRO-Project/data/GQ016/Session1/Overground_Run/Run_Comfortable/Post_Process/Run_Comfortable3.csv,GQ016,9,test
GQ016,Session1,overground,run,comfortable,Overground_Run,Run_Comfortable,C:/Users/KUBA/GitProjects/WKIRO-Project/data/GQ016/Session1/Overground_Run/Run_Comfortable/Post_Process/Run_Comfortable4.csv,GQ016,9,val
GQ016,Session1,overground,run,comfortable,Overground_Run,Run_Comfortable,C:/Users/KUBA/GitProjects/WKIRO-Project/data/GQ016/Session1/Overground_Run/Run_Comfortable/Post_Process/Run_Comfortable5.csv,GQ016,9,train
GQ016,Session1,overground,run,comfortable,Overground_Run,Run_Comfortable,C:/Users/KUBA/GitProjects/WKIRO-Project/data/GQ016/Session1/Overground_Run/Run_Comfortable/Post_Process/Run_Comfortable6.csv,GQ016,9,train
GQ016,Session1,overground,run,comfortable,Overground_Run,Run_Comfortable,C:/Users/KUBA/GitProjects/WKIRO-Project/data/GQ016/Session1/Overground_Run/Run_Comfortable/Post_Process/Run_Comfortable7.csv,GQ016,9,train
GQ016,Session1,overground,run,comfortable,Overground_Run,Run_Comfortable,C:/Users/KUBA/GitProjects/WKIRO-Project/data/GQ016/Session1/Overground_Run/Run_Comfortable/Post_Process/Run_Comfortable8.csv,GQ016,9,test
GQ016,Session1,overground,run,comfortable,Overground_Run,Run_Comfortable,C:/Users/KUBA/GitProjects/WKIRO-Project/data/GQ016/Session1/Overground_Run/Run_Comfortable/Post_Process/Run_Comfortable9.csv,GQ016,9,train
GQ016,Session1,overground,run,fast,Overground_Run,Run_Fast,C:/Users/KUBA/GitProjects/WKIRO-Project/data/GQ016/Session1/Overground_Run/Run_Fast/Post_Process/Run_Fast1.csv,GQ016,9,train
GQ016,Session1,overground,run,fast,Overground_Run,Run_Fast,C:/Users/KUBA/GitProjects/WKIRO-Project/data/GQ016/Session1/Overground_Run/Run_Fast/Post_Process/Run_Fast10.csv,GQ016,9,test
GQ016,Session1,overground,run,fast,Overground_Run,Run_Fast,C:/Users/KUBA/GitProjects/WKIRO-Project/data/GQ016/Session1/Overground_Run/Run_Fast/Post_Process/Run_Fast2.csv,GQ016,9,test
GQ016,Session1,overground,run,fast,Overground_Run,Run_Fast,C:/Users/KUBA/GitProjects/WKIRO-Project/data/GQ016/Session1/Overground_Run/Run_Fast/Post_Process/Run_Fast3.csv,GQ016,9,val
GQ016,Session1,overground,run,fast,Overground_Run,Run_Fast,C:/Users/KUBA/GitProjects/WKIRO-Project/data/GQ016/Session1/Overground_Run/Run_Fast/Post_Process/Run_Fast4.csv,GQ016,9,test
GQ016,Session1,overground,run,fast,Overground_Run,Run_Fast,C:/Users/KUBA/GitProjects/WKIRO-Project/data/GQ016/Session1/Overground_Run/Run_Fast/Post_Process/Run_Fast5.csv,GQ016,9,train
GQ016,Session1,overground,run,fast,Overground_Run,Run_Fast,C:/Users/KUBA/GitProjects/WKIRO-Project/data/GQ016/Session1/Overground_Run/Run_Fast/Post_Process/Run_Fast6.csv,GQ016,9,train
GQ016,Session1,overground,run,fast,Overground_Run,Run_Fast,C:/Users/KUBA/GitProjects/WKIRO-Project/data/GQ016/Session1/Overground_Run/Run_Fast/Post_Process/Run_Fast7.csv,GQ016,9,val
GQ016,Session1,overground,run,fast,Overground_Run,Run_Fast,C:/Users/KUBA/GitProjects/WKIRO-Project/data/GQ016/Session1/Overground_Run/Run_Fast/Post_Process/Run_Fast8.csv,GQ016,9,train
GQ016,Session1,overground,run,fast,Overground_Run,Run_Fast,C:/Users/KUBA/GitProjects/WKIRO-Project/data/GQ016/Session1/Overground_Run/Run_Fast/Post_Process/Run_Fast9.csv,GQ016,9,test
GQ016,Session1,overground,walk,comfortable,Overground_Walk,Walk_Comfortable,C:/Users/KUBA/GitProjects/WKIRO-Project/data/GQ016/Session1/Overground_Walk/Walk_Comfortable/Post_Process/Walk_Comfortable1.csv,GQ016,9,train
GQ016,Session1,overground,walk,comfortable,Overground_Walk,Walk_Comfortable,C:/Users/KUBA/GitProjects/WKIRO-Project/data/GQ016/Session1/Overground_Walk/Walk_Comfortable/Post_Process/Walk_Comfortable2.csv,GQ016,9,train
GQ016,Session1,overground,walk,comfortable,Overground_Walk,Walk_Comfortable,C:/Users/KUBA/GitProjects/WKIRO-Project/data/GQ016/Session1/Overground_Walk/Walk_Comfortable/Post_Process/Walk_Comfortable3.csv,GQ016,9,train
GQ016,Session1,overground,walk,comfortable,Overground_Walk,Walk_Comfortable,C:/Users/KUBA/GitProjects/WKIRO-Project/data/GQ016/Session1/Overground_Walk/Walk_Comfortable/Post_Process/Walk_Comfortable4.csv,GQ016,9,val
GQ016,Session1,overground,walk,comfortable,Overground_Walk,Walk_Comfortable,C:/Users/KUBA/GitProjects/WKIRO-Project/data/GQ016/Session1/Overground_Walk/Walk_Comfortable/Post_Process/Walk_Comfortable5.csv,GQ016,9,train
GQ016,Session1,overground,walk,comfortable,Overground_Walk,Walk_Comfortable,C:/Users/KUBA/GitProjects/WKIRO-Project/data/GQ016/Session1/Overground_Walk/Walk_Comfortable/Post_Process/Walk_Comfortable6.csv,GQ016,9,train
GQ016,Session1,overground,walk,comfortable,Overground_Walk,Walk_Comfortable,C:/Users/KUBA/GitProjects/WKIRO-Project/data/GQ016/Session1/Overground_Walk/Walk_Comfortable/Post_Process/Walk_Comfortable7.csv,GQ016,9,val
GQ016,Session1,overground,walk,comfortable,Overground_Walk,Walk_Comfortable,C:/Users/KUBA/GitProjects/WKIRO-Project/data/GQ016/Session1/Overground_Walk/Walk_Comfortable/Post_Process/Walk_Comfortable8.csv,GQ016,9,test
GQ016,Session1,overground,walk,fast,Overground_Walk,Walk_Fast,C:/Users/KUBA/GitProjects/WKIRO-Project/data/GQ016/Session1/Overground_Walk/Walk_Fast/Post_Process/Walk_Fast1.csv,GQ016,9,train
GQ016,Session1,overground,walk,fast,Overground_Walk,Walk_Fast,C:/Users/KUBA/GitProjects/WKIRO-Project/data/GQ016/Session1/Overground_Walk/Walk_Fast/Post_Process/Walk_Fast2.csv,GQ016,9,train
GQ016,Session1,overground,walk,fast,Overground_Walk,Walk_Fast,C:/Users/KUBA/GitProjects/WKIRO-Project/data/GQ016/Session1/Overground_Walk/Walk_Fast/Post_Process/Walk_Fast3.csv,GQ016,9,train
GQ016,Session1,overground,walk,fast,Overground_Walk,Walk_Fast,C:/Users/KUBA/GitProjects/WKIRO-Project/data/GQ016/Session1/Overground_Walk/Walk_Fast/Post_Process/Walk_Fast4.csv,GQ016,9,train
GQ016,Session1,overground,walk,fast,Overground_Walk,Walk_Fast,C:/Users/KUBA/GitProjects/WKIRO-Project/data/GQ016/Session1/Overground_Walk/Walk_Fast/Post_Process/Walk_Fast5.csv,GQ016,9,val
GQ016,Session1,overground,walk,fast,Overground_Walk,Walk_Fast,C:/Users/KUBA/GitProjects/WKIRO-Project/data/GQ016/Session1/Overground_Walk/Walk_Fast/Post_Process/Walk_Fast6.csv,GQ016,9,train
GQ016,Session1,overground,walk,fast,Overground_Walk,Walk_Fast,C:/Users/KUBA/GitProjects/WKIRO-Project/data/GQ016/Session1/Overground_Walk/Walk_Fast/Post_Process/Walk_Fast7.csv,GQ016,9,train
GQ016,Session1,overground,walk,fast,Overground_Walk,Walk_Fast,C:/Users/KUBA/GitProjects/WKIRO-Project/data/GQ016/Session1/Overground_Walk/Walk_Fast/Post_Process/Walk_Fast8.csv,GQ016,9,train
GQ016,Session1,overground,walk,slow,Overground_Walk,Walk_Slow,C:/Users/KUBA/GitProjects/WKIRO-Project/data/GQ016/Session1/Overground_Walk/Walk_Slow/Post_Process/Walk_Slow1.csv,GQ016,9,train
GQ016,Session1,overground,walk,slow,Overground_Walk,Walk_Slow,C:/Users/KUBA/GitProjects/WKIRO-Project/data/GQ016/Session1/Overground_Walk/Walk_Slow/Post_Process/Walk_Slow2.csv,GQ016,9,train
GQ016,Session1,overground,walk,slow,Overground_Walk,Walk_Slow,C:/Users/KUBA/GitProjects/WKIRO-Project/data/GQ016/Session1/Overground_Walk/Walk_Slow/Post_Process/Walk_Slow3.csv,GQ016,9,train
GQ016,Session1,overground,walk,slow,Overground_Walk,Walk_Slow,C:/Users/KUBA/GitProjects/WKIRO-Project/data/GQ016/Session1/Overground_Walk/Walk_Slow/Post_Process/Walk_Slow4.csv,GQ016,9,train
GQ016,Session1,overground,walk,slow,Overground_Walk,Walk_Slow,C:/Users/KUBA/GitProjects/WKIRO-Project/data/GQ016/Session1/Overground_Walk/Walk_Slow/Post_Process/Walk_Slow5.csv,GQ016,9,train
GQ016,Session1,overground,walk,slow,Overground_Walk,Walk_Slow,C:/Users/KUBA/GitProjects/WKIRO-Project/data/GQ016/Session1/Overground_Walk/Walk_Slow/Post_Process/Walk_Slow6.csv,GQ016,9,train
GQ016,Session1,overground,walk,slow,Overground_Walk,Walk_Slow,C:/Users/KUBA/GitProjects/WKIRO-Project/data/GQ016/Session1/Overground_Walk/Walk_Slow/Post_Process/Walk_Slow7.csv,GQ016,9,test
GQ016,Session1,overground,walk,slow,Overground_Walk,Walk_Slow,C:/Users/KUBA/GitProjects/WKIRO-Project/data/GQ016/Session1/Overground_Walk/Walk_Slow/Post_Process/Walk_Slow8.csv,GQ016,9,train
GQ016,Session1,treadmill,run,comfortable,Treadmill_Run,Treadmill_Run_Comfortable,C:/Users/KUBA/GitProjects/WKIRO-Project/data/GQ016/Session1/Treadmill_Run/Treadmill_Run_Comfortable/Post_Process/Treadmill_Run_Comfortable.csv,GQ016,9,train
GQ016,Session1,treadmill,run,fast,Treadmill_Run,Treadmill_Run_Fast,C:/Users/KUBA/GitProjects/WKIRO-Project/data/GQ016/Session1/Treadmill_Run/Treadmill_Run_Fast/Post_Process/Treadmill_Run_Fast.csv,GQ016,9,train
GQ016,Session1,treadmill,walk,comfortable,Treadmill_Walk,Treadmill_Walk_Comfortable,C:/Users/KUBA/GitProjects/WKIRO-Project/data/GQ016/Session1/Treadmill_Walk/Treadmill_Walk_Comfortable/Post_Process/Treadmill_Walk_Comfortable.csv,GQ016,9,train
GQ016,Session1,treadmill,walk,fast,Treadmill_Walk,Treadmill_Walk_Fast,C:/Users/KUBA/GitProjects/WKIRO-Project/data/GQ016/Session1/Treadmill_Walk/Treadmill_Walk_Fast/Post_Process/Treadmill_Walk_Fast.csv,GQ016,9,val
GQ016,Session1,treadmill,walk,slow,Treadmill_Walk,Treadmill_Walk_Slow,C:/Users/KUBA/GitProjects/WKIRO-Project/data/GQ016/Session1/Treadmill_Walk/Treadmill_Walk_Slow/Post_Process/Treadmill_Walk_Slow.csv,GQ016,9,val
GQ016,Session2,overground,run,comfortable,Overground_Run,Run_Comfortable,C:/Users/KUBA/GitProjects/WKIRO-Project/data/GQ016/Session2/Overground_Run/Run_Comfortable/Post_Process/Run_Comfortable1.csv,GQ016,9,test
GQ016,Session2,overground,run,comfortable,Overground_Run,Run_Comfortable,C:/Users/KUBA/GitProjects/WKIRO-Project/data/GQ016/Session2/Overground_Run/Run_Comfortable/Post_Process/Run_Comfortable10.csv,GQ016,9,train
GQ016,Session2,overground,run,comfortable,Overground_Run,Run_Comfortable,C:/Users/KUBA/GitProjects/WKIRO-Project/data/GQ016/Session2/Overground_Run/Run_Comfortable/Post_Process/Run_Comfortable2.csv,GQ016,9,train
GQ016,Session2,overground,run,comfortable,Overground_Run,Run_Comfortable,C:/Users/KUBA/GitProjects/WKIRO-Project/data/GQ016/Session2/Overground_Run/Run_Comfortable/Post_Process/Run_Comfortable3.csv,GQ016,9,train
GQ016,Session2,overground,run,comfortable,Overground_Run,Run_Comfortable,C:/Users/KUBA/GitProjects/WKIRO-Project/data/GQ016/Session2/Overground_Run/Run_Comfortable/Post_Process/Run_Comfortable4.csv,GQ016,9,train
GQ016,Session2,overground,run,comfortable,Overground_Run,Run_Comfortable,C:/Users/KUBA/GitProjects/WKIRO-Project/data/GQ016/Session2/Overground_Run/Run_Comfortable/Post_Process/Run_Comfortable5.csv,GQ016,9,test
GQ016,Session2,overground,run,comfortable,Overground_Run,Run_Comfortable,C:/Users/KUBA/GitProjects/WKIRO-Project/data/GQ016/Session2/Overground_Run/Run_Comfortable/Post_Process/Run_Comfortable6.csv,GQ016,9,train
GQ016,Session2,overground,run,comfortable,Overground_Run,Run_Comfortable,C:/Users/KUBA/GitProjects/WKIRO-Project/data/GQ016/Session2/Overground_Run/Run_Comfortable/Post_Process/Run_Comfortable7.csv,GQ016,9,train
GQ016,Session2,overground,run,comfortable,Overground_Run,Run_Comfortable,C:/Users/KUBA/GitProjects/WKIRO-Project/data/GQ016/Session2/Overground_Run/Run_Comfortable/Post_Process/Run_Comfortable8.csv,GQ016,9,train
GQ016,Session2,overground,run,comfortable,Overground_Run,Run_Comfortable,C:/Users/KUBA/GitProjects/WKIRO-Project/data/GQ016/Session2/Overground_Run/Run_Comfortable/Post_Process/Run_Comfortable9.csv,GQ016,9,train
GQ016,Session2,overground,run,fast,Overground_Run,Run_Fast,C:/Users/KUBA/GitProjects/WKIRO-Project/data/GQ016/Session2/Overground_Run/Run_Fast/Post_Process/Run_Fast1.csv,GQ016,9,train
GQ016,Session2,overground,run,fast,Overground_Run,Run_Fast,C:/Users/KUBA/GitProjects/WKIRO-Project/data/GQ016/Session2/Overground_Run/Run_Fast/Post_Process/Run_Fast10.csv,GQ016,9,train
GQ016,Session2,overground,run,fast,Overground_Run,Run_Fast,C:/Users/KUBA/GitProjects/WKIRO-Project/data/GQ016/Session2/Overground_Run/Run_Fast/Post_Process/Run_Fast2.csv,GQ016,9,train
GQ016,Session2,overground,run,fast,Overground_Run,Run_Fast,C:/Users/KUBA/GitProjects/WKIRO-Project/data/GQ016/Session2/Overground_Run/Run_Fast/Post_Process/Run_Fast3.csv,GQ016,9,train
GQ016,Session2,overground,run,fast,Overground_Run,Run_Fast,C:/Users/KUBA/GitProjects/WKIRO-Project/data/GQ016/Session2/Overground_Run/Run_Fast/Post_Process/Run_Fast4.csv,GQ016,9,val
GQ016,Session2,overground,run,fast,Overground_Run,Run_Fast,C:/Users/KUBA/GitProjects/WKIRO-Project/data/GQ016/Session2/Overground_Run/Run_Fast/Post_Process/Run_Fast5.csv,GQ016,9,val
GQ016,Session2,overground,run,fast,Overground_Run,Run_Fast,C:/Users/KUBA/GitProjects/WKIRO-Project/data/GQ016/Session2/Overground_Run/Run_Fast/Post_Process/Run_Fast6.csv,GQ016,9,train
GQ016,Session2,overground,run,fast,Overground_Run,Run_Fast,C:/Users/KUBA/GitProjects/WKIRO-Project/data/GQ016/Session2/Overground_Run/Run_Fast/Post_Process/Run_Fast7.csv,GQ016,9,train
GQ016,Session2,overground,run,fast,Overground_Run,Run_Fast,C:/Users/KUBA/GitProjects/WKIRO-Project/data/GQ016/Session2/Overground_Run/Run_Fast/Post_Process/Run_Fast8.csv,GQ016,9,train
GQ016,Session2,overground,run,fast,Overground_Run,Run_Fast,C:/Users/KUBA/GitProjects/WKIRO-Project/data/GQ016/Session2/Overground_Run/Run_Fast/Post_Process/Run_Fast9.csv,GQ016,9,train
GQ016,Session2,overground,walk,comfortable,Overground_Walk,Walk_Comfortable,C:/Users/KUBA/GitProjects/WKIRO-Project/data/GQ016/Session2/Overground_Walk/Walk_Comfortable/Post_Process/Walk_Comfortable1.csv,GQ016,9,train
GQ016,Session2,overground,walk,comfortable,Overground_Walk,Walk_Comfortable,C:/Users/KUBA/GitProjects/WKIRO-Project/data/GQ016/Session2/Overground_Walk/Walk_Comfortable/Post_Process/Walk_Comfortable2.csv,GQ016,9,train
GQ016,Session2,overground,walk,comfortable,Overground_Walk,Walk_Comfortable,C:/Users/KUBA/GitProjects/WKIRO-Project/data/GQ016/Session2/Overground_Walk/Walk_Comfortable/Post_Process/Walk_Comfortable3.csv,GQ016,9,test
GQ016,Session2,overground,walk,comfortable,Overground_Walk,Walk_Comfortable,C:/Users/KUBA/GitProjects/WKIRO-Project/data/GQ016/Session2/Overground_Walk/Walk_Comfortable/Post_Process/Walk_Comfortable4.csv,GQ016,9,train
GQ016,Session2,overground,walk,comfortable,Overground_Walk,Walk_Comfortable,C:/Users/KUBA/GitProjects/WKIRO-Project/data/GQ016/Session2/Overground_Walk/Walk_Comfortable/Post_Process/Walk_Comfortable5.csv,GQ016,9,val
GQ016,Session2,overground,walk,comfortable,Overground_Walk,Walk_Comfortable,C:/Users/KUBA/GitProjects/WKIRO-Project/data/GQ016/Session2/Overground_Walk/Walk_Comfortable/Post_Process/Walk_Comfortable6.csv,GQ016,9,val
GQ016,Session2,overground,walk,comfortable,Overground_Walk,Walk_Comfortable,C:/Users/KUBA/GitProjects/WKIRO-Project/data/GQ016/Session2/Overground_Walk/Walk_Comfortable/Post_Process/Walk_Comfortable7.csv,GQ016,9,train
GQ016,Session2,overground,walk,comfortable,Overground_Walk,Walk_Comfortable,C:/Users/KUBA/GitProjects/WKIRO-Project/data/GQ016/Session2/Overground_Walk/Walk_Comfortable/Post_Process/Walk_Comfortable8.csv,GQ016,9,test
GQ016,Session2,overground,walk,fast,Overground_Walk,Walk_Fast,C:/Users/KUBA/GitProjects/WKIRO-Project/data/GQ016/Session2/Overground_Walk/Walk_Fast/Post_Process/Walk_Fast1.csv,GQ016,9,val
GQ016,Session2,overground,walk,fast,Overground_Walk,Walk_Fast,C:/Users/KUBA/GitProjects/WKIRO-Project/data/GQ016/Session2/Overground_Walk/Walk_Fast/Post_Process/Walk_Fast2.csv,GQ016,9,train
GQ016,Session2,overground,walk,fast,Overground_Walk,Walk_Fast,C:/Users/KUBA/GitProjects/WKIRO-Project/data/GQ016/Session2/Overground_Walk/Walk_Fast/Post_Process/Walk_Fast3.csv,GQ016,9,test
GQ016,Session2,overground,walk,fast,Overground_Walk,Walk_Fast,C:/Users/KUBA/GitProjects/WKIRO-Project/data/GQ016/Session2/Overground_Walk/Walk_Fast/Post_Process/Walk_Fast4.csv,GQ016,9,train
GQ016,Session2,overground,walk,fast,Overground_Walk,Walk_Fast,C:/Users/KUBA/GitProjects/WKIRO-Project/data/GQ016/Session2/Overground_Walk/Walk_Fast/Post_Process/Walk_Fast5.csv,GQ016,9,train
GQ016,Session2,overground,walk,fast,Overground_Walk,Walk_Fast,C:/Users/KUBA/GitProjects/WKIRO-Project/data/GQ016/Session2/Overground_Walk/Walk_Fast/Post_Process/Walk_Fast6.csv,GQ016,9,train
GQ016,Session2,overground,walk,fast,Overground_Walk,Walk_Fast,C:/Users/KUBA/GitProjects/WKIRO-Project/data/GQ016/Session2/Overground_Walk/Walk_Fast/Post_Process/Walk_Fast7.csv,GQ016,9,val
GQ016,Session2,overground,walk,fast,Overground_Walk,Walk_Fast,C:/Users/KUBA/GitProjects/WKIRO-Project/data/GQ016/Session2/Overground_Walk/Walk_Fast/Post_Process/Walk_Fast8.csv,GQ016,9,train
GQ016,Session2,overground,walk,slow,Overground_Walk,Walk_Slow,C:/Users/KUBA/GitProjects/WKIRO-Project/data/GQ016/Session2/Overground_Walk/Walk_Slow/Post_Process/Walk_Slow1.csv,GQ016,9,train
GQ016,Session2,overground,walk,slow,Overground_Walk,Walk_Slow,C:/Users/KUBA/GitProjects/WKIRO-Project/data/GQ016/Session2/Overground_Walk/Walk_Slow/Post_Process/Walk_Slow2.csv,GQ016,9,train
GQ016,Session2,overground,walk,slow,Overground_Walk,Walk_Slow,C:/Users/KUBA/GitProjects/WKIRO-Project/data/GQ016/Session2/Overground_Walk/Walk_Slow/Post_Process/Walk_Slow3.csv,GQ016,9,train
GQ016,Session2,overground,walk,slow,Overground_Walk,Walk_Slow,C:/Users/KUBA/GitProjects/WKIRO-Project/data/GQ016/Session2/Overground_Walk/Walk_Slow/Post_Process/Walk_Slow4.csv,GQ016,9,train
GQ016,Session2,overground,walk,slow,Overground_Walk,Walk_Slow,C:/Users/KUBA/GitProjects/WKIRO-Project/data/GQ016/Session2/Overground_Walk/Walk_Slow/Post_Process/Walk_Slow5.csv,GQ016,9,train
GQ016,Session2,overground,walk,slow,Overground_Walk,Walk_Slow,C:/Users/KUBA/GitProjects/WKIRO-Project/data/GQ016/Session2/Overground_Walk/Walk_Slow/Post_Process/Walk_Slow6.csv,GQ016,9,train
GQ016,Session2,overground,walk,slow,Overground_Walk,Walk_Slow,C:/Users/KUBA/GitProjects/WKIRO-Project/data/GQ016/Session2/Overground_Walk/Walk_Slow/Post_Process/Walk_Slow7.csv,GQ016,9,train
GQ016,Session2,overground,walk,slow,Overground_Walk,Walk_Slow,C:/Users/KUBA/GitProjects/WKIRO-Project/data/GQ016/Session2/Overground_Walk/Walk_Slow/Post_Process/Walk_Slow8.csv,GQ016,9,test
GQ016,Session2,treadmill,run,comfortable,Treadmill_Run,Treadmill_Run_Comfortable,C:/Users/KUBA/GitProjects/WKIRO-Project/data/GQ016/Session2/Treadmill_Run/Treadmill_Run_Comfortable/Post_Process/Treadmill_Run_Comfortable.csv,GQ016,9,train
GQ016,Session2,treadmill,run,fast,Treadmill_Run,Treadmill_Run_Fast,C:/Users/KUBA/GitProjects/WKIRO-Project/data/GQ016/Session2/Treadmill_Run/Treadmill_Run_Fast/Post_Process/Treadmill_Run_Fast.csv,GQ016,9,val
GQ016,Session2,treadmill,walk,comfortable,Treadmill_Walk,Treadmill_Walk_Comfortable,C:/Users/KUBA/GitProjects/WKIRO-Project/data/GQ016/Session2/Treadmill_Walk/Treadmill_Walk_Comfortable/Post_Process/Treadmill_Walk_Comfortable.csv,GQ016,9,train
GQ016,Session2,treadmill,walk,fast,Treadmill_Walk,Treadmill_Walk_Fast,C:/Users/KUBA/GitProjects/WKIRO-Project/data/GQ016/Session2/Treadmill_Walk/Treadmill_Walk_Fast/Post_Process/Treadmill_Walk_Fast.csv,GQ016,9,train
GQ016,Session2,treadmill,walk,slow,Treadmill_Walk,Treadmill_Walk_Slow,C:/Users/KUBA/GitProjects/WKIRO-Project/data/GQ016/Session2/Treadmill_Walk/Treadmill_Walk_Slow/Post_Process/Treadmill_Walk_Slow.csv,GQ016,9,train
HN021,Session1,overground,run,comfortable,Overground_Run,Run_Comfortable,C:/Users/KUBA/GitProjects/WKIRO-Project/data/HN021/Session1/Overground_Run/Run_Comfortable/Post_Process/Run_Comfortable1.csv,HN021,10,train
HN021,Session1,overground,run,comfortable,Overground_Run,Run_Comfortable,C:/Users/KUBA/GitProjects/WKIRO-Project/data/HN021/Session1/Overground_Run/Run_Comfortable/Post_Process/Run_Comfortable10.csv,HN021,10,train
HN021,Session1,overground,run,comfortable,Overground_Run,Run_Comfortable,C:/Users/KUBA/GitProjects/WKIRO-Project/data/HN021/Session1/Overground_Run/Run_Comfortable/Post_Process/Run_Comfortable2.csv,HN021,10,train
HN021,Session1,overground,run,comfortable,Overground_Run,Run_Comfortable,C:/Users/KUBA/GitProjects/WKIRO-Project/data/HN021/Session1/Overground_Run/Run_Comfortable/Post_Process/Run_Comfortable3.csv,HN021,10,test
HN021,Session1,overground,run,comfortable,Overground_Run,Run_Comfortable,C:/Users/KUBA/GitProjects/WKIRO-Project/data/HN021/Session1/Overground_Run/Run_Comfortable/Post_Process/Run_Comfortable4.csv,HN021,10,train
HN021,Session1,overground,run,comfortable,Overground_Run,Run_Comfortable,C:/Users/KUBA/GitProjects/WKIRO-Project/data/HN021/Session1/Overground_Run/Run_Comfortable/Post_Process/Run_Comfortable5.csv,HN021,10,train
HN021,Session1,overground,run,comfortable,Overground_Run,Run_Comfortable,C:/Users/KUBA/GitProjects/WKIRO-Project/data/HN021/Session1/Overground_Run/Run_Comfortable/Post_Process/Run_Comfortable6.csv,HN021,10,train
HN021,Session1,overground,run,comfortable,Overground_Run,Run_Comfortable,C:/Users/KUBA/GitProjects/WKIRO-Project/data/HN021/Session1/Overground_Run/Run_Comfortable/Post_Process/Run_Comfortable7.csv,HN021,10,test
HN021,Session1,overground,run,comfortable,Overground_Run,Run_Comfortable,C:/Users/KUBA/GitProjects/WKIRO-Project/data/HN021/Session1/Overground_Run/Run_Comfortable/Post_Process/Run_Comfortable8.csv,HN021,10,train
HN021,Session1,overground,run,comfortable,Overground_Run,Run_Comfortable,C:/Users/KUBA/GitProjects/WKIRO-Project/data/HN021/Session1/Overground_Run/Run_Comfortable/Post_Process/Run_Comfortable9.csv,HN021,10,train
HN021,Session1,overground,run,fast,Overground_Run,Run_Fast,C:/Users/KUBA/GitProjects/WKIRO-Project/data/HN021/Session1/Overground_Run/Run_Fast/Post_Process/Run_Fast1.csv,HN021,10,train
HN021,Session1,overground,run,fast,Overground_Run,Run_Fast,C:/Users/KUBA/GitProjects/WKIRO-Project/data/HN021/Session1/Overground_Run/Run_Fast/Post_Process/Run_Fast10.csv,HN021,10,test
HN021,Session1,overground,run,fast,Overground_Run,Run_Fast,C:/Users/KUBA/GitProjects/WKIRO-Project/data/HN021/Session1/Overground_Run/Run_Fast/Post_Process/Run_Fast2.csv,HN021,10,train
HN021,Session1,overground,run,fast,Overground_Run,Run_Fast,C:/Users/KUBA/GitProjects/WKIRO-Project/data/HN021/Session1/Overground_Run/Run_Fast/Post_Process/Run_Fast3.csv,HN021,10,train
HN021,Session1,overground,run,fast,Overground_Run,Run_Fast,C:/Users/KUBA/GitProjects/WKIRO-Project/data/HN021/Session1/Overground_Run/Run_Fast/Post_Process/Run_Fast4.csv,HN021,10,train
HN021,Session1,overground,run,fast,Overground_Run,Run_Fast,C:/Users/KUBA/GitProjects/WKIRO-Project/data/HN021/Session1/Overground_Run/Run_Fast/Post_Process/Run_Fast5.csv,HN021,10,val
HN021,Session1,overground,run,fast,Overground_Run,Run_Fast,C:/Users/KUBA/GitProjects/WKIRO-Project/data/HN021/Session1/Overground_Run/Run_Fast/Post_Process/Run_Fast6.csv,HN021,10,train
HN021,Session1,overground,run,fast,Overground_Run,Run_Fast,C:/Users/KUBA/GitProjects/WKIRO-Project/data/HN021/Session1/Overground_Run/Run_Fast/Post_Process/Run_Fast7.csv,HN021,10,train
HN021,Session1,overground,run,fast,Overground_Run,Run_Fast,C:/Users/KUBA/GitProjects/WKIRO-Project/data/HN021/Session1/Overground_Run/Run_Fast/Post_Process/Run_Fast8.csv,HN021,10,train
HN021,Session1,overground,run,fast,Overground_Run,Run_Fast,C:/Users/KUBA/GitProjects/WKIRO-Project/data/HN021/Session1/Overground_Run/Run_Fast/Post_Process/Run_Fast9.csv,HN021,10,test
HN021,Session1,overground,walk,comfortable,Overground_Walk,Walk_Comfortable,C:/Users/KUBA/GitProjects/WKIRO-Project/data/HN021/Session1/Overground_Walk/Walk_Comfortable/Post_Process/Walk_Comfortable1.csv,HN021,10,train
HN021,Session1,overground,walk,comfortable,Overground_Walk,Walk_Comfortable,C:/Users/KUBA/GitProjects/WKIRO-Project/data/HN021/Session1/Overground_Walk/Walk_Comfortable/Post_Process/Walk_Comfortable2.csv,HN021,10,val
HN021,Session1,overground,walk,comfortable,Overground_Walk,Walk_Comfortable,C:/Users/KUBA/GitProjects/WKIRO-Project/data/HN021/Session1/Overground_Walk/Walk_Comfortable/Post_Process/Walk_Comfortable3.csv,HN021,10,train
HN021,Session1,overground,walk,comfortable,Overground_Walk,Walk_Comfortable,C:/Users/KUBA/GitProjects/WKIRO-Project/data/HN021/Session1/Overground_Walk/Walk_Comfortable/Post_Process/Walk_Comfortable4.csv,HN021,10,train
HN021,Session1,overground,walk,comfortable,Overground_Walk,Walk_Comfortable,C:/Users/KUBA/GitProjects/WKIRO-Project/data/HN021/Session1/Overground_Walk/Walk_Comfortable/Post_Process/Walk_Comfortable5.csv,HN021,10,val
HN021,Session1,overground,walk,comfortable,Overground_Walk,Walk_Comfortable,C:/Users/KUBA/GitProjects/WKIRO-Project/data/HN021/Session1/Overground_Walk/Walk_Comfortable/Post_Process/Walk_Comfortable6.csv,HN021,10,train
HN021,Session1,overground,walk,comfortable,Overground_Walk,Walk_Comfortable,C:/Users/KUBA/GitProjects/WKIRO-Project/data/HN021/Session1/Overground_Walk/Walk_Comfortable/Post_Process/Walk_Comfortable7.csv,HN021,10,train
HN021,Session1,overground,walk,comfortable,Overground_Walk,Walk_Comfortable,C:/Users/KUBA/GitProjects/WKIRO-Project/data/HN021/Session1/Overground_Walk/Walk_Comfortable/Post_Process/Walk_Comfortable8.csv,HN021,10,val
HN021,Session1,overground,walk,fast,Overground_Walk,Walk_Fast,C:/Users/KUBA/GitProjects/WKIRO-Project/data/HN021/Session1/Overground_Walk/Walk_Fast/Post_Process/Walk_Fast1.csv,HN021,10,test
HN021,Session1,overground,walk,fast,Overground_Walk,Walk_Fast,C:/Users/KUBA/GitProjects/WKIRO-Project/data/HN021/Session1/Overground_Walk/Walk_Fast/Post_Process/Walk_Fast2.csv,HN021,10,train
HN021,Session1,overground,walk,fast,Overground_Walk,Walk_Fast,C:/Users/KUBA/GitProjects/WKIRO-Project/data/HN021/Session1/Overground_Walk/Walk_Fast/Post_Process/Walk_Fast3.csv,HN021,10,train
HN021,Session1,overground,walk,fast,Overground_Walk,Walk_Fast,C:/Users/KUBA/GitProjects/WKIRO-Project/data/HN021/Session1/Overground_Walk/Walk_Fast/Post_Process/Walk_Fast4.csv,HN021,10,test
HN021,Session1,overground,walk,fast,Overground_Walk,Walk_Fast,C:/Users/KUBA/GitProjects/WKIRO-Project/data/HN021/Session1/Overground_Walk/Walk_Fast/Post_Process/Walk_Fast5.csv,HN021,10,train
HN021,Session1,overground,walk,fast,Overground_Walk,Walk_Fast,C:/Users/KUBA/GitProjects/WKIRO-Project/data/HN021/Session1/Overground_Walk/Walk_Fast/Post_Process/Walk_Fast6.csv,HN021,10,test
HN021,Session1,overground,walk,fast,Overground_Walk,Walk_Fast,C:/Users/KUBA/GitProjects/WKIRO-Project/data/HN021/Session1/Overground_Walk/Walk_Fast/Post_Process/Walk_Fast7.csv,HN021,10,train
HN021,Session1,overground,walk,fast,Overground_Walk,Walk_Fast,C:/Users/KUBA/GitProjects/WKIRO-Project/data/HN021/Session1/Overground_Walk/Walk_Fast/Post_Process/Walk_Fast8.csv,HN021,10,val
HN021,Session1,overground,walk,slow,Overground_Walk,Walk_Slow,C:/Users/KUBA/GitProjects/WKIRO-Project/data/HN021/Session1/Overground_Walk/Walk_Slow/Post_Process/Walk_Slow1.csv,HN021,10,train
HN021,Session1,overground,walk,slow,Overground_Walk,Walk_Slow,C:/Users/KUBA/GitProjects/WKIRO-Project/data/HN021/Session1/Overground_Walk/Walk_Slow/Post_Process/Walk_Slow2.csv,HN021,10,train
HN021,Session1,overground,walk,slow,Overground_Walk,Walk_Slow,C:/Users/KUBA/GitProjects/WKIRO-Project/data/HN021/Session1/Overground_Walk/Walk_Slow/Post_Process/Walk_Slow3.csv,HN021,10,val
HN021,Session1,overground,walk,slow,Overground_Walk,Walk_Slow,C:/Users/KUBA/GitProjects/WKIRO-Project/data/HN021/Session1/Overground_Walk/Walk_Slow/Post_Process/Walk_Slow4.csv,HN021,10,train
HN021,Session1,overground,walk,slow,Overground_Walk,Walk_Slow,C:/Users/KUBA/GitProjects/WKIRO-Project/data/HN021/Session1/Overground_Walk/Walk_Slow/Post_Process/Walk_Slow5.csv,HN021,10,train
HN021,Session1,overground,walk,slow,Overground_Walk,Walk_Slow,C:/Users/KUBA/GitProjects/WKIRO-Project/data/HN021/Session1/Overground_Walk/Walk_Slow/Post_Process/Walk_Slow6.csv,HN021,10,train
HN021,Session1,overground,walk,slow,Overground_Walk,Walk_Slow,C:/Users/KUBA/GitProjects/WKIRO-Project/data/HN021/Session1/Overground_Walk/Walk_Slow/Post_Process/Walk_Slow7.csv,HN021,10,train
HN021,Session1,overground,walk,slow,Overground_Walk,Walk_Slow,C:/Users/KUBA/GitProjects/WKIRO-Project/data/HN021/Session1/Overground_Walk/Walk_Slow/Post_Process/Walk_Slow8.csv,HN021,10,train
HN021,Session1,treadmill,run,comfortable,Treadmill_Run,Treadmill_Run_Comfortable,C:/Users/KUBA/GitProjects/WKIRO-Project/data/HN021/Session1/Treadmill_Run/Treadmill_Run_Comfortable/Post_Process/Treadmill_Run_Comfortable.csv,HN021,10,train
HN021,Session1,treadmill,run,fast,Treadmill_Run,Treadmill_Run_Fast,C:/Users/KUBA/GitProjects/WKIRO-Project/data/HN021/Session1/Treadmill_Run/Treadmill_Run_Fast/Post_Process/Treadmill_Run_Fast.csv,HN021,10,train
HN021,Session1,treadmill,walk,comfortable,Treadmill_Walk,Treadmill_Walk_Comfortable,C:/Users/KUBA/GitProjects/WKIRO-Project/data/HN021/Session1/Treadmill_Walk/Treadmill_Walk_Comfortable/Post_Process/Treadmill_Walk_Comfortable.csv,HN021,10,train
HN021,Session1,treadmill,walk,fast,Treadmill_Walk,Treadmill_Walk_Fast,C:/Users/KUBA/GitProjects/WKIRO-Project/data/HN021/Session1/Treadmill_Walk/Treadmill_Walk_Fast/Post_Process/Treadmill_Walk_Fast.csv,HN021,10,train
HN021,Session1,treadmill,walk,slow,Treadmill_Walk,Treadmill_Walk_Slow,C:/Users/KUBA/GitProjects/WKIRO-Project/data/HN021/Session1/Treadmill_Walk/Treadmill_Walk_Slow/Post_Process/Treadmill_Walk_Slow.csv,HN021,10,train
HN021,Session2,overground,run,comfortable,Overground_Run,Run_Comfortable,C:/Users/KUBA/GitProjects/WKIRO-Project/data/HN021/Session2/Overground_Run/Run_Comfortable/Post_Process/Run_Comfortable1.csv,HN021,10,train
HN021,Session2,overground,run,comfortable,Overground_Run,Run_Comfortable,C:/Users/KUBA/GitProjects/WKIRO-Project/data/HN021/Session2/Overground_Run/Run_Comfortable/Post_Process/Run_Comfortable2.csv,HN021,10,val
HN021,Session2,overground,run,comfortable,Overground_Run,Run_Comfortable,C:/Users/KUBA/GitProjects/WKIRO-Project/data/HN021/Session2/Overground_Run/Run_Comfortable/Post_Process/Run_Comfortable3.csv,HN021,10,train
HN021,Session2,overground,run,comfortable,Overground_Run,Run_Comfortable,C:/Users/KUBA/GitProjects/WKIRO-Project/data/HN021/Session2/Overground_Run/Run_Comfortable/Post_Process/Run_Comfortable4.csv,HN021,10,train
HN021,Session2,overground,run,comfortable,Overground_Run,Run_Comfortable,C:/Users/KUBA/GitProjects/WKIRO-Project/data/HN021/Session2/Overground_Run/Run_Comfortable/Post_Process/Run_Comfortable5.csv,HN021,10,train
HN021,Session2,overground,run,comfortable,Overground_Run,Run_Comfortable,C:/Users/KUBA/GitProjects/WKIRO-Project/data/HN021/Session2/Overground_Run/Run_Comfortable/Post_Process/Run_Comfortable6.csv,HN021,10,test
HN021,Session2,overground,run,comfortable,Overground_Run,Run_Comfortable,C:/Users/KUBA/GitProjects/WKIRO-Project/data/HN021/Session2/Overground_Run/Run_Comfortable/Post_Process/Run_Comfortable7.csv,HN021,10,train
HN021,Session2,overground,run,comfortable,Overground_Run,Run_Comfortable,C:/Users/KUBA/GitProjects/WKIRO-Project/data/HN021/Session2/Overground_Run/Run_Comfortable/Post_Process/Run_Comfortable8.csv,HN021,10,test
HN021,Session2,overground,run,fast,Overground_Run,Run_Fast,C:/Users/KUBA/GitProjects/WKIRO-Project/data/HN021/Session2/Overground_Run/Run_Fast/Post_Process/Run_Fast1.csv,HN021,10,train
HN021,Session2,overground,run,fast,Overground_Run,Run_Fast,C:/Users/KUBA/GitProjects/WKIRO-Project/data/HN021/Session2/Overground_Run/Run_Fast/Post_Process/Run_Fast10.csv,HN021,10,train
HN021,Session2,overground,run,fast,Overground_Run,Run_Fast,C:/Users/KUBA/GitProjects/WKIRO-Project/data/HN021/Session2/Overground_Run/Run_Fast/Post_Process/Run_Fast2.csv,HN021,10,train
HN021,Session2,overground,run,fast,Overground_Run,Run_Fast,C:/Users/KUBA/GitProjects/WKIRO-Project/data/HN021/Session2/Overground_Run/Run_Fast/Post_Process/Run_Fast3.csv,HN021,10,val
HN021,Session2,overground,run,fast,Overground_Run,Run_Fast,C:/Users/KUBA/GitProjects/WKIRO-Project/data/HN021/Session2/Overground_Run/Run_Fast/Post_Process/Run_Fast4.csv,HN021,10,train
HN021,Session2,overground,run,fast,Overground_Run,Run_Fast,C:/Users/KUBA/GitProjects/WKIRO-Project/data/HN021/Session2/Overground_Run/Run_Fast/Post_Process/Run_Fast5.csv,HN021,10,test
HN021,Session2,overground,run,fast,Overground_Run,Run_Fast,C:/Users/KUBA/GitProjects/WKIRO-Project/data/HN021/Session2/Overground_Run/Run_Fast/Post_Process/Run_Fast6.csv,HN021,10,test
HN021,Session2,overground,run,fast,Overground_Run,Run_Fast,C:/Users/KUBA/GitProjects/WKIRO-Project/data/HN021/Session2/Overground_Run/Run_Fast/Post_Process/Run_Fast7.csv,HN021,10,val
HN021,Session2,overground,run,fast,Overground_Run,Run_Fast,C:/Users/KUBA/GitProjects/WKIRO-Project/data/HN021/Session2/Overground_Run/Run_Fast/Post_Process/Run_Fast8.csv,HN021,10,train
HN021,Session2,overground,run,fast,Overground_Run,Run_Fast,C:/Users/KUBA/GitProjects/WKIRO-Project/data/HN021/Session2/Overground_Run/Run_Fast/Post_Process/Run_Fast9.csv,HN021,10,train
HN021,Session2,overground,walk,comfortable,Overground_Walk,Walk_Comfortable,C:/Users/KUBA/GitProjects/WKIRO-Project/data/HN021/Session2/Overground_Walk/Walk_Comfortable/Post_Process/Walk_Comfortable1.csv,HN021,10,test
HN021,Session2,overground,walk,comfortable,Overground_Walk,Walk_Comfortable,C:/Users/KUBA/GitProjects/WKIRO-Project/data/HN021/Session2/Overground_Walk/Walk_Comfortable/Post_Process/Walk_Comfortable2.csv,HN021,10,val
HN021,Session2,overground,walk,comfortable,Overground_Walk,Walk_Comfortable,C:/Users/KUBA/GitProjects/WKIRO-Project/data/HN021/Session2/Overground_Walk/Walk_Comfortable/Post_Process/Walk_Comfortable3.csv,HN021,10,train
HN021,Session2,overground,walk,comfortable,Overground_Walk,Walk_Comfortable,C:/Users/KUBA/GitProjects/WKIRO-Project/data/HN021/Session2/Overground_Walk/Walk_Comfortable/Post_Process/Walk_Comfortable4.csv,HN021,10,train
HN021,Session2,overground,walk,comfortable,Overground_Walk,Walk_Comfortable,C:/Users/KUBA/GitProjects/WKIRO-Project/data/HN021/Session2/Overground_Walk/Walk_Comfortable/Post_Process/Walk_Comfortable5.csv,HN021,10,train
HN021,Session2,overground,walk,comfortable,Overground_Walk,Walk_Comfortable,C:/Users/KUBA/GitProjects/WKIRO-Project/data/HN021/Session2/Overground_Walk/Walk_Comfortable/Post_Process/Walk_Comfortable6.csv,HN021,10,train
HN021,Session2,overground,walk,fast,Overground_Walk,Walk_Fast,C:/Users/KUBA/GitProjects/WKIRO-Project/data/HN021/Session2/Overground_Walk/Walk_Fast/Post_Process/Walk_Fast1.csv,HN021,10,train
HN021,Session2,overground,walk,fast,Overground_Walk,Walk_Fast,C:/Users/KUBA/GitProjects/WKIRO-Project/data/HN021/Session2/Overground_Walk/Walk_Fast/Post_Process/Walk_Fast2.csv,HN021,10,train
HN021,Session2,overground,walk,fast,Overground_Walk,Walk_Fast,C:/Users/KUBA/GitProjects/WKIRO-Project/data/HN021/Session2/Overground_Walk/Walk_Fast/Post_Process/Walk_Fast3.csv,HN021,10,train
HN021,Session2,overground,walk,fast,Overground_Walk,Walk_Fast,C:/Users/KUBA/GitProjects/WKIRO-Project/data/HN021/Session2/Overground_Walk/Walk_Fast/Post_Process/Walk_Fast4.csv,HN021,10,train
HN021,Session2,overground,walk,fast,Overground_Walk,Walk_Fast,C:/Users/KUBA/GitProjects/WKIRO-Project/data/HN021/Session2/Overground_Walk/Walk_Fast/Post_Process/Walk_Fast5.csv,HN021,10,val
HN021,Session2,overground,walk,fast,Overground_Walk,Walk_Fast,C:/Users/KUBA/GitProjects/WKIRO-Project/data/HN021/Session2/Overground_Walk/Walk_Fast/Post_Process/Walk_Fast6.csv,HN021,10,val
HN021,Session2,overground,walk,fast,Overground_Walk,Walk_Fast,C:/Users/KUBA/GitProjects/WKIRO-Project/data/HN021/Session2/Overground_Walk/Walk_Fast/Post_Process/Walk_Fast7.csv,HN021,10,train
HN021,Session2,overground,walk,fast,Overground_Walk,Walk_Fast,C:/Users/KUBA/GitProjects/WKIRO-Project/data/HN021/Session2/Overground_Walk/Walk_Fast/Post_Process/Walk_Fast8.csv,HN021,10,train
HN021,Session2,overground,walk,slow,Overground_Walk,Walk_Slow,C:/Users/KUBA/GitProjects/WKIRO-Project/data/HN021/Session2/Overground_Walk/Walk_Slow/Post_Process/Walk_Slow1.csv,HN021,10,train
HN021,Session2,overground,walk,slow,Overground_Walk,Walk_Slow,C:/Users/KUBA/GitProjects/WKIRO-Project/data/HN021/Session2/Overground_Walk/Walk_Slow/Post_Process/Walk_Slow2.csv,HN021,10,test
HN021,Session2,overground,walk,slow,Overground_Walk,Walk_Slow,C:/Users/KUBA/GitProjects/WKIRO-Project/data/HN021/Session2/Overground_Walk/Walk_Slow/Post_Process/Walk_Slow3.csv,HN021,10,train
HN021,Session2,overground,walk,slow,Overground_Walk,Walk_Slow,C:/Users/KUBA/GitProjects/WKIRO-Project/data/HN021/Session2/Overground_Walk/Walk_Slow/Post_Process/Walk_Slow4.csv,HN021,10,test
HN021,Session2,overground,walk,slow,Overground_Walk,Walk_Slow,C:/Users/KUBA/GitProjects/WKIRO-Project/data/HN021/Session2/Overground_Walk/Walk_Slow/Post_Process/Walk_Slow5.csv,HN021,10,train
HN021,Session2,overground,walk,slow,Overground_Walk,Walk_Slow,C:/Users/KUBA/GitProjects/WKIRO-Project/data/HN021/Session2/Overground_Walk/Walk_Slow/Post_Process/Walk_Slow6.csv,HN021,10,train
HN021,Session2,overground,walk,slow,Overground_Walk,Walk_Slow,C:/Users/KUBA/GitProjects/WKIRO-Project/data/HN021/Session2/Overground_Walk/Walk_Slow/Post_Process/Walk_Slow7.csv,HN021,10,train
HN021,Session2,overground,walk,slow,Overground_Walk,Walk_Slow,C:/Users/KUBA/GitProjects/WKIRO-Project/data/HN021/Session2/Overground_Walk/Walk_Slow/Post_Process/Walk_Slow8.csv,HN021,10,val
HN021,Session2,treadmill,run,comfortable,Treadmill_Run,Treadmill_Run_Comfortable,C:/Users/KUBA/GitProjects/WKIRO-Project/data/HN021/Session2/Treadmill_Run/Treadmill_Run_Comfortable/Post_Process/Treadmill_Run_Comfortable.csv,HN021,10,val
HN021,Session2,treadmill,run,fast,Treadmill_Run,Treadmill_Run_Fast,C:/Users/KUBA/GitProjects/WKIRO-Project/data/HN021/Session2/Treadmill_Run/Treadmill_Run_Fast/Post_Process/Treadmill_Run_Fast.csv,HN021,10,train
HN021,Session2,treadmill,walk,comfortable,Treadmill_Walk,Treadmill_Walk_Comfortable,C:/Users/KUBA/GitProjects/WKIRO-Project/data/HN021/Session2/Treadmill_Walk/Treadmill_Walk_Comfortable/Post_Process/Treadmill_Walk_Comfortable.csv,HN021,10,train
HN021,Session2,treadmill,walk,fast,Treadmill_Walk,Treadmill_Walk_Fast,C:/Users/KUBA/GitProjects/WKIRO-Project/data/HN021/Session2/Treadmill_Walk/Treadmill_Walk_Fast/Post_Process/Treadmill_Walk_Fast.csv,HN021,10,train
HN021,Session2,treadmill,walk,slow,Treadmill_Walk,Treadmill_Walk_Slow,C:/Users/KUBA/GitProjects/WKIRO-Project/data/HN021/Session2/Treadmill_Walk/Treadmill_Walk_Slow/Post_Process/Treadmill_Walk_Slow.csv,HN021,10,train
HS018,Session1,overground,run,comfortable,Overground_Run,Run_Comfortable,C:/Users/KUBA/GitProjects/WKIRO-Project/data/HS018/Session1/Overground_Run/Run_Comfortable/Post_Process/Run_Comfortable1.csv,HS018,11,test
HS018,Session1,overground,run,comfortable,Overground_Run,Run_Comfortable,C:/Users/KUBA/GitProjects/WKIRO-Project/data/HS018/Session1/Overground_Run/Run_Comfortable/Post_Process/Run_Comfortable10.csv,HS018,11,train
HS018,Session1,overground,run,comfortable,Overground_Run,Run_Comfortable,C:/Users/KUBA/GitProjects/WKIRO-Project/data/HS018/Session1/Overground_Run/Run_Comfortable/Post_Process/Run_Comfortable2.csv,HS018,11,test
HS018,Session1,overground,run,comfortable,Overground_Run,Run_Comfortable,C:/Users/KUBA/GitProjects/WKIRO-Project/data/HS018/Session1/Overground_Run/Run_Comfortable/Post_Process/Run_Comfortable3.csv,HS018,11,train
HS018,Session1,overground,run,comfortable,Overground_Run,Run_Comfortable,C:/Users/KUBA/GitProjects/WKIRO-Project/data/HS018/Session1/Overground_Run/Run_Comfortable/Post_Process/Run_Comfortable4.csv,HS018,11,train
HS018,Session1,overground,run,comfortable,Overground_Run,Run_Comfortable,C:/Users/KUBA/GitProjects/WKIRO-Project/data/HS018/Session1/Overground_Run/Run_Comfortable/Post_Process/Run_Comfortable5.csv,HS018,11,val
HS018,Session1,overground,run,comfortable,Overground_Run,Run_Comfortable,C:/Users/KUBA/GitProjects/WKIRO-Project/data/HS018/Session1/Overground_Run/Run_Comfortable/Post_Process/Run_Comfortable6.csv,HS018,11,test
HS018,Session1,overground,run,comfortable,Overground_Run,Run_Comfortable,C:/Users/KUBA/GitProjects/WKIRO-Project/data/HS018/Session1/Overground_Run/Run_Comfortable/Post_Process/Run_Comfortable7.csv,HS018,11,train
HS018,Session1,overground,run,comfortable,Overground_Run,Run_Comfortable,C:/Users/KUBA/GitProjects/WKIRO-Project/data/HS018/Session1/Overground_Run/Run_Comfortable/Post_Process/Run_Comfortable8.csv,HS018,11,val
HS018,Session1,overground,run,comfortable,Overground_Run,Run_Comfortable,C:/Users/KUBA/GitProjects/WKIRO-Project/data/HS018/Session1/Overground_Run/Run_Comfortable/Post_Process/Run_Comfortable9.csv,HS018,11,train
HS018,Session1,overground,run,fast,Overground_Run,Run_Fast,C:/Users/KUBA/GitProjects/WKIRO-Project/data/HS018/Session1/Overground_Run/Run_Fast/Post_Process/Run_Fast1.csv,HS018,11,train
HS018,Session1,overground,run,fast,Overground_Run,Run_Fast,C:/Users/KUBA/GitProjects/WKIRO-Project/data/HS018/Session1/Overground_Run/Run_Fast/Post_Process/Run_Fast10.csv,HS018,11,train
HS018,Session1,overground,run,fast,Overground_Run,Run_Fast,C:/Users/KUBA/GitProjects/WKIRO-Project/data/HS018/Session1/Overground_Run/Run_Fast/Post_Process/Run_Fast2.csv,HS018,11,train
HS018,Session1,overground,run,fast,Overground_Run,Run_Fast,C:/Users/KUBA/GitProjects/WKIRO-Project/data/HS018/Session1/Overground_Run/Run_Fast/Post_Process/Run_Fast3.csv,HS018,11,train
HS018,Session1,overground,run,fast,Overground_Run,Run_Fast,C:/Users/KUBA/GitProjects/WKIRO-Project/data/HS018/Session1/Overground_Run/Run_Fast/Post_Process/Run_Fast4.csv,HS018,11,test
HS018,Session1,overground,run,fast,Overground_Run,Run_Fast,C:/Users/KUBA/GitProjects/WKIRO-Project/data/HS018/Session1/Overground_Run/Run_Fast/Post_Process/Run_Fast5.csv,HS018,11,val
HS018,Session1,overground,run,fast,Overground_Run,Run_Fast,C:/Users/KUBA/GitProjects/WKIRO-Project/data/HS018/Session1/Overground_Run/Run_Fast/Post_Process/Run_Fast6.csv,HS018,11,train
HS018,Session1,overground,run,fast,Overground_Run,Run_Fast,C:/Users/KUBA/GitProjects/WKIRO-Project/data/HS018/Session1/Overground_Run/Run_Fast/Post_Process/Run_Fast7.csv,HS018,11,test
HS018,Session1,overground,run,fast,Overground_Run,Run_Fast,C:/Users/KUBA/GitProjects/WKIRO-Project/data/HS018/Session1/Overground_Run/Run_Fast/Post_Process/Run_Fast8.csv,HS018,11,train
HS018,Session1,overground,run,fast,Overground_Run,Run_Fast,C:/Users/KUBA/GitProjects/WKIRO-Project/data/HS018/Session1/Overground_Run/Run_Fast/Post_Process/Run_Fast9.csv,HS018,11,train
HS018,Session1,overground,walk,comfortable,Overground_Walk,Walk_Comfortable,C:/Users/KUBA/GitProjects/WKIRO-Project/data/HS018/Session1/Overground_Walk/Walk_Comfortable/Post_Process/Walk_Comfortable1.csv,HS018,11,train
HS018,Session1,overground,walk,comfortable,Overground_Walk,Walk_Comfortable,C:/Users/KUBA/GitProjects/WKIRO-Project/data/HS018/Session1/Overground_Walk/Walk_Comfortable/Post_Process/Walk_Comfortable2.csv,HS018,11,train
HS018,Session1,overground,walk,comfortable,Overground_Walk,Walk_Comfortable,C:/Users/KUBA/GitProjects/WKIRO-Project/data/HS018/Session1/Overground_Walk/Walk_Comfortable/Post_Process/Walk_Comfortable3.csv,HS018,11,train
HS018,Session1,overground,walk,comfortable,Overground_Walk,Walk_Comfortable,C:/Users/KUBA/GitProjects/WKIRO-Project/data/HS018/Session1/Overground_Walk/Walk_Comfortable/Post_Process/Walk_Comfortable4.csv,HS018,11,train
HS018,Session1,overground,walk,comfortable,Overground_Walk,Walk_Comfortable,C:/Users/KUBA/GitProjects/WKIRO-Project/data/HS018/Session1/Overground_Walk/Walk_Comfortable/Post_Process/Walk_Comfortable5.csv,HS018,11,train
HS018,Session1,overground,walk,comfortable,Overground_Walk,Walk_Comfortable,C:/Users/KUBA/GitProjects/WKIRO-Project/data/HS018/Session1/Overground_Walk/Walk_Comfortable/Post_Process/Walk_Comfortable6.csv,HS018,11,val
HS018,Session1,overground,walk,fast,Overground_Walk,Walk_Fast,C:/Users/KUBA/GitProjects/WKIRO-Project/data/HS018/Session1/Overground_Walk/Walk_Fast/Post_Process/Walk_Fast1.csv,HS018,11,train
HS018,Session1,overground,walk,fast,Overground_Walk,Walk_Fast,C:/Users/KUBA/GitProjects/WKIRO-Project/data/HS018/Session1/Overground_Walk/Walk_Fast/Post_Process/Walk_Fast2.csv,HS018,11,train
HS018,Session1,overground,walk,fast,Overground_Walk,Walk_Fast,C:/Users/KUBA/GitProjects/WKIRO-Project/data/HS018/Session1/Overground_Walk/Walk_Fast/Post_Process/Walk_Fast3.csv,HS018,11,test
HS018,Session1,overground,walk,fast,Overground_Walk,Walk_Fast,C:/Users/KUBA/GitProjects/WKIRO-Project/data/HS018/Session1/Overground_Walk/Walk_Fast/Post_Process/Walk_Fast4.csv,HS018,11,test
HS018,Session1,overground,walk,fast,Overground_Walk,Walk_Fast,C:/Users/KUBA/GitProjects/WKIRO-Project/data/HS018/Session1/Overground_Walk/Walk_Fast/Post_Process/Walk_Fast5.csv,HS018,11,val
HS018,Session1,overground,walk,fast,Overground_Walk,Walk_Fast,C:/Users/KUBA/GitProjects/WKIRO-Project/data/HS018/Session1/Overground_Walk/Walk_Fast/Post_Process/Walk_Fast6.csv,HS018,11,train
HS018,Session1,overground,walk,fast,Overground_Walk,Walk_Fast,C:/Users/KUBA/GitProjects/WKIRO-Project/data/HS018/Session1/Overground_Walk/Walk_Fast/Post_Process/Walk_Fast7.csv,HS018,11,train
HS018,Session1,overground,walk,fast,Overground_Walk,Walk_Fast,C:/Users/KUBA/GitProjects/WKIRO-Project/data/HS018/Session1/Overground_Walk/Walk_Fast/Post_Process/Walk_Fast8.csv,HS018,11,train
HS018,Session1,overground,walk,slow,Overground_Walk,Walk_Slow,C:/Users/KUBA/GitProjects/WKIRO-Project/data/HS018/Session1/Overground_Walk/Walk_Slow/Post_Process/Walk_Slow1.csv,HS018,11,test
HS018,Session1,overground,walk,slow,Overground_Walk,Walk_Slow,C:/Users/KUBA/GitProjects/WKIRO-Project/data/HS018/Session1/Overground_Walk/Walk_Slow/Post_Process/Walk_Slow2.csv,HS018,11,train
HS018,Session1,overground,walk,slow,Overground_Walk,Walk_Slow,C:/Users/KUBA/GitProjects/WKIRO-Project/data/HS018/Session1/Overground_Walk/Walk_Slow/Post_Process/Walk_Slow3.csv,HS018,11,val
HS018,Session1,overground,walk,slow,Overground_Walk,Walk_Slow,C:/Users/KUBA/GitProjects/WKIRO-Project/data/HS018/Session1/Overground_Walk/Walk_Slow/Post_Process/Walk_Slow4.csv,HS018,11,train
HS018,Session1,overground,walk,slow,Overground_Walk,Walk_Slow,C:/Users/KUBA/GitProjects/WKIRO-Project/data/HS018/Session1/Overground_Walk/Walk_Slow/Post_Process/Walk_Slow5.csv,HS018,11,train
HS018,Session1,overground,walk,slow,Overground_Walk,Walk_Slow,C:/Users/KUBA/GitProjects/WKIRO-Project/data/HS018/Session1/Overground_Walk/Walk_Slow/Post_Process/Walk_Slow6.csv,HS018,11,train
HS018,Session1,treadmill,run,comfortable,Treadmill_Run,Treadmill_Run_Comfortable,C:/Users/KUBA/GitProjects/WKIRO-Project/data/HS018/Session1/Treadmill_Run/Treadmill_Run_Comfortable/Post_Process/Treadmill_Run_Comfortable.csv,HS018,11,train
HS018,Session1,treadmill,run,fast,Treadmill_Run,Treadmill_Run_Fast,C:/Users/KUBA/GitProjects/WKIRO-Project/data/HS018/Session1/Treadmill_Run/Treadmill_Run_Fast/Post_Process/Treadmill_Run_Fast.csv,HS018,11,val
HS018,Session1,treadmill,walk,comfortable,Treadmill_Walk,Treadmill_Walk_Comfortable,C:/Users/KUBA/GitProjects/WKIRO-Project/data/HS018/Session1/Treadmill_Walk/Treadmill_Walk_Comfortable/Post_Process/Treadmill_Walk_Comfortable.csv,HS018,11,test
HS018,Session1,treadmill,walk,fast,Treadmill_Walk,Treadmill_Walk_Fast,C:/Users/KUBA/GitProjects/WKIRO-Project/data/HS018/Session1/Treadmill_Walk/Treadmill_Walk_Fast/Post_Process/Treadmill_Walk_Fast.csv,HS018,11,train
HS018,Session1,treadmill,walk,slow,Treadmill_Walk,Treadmill_Walk_Slow,C:/Users/KUBA/GitProjects/WKIRO-Project/data/HS018/Session1/Treadmill_Walk/Treadmill_Walk_Slow/Post_Process/Treadmill_Walk_Slow.csv,HS018,11,train
HS018,Session2,overground,run,comfortable,Overground_Run,Run_Comfortable,C:/Users/KUBA/GitProjects/WKIRO-Project/data/HS018/Session2/Overground_Run/Run_Comfortable/Post_Process/Run_Comfortable1.csv,HS018,11,train
HS018,Session2,overground,run,comfortable,Overground_Run,Run_Comfortable,C:/Users/KUBA/GitProjects/WKIRO-Project/data/HS018/Session2/Overground_Run/Run_Comfortable/Post_Process/Run_Comfortable10.csv,HS018,11,train
HS018,Session2,overground,run,comfortable,Overground_Run,Run_Comfortable,C:/Users/KUBA/GitProjects/WKIRO-Project/data/HS018/Session2/Overground_Run/Run_Comfortable/Post_Process/Run_Comfortable2.csv,HS018,11,test
HS018,Session2,overground,run,comfortable,Overground_Run,Run_Comfortable,C:/Users/KUBA/GitProjects/WKIRO-Project/data/HS018/Session2/Overground_Run/Run_Comfortable/Post_Process/Run_Comfortable3.csv,HS018,11,val
HS018,Session2,overground,run,comfortable,Overground_Run,Run_Comfortable,C:/Users/KUBA/GitProjects/WKIRO-Project/data/HS018/Session2/Overground_Run/Run_Comfortable/Post_Process/Run_Comfortable4.csv,HS018,11,test
HS018,Session2,overground,run,comfortable,Overground_Run,Run_Comfortable,C:/Users/KUBA/GitProjects/WKIRO-Project/data/HS018/Session2/Overground_Run/Run_Comfortable/Post_Process/Run_Comfortable5.csv,HS018,11,train
HS018,Session2,overground,run,comfortable,Overground_Run,Run_Comfortable,C:/Users/KUBA/GitProjects/WKIRO-Project/data/HS018/Session2/Overground_Run/Run_Comfortable/Post_Process/Run_Comfortable6.csv,HS018,11,train
HS018,Session2,overground,run,comfortable,Overground_Run,Run_Comfortable,C:/Users/KUBA/GitProjects/WKIRO-Project/data/HS018/Session2/Overground_Run/Run_Comfortable/Post_Process/Run_Comfortable7.csv,HS018,11,train
HS018,Session2,overground,run,comfortable,Overground_Run,Run_Comfortable,C:/Users/KUBA/GitProjects/WKIRO-Project/data/HS018/Session2/Overground_Run/Run_Comfortable/Post_Process/Run_Comfortable8.csv,HS018,11,train
HS018,Session2,overground,run,comfortable,Overground_Run,Run_Comfortable,C:/Users/KUBA/GitProjects/WKIRO-Project/data/HS018/Session2/Overground_Run/Run_Comfortable/Post_Process/Run_Comfortable9.csv,HS018,11,train
HS018,Session2,overground,run,fast,Overground_Run,Run_Fast,C:/Users/KUBA/GitProjects/WKIRO-Project/data/HS018/Session2/Overground_Run/Run_Fast/Post_Process/Run_Fast1.csv,HS018,11,train
HS018,Session2,overground,run,fast,Overground_Run,Run_Fast,C:/Users/KUBA/GitProjects/WKIRO-Project/data/HS018/Session2/Overground_Run/Run_Fast/Post_Process/Run_Fast10.csv,HS018,11,train
HS018,Session2,overground,run,fast,Overground_Run,Run_Fast,C:/Users/KUBA/GitProjects/WKIRO-Project/data/HS018/Session2/Overground_Run/Run_Fast/Post_Process/Run_Fast2.csv,HS018,11,train
HS018,Session2,overground,run,fast,Overground_Run,Run_Fast,C:/Users/KUBA/GitProjects/WKIRO-Project/data/HS018/Session2/Overground_Run/Run_Fast/Post_Process/Run_Fast3.csv,HS018,11,train
HS018,Session2,overground,run,fast,Overground_Run,Run_Fast,C:/Users/KUBA/GitProjects/WKIRO-Project/data/HS018/Session2/Overground_Run/Run_Fast/Post_Process/Run_Fast4.csv,HS018,11,train
HS018,Session2,overground,run,fast,Overground_Run,Run_Fast,C:/Users/KUBA/GitProjects/WKIRO-Project/data/HS018/Session2/Overground_Run/Run_Fast/Post_Process/Run_Fast5.csv,HS018,11,train
HS018,Session2,overground,run,fast,Overground_Run,Run_Fast,C:/Users/KUBA/GitProjects/WKIRO-Project/data/HS018/Session2/Overground_Run/Run_Fast/Post_Process/Run_Fast6.csv,HS018,11,val
HS018,Session2,overground,run,fast,Overground_Run,Run_Fast,C:/Users/KUBA/GitProjects/WKIRO-Project/data/HS018/Session2/Overground_Run/Run_Fast/Post_Process/Run_Fast7.csv,HS018,11,train
HS018,Session2,overground,run,fast,Overground_Run,Run_Fast,C:/Users/KUBA/GitProjects/WKIRO-Project/data/HS018/Session2/Overground_Run/Run_Fast/Post_Process/Run_Fast8.csv,HS018,11,val
HS018,Session2,overground,run,fast,Overground_Run,Run_Fast,C:/Users/KUBA/GitProjects/WKIRO-Project/data/HS018/Session2/Overground_Run/Run_Fast/Post_Process/Run_Fast9.csv,HS018,11,val
HS018,Session2,overground,walk,comfortable,Overground_Walk,Walk_Comfortable,C:/Users/KUBA/GitProjects/WKIRO-Project/data/HS018/Session2/Overground_Walk/Walk_Comfortable/Post_Process/Walk_Comfortable1.csv,HS018,11,train
HS018,Session2,overground,walk,comfortable,Overground_Walk,Walk_Comfortable,C:/Users/KUBA/GitProjects/WKIRO-Project/data/HS018/Session2/Overground_Walk/Walk_Comfortable/Post_Process/Walk_Comfortable2.csv,HS018,11,train
HS018,Session2,overground,walk,comfortable,Overground_Walk,Walk_Comfortable,C:/Users/KUBA/GitProjects/WKIRO-Project/data/HS018/Session2/Overground_Walk/Walk_Comfortable/Post_Process/Walk_Comfortable3.csv,HS018,11,train
HS018,Session2,overground,walk,comfortable,Overground_Walk,Walk_Comfortable,C:/Users/KUBA/GitProjects/WKIRO-Project/data/HS018/Session2/Overground_Walk/Walk_Comfortable/Post_Process/Walk_Comfortable4.csv,HS018,11,val
HS018,Session2,overground,walk,comfortable,Overground_Walk,Walk_Comfortable,C:/Users/KUBA/GitProjects/WKIRO-Project/data/HS018/Session2/Overground_Walk/Walk_Comfortable/Post_Process/Walk_Comfortable5.csv,HS018,11,train
HS018,Session2,overground,walk,comfortable,Overground_Walk,Walk_Comfortable,C:/Users/KUBA/GitProjects/WKIRO-Project/data/HS018/Session2/Overground_Walk/Walk_Comfortable/Post_Process/Walk_Comfortable6.csv,HS018,11,train
HS018,Session2,overground,walk,comfortable,Overground_Walk,Walk_Comfortable,C:/Users/KUBA/GitProjects/WKIRO-Project/data/HS018/Session2/Overground_Walk/Walk_Comfortable/Post_Process/Walk_Comfortable7.csv,HS018,11,train
HS018,Session2,overground,walk,comfortable,Overground_Walk,Walk_Comfortable,C:/Users/KUBA/GitProjects/WKIRO-Project/data/HS018/Session2/Overground_Walk/Walk_Comfortable/Post_Process/Walk_Comfortable8.csv,HS018,11,train
HS018,Session2,overground,walk,fast,Overground_Walk,Walk_Fast,C:/Users/KUBA/GitProjects/WKIRO-Project/data/HS018/Session2/Overground_Walk/Walk_Fast/Post_Process/Walk_Fast1.csv,HS018,11,train
HS018,Session2,overground,walk,fast,Overground_Walk,Walk_Fast,C:/Users/KUBA/GitProjects/WKIRO-Project/data/HS018/Session2/Overground_Walk/Walk_Fast/Post_Process/Walk_Fast2.csv,HS018,11,train
HS018,Session2,overground,walk,fast,Overground_Walk,Walk_Fast,C:/Users/KUBA/GitProjects/WKIRO-Project/data/HS018/Session2/Overground_Walk/Walk_Fast/Post_Process/Walk_Fast3.csv,HS018,11,test
HS018,Session2,overground,walk,fast,Overground_Walk,Walk_Fast,C:/Users/KUBA/GitProjects/WKIRO-Project/data/HS018/Session2/Overground_Walk/Walk_Fast/Post_Process/Walk_Fast4.csv,HS018,11,train
HS018,Session2,overground,walk,fast,Overground_Walk,Walk_Fast,C:/Users/KUBA/GitProjects/WKIRO-Project/data/HS018/Session2/Overground_Walk/Walk_Fast/Post_Process/Walk_Fast5.csv,HS018,11,train
HS018,Session2,overground,walk,fast,Overground_Walk,Walk_Fast,C:/Users/KUBA/GitProjects/WKIRO-Project/data/HS018/Session2/Overground_Walk/Walk_Fast/Post_Process/Walk_Fast6.csv,HS018,11,train
HS018,Session2,overground,walk,fast,Overground_Walk,Walk_Fast,C:/Users/KUBA/GitProjects/WKIRO-Project/data/HS018/Session2/Overground_Walk/Walk_Fast/Post_Process/Walk_Fast7.csv,HS018,11,val
HS018,Session2,overground,walk,fast,Overground_Walk,Walk_Fast,C:/Users/KUBA/GitProjects/WKIRO-Project/data/HS018/Session2/Overground_Walk/Walk_Fast/Post_Process/Walk_Fast8.csv,HS018,11,train
HS018,Session2,overground,walk,slow,Overground_Walk,Walk_Slow,C:/Users/KUBA/GitProjects/WKIRO-Project/data/HS018/Session2/Overground_Walk/Walk_Slow/Post_Process/Walk_Slow1.csv,HS018,11,train
HS018,Session2,overground,walk,slow,Overground_Walk,Walk_Slow,C:/Users/KUBA/GitProjects/WKIRO-Project/data/HS018/Session2/Overground_Walk/Walk_Slow/Post_Process/Walk_Slow2.csv,HS018,11,train
HS018,Session2,overground,walk,slow,Overground_Walk,Walk_Slow,C:/Users/KUBA/GitProjects/WKIRO-Project/data/HS018/Session2/Overground_Walk/Walk_Slow/Post_Process/Walk_Slow3.csv,HS018,11,train
HS018,Session2,overground,walk,slow,Overground_Walk,Walk_Slow,C:/Users/KUBA/GitProjects/WKIRO-Project/data/HS018/Session2/Overground_Walk/Walk_Slow/Post_Process/Walk_Slow4.csv,HS018,11,train
HS018,Session2,overground,walk,slow,Overground_Walk,Walk_Slow,C:/Users/KUBA/GitProjects/WKIRO-Project/data/HS018/Session2/Overground_Walk/Walk_Slow/Post_Process/Walk_Slow5.csv,HS018,11,val
HS018,Session2,overground,walk,slow,Overground_Walk,Walk_Slow,C:/Users/KUBA/GitProjects/WKIRO-Project/data/HS018/Session2/Overground_Walk/Walk_Slow/Post_Process/Walk_Slow6.csv,HS018,11,train
HS018,Session2,overground,walk,slow,Overground_Walk,Walk_Slow,C:/Users/KUBA/GitProjects/WKIRO-Project/data/HS018/Session2/Overground_Walk/Walk_Slow/Post_Process/Walk_Slow7.csv,HS018,11,train
HS018,Session2,overground,walk,slow,Overground_Walk,Walk_Slow,C:/Users/KUBA/GitProjects/WKIRO-Project/data/HS018/Session2/Overground_Walk/Walk_Slow/Post_Process/Walk_Slow8.csv,HS018,11,train
HS018,Session2,treadmill,run,comfortable,Treadmill_Run,Treadmill_Run_Comfortable,C:/Users/KUBA/GitProjects/WKIRO-Project/data/HS018/Session2/Treadmill_Run/Treadmill_Run_Comfortable/Post_Process/Treadmill_Run_Comfortable.csv,HS018,11,train
HS018,Session2,treadmill,run,fast,Treadmill_Run,Treadmill_Run_Fast,C:/Users/KUBA/GitProjects/WKIRO-Project/data/HS018/Session2/Treadmill_Run/Treadmill_Run_Fast/Post_Process/Treadmill_Run_Fast.csv,HS018,11,test
HS018,Session2,treadmill,walk,comfortable,Treadmill_Walk,Treadmill_Walk_Comfortable,C:/Users/KUBA/GitProjects/WKIRO-Project/data/HS018/Session2/Treadmill_Walk/Treadmill_Walk_Comfortable/Post_Process/Treadmill_Walk_Comfortable.csv,HS018,11,train
HS018,Session2,treadmill,walk,fast,Treadmill_Walk,Treadmill_Walk_Fast,C:/Users/KUBA/GitProjects/WKIRO-Project/data/HS018/Session2/Treadmill_Walk/Treadmill_Walk_Fast/Post_Process/Treadmill_Walk_Fast.csv,HS018,11,train
HS018,Session2,treadmill,walk,slow,Treadmill_Walk,Treadmill_Walk_Slow,C:/Users/KUBA/GitProjects/WKIRO-Project/data/HS018/Session2/Treadmill_Walk/Treadmill_Walk_Slow/Post_Process/Treadmill_Walk_Slow.csv,HS018,11,test
JS009,Session1,overground,run,comfortable,Overground_Run,Run_Comfortable,C:/Users/KUBA/GitProjects/WKIRO-Project/data/JS009/Session1/Overground_Run/Run_Comfortable/Post_Process/Run_Comfortable1.csv,JS009,12,train
JS009,Session1,overground,run,comfortable,Overground_Run,Run_Comfortable,C:/Users/KUBA/GitProjects/WKIRO-Project/data/JS009/Session1/Overground_Run/Run_Comfortable/Post_Process/Run_Comfortable10.csv,JS009,12,train
JS009,Session1,overground,run,comfortable,Overground_Run,Run_Comfortable,C:/Users/KUBA/GitProjects/WKIRO-Project/data/JS009/Session1/Overground_Run/Run_Comfortable/Post_Process/Run_Comfortable11.csv,JS009,12,val
JS009,Session1,overground,run,comfortable,Overground_Run,Run_Comfortable,C:/Users/KUBA/GitProjects/WKIRO-Project/data/JS009/Session1/Overground_Run/Run_Comfortable/Post_Process/Run_Comfortable12.csv,JS009,12,train
JS009,Session1,overground,run,comfortable,Overground_Run,Run_Comfortable,C:/Users/KUBA/GitProjects/WKIRO-Project/data/JS009/Session1/Overground_Run/Run_Comfortable/Post_Process/Run_Comfortable13.csv,JS009,12,val
JS009,Session1,overground,run,comfortable,Overground_Run,Run_Comfortable,C:/Users/KUBA/GitProjects/WKIRO-Project/data/JS009/Session1/Overground_Run/Run_Comfortable/Post_Process/Run_Comfortable14.csv,JS009,12,val
JS009,Session1,overground,run,comfortable,Overground_Run,Run_Comfortable,C:/Users/KUBA/GitProjects/WKIRO-Project/data/JS009/Session1/Overground_Run/Run_Comfortable/Post_Process/Run_Comfortable15.csv,JS009,12,train
JS009,Session1,overground,run,comfortable,Overground_Run,Run_Comfortable,C:/Users/KUBA/GitProjects/WKIRO-Project/data/JS009/Session1/Overground_Run/Run_Comfortable/Post_Process/Run_Comfortable16.csv,JS009,12,train
JS009,Session1,overground,run,comfortable,Overground_Run,Run_Comfortable,C:/Users/KUBA/GitProjects/WKIRO-Project/data/JS009/Session1/Overground_Run/Run_Comfortable/Post_Process/Run_Comfortable17.csv,JS009,12,val
JS009,Session1,overground,run,comfortable,Overground_Run,Run_Comfortable,C:/Users/KUBA/GitProjects/WKIRO-Project/data/JS009/Session1/Overground_Run/Run_Comfortable/Post_Process/Run_Comfortable18.csv,JS009,12,val
JS009,Session1,overground,run,comfortable,Overground_Run,Run_Comfortable,C:/Users/KUBA/GitProjects/WKIRO-Project/data/JS009/Session1/Overground_Run/Run_Comfortable/Post_Process/Run_Comfortable2.csv,JS009,12,train
JS009,Session1,overground,run,comfortable,Overground_Run,Run_Comfortable,C:/Users/KUBA/GitProjects/WKIRO-Project/data/JS009/Session1/Overground_Run/Run_Comfortable/Post_Process/Run_Comfortable3.csv,JS009,12,test
JS009,Session1,overground,run,comfortable,Overground_Run,Run_Comfortable,C:/Users/KUBA/GitProjects/WKIRO-Project/data/JS009/Session1/Overground_Run/Run_Comfortable/Post_Process/Run_Comfortable4.csv,JS009,12,train
JS009,Session1,overground,run,comfortable,Overground_Run,Run_Comfortable,C:/Users/KUBA/GitProjects/WKIRO-Project/data/JS009/Session1/Overground_Run/Run_Comfortable/Post_Process/Run_Comfortable5.csv,JS009,12,train
JS009,Session1,overground,run,comfortable,Overground_Run,Run_Comfortable,C:/Users/KUBA/GitProjects/WKIRO-Project/data/JS009/Session1/Overground_Run/Run_Comfortable/Post_Process/Run_Comfortable6.csv,JS009,12,train
JS009,Session1,overground,run,comfortable,Overground_Run,Run_Comfortable,C:/Users/KUBA/GitProjects/WKIRO-Project/data/JS009/Session1/Overground_Run/Run_Comfortable/Post_Process/Run_Comfortable7.csv,JS009,12,train
JS009,Session1,overground,run,comfortable,Overground_Run,Run_Comfortable,C:/Users/KUBA/GitProjects/WKIRO-Project/data/JS009/Session1/Overground_Run/Run_Comfortable/Post_Process/Run_Comfortable8.csv,JS009,12,train
JS009,Session1,overground,run,comfortable,Overground_Run,Run_Comfortable,C:/Users/KUBA/GitProjects/WKIRO-Project/data/JS009/Session1/Overground_Run/Run_Comfortable/Post_Process/Run_Comfortable9.csv,JS009,12,test
JS009,Session1,overground,run,fast,Overground_Run,Run_Fast,C:/Users/KUBA/GitProjects/WKIRO-Project/data/JS009/Session1/Overground_Run/Run_Fast/Post_Process/Run_Fast1.csv,JS009,12,test
JS009,Session1,overground,run,fast,Overground_Run,Run_Fast,C:/Users/KUBA/GitProjects/WKIRO-Project/data/JS009/Session1/Overground_Run/Run_Fast/Post_Process/Run_Fast10.csv,JS009,12,train
JS009,Session1,overground,run,fast,Overground_Run,Run_Fast,C:/Users/KUBA/GitProjects/WKIRO-Project/data/JS009/Session1/Overground_Run/Run_Fast/Post_Process/Run_Fast11.csv,JS009,12,train
JS009,Session1,overground,run,fast,Overground_Run,Run_Fast,C:/Users/KUBA/GitProjects/WKIRO-Project/data/JS009/Session1/Overground_Run/Run_Fast/Post_Process/Run_Fast12.csv,JS009,12,train
JS009,Session1,overground,run,fast,Overground_Run,Run_Fast,C:/Users/KUBA/GitProjects/WKIRO-Project/data/JS009/Session1/Overground_Run/Run_Fast/Post_Process/Run_Fast13.csv,JS009,12,test
JS009,Session1,overground,run,fast,Overground_Run,Run_Fast,C:/Users/KUBA/GitProjects/WKIRO-Project/data/JS009/Session1/Overground_Run/Run_Fast/Post_Process/Run_Fast14.csv,JS009,12,train
JS009,Session1,overground,run,fast,Overground_Run,Run_Fast,C:/Users/KUBA/GitProjects/WKIRO-Project/data/JS009/Session1/Overground_Run/Run_Fast/Post_Process/Run_Fast15.csv,JS009,12,train
JS009,Session1,overground,run,fast,Overground_Run,Run_Fast,C:/Users/KUBA/GitProjects/WKIRO-Project/data/JS009/Session1/Overground_Run/Run_Fast/Post_Process/Run_Fast16.csv,JS009,12,train
JS009,Session1,overground,run,fast,Overground_Run,Run_Fast,C:/Users/KUBA/GitProjects/WKIRO-Project/data/JS009/Session1/Overground_Run/Run_Fast/Post_Process/Run_Fast17.csv,JS009,12,train
JS009,Session1,overground,run,fast,Overground_Run,Run_Fast,C:/Users/KUBA/GitProjects/WKIRO-Project/data/JS009/Session1/Overground_Run/Run_Fast/Post_Process/Run_Fast18.csv,JS009,12,train
JS009,Session1,overground,run,fast,Overground_Run,Run_Fast,C:/Users/KUBA/GitProjects/WKIRO-Project/data/JS009/Session1/Overground_Run/Run_Fast/Post_Process/Run_Fast19.csv,JS009,12,train
JS009,Session1,overground,run,fast,Overground_Run,Run_Fast,C:/Users/KUBA/GitProjects/WKIRO-Project/data/JS009/Session1/Overground_Run/Run_Fast/Post_Process/Run_Fast2.csv,JS009,12,train
JS009,Session1,overground,run,fast,Overground_Run,Run_Fast,C:/Users/KUBA/GitProjects/WKIRO-Project/data/JS009/Session1/Overground_Run/Run_Fast/Post_Process/Run_Fast3.csv,JS009,12,train
JS009,Session1,overground,run,fast,Overground_Run,Run_Fast,C:/Users/KUBA/GitProjects/WKIRO-Project/data/JS009/Session1/Overground_Run/Run_Fast/Post_Process/Run_Fast4.csv,JS009,12,train
JS009,Session1,overground,run,fast,Overground_Run,Run_Fast,C:/Users/KUBA/GitProjects/WKIRO-Project/data/JS009/Session1/Overground_Run/Run_Fast/Post_Process/Run_Fast5.csv,JS009,12,train
JS009,Session1,overground,run,fast,Overground_Run,Run_Fast,C:/Users/KUBA/GitProjects/WKIRO-Project/data/JS009/Session1/Overground_Run/Run_Fast/Post_Process/Run_Fast6.csv,JS009,12,train
JS009,Session1,overground,run,fast,Overground_Run,Run_Fast,C:/Users/KUBA/GitProjects/WKIRO-Project/data/JS009/Session1/Overground_Run/Run_Fast/Post_Process/Run_Fast7.csv,JS009,12,test
JS009,Session1,overground,run,fast,Overground_Run,Run_Fast,C:/Users/KUBA/GitProjects/WKIRO-Project/data/JS009/Session1/Overground_Run/Run_Fast/Post_Process/Run_Fast8.csv,JS009,12,train
JS009,Session1,overground,run,fast,Overground_Run,Run_Fast,C:/Users/KUBA/GitProjects/WKIRO-Project/data/JS009/Session1/Overground_Run/Run_Fast/Post_Process/Run_Fast9.csv,JS009,12,test
JS009,Session1,overground,walk,comfortable,Overground_Walk,Walk_Comfortable,C:/Users/KUBA/GitProjects/WKIRO-Project/data/JS009/Session1/Overground_Walk/Walk_Comfortable/Post_Process/Walk_Comfortable1.csv,JS009,12,train
JS009,Session1,overground,walk,comfortable,Overground_Walk,Walk_Comfortable,C:/Users/KUBA/GitProjects/WKIRO-Project/data/JS009/Session1/Overground_Walk/Walk_Comfortable/Post_Process/Walk_Comfortable10.csv,JS009,12,train
JS009,Session1,overground,walk,comfortable,Overground_Walk,Walk_Comfortable,C:/Users/KUBA/GitProjects/WKIRO-Project/data/JS009/Session1/Overground_Walk/Walk_Comfortable/Post_Process/Walk_Comfortable11.csv,JS009,12,train
JS009,Session1,overground,walk,comfortable,Overground_Walk,Walk_Comfortable,C:/Users/KUBA/GitProjects/WKIRO-Project/data/JS009/Session1/Overground_Walk/Walk_Comfortable/Post_Process/Walk_Comfortable12.csv,JS009,12,val
JS009,Session1,overground,walk,comfortable,Overground_Walk,Walk_Comfortable,C:/Users/KUBA/GitProjects/WKIRO-Project/data/JS009/Session1/Overground_Walk/Walk_Comfortable/Post_Process/Walk_Comfortable13.csv,JS009,12,train
JS009,Session1,overground,walk,comfortable,Overground_Walk,Walk_Comfortable,C:/Users/KUBA/GitProjects/WKIRO-Project/data/JS009/Session1/Overground_Walk/Walk_Comfortable/Post_Process/Walk_Comfortable2.csv,JS009,12,train
JS009,Session1,overground,walk,comfortable,Overground_Walk,Walk_Comfortable,C:/Users/KUBA/GitProjects/WKIRO-Project/data/JS009/Session1/Overground_Walk/Walk_Comfortable/Post_Process/Walk_Comfortable3.csv,JS009,12,train
JS009,Session1,overground,walk,comfortable,Overground_Walk,Walk_Comfortable,C:/Users/KUBA/GitProjects/WKIRO-Project/data/JS009/Session1/Overground_Walk/Walk_Comfortable/Post_Process/Walk_Comfortable4.csv,JS009,12,test
JS009,Session1,overground,walk,comfortable,Overground_Walk,Walk_Comfortable,C:/Users/KUBA/GitProjects/WKIRO-Project/data/JS009/Session1/Overground_Walk/Walk_Comfortable/Post_Process/Walk_Comfortable5.csv,JS009,12,val
JS009,Session1,overground,walk,comfortable,Overground_Walk,Walk_Comfortable,C:/Users/KUBA/GitProjects/WKIRO-Project/data/JS009/Session1/Overground_Walk/Walk_Comfortable/Post_Process/Walk_Comfortable6.csv,JS009,12,test
JS009,Session1,overground,walk,comfortable,Overground_Walk,Walk_Comfortable,C:/Users/KUBA/GitProjects/WKIRO-Project/data/JS009/Session1/Overground_Walk/Walk_Comfortable/Post_Process/Walk_Comfortable7.csv,JS009,12,train
JS009,Session1,overground,walk,comfortable,Overground_Walk,Walk_Comfortable,C:/Users/KUBA/GitProjects/WKIRO-Project/data/JS009/Session1/Overground_Walk/Walk_Comfortable/Post_Process/Walk_Comfortable8.csv,JS009,12,train
JS009,Session1,overground,walk,comfortable,Overground_Walk,Walk_Comfortable,C:/Users/KUBA/GitProjects/WKIRO-Project/data/JS009/Session1/Overground_Walk/Walk_Comfortable/Post_Process/Walk_Comfortable9.csv,JS009,12,val
JS009,Session1,overground,walk,fast,Overground_Walk,Walk_Fast,C:/Users/KUBA/GitProjects/WKIRO-Project/data/JS009/Session1/Overground_Walk/Walk_Fast/Post_Process/Walk_Fast1.csv,JS009,12,train
JS009,Session1,overground,walk,fast,Overground_Walk,Walk_Fast,C:/Users/KUBA/GitProjects/WKIRO-Project/data/JS009/Session1/Overground_Walk/Walk_Fast/Post_Process/Walk_Fast2.csv,JS009,12,test
JS009,Session1,overground,walk,fast,Overground_Walk,Walk_Fast,C:/Users/KUBA/GitProjects/WKIRO-Project/data/JS009/Session1/Overground_Walk/Walk_Fast/Post_Process/Walk_Fast3.csv,JS009,12,val
JS009,Session1,overground,walk,fast,Overground_Walk,Walk_Fast,C:/Users/KUBA/GitProjects/WKIRO-Project/data/JS009/Session1/Overground_Walk/Walk_Fast/Post_Process/Walk_Fast4.csv,JS009,12,train
JS009,Session1,overground,walk,fast,Overground_Walk,Walk_Fast,C:/Users/KUBA/GitProjects/WKIRO-Project/data/JS009/Session1/Overground_Walk/Walk_Fast/Post_Process/Walk_Fast5.csv,JS009,12,train
JS009,Session1,overground,walk,fast,Overground_Walk,Walk_Fast,C:/Users/KUBA/GitProjects/WKIRO-Project/data/JS009/Session1/Overground_Walk/Walk_Fast/Post_Process/Walk_Fast6.csv,JS009,12,test
JS009,Session1,overground,walk,fast,Overground_Walk,Walk_Fast,C:/Users/KUBA/GitProjects/WKIRO-Project/data/JS009/Session1/Overground_Walk/Walk_Fast/Post_Process/Walk_Fast7.csv,JS009,12,test
JS009,Session1,overground,walk,fast,Overground_Walk,Walk_Fast,C:/Users/KUBA/GitProjects/WKIRO-Project/data/JS009/Session1/Overground_Walk/Walk_Fast/Post_Process/Walk_Fast8.csv,JS009,12,val
JS009,Session1,overground,walk,slow,Overground_Walk,Walk_Slow,C:/Users/KUBA/GitProjects/WKIRO-Project/data/JS009/Session1/Overground_Walk/Walk_Slow/Post_Process/Walk_Slow1.csv,JS009,12,train
JS009,Session1,overground,walk,slow,Overground_Walk,Walk_Slow,C:/Users/KUBA/GitProjects/WKIRO-Project/data/JS009/Session1/Overground_Walk/Walk_Slow/Post_Process/Walk_Slow2.csv,JS009,12,train
JS009,Session1,overground,walk,slow,Overground_Walk,Walk_Slow,C:/Users/KUBA/GitProjects/WKIRO-Project/data/JS009/Session1/Overground_Walk/Walk_Slow/Post_Process/Walk_Slow3.csv,JS009,12,train
JS009,Session1,overground,walk,slow,Overground_Walk,Walk_Slow,C:/Users/KUBA/GitProjects/WKIRO-Project/data/JS009/Session1/Overground_Walk/Walk_Slow/Post_Process/Walk_Slow4.csv,JS009,12,val
JS009,Session1,overground,walk,slow,Overground_Walk,Walk_Slow,C:/Users/KUBA/GitProjects/WKIRO-Project/data/JS009/Session1/Overground_Walk/Walk_Slow/Post_Process/Walk_Slow5.csv,JS009,12,train
JS009,Session1,overground,walk,slow,Overground_Walk,Walk_Slow,C:/Users/KUBA/GitProjects/WKIRO-Project/data/JS009/Session1/Overground_Walk/Walk_Slow/Post_Process/Walk_Slow6.csv,JS009,12,train
JS009,Session1,overground,walk,slow,Overground_Walk,Walk_Slow,C:/Users/KUBA/GitProjects/WKIRO-Project/data/JS009/Session1/Overground_Walk/Walk_Slow/Post_Process/Walk_Slow7.csv,JS009,12,val
JS009,Session1,overground,walk,slow,Overground_Walk,Walk_Slow,C:/Users/KUBA/GitProjects/WKIRO-Project/data/JS009/Session1/Overground_Walk/Walk_Slow/Post_Process/Walk_Slow8.csv,JS009,12,val
JS009,Session1,overground,walk,slow,Overground_Walk,Walk_Slow,C:/Users/KUBA/GitProjects/WKIRO-Project/data/JS009/Session1/Overground_Walk/Walk_Slow/Post_Process/Walk_Slow9.csv,JS009,12,train
JS009,Session1,treadmill,run,comfortable,Treadmill_Run,Treadmill_Run_Comfortable,C:/Users/KUBA/GitProjects/WKIRO-Project/data/JS009/Session1/Treadmill_Run/Treadmill_Run_Comfortable/Post_Process/Treadmill_Run_Comfortable.csv,JS009,12,val
JS009,Session1,treadmill,run,fast,Treadmill_Run,Treadmill_Run_Fast,C:/Users/KUBA/GitProjects/WKIRO-Project/data/JS009/Session1/Treadmill_Run/Treadmill_Run_Fast/Post_Process/Treadmill_Run_Fast.csv,JS009,12,train
JS009,Session1,treadmill,walk,comfortable,Treadmill_Walk,Treadmill_Walk_Comfortable,C:/Users/KUBA/GitProjects/WKIRO-Project/data/JS009/Session1/Treadmill_Walk/Treadmill_Walk_Comfortable/Post_Process/Treadmill_Walk_Comfortable.csv,JS009,12,train
JS009,Session1,treadmill,walk,fast,Treadmill_Walk,Treadmill_Walk_Fast,C:/Users/KUBA/GitProjects/WKIRO-Project/data/JS009/Session1/Treadmill_Walk/Treadmill_Walk_Fast/Post_Process/Treadmill_Walk_Fast.csv,JS009,12,train
JS009,Session1,treadmill,walk,slow,Treadmill_Walk,Treadmill_Walk_Slow,C:/Users/KUBA/GitProjects/WKIRO-Project/data/JS009/Session1/Treadmill_Walk/Treadmill_Walk_Slow/Post_Process/Treadmill_Walk_Slow.csv,JS009,12,train
JS009,Session2,overground,run,comfortable,Overground_Run,Run_Comfortable,C:/Users/KUBA/GitProjects/WKIRO-Project/data/JS009/Session2/Overground_Run/Run_Comfortable/Post_Process/Run_Comfortable1.csv,JS009,12,train
JS009,Session2,overground,run,comfortable,Overground_Run,Run_Comfortable,C:/Users/KUBA/GitProjects/WKIRO-Project/data/JS009/Session2/Overground_Run/Run_Comfortable/Post_Process/Run_Comfortable10.csv,JS009,12,train
JS009,Session2,overground,run,comfortable,Overground_Run,Run_Comfortable,C:/Users/KUBA/GitProjects/WKIRO-Project/data/JS009/Session2/Overground_Run/Run_Comfortable/Post_Process/Run_Comfortable11.csv,JS009,12,train
JS009,Session2,overground,run,comfortable,Overground_Run,Run_Comfortable,C:/Users/KUBA/GitProjects/WKIRO-Project/data/JS009/Session2/Overground_Run/Run_Comfortable/Post_Process/Run_Comfortable12.csv,JS009,12,train
JS009,Session2,overground,run,comfortable,Overground_Run,Run_Comfortable,C:/Users/KUBA/GitProjects/WKIRO-Project/data/JS009/Session2/Overground_Run/Run_Comfortable/Post_Process/Run_Comfortable13.csv,JS009,12,train
JS009,Session2,overground,run,comfortable,Overground_Run,Run_Comfortable,C:/Users/KUBA/GitProjects/WKIRO-Project/data/JS009/Session2/Overground_Run/Run_Comfortable/Post_Process/Run_Comfortable14.csv,JS009,12,train
JS009,Session2,overground,run,comfortable,Overground_Run,Run_Comfortable,C:/Users/KUBA/GitProjects/WKIRO-Project/data/JS009/Session2/Overground_Run/Run_Comfortable/Post_Process/Run_Comfortable2.csv,JS009,12,train
JS009,Session2,overground,run,comfortable,Overground_Run,Run_Comfortable,C:/Users/KUBA/GitProjects/WKIRO-Project/data/JS009/Session2/Overground_Run/Run_Comfortable/Post_Process/Run_Comfortable3.csv,JS009,12,train
JS009,Session2,overground,run,comfortable,Overground_Run,Run_Comfortable,C:/Users/KUBA/GitProjects/WKIRO-Project/data/JS009/Session2/Overground_Run/Run_Comfortable/Post_Process/Run_Comfortable4.csv,JS009,12,train
JS009,Session2,overground,run,comfortable,Overground_Run,Run_Comfortable,C:/Users/KUBA/GitProjects/WKIRO-Project/data/JS009/Session2/Overground_Run/Run_Comfortable/Post_Process/Run_Comfortable5.csv,JS009,12,train
JS009,Session2,overground,run,comfortable,Overground_Run,Run_Comfortable,C:/Users/KUBA/GitProjects/WKIRO-Project/data/JS009/Session2/Overground_Run/Run_Comfortable/Post_Process/Run_Comfortable6.csv,JS009,12,train
JS009,Session2,overground,run,comfortable,Overground_Run,Run_Comfortable,C:/Users/KUBA/GitProjects/WKIRO-Project/data/JS009/Session2/Overground_Run/Run_Comfortable/Post_Process/Run_Comfortable7.csv,JS009,12,train
JS009,Session2,overground,run,comfortable,Overground_Run,Run_Comfortable,C:/Users/KUBA/GitProjects/WKIRO-Project/data/JS009/Session2/Overground_Run/Run_Comfortable/Post_Process/Run_Comfortable8.csv,JS009,12,train
JS009,Session2,overground,run,comfortable,Overground_Run,Run_Comfortable,C:/Users/KUBA/GitProjects/WKIRO-Project/data/JS009/Session2/Overground_Run/Run_Comfortable/Post_Process/Run_Comfortable9.csv,JS009,12,test
JS009,Session2,overground,run,fast,Overground_Run,Run_Fast,C:/Users/KUBA/GitProjects/WKIRO-Project/data/JS009/Session2/Overground_Run/Run_Fast/Post_Process/Run_Fast1.csv,JS009,12,train
JS009,Session2,overground,run,fast,Overground_Run,Run_Fast,C:/Users/KUBA/GitProjects/WKIRO-Project/data/JS009/Session2/Overground_Run/Run_Fast/Post_Process/Run_Fast10.csv,JS009,12,train
JS009,Session2,overground,run,fast,Overground_Run,Run_Fast,C:/Users/KUBA/GitProjects/WKIRO-Project/data/JS009/Session2/Overground_Run/Run_Fast/Post_Process/Run_Fast11.csv,JS009,12,test
JS009,Session2,overground,run,fast,Overground_Run,Run_Fast,C:/Users/KUBA/GitProjects/WKIRO-Project/data/JS009/Session2/Overground_Run/Run_Fast/Post_Process/Run_Fast12.csv,JS009,12,val
JS009,Session2,overground,run,fast,Overground_Run,Run_Fast,C:/Users/KUBA/GitProjects/WKIRO-Project/data/JS009/Session2/Overground_Run/Run_Fast/Post_Process/Run_Fast2.csv,JS009,12,train
JS009,Session2,overground,run,fast,Overground_Run,Run_Fast,C:/Users/KUBA/GitProjects/WKIRO-Project/data/JS009/Session2/Overground_Run/Run_Fast/Post_Process/Run_Fast3.csv,JS009,12,test
JS009,Session2,overground,run,fast,Overground_Run,Run_Fast,C:/Users/KUBA/GitProjects/WKIRO-Project/data/JS009/Session2/Overground_Run/Run_Fast/Post_Process/Run_Fast4.csv,JS009,12,train
JS009,Session2,overground,run,fast,Overground_Run,Run_Fast,C:/Users/KUBA/GitProjects/WKIRO-Project/data/JS009/Session2/Overground_Run/Run_Fast/Post_Process/Run_Fast5.csv,JS009,12,test
JS009,Session2,overground,run,fast,Overground_Run,Run_Fast,C:/Users/KUBA/GitProjects/WKIRO-Project/data/JS009/Session2/Overground_Run/Run_Fast/Post_Process/Run_Fast6.csv,JS009,12,test
JS009,Session2,overground,run,fast,Overground_Run,Run_Fast,C:/Users/KUBA/GitProjects/WKIRO-Project/data/JS009/Session2/Overground_Run/Run_Fast/Post_Process/Run_Fast7.csv,JS009,12,train
JS009,Session2,overground,run,fast,Overground_Run,Run_Fast,C:/Users/KUBA/GitProjects/WKIRO-Project/data/JS009/Session2/Overground_Run/Run_Fast/Post_Process/Run_Fast8.csv,JS009,12,train
JS009,Session2,overground,run,fast,Overground_Run,Run_Fast,C:/Users/KUBA/GitProjects/WKIRO-Project/data/JS009/Session2/Overground_Run/Run_Fast/Post_Process/Run_Fast9.csv,JS009,12,test
JS009,Session2,overground,walk,comfortable,Overground_Walk,Walk_Comfortable,C:/Users/KUBA/GitProjects/WKIRO-Project/data/JS009/Session2/Overground_Walk/Walk_Comfortable/Post_Process/Walk_Comfortable1.csv,JS009,12,train
JS009,Session2,overground,walk,comfortable,Overground_Walk,Walk_Comfortable,C:/Users/KUBA/GitProjects/WKIRO-Project/data/JS009/Session2/Overground_Walk/Walk_Comfortable/Post_Process/Walk_Comfortable2.csv,JS009,12,train
JS009,Session2,overground,walk,comfortable,Overground_Walk,Walk_Comfortable,C:/Users/KUBA/GitProjects/WKIRO-Project/data/JS009/Session2/Overground_Walk/Walk_Comfortable/Post_Process/Walk_Comfortable3.csv,JS009,12,train
JS009,Session2,overground,walk,comfortable,Overground_Walk,Walk_Comfortable,C:/Users/KUBA/GitProjects/WKIRO-Project/data/JS009/Session2/Overground_Walk/Walk_Comfortable/Post_Process/Walk_Comfortable4.csv,JS009,12,train
JS009,Session2,overground,walk,comfortable,Overground_Walk,Walk_Comfortable,C:/Users/KUBA/GitProjects/WKIRO-Project/data/JS009/Session2/Overground_Walk/Walk_Comfortable/Post_Process/Walk_Comfortable5.csv,JS009,12,val
JS009,Session2,overground,walk,comfortable,Overground_Walk,Walk_Comfortable,C:/Users/KUBA/GitProjects/WKIRO-Project/data/JS009/Session2/Overground_Walk/Walk_Comfortable/Post_Process/Walk_Comfortable6.csv,JS009,12,train
JS009,Session2,overground,walk,fast,Overground_Walk,Walk_Fast,C:/Users/KUBA/GitProjects/WKIRO-Project/data/JS009/Session2/Overground_Walk/Walk_Fast/Post_Process/Walk_Fast1.csv,JS009,12,val
JS009,Session2,overground,walk,fast,Overground_Walk,Walk_Fast,C:/Users/KUBA/GitProjects/WKIRO-Project/data/JS009/Session2/Overground_Walk/Walk_Fast/Post_Process/Walk_Fast10.csv,JS009,12,train
JS009,Session2,overground,walk,fast,Overground_Walk,Walk_Fast,C:/Users/KUBA/GitProjects/WKIRO-Project/data/JS009/Session2/Overground_Walk/Walk_Fast/Post_Process/Walk_Fast2.csv,JS009,12,train
JS009,Session2,overground,walk,fast,Overground_Walk,Walk_Fast,C:/Users/KUBA/GitProjects/WKIRO-Project/data/JS009/Session2/Overground_Walk/Walk_Fast/Post_Process/Walk_Fast3.csv,JS009,12,test
JS009,Session2,overground,walk,fast,Overground_Walk,Walk_Fast,C:/Users/KUBA/GitProjects/WKIRO-Project/data/JS009/Session2/Overground_Walk/Walk_Fast/Post_Process/Walk_Fast4.csv,JS009,12,train
JS009,Session2,overground,walk,fast,Overground_Walk,Walk_Fast,C:/Users/KUBA/GitProjects/WKIRO-Project/data/JS009/Session2/Overground_Walk/Walk_Fast/Post_Process/Walk_Fast5.csv,JS009,12,train
JS009,Session2,overground,walk,fast,Overground_Walk,Walk_Fast,C:/Users/KUBA/GitProjects/WKIRO-Project/data/JS009/Session2/Overground_Walk/Walk_Fast/Post_Process/Walk_Fast6.csv,JS009,12,train
JS009,Session2,overground,walk,fast,Overground_Walk,Walk_Fast,C:/Users/KUBA/GitProjects/WKIRO-Project/data/JS009/Session2/Overground_Walk/Walk_Fast/Post_Process/Walk_Fast7.csv,JS009,12,train
JS009,Session2,overground,walk,fast,Overground_Walk,Walk_Fast,C:/Users/KUBA/GitProjects/WKIRO-Project/data/JS009/Session2/Overground_Walk/Walk_Fast/Post_Process/Walk_Fast8.csv,JS009,12,test
JS009,Session2,overground,walk,fast,Overground_Walk,Walk_Fast,C:/Users/KUBA/GitProjects/WKIRO-Project/data/JS009/Session2/Overground_Walk/Walk_Fast/Post_Process/Walk_Fast9.csv,JS009,12,train
JS009,Session2,overground,walk,slow,Overground_Walk,Walk_Slow,C:/Users/KUBA/GitProjects/WKIRO-Project/data/JS009/Session2/Overground_Walk/Walk_Slow/Post_Process/Walk_Slow1.csv,JS009,12,train
JS009,Session2,overground,walk,slow,Overground_Walk,Walk_Slow,C:/Users/KUBA/GitProjects/WKIRO-Project/data/JS009/Session2/Overground_Walk/Walk_Slow/Post_Process/Walk_Slow2.csv,JS009,12,train
JS009,Session2,overground,walk,slow,Overground_Walk,Walk_Slow,C:/Users/KUBA/GitProjects/WKIRO-Project/data/JS009/Session2/Overground_Walk/Walk_Slow/Post_Process/Walk_Slow3.csv,JS009,12,train
JS009,Session2,overground,walk,slow,Overground_Walk,Walk_Slow,C:/Users/KUBA/GitProjects/WKIRO-Project/data/JS009/Session2/Overground_Walk/Walk_Slow/Post_Process/Walk_Slow4.csv,JS009,12,train
JS009,Session2,overground,walk,slow,Overground_Walk,Walk_Slow,C:/Users/KUBA/GitProjects/WKIRO-Project/data/JS009/Session2/Overground_Walk/Walk_Slow/Post_Process/Walk_Slow5.csv,JS009,12,train
JS009,Session2,overground,walk,slow,Overground_Walk,Walk_Slow,C:/Users/KUBA/GitProjects/WKIRO-Project/data/JS009/Session2/Overground_Walk/Walk_Slow/Post_Process/Walk_Slow6.csv,JS009,12,train
JS009,Session2,treadmill,run,comfortable,Treadmill_Run,Treadmill_Run_Comfortable,C:/Users/KUBA/GitProjects/WKIRO-Project/data/JS009/Session2/Treadmill_Run/Treadmill_Run_Comfortable/Post_Process/Treadmill_Run_Comfortable.csv,JS009,12,train
JS009,Session2,treadmill,run,fast,Treadmill_Run,Treadmill_Run_Fast,C:/Users/KUBA/GitProjects/WKIRO-Project/data/JS009/Session2/Treadmill_Run/Treadmill_Run_Fast/Post_Process/Treadmill_Run_Fast.csv,JS009,12,val
JS009,Session2,treadmill,walk,comfortable,Treadmill_Walk,Treadmill_Walk_Comfortable,C:/Users/KUBA/GitProjects/WKIRO-Project/data/JS009/Session2/Treadmill_Walk/Treadmill_Walk_Comfortable/Post_Process/Treadmill_Walk_Comfortable.csv,JS009,12,val
JS009,Session2,treadmill,walk,fast,Treadmill_Walk,Treadmill_Walk_Fast,C:/Users/KUBA/GitProjects/WKIRO-Project/data/JS009/Session2/Treadmill_Walk/Treadmill_Walk_Fast/Post_Process/Treadmill_Walk_Fast.csv,JS009,12,train
JS009,Session2,treadmill,walk,slow,Treadmill_Walk,Treadmill_Walk_Slow,C:/Users/KUBA/GitProjects/WKIRO-Project/data/JS009/Session2/Treadmill_Walk/Treadmill_Walk_Slow/Post_Process/Treadmill_Walk_Slow.csv,JS009,12,train
LA014,Session1,overground,run,comfortable,Overground_Run,Run_Comfortable,C:/Users/KUBA/GitProjects/WKIRO-Project/data/LA014/Session1/Overground_Run/Run_Comfortable/Post_Process/Run_Comfortable1.csv,LA014,13,val
LA014,Session1,overground,run,comfortable,Overground_Run,Run_Comfortable,C:/Users/KUBA/GitProjects/WKIRO-Project/data/LA014/Session1/Overground_Run/Run_Comfortable/Post_Process/Run_Comfortable10.csv,LA014,13,train
LA014,Session1,overground,run,comfortable,Overground_Run,Run_Comfortable,C:/Users/KUBA/GitProjects/WKIRO-Project/data/LA014/Session1/Overground_Run/Run_Comfortable/Post_Process/Run_Comfortable2.csv,LA014,13,train
LA014,Session1,overground,run,comfortable,Overground_Run,Run_Comfortable,C:/Users/KUBA/GitProjects/WKIRO-Project/data/LA014/Session1/Overground_Run/Run_Comfortable/Post_Process/Run_Comfortable3.csv,LA014,13,train
LA014,Session1,overground,run,comfortable,Overground_Run,Run_Comfortable,C:/Users/KUBA/GitProjects/WKIRO-Project/data/LA014/Session1/Overground_Run/Run_Comfortable/Post_Process/Run_Comfortable4.csv,LA014,13,train
LA014,Session1,overground,run,comfortable,Overground_Run,Run_Comfortable,C:/Users/KUBA/GitProjects/WKIRO-Project/data/LA014/Session1/Overground_Run/Run_Comfortable/Post_Process/Run_Comfortable5.csv,LA014,13,train
LA014,Session1,overground,run,comfortable,Overground_Run,Run_Comfortable,C:/Users/KUBA/GitProjects/WKIRO-Project/data/LA014/Session1/Overground_Run/Run_Comfortable/Post_Process/Run_Comfortable6.csv,LA014,13,train
LA014,Session1,overground,run,comfortable,Overground_Run,Run_Comfortable,C:/Users/KUBA/GitProjects/WKIRO-Project/data/LA014/Session1/Overground_Run/Run_Comfortable/Post_Process/Run_Comfortable7.csv,LA014,13,train
LA014,Session1,overground,run,comfortable,Overground_Run,Run_Comfortable,C:/Users/KUBA/GitProjects/WKIRO-Project/data/LA014/Session1/Overground_Run/Run_Comfortable/Post_Process/Run_Comfortable8.csv,LA014,13,test
LA014,Session1,overground,run,comfortable,Overground_Run,Run_Comfortable,C:/Users/KUBA/GitProjects/WKIRO-Project/data/LA014/Session1/Overground_Run/Run_Comfortable/Post_Process/Run_Comfortable9.csv,LA014,13,train
LA014,Session1,overground,run,fast,Overground_Run,Run_Fast,C:/Users/KUBA/GitProjects/WKIRO-Project/data/LA014/Session1/Overground_Run/Run_Fast/Post_Process/Run_Fast1.csv,LA014,13,train
LA014,Session1,overground,run,fast,Overground_Run,Run_Fast,C:/Users/KUBA/GitProjects/WKIRO-Project/data/LA014/Session1/Overground_Run/Run_Fast/Post_Process/Run_Fast10.csv,LA014,13,train
LA014,Session1,overground,run,fast,Overground_Run,Run_Fast,C:/Users/KUBA/GitProjects/WKIRO-Project/data/LA014/Session1/Overground_Run/Run_Fast/Post_Process/Run_Fast2.csv,LA014,13,train
LA014,Session1,overground,run,fast,Overground_Run,Run_Fast,C:/Users/KUBA/GitProjects/WKIRO-Project/data/LA014/Session1/Overground_Run/Run_Fast/Post_Process/Run_Fast3.csv,LA014,13,train
LA014,Session1,overground,run,fast,Overground_Run,Run_Fast,C:/Users/KUBA/GitProjects/WKIRO-Project/data/LA014/Session1/Overground_Run/Run_Fast/Post_Process/Run_Fast4.csv,LA014,13,train
LA014,Session1,overground,run,fast,Overground_Run,Run_Fast,C:/Users/KUBA/GitProjects/WKIRO-Project/data/LA014/Session1/Overground_Run/Run_Fast/Post_Process/Run_Fast5.csv,LA014,13,test
LA014,Session1,overground,run,fast,Overground_Run,Run_Fast,C:/Users/KUBA/GitProjects/WKIRO-Project/data/LA014/Session1/Overground_Run/Run_Fast/Post_Process/Run_Fast6.csv,LA014,13,test
LA014,Session1,overground,run,fast,Overground_Run,Run_Fast,C:/Users/KUBA/GitProjects/WKIRO-Project/data/LA014/Session1/Overground_Run/Run_Fast/Post_Process/Run_Fast7.csv,LA014,13,train
LA014,Session1,overground,run,fast,Overground_Run,Run_Fast,C:/Users/KUBA/GitProjects/WKIRO-Project/data/LA014/Session1/Overground_Run/Run_Fast/Post_Process/Run_Fast8.csv,LA014,13,train
LA014,Session1,overground,run,fast,Overground_Run,Run_Fast,C:/Users/KUBA/GitProjects/WKIRO-Project/data/LA014/Session1/Overground_Run/Run_Fast/Post_Process/Run_Fast9.csv,LA014,13,train
LA014,Session1,overground,walk,comfortable,Overground_Walk,Walk_Comfortable,C:/Users/KUBA/GitProjects/WKIRO-Project/data/LA014/Session1/Overground_Walk/Walk_Comfortable/Post_Process/Walk_Comfortable1.csv,LA014,13,train
LA014,Session1,overground,walk,comfortable,Overground_Walk,Walk_Comfortable,C:/Users/KUBA/GitProjects/WKIRO-Project/data/LA014/Session1/Overground_Walk/Walk_Comfortable/Post_Process/Walk_Comfortable2.csv,LA014,13,train
LA014,Session1,overground,walk,comfortable,Overground_Walk,Walk_Comfortable,C:/Users/KUBA/GitProjects/WKIRO-Project/data/LA014/Session1/Overground_Walk/Walk_Comfortable/Post_Process/Walk_Comfortable3.csv,LA014,13,train
LA014,Session1,overground,walk,comfortable,Overground_Walk,Walk_Comfortable,C:/Users/KUBA/GitProjects/WKIRO-Project/data/LA014/Session1/Overground_Walk/Walk_Comfortable/Post_Process/Walk_Comfortable4.csv,LA014,13,train
LA014,Session1,overground,walk,comfortable,Overground_Walk,Walk_Comfortable,C:/Users/KUBA/GitProjects/WKIRO-Project/data/LA014/Session1/Overground_Walk/Walk_Comfortable/Post_Process/Walk_Comfortable5.csv,LA014,13,train
LA014,Session1,overground,walk,comfortable,Overground_Walk,Walk_Comfortable,C:/Users/KUBA/GitProjects/WKIRO-Project/data/LA014/Session1/Overground_Walk/Walk_Comfortable/Post_Process/Walk_Comfortable6.csv,LA014,13,train
LA014,Session1,overground,walk,comfortable,Overground_Walk,Walk_Comfortable,C:/Users/KUBA/GitProjects/WKIRO-Project/data/LA014/Session1/Overground_Walk/Walk_Comfortable/Post_Process/Walk_Comfortable7.csv,LA014,13,train
LA014,Session1,overground,walk,comfortable,Overground_Walk,Walk_Comfortable,C:/Users/KUBA/GitProjects/WKIRO-Project/data/LA014/Session1/Overground_Walk/Walk_Comfortable/Post_Process/Walk_Comfortable8.csv,LA014,13,val
LA014,Session1,overground,walk,fast,Overground_Walk,Walk_Fast,C:/Users/KUBA/GitProjects/WKIRO-Project/data/LA014/Session1/Overground_Walk/Walk_Fast/Post_Process/Walk_Fast1.csv,LA014,13,train
LA014,Session1,overground,walk,fast,Overground_Walk,Walk_Fast,C:/Users/KUBA/GitProjects/WKIRO-Project/data/LA014/Session1/Overground_Walk/Walk_Fast/Post_Process/Walk_Fast2.csv,LA014,13,train
LA014,Session1,overground,walk,fast,Overground_Walk,Walk_Fast,C:/Users/KUBA/GitProjects/WKIRO-Project/data/LA014/Session1/Overground_Walk/Walk_Fast/Post_Process/Walk_Fast3.csv,LA014,13,train
LA014,Session1,overground,walk,fast,Overground_Walk,Walk_Fast,C:/Users/KUBA/GitProjects/WKIRO-Project/data/LA014/Session1/Overground_Walk/Walk_Fast/Post_Process/Walk_Fast4.csv,LA014,13,train
LA014,Session1,overground,walk,fast,Overground_Walk,Walk_Fast,C:/Users/KUBA/GitProjects/WKIRO-Project/data/LA014/Session1/Overground_Walk/Walk_Fast/Post_Process/Walk_Fast5.csv,LA014,13,train
LA014,Session1,overground,walk,fast,Overground_Walk,Walk_Fast,C:/Users/KUBA/GitProjects/WKIRO-Project/data/LA014/Session1/Overground_Walk/Walk_Fast/Post_Process/Walk_Fast6.csv,LA014,13,test
LA014,Session1,overground,walk,fast,Overground_Walk,Walk_Fast,C:/Users/KUBA/GitProjects/WKIRO-Project/data/LA014/Session1/Overground_Walk/Walk_Fast/Post_Process/Walk_Fast7.csv,LA014,13,val
LA014,Session1,overground,walk,fast,Overground_Walk,Walk_Fast,C:/Users/KUBA/GitProjects/WKIRO-Project/data/LA014/Session1/Overground_Walk/Walk_Fast/Post_Process/Walk_Fast8.csv,LA014,13,train
LA014,Session1,overground,walk,slow,Overground_Walk,Walk_Slow,C:/Users/KUBA/GitProjects/WKIRO-Project/data/LA014/Session1/Overground_Walk/Walk_Slow/Post_Process/Walk_Slow1.csv,LA014,13,train
LA014,Session1,overground,walk,slow,Overground_Walk,Walk_Slow,C:/Users/KUBA/GitProjects/WKIRO-Project/data/LA014/Session1/Overground_Walk/Walk_Slow/Post_Process/Walk_Slow2.csv,LA014,13,test
LA014,Session1,overground,walk,slow,Overground_Walk,Walk_Slow,C:/Users/KUBA/GitProjects/WKIRO-Project/data/LA014/Session1/Overground_Walk/Walk_Slow/Post_Process/Walk_Slow3.csv,LA014,13,train
LA014,Session1,overground,walk,slow,Overground_Walk,Walk_Slow,C:/Users/KUBA/GitProjects/WKIRO-Project/data/LA014/Session1/Overground_Walk/Walk_Slow/Post_Process/Walk_Slow4.csv,LA014,13,val
LA014,Session1,overground,walk,slow,Overground_Walk,Walk_Slow,C:/Users/KUBA/GitProjects/WKIRO-Project/data/LA014/Session1/Overground_Walk/Walk_Slow/Post_Process/Walk_Slow5.csv,LA014,13,train
LA014,Session1,overground,walk,slow,Overground_Walk,Walk_Slow,C:/Users/KUBA/GitProjects/WKIRO-Project/data/LA014/Session1/Overground_Walk/Walk_Slow/Post_Process/Walk_Slow6.csv,LA014,13,train
LA014,Session1,overground,walk,slow,Overground_Walk,Walk_Slow,C:/Users/KUBA/GitProjects/WKIRO-Project/data/LA014/Session1/Overground_Walk/Walk_Slow/Post_Process/Walk_Slow7.csv,LA014,13,train
LA014,Session1,overground,walk,slow,Overground_Walk,Walk_Slow,C:/Users/KUBA/GitProjects/WKIRO-Project/data/LA014/Session1/Overground_Walk/Walk_Slow/Post_Process/Walk_Slow8.csv,LA014,13,train
LA014,Session1,treadmill,run,comfortable,Treadmill_Run,Treadmill_Run_Comfortable,C:/Users/KUBA/GitProjects/WKIRO-Project/data/LA014/Session1/Treadmill_Run/Treadmill_Run_Comfortable/Post_Process/Treadmill_Run_Comfortable.csv,LA014,13,test
LA014,Session1,treadmill,run,fast,Treadmill_Run,Treadmill_Run_Fast,C:/Users/KUBA/GitProjects/WKIRO-Project/data/LA014/Session1/Treadmill_Run/Treadmill_Run_Fast/Post_Process/Treadmill_Run_Fast.csv,LA014,13,val
LA014,Session1,treadmill,walk,comfortable,Treadmill_Walk,Treadmill_Walk_Comfortable,C:/Users/KUBA/GitProjects/WKIRO-Project/data/LA014/Session1/Treadmill_Walk/Treadmill_Walk_Comfortable/Post_Process/Treadmill_Walk_Comfortable.csv,LA014,13,train
LA014,Session1,treadmill,walk,fast,Treadmill_Walk,Treadmill_Walk_Fast,C:/Users/KUBA/GitProjects/WKIRO-Project/data/LA014/Session1/Treadmill_Walk/Treadmill_Walk_Fast/Post_Process/Treadmill_Walk_Fast.csv,LA014,13,test
LA014,Session1,treadmill,walk,slow,Treadmill_Walk,Treadmill_Walk_Slow,C:/Users/KUBA/GitProjects/WKIRO-Project/data/LA014/Session1/Treadmill_Walk/Treadmill_Walk_Slow/Post_Process/Treadmill_Walk_Slow.csv,LA014,13,train
LA014,Session2,overground,run,comfortable,Overground_Run,Run_Comfortable,C:/Users/KUBA/GitProjects/WKIRO-Project/data/LA014/Session2/Overground_Run/Run_Comfortable/Post_Process/Run_Comfortable1.csv,LA014,13,val
LA014,Session2,overground,run,comfortable,Overground_Run,Run_Comfortable,C:/Users/KUBA/GitProjects/WKIRO-Project/data/LA014/Session2/Overground_Run/Run_Comfortable/Post_Process/Run_Comfortable10.csv,LA014,13,val
LA014,Session2,overground,run,comfortable,Overground_Run,Run_Comfortable,C:/Users/KUBA/GitProjects/WKIRO-Project/data/LA014/Session2/Overground_Run/Run_Comfortable/Post_Process/Run_Comfortable2.csv,LA014,13,train
LA014,Session2,overground,run,comfortable,Overground_Run,Run_Comfortable,C:/Users/KUBA/GitProjects/WKIRO-Project/data/LA014/Session2/Overground_Run/Run_Comfortable/Post_Process/Run_Comfortable3.csv,LA014,13,val
LA014,Session2,overground,run,comfortable,Overground_Run,Run_Comfortable,C:/Users/KUBA/GitProjects/WKIRO-Project/data/LA014/Session2/Overground_Run/Run_Comfortable/Post_Process/Run_Comfortable4.csv,LA014,13,test
LA014,Session2,overground,run,comfortable,Overground_Run,Run_Comfortable,C:/Users/KUBA/GitProjects/WKIRO-Project/data/LA014/Session2/Overground_Run/Run_Comfortable/Post_Process/Run_Comfortable5.csv,LA014,13,val
LA014,Session2,overground,run,comfortable,Overground_Run,Run_Comfortable,C:/Users/KUBA/GitProjects/WKIRO-Project/data/LA014/Session2/Overground_Run/Run_Comfortable/Post_Process/Run_Comfortable6.csv,LA014,13,train
LA014,Session2,overground,run,comfortable,Overground_Run,Run_Comfortable,C:/Users/KUBA/GitProjects/WKIRO-Project/data/LA014/Session2/Overground_Run/Run_Comfortable/Post_Process/Run_Comfortable7.csv,LA014,13,train
LA014,Session2,overground,run,comfortable,Overground_Run,Run_Comfortable,C:/Users/KUBA/GitProjects/WKIRO-Project/data/LA014/Session2/Overground_Run/Run_Comfortable/Post_Process/Run_Comfortable8.csv,LA014,13,test
LA014,Session2,overground,run,comfortable,Overground_Run,Run_Comfortable,C:/Users/KUBA/GitProjects/WKIRO-Project/data/LA014/Session2/Overground_Run/Run_Comfortable/Post_Process/Run_Comfortable9.csv,LA014,13,val
LA014,Session2,overground,run,fast,Overground_Run,Run_Fast,C:/Users/KUBA/GitProjects/WKIRO-Project/data/LA014/Session2/Overground_Run/Run_Fast/Post_Process/Run_Fast1.csv,LA014,13,test
LA014,Session2,overground,run,fast,Overground_Run,Run_Fast,C:/Users/KUBA/GitProjects/WKIRO-Project/data/LA014/Session2/Overground_Run/Run_Fast/Post_Process/Run_Fast10.csv,LA014,13,train
LA014,Session2,overground,run,fast,Overground_Run,Run_Fast,C:/Users/KUBA/GitProjects/WKIRO-Project/data/LA014/Session2/Overground_Run/Run_Fast/Post_Process/Run_Fast2.csv,LA014,13,train
LA014,Session2,overground,run,fast,Overground_Run,Run_Fast,C:/Users/KUBA/GitProjects/WKIRO-Project/data/LA014/Session2/Overground_Run/Run_Fast/Post_Process/Run_Fast3.csv,LA014,13,test
LA014,Session2,overground,run,fast,Overground_Run,Run_Fast,C:/Users/KUBA/GitProjects/WKIRO-Project/data/LA014/Session2/Overground_Run/Run_Fast/Post_Process/Run_Fast4.csv,LA014,13,train
LA014,Session2,overground,run,fast,Overground_Run,Run_Fast,C:/Users/KUBA/GitProjects/WKIRO-Project/data/LA014/Session2/Overground_Run/Run_Fast/Post_Process/Run_Fast5.csv,LA014,13,val
LA014,Session2,overground,run,fast,Overground_Run,Run_Fast,C:/Users/KUBA/GitProjects/WKIRO-Project/data/LA014/Session2/Overground_Run/Run_Fast/Post_Process/Run_Fast6.csv,LA014,13,val
LA014,Session2,overground,run,fast,Overground_Run,Run_Fast,C:/Users/KUBA/GitProjects/WKIRO-Project/data/LA014/Session2/Overground_Run/Run_Fast/Post_Process/Run_Fast7.csv,LA014,13,test
LA014,Session2,overground,run,fast,Overground_Run,Run_Fast,C:/Users/KUBA/GitProjects/WKIRO-Project/data/LA014/Session2/Overground_Run/Run_Fast/Post_Process/Run_Fast8.csv,LA014,13,train
LA014,Session2,overground,run,fast,Overground_Run,Run_Fast,C:/Users/KUBA/GitProjects/WKIRO-Project/data/LA014/Session2/Overground_Run/Run_Fast/Post_Process/Run_Fast9.csv,LA014,13,train
LA014,Session2,overground,walk,comfortable,Overground_Walk,Walk_Comfortable,C:/Users/KUBA/GitProjects/WKIRO-Project/data/LA014/Session2/Overground_Walk/Walk_Comfortable/Post_Process/Walk_Comfortable1.csv,LA014,13,train
LA014,Session2,overground,walk,comfortable,Overground_Walk,Walk_Comfortable,C:/Users/KUBA/GitProjects/WKIRO-Project/data/LA014/Session2/Overground_Walk/Walk_Comfortable/Post_Process/Walk_Comfortable2.csv,LA014,13,train
LA014,Session2,overground,walk,comfortable,Overground_Walk,Walk_Comfortable,C:/Users/KUBA/GitProjects/WKIRO-Project/data/LA014/Session2/Overground_Walk/Walk_Comfortable/Post_Process/Walk_Comfortable3.csv,LA014,13,val
LA014,Session2,overground,walk,comfortable,Overground_Walk,Walk_Comfortable,C:/Users/KUBA/GitProjects/WKIRO-Project/data/LA014/Session2/Overground_Walk/Walk_Comfortable/Post_Process/Walk_Comfortable4.csv,LA014,13,train
LA014,Session2,overground,walk,comfortable,Overground_Walk,Walk_Comfortable,C:/Users/KUBA/GitProjects/WKIRO-Project/data/LA014/Session2/Overground_Walk/Walk_Comfortable/Post_Process/Walk_Comfortable5.csv,LA014,13,train
LA014,Session2,overground,walk,comfortable,Overground_Walk,Walk_Comfortable,C:/Users/KUBA/GitProjects/WKIRO-Project/data/LA014/Session2/Overground_Walk/Walk_Comfortable/Post_Process/Walk_Comfortable6.csv,LA014,13,train
LA014,Session2,overground,walk,comfortable,Overground_Walk,Walk_Comfortable,C:/Users/KUBA/GitProjects/WKIRO-Project/data/LA014/Session2/Overground_Walk/Walk_Comfortable/Post_Process/Walk_Comfortable7.csv,LA014,13,train
LA014,Session2,overground,walk,comfortable,Overground_Walk,Walk_Comfortable,C:/Users/KUBA/GitProjects/WKIRO-Project/data/LA014/Session2/Overground_Walk/Walk_Comfortable/Post_Process/Walk_Comfortable8.csv,LA014,13,test
LA014,Session2,overground,walk,fast,Overground_Walk,Walk_Fast,C:/Users/KUBA/GitProjects/WKIRO-Project/data/LA014/Session2/Overground_Walk/Walk_Fast/Post_Process/Walk_Fast1.csv,LA014,13,train
LA014,Session2,overground,walk,fast,Overground_Walk,Walk_Fast,C:/Users/KUBA/GitProjects/WKIRO-Project/data/LA014/Session2/Overground_Walk/Walk_Fast/Post_Process/Walk_Fast2.csv,LA014,13,train
LA014,Session2,overground,walk,fast,Overground_Walk,Walk_Fast,C:/Users/KUBA/GitProjects/WKIRO-Project/data/LA014/Session2/Overground_Walk/Walk_Fast/Post_Process/Walk_Fast3.csv,LA014,13,train
LA014,Session2,overground,walk,fast,Overground_Walk,Walk_Fast,C:/Users/KUBA/GitProjects/WKIRO-Project/data/LA014/Session2/Overground_Walk/Walk_Fast/Post_Process/Walk_Fast4.csv,LA014,13,train
LA014,Session2,overground,walk,fast,Overground_Walk,Walk_Fast,C:/Users/KUBA/GitProjects/WKIRO-Project/data/LA014/Session2/Overground_Walk/Walk_Fast/Post_Process/Walk_Fast5.csv,LA014,13,val
LA014,Session2,overground,walk,fast,Overground_Walk,Walk_Fast,C:/Users/KUBA/GitProjects/WKIRO-Project/data/LA014/Session2/Overground_Walk/Walk_Fast/Post_Process/Walk_Fast6.csv,LA014,13,test
LA014,Session2,overground,walk,fast,Overground_Walk,Walk_Fast,C:/Users/KUBA/GitProjects/WKIRO-Project/data/LA014/Session2/Overground_Walk/Walk_Fast/Post_Process/Walk_Fast7.csv,LA014,13,train
LA014,Session2,overground,walk,fast,Overground_Walk,Walk_Fast,C:/Users/KUBA/GitProjects/WKIRO-Project/data/LA014/Session2/Overground_Walk/Walk_Fast/Post_Process/Walk_Fast8.csv,LA014,13,train
LA014,Session2,overground,walk,slow,Overground_Walk,Walk_Slow,C:/Users/KUBA/GitProjects/WKIRO-Project/data/LA014/Session2/Overground_Walk/Walk_Slow/Post_Process/Walk_Slow1.csv,LA014,13,test
LA014,Session2,overground,walk,slow,Overground_Walk,Walk_Slow,C:/Users/KUBA/GitProjects/WKIRO-Project/data/LA014/Session2/Overground_Walk/Walk_Slow/Post_Process/Walk_Slow2.csv,LA014,13,train
LA014,Session2,overground,walk,slow,Overground_Walk,Walk_Slow,C:/Users/KUBA/GitProjects/WKIRO-Project/data/LA014/Session2/Overground_Walk/Walk_Slow/Post_Process/Walk_Slow3.csv,LA014,13,train
LA014,Session2,overground,walk,slow,Overground_Walk,Walk_Slow,C:/Users/KUBA/GitProjects/WKIRO-Project/data/LA014/Session2/Overground_Walk/Walk_Slow/Post_Process/Walk_Slow4.csv,LA014,13,train
LA014,Session2,overground,walk,slow,Overground_Walk,Walk_Slow,C:/Users/KUBA/GitProjects/WKIRO-Project/data/LA014/Session2/Overground_Walk/Walk_Slow/Post_Process/Walk_Slow5.csv,LA014,13,train
LA014,Session2,overground,walk,slow,Overground_Walk,Walk_Slow,C:/Users/KUBA/GitProjects/WKIRO-Project/data/LA014/Session2/Overground_Walk/Walk_Slow/Post_Process/Walk_Slow6.csv,LA014,13,train
LA014,Session2,overground,walk,slow,Overground_Walk,Walk_Slow,C:/Users/KUBA/GitProjects/WKIRO-Project/data/LA014/Session2/Overground_Walk/Walk_Slow/Post_Process/Walk_Slow7.csv,LA014,13,train
LA014,Session2,overground,walk,slow,Overground_Walk,Walk_Slow,C:/Users/KUBA/GitProjects/WKIRO-Project/data/LA014/Session2/Overground_Walk/Walk_Slow/Post_Process/Walk_Slow8.csv,LA014,13,train
LA014,Session2,treadmill,run,comfortable,Treadmill_Run,Treadmill_Run_Comfortable,C:/Users/KUBA/GitProjects/WKIRO-Project/data/LA014/Session2/Treadmill_Run/Treadmill_Run_Comfortable/Post_Process/Treadmill_Run_Comfortable.csv,LA014,13,train
LA014,Session2,treadmill,run,fast,Treadmill_Run,Treadmill_Run_Fast,C:/Users/KUBA/GitProjects/WKIRO-Project/data/LA014/Session2/Treadmill_Run/Treadmill_Run_Fast/Post_Process/Treadmill_Run_Fast.csv,LA014,13,train
LA014,Session2,treadmill,walk,comfortable,Treadmill_Walk,Treadmill_Walk_Comfortable,C:/Users/KUBA/GitProjects/WKIRO-Project/data/LA014/Session2/Treadmill_Walk/Treadmill_Walk_Comfortable/Post_Process/Treadmill_Walk_Comfortable.csv,LA014,13,val
LA014,Session2,treadmill,walk,fast,Treadmill_Walk,Treadmill_Walk_Fast,C:/Users/KUBA/GitProjects/WKIRO-Project/data/LA014/Session2/Treadmill_Walk/Treadmill_Walk_Fast/Post_Process/Treadmill_Walk_Fast.csv,LA014,13,train
LA014,Session2,treadmill,walk,slow,Treadmill_Walk,Treadmill_Walk_Slow,C:/Users/KUBA/GitProjects/WKIRO-Project/data/LA014/Session2/Treadmill_Walk/Treadmill_Walk_Slow/Post_Process/Treadmill_Walk_Slow.csv,LA014,13,train
LD002,Session1,overground,run,comfortable,Overground_Run,Run_Comfortable,C:/Users/KUBA/GitProjects/WKIRO-Project/data/LD002/Session1/Overground_Run/Run_Comfortable/Post_Process/Run_Comfortable1.csv,LD002,14,test
LD002,Session1,overground,run,comfortable,Overground_Run,Run_Comfortable,C:/Users/KUBA/GitProjects/WKIRO-Project/data/LD002/Session1/Overground_Run/Run_Comfortable/Post_Process/Run_Comfortable2.csv,LD002,14,train
LD002,Session1,overground,run,comfortable,Overground_Run,Run_Comfortable,C:/Users/KUBA/GitProjects/WKIRO-Project/data/LD002/Session1/Overground_Run/Run_Comfortable/Post_Process/Run_Comfortable3.csv,LD002,14,val
LD002,Session1,overground,run,comfortable,Overground_Run,Run_Comfortable,C:/Users/KUBA/GitProjects/WKIRO-Project/data/LD002/Session1/Overground_Run/Run_Comfortable/Post_Process/Run_Comfortable4.csv,LD002,14,val
LD002,Session1,overground,run,comfortable,Overground_Run,Run_Comfortable,C:/Users/KUBA/GitProjects/WKIRO-Project/data/LD002/Session1/Overground_Run/Run_Comfortable/Post_Process/Run_Comfortable5.csv,LD002,14,train
LD002,Session1,overground,run,comfortable,Overground_Run,Run_Comfortable,C:/Users/KUBA/GitProjects/WKIRO-Project/data/LD002/Session1/Overground_Run/Run_Comfortable/Post_Process/Run_Comfortable6.csv,LD002,14,val
LD002,Session1,overground,run,fast,Overground_Run,Run_Fast,C:/Users/KUBA/GitProjects/WKIRO-Project/data/LD002/Session1/Overground_Run/Run_Fast/Post_Process/Run_Fast1.csv,LD002,14,train
LD002,Session1,overground,run,fast,Overground_Run,Run_Fast,C:/Users/KUBA/GitProjects/WKIRO-Project/data/LD002/Session1/Overground_Run/Run_Fast/Post_Process/Run_Fast10.csv,LD002,14,train
LD002,Session1,overground,run,fast,Overground_Run,Run_Fast,C:/Users/KUBA/GitProjects/WKIRO-Project/data/LD002/Session1/Overground_Run/Run_Fast/Post_Process/Run_Fast11.csv,LD002,14,test
LD002,Session1,overground,run,fast,Overground_Run,Run_Fast,C:/Users/KUBA/GitProjects/WKIRO-Project/data/LD002/Session1/Overground_Run/Run_Fast/Post_Process/Run_Fast12.csv,LD002,14,test
LD002,Session1,overground,run,fast,Overground_Run,Run_Fast,C:/Users/KUBA/GitProjects/WKIRO-Project/data/LD002/Session1/Overground_Run/Run_Fast/Post_Process/Run_Fast2.csv,LD002,14,train
LD002,Session1,overground,run,fast,Overground_Run,Run_Fast,C:/Users/KUBA/GitProjects/WKIRO-Project/data/LD002/Session1/Overground_Run/Run_Fast/Post_Process/Run_Fast3.csv,LD002,14,train
LD002,Session1,overground,run,fast,Overground_Run,Run_Fast,C:/Users/KUBA/GitProjects/WKIRO-Project/data/LD002/Session1/Overground_Run/Run_Fast/Post_Process/Run_Fast4.csv,LD002,14,test
LD002,Session1,overground,run,fast,Overground_Run,Run_Fast,C:/Users/KUBA/GitProjects/WKIRO-Project/data/LD002/Session1/Overground_Run/Run_Fast/Post_Process/Run_Fast5.csv,LD002,14,train
LD002,Session1,overground,run,fast,Overground_Run,Run_Fast,C:/Users/KUBA/GitProjects/WKIRO-Project/data/LD002/Session1/Overground_Run/Run_Fast/Post_Process/Run_Fast6.csv,LD002,14,train
LD002,Session1,overground,run,fast,Overground_Run,Run_Fast,C:/Users/KUBA/GitProjects/WKIRO-Project/data/LD002/Session1/Overground_Run/Run_Fast/Post_Process/Run_Fast7.csv,LD002,14,train
LD002,Session1,overground,run,fast,Overground_Run,Run_Fast,C:/Users/KUBA/GitProjects/WKIRO-Project/data/LD002/Session1/Overground_Run/Run_Fast/Post_Process/Run_Fast8.csv,LD002,14,train
LD002,Session1,overground,run,fast,Overground_Run,Run_Fast,C:/Users/KUBA/GitProjects/WKIRO-Project/data/LD002/Session1/Overground_Run/Run_Fast/Post_Process/Run_Fast9.csv,LD002,14,test
LD002,Session1,overground,walk,comfortable,Overground_Walk,Walk_Comfortable,C:/Users/KUBA/GitProjects/WKIRO-Project/data/LD002/Session1/Overground_Walk/Walk_Comfortable/Post_Process/Walk_Comfortable1.csv,LD002,14,train
LD002,Session1,overground,walk,comfortable,Overground_Walk,Walk_Comfortable,C:/Users/KUBA/GitProjects/WKIRO-Project/data/LD002/Session1/Overground_Walk/Walk_Comfortable/Post_Process/Walk_Comfortable10.csv,LD002,14,test
LD002,Session1,overground,walk,comfortable,Overground_Walk,Walk_Comfortable,C:/Users/KUBA/GitProjects/WKIRO-Project/data/LD002/Session1/Overground_Walk/Walk_Comfortable/Post_Process/Walk_Comfortable11.csv,LD002,14,train
LD002,Session1,overground,walk,comfortable,Overground_Walk,Walk_Comfortable,C:/Users/KUBA/GitProjects/WKIRO-Project/data/LD002/Session1/Overground_Walk/Walk_Comfortable/Post_Process/Walk_Comfortable12.csv,LD002,14,test
LD002,Session1,overground,walk,comfortable,Overground_Walk,Walk_Comfortable,C:/Users/KUBA/GitProjects/WKIRO-Project/data/LD002/Session1/Overground_Walk/Walk_Comfortable/Post_Process/Walk_Comfortable2.csv,LD002,14,train
LD002,Session1,overground,walk,comfortable,Overground_Walk,Walk_Comfortable,C:/Users/KUBA/GitProjects/WKIRO-Project/data/LD002/Session1/Overground_Walk/Walk_Comfortable/Post_Process/Walk_Comfortable3.csv,LD002,14,train
LD002,Session1,overground,walk,comfortable,Overground_Walk,Walk_Comfortable,C:/Users/KUBA/GitProjects/WKIRO-Project/data/LD002/Session1/Overground_Walk/Walk_Comfortable/Post_Process/Walk_Comfortable4.csv,LD002,14,train
LD002,Session1,overground,walk,comfortable,Overground_Walk,Walk_Comfortable,C:/Users/KUBA/GitProjects/WKIRO-Project/data/LD002/Session1/Overground_Walk/Walk_Comfortable/Post_Process/Walk_Comfortable5.csv,LD002,14,train
LD002,Session1,overground,walk,comfortable,Overground_Walk,Walk_Comfortable,C:/Users/KUBA/GitProjects/WKIRO-Project/data/LD002/Session1/Overground_Walk/Walk_Comfortable/Post_Process/Walk_Comfortable6.csv,LD002,14,train
LD002,Session1,overground,walk,comfortable,Overground_Walk,Walk_Comfortable,C:/Users/KUBA/GitProjects/WKIRO-Project/data/LD002/Session1/Overground_Walk/Walk_Comfortable/Post_Process/Walk_Comfortable7.csv,LD002,14,train
LD002,Session1,overground,walk,comfortable,Overground_Walk,Walk_Comfortable,C:/Users/KUBA/GitProjects/WKIRO-Project/data/LD002/Session1/Overground_Walk/Walk_Comfortable/Post_Process/Walk_Comfortable8.csv,LD002,14,train
LD002,Session1,overground,walk,comfortable,Overground_Walk,Walk_Comfortable,C:/Users/KUBA/GitProjects/WKIRO-Project/data/LD002/Session1/Overground_Walk/Walk_Comfortable/Post_Process/Walk_Comfortable9.csv,LD002,14,train
LD002,Session1,overground,walk,fast,Overground_Walk,Walk_Fast,C:/Users/KUBA/GitProjects/WKIRO-Project/data/LD002/Session1/Overground_Walk/Walk_Fast/Post_Process/Walk_Fast1.csv,LD002,14,val
LD002,Session1,overground,walk,fast,Overground_Walk,Walk_Fast,C:/Users/KUBA/GitProjects/WKIRO-Project/data/LD002/Session1/Overground_Walk/Walk_Fast/Post_Process/Walk_Fast10.csv,LD002,14,train
LD002,Session1,overground,walk,fast,Overground_Walk,Walk_Fast,C:/Users/KUBA/GitProjects/WKIRO-Project/data/LD002/Session1/Overground_Walk/Walk_Fast/Post_Process/Walk_Fast2.csv,LD002,14,train
LD002,Session1,overground,walk,fast,Overground_Walk,Walk_Fast,C:/Users/KUBA/GitProjects/WKIRO-Project/data/LD002/Session1/Overground_Walk/Walk_Fast/Post_Process/Walk_Fast3.csv,LD002,14,train
LD002,Session1,overground,walk,fast,Overground_Walk,Walk_Fast,C:/Users/KUBA/GitProjects/WKIRO-Project/data/LD002/Session1/Overground_Walk/Walk_Fast/Post_Process/Walk_Fast4.csv,LD002,14,val
LD002,Session1,overground,walk,fast,Overground_Walk,Walk_Fast,C:/Users/KUBA/GitProjects/WKIRO-Project/data/LD002/Session1/Overground_Walk/Walk_Fast/Post_Process/Walk_Fast5.csv,LD002,14,train
LD002,Session1,overground,walk,fast,Overground_Walk,Walk_Fast,C:/Users/KUBA/GitProjects/WKIRO-Project/data/LD002/Session1/Overground_Walk/Walk_Fast/Post_Process/Walk_Fast6.csv,LD002,14,test
LD002,Session1,overground,walk,fast,Overground_Walk,Walk_Fast,C:/Users/KUBA/GitProjects/WKIRO-Project/data/LD002/Session1/Overground_Walk/Walk_Fast/Post_Process/Walk_Fast7.csv,LD002,14,train
LD002,Session1,overground,walk,fast,Overground_Walk,Walk_Fast,C:/Users/KUBA/GitProjects/WKIRO-Project/data/LD002/Session1/Overground_Walk/Walk_Fast/Post_Process/Walk_Fast8.csv,LD002,14,train
LD002,Session1,overground,walk,fast,Overground_Walk,Walk_Fast,C:/Users/KUBA/GitProjects/WKIRO-Project/data/LD002/Session1/Overground_Walk/Walk_Fast/Post_Process/Walk_Fast9.csv,LD002,14,train
LD002,Session1,overground,walk,slow,Overground_Walk,Walk_Slow,C:/Users/KUBA/GitProjects/WKIRO-Project/data/LD002/Session1/Overground_Walk/Walk_Slow/Post_Process/Walk_Slow1.csv,LD002,14,train
LD002,Session1,overground,walk,slow,Overground_Walk,Walk_Slow,C:/Users/KUBA/GitProjects/WKIRO-Project/data/LD002/Session1/Overground_Walk/Walk_Slow/Post_Process/Walk_Slow2.csv,LD002,14,train
LD002,Session1,overground,walk,slow,Overground_Walk,Walk_Slow,C:/Users/KUBA/GitProjects/WKIRO-Project/data/LD002/Session1/Overground_Walk/Walk_Slow/Post_Process/Walk_Slow3.csv,LD002,14,train
LD002,Session1,overground,walk,slow,Overground_Walk,Walk_Slow,C:/Users/KUBA/GitProjects/WKIRO-Project/data/LD002/Session1/Overground_Walk/Walk_Slow/Post_Process/Walk_Slow4.csv,LD002,14,train
LD002,Session1,overground,walk,slow,Overground_Walk,Walk_Slow,C:/Users/KUBA/GitProjects/WKIRO-Project/data/LD002/Session1/Overground_Walk/Walk_Slow/Post_Process/Walk_Slow5.csv,LD002,14,val
LD002,Session1,treadmill,run,comfortable,Treadmill_Run,Treadmill_Run_Comfortable,C:/Users/KUBA/GitProjects/WKIRO-Project/data/LD002/Session1/Treadmill_Run/Treadmill_Run_Comfortable/Post_Process/Treadmill_Run_Comfortable.csv,LD002,14,train
LD002,Session1,treadmill,run,fast,Treadmill_Run,Treadmill_Run_Fast,C:/Users/KUBA/GitProjects/WKIRO-Project/data/LD002/Session1/Treadmill_Run/Treadmill_Run_Fast/Post_Process/Treadmill_Run_Fast.csv,LD002,14,train
LD002,Session1,treadmill,walk,comfortable,Treadmill_Walk,Treadmill_Walk_Comfortable,C:/Users/KUBA/GitProjects/WKIRO-Project/data/LD002/Session1/Treadmill_Walk/Treadmill_Walk_Comfortable/Post_Process/Treadmill_Walk_Comfortable.csv,LD002,14,train
LD002,Session1,treadmill,walk,fast,Treadmill_Walk,Treadmill_Walk_Fast,C:/Users/KUBA/GitProjects/WKIRO-Project/data/LD002/Session1/Treadmill_Walk/Treadmill_Walk_Fast/Post_Process/Treadmill_Walk_Fast.csv,LD002,14,train
LD002,Session1,treadmill,walk,slow,Treadmill_Walk,Treadmill_Walk_Slow,C:/Users/KUBA/GitProjects/WKIRO-Project/data/LD002/Session1/Treadmill_Walk/Treadmill_Walk_Slow/Post_Process/Treadmill_Walk_Slow.csv,LD002,14,val
LD002,Session2,overground,run,comfortable,Overground_Run,Run_Comfortable,C:/Users/KUBA/GitProjects/WKIRO-Project/data/LD002/Session2/Overground_Run/Run_Comfortable/Post_Process/Run_Comfortable1.csv,LD002,14,train
LD002,Session2,overground,run,comfortable,Overground_Run,Run_Comfortable,C:/Users/KUBA/GitProjects/WKIRO-Project/data/LD002/Session2/Overground_Run/Run_Comfortable/Post_Process/Run_Comfortable10.csv,LD002,14,train
LD002,Session2,overground,run,comfortable,Overground_Run,Run_Comfortable,C:/Users/KUBA/GitProjects/WKIRO-Project/data/LD002/Session2/Overground_Run/Run_Comfortable/Post_Process/Run_Comfortable11.csv,LD002,14,val
LD002,Session2,overground,run,comfortable,Overground_Run,Run_Comfortable,C:/Users/KUBA/GitProjects/WKIRO-Project/data/LD002/Session2/Overground_Run/Run_Comfortable/Post_Process/Run_Comfortable12.csv,LD002,14,train
LD002,Session2,overground,run,comfortable,Overground_Run,Run_Comfortable,C:/Users/KUBA/GitProjects/WKIRO-Project/data/LD002/Session2/Overground_Run/Run_Comfortable/Post_Process/Run_Comfortable13.csv,LD002,14,train
LD002,Session2,overground,run,comfortable,Overground_Run,Run_Comfortable,C:/Users/KUBA/GitProjects/WKIRO-Project/data/LD002/Session2/Overground_Run/Run_Comfortable/Post_Process/Run_Comfortable14.csv,LD002,14,test
LD002,Session2,overground,run,comfortable,Overground_Run,Run_Comfortable,C:/Users/KUBA/GitProjects/WKIRO-Project/data/LD002/Session2/Overground_Run/Run_Comfortable/Post_Process/Run_Comfortable15.csv,LD002,14,train
LD002,Session2,overground,run,comfortable,Overground_Run,Run_Comfortable,C:/Users/KUBA/GitProjects/WKIRO-Project/data/LD002/Session2/Overground_Run/Run_Comfortable/Post_Process/Run_Comfortable16.csv,LD002,14,train
LD002,Session2,overground,run,comfortable,Overground_Run,Run_Comfortable,C:/Users/KUBA/GitProjects/WKIRO-Project/data/LD002/Session2/Overground_Run/Run_Comfortable/Post_Process/Run_Comfortable2.csv,LD002,14,train
LD002,Session2,overground,run,comfortable,Overground_Run,Run_Comfortable,C:/Users/KUBA/GitProjects/WKIRO-Project/data/LD002/Session2/Overground_Run/Run_Comfortable/Post_Process/Run_Comfortable3.csv,LD002,14,val
LD002,Session2,overground,run,comfortable,Overground_Run,Run_Comfortable,C:/Users/KUBA/GitProjects/WKIRO-Project/data/LD002/Session2/Overground_Run/Run_Comfortable/Post_Process/Run_Comfortable4.csv,LD002,14,val
LD002,Session2,overground,run,comfortable,Overground_Run,Run_Comfortable,C:/Users/KUBA/GitProjects/WKIRO-Project/data/LD002/Session2/Overground_Run/Run_Comfortable/Post_Process/Run_Comfortable5.csv,LD002,14,train
LD002,Session2,overground,run,comfortable,Overground_Run,Run_Comfortable,C:/Users/KUBA/GitProjects/WKIRO-Project/data/LD002/Session2/Overground_Run/Run_Comfortable/Post_Process/Run_Comfortable6.csv,LD002,14,train
LD002,Session2,overground,run,comfortable,Overground_Run,Run_Comfortable,C:/Users/KUBA/GitProjects/WKIRO-Project/data/LD002/Session2/Overground_Run/Run_Comfortable/Post_Process/Run_Comfortable7.csv,LD002,14,train
LD002,Session2,overground,run,comfortable,Overground_Run,Run_Comfortable,C:/Users/KUBA/GitProjects/WKIRO-Project/data/LD002/Session2/Overground_Run/Run_Comfortable/Post_Process/Run_Comfortable8.csv,LD002,14,test
LD002,Session2,overground,run,comfortable,Overground_Run,Run_Comfortable,C:/Users/KUBA/GitProjects/WKIRO-Project/data/LD002/Session2/Overground_Run/Run_Comfortable/Post_Process/Run_Comfortable9.csv,LD002,14,val
LD002,Session2,overground,run,fast,Overground_Run,Run_Fast,C:/Users/KUBA/GitProjects/WKIRO-Project/data/LD002/Session2/Overground_Run/Run_Fast/Post_Process/Run_Fast1.csv,LD002,14,val
LD002,Session2,overground,run,fast,Overground_Run,Run_Fast,C:/Users/KUBA/GitProjects/WKIRO-Project/data/LD002/Session2/Overground_Run/Run_Fast/Post_Process/Run_Fast10.csv,LD002,14,train
LD002,Session2,overground,run,fast,Overground_Run,Run_Fast,C:/Users/KUBA/GitProjects/WKIRO-Project/data/LD002/Session2/Overground_Run/Run_Fast/Post_Process/Run_Fast11.csv,LD002,14,train
LD002,Session2,overground,run,fast,Overground_Run,Run_Fast,C:/Users/KUBA/GitProjects/WKIRO-Project/data/LD002/Session2/Overground_Run/Run_Fast/Post_Process/Run_Fast12.csv,LD002,14,train
LD002,Session2,overground,run,fast,Overground_Run,Run_Fast,C:/Users/KUBA/GitProjects/WKIRO-Project/data/LD002/Session2/Overground_Run/Run_Fast/Post_Process/Run_Fast13.csv,LD002,14,train
LD002,Session2,overground,run,fast,Overground_Run,Run_Fast,C:/Users/KUBA/GitProjects/WKIRO-Project/data/LD002/Session2/Overground_Run/Run_Fast/Post_Process/Run_Fast14.csv,LD002,14,train
LD002,Session2,overground,run,fast,Overground_Run,Run_Fast,C:/Users/KUBA/GitProjects/WKIRO-Project/data/LD002/Session2/Overground_Run/Run_Fast/Post_Process/Run_Fast15.csv,LD002,14,train
LD002,Session2,overground,run,fast,Overground_Run,Run_Fast,C:/Users/KUBA/GitProjects/WKIRO-Project/data/LD002/Session2/Overground_Run/Run_Fast/Post_Process/Run_Fast16.csv,LD002,14,train
LD002,Session2,overground,run,fast,Overground_Run,Run_Fast,C:/Users/KUBA/GitProjects/WKIRO-Project/data/LD002/Session2/Overground_Run/Run_Fast/Post_Process/Run_Fast2.csv,LD002,14,val
LD002,Session2,overground,run,fast,Overground_Run,Run_Fast,C:/Users/KUBA/GitProjects/WKIRO-Project/data/LD002/Session2/Overground_Run/Run_Fast/Post_Process/Run_Fast3.csv,LD002,14,train
LD002,Session2,overground,run,fast,Overground_Run,Run_Fast,C:/Users/KUBA/GitProjects/WKIRO-Project/data/LD002/Session2/Overground_Run/Run_Fast/Post_Process/Run_Fast4.csv,LD002,14,train
LD002,Session2,overground,run,fast,Overground_Run,Run_Fast,C:/Users/KUBA/GitProjects/WKIRO-Project/data/LD002/Session2/Overground_Run/Run_Fast/Post_Process/Run_Fast5.csv,LD002,14,train
LD002,Session2,overground,run,fast,Overground_Run,Run_Fast,C:/Users/KUBA/GitProjects/WKIRO-Project/data/LD002/Session2/Overground_Run/Run_Fast/Post_Process/Run_Fast6.csv,LD002,14,train
LD002,Session2,overground,run,fast,Overground_Run,Run_Fast,C:/Users/KUBA/GitProjects/WKIRO-Project/data/LD002/Session2/Overground_Run/Run_Fast/Post_Process/Run_Fast7.csv,LD002,14,train
LD002,Session2,overground,run,fast,Overground_Run,Run_Fast,C:/Users/KUBA/GitProjects/WKIRO-Project/data/LD002/Session2/Overground_Run/Run_Fast/Post_Process/Run_Fast8.csv,LD002,14,train
LD002,Session2,overground,run,fast,Overground_Run,Run_Fast,C:/Users/KUBA/GitProjects/WKIRO-Project/data/LD002/Session2/Overground_Run/Run_Fast/Post_Process/Run_Fast9.csv,LD002,14,train
LD002,Session2,overground,walk,comfortable,Overground_Walk,Walk_Comfortable,C:/Users/KUBA/GitProjects/WKIRO-Project/data/LD002/Session2/Overground_Walk/Walk_Comfortable/Post_Process/Walk_Comfortable1.csv,LD002,14,val
LD002,Session2,overground,walk,comfortable,Overground_Walk,Walk_Comfortable,C:/Users/KUBA/GitProjects/WKIRO-Project/data/LD002/Session2/Overground_Walk/Walk_Comfortable/Post_Process/Walk_Comfortable2.csv,LD002,14,train
LD002,Session2,overground,walk,comfortable,Overground_Walk,Walk_Comfortable,C:/Users/KUBA/GitProjects/WKIRO-Project/data/LD002/Session2/Overground_Walk/Walk_Comfortable/Post_Process/Walk_Comfortable3.csv,LD002,14,train
LD002,Session2,overground,walk,comfortable,Overground_Walk,Walk_Comfortable,C:/Users/KUBA/GitProjects/WKIRO-Project/data/LD002/Session2/Overground_Walk/Walk_Comfortable/Post_Process/Walk_Comfortable4.csv,LD002,14,val
LD002,Session2,overground,walk,comfortable,Overground_Walk,Walk_Comfortable,C:/Users/KUBA/GitProjects/WKIRO-Project/data/LD002/Session2/Overground_Walk/Walk_Comfortable/Post_Process/Walk_Comfortable5.csv,LD002,14,train
LD002,Session2,overground,walk,comfortable,Overground_Walk,Walk_Comfortable,C:/Users/KUBA/GitProjects/WKIRO-Project/data/LD002/Session2/Overground_Walk/Walk_Comfortable/Post_Process/Walk_Comfortable6.csv,LD002,14,test
LD002,Session2,overground,walk,comfortable,Overground_Walk,Walk_Comfortable,C:/Users/KUBA/GitProjects/WKIRO-Project/data/LD002/Session2/Overground_Walk/Walk_Comfortable/Post_Process/Walk_Comfortable7.csv,LD002,14,train
LD002,Session2,overground,walk,fast,Overground_Walk,Walk_Fast,C:/Users/KUBA/GitProjects/WKIRO-Project/data/LD002/Session2/Overground_Walk/Walk_Fast/Post_Process/Walk_Fast1.csv,LD002,14,test
LD002,Session2,overground,walk,fast,Overground_Walk,Walk_Fast,C:/Users/KUBA/GitProjects/WKIRO-Project/data/LD002/Session2/Overground_Walk/Walk_Fast/Post_Process/Walk_Fast2.csv,LD002,14,train
LD002,Session2,overground,walk,fast,Overground_Walk,Walk_Fast,C:/Users/KUBA/GitProjects/WKIRO-Project/data/LD002/Session2/Overground_Walk/Walk_Fast/Post_Process/Walk_Fast3.csv,LD002,14,train
LD002,Session2,overground,walk,fast,Overground_Walk,Walk_Fast,C:/Users/KUBA/GitProjects/WKIRO-Project/data/LD002/Session2/Overground_Walk/Walk_Fast/Post_Process/Walk_Fast4.csv,LD002,14,train
LD002,Session2,overground,walk,fast,Overground_Walk,Walk_Fast,C:/Users/KUBA/GitProjects/WKIRO-Project/data/LD002/Session2/Overground_Walk/Walk_Fast/Post_Process/Walk_Fast5.csv,LD002,14,train
LD002,Session2,overground,walk,fast,Overground_Walk,Walk_Fast,C:/Users/KUBA/GitProjects/WKIRO-Project/data/LD002/Session2/Overground_Walk/Walk_Fast/Post_Process/Walk_Fast6.csv,LD002,14,test
LD002,Session2,overground,walk,slow,Overground_Walk,Walk_Slow,C:/Users/KUBA/GitProjects/WKIRO-Project/data/LD002/Session2/Overground_Walk/Walk_Slow/Post_Process/Walk_Slow1.csv,LD002,14,train
LD002,Session2,overground,walk,slow,Overground_Walk,Walk_Slow,C:/Users/KUBA/GitProjects/WKIRO-Project/data/LD002/Session2/Overground_Walk/Walk_Slow/Post_Process/Walk_Slow2.csv,LD002,14,train
LD002,Session2,overground,walk,slow,Overground_Walk,Walk_Slow,C:/Users/KUBA/GitProjects/WKIRO-Project/data/LD002/Session2/Overground_Walk/Walk_Slow/Post_Process/Walk_Slow3.csv,LD002,14,train
LD002,Session2,overground,walk,slow,Overground_Walk,Walk_Slow,C:/Users/KUBA/GitProjects/WKIRO-Project/data/LD002/Session2/Overground_Walk/Walk_Slow/Post_Process/Walk_Slow4.csv,LD002,14,train
LD002,Session2,overground,walk,slow,Overground_Walk,Walk_Slow,C:/Users/KUBA/GitProjects/WKIRO-Project/data/LD002/Session2/Overground_Walk/Walk_Slow/Post_Process/Walk_Slow5.csv,LD002,14,train
LD002,Session2,overground,walk,slow,Overground_Walk,Walk_Slow,C:/Users/KUBA/GitProjects/WKIRO-Project/data/LD002/Session2/Overground_Walk/Walk_Slow/Post_Process/Walk_Slow6.csv,LD002,14,val
LD002,Session2,treadmill,run,comfortable,Treadmill_Run,Treadmill_Run_Comfortable,C:/Users/KUBA/GitProjects/WKIRO-Project/data/LD002/Session2/Treadmill_Run/Treadmill_Run_Comfortable/Post_Process/Treadmill_Run_Comfortable.csv,LD002,14,train
LD002,Session2,treadmill,run,fast,Treadmill_Run,Treadmill_Run_Fast,C:/Users/KUBA/GitProjects/WKIRO-Project/data/LD002/Session2/Treadmill_Run/Treadmill_Run_Fast/Post_Process/Treadmill_Run_Fast.csv,LD002,14,test
LD002,Session2,treadmill,walk,comfortable,Treadmill_Walk,Treadmill_Walk_Comfortable,C:/Users/KUBA/GitProjects/WKIRO-Project/data/LD002/Session2/Treadmill_Walk/Treadmill_Walk_Comfortable/Post_Process/Treadmill_Walk_Comfortable.csv,LD002,14,test
LD002,Session2,treadmill,walk,fast,Treadmill_Walk,Treadmill_Walk_Fast,C:/Users/KUBA/GitProjects/WKIRO-Project/data/LD002/Session2/Treadmill_Walk/Treadmill_Walk_Fast/Post_Process/Treadmill_Walk_Fast.csv,LD002,14,test
LD002,Session2,treadmill,walk,slow,Treadmill_Walk,Treadmill_Walk_Slow,C:/Users/KUBA/GitProjects/WKIRO-Project/data/LD002/Session2/Treadmill_Walk/Treadmill_Walk_Slow/Post_Process/Treadmill_Walk_Slow.csv,LD002,14,train
LF003,Session1,overground,run,comfortable,Overground_Run,Run_Comfortable,C:/Users/KUBA/GitProjects/WKIRO-Project/data/LF003/Session1/Overground_Run/Run_Comfortable/Post_Process/Run_Comfortable1.csv,LF003,15,train
LF003,Session1,overground,run,comfortable,Overground_Run,Run_Comfortable,C:/Users/KUBA/GitProjects/WKIRO-Project/data/LF003/Session1/Overground_Run/Run_Comfortable/Post_Process/Run_Comfortable10.csv,LF003,15,test
LF003,Session1,overground,run,comfortable,Overground_Run,Run_Comfortable,C:/Users/KUBA/GitProjects/WKIRO-Project/data/LF003/Session1/Overground_Run/Run_Comfortable/Post_Process/Run_Comfortable11.csv,LF003,15,train
LF003,Session1,overground,run,comfortable,Overground_Run,Run_Comfortable,C:/Users/KUBA/GitProjects/WKIRO-Project/data/LF003/Session1/Overground_Run/Run_Comfortable/Post_Process/Run_Comfortable12.csv,LF003,15,train
LF003,Session1,overground,run,comfortable,Overground_Run,Run_Comfortable,C:/Users/KUBA/GitProjects/WKIRO-Project/data/LF003/Session1/Overground_Run/Run_Comfortable/Post_Process/Run_Comfortable13.csv,LF003,15,train
LF003,Session1,overground,run,comfortable,Overground_Run,Run_Comfortable,C:/Users/KUBA/GitProjects/WKIRO-Project/data/LF003/Session1/Overground_Run/Run_Comfortable/Post_Process/Run_Comfortable14.csv,LF003,15,train
LF003,Session1,overground,run,comfortable,Overground_Run,Run_Comfortable,C:/Users/KUBA/GitProjects/WKIRO-Project/data/LF003/Session1/Overground_Run/Run_Comfortable/Post_Process/Run_Comfortable15.csv,LF003,15,train
LF003,Session1,overground,run,comfortable,Overground_Run,Run_Comfortable,C:/Users/KUBA/GitProjects/WKIRO-Project/data/LF003/Session1/Overground_Run/Run_Comfortable/Post_Process/Run_Comfortable16.csv,LF003,15,train
LF003,Session1,overground,run,comfortable,Overground_Run,Run_Comfortable,C:/Users/KUBA/GitProjects/WKIRO-Project/data/LF003/Session1/Overground_Run/Run_Comfortable/Post_Process/Run_Comfortable2.csv,LF003,15,train
LF003,Session1,overground,run,comfortable,Overground_Run,Run_Comfortable,C:/Users/KUBA/GitProjects/WKIRO-Project/data/LF003/Session1/Overground_Run/Run_Comfortable/Post_Process/Run_Comfortable3.csv,LF003,15,train
LF003,Session1,overground,run,comfortable,Overground_Run,Run_Comfortable,C:/Users/KUBA/GitProjects/WKIRO-Project/data/LF003/Session1/Overground_Run/Run_Comfortable/Post_Process/Run_Comfortable4.csv,LF003,15,train
LF003,Session1,overground,run,comfortable,Overground_Run,Run_Comfortable,C:/Users/KUBA/GitProjects/WKIRO-Project/data/LF003/Session1/Overground_Run/Run_Comfortable/Post_Process/Run_Comfortable5.csv,LF003,15,train
LF003,Session1,overground,run,comfortable,Overground_Run,Run_Comfortable,C:/Users/KUBA/GitProjects/WKIRO-Project/data/LF003/Session1/Overground_Run/Run_Comfortable/Post_Process/Run_Comfortable6.csv,LF003,15,val
LF003,Session1,overground,run,comfortable,Overground_Run,Run_Comfortable,C:/Users/KUBA/GitProjects/WKIRO-Project/data/LF003/Session1/Overground_Run/Run_Comfortable/Post_Process/Run_Comfortable7.csv,LF003,15,val
LF003,Session1,overground,run,comfortable,Overground_Run,Run_Comfortable,C:/Users/KUBA/GitProjects/WKIRO-Project/data/LF003/Session1/Overground_Run/Run_Comfortable/Post_Process/Run_Comfortable8.csv,LF003,15,test
LF003,Session1,overground,run,comfortable,Overground_Run,Run_Comfortable,C:/Users/KUBA/GitProjects/WKIRO-Project/data/LF003/Session1/Overground_Run/Run_Comfortable/Post_Process/Run_Comfortable9.csv,LF003,15,train
LF003,Session1,overground,run,fast,Overground_Run,Run_Fast,C:/Users/KUBA/GitProjects/WKIRO-Project/data/LF003/Session1/Overground_Run/Run_Fast/Post_Process/Run_Fast1.csv,LF003,15,train
LF003,Session1,overground,run,fast,Overground_Run,Run_Fast,C:/Users/KUBA/GitProjects/WKIRO-Project/data/LF003/Session1/Overground_Run/Run_Fast/Post_Process/Run_Fast2.csv,LF003,15,val
LF003,Session1,overground,run,fast,Overground_Run,Run_Fast,C:/Users/KUBA/GitProjects/WKIRO-Project/data/LF003/Session1/Overground_Run/Run_Fast/Post_Process/Run_Fast3.csv,LF003,15,test
LF003,Session1,overground,run,fast,Overground_Run,Run_Fast,C:/Users/KUBA/GitProjects/WKIRO-Project/data/LF003/Session1/Overground_Run/Run_Fast/Post_Process/Run_Fast4.csv,LF003,15,train
LF003,Session1,overground,run,fast,Overground_Run,Run_Fast,C:/Users/KUBA/GitProjects/WKIRO-Project/data/LF003/Session1/Overground_Run/Run_Fast/Post_Process/Run_Fast5.csv,LF003,15,train
LF003,Session1,overground,run,fast,Overground_Run,Run_Fast,C:/Users/KUBA/GitProjects/WKIRO-Project/data/LF003/Session1/Overground_Run/Run_Fast/Post_Process/Run_Fast6.csv,LF003,15,val
LF003,Session1,overground,run,fast,Overground_Run,Run_Fast,C:/Users/KUBA/GitProjects/WKIRO-Project/data/LF003/Session1/Overground_Run/Run_Fast/Post_Process/Run_Fast7.csv,LF003,15,train
LF003,Session1,overground,run,fast,Overground_Run,Run_Fast,C:/Users/KUBA/GitProjects/WKIRO-Project/data/LF003/Session1/Overground_Run/Run_Fast/Post_Process/Run_Fast8.csv,LF003,15,test
LF003,Session1,overground,walk,comfortable,Overground_Walk,Walk_Comfortable,C:/Users/KUBA/GitProjects/WKIRO-Project/data/LF003/Session1/Overground_Walk/Walk_Comfortable/Post_Process/Walk_Comfortable1.csv,LF003,15,train
LF003,Session1,overground,walk,comfortable,Overground_Walk,Walk_Comfortable,C:/Users/KUBA/GitProjects/WKIRO-Project/data/LF003/Session1/Overground_Walk/Walk_Comfortable/Post_Process/Walk_Comfortable2.csv,LF003,15,train
LF003,Session1,overground,walk,comfortable,Overground_Walk,Walk_Comfortable,C:/Users/KUBA/GitProjects/WKIRO-Project/data/LF003/Session1/Overground_Walk/Walk_Comfortable/Post_Process/Walk_Comfortable3.csv,LF003,15,train
LF003,Session1,overground,walk,comfortable,Overground_Walk,Walk_Comfortable,C:/Users/KUBA/GitProjects/WKIRO-Project/data/LF003/Session1/Overground_Walk/Walk_Comfortable/Post_Process/Walk_Comfortable4.csv,LF003,15,train
LF003,Session1,overground,walk,comfortable,Overground_Walk,Walk_Comfortable,C:/Users/KUBA/GitProjects/WKIRO-Project/data/LF003/Session1/Overground_Walk/Walk_Comfortable/Post_Process/Walk_Comfortable5.csv,LF003,15,train
LF003,Session1,overground,walk,comfortable,Overground_Walk,Walk_Comfortable,C:/Users/KUBA/GitProjects/WKIRO-Project/data/LF003/Session1/Overground_Walk/Walk_Comfortable/Post_Process/Walk_Comfortable6.csv,LF003,15,train
LF003,Session1,overground,walk,fast,Overground_Walk,Walk_Fast,C:/Users/KUBA/GitProjects/WKIRO-Project/data/LF003/Session1/Overground_Walk/Walk_Fast/Post_Process/Walk_Fast1.csv,LF003,15,train
LF003,Session1,overground,walk,fast,Overground_Walk,Walk_Fast,C:/Users/KUBA/GitProjects/WKIRO-Project/data/LF003/Session1/Overground_Walk/Walk_Fast/Post_Process/Walk_Fast10.csv,LF003,15,train
LF003,Session1,overground,walk,fast,Overground_Walk,Walk_Fast,C:/Users/KUBA/GitProjects/WKIRO-Project/data/LF003/Session1/Overground_Walk/Walk_Fast/Post_Process/Walk_Fast11.csv,LF003,15,train
LF003,Session1,overground,walk,fast,Overground_Walk,Walk_Fast,C:/Users/KUBA/GitProjects/WKIRO-Project/data/LF003/Session1/Overground_Walk/Walk_Fast/Post_Process/Walk_Fast12.csv,LF003,15,train
LF003,Session1,overground,walk,fast,Overground_Walk,Walk_Fast,C:/Users/KUBA/GitProjects/WKIRO-Project/data/LF003/Session1/Overground_Walk/Walk_Fast/Post_Process/Walk_Fast2.csv,LF003,15,train
LF003,Session1,overground,walk,fast,Overground_Walk,Walk_Fast,C:/Users/KUBA/GitProjects/WKIRO-Project/data/LF003/Session1/Overground_Walk/Walk_Fast/Post_Process/Walk_Fast3.csv,LF003,15,test
LF003,Session1,overground,walk,fast,Overground_Walk,Walk_Fast,C:/Users/KUBA/GitProjects/WKIRO-Project/data/LF003/Session1/Overground_Walk/Walk_Fast/Post_Process/Walk_Fast4.csv,LF003,15,test
LF003,Session1,overground,walk,fast,Overground_Walk,Walk_Fast,C:/Users/KUBA/GitProjects/WKIRO-Project/data/LF003/Session1/Overground_Walk/Walk_Fast/Post_Process/Walk_Fast5.csv,LF003,15,train
LF003,Session1,overground,walk,fast,Overground_Walk,Walk_Fast,C:/Users/KUBA/GitProjects/WKIRO-Project/data/LF003/Session1/Overground_Walk/Walk_Fast/Post_Process/Walk_Fast6.csv,LF003,15,val
LF003,Session1,overground,walk,fast,Overground_Walk,Walk_Fast,C:/Users/KUBA/GitProjects/WKIRO-Project/data/LF003/Session1/Overground_Walk/Walk_Fast/Post_Process/Walk_Fast7.csv,LF003,15,train
LF003,Session1,overground,walk,fast,Overground_Walk,Walk_Fast,C:/Users/KUBA/GitProjects/WKIRO-Project/data/LF003/Session1/Overground_Walk/Walk_Fast/Post_Process/Walk_Fast8.csv,LF003,15,train
LF003,Session1,overground,walk,fast,Overground_Walk,Walk_Fast,C:/Users/KUBA/GitProjects/WKIRO-Project/data/LF003/Session1/Overground_Walk/Walk_Fast/Post_Process/Walk_Fast9.csv,LF003,15,test
LF003,Session1,overground,walk,slow,Overground_Walk,Walk_Slow,C:/Users/KUBA/GitProjects/WKIRO-Project/data/LF003/Session1/Overground_Walk/Walk_Slow/Post_Process/Walk_Slow1.csv,LF003,15,val
LF003,Session1,overground,walk,slow,Overground_Walk,Walk_Slow,C:/Users/KUBA/GitProjects/WKIRO-Project/data/LF003/Session1/Overground_Walk/Walk_Slow/Post_Process/Walk_Slow2.csv,LF003,15,train
LF003,Session1,overground,walk,slow,Overground_Walk,Walk_Slow,C:/Users/KUBA/GitProjects/WKIRO-Project/data/LF003/Session1/Overground_Walk/Walk_Slow/Post_Process/Walk_Slow3.csv,LF003,15,val
LF003,Session1,overground,walk,slow,Overground_Walk,Walk_Slow,C:/Users/KUBA/GitProjects/WKIRO-Project/data/LF003/Session1/Overground_Walk/Walk_Slow/Post_Process/Walk_Slow4.csv,LF003,15,train
LF003,Session1,overground,walk,slow,Overground_Walk,Walk_Slow,C:/Users/KUBA/GitProjects/WKIRO-Project/data/LF003/Session1/Overground_Walk/Walk_Slow/Post_Process/Walk_Slow5.csv,LF003,15,test
LF003,Session1,overground,walk,slow,Overground_Walk,Walk_Slow,C:/Users/KUBA/GitProjects/WKIRO-Project/data/LF003/Session1/Overground_Walk/Walk_Slow/Post_Process/Walk_Slow6.csv,LF003,15,train
LF003,Session1,treadmill,run,comfortable,Treadmill_Run,Treadmill_Run_Comfortable,C:/Users/KUBA/GitProjects/WKIRO-Project/data/LF003/Session1/Treadmill_Run/Treadmill_Run_Comfortable/Post_Process/Treadmill_Run_Comfortable.csv,LF003,15,train
LF003,Session1,treadmill,run,fast,Treadmill_Run,Treadmill_Run_Fast,C:/Users/KUBA/GitProjects/WKIRO-Project/data/LF003/Session1/Treadmill_Run/Treadmill_Run_Fast/Post_Process/Treadmill_Run_Fast.csv,LF003,15,train
LF003,Session1,treadmill,walk,comfortable,Treadmill_Walk,Treadmill_Walk_Comfortable,C:/Users/KUBA/GitProjects/WKIRO-Project/data/LF003/Session1/Treadmill_Walk/Treadmill_Walk_Comfortable/Post_Process/Treadmill_Walk_Comfortable.csv,LF003,15,test
LF003,Session1,treadmill,walk,fast,Treadmill_Walk,Treadmill_Walk_Fast,C:/Users/KUBA/GitProjects/WKIRO-Project/data/LF003/Session1/Treadmill_Walk/Treadmill_Walk_Fast/Post_Process/Treadmill_Walk_Fast.csv,LF003,15,test
LF003,Session1,treadmill,walk,slow,Treadmill_Walk,Treadmill_Walk_Slow,C:/Users/KUBA/GitProjects/WKIRO-Project/data/LF003/Session1/Treadmill_Walk/Treadmill_Walk_Slow/Post_Process/Treadmill_Walk_Slow.csv,LF003,15,train
LF003,Session2,overground,run,comfortable,Overground_Run,Run_Comfortable,C:/Users/KUBA/GitProjects/WKIRO-Project/data/LF003/Session2/Overground_Run/Run_Comfortable/Post_Process/Run_Comfortable1.csv,LF003,15,val
LF003,Session2,overground,run,comfortable,Overground_Run,Run_Comfortable,C:/Users/KUBA/GitProjects/WKIRO-Project/data/LF003/Session2/Overground_Run/Run_Comfortable/Post_Process/Run_Comfortable10.csv,LF003,15,train
LF003,Session2,overground,run,comfortable,Overground_Run,Run_Comfortable,C:/Users/KUBA/GitProjects/WKIRO-Project/data/LF003/Session2/Overground_Run/Run_Comfortable/Post_Process/Run_Comfortable11.csv,LF003,15,val
LF003,Session2,overground,run,comfortable,Overground_Run,Run_Comfortable,C:/Users/KUBA/GitProjects/WKIRO-Project/data/LF003/Session2/Overground_Run/Run_Comfortable/Post_Process/Run_Comfortable12.csv,LF003,15,val
LF003,Session2,overground,run,comfortable,Overground_Run,Run_Comfortable,C:/Users/KUBA/GitProjects/WKIRO-Project/data/LF003/Session2/Overground_Run/Run_Comfortable/Post_Process/Run_Comfortable2.csv,LF003,15,train
LF003,Session2,overground,run,comfortable,Overground_Run,Run_Comfortable,C:/Users/KUBA/GitProjects/WKIRO-Project/data/LF003/Session2/Overground_Run/Run_Comfortable/Post_Process/Run_Comfortable3.csv,LF003,15,train
LF003,Session2,overground,run,comfortable,Overground_Run,Run_Comfortable,C:/Users/KUBA/GitProjects/WKIRO-Project/data/LF003/Session2/Overground_Run/Run_Comfortable/Post_Process/Run_Comfortable4.csv,LF003,15,train
LF003,Session2,overground,run,comfortable,Overground_Run,Run_Comfortable,C:/Users/KUBA/GitProjects/WKIRO-Project/data/LF003/Session2/Overground_Run/Run_Comfortable/Post_Process/Run_Comfortable5.csv,LF003,15,train
LF003,Session2,overground,run,comfortable,Overground_Run,Run_Comfortable,C:/Users/KUBA/GitProjects/WKIRO-Project/data/LF003/Session2/Overground_Run/Run_Comfortable/Post_Process/Run_Comfortable6.csv,LF003,15,test
LF003,Session2,overground,run,comfortable,Overground_Run,Run_Comfortable,C:/Users/KUBA/GitProjects/WKIRO-Project/data/LF003/Session2/Overground_Run/Run_Comfortable/Post_Process/Run_Comfortable7.csv,LF003,15,train
LF003,Session2,overground,run,comfortable,Overground_Run,Run_Comfortable,C:/Users/KUBA/GitProjects/WKIRO-Project/data/LF003/Session2/Overground_Run/Run_Comfortable/Post_Process/Run_Comfortable8.csv,LF003,15,train
LF003,Session2,overground,run,comfortable,Overground_Run,Run_Comfortable,C:/Users/KUBA/GitProjects/WKIRO-Project/data/LF003/Session2/Overground_Run/Run_Comfortable/Post_Process/Run_Comfortable9.csv,LF003,15,train
LF003,Session2,overground,run,fast,Overground_Run,Run_Fast,C:/Users/KUBA/GitProjects/WKIRO-Project/data/LF003/Session2/Overground_Run/Run_Fast/Post_Process/Run_Fast1.csv,LF003,15,train
LF003,Session2,overground,run,fast,Overground_Run,Run_Fast,C:/Users/KUBA/GitProjects/WKIRO-Project/data/LF003/Session2/Overground_Run/Run_Fast/Post_Process/Run_Fast10.csv,LF003,15,train
LF003,Session2,overground,run,fast,Overground_Run,Run_Fast,C:/Users/KUBA/GitProjects/WKIRO-Project/data/LF003/Session2/Overground_Run/Run_Fast/Post_Process/Run_Fast11.csv,LF003,15,test
LF003,Session2,overground,run,fast,Overground_Run,Run_Fast,C:/Users/KUBA/GitProjects/WKIRO-Project/data/LF003/Session2/Overground_Run/Run_Fast/Post_Process/Run_Fast12.csv,LF003,15,train
LF003,Session2,overground,run,fast,Overground_Run,Run_Fast,C:/Users/KUBA/GitProjects/WKIRO-Project/data/LF003/Session2/Overground_Run/Run_Fast/Post_Process/Run_Fast13.csv,LF003,15,train
LF003,Session2,overground,run,fast,Overground_Run,Run_Fast,C:/Users/KUBA/GitProjects/WKIRO-Project/data/LF003/Session2/Overground_Run/Run_Fast/Post_Process/Run_Fast14.csv,LF003,15,train
LF003,Session2,overground,run,fast,Overground_Run,Run_Fast,C:/Users/KUBA/GitProjects/WKIRO-Project/data/LF003/Session2/Overground_Run/Run_Fast/Post_Process/Run_Fast2.csv,LF003,15,train
LF003,Session2,overground,run,fast,Overground_Run,Run_Fast,C:/Users/KUBA/GitProjects/WKIRO-Project/data/LF003/Session2/Overground_Run/Run_Fast/Post_Process/Run_Fast3.csv,LF003,15,train
LF003,Session2,overground,run,fast,Overground_Run,Run_Fast,C:/Users/KUBA/GitProjects/WKIRO-Project/data/LF003/Session2/Overground_Run/Run_Fast/Post_Process/Run_Fast4.csv,LF003,15,train
LF003,Session2,overground,run,fast,Overground_Run,Run_Fast,C:/Users/KUBA/GitProjects/WKIRO-Project/data/LF003/Session2/Overground_Run/Run_Fast/Post_Process/Run_Fast5.csv,LF003,15,train
LF003,Session2,overground,run,fast,Overground_Run,Run_Fast,C:/Users/KUBA/GitProjects/WKIRO-Project/data/LF003/Session2/Overground_Run/Run_Fast/Post_Process/Run_Fast6.csv,LF003,15,val
LF003,Session2,overground,run,fast,Overground_Run,Run_Fast,C:/Users/KUBA/GitProjects/WKIRO-Project/data/LF003/Session2/Overground_Run/Run_Fast/Post_Process/Run_Fast7.csv,LF003,15,test
LF003,Session2,overground,run,fast,Overground_Run,Run_Fast,C:/Users/KUBA/GitProjects/WKIRO-Project/data/LF003/Session2/Overground_Run/Run_Fast/Post_Process/Run_Fast8.csv,LF003,15,train
LF003,Session2,overground,run,fast,Overground_Run,Run_Fast,C:/Users/KUBA/GitProjects/WKIRO-Project/data/LF003/Session2/Overground_Run/Run_Fast/Post_Process/Run_Fast9.csv,LF003,15,train
LF003,Session2,overground,walk,comfortable,Overground_Walk,Walk_Comfortable,C:/Users/KUBA/GitProjects/WKIRO-Project/data/LF003/Session2/Overground_Walk/Walk_Comfortable/Post_Process/Walk_Comfortable1.csv,LF003,15,train
LF003,Session2,overground,walk,comfortable,Overground_Walk,Walk_Comfortable,C:/Users/KUBA/GitProjects/WKIRO-Project/data/LF003/Session2/Overground_Walk/Walk_Comfortable/Post_Process/Walk_Comfortable10.csv,LF003,15,val
LF003,Session2,overground,walk,comfortable,Overground_Walk,Walk_Comfortable,C:/Users/KUBA/GitProjects/WKIRO-Project/data/LF003/Session2/Overground_Walk/Walk_Comfortable/Post_Process/Walk_Comfortable2.csv,LF003,15,train
LF003,Session2,overground,walk,comfortable,Overground_Walk,Walk_Comfortable,C:/Users/KUBA/GitProjects/WKIRO-Project/data/LF003/Session2/Overground_Walk/Walk_Comfortable/Post_Process/Walk_Comfortable3.csv,LF003,15,train
LF003,Session2,overground,walk,comfortable,Overground_Walk,Walk_Comfortable,C:/Users/KUBA/GitProjects/WKIRO-Project/data/LF003/Session2/Overground_Walk/Walk_Comfortable/Post_Process/Walk_Comfortable4.csv,LF003,15,train
LF003,Session2,overground,walk,comfortable,Overground_Walk,Walk_Comfortable,C:/Users/KUBA/GitProjects/WKIRO-Project/data/LF003/Session2/Overground_Walk/Walk_Comfortable/Post_Process/Walk_Comfortable5.csv,LF003,15,train
LF003,Session2,overground,walk,comfortable,Overground_Walk,Walk_Comfortable,C:/Users/KUBA/GitProjects/WKIRO-Project/data/LF003/Session2/Overground_Walk/Walk_Comfortable/Post_Process/Walk_Comfortable6.csv,LF003,15,train
LF003,Session2,overground,walk,comfortable,Overground_Walk,Walk_Comfortable,C:/Users/KUBA/GitProjects/WKIRO-Project/data/LF003/Session2/Overground_Walk/Walk_Comfortable/Post_Process/Walk_Comfortable7.csv,LF003,15,train
LF003,Session2,overground,walk,comfortable,Overground_Walk,Walk_Comfortable,C:/Users/KUBA/GitProjects/WKIRO-Project/data/LF003/Session2/Overground_Walk/Walk_Comfortable/Post_Process/Walk_Comfortable8.csv,LF003,15,train
LF003,Session2,overground,walk,comfortable,Overground_Walk,Walk_Comfortable,C:/Users/KUBA/GitProjects/WKIRO-Project/data/LF003/Session2/Overground_Walk/Walk_Comfortable/Post_Process/Walk_Comfortable9.csv,LF003,15,val
LF003,Session2,overground,walk,fast,Overground_Walk,Walk_Fast,C:/Users/KUBA/GitProjects/WKIRO-Project/data/LF003/Session2/Overground_Walk/Walk_Fast/Post_Process/Walk_Fast1.csv,LF003,15,train
LF003,Session2,overground,walk,fast,Overground_Walk,Walk_Fast,C:/Users/KUBA/GitProjects/WKIRO-Project/data/LF003/Session2/Overground_Walk/Walk_Fast/Post_Process/Walk_Fast10.csv,LF003,15,test
LF003,Session2,overground,walk,fast,Overground_Walk,Walk_Fast,C:/Users/KUBA/GitProjects/WKIRO-Project/data/LF003/Session2/Overground_Walk/Walk_Fast/Post_Process/Walk_Fast11.csv,LF003,15,train
LF003,Session2,overground,walk,fast,Overground_Walk,Walk_Fast,C:/Users/KUBA/GitProjects/WKIRO-Project/data/LF003/Session2/Overground_Walk/Walk_Fast/Post_Process/Walk_Fast12.csv,LF003,15,val
LF003,Session2,overground,walk,fast,Overground_Walk,Walk_Fast,C:/Users/KUBA/GitProjects/WKIRO-Project/data/LF003/Session2/Overground_Walk/Walk_Fast/Post_Process/Walk_Fast2.csv,LF003,15,train
LF003,Session2,overground,walk,fast,Overground_Walk,Walk_Fast,C:/Users/KUBA/GitProjects/WKIRO-Project/data/LF003/Session2/Overground_Walk/Walk_Fast/Post_Process/Walk_Fast3.csv,LF003,15,train
LF003,Session2,overground,walk,fast,Overground_Walk,Walk_Fast,C:/Users/KUBA/GitProjects/WKIRO-Project/data/LF003/Session2/Overground_Walk/Walk_Fast/Post_Process/Walk_Fast4.csv,LF003,15,train
LF003,Session2,overground,walk,fast,Overground_Walk,Walk_Fast,C:/Users/KUBA/GitProjects/WKIRO-Project/data/LF003/Session2/Overground_Walk/Walk_Fast/Post_Process/Walk_Fast5.csv,LF003,15,train
LF003,Session2,overground,walk,fast,Overground_Walk,Walk_Fast,C:/Users/KUBA/GitProjects/WKIRO-Project/data/LF003/Session2/Overground_Walk/Walk_Fast/Post_Process/Walk_Fast6.csv,LF003,15,train
LF003,Session2,overground,walk,fast,Overground_Walk,Walk_Fast,C:/Users/KUBA/GitProjects/WKIRO-Project/data/LF003/Session2/Overground_Walk/Walk_Fast/Post_Process/Walk_Fast7.csv,LF003,15,train
LF003,Session2,overground,walk,fast,Overground_Walk,Walk_Fast,C:/Users/KUBA/GitProjects/WKIRO-Project/data/LF003/Session2/Overground_Walk/Walk_Fast/Post_Process/Walk_Fast8.csv,LF003,15,train
LF003,Session2,overground,walk,fast,Overground_Walk,Walk_Fast,C:/Users/KUBA/GitProjects/WKIRO-Project/data/LF003/Session2/Overground_Walk/Walk_Fast/Post_Process/Walk_Fast9.csv,LF003,15,val
LF003,Session2,overground,walk,slow,Overground_Walk,Walk_Slow,C:/Users/KUBA/GitProjects/WKIRO-Project/data/LF003/Session2/Overground_Walk/Walk_Slow/Post_Process/Walk_Slow1.csv,LF003,15,train
LF003,Session2,overground,walk,slow,Overground_Walk,Walk_Slow,C:/Users/KUBA/GitProjects/WKIRO-Project/data/LF003/Session2/Overground_Walk/Walk_Slow/Post_Process/Walk_Slow2.csv,LF003,15,test
LF003,Session2,overground,walk,slow,Overground_Walk,Walk_Slow,C:/Users/KUBA/GitProjects/WKIRO-Project/data/LF003/Session2/Overground_Walk/Walk_Slow/Post_Process/Walk_Slow3.csv,LF003,15,val
LF003,Session2,overground,walk,slow,Overground_Walk,Walk_Slow,C:/Users/KUBA/GitProjects/WKIRO-Project/data/LF003/Session2/Overground_Walk/Walk_Slow/Post_Process/Walk_Slow4.csv,LF003,15,train
LF003,Session2,treadmill,run,comfortable,Treadmill_Run,Treadmill_Run_Comfortable,C:/Users/KUBA/GitProjects/WKIRO-Project/data/LF003/Session2/Treadmill_Run/Treadmill_Run_Comfortable/Post_Process/Treadmill_Run_Comfortable.csv,LF003,15,test
LF003,Session2,treadmill,run,fast,Treadmill_Run,Treadmill_Run_Fast,C:/Users/KUBA/GitProjects/WKIRO-Project/data/LF003/Session2/Treadmill_Run/Treadmill_Run_Fast/Post_Process/Treadmill_Run_Fast.csv,LF003,15,train
LF003,Session2,treadmill,walk,comfortable,Treadmill_Walk,Treadmill_Walk_Comfortable,C:/Users/KUBA/GitProjects/WKIRO-Project/data/LF003/Session2/Treadmill_Walk/Treadmill_Walk_Comfortable/Post_Process/Treadmill_Walk_Comfortable.csv,LF003,15,val
LF003,Session2,treadmill,walk,fast,Treadmill_Walk,Treadmill_Walk_Fast,C:/Users/KUBA/GitProjects/WKIRO-Project/data/LF003/Session2/Treadmill_Walk/Treadmill_Walk_Fast/Post_Process/Treadmill_Walk_Fast.csv,LF003,15,train
LF003,Session2,treadmill,walk,slow,Treadmill_Walk,Treadmill_Walk_Slow,C:/Users/KUBA/GitProjects/WKIRO-Project/data/LF003/Session2/Treadmill_Walk/Treadmill_Walk_Slow/Post_Process/Treadmill_Walk_Slow.csv,LF003,15,train
LL011,Session1,overground,run,comfortable,Overground_Run,Run_Comfortable,C:/Users/KUBA/GitProjects/WKIRO-Project/data/LL011/Session1/Overground_Run/Run_Comfortable/Post_Process/Run_Comfortable1.csv,LL011,16,val
LL011,Session1,overground,run,comfortable,Overground_Run,Run_Comfortable,C:/Users/KUBA/GitProjects/WKIRO-Project/data/LL011/Session1/Overground_Run/Run_Comfortable/Post_Process/Run_Comfortable10.csv,LL011,16,val
LL011,Session1,overground,run,comfortable,Overground_Run,Run_Comfortable,C:/Users/KUBA/GitProjects/WKIRO-Project/data/LL011/Session1/Overground_Run/Run_Comfortable/Post_Process/Run_Comfortable2.csv,LL011,16,test
LL011,Session1,overground,run,comfortable,Overground_Run,Run_Comfortable,C:/Users/KUBA/GitProjects/WKIRO-Project/data/LL011/Session1/Overground_Run/Run_Comfortable/Post_Process/Run_Comfortable3.csv,LL011,16,train
LL011,Session1,overground,run,comfortable,Overground_Run,Run_Comfortable,C:/Users/KUBA/GitProjects/WKIRO-Project/data/LL011/Session1/Overground_Run/Run_Comfortable/Post_Process/Run_Comfortable4.csv,LL011,16,val
LL011,Session1,overground,run,comfortable,Overground_Run,Run_Comfortable,C:/Users/KUBA/GitProjects/WKIRO-Project/data/LL011/Session1/Overground_Run/Run_Comfortable/Post_Process/Run_Comfortable5.csv,LL011,16,train
LL011,Session1,overground,run,comfortable,Overground_Run,Run_Comfortable,C:/Users/KUBA/GitProjects/WKIRO-Project/data/LL011/Session1/Overground_Run/Run_Comfortable/Post_Process/Run_Comfortable6.csv,LL011,16,train
LL011,Session1,overground,run,comfortable,Overground_Run,Run_Comfortable,C:/Users/KUBA/GitProjects/WKIRO-Project/data/LL011/Session1/Overground_Run/Run_Comfortable/Post_Process/Run_Comfortable7.csv,LL011,16,train
LL011,Session1,overground,run,comfortable,Overground_Run,Run_Comfortable,C:/Users/KUBA/GitProjects/WKIRO-Project/data/LL011/Session1/Overground_Run/Run_Comfortable/Post_Process/Run_Comfortable8.csv,LL011,16,train
LL011,Session1,overground,run,comfortable,Overground_Run,Run_Comfortable,C:/Users/KUBA/GitProjects/WKIRO-Project/data/LL011/Session1/Overground_Run/Run_Comfortable/Post_Process/Run_Comfortable9.csv,LL011,16,test
LL011,Session1,overground,run,fast,Overground_Run,Run_Fast,C:/Users/KUBA/GitProjects/WKIRO-Project/data/LL011/Session1/Overground_Run/Run_Fast/Post_Process/Run_Fast1.csv,LL011,16,train
LL011,Session1,overground,run,fast,Overground_Run,Run_Fast,C:/Users/KUBA/GitProjects/WKIRO-Project/data/LL011/Session1/Overground_Run/Run_Fast/Post_Process/Run_Fast2.csv,LL011,16,train
LL011,Session1,overground,run,fast,Overground_Run,Run_Fast,C:/Users/KUBA/GitProjects/WKIRO-Project/data/LL011/Session1/Overground_Run/Run_Fast/Post_Process/Run_Fast3.csv,LL011,16,train
LL011,Session1,overground,run,fast,Overground_Run,Run_Fast,C:/Users/KUBA/GitProjects/WKIRO-Project/data/LL011/Session1/Overground_Run/Run_Fast/Post_Process/Run_Fast4.csv,LL011,16,test
LL011,Session1,overground,run,fast,Overground_Run,Run_Fast,C:/Users/KUBA/GitProjects/WKIRO-Project/data/LL011/Session1/Overground_Run/Run_Fast/Post_Process/Run_Fast5.csv,LL011,16,test
LL011,Session1,overground,run,fast,Overground_Run,Run_Fast,C:/Users/KUBA/GitProjects/WKIRO-Project/data/LL011/Session1/Overground_Run/Run_Fast/Post_Process/Run_Fast6.csv,LL011,16,val
LL011,Session1,overground,walk,comfortable,Overground_Walk,Walk_Comfortable,C:/Users/KUBA/GitProjects/WKIRO-Project/data/LL011/Session1/Overground_Walk/Walk_Comfortable/Post_Process/Walk_Comfortable1.csv,LL011,16,val
LL011,Session1,overground,walk,comfortable,Overground_Walk,Walk_Comfortable,C:/Users/KUBA/GitProjects/WKIRO-Project/data/LL011/Session1/Overground_Walk/Walk_Comfortable/Post_Process/Walk_Comfortable10.csv,LL011,16,train
LL011,Session1,overground,walk,comfortable,Overground_Walk,Walk_Comfortable,C:/Users/KUBA/GitProjects/WKIRO-Project/data/LL011/Session1/Overground_Walk/Walk_Comfortable/Post_Process/Walk_Comfortable11.csv,LL011,16,val
LL011,Session1,overground,walk,comfortable,Overground_Walk,Walk_Comfortable,C:/Users/KUBA/GitProjects/WKIRO-Project/data/LL011/Session1/Overground_Walk/Walk_Comfortable/Post_Process/Walk_Comfortable12.csv,LL011,16,train
LL011,Session1,overground,walk,comfortable,Overground_Walk,Walk_Comfortable,C:/Users/KUBA/GitProjects/WKIRO-Project/data/LL011/Session1/Overground_Walk/Walk_Comfortable/Post_Process/Walk_Comfortable13.csv,LL011,16,train
LL011,Session1,overground,walk,comfortable,Overground_Walk,Walk_Comfortable,C:/Users/KUBA/GitProjects/WKIRO-Project/data/LL011/Session1/Overground_Walk/Walk_Comfortable/Post_Process/Walk_Comfortable14.csv,LL011,16,test
LL011,Session1,overground,walk,comfortable,Overground_Walk,Walk_Comfortable,C:/Users/KUBA/GitProjects/WKIRO-Project/data/LL011/Session1/Overground_Walk/Walk_Comfortable/Post_Process/Walk_Comfortable15.csv,LL011,16,test
LL011,Session1,overground,walk,comfortable,Overground_Walk,Walk_Comfortable,C:/Users/KUBA/GitProjects/WKIRO-Project/data/LL011/Session1/Overground_Walk/Walk_Comfortable/Post_Process/Walk_Comfortable16.csv,LL011,16,train
LL011,Session1,overground,walk,comfortable,Overground_Walk,Walk_Comfortable,C:/Users/KUBA/GitProjects/WKIRO-Project/data/LL011/Session1/Overground_Walk/Walk_Comfortable/Post_Process/Walk_Comfortable17.csv,LL011,16,train
LL011,Session1,overground,walk,comfortable,Overground_Walk,Walk_Comfortable,C:/Users/KUBA/GitProjects/WKIRO-Project/data/LL011/Session1/Overground_Walk/Walk_Comfortable/Post_Process/Walk_Comfortable18.csv,LL011,16,val
LL011,Session1,overground,walk,comfortable,Overground_Walk,Walk_Comfortable,C:/Users/KUBA/GitProjects/WKIRO-Project/data/LL011/Session1/Overground_Walk/Walk_Comfortable/Post_Process/Walk_Comfortable19.csv,LL011,16,train
LL011,Session1,overground,walk,comfortable,Overground_Walk,Walk_Comfortable,C:/Users/KUBA/GitProjects/WKIRO-Project/data/LL011/Session1/Overground_Walk/Walk_Comfortable/Post_Process/Walk_Comfortable2.csv,LL011,16,train
LL011,Session1,overground,walk,comfortable,Overground_Walk,Walk_Comfortable,C:/Users/KUBA/GitProjects/WKIRO-Project/data/LL011/Session1/Overground_Walk/Walk_Comfortable/Post_Process/Walk_Comfortable20.csv,LL011,16,train
LL011,Session1,overground,walk,comfortable,Overground_Walk,Walk_Comfortable,C:/Users/KUBA/GitProjects/WKIRO-Project/data/LL011/Session1/Overground_Walk/Walk_Comfortable/Post_Process/Walk_Comfortable21.csv,LL011,16,train
LL011,Session1,overground,walk,comfortable,Overground_Walk,Walk_Comfortable,C:/Users/KUBA/GitProjects/WKIRO-Project/data/LL011/Session1/Overground_Walk/Walk_Comfortable/Post_Process/Walk_Comfortable22.csv,LL011,16,train
LL011,Session1,overground,walk,comfortable,Overground_Walk,Walk_Comfortable,C:/Users/KUBA/GitProjects/WKIRO-Project/data/LL011/Session1/Overground_Walk/Walk_Comfortable/Post_Process/Walk_Comfortable3.csv,LL011,16,test
LL011,Session1,overground,walk,comfortable,Overground_Walk,Walk_Comfortable,C:/Users/KUBA/GitProjects/WKIRO-Project/data/LL011/Session1/Overground_Walk/Walk_Comfortable/Post_Process/Walk_Comfortable4.csv,LL011,16,train
LL011,Session1,overground,walk,comfortable,Overground_Walk,Walk_Comfortable,C:/Users/KUBA/GitProjects/WKIRO-Project/data/LL011/Session1/Overground_Walk/Walk_Comfortable/Post_Process/Walk_Comfortable5.csv,LL011,16,train
LL011,Session1,overground,walk,comfortable,Overground_Walk,Walk_Comfortable,C:/Users/KUBA/GitProjects/WKIRO-Project/data/LL011/Session1/Overground_Walk/Walk_Comfortable/Post_Process/Walk_Comfortable6.csv,LL011,16,train
LL011,Session1,overground,walk,comfortable,Overground_Walk,Walk_Comfortable,C:/Users/KUBA/GitProjects/WKIRO-Project/data/LL011/Session1/Overground_Walk/Walk_Comfortable/Post_Process/Walk_Comfortable7.csv,LL011,16,train
LL011,Session1,overground,walk,comfortable,Overground_Walk,Walk_Comfortable,C:/Users/KUBA/GitProjects/WKIRO-Project/data/LL011/Session1/Overground_Walk/Walk_Comfortable/Post_Process/Walk_Comfortable8.csv,LL011,16,train
LL011,Session1,overground,walk,comfortable,Overground_Walk,Walk_Comfortable,C:/Users/KUBA/GitProjects/WKIRO-Project/data/LL011/Session1/Overground_Walk/Walk_Comfortable/Post_Process/Walk_Comfortable9.csv,LL011,16,test
LL011,Session1,overground,walk,fast,Overground_Walk,Walk_Fast,C:/Users/KUBA/GitProjects/WKIRO-Project/data/LL011/Session1/Overground_Walk/Walk_Fast/Post_Process/Walk_Fast1.csv,LL011,16,train
LL011,Session1,overground,walk,fast,Overground_Walk,Walk_Fast,C:/Users/KUBA/GitProjects/WKIRO-Project/data/LL011/Session1/Overground_Walk/Walk_Fast/Post_Process/Walk_Fast10.csv,LL011,16,train
LL011,Session1,overground,walk,fast,Overground_Walk,Walk_Fast,C:/Users/KUBA/GitProjects/WKIRO-Project/data/LL011/Session1/Overground_Walk/Walk_Fast/Post_Process/Walk_Fast2.csv,LL011,16,train
LL011,Session1,overground,walk,fast,Overground_Walk,Walk_Fast,C:/Users/KUBA/GitProjects/WKIRO-Project/data/LL011/Session1/Overground_Walk/Walk_Fast/Post_Process/Walk_Fast3.csv,LL011,16,train
LL011,Session1,overground,walk,fast,Overground_Walk,Walk_Fast,C:/Users/KUBA/GitProjects/WKIRO-Project/data/LL011/Session1/Overground_Walk/Walk_Fast/Post_Process/Walk_Fast4.csv,LL011,16,train
LL011,Session1,overground,walk,fast,Overground_Walk,Walk_Fast,C:/Users/KUBA/GitProjects/WKIRO-Project/data/LL011/Session1/Overground_Walk/Walk_Fast/Post_Process/Walk_Fast5.csv,LL011,16,train
LL011,Session1,overground,walk,fast,Overground_Walk,Walk_Fast,C:/Users/KUBA/GitProjects/WKIRO-Project/data/LL011/Session1/Overground_Walk/Walk_Fast/Post_Process/Walk_Fast6.csv,LL011,16,train
LL011,Session1,overground,walk,fast,Overground_Walk,Walk_Fast,C:/Users/KUBA/GitProjects/WKIRO-Project/data/LL011/Session1/Overground_Walk/Walk_Fast/Post_Process/Walk_Fast7.csv,LL011,16,train
LL011,Session1,overground,walk,fast,Overground_Walk,Walk_Fast,C:/Users/KUBA/GitProjects/WKIRO-Project/data/LL011/Session1/Overground_Walk/Walk_Fast/Post_Process/Walk_Fast8.csv,LL011,16,train
LL011,Session1,overground,walk,fast,Overground_Walk,Walk_Fast,C:/Users/KUBA/GitProjects/WKIRO-Project/data/LL011/Session1/Overground_Walk/Walk_Fast/Post_Process/Walk_Fast9.csv,LL011,16,train
LL011,Session1,overground,walk,slow,Overground_Walk,Walk_Slow,C:/Users/KUBA/GitProjects/WKIRO-Project/data/LL011/Session1/Overground_Walk/Walk_Slow/Post_Process/Walk_Slow1.csv,LL011,16,train
LL011,Session1,overground,walk,slow,Overground_Walk,Walk_Slow,C:/Users/KUBA/GitProjects/WKIRO-Project/data/LL011/Session1/Overground_Walk/Walk_Slow/Post_Process/Walk_Slow2.csv,LL011,16,train
LL011,Session1,overground,walk,slow,Overground_Walk,Walk_Slow,C:/Users/KUBA/GitProjects/WKIRO-Project/data/LL011/Session1/Overground_Walk/Walk_Slow/Post_Process/Walk_Slow3.csv,LL011,16,train
LL011,Session1,overground,walk,slow,Overground_Walk,Walk_Slow,C:/Users/KUBA/GitProjects/WKIRO-Project/data/LL011/Session1/Overground_Walk/Walk_Slow/Post_Process/Walk_Slow4.csv,LL011,16,val
LL011,Session1,overground,walk,slow,Overground_Walk,Walk_Slow,C:/Users/KUBA/GitProjects/WKIRO-Project/data/LL011/Session1/Overground_Walk/Walk_Slow/Post_Process/Walk_Slow5.csv,LL011,16,train
LL011,Session1,overground,walk,slow,Overground_Walk,Walk_Slow,C:/Users/KUBA/GitProjects/WKIRO-Project/data/LL011/Session1/Overground_Walk/Walk_Slow/Post_Process/Walk_Slow6.csv,LL011,16,train
LL011,Session1,overground,walk,slow,Overground_Walk,Walk_Slow,C:/Users/KUBA/GitProjects/WKIRO-Project/data/LL011/Session1/Overground_Walk/Walk_Slow/Post_Process/Walk_Slow7.csv,LL011,16,test
LL011,Session1,overground,walk,slow,Overground_Walk,Walk_Slow,C:/Users/KUBA/GitProjects/WKIRO-Project/data/LL011/Session1/Overground_Walk/Walk_Slow/Post_Process/Walk_Slow8.csv,LL011,16,train
LL011,Session1,treadmill,run,comfortable,Treadmill_Run,Treadmill_Run_Comfortable,C:/Users/KUBA/GitProjects/WKIRO-Project/data/LL011/Session1/Treadmill_Run/Treadmill_Run_Comfortable/Post_Process/Treadmill_Run_Comfortable.csv,LL011,16,val
LL011,Session1,treadmill,run,fast,Treadmill_Run,Treadmill_Run_Fast,C:/Users/KUBA/GitProjects/WKIRO-Project/data/LL011/Session1/Treadmill_Run/Treadmill_Run_Fast/Post_Process/Treadmill_Run_Fast.csv,LL011,16,train
LL011,Session1,treadmill,walk,comfortable,Treadmill_Walk,Treadmill_Walk_Comfortable,C:/Users/KUBA/GitProjects/WKIRO-Project/data/LL011/Session1/Treadmill_Walk/Treadmill_Walk_Comfortable/Post_Process/Treadmill_Walk_Comfortable.csv,LL011,16,train
LL011,Session1,treadmill,walk,fast,Treadmill_Walk,Treadmill_Walk_Fast,C:/Users/KUBA/GitProjects/WKIRO-Project/data/LL011/Session1/Treadmill_Walk/Treadmill_Walk_Fast/Post_Process/Treadmill_Walk_Fast.csv,LL011,16,train
LL011,Session1,treadmill,walk,slow,Treadmill_Walk,Treadmill_Walk_Slow,C:/Users/KUBA/GitProjects/WKIRO-Project/data/LL011/Session1/Treadmill_Walk/Treadmill_Walk_Slow/Post_Process/Treadmill_Walk_Slow.csv,LL011,16,train
LL011,Session2,overground,run,comfortable,Overground_Run,Run_Comfortable,C:/Users/KUBA/GitProjects/WKIRO-Project/data/LL011/Session2/Overground_Run/Run_Comfortable/Post_Process/Run_Comfortable1.csv,LL011,16,val
LL011,Session2,overground,run,comfortable,Overground_Run,Run_Comfortable,C:/Users/KUBA/GitProjects/WKIRO-Project/data/LL011/Session2/Overground_Run/Run_Comfortable/Post_Process/Run_Comfortable2.csv,LL011,16,train
LL011,Session2,overground,run,comfortable,Overground_Run,Run_Comfortable,C:/Users/KUBA/GitProjects/WKIRO-Project/data/LL011/Session2/Overground_Run/Run_Comfortable/Post_Process/Run_Comfortable3.csv,LL011,16,test
LL011,Session2,overground,run,comfortable,Overground_Run,Run_Comfortable,C:/Users/KUBA/GitProjects/WKIRO-Project/data/LL011/Session2/Overground_Run/Run_Comfortable/Post_Process/Run_Comfortable4.csv,LL011,16,train
LL011,Session2,overground,run,comfortable,Overground_Run,Run_Comfortable,C:/Users/KUBA/GitProjects/WKIRO-Project/data/LL011/Session2/Overground_Run/Run_Comfortable/Post_Process/Run_Comfortable5.csv,LL011,16,train
LL011,Session2,overground,run,comfortable,Overground_Run,Run_Comfortable,C:/Users/KUBA/GitProjects/WKIRO-Project/data/LL011/Session2/Overground_Run/Run_Comfortable/Post_Process/Run_Comfortable6.csv,LL011,16,train
LL011,Session2,overground,run,fast,Overground_Run,Run_Fast,C:/Users/KUBA/GitProjects/WKIRO-Project/data/LL011/Session2/Overground_Run/Run_Fast/Post_Process/Run_Fast1.csv,LL011,16,val
LL011,Session2,overground,run,fast,Overground_Run,Run_Fast,C:/Users/KUBA/GitProjects/WKIRO-Project/data/LL011/Session2/Overground_Run/Run_Fast/Post_Process/Run_Fast10.csv,LL011,16,val
LL011,Session2,overground,run,fast,Overground_Run,Run_Fast,C:/Users/KUBA/GitProjects/WKIRO-Project/data/LL011/Session2/Overground_Run/Run_Fast/Post_Process/Run_Fast2.csv,LL011,16,test
LL011,Session2,overground,run,fast,Overground_Run,Run_Fast,C:/Users/KUBA/GitProjects/WKIRO-Project/data/LL011/Session2/Overground_Run/Run_Fast/Post_Process/Run_Fast3.csv,LL011,16,train
LL011,Session2,overground,run,fast,Overground_Run,Run_Fast,C:/Users/KUBA/GitProjects/WKIRO-Project/data/LL011/Session2/Overground_Run/Run_Fast/Post_Process/Run_Fast4.csv,LL011,16,train
LL011,Session2,overground,run,fast,Overground_Run,Run_Fast,C:/Users/KUBA/GitProjects/WKIRO-Project/data/LL011/Session2/Overground_Run/Run_Fast/Post_Process/Run_Fast5.csv,LL011,16,train
LL011,Session2,overground,run,fast,Overground_Run,Run_Fast,C:/Users/KUBA/GitProjects/WKIRO-Project/data/LL011/Session2/Overground_Run/Run_Fast/Post_Process/Run_Fast6.csv,LL011,16,train
LL011,Session2,overground,run,fast,Overground_Run,Run_Fast,C:/Users/KUBA/GitProjects/WKIRO-Project/data/LL011/Session2/Overground_Run/Run_Fast/Post_Process/Run_Fast7.csv,LL011,16,val
LL011,Session2,overground,run,fast,Overground_Run,Run_Fast,C:/Users/KUBA/GitProjects/WKIRO-Project/data/LL011/Session2/Overground_Run/Run_Fast/Post_Process/Run_Fast8.csv,LL011,16,train
LL011,Session2,overground,run,fast,Overground_Run,Run_Fast,C:/Users/KUBA/GitProjects/WKIRO-Project/data/LL011/Session2/Overground_Run/Run_Fast/Post_Process/Run_Fast9.csv,LL011,16,train
LL011,Session2,overground,walk,comfortable,Overground_Walk,Walk_Comfortable,C:/Users/KUBA/GitProjects/WKIRO-Project/data/LL011/Session2/Overground_Walk/Walk_Comfortable/Post_Process/Walk_Comfortable1.csv,LL011,16,train
LL011,Session2,overground,walk,comfortable,Overground_Walk,Walk_Comfortable,C:/Users/KUBA/GitProjects/WKIRO-Project/data/LL011/Session2/Overground_Walk/Walk_Comfortable/Post_Process/Walk_Comfortable2.csv,LL011,16,val
LL011,Session2,overground,walk,comfortable,Overground_Walk,Walk_Comfortable,C:/Users/KUBA/GitProjects/WKIRO-Project/data/LL011/Session2/Overground_Walk/Walk_Comfortable/Post_Process/Walk_Comfortable3.csv,LL011,16,val
LL011,Session2,overground,walk,comfortable,Overground_Walk,Walk_Comfortable,C:/Users/KUBA/GitProjects/WKIRO-Project/data/LL011/Session2/Overground_Walk/Walk_Comfortable/Post_Process/Walk_Comfortable4.csv,LL011,16,train
LL011,Session2,overground,walk,comfortable,Overground_Walk,Walk_Comfortable,C:/Users/KUBA/GitProjects/WKIRO-Project/data/LL011/Session2/Overground_Walk/Walk_Comfortable/Post_Process/Walk_Comfortable5.csv,LL011,16,test
LL011,Session2,overground,walk,comfortable,Overground_Walk,Walk_Comfortable,C:/Users/KUBA/GitProjects/WKIRO-Project/data/LL011/Session2/Overground_Walk/Walk_Comfortable/Post_Process/Walk_Comfortable6.csv,LL011,16,train
LL011,Session2,overground,walk,comfortable,Overground_Walk,Walk_Comfortable,C:/Users/KUBA/GitProjects/WKIRO-Project/data/LL011/Session2/Overground_Walk/Walk_Comfortable/Post_Process/Walk_Comfortable7.csv,LL011,16,test
LL011,Session2,overground,walk,comfortable,Overground_Walk,Walk_Comfortable,C:/Users/KUBA/GitProjects/WKIRO-Project/data/LL011/Session2/Overground_Walk/Walk_Comfortable/Post_Process/Walk_Comfortable8.csv,LL011,16,test
LL011,Session2,overground,walk,fast,Overground_Walk,Walk_Fast,C:/Users/KUBA/GitProjects/WKIRO-Project/data/LL011/Session2/Overground_Walk/Walk_Fast/Post_Process/Walk_Fast1.csv,LL011,16,train
LL011,Session2,overground,walk,fast,Overground_Walk,Walk_Fast,C:/Users/KUBA/GitProjects/WKIRO-Project/data/LL011/Session2/Overground_Walk/Walk_Fast/Post_Process/Walk_Fast2.csv,LL011,16,train
LL011,Session2,overground,walk,fast,Overground_Walk,Walk_Fast,C:/Users/KUBA/GitProjects/WKIRO-Project/data/LL011/Session2/Overground_Walk/Walk_Fast/Post_Process/Walk_Fast3.csv,LL011,16,train
LL011,Session2,overground,walk,fast,Overground_Walk,Walk_Fast,C:/Users/KUBA/GitProjects/WKIRO-Project/data/LL011/Session2/Overground_Walk/Walk_Fast/Post_Process/Walk_Fast4.csv,LL011,16,val
LL011,Session2,overground,walk,fast,Overground_Walk,Walk_Fast,C:/Users/KUBA/GitProjects/WKIRO-Project/data/LL011/Session2/Overground_Walk/Walk_Fast/Post_Process/Walk_Fast5.csv,LL011,16,test
LL011,Session2,overground,walk,fast,Overground_Walk,Walk_Fast,C:/Users/KUBA/GitProjects/WKIRO-Project/data/LL011/Session2/Overground_Walk/Walk_Fast/Post_Process/Walk_Fast6.csv,LL011,16,train
LL011,Session2,overground,walk,fast,Overground_Walk,Walk_Fast,C:/Users/KUBA/GitProjects/WKIRO-Project/data/LL011/Session2/Overground_Walk/Walk_Fast/Post_Process/Walk_Fast7.csv,LL011,16,train
LL011,Session2,overground,walk,fast,Overground_Walk,Walk_Fast,C:/Users/KUBA/GitProjects/WKIRO-Project/data/LL011/Session2/Overground_Walk/Walk_Fast/Post_Process/Walk_Fast8.csv,LL011,16,train
LL011,Session2,overground,walk,slow,Overground_Walk,Walk_Slow,C:/Users/KUBA/GitProjects/WKIRO-Project/data/LL011/Session2/Overground_Walk/Walk_Slow/Post_Process/Walk_Slow1.csv,LL011,16,train
LL011,Session2,overground,walk,slow,Overground_Walk,Walk_Slow,C:/Users/KUBA/GitProjects/WKIRO-Project/data/LL011/Session2/Overground_Walk/Walk_Slow/Post_Process/Walk_Slow2.csv,LL011,16,train
LL011,Session2,overground,walk,slow,Overground_Walk,Walk_Slow,C:/Users/KUBA/GitProjects/WKIRO-Project/data/LL011/Session2/Overground_Walk/Walk_Slow/Post_Process/Walk_Slow3.csv,LL011,16,train
LL011,Session2,overground,walk,slow,Overground_Walk,Walk_Slow,C:/Users/KUBA/GitProjects/WKIRO-Project/data/LL011/Session2/Overground_Walk/Walk_Slow/Post_Process/Walk_Slow4.csv,LL011,16,train
LL011,Session2,overground,walk,slow,Overground_Walk,Walk_Slow,C:/Users/KUBA/GitProjects/WKIRO-Project/data/LL011/Session2/Overground_Walk/Walk_Slow/Post_Process/Walk_Slow5.csv,LL011,16,train
LL011,Session2,overground,walk,slow,Overground_Walk,Walk_Slow,C:/Users/KUBA/GitProjects/WKIRO-Project/data/LL011/Session2/Overground_Walk/Walk_Slow/Post_Process/Walk_Slow6.csv,LL011,16,train
LL011,Session2,treadmill,run,comfortable,Treadmill_Run,Treadmill_Run_Comfortable,C:/Users/KUBA/GitProjects/WKIRO-Project/data/LL011/Session2/Treadmill_Run/Treadmill_Run_Comfortable/Post_Process/Treadmill_Run_Comfortable.csv,LL011,16,train
LL011,Session2,treadmill,run,fast,Treadmill_Run,Treadmill_Run_Fast,C:/Users/KUBA/GitProjects/WKIRO-Project/data/LL011/Session2/Treadmill_Run/Treadmill_Run_Fast/Post_Process/Treadmill_Run_Fast.csv,LL011,16,train
LL011,Session2,treadmill,walk,comfortable,Treadmill_Walk,Treadmill_Walk_Comfortable,C:/Users/KUBA/GitProjects/WKIRO-Project/data/LL011/Session2/Treadmill_Walk/Treadmill_Walk_Comfortable/Post_Process/Treadmill_Walk_Comfortable.csv,LL011,16,train
LL011,Session2,treadmill,walk,fast,Treadmill_Walk,Treadmill_Walk_Fast,C:/Users/KUBA/GitProjects/WKIRO-Project/data/LL011/Session2/Treadmill_Walk/Treadmill_Walk_Fast/Post_Process/Treadmill_Walk_Fast.csv,LL011,16,train
LL011,Session2,treadmill,walk,slow,Treadmill_Walk,Treadmill_Walk_Slow,C:/Users/KUBA/GitProjects/WKIRO-Project/data/LL011/Session2/Treadmill_Walk/Treadmill_Walk_Slow/Post_Process/Treadmill_Walk_Slow.csv,LL011,16,train
LM012,Session1,overground,run,comfortable,Overground_Run,Run_Comfortable,C:/Users/KUBA/GitProjects/WKIRO-Project/data/LM012/Session1/Overground_Run/Run_Comfortable/Post_Process/Run_Comfortable1.csv,LM012,17,test
LM012,Session1,overground,run,comfortable,Overground_Run,Run_Comfortable,C:/Users/KUBA/GitProjects/WKIRO-Project/data/LM012/Session1/Overground_Run/Run_Comfortable/Post_Process/Run_Comfortable10.csv,LM012,17,train
LM012,Session1,overground,run,comfortable,Overground_Run,Run_Comfortable,C:/Users/KUBA/GitProjects/WKIRO-Project/data/LM012/Session1/Overground_Run/Run_Comfortable/Post_Process/Run_Comfortable2.csv,LM012,17,train
LM012,Session1,overground,run,comfortable,Overground_Run,Run_Comfortable,C:/Users/KUBA/GitProjects/WKIRO-Project/data/LM012/Session1/Overground_Run/Run_Comfortable/Post_Process/Run_Comfortable3.csv,LM012,17,val
LM012,Session1,overground,run,comfortable,Overground_Run,Run_Comfortable,C:/Users/KUBA/GitProjects/WKIRO-Project/data/LM012/Session1/Overground_Run/Run_Comfortable/Post_Process/Run_Comfortable4.csv,LM012,17,train
LM012,Session1,overground,run,comfortable,Overground_Run,Run_Comfortable,C:/Users/KUBA/GitProjects/WKIRO-Project/data/LM012/Session1/Overground_Run/Run_Comfortable/Post_Process/Run_Comfortable5.csv,LM012,17,val
LM012,Session1,overground,run,comfortable,Overground_Run,Run_Comfortable,C:/Users/KUBA/GitProjects/WKIRO-Project/data/LM012/Session1/Overground_Run/Run_Comfortable/Post_Process/Run_Comfortable6.csv,LM012,17,train
LM012,Session1,overground,run,comfortable,Overground_Run,Run_Comfortable,C:/Users/KUBA/GitProjects/WKIRO-Project/data/LM012/Session1/Overground_Run/Run_Comfortable/Post_Process/Run_Comfortable7.csv,LM012,17,train
LM012,Session1,overground,run,comfortable,Overground_Run,Run_Comfortable,C:/Users/KUBA/GitProjects/WKIRO-Project/data/LM012/Session1/Overground_Run/Run_Comfortable/Post_Process/Run_Comfortable8.csv,LM012,17,train
LM012,Session1,overground,run,comfortable,Overground_Run,Run_Comfortable,C:/Users/KUBA/GitProjects/WKIRO-Project/data/LM012/Session1/Overground_Run/Run_Comfortable/Post_Process/Run_Comfortable9.csv,LM012,17,val
LM012,Session1,overground,run,fast,Overground_Run,Run_Fast,C:/Users/KUBA/GitProjects/WKIRO-Project/data/LM012/Session1/Overground_Run/Run_Fast/Post_Process/Run_Fast1.csv,LM012,17,train
LM012,Session1,overground,run,fast,Overground_Run,Run_Fast,C:/Users/KUBA/GitProjects/WKIRO-Project/data/LM012/Session1/Overground_Run/Run_Fast/Post_Process/Run_Fast10.csv,LM012,17,train
LM012,Session1,overground,run,fast,Overground_Run,Run_Fast,C:/Users/KUBA/GitProjects/WKIRO-Project/data/LM012/Session1/Overground_Run/Run_Fast/Post_Process/Run_Fast2.csv,LM012,17,train
LM012,Session1,overground,run,fast,Overground_Run,Run_Fast,C:/Users/KUBA/GitProjects/WKIRO-Project/data/LM012/Session1/Overground_Run/Run_Fast/Post_Process/Run_Fast3.csv,LM012,17,train
LM012,Session1,overground,run,fast,Overground_Run,Run_Fast,C:/Users/KUBA/GitProjects/WKIRO-Project/data/LM012/Session1/Overground_Run/Run_Fast/Post_Process/Run_Fast4.csv,LM012,17,train
LM012,Session1,overground,run,fast,Overground_Run,Run_Fast,C:/Users/KUBA/GitProjects/WKIRO-Project/data/LM012/Session1/Overground_Run/Run_Fast/Post_Process/Run_Fast5.csv,LM012,17,train
LM012,Session1,overground,run,fast,Overground_Run,Run_Fast,C:/Users/KUBA/GitProjects/WKIRO-Project/data/LM012/Session1/Overground_Run/Run_Fast/Post_Process/Run_Fast6.csv,LM012,17,train
LM012,Session1,overground,run,fast,Overground_Run,Run_Fast,C:/Users/KUBA/GitProjects/WKIRO-Project/data/LM012/Session1/Overground_Run/Run_Fast/Post_Process/Run_Fast7.csv,LM012,17,train
LM012,Session1,overground,run,fast,Overground_Run,Run_Fast,C:/Users/KUBA/GitProjects/WKIRO-Project/data/LM012/Session1/Overground_Run/Run_Fast/Post_Process/Run_Fast8.csv,LM012,17,train
LM012,Session1,overground,run,fast,Overground_Run,Run_Fast,C:/Users/KUBA/GitProjects/WKIRO-Project/data/LM012/Session1/Overground_Run/Run_Fast/Post_Process/Run_Fast9.csv,LM012,17,val
LM012,Session1,overground,walk,comfortable,Overground_Walk,Walk_Comfortable,C:/Users/KUBA/GitProjects/WKIRO-Project/data/LM012/Session1/Overground_Walk/Walk_Comfortable/Post_Process/Walk_Comfortable1.csv,LM012,17,train
LM012,Session1,overground,walk,comfortable,Overground_Walk,Walk_Comfortable,C:/Users/KUBA/GitProjects/WKIRO-Project/data/LM012/Session1/Overground_Walk/Walk_Comfortable/Post_Process/Walk_Comfortable2.csv,LM012,17,train
LM012,Session1,overground,walk,comfortable,Overground_Walk,Walk_Comfortable,C:/Users/KUBA/GitProjects/WKIRO-Project/data/LM012/Session1/Overground_Walk/Walk_Comfortable/Post_Process/Walk_Comfortable3.csv,LM012,17,train
LM012,Session1,overground,walk,comfortable,Overground_Walk,Walk_Comfortable,C:/Users/KUBA/GitProjects/WKIRO-Project/data/LM012/Session1/Overground_Walk/Walk_Comfortable/Post_Process/Walk_Comfortable4.csv,LM012,17,test
LM012,Session1,overground,walk,comfortable,Overground_Walk,Walk_Comfortable,C:/Users/KUBA/GitProjects/WKIRO-Project/data/LM012/Session1/Overground_Walk/Walk_Comfortable/Post_Process/Walk_Comfortable5.csv,LM012,17,train
LM012,Session1,overground,walk,comfortable,Overground_Walk,Walk_Comfortable,C:/Users/KUBA/GitProjects/WKIRO-Project/data/LM012/Session1/Overground_Walk/Walk_Comfortable/Post_Process/Walk_Comfortable6.csv,LM012,17,train
LM012,Session1,overground,walk,fast,Overground_Walk,Walk_Fast,C:/Users/KUBA/GitProjects/WKIRO-Project/data/LM012/Session1/Overground_Walk/Walk_Fast/Post_Process/Walk_Fast1.csv,LM012,17,test
LM012,Session1,overground,walk,fast,Overground_Walk,Walk_Fast,C:/Users/KUBA/GitProjects/WKIRO-Project/data/LM012/Session1/Overground_Walk/Walk_Fast/Post_Process/Walk_Fast2.csv,LM012,17,test
LM012,Session1,overground,walk,fast,Overground_Walk,Walk_Fast,C:/Users/KUBA/GitProjects/WKIRO-Project/data/LM012/Session1/Overground_Walk/Walk_Fast/Post_Process/Walk_Fast3.csv,LM012,17,train
LM012,Session1,overground,walk,fast,Overground_Walk,Walk_Fast,C:/Users/KUBA/GitProjects/WKIRO-Project/data/LM012/Session1/Overground_Walk/Walk_Fast/Post_Process/Walk_Fast4.csv,LM012,17,train
LM012,Session1,overground,walk,fast,Overground_Walk,Walk_Fast,C:/Users/KUBA/GitProjects/WKIRO-Project/data/LM012/Session1/Overground_Walk/Walk_Fast/Post_Process/Walk_Fast5.csv,LM012,17,train
LM012,Session1,overground,walk,fast,Overground_Walk,Walk_Fast,C:/Users/KUBA/GitProjects/WKIRO-Project/data/LM012/Session1/Overground_Walk/Walk_Fast/Post_Process/Walk_Fast6.csv,LM012,17,train
LM012,Session1,overground,walk,fast,Overground_Walk,Walk_Fast,C:/Users/KUBA/GitProjects/WKIRO-Project/data/LM012/Session1/Overground_Walk/Walk_Fast/Post_Process/Walk_Fast7.csv,LM012,17,test
LM012,Session1,overground,walk,fast,Overground_Walk,Walk_Fast,C:/Users/KUBA/GitProjects/WKIRO-Project/data/LM012/Session1/Overground_Walk/Walk_Fast/Post_Process/Walk_Fast8.csv,LM012,17,train
LM012,Session1,overground,walk,slow,Overground_Walk,Walk_Slow,C:/Users/KUBA/GitProjects/WKIRO-Project/data/LM012/Session1/Overground_Walk/Walk_Slow/Post_Process/Walk_Slow1.csv,LM012,17,val
LM012,Session1,overground,walk,slow,Overground_Walk,Walk_Slow,C:/Users/KUBA/GitProjects/WKIRO-Project/data/LM012/Session1/Overground_Walk/Walk_Slow/Post_Process/Walk_Slow2.csv,LM012,17,train
LM012,Session1,overground,walk,slow,Overground_Walk,Walk_Slow,C:/Users/KUBA/GitProjects/WKIRO-Project/data/LM012/Session1/Overground_Walk/Walk_Slow/Post_Process/Walk_Slow3.csv,LM012,17,val
LM012,Session1,overground,walk,slow,Overground_Walk,Walk_Slow,C:/Users/KUBA/GitProjects/WKIRO-Project/data/LM012/Session1/Overground_Walk/Walk_Slow/Post_Process/Walk_Slow4.csv,LM012,17,train
LM012,Session1,overground,walk,slow,Overground_Walk,Walk_Slow,C:/Users/KUBA/GitProjects/WKIRO-Project/data/LM012/Session1/Overground_Walk/Walk_Slow/Post_Process/Walk_Slow5.csv,LM012,17,train
LM012,Session1,overground,walk,slow,Overground_Walk,Walk_Slow,C:/Users/KUBA/GitProjects/WKIRO-Project/data/LM012/Session1/Overground_Walk/Walk_Slow/Post_Process/Walk_Slow6.csv,LM012,17,train
LM012,Session1,overground,walk,slow,Overground_Walk,Walk_Slow,C:/Users/KUBA/GitProjects/WKIRO-Project/data/LM012/Session1/Overground_Walk/Walk_Slow/Post_Process/Walk_Slow7.csv,LM012,17,train
LM012,Session1,overground,walk,slow,Overground_Walk,Walk_Slow,C:/Users/KUBA/GitProjects/WKIRO-Project/data/LM012/Session1/Overground_Walk/Walk_Slow/Post_Process/Walk_Slow8.csv,LM012,17,val
LM012,Session1,treadmill,run,comfortable,Treadmill_Run,Treadmill_Run_Comfortable,C:/Users/KUBA/GitProjects/WKIRO-Project/data/LM012/Session1/Treadmill_Run/Treadmill_Run_Comfortable/Post_Process/Treadmill_Run_Comfortable.csv,LM012,17,test
LM012,Session1,treadmill,run,fast,Treadmill_Run,Treadmill_Run_Fast,C:/Users/KUBA/GitProjects/WKIRO-Project/data/LM012/Session1/Treadmill_Run/Treadmill_Run_Fast/Post_Process/Treadmill_Run_Fast.csv,LM012,17,train
LM012,Session1,treadmill,walk,comfortable,Treadmill_Walk,Treadmill_Walk_Comfortable,C:/Users/KUBA/GitProjects/WKIRO-Project/data/LM012/Session1/Treadmill_Walk/Treadmill_Walk_Comfortable/Post_Process/Treadmill_Walk_Comfortable.csv,LM012,17,test
LM012,Session1,treadmill,walk,fast,Treadmill_Walk,Treadmill_Walk_Fast,C:/Users/KUBA/GitProjects/WKIRO-Project/data/LM012/Session1/Treadmill_Walk/Treadmill_Walk_Fast/Post_Process/Treadmill_Walk_Fast.csv,LM012,17,val
LM012,Session1,treadmill,walk,slow,Treadmill_Walk,Treadmill_Walk_Slow,C:/Users/KUBA/GitProjects/WKIRO-Project/data/LM012/Session1/Treadmill_Walk/Treadmill_Walk_Slow/Post_Process/Treadmill_Walk_Slow.csv,LM012,17,train
LM012,Session2,overground,run,comfortable,Overground_Run,Run_Comfortable,C:/Users/KUBA/GitProjects/WKIRO-Project/data/LM012/Session2/Overground_Run/Run_Comfortable/Post_Process/Run_Comfortable1.csv,LM012,17,train
LM012,Session2,overground,run,comfortable,Overground_Run,Run_Comfortable,C:/Users/KUBA/GitProjects/WKIRO-Project/data/LM012/Session2/Overground_Run/Run_Comfortable/Post_Process/Run_Comfortable10.csv,LM012,17,test
LM012,Session2,overground,run,comfortable,Overground_Run,Run_Comfortable,C:/Users/KUBA/GitProjects/WKIRO-Project/data/LM012/Session2/Overground_Run/Run_Comfortable/Post_Process/Run_Comfortable2.csv,LM012,17,val
LM012,Session2,overground,run,comfortable,Overground_Run,Run_Comfortable,C:/Users/KUBA/GitProjects/WKIRO-Project/data/LM012/Session2/Overground_Run/Run_Comfortable/Post_Process/Run_Comfortable3.csv,LM012,17,train
LM012,Session2,overground,run,comfortable,Overground_Run,Run_Comfortable,C:/Users/KUBA/GitProjects/WKIRO-Project/data/LM012/Session2/Overground_Run/Run_Comfortable/Post_Process/Run_Comfortable4.csv,LM012,17,train
LM012,Session2,overground,run,comfortable,Overground_Run,Run_Comfortable,C:/Users/KUBA/GitProjects/WKIRO-Project/data/LM012/Session2/Overground_Run/Run_Comfortable/Post_Process/Run_Comfortable5.csv,LM012,17,train
LM012,Session2,overground,run,comfortable,Overground_Run,Run_Comfortable,C:/Users/KUBA/GitProjects/WKIRO-Project/data/LM012/Session2/Overground_Run/Run_Comfortable/Post_Process/Run_Comfortable6.csv,LM012,17,train
LM012,Session2,overground,run,comfortable,Overground_Run,Run_Comfortable,C:/Users/KUBA/GitProjects/WKIRO-Project/data/LM012/Session2/Overground_Run/Run_Comfortable/Post_Process/Run_Comfortable7.csv,LM012,17,test
LM012,Session2,overground,run,comfortable,Overground_Run,Run_Comfortable,C:/Users/KUBA/GitProjects/WKIRO-Project/data/LM012/Session2/Overground_Run/Run_Comfortable/Post_Process/Run_Comfortable8.csv,LM012,17,train
LM012,Session2,overground,run,comfortable,Overground_Run,Run_Comfortable,C:/Users/KUBA/GitProjects/WKIRO-Project/data/LM012/Session2/Overground_Run/Run_Comfortable/Post_Process/Run_Comfortable9.csv,LM012,17,test
LM012,Session2,overground,run,fast,Overground_Run,Run_Fast,C:/Users/KUBA/GitProjects/WKIRO-Project/data/LM012/Session2/Overground_Run/Run_Fast/Post_Process/Run_Fast1.csv,LM012,17,test
LM012,Session2,overground,run,fast,Overground_Run,Run_Fast,C:/Users/KUBA/GitProjects/WKIRO-Project/data/LM012/Session2/Overground_Run/Run_Fast/Post_Process/Run_Fast10.csv,LM012,17,val
LM012,Session2,overground,run,fast,Overground_Run,Run_Fast,C:/Users/KUBA/GitProjects/WKIRO-Project/data/LM012/Session2/Overground_Run/Run_Fast/Post_Process/Run_Fast2.csv,LM012,17,train
LM012,Session2,overground,run,fast,Overground_Run,Run_Fast,C:/Users/KUBA/GitProjects/WKIRO-Project/data/LM012/Session2/Overground_Run/Run_Fast/Post_Process/Run_Fast3.csv,LM012,17,train
LM012,Session2,overground,run,fast,Overground_Run,Run_Fast,C:/Users/KUBA/GitProjects/WKIRO-Project/data/LM012/Session2/Overground_Run/Run_Fast/Post_Process/Run_Fast4.csv,LM012,17,train
LM012,Session2,overground,run,fast,Overground_Run,Run_Fast,C:/Users/KUBA/GitProjects/WKIRO-Project/data/LM012/Session2/Overground_Run/Run_Fast/Post_Process/Run_Fast5.csv,LM012,17,train
LM012,Session2,overground,run,fast,Overground_Run,Run_Fast,C:/Users/KUBA/GitProjects/WKIRO-Project/data/LM012/Session2/Overground_Run/Run_Fast/Post_Process/Run_Fast6.csv,LM012,17,train
LM012,Session2,overground,run,fast,Overground_Run,Run_Fast,C:/Users/KUBA/GitProjects/WKIRO-Project/data/LM012/Session2/Overground_Run/Run_Fast/Post_Process/Run_Fast7.csv,LM012,17,val
LM012,Session2,overground,run,fast,Overground_Run,Run_Fast,C:/Users/KUBA/GitProjects/WKIRO-Project/data/LM012/Session2/Overground_Run/Run_Fast/Post_Process/Run_Fast8.csv,LM012,17,train
LM012,Session2,overground,run,fast,Overground_Run,Run_Fast,C:/Users/KUBA/GitProjects/WKIRO-Project/data/LM012/Session2/Overground_Run/Run_Fast/Post_Process/Run_Fast9.csv,LM012,17,train
LM012,Session2,overground,walk,comfortable,Overground_Walk,Walk_Comfortable,C:/Users/KUBA/GitProjects/WKIRO-Project/data/LM012/Session2/Overground_Walk/Walk_Comfortable/Post_Process/Walk_Comfortable1.csv,LM012,17,train
LM012,Session2,overground,walk,comfortable,Overground_Walk,Walk_Comfortable,C:/Users/KUBA/GitProjects/WKIRO-Project/data/LM012/Session2/Overground_Walk/Walk_Comfortable/Post_Process/Walk_Comfortable2.csv,LM012,17,train
LM012,Session2,overground,walk,comfortable,Overground_Walk,Walk_Comfortable,C:/Users/KUBA/GitProjects/WKIRO-Project/data/LM012/Session2/Overground_Walk/Walk_Comfortable/Post_Process/Walk_Comfortable3.csv,LM012,17,train
LM012,Session2,overground,walk,comfortable,Overground_Walk,Walk_Comfortable,C:/Users/KUBA/GitProjects/WKIRO-Project/data/LM012/Session2/Overground_Walk/Walk_Comfortable/Post_Process/Walk_Comfortable4.csv,LM012,17,train
LM012,Session2,overground,walk,comfortable,Overground_Walk,Walk_Comfortable,C:/Users/KUBA/GitProjects/WKIRO-Project/data/LM012/Session2/Overground_Walk/Walk_Comfortable/Post_Process/Walk_Comfortable5.csv,LM012,17,train
LM012,Session2,overground,walk,comfortable,Overground_Walk,Walk_Comfortable,C:/Users/KUBA/GitProjects/WKIRO-Project/data/LM012/Session2/Overground_Walk/Walk_Comfortable/Post_Process/Walk_Comfortable6.csv,LM012,17,train
LM012,Session2,overground,walk,comfortable,Overground_Walk,Walk_Comfortable,C:/Users/KUBA/GitProjects/WKIRO-Project/data/LM012/Session2/Overground_Walk/Walk_Comfortable/Post_Process/Walk_Comfortable7.csv,LM012,17,test
LM012,Session2,overground,walk,comfortable,Overground_Walk,Walk_Comfortable,C:/Users/KUBA/GitProjects/WKIRO-Project/data/LM012/Session2/Overground_Walk/Walk_Comfortable/Post_Process/Walk_Comfortable8.csv,LM012,17,train
LM012,Session2,overground,walk,fast,Overground_Walk,Walk_Fast,C:/Users/KUBA/GitProjects/WKIRO-Project/data/LM012/Session2/Overground_Walk/Walk_Fast/Post_Process/Walk_Fast1.csv,LM012,17,train
LM012,Session2,overground,walk,fast,Overground_Walk,Walk_Fast,C:/Users/KUBA/GitProjects/WKIRO-Project/data/LM012/Session2/Overground_Walk/Walk_Fast/Post_Process/Walk_Fast2.csv,LM012,17,test
LM012,Session2,overground,walk,fast,Overground_Walk,Walk_Fast,C:/Users/KUBA/GitProjects/WKIRO-Project/data/LM012/Session2/Overground_Walk/Walk_Fast/Post_Process/Walk_Fast3.csv,LM012,17,train
LM012,Session2,overground,walk,fast,Overground_Walk,Walk_Fast,C:/Users/KUBA/GitProjects/WKIRO-Project/data/LM012/Session2/Overground_Walk/Walk_Fast/Post_Process/Walk_Fast4.csv,LM012,17,train
LM012,Session2,overground,walk,fast,Overground_Walk,Walk_Fast,C:/Users/KUBA/GitProjects/WKIRO-Project/data/LM012/Session2/Overground_Walk/Walk_Fast/Post_Process/Walk_Fast5.csv,LM012,17,train
LM012,Session2,overground,walk,fast,Overground_Walk,Walk_Fast,C:/Users/KUBA/GitProjects/WKIRO-Project/data/LM012/Session2/Overground_Walk/Walk_Fast/Post_Process/Walk_Fast6.csv,LM012,17,train
LM012,Session2,overground,walk,fast,Overground_Walk,Walk_Fast,C:/Users/KUBA/GitProjects/WKIRO-Project/data/LM012/Session2/Overground_Walk/Walk_Fast/Post_Process/Walk_Fast7.csv,LM012,17,train
LM012,Session2,overground,walk,fast,Overground_Walk,Walk_Fast,C:/Users/KUBA/GitProjects/WKIRO-Project/data/LM012/Session2/Overground_Walk/Walk_Fast/Post_Process/Walk_Fast8.csv,LM012,17,train
LM012,Session2,overground,walk,slow,Overground_Walk,Walk_Slow,C:/Users/KUBA/GitProjects/WKIRO-Project/data/LM012/Session2/Overground_Walk/Walk_Slow/Post_Process/Walk_Slow1.csv,LM012,17,val
LM012,Session2,overground,walk,slow,Overground_Walk,Walk_Slow,C:/Users/KUBA/GitProjects/WKIRO-Project/data/LM012/Session2/Overground_Walk/Walk_Slow/Post_Process/Walk_Slow2.csv,LM012,17,val
LM012,Session2,overground,walk,slow,Overground_Walk,Walk_Slow,C:/Users/KUBA/GitProjects/WKIRO-Project/data/LM012/Session2/Overground_Walk/Walk_Slow/Post_Process/Walk_Slow3.csv,LM012,17,train
LM012,Session2,overground,walk,slow,Overground_Walk,Walk_Slow,C:/Users/KUBA/GitProjects/WKIRO-Project/data/LM012/Session2/Overground_Walk/Walk_Slow/Post_Process/Walk_Slow4.csv,LM012,17,val
LM012,Session2,overground,walk,slow,Overground_Walk,Walk_Slow,C:/Users/KUBA/GitProjects/WKIRO-Project/data/LM012/Session2/Overground_Walk/Walk_Slow/Post_Process/Walk_Slow5.csv,LM012,17,train
LM012,Session2,overground,walk,slow,Overground_Walk,Walk_Slow,C:/Users/KUBA/GitProjects/WKIRO-Project/data/LM012/Session2/Overground_Walk/Walk_Slow/Post_Process/Walk_Slow6.csv,LM012,17,train
LM012,Session2,overground,walk,slow,Overground_Walk,Walk_Slow,C:/Users/KUBA/GitProjects/WKIRO-Project/data/LM012/Session2/Overground_Walk/Walk_Slow/Post_Process/Walk_Slow7.csv,LM012,17,train
LM012,Session2,overground,walk,slow,Overground_Walk,Walk_Slow,C:/Users/KUBA/GitProjects/WKIRO-Project/data/LM012/Session2/Overground_Walk/Walk_Slow/Post_Process/Walk_Slow8.csv,LM012,17,test
LM012,Session2,treadmill,run,comfortable,Treadmill_Run,Treadmill_Run_Comfortable,C:/Users/KUBA/GitProjects/WKIRO-Project/data/LM012/Session2/Treadmill_Run/Treadmill_Run_Comfortable/Post_Process/Treadmill_Run_Comfortable.csv,LM012,17,val
LM012,Session2,treadmill,run,fast,Treadmill_Run,Treadmill_Run_Fast,C:/Users/KUBA/GitProjects/WKIRO-Project/data/LM012/Session2/Treadmill_Run/Treadmill_Run_Fast/Post_Process/Treadmill_Run_Fast.csv,LM012,17,train
LM012,Session2,treadmill,walk,comfortable,Treadmill_Walk,Treadmill_Walk_Comfortable,C:/Users/KUBA/GitProjects/WKIRO-Project/data/LM012/Session2/Treadmill_Walk/Treadmill_Walk_Comfortable/Post_Process/Treadmill_Walk_Comfortable.csv,LM012,17,train
LM012,Session2,treadmill,walk,fast,Treadmill_Walk,Treadmill_Walk_Fast,C:/Users/KUBA/GitProjects/WKIRO-Project/data/LM012/Session2/Treadmill_Walk/Treadmill_Walk_Fast/Post_Process/Treadmill_Walk_Fast.csv,LM012,17,train
LM012,Session2,treadmill,walk,slow,Treadmill_Walk,Treadmill_Walk_Slow,C:/Users/KUBA/GitProjects/WKIRO-Project/data/LM012/Session2/Treadmill_Walk/Treadmill_Walk_Slow/Post_Process/Treadmill_Walk_Slow.csv,LM012,17,train
MR015,Session1,overground,run,comfortable,Overground_Run,Run_Comfortable,C:/Users/KUBA/GitProjects/WKIRO-Project/data/MR015/Session1/Overground_Run/Run_Comfortable/Post_Process/Run_Comfortable1.csv,MR015,18,val
MR015,Session1,overground,run,comfortable,Overground_Run,Run_Comfortable,C:/Users/KUBA/GitProjects/WKIRO-Project/data/MR015/Session1/Overground_Run/Run_Comfortable/Post_Process/Run_Comfortable10.csv,MR015,18,train
MR015,Session1,overground,run,comfortable,Overground_Run,Run_Comfortable,C:/Users/KUBA/GitProjects/WKIRO-Project/data/MR015/Session1/Overground_Run/Run_Comfortable/Post_Process/Run_Comfortable2.csv,MR015,18,train
MR015,Session1,overground,run,comfortable,Overground_Run,Run_Comfortable,C:/Users/KUBA/GitProjects/WKIRO-Project/data/MR015/Session1/Overground_Run/Run_Comfortable/Post_Process/Run_Comfortable3.csv,MR015,18,train
MR015,Session1,overground,run,comfortable,Overground_Run,Run_Comfortable,C:/Users/KUBA/GitProjects/WKIRO-Project/data/MR015/Session1/Overground_Run/Run_Comfortable/Post_Process/Run_Comfortable4.csv,MR015,18,train
MR015,Session1,overground,run,comfortable,Overground_Run,Run_Comfortable,C:/Users/KUBA/GitProjects/WKIRO-Project/data/MR015/Session1/Overground_Run/Run_Comfortable/Post_Process/Run_Comfortable5.csv,MR015,18,train
MR015,Session1,overground,run,comfortable,Overground_Run,Run_Comfortable,C:/Users/KUBA/GitProjects/WKIRO-Project/data/MR015/Session1/Overground_Run/Run_Comfortable/Post_Process/Run_Comfortable6.csv,MR015,18,train
MR015,Session1,overground,run,comfortable,Overground_Run,Run_Comfortable,C:/Users/KUBA/GitProjects/WKIRO-Project/data/MR015/Session1/Overground_Run/Run_Comfortable/Post_Process/Run_Comfortable7.csv,MR015,18,train
MR015,Session1,overground,run,comfortable,Overground_Run,Run_Comfortable,C:/Users/KUBA/GitProjects/WKIRO-Project/data/MR015/Session1/Overground_Run/Run_Comfortable/Post_Process/Run_Comfortable8.csv,MR015,18,val
MR015,Session1,overground,run,comfortable,Overground_Run,Run_Comfortable,C:/Users/KUBA/GitProjects/WKIRO-Project/data/MR015/Session1/Overground_Run/Run_Comfortable/Post_Process/Run_Comfortable9.csv,MR015,18,train
MR015,Session1,overground,run,fast,Overground_Run,Run_Fast,C:/Users/KUBA/GitProjects/WKIRO-Project/data/MR015/Session1/Overground_Run/Run_Fast/Post_Process/Run_Fast1.csv,MR015,18,train
MR015,Session1,overground,run,fast,Overground_Run,Run_Fast,C:/Users/KUBA/GitProjects/WKIRO-Project/data/MR015/Session1/Overground_Run/Run_Fast/Post_Process/Run_Fast10.csv,MR015,18,train
MR015,Session1,overground,run,fast,Overground_Run,Run_Fast,C:/Users/KUBA/GitProjects/WKIRO-Project/data/MR015/Session1/Overground_Run/Run_Fast/Post_Process/Run_Fast2.csv,MR015,18,train
MR015,Session1,overground,run,fast,Overground_Run,Run_Fast,C:/Users/KUBA/GitProjects/WKIRO-Project/data/MR015/Session1/Overground_Run/Run_Fast/Post_Process/Run_Fast3.csv,MR015,18,train
MR015,Session1,overground,run,fast,Overground_Run,Run_Fast,C:/Users/KUBA/GitProjects/WKIRO-Project/data/MR015/Session1/Overground_Run/Run_Fast/Post_Process/Run_Fast4.csv,MR015,18,test
MR015,Session1,overground,run,fast,Overground_Run,Run_Fast,C:/Users/KUBA/GitProjects/WKIRO-Project/data/MR015/Session1/Overground_Run/Run_Fast/Post_Process/Run_Fast5.csv,MR015,18,test
MR015,Session1,overground,run,fast,Overground_Run,Run_Fast,C:/Users/KUBA/GitProjects/WKIRO-Project/data/MR015/Session1/Overground_Run/Run_Fast/Post_Process/Run_Fast6.csv,MR015,18,train
MR015,Session1,overground,run,fast,Overground_Run,Run_Fast,C:/Users/KUBA/GitProjects/WKIRO-Project/data/MR015/Session1/Overground_Run/Run_Fast/Post_Process/Run_Fast7.csv,MR015,18,train
MR015,Session1,overground,run,fast,Overground_Run,Run_Fast,C:/Users/KUBA/GitProjects/WKIRO-Project/data/MR015/Session1/Overground_Run/Run_Fast/Post_Process/Run_Fast8.csv,MR015,18,train
MR015,Session1,overground,run,fast,Overground_Run,Run_Fast,C:/Users/KUBA/GitProjects/WKIRO-Project/data/MR015/Session1/Overground_Run/Run_Fast/Post_Process/Run_Fast9.csv,MR015,18,train
MR015,Session1,overground,walk,comfortable,Overground_Walk,Walk_Comfortable,C:/Users/KUBA/GitProjects/WKIRO-Project/data/MR015/Session1/Overground_Walk/Walk_Comfortable/Post_Process/Walk_Comfortable1.csv,MR015,18,train
MR015,Session1,overground,walk,comfortable,Overground_Walk,Walk_Comfortable,C:/Users/KUBA/GitProjects/WKIRO-Project/data/MR015/Session1/Overground_Walk/Walk_Comfortable/Post_Process/Walk_Comfortable2.csv,MR015,18,train
MR015,Session1,overground,walk,comfortable,Overground_Walk,Walk_Comfortable,C:/Users/KUBA/GitProjects/WKIRO-Project/data/MR015/Session1/Overground_Walk/Walk_Comfortable/Post_Process/Walk_Comfortable3.csv,MR015,18,val
MR015,Session1,overground,walk,comfortable,Overground_Walk,Walk_Comfortable,C:/Users/KUBA/GitProjects/WKIRO-Project/data/MR015/Session1/Overground_Walk/Walk_Comfortable/Post_Process/Walk_Comfortable4.csv,MR015,18,train
MR015,Session1,overground,walk,comfortable,Overground_Walk,Walk_Comfortable,C:/Users/KUBA/GitProjects/WKIRO-Project/data/MR015/Session1/Overground_Walk/Walk_Comfortable/Post_Process/Walk_Comfortable5.csv,MR015,18,train
MR015,Session1,overground,walk,comfortable,Overground_Walk,Walk_Comfortable,C:/Users/KUBA/GitProjects/WKIRO-Project/data/MR015/Session1/Overground_Walk/Walk_Comfortable/Post_Process/Walk_Comfortable6.csv,MR015,18,train
MR015,Session1,overground,walk,comfortable,Overground_Walk,Walk_Comfortable,C:/Users/KUBA/GitProjects/WKIRO-Project/data/MR015/Session1/Overground_Walk/Walk_Comfortable/Post_Process/Walk_Comfortable7.csv,MR015,18,train
MR015,Session1,overground,walk,comfortable,Overground_Walk,Walk_Comfortable,C:/Users/KUBA/GitProjects/WKIRO-Project/data/MR015/Session1/Overground_Walk/Walk_Comfortable/Post_Process/Walk_Comfortable8.csv,MR015,18,train
MR015,Session1,overground,walk,fast,Overground_Walk,Walk_Fast,C:/Users/KUBA/GitProjects/WKIRO-Project/data/MR015/Session1/Overground_Walk/Walk_Fast/Post_Process/Walk_Fast1.csv,MR015,18,train
MR015,Session1,overground,walk,fast,Overground_Walk,Walk_Fast,C:/Users/KUBA/GitProjects/WKIRO-Project/data/MR015/Session1/Overground_Walk/Walk_Fast/Post_Process/Walk_Fast2.csv,MR015,18,train
MR015,Session1,overground,walk,fast,Overground_Walk,Walk_Fast,C:/Users/KUBA/GitProjects/WKIRO-Project/data/MR015/Session1/Overground_Walk/Walk_Fast/Post_Process/Walk_Fast3.csv,MR015,18,train
MR015,Session1,overground,walk,fast,Overground_Walk,Walk_Fast,C:/Users/KUBA/GitProjects/WKIRO-Project/data/MR015/Session1/Overground_Walk/Walk_Fast/Post_Process/Walk_Fast4.csv,MR015,18,train
MR015,Session1,overground,walk,fast,Overground_Walk,Walk_Fast,C:/Users/KUBA/GitProjects/WKIRO-Project/data/MR015/Session1/Overground_Walk/Walk_Fast/Post_Process/Walk_Fast5.csv,MR015,18,train
MR015,Session1,overground,walk,fast,Overground_Walk,Walk_Fast,C:/Users/KUBA/GitProjects/WKIRO-Project/data/MR015/Session1/Overground_Walk/Walk_Fast/Post_Process/Walk_Fast6.csv,MR015,18,train
MR015,Session1,overground,walk,fast,Overground_Walk,Walk_Fast,C:/Users/KUBA/GitProjects/WKIRO-Project/data/MR015/Session1/Overground_Walk/Walk_Fast/Post_Process/Walk_Fast7.csv,MR015,18,train
MR015,Session1,overground,walk,fast,Overground_Walk,Walk_Fast,C:/Users/KUBA/GitProjects/WKIRO-Project/data/MR015/Session1/Overground_Walk/Walk_Fast/Post_Process/Walk_Fast8.csv,MR015,18,train
MR015,Session1,overground,walk,slow,Overground_Walk,Walk_Slow,C:/Users/KUBA/GitProjects/WKIRO-Project/data/MR015/Session1/Overground_Walk/Walk_Slow/Post_Process/Walk_Slow1.csv,MR015,18,train
MR015,Session1,overground,walk,slow,Overground_Walk,Walk_Slow,C:/Users/KUBA/GitProjects/WKIRO-Project/data/MR015/Session1/Overground_Walk/Walk_Slow/Post_Process/Walk_Slow2.csv,MR015,18,val
MR015,Session1,overground,walk,slow,Overground_Walk,Walk_Slow,C:/Users/KUBA/GitProjects/WKIRO-Project/data/MR015/Session1/Overground_Walk/Walk_Slow/Post_Process/Walk_Slow3.csv,MR015,18,train
MR015,Session1,overground,walk,slow,Overground_Walk,Walk_Slow,C:/Users/KUBA/GitProjects/WKIRO-Project/data/MR015/Session1/Overground_Walk/Walk_Slow/Post_Process/Walk_Slow4.csv,MR015,18,test
MR015,Session1,overground,walk,slow,Overground_Walk,Walk_Slow,C:/Users/KUBA/GitProjects/WKIRO-Project/data/MR015/Session1/Overground_Walk/Walk_Slow/Post_Process/Walk_Slow5.csv,MR015,18,val
MR015,Session1,overground,walk,slow,Overground_Walk,Walk_Slow,C:/Users/KUBA/GitProjects/WKIRO-Project/data/MR015/Session1/Overground_Walk/Walk_Slow/Post_Process/Walk_Slow6.csv,MR015,18,train
MR015,Session1,treadmill,run,comfortable,Treadmill_Run,Treadmill_Run_Comfortable,C:/Users/KUBA/GitProjects/WKIRO-Project/data/MR015/Session1/Treadmill_Run/Treadmill_Run_Comfortable/Post_Process/Treadmill_Run_Comfortable.csv,MR015,18,train
MR015,Session1,treadmill,run,fast,Treadmill_Run,Treadmill_Run_Fast,C:/Users/KUBA/GitProjects/WKIRO-Project/data/MR015/Session1/Treadmill_Run/Treadmill_Run_Fast/Post_Process/Treadmill_Run_Fast.csv,MR015,18,train
MR015,Session1,treadmill,walk,comfortable,Treadmill_Walk,Treadmill_Walk_Comfortable,C:/Users/KUBA/GitProjects/WKIRO-Project/data/MR015/Session1/Treadmill_Walk/Treadmill_Walk_Comfortable/Post_Process/Treadmill_Walk_Comfortable.csv,MR015,18,train
MR015,Session1,treadmill,walk,fast,Treadmill_Walk,Treadmill_Walk_Fast,C:/Users/KUBA/GitProjects/WKIRO-Project/data/MR015/Session1/Treadmill_Walk/Treadmill_Walk_Fast/Post_Process/Treadmill_Walk_Fast.csv,MR015,18,train
MR015,Session1,treadmill,walk,slow,Treadmill_Walk,Treadmill_Walk_Slow,C:/Users/KUBA/GitProjects/WKIRO-Project/data/MR015/Session1/Treadmill_Walk/Treadmill_Walk_Slow/Post_Process/Treadmill_Walk_Slow.csv,MR015,18,train
MR015,Session2,overground,run,comfortable,Overground_Run,Run_Comfortable,C:/Users/KUBA/GitProjects/WKIRO-Project/data/MR015/Session2/Overground_Run/Run_Comfortable/Post_Process/Run_Comfortable1.csv,MR015,18,test
MR015,Session2,overground,run,comfortable,Overground_Run,Run_Comfortable,C:/Users/KUBA/GitProjects/WKIRO-Project/data/MR015/Session2/Overground_Run/Run_Comfortable/Post_Process/Run_Comfortable10.csv,MR015,18,test
MR015,Session2,overground,run,comfortable,Overground_Run,Run_Comfortable,C:/Users/KUBA/GitProjects/WKIRO-Project/data/MR015/Session2/Overground_Run/Run_Comfortable/Post_Process/Run_Comfortable2.csv,MR015,18,train
MR015,Session2,overground,run,comfortable,Overground_Run,Run_Comfortable,C:/Users/KUBA/GitProjects/WKIRO-Project/data/MR015/Session2/Overground_Run/Run_Comfortable/Post_Process/Run_Comfortable3.csv,MR015,18,train
MR015,Session2,overground,run,comfortable,Overground_Run,Run_Comfortable,C:/Users/KUBA/GitProjects/WKIRO-Project/data/MR015/Session2/Overground_Run/Run_Comfortable/Post_Process/Run_Comfortable4.csv,MR015,18,test
MR015,Session2,overground,run,comfortable,Overground_Run,Run_Comfortable,C:/Users/KUBA/GitProjects/WKIRO-Project/data/MR015/Session2/Overground_Run/Run_Comfortable/Post_Process/Run_Comfortable5.csv,MR015,18,test
MR015,Session2,overground,run,comfortable,Overground_Run,Run_Comfortable,C:/Users/KUBA/GitProjects/WKIRO-Project/data/MR015/Session2/Overground_Run/Run_Comfortable/Post_Process/Run_Comfortable6.csv,MR015,18,train
MR015,Session2,overground,run,comfortable,Overground_Run,Run_Comfortable,C:/Users/KUBA/GitProjects/WKIRO-Project/data/MR015/Session2/Overground_Run/Run_Comfortable/Post_Process/Run_Comfortable7.csv,MR015,18,val
MR015,Session2,overground,run,comfortable,Overground_Run,Run_Comfortable,C:/Users/KUBA/GitProjects/WKIRO-Project/data/MR015/Session2/Overground_Run/Run_Comfortable/Post_Process/Run_Comfortable8.csv,MR015,18,train
MR015,Session2,overground,run,comfortable,Overground_Run,Run_Comfortable,C:/Users/KUBA/GitProjects/WKIRO-Project/data/MR015/Session2/Overground_Run/Run_Comfortable/Post_Process/Run_Comfortable9.csv,MR015,18,train
MR015,Session2,overground,run,fast,Overground_Run,Run_Fast,C:/Users/KUBA/GitProjects/WKIRO-Project/data/MR015/Session2/Overground_Run/Run_Fast/Post_Process/Run_Fast1.csv,MR015,18,val
MR015,Session2,overground,run,fast,Overground_Run,Run_Fast,C:/Users/KUBA/GitProjects/WKIRO-Project/data/MR015/Session2/Overground_Run/Run_Fast/Post_Process/Run_Fast10.csv,MR015,18,val
MR015,Session2,overground,run,fast,Overground_Run,Run_Fast,C:/Users/KUBA/GitProjects/WKIRO-Project/data/MR015/Session2/Overground_Run/Run_Fast/Post_Process/Run_Fast2.csv,MR015,18,train
MR015,Session2,overground,run,fast,Overground_Run,Run_Fast,C:/Users/KUBA/GitProjects/WKIRO-Project/data/MR015/Session2/Overground_Run/Run_Fast/Post_Process/Run_Fast3.csv,MR015,18,test
MR015,Session2,overground,run,fast,Overground_Run,Run_Fast,C:/Users/KUBA/GitProjects/WKIRO-Project/data/MR015/Session2/Overground_Run/Run_Fast/Post_Process/Run_Fast4.csv,MR015,18,train
MR015,Session2,overground,run,fast,Overground_Run,Run_Fast,C:/Users/KUBA/GitProjects/WKIRO-Project/data/MR015/Session2/Overground_Run/Run_Fast/Post_Process/Run_Fast5.csv,MR015,18,train
MR015,Session2,overground,run,fast,Overground_Run,Run_Fast,C:/Users/KUBA/GitProjects/WKIRO-Project/data/MR015/Session2/Overground_Run/Run_Fast/Post_Process/Run_Fast6.csv,MR015,18,test
MR015,Session2,overground,run,fast,Overground_Run,Run_Fast,C:/Users/KUBA/GitProjects/WKIRO-Project/data/MR015/Session2/Overground_Run/Run_Fast/Post_Process/Run_Fast7.csv,MR015,18,train
MR015,Session2,overground,run,fast,Overground_Run,Run_Fast,C:/Users/KUBA/GitProjects/WKIRO-Project/data/MR015/Session2/Overground_Run/Run_Fast/Post_Process/Run_Fast8.csv,MR015,18,train
MR015,Session2,overground,run,fast,Overground_Run,Run_Fast,C:/Users/KUBA/GitProjects/WKIRO-Project/data/MR015/Session2/Overground_Run/Run_Fast/Post_Process/Run_Fast9.csv,MR015,18,test
MR015,Session2,overground,walk,comfortable,Overground_Walk,Walk_Comfortable,C:/Users/KUBA/GitProjects/WKIRO-Project/data/MR015/Session2/Overground_Walk/Walk_Comfortable/Post_Process/Walk_Comfortable1.csv,MR015,18,val
MR015,Session2,overground,walk,comfortable,Overground_Walk,Walk_Comfortable,C:/Users/KUBA/GitProjects/WKIRO-Project/data/MR015/Session2/Overground_Walk/Walk_Comfortable/Post_Process/Walk_Comfortable2.csv,MR015,18,train
MR015,Session2,overground,walk,comfortable,Overground_Walk,Walk_Comfortable,C:/Users/KUBA/GitProjects/WKIRO-Project/data/MR015/Session2/Overground_Walk/Walk_Comfortable/Post_Process/Walk_Comfortable3.csv,MR015,18,test
MR015,Session2,overground,walk,comfortable,Overground_Walk,Walk_Comfortable,C:/Users/KUBA/GitProjects/WKIRO-Project/data/MR015/Session2/Overground_Walk/Walk_Comfortable/Post_Process/Walk_Comfortable4.csv,MR015,18,val
MR015,Session2,overground,walk,comfortable,Overground_Walk,Walk_Comfortable,C:/Users/KUBA/GitProjects/WKIRO-Project/data/MR015/Session2/Overground_Walk/Walk_Comfortable/Post_Process/Walk_Comfortable5.csv,MR015,18,train
MR015,Session2,overground,walk,comfortable,Overground_Walk,Walk_Comfortable,C:/Users/KUBA/GitProjects/WKIRO-Project/data/MR015/Session2/Overground_Walk/Walk_Comfortable/Post_Process/Walk_Comfortable6.csv,MR015,18,train
MR015,Session2,overground,walk,comfortable,Overground_Walk,Walk_Comfortable,C:/Users/KUBA/GitProjects/WKIRO-Project/data/MR015/Session2/Overground_Walk/Walk_Comfortable/Post_Process/Walk_Comfortable7.csv,MR015,18,train
MR015,Session2,overground,walk,comfortable,Overground_Walk,Walk_Comfortable,C:/Users/KUBA/GitProjects/WKIRO-Project/data/MR015/Session2/Overground_Walk/Walk_Comfortable/Post_Process/Walk_Comfortable8.csv,MR015,18,test
MR015,Session2,overground,walk,fast,Overground_Walk,Walk_Fast,C:/Users/KUBA/GitProjects/WKIRO-Project/data/MR015/Session2/Overground_Walk/Walk_Fast/Post_Process/Walk_Fast1.csv,MR015,18,val
MR015,Session2,overground,walk,fast,Overground_Walk,Walk_Fast,C:/Users/KUBA/GitProjects/WKIRO-Project/data/MR015/Session2/Overground_Walk/Walk_Fast/Post_Process/Walk_Fast2.csv,MR015,18,train
MR015,Session2,overground,walk,fast,Overground_Walk,Walk_Fast,C:/Users/KUBA/GitProjects/WKIRO-Project/data/MR015/Session2/Overground_Walk/Walk_Fast/Post_Process/Walk_Fast3.csv,MR015,18,test
MR015,Session2,overground,walk,fast,Overground_Walk,Walk_Fast,C:/Users/KUBA/GitProjects/WKIRO-Project/data/MR015/Session2/Overground_Walk/Walk_Fast/Post_Process/Walk_Fast4.csv,MR015,18,test
MR015,Session2,overground,walk,fast,Overground_Walk,Walk_Fast,C:/Users/KUBA/GitProjects/WKIRO-Project/data/MR015/Session2/Overground_Walk/Walk_Fast/Post_Process/Walk_Fast5.csv,MR015,18,train
MR015,Session2,overground,walk,fast,Overground_Walk,Walk_Fast,C:/Users/KUBA/GitProjects/WKIRO-Project/data/MR015/Session2/Overground_Walk/Walk_Fast/Post_Process/Walk_Fast6.csv,MR015,18,train
MR015,Session2,overground,walk,fast,Overground_Walk,Walk_Fast,C:/Users/KUBA/GitProjects/WKIRO-Project/data/MR015/Session2/Overground_Walk/Walk_Fast/Post_Process/Walk_Fast7.csv,MR015,18,train
MR015,Session2,overground,walk,fast,Overground_Walk,Walk_Fast,C:/Users/KUBA/GitProjects/WKIRO-Project/data/MR015/Session2/Overground_Walk/Walk_Fast/Post_Process/Walk_Fast8.csv,MR015,18,train
MR015,Session2,overground,walk,slow,Overground_Walk,Walk_Slow,C:/Users/KUBA/GitProjects/WKIRO-Project/data/MR015/Session2/Overground_Walk/Walk_Slow/Post_Process/Walk_Slow1.csv,MR015,18,val
MR015,Session2,overground,walk,slow,Overground_Walk,Walk_Slow,C:/Users/KUBA/GitProjects/WKIRO-Project/data/MR015/Session2/Overground_Walk/Walk_Slow/Post_Process/Walk_Slow2.csv,MR015,18,train
MR015,Session2,overground,walk,slow,Overground_Walk,Walk_Slow,C:/Users/KUBA/GitProjects/WKIRO-Project/data/MR015/Session2/Overground_Walk/Walk_Slow/Post_Process/Walk_Slow3.csv,MR015,18,train
MR015,Session2,overground,walk,slow,Overground_Walk,Walk_Slow,C:/Users/KUBA/GitProjects/WKIRO-Project/data/MR015/Session2/Overground_Walk/Walk_Slow/Post_Process/Walk_Slow4.csv,MR015,18,train
MR015,Session2,overground,walk,slow,Overground_Walk,Walk_Slow,C:/Users/KUBA/GitProjects/WKIRO-Project/data/MR015/Session2/Overground_Walk/Walk_Slow/Post_Process/Walk_Slow5.csv,MR015,18,train
MR015,Session2,overground,walk,slow,Overground_Walk,Walk_Slow,C:/Users/KUBA/GitProjects/WKIRO-Project/data/MR015/Session2/Overground_Walk/Walk_Slow/Post_Process/Walk_Slow6.csv,MR015,18,val
MR015,Session2,treadmill,run,comfortable,Treadmill_Run,Treadmill_Run_Comfortable,C:/Users/KUBA/GitProjects/WKIRO-Project/data/MR015/Session2/Treadmill_Run/Treadmill_Run_Comfortable/Post_Process/Treadmill_Run_Comfortable.csv,MR015,18,train
MR015,Session2,treadmill,run,fast,Treadmill_Run,Treadmill_Run_Fast,C:/Users/KUBA/GitProjects/WKIRO-Project/data/MR015/Session2/Treadmill_Run/Treadmill_Run_Fast/Post_Process/Treadmill_Run_Fast.csv,MR015,18,val
MR015,Session2,treadmill,walk,comfortable,Treadmill_Walk,Treadmill_Walk_Comfortable,C:/Users/KUBA/GitProjects/WKIRO-Project/data/MR015/Session2/Treadmill_Walk/Treadmill_Walk_Comfortable/Post_Process/Treadmill_Walk_Comfortable.csv,MR015,18,train
MR015,Session2,treadmill,walk,fast,Treadmill_Walk,Treadmill_Walk_Fast,C:/Users/KUBA/GitProjects/WKIRO-Project/data/MR015/Session2/Treadmill_Walk/Treadmill_Walk_Fast/Post_Process/Treadmill_Walk_Fast.csv,MR015,18,train
MR015,Session2,treadmill,walk,slow,Treadmill_Walk,Treadmill_Walk_Slow,C:/Users/KUBA/GitProjects/WKIRO-Project/data/MR015/Session2/Treadmill_Walk/Treadmill_Walk_Slow/Post_Process/Treadmill_Walk_Slow.csv,MR015,18,train
OB010,Session1,overground,run,comfortable,Overground_Run,Run_Comfortable,C:/Users/KUBA/GitProjects/WKIRO-Project/data/OB010/Session1/Overground_Run/Run_Comfortable/Post_Process/Run_Comfortable1.csv,OB010,19,val
OB010,Session1,overground,run,comfortable,Overground_Run,Run_Comfortable,C:/Users/KUBA/GitProjects/WKIRO-Project/data/OB010/Session1/Overground_Run/Run_Comfortable/Post_Process/Run_Comfortable10.csv,OB010,19,train
OB010,Session1,overground,run,comfortable,Overground_Run,Run_Comfortable,C:/Users/KUBA/GitProjects/WKIRO-Project/data/OB010/Session1/Overground_Run/Run_Comfortable/Post_Process/Run_Comfortable2.csv,OB010,19,train
OB010,Session1,overground,run,comfortable,Overground_Run,Run_Comfortable,C:/Users/KUBA/GitProjects/WKIRO-Project/data/OB010/Session1/Overground_Run/Run_Comfortable/Post_Process/Run_Comfortable3.csv,OB010,19,train
OB010,Session1,overground,run,comfortable,Overground_Run,Run_Comfortable,C:/Users/KUBA/GitProjects/WKIRO-Project/data/OB010/Session1/Overground_Run/Run_Comfortable/Post_Process/Run_Comfortable4.csv,OB010,19,train
OB010,Session1,overground,run,comfortable,Overground_Run,Run_Comfortable,C:/Users/KUBA/GitProjects/WKIRO-Project/data/OB010/Session1/Overground_Run/Run_Comfortable/Post_Process/Run_Comfortable5.csv,OB010,19,test
OB010,Session1,overground,run,comfortable,Overground_Run,Run_Comfortable,C:/Users/KUBA/GitProjects/WKIRO-Project/data/OB010/Session1/Overground_Run/Run_Comfortable/Post_Process/Run_Comfortable6.csv,OB010,19,train
OB010,Session1,overground,run,comfortable,Overground_Run,Run_Comfortable,C:/Users/KUBA/GitProjects/WKIRO-Project/data/OB010/Session1/Overground_Run/Run_Comfortable/Post_Process/Run_Comfortable7.csv,OB010,19,train
OB010,Session1,overground,run,comfortable,Overground_Run,Run_Comfortable,C:/Users/KUBA/GitProjects/WKIRO-Project/data/OB010/Session1/Overground_Run/Run_Comfortable/Post_Process/Run_Comfortable8.csv,OB010,19,val
OB010,Session1,overground,run,comfortable,Overground_Run,Run_Comfortable,C:/Users/KUBA/GitProjects/WKIRO-Project/data/OB010/Session1/Overground_Run/Run_Comfortable/Post_Process/Run_Comfortable9.csv,OB010,19,train
OB010,Session1,overground,run,fast,Overground_Run,Run_Fast,C:/Users/KUBA/GitProjects/WKIRO-Project/data/OB010/Session1/Overground_Run/Run_Fast/Post_Process/Run_Fast1.csv,OB010,19,train
OB010,Session1,overground,run,fast,Overground_Run,Run_Fast,C:/Users/KUBA/GitProjects/WKIRO-Project/data/OB010/Session1/Overground_Run/Run_Fast/Post_Process/Run_Fast10.csv,OB010,19,train
OB010,Session1,overground,run,fast,Overground_Run,Run_Fast,C:/Users/KUBA/GitProjects/WKIRO-Project/data/OB010/Session1/Overground_Run/Run_Fast/Post_Process/Run_Fast11.csv,OB010,19,train
OB010,Session1,overground,run,fast,Overground_Run,Run_Fast,C:/Users/KUBA/GitProjects/WKIRO-Project/data/OB010/Session1/Overground_Run/Run_Fast/Post_Process/Run_Fast12.csv,OB010,19,train
OB010,Session1,overground,run,fast,Overground_Run,Run_Fast,C:/Users/KUBA/GitProjects/WKIRO-Project/data/OB010/Session1/Overground_Run/Run_Fast/Post_Process/Run_Fast13.csv,OB010,19,train
OB010,Session1,overground,run,fast,Overground_Run,Run_Fast,C:/Users/KUBA/GitProjects/WKIRO-Project/data/OB010/Session1/Overground_Run/Run_Fast/Post_Process/Run_Fast14.csv,OB010,19,train
OB010,Session1,overground,run,fast,Overground_Run,Run_Fast,C:/Users/KUBA/GitProjects/WKIRO-Project/data/OB010/Session1/Overground_Run/Run_Fast/Post_Process/Run_Fast15.csv,OB010,19,train
OB010,Session1,overground,run,fast,Overground_Run,Run_Fast,C:/Users/KUBA/GitProjects/WKIRO-Project/data/OB010/Session1/Overground_Run/Run_Fast/Post_Process/Run_Fast2.csv,OB010,19,train
OB010,Session1,overground,run,fast,Overground_Run,Run_Fast,C:/Users/KUBA/GitProjects/WKIRO-Project/data/OB010/Session1/Overground_Run/Run_Fast/Post_Process/Run_Fast3.csv,OB010,19,train
OB010,Session1,overground,run,fast,Overground_Run,Run_Fast,C:/Users/KUBA/GitProjects/WKIRO-Project/data/OB010/Session1/Overground_Run/Run_Fast/Post_Process/Run_Fast4.csv,OB010,19,train
OB010,Session1,overground,run,fast,Overground_Run,Run_Fast,C:/Users/KUBA/GitProjects/WKIRO-Project/data/OB010/Session1/Overground_Run/Run_Fast/Post_Process/Run_Fast5.csv,OB010,19,val
OB010,Session1,overground,run,fast,Overground_Run,Run_Fast,C:/Users/KUBA/GitProjects/WKIRO-Project/data/OB010/Session1/Overground_Run/Run_Fast/Post_Process/Run_Fast6.csv,OB010,19,train
OB010,Session1,overground,run,fast,Overground_Run,Run_Fast,C:/Users/KUBA/GitProjects/WKIRO-Project/data/OB010/Session1/Overground_Run/Run_Fast/Post_Process/Run_Fast7.csv,OB010,19,train
OB010,Session1,overground,run,fast,Overground_Run,Run_Fast,C:/Users/KUBA/GitProjects/WKIRO-Project/data/OB010/Session1/Overground_Run/Run_Fast/Post_Process/Run_Fast8.csv,OB010,19,train
OB010,Session1,overground,run,fast,Overground_Run,Run_Fast,C:/Users/KUBA/GitProjects/WKIRO-Project/data/OB010/Session1/Overground_Run/Run_Fast/Post_Process/Run_Fast9.csv,OB010,19,train
OB010,Session1,overground,walk,comfortable,Overground_Walk,Walk_Comfortable,C:/Users/KUBA/GitProjects/WKIRO-Project/data/OB010/Session1/Overground_Walk/Walk_Comfortable/Post_Process/Walk_Comfortable1.csv,OB010,19,train
OB010,Session1,overground,walk,comfortable,Overground_Walk,Walk_Comfortable,C:/Users/KUBA/GitProjects/WKIRO-Project/data/OB010/Session1/Overground_Walk/Walk_Comfortable/Post_Process/Walk_Comfortable2.csv,OB010,19,train
OB010,Session1,overground,walk,comfortable,Overground_Walk,Walk_Comfortable,C:/Users/KUBA/GitProjects/WKIRO-Project/data/OB010/Session1/Overground_Walk/Walk_Comfortable/Post_Process/Walk_Comfortable3.csv,OB010,19,train
OB010,Session1,overground,walk,comfortable,Overground_Walk,Walk_Comfortable,C:/Users/KUBA/GitProjects/WKIRO-Project/data/OB010/Session1/Overground_Walk/Walk_Comfortable/Post_Process/Walk_Comfortable4.csv,OB010,19,test
OB010,Session1,overground,walk,comfortable,Overground_Walk,Walk_Comfortable,C:/Users/KUBA/GitProjects/WKIRO-Project/data/OB010/Session1/Overground_Walk/Walk_Comfortable/Post_Process/Walk_Comfortable5.csv,OB010,19,train
OB010,Session1,overground,walk,comfortable,Overground_Walk,Walk_Comfortable,C:/Users/KUBA/GitProjects/WKIRO-Project/data/OB010/Session1/Overground_Walk/Walk_Comfortable/Post_Process/Walk_Comfortable6.csv,OB010,19,train
OB010,Session1,overground,walk,fast,Overground_Walk,Walk_Fast,C:/Users/KUBA/GitProjects/WKIRO-Project/data/OB010/Session1/Overground_Walk/Walk_Fast/Post_Process/Walk_Fast1.csv,OB010,19,train
OB010,Session1,overground,walk,fast,Overground_Walk,Walk_Fast,C:/Users/KUBA/GitProjects/WKIRO-Project/data/OB010/Session1/Overground_Walk/Walk_Fast/Post_Process/Walk_Fast2.csv,OB010,19,test
OB010,Session1,overground,walk,fast,Overground_Walk,Walk_Fast,C:/Users/KUBA/GitProjects/WKIRO-Project/data/OB010/Session1/Overground_Walk/Walk_Fast/Post_Process/Walk_Fast3.csv,OB010,19,train
OB010,Session1,overground,walk,fast,Overground_Walk,Walk_Fast,C:/Users/KUBA/GitProjects/WKIRO-Project/data/OB010/Session1/Overground_Walk/Walk_Fast/Post_Process/Walk_Fast4.csv,OB010,19,train
OB010,Session1,overground,walk,fast,Overground_Walk,Walk_Fast,C:/Users/KUBA/GitProjects/WKIRO-Project/data/OB010/Session1/Overground_Walk/Walk_Fast/Post_Process/Walk_Fast5.csv,OB010,19,train
OB010,Session1,overground,walk,fast,Overground_Walk,Walk_Fast,C:/Users/KUBA/GitProjects/WKIRO-Project/data/OB010/Session1/Overground_Walk/Walk_Fast/Post_Process/Walk_Fast6.csv,OB010,19,train
OB010,Session1,overground,walk,fast,Overground_Walk,Walk_Fast,C:/Users/KUBA/GitProjects/WKIRO-Project/data/OB010/Session1/Overground_Walk/Walk_Fast/Post_Process/Walk_Fast7.csv,OB010,19,train
OB010,Session1,overground,walk,fast,Overground_Walk,Walk_Fast,C:/Users/KUBA/GitProjects/WKIRO-Project/data/OB010/Session1/Overground_Walk/Walk_Fast/Post_Process/Walk_Fast8.csv,OB010,19,val
OB010,Session1,overground,walk,slow,Overground_Walk,Walk_Slow,C:/Users/KUBA/GitProjects/WKIRO-Project/data/OB010/Session1/Overground_Walk/Walk_Slow/Post_Process/Walk_Slow1.csv,OB010,19,val
OB010,Session1,overground,walk,slow,Overground_Walk,Walk_Slow,C:/Users/KUBA/GitProjects/WKIRO-Project/data/OB010/Session1/Overground_Walk/Walk_Slow/Post_Process/Walk_Slow2.csv,OB010,19,val
OB010,Session1,overground,walk,slow,Overground_Walk,Walk_Slow,C:/Users/KUBA/GitProjects/WKIRO-Project/data/OB010/Session1/Overground_Walk/Walk_Slow/Post_Process/Walk_Slow3.csv,OB010,19,val
OB010,Session1,overground,walk,slow,Overground_Walk,Walk_Slow,C:/Users/KUBA/GitProjects/WKIRO-Project/data/OB010/Session1/Overground_Walk/Walk_Slow/Post_Process/Walk_Slow4.csv,OB010,19,train
OB010,Session1,overground,walk,slow,Overground_Walk,Walk_Slow,C:/Users/KUBA/GitProjects/WKIRO-Project/data/OB010/Session1/Overground_Walk/Walk_Slow/Post_Process/Walk_Slow5.csv,OB010,19,val
OB010,Session1,overground,walk,slow,Overground_Walk,Walk_Slow,C:/Users/KUBA/GitProjects/WKIRO-Project/data/OB010/Session1/Overground_Walk/Walk_Slow/Post_Process/Walk_Slow6.csv,OB010,19,val
OB010,Session1,treadmill,run,comfortable,Treadmill_Run,Treadmill_Run_Comfortable,C:/Users/KUBA/GitProjects/WKIRO-Project/data/OB010/Session1/Treadmill_Run/Treadmill_Run_Comfortable/Post_Process/Treadmill_Run_Comfortable.csv,OB010,19,val
OB010,Session1,treadmill,run,fast,Treadmill_Run,Treadmill_Run_Fast,C:/Users/KUBA/GitProjects/WKIRO-Project/data/OB010/Session1/Treadmill_Run/Treadmill_Run_Fast/Post_Process/Treadmill_Run_Fast.csv,OB010,19,train
OB010,Session1,treadmill,walk,comfortable,Treadmill_Walk,Treadmill_Walk_Comfortable,C:/Users/KUBA/GitProjects/WKIRO-Project/data/OB010/Session1/Treadmill_Walk/Treadmill_Walk_Comfortable/Post_Process/Treadmill_Walk_Comfortable.csv,OB010,19,val
OB010,Session1,treadmill,walk,fast,Treadmill_Walk,Treadmill_Walk_Fast,C:/Users/KUBA/GitProjects/WKIRO-Project/data/OB010/Session1/Treadmill_Walk/Treadmill_Walk_Fast/Post_Process/Treadmill_Walk_Fast.csv,OB010,19,train
OB010,Session1,treadmill,walk,slow,Treadmill_Walk,Treadmill_Walk_Slow,C:/Users/KUBA/GitProjects/WKIRO-Project/data/OB010/Session1/Treadmill_Walk/Treadmill_Walk_Slow/Post_Process/Treadmill_Walk_Slow.csv,OB010,19,test
OB010,Session2,overground,run,comfortable,Overground_Run,Run_Comfortable,C:/Users/KUBA/GitProjects/WKIRO-Project/data/OB010/Session2/Overground_Run/Run_Comfortable/Post_Process/Run_Comfortable1.csv,OB010,19,train
OB010,Session2,overground,run,comfortable,Overground_Run,Run_Comfortable,C:/Users/KUBA/GitProjects/WKIRO-Project/data/OB010/Session2/Overground_Run/Run_Comfortable/Post_Process/Run_Comfortable10.csv,OB010,19,train
OB010,Session2,overground,run,comfortable,Overground_Run,Run_Comfortable,C:/Users/KUBA/GitProjects/WKIRO-Project/data/OB010/Session2/Overground_Run/Run_Comfortable/Post_Process/Run_Comfortable11.csv,OB010,19,train
OB010,Session2,overground,run,comfortable,Overground_Run,Run_Comfortable,C:/Users/KUBA/GitProjects/WKIRO-Project/data/OB010/Session2/Overground_Run/Run_Comfortable/Post_Process/Run_Comfortable12.csv,OB010,19,train
OB010,Session2,overground,run,comfortable,Overground_Run,Run_Comfortable,C:/Users/KUBA/GitProjects/WKIRO-Project/data/OB010/Session2/Overground_Run/Run_Comfortable/Post_Process/Run_Comfortable13.csv,OB010,19,val
OB010,Session2,overground,run,comfortable,Overground_Run,Run_Comfortable,C:/Users/KUBA/GitProjects/WKIRO-Project/data/OB010/Session2/Overground_Run/Run_Comfortable/Post_Process/Run_Comfortable14.csv,OB010,19,train
OB010,Session2,overground,run,comfortable,Overground_Run,Run_Comfortable,C:/Users/KUBA/GitProjects/WKIRO-Project/data/OB010/Session2/Overground_Run/Run_Comfortable/Post_Process/Run_Comfortable2.csv,OB010,19,train
OB010,Session2,overground,run,comfortable,Overground_Run,Run_Comfortable,C:/Users/KUBA/GitProjects/WKIRO-Project/data/OB010/Session2/Overground_Run/Run_Comfortable/Post_Process/Run_Comfortable3.csv,OB010,19,train
OB010,Session2,overground,run,comfortable,Overground_Run,Run_Comfortable,C:/Users/KUBA/GitProjects/WKIRO-Project/data/OB010/Session2/Overground_Run/Run_Comfortable/Post_Process/Run_Comfortable4.csv,OB010,19,train
OB010,Session2,overground,run,comfortable,Overground_Run,Run_Comfortable,C:/Users/KUBA/GitProjects/WKIRO-Project/data/OB010/Session2/Overground_Run/Run_Comfortable/Post_Process/Run_Comfortable5.csv,OB010,19,val
OB010,Session2,overground,run,comfortable,Overground_Run,Run_Comfortable,C:/Users/KUBA/GitProjects/WKIRO-Project/data/OB010/Session2/Overground_Run/Run_Comfortable/Post_Process/Run_Comfortable6.csv,OB010,19,train
OB010,Session2,overground,run,comfortable,Overground_Run,Run_Comfortable,C:/Users/KUBA/GitProjects/WKIRO-Project/data/OB010/Session2/Overground_Run/Run_Comfortable/Post_Process/Run_Comfortable7.csv,OB010,19,train
OB010,Session2,overground,run,comfortable,Overground_Run,Run_Comfortable,C:/Users/KUBA/GitProjects/WKIRO-Project/data/OB010/Session2/Overground_Run/Run_Comfortable/Post_Process/Run_Comfortable8.csv,OB010,19,train
OB010,Session2,overground,run,comfortable,Overground_Run,Run_Comfortable,C:/Users/KUBA/GitProjects/WKIRO-Project/data/OB010/Session2/Overground_Run/Run_Comfortable/Post_Process/Run_Comfortable9.csv,OB010,19,train
OB010,Session2,overground,run,fast,Overground_Run,Run_Fast,C:/Users/KUBA/GitProjects/WKIRO-Project/data/OB010/Session2/Overground_Run/Run_Fast/Post_Process/Run_Fast1.csv,OB010,19,train
OB010,Session2,overground,run,fast,Overground_Run,Run_Fast,C:/Users/KUBA/GitProjects/WKIRO-Project/data/OB010/Session2/Overground_Run/Run_Fast/Post_Process/Run_Fast10.csv,OB010,19,train
OB010,Session2,overground,run,fast,Overground_Run,Run_Fast,C:/Users/KUBA/GitProjects/WKIRO-Project/data/OB010/Session2/Overground_Run/Run_Fast/Post_Process/Run_Fast11.csv,OB010,19,train
OB010,Session2,overground,run,fast,Overground_Run,Run_Fast,C:/Users/KUBA/GitProjects/WKIRO-Project/data/OB010/Session2/Overground_Run/Run_Fast/Post_Process/Run_Fast12.csv,OB010,19,train
OB010,Session2,overground,run,fast,Overground_Run,Run_Fast,C:/Users/KUBA/GitProjects/WKIRO-Project/data/OB010/Session2/Overground_Run/Run_Fast/Post_Process/Run_Fast13.csv,OB010,19,train
OB010,Session2,overground,run,fast,Overground_Run,Run_Fast,C:/Users/KUBA/GitProjects/WKIRO-Project/data/OB010/Session2/Overground_Run/Run_Fast/Post_Process/Run_Fast14.csv,OB010,19,train
OB010,Session2,overground,run,fast,Overground_Run,Run_Fast,C:/Users/KUBA/GitProjects/WKIRO-Project/data/OB010/Session2/Overground_Run/Run_Fast/Post_Process/Run_Fast2.csv,OB010,19,train
OB010,Session2,overground,run,fast,Overground_Run,Run_Fast,C:/Users/KUBA/GitProjects/WKIRO-Project/data/OB010/Session2/Overground_Run/Run_Fast/Post_Process/Run_Fast3.csv,OB010,19,test
OB010,Session2,overground,run,fast,Overground_Run,Run_Fast,C:/Users/KUBA/GitProjects/WKIRO-Project/data/OB010/Session2/Overground_Run/Run_Fast/Post_Process/Run_Fast4.csv,OB010,19,val
OB010,Session2,overground,run,fast,Overground_Run,Run_Fast,C:/Users/KUBA/GitProjects/WKIRO-Project/data/OB010/Session2/Overground_Run/Run_Fast/Post_Process/Run_Fast5.csv,OB010,19,val
OB010,Session2,overground,run,fast,Overground_Run,Run_Fast,C:/Users/KUBA/GitProjects/WKIRO-Project/data/OB010/Session2/Overground_Run/Run_Fast/Post_Process/Run_Fast6.csv,OB010,19,test
OB010,Session2,overground,run,fast,Overground_Run,Run_Fast,C:/Users/KUBA/GitProjects/WKIRO-Project/data/OB010/Session2/Overground_Run/Run_Fast/Post_Process/Run_Fast7.csv,OB010,19,train
OB010,Session2,overground,run,fast,Overground_Run,Run_Fast,C:/Users/KUBA/GitProjects/WKIRO-Project/data/OB010/Session2/Overground_Run/Run_Fast/Post_Process/Run_Fast8.csv,OB010,19,train
OB010,Session2,overground,run,fast,Overground_Run,Run_Fast,C:/Users/KUBA/GitProjects/WKIRO-Project/data/OB010/Session2/Overground_Run/Run_Fast/Post_Process/Run_Fast9.csv,OB010,19,train
OB010,Session2,overground,walk,comfortable,Overground_Walk,Walk_Comfortable,C:/Users/KUBA/GitProjects/WKIRO-Project/data/OB010/Session2/Overground_Walk/Walk_Comfortable/Post_Process/Walk_Comfortable1.csv,OB010,19,train
OB010,Session2,overground,walk,comfortable,Overground_Walk,Walk_Comfortable,C:/Users/KUBA/GitProjects/WKIRO-Project/data/OB010/Session2/Overground_Walk/Walk_Comfortable/Post_Process/Walk_Comfortable2.csv,OB010,19,train
OB010,Session2,overground,walk,comfortable,Overground_Walk,Walk_Comfortable,C:/Users/KUBA/GitProjects/WKIRO-Project/data/OB010/Session2/Overground_Walk/Walk_Comfortable/Post_Process/Walk_Comfortable3.csv,OB010,19,train
OB010,Session2,overground,walk,comfortable,Overground_Walk,Walk_Comfortable,C:/Users/KUBA/GitProjects/WKIRO-Project/data/OB010/Session2/Overground_Walk/Walk_Comfortable/Post_Process/Walk_Comfortable4.csv,OB010,19,train
OB010,Session2,overground,walk,fast,Overground_Walk,Walk_Fast,C:/Users/KUBA/GitProjects/WKIRO-Project/data/OB010/Session2/Overground_Walk/Walk_Fast/Post_Process/Walk_Fast1.csv,OB010,19,test
OB010,Session2,overground,walk,fast,Overground_Walk,Walk_Fast,C:/Users/KUBA/GitProjects/WKIRO-Project/data/OB010/Session2/Overground_Walk/Walk_Fast/Post_Process/Walk_Fast2.csv,OB010,19,test
OB010,Session2,overground,walk,fast,Overground_Walk,Walk_Fast,C:/Users/KUBA/GitProjects/WKIRO-Project/data/OB010/Session2/Overground_Walk/Walk_Fast/Post_Process/Walk_Fast3.csv,OB010,19,train
OB010,Session2,overground,walk,fast,Overground_Walk,Walk_Fast,C:/Users/KUBA/GitProjects/WKIRO-Project/data/OB010/Session2/Overground_Walk/Walk_Fast/Post_Process/Walk_Fast4.csv,OB010,19,train
OB010,Session2,overground,walk,fast,Overground_Walk,Walk_Fast,C:/Users/KUBA/GitProjects/WKIRO-Project/data/OB010/Session2/Overground_Walk/Walk_Fast/Post_Process/Walk_Fast5.csv,OB010,19,train
OB010,Session2,overground,walk,fast,Overground_Walk,Walk_Fast,C:/Users/KUBA/GitProjects/WKIRO-Project/data/OB010/Session2/Overground_Walk/Walk_Fast/Post_Process/Walk_Fast6.csv,OB010,19,test
OB010,Session2,overground,walk,fast,Overground_Walk,Walk_Fast,C:/Users/KUBA/GitProjects/WKIRO-Project/data/OB010/Session2/Overground_Walk/Walk_Fast/Post_Process/Walk_Fast7.csv,OB010,19,test
OB010,Session2,overground,walk,fast,Overground_Walk,Walk_Fast,C:/Users/KUBA/GitProjects/WKIRO-Project/data/OB010/Session2/Overground_Walk/Walk_Fast/Post_Process/Walk_Fast8.csv,OB010,19,test
OB010,Session2,overground,walk,slow,Overground_Walk,Walk_Slow,C:/Users/KUBA/GitProjects/WKIRO-Project/data/OB010/Session2/Overground_Walk/Walk_Slow/Post_Process/Walk_Slow1.csv,OB010,19,test
OB010,Session2,overground,walk,slow,Overground_Walk,Walk_Slow,C:/Users/KUBA/GitProjects/WKIRO-Project/data/OB010/Session2/Overground_Walk/Walk_Slow/Post_Process/Walk_Slow2.csv,OB010,19,train
OB010,Session2,overground,walk,slow,Overground_Walk,Walk_Slow,C:/Users/KUBA/GitProjects/WKIRO-Project/data/OB010/Session2/Overground_Walk/Walk_Slow/Post_Process/Walk_Slow3.csv,OB010,19,train
OB010,Session2,overground,walk,slow,Overground_Walk,Walk_Slow,C:/Users/KUBA/GitProjects/WKIRO-Project/data/OB010/Session2/Overground_Walk/Walk_Slow/Post_Process/Walk_Slow4.csv,OB010,19,test
OB010,Session2,overground,walk,slow,Overground_Walk,Walk_Slow,C:/Users/KUBA/GitProjects/WKIRO-Project/data/OB010/Session2/Overground_Walk/Walk_Slow/Post_Process/Walk_Slow5.csv,OB010,19,train
OB010,Session2,overground,walk,slow,Overground_Walk,Walk_Slow,C:/Users/KUBA/GitProjects/WKIRO-Project/data/OB010/Session2/Overground_Walk/Walk_Slow/Post_Process/Walk_Slow6.csv,OB010,19,test
OB010,Session2,treadmill,run,comfortable,Treadmill_Run,Treadmill_Run_Comfortable,C:/Users/KUBA/GitProjects/WKIRO-Project/data/OB010/Session2/Treadmill_Run/Treadmill_Run_Comfortable/Post_Process/Treadmill_Run_Comfortable.csv,OB010,19,train
OB010,Session2,treadmill,run,fast,Treadmill_Run,Treadmill_Run_Fast,C:/Users/KUBA/GitProjects/WKIRO-Project/data/OB010/Session2/Treadmill_Run/Treadmill_Run_Fast/Post_Process/Treadmill_Run_Fast.csv,OB010,19,train
OB010,Session2,treadmill,walk,comfortable,Treadmill_Walk,Treadmill_Walk_Comfortable,C:/Users/KUBA/GitProjects/WKIRO-Project/data/OB010/Session2/Treadmill_Walk/Treadmill_Walk_Comfortable/Post_Process/Treadmill_Walk_Comfortable.csv,OB010,19,train
OB010,Session2,treadmill,walk,fast,Treadmill_Walk,Treadmill_Walk_Fast,C:/Users/KUBA/GitProjects/WKIRO-Project/data/OB010/Session2/Treadmill_Walk/Treadmill_Walk_Fast/Post_Process/Treadmill_Walk_Fast.csv,OB010,19,train
OB010,Session2,treadmill,walk,slow,Treadmill_Walk,Treadmill_Walk_Slow,C:/Users/KUBA/GitProjects/WKIRO-Project/data/OB010/Session2/Treadmill_Walk/Treadmill_Walk_Slow/Post_Process/Treadmill_Walk_Slow.csv,OB010,19,test
PC008,Session1,overground,run,comfortable,Overground_Run,Run_Comfortable,C:/Users/KUBA/GitProjects/WKIRO-Project/data/PC008/Session1/Overground_Run/Run_Comfortable/Post_Process/Run_Comfortable1.csv,PC008,20,train
PC008,Session1,overground,run,comfortable,Overground_Run,Run_Comfortable,C:/Users/KUBA/GitProjects/WKIRO-Project/data/PC008/Session1/Overground_Run/Run_Comfortable/Post_Process/Run_Comfortable10.csv,PC008,20,train
PC008,Session1,overground,run,comfortable,Overground_Run,Run_Comfortable,C:/Users/KUBA/GitProjects/WKIRO-Project/data/PC008/Session1/Overground_Run/Run_Comfortable/Post_Process/Run_Comfortable2.csv,PC008,20,train
PC008,Session1,overground,run,comfortable,Overground_Run,Run_Comfortable,C:/Users/KUBA/GitProjects/WKIRO-Project/data/PC008/Session1/Overground_Run/Run_Comfortable/Post_Process/Run_Comfortable3.csv,PC008,20,train
PC008,Session1,overground,run,comfortable,Overground_Run,Run_Comfortable,C:/Users/KUBA/GitProjects/WKIRO-Project/data/PC008/Session1/Overground_Run/Run_Comfortable/Post_Process/Run_Comfortable4.csv,PC008,20,train
PC008,Session1,overground,run,comfortable,Overground_Run,Run_Comfortable,C:/Users/KUBA/GitProjects/WKIRO-Project/data/PC008/Session1/Overground_Run/Run_Comfortable/Post_Process/Run_Comfortable5.csv,PC008,20,test
PC008,Session1,overground,run,comfortable,Overground_Run,Run_Comfortable,C:/Users/KUBA/GitProjects/WKIRO-Project/data/PC008/Session1/Overground_Run/Run_Comfortable/Post_Process/Run_Comfortable6.csv,PC008,20,val
PC008,Session1,overground,run,comfortable,Overground_Run,Run_Comfortable,C:/Users/KUBA/GitProjects/WKIRO-Project/data/PC008/Session1/Overground_Run/Run_Comfortable/Post_Process/Run_Comfortable7.csv,PC008,20,train
PC008,Session1,overground,run,comfortable,Overground_Run,Run_Comfortable,C:/Users/KUBA/GitProjects/WKIRO-Project/data/PC008/Session1/Overground_Run/Run_Comfortable/Post_Process/Run_Comfortable8.csv,PC008,20,val
PC008,Session1,overground,run,comfortable,Overground_Run,Run_Comfortable,C:/Users/KUBA/GitProjects/WKIRO-Project/data/PC008/Session1/Overground_Run/Run_Comfortable/Post_Process/Run_Comfortable9.csv,PC008,20,test
PC008,Session1,overground,run,fast,Overground_Run,Run_Fast,C:/Users/KUBA/GitProjects/WKIRO-Project/data/PC008/Session1/Overground_Run/Run_Fast/Post_Process/Run_Fast1.csv,PC008,20,train
PC008,Session1,overground,run,fast,Overground_Run,Run_Fast,C:/Users/KUBA/GitProjects/WKIRO-Project/data/PC008/Session1/Overground_Run/Run_Fast/Post_Process/Run_Fast10.csv,PC008,20,test
PC008,Session1,overground,run,fast,Overground_Run,Run_Fast,C:/Users/KUBA/GitProjects/WKIRO-Project/data/PC008/Session1/Overground_Run/Run_Fast/Post_Process/Run_Fast11.csv,PC008,20,train
PC008,Session1,overground,run,fast,Overground_Run,Run_Fast,C:/Users/KUBA/GitProjects/WKIRO-Project/data/PC008/Session1/Overground_Run/Run_Fast/Post_Process/Run_Fast12.csv,PC008,20,test
PC008,Session1,overground,run,fast,Overground_Run,Run_Fast,C:/Users/KUBA/GitProjects/WKIRO-Project/data/PC008/Session1/Overground_Run/Run_Fast/Post_Process/Run_Fast13.csv,PC008,20,train
PC008,Session1,overground,run,fast,Overground_Run,Run_Fast,C:/Users/KUBA/GitProjects/WKIRO-Project/data/PC008/Session1/Overground_Run/Run_Fast/Post_Process/Run_Fast14.csv,PC008,20,test
PC008,Session1,overground,run,fast,Overground_Run,Run_Fast,C:/Users/KUBA/GitProjects/WKIRO-Project/data/PC008/Session1/Overground_Run/Run_Fast/Post_Process/Run_Fast15.csv,PC008,20,val
PC008,Session1,overground,run,fast,Overground_Run,Run_Fast,C:/Users/KUBA/GitProjects/WKIRO-Project/data/PC008/Session1/Overground_Run/Run_Fast/Post_Process/Run_Fast2.csv,PC008,20,train
PC008,Session1,overground,run,fast,Overground_Run,Run_Fast,C:/Users/KUBA/GitProjects/WKIRO-Project/data/PC008/Session1/Overground_Run/Run_Fast/Post_Process/Run_Fast3.csv,PC008,20,train
PC008,Session1,overground,run,fast,Overground_Run,Run_Fast,C:/Users/KUBA/GitProjects/WKIRO-Project/data/PC008/Session1/Overground_Run/Run_Fast/Post_Process/Run_Fast4.csv,PC008,20,test
PC008,Session1,overground,run,fast,Overground_Run,Run_Fast,C:/Users/KUBA/GitProjects/WKIRO-Project/data/PC008/Session1/Overground_Run/Run_Fast/Post_Process/Run_Fast5.csv,PC008,20,train
PC008,Session1,overground,run,fast,Overground_Run,Run_Fast,C:/Users/KUBA/GitProjects/WKIRO-Project/data/PC008/Session1/Overground_Run/Run_Fast/Post_Process/Run_Fast6.csv,PC008,20,train
PC008,Session1,overground,run,fast,Overground_Run,Run_Fast,C:/Users/KUBA/GitProjects/WKIRO-Project/data/PC008/Session1/Overground_Run/Run_Fast/Post_Process/Run_Fast7.csv,PC008,20,val
PC008,Session1,overground,run,fast,Overground_Run,Run_Fast,C:/Users/KUBA/GitProjects/WKIRO-Project/data/PC008/Session1/Overground_Run/Run_Fast/Post_Process/Run_Fast8.csv,PC008,20,train
PC008,Session1,overground,run,fast,Overground_Run,Run_Fast,C:/Users/KUBA/GitProjects/WKIRO-Project/data/PC008/Session1/Overground_Run/Run_Fast/Post_Process/Run_Fast9.csv,PC008,20,train
PC008,Session1,overground,walk,comfortable,Overground_Walk,Walk_Comfortable,C:/Users/KUBA/GitProjects/WKIRO-Project/data/PC008/Session1/Overground_Walk/Walk_Comfortable/Post_Process/Walk_Comfortable1.csv,PC008,20,val
PC008,Session1,overground,walk,comfortable,Overground_Walk,Walk_Comfortable,C:/Users/KUBA/GitProjects/WKIRO-Project/data/PC008/Session1/Overground_Walk/Walk_Comfortable/Post_Process/Walk_Comfortable2.csv,PC008,20,train
PC008,Session1,overground,walk,comfortable,Overground_Walk,Walk_Comfortable,C:/Users/KUBA/GitProjects/WKIRO-Project/data/PC008/Session1/Overground_Walk/Walk_Comfortable/Post_Process/Walk_Comfortable3.csv,PC008,20,val
PC008,Session1,overground,walk,comfortable,Overground_Walk,Walk_Comfortable,C:/Users/KUBA/GitProjects/WKIRO-Project/data/PC008/Session1/Overground_Walk/Walk_Comfortable/Post_Process/Walk_Comfortable4.csv,PC008,20,train
PC008,Session1,overground,walk,comfortable,Overground_Walk,Walk_Comfortable,C:/Users/KUBA/GitProjects/WKIRO-Project/data/PC008/Session1/Overground_Walk/Walk_Comfortable/Post_Process/Walk_Comfortable5.csv,PC008,20,val
PC008,Session1,overground,walk,comfortable,Overground_Walk,Walk_Comfortable,C:/Users/KUBA/GitProjects/WKIRO-Project/data/PC008/Session1/Overground_Walk/Walk_Comfortable/Post_Process/Walk_Comfortable6.csv,PC008,20,train
PC008,Session1,overground,walk,comfortable,Overground_Walk,Walk_Comfortable,C:/Users/KUBA/GitProjects/WKIRO-Project/data/PC008/Session1/Overground_Walk/Walk_Comfortable/Post_Process/Walk_Comfortable7.csv,PC008,20,val
PC008,Session1,overground,walk,comfortable,Overground_Walk,Walk_Comfortable,C:/Users/KUBA/GitProjects/WKIRO-Project/data/PC008/Session1/Overground_Walk/Walk_Comfortable/Post_Process/Walk_Comfortable8.csv,PC008,20,train
PC008,Session1,overground,walk,fast,Overground_Walk,Walk_Fast,C:/Users/KUBA/GitProjects/WKIRO-Project/data/PC008/Session1/Overground_Walk/Walk_Fast/Post_Process/Walk_Fast1.csv,PC008,20,train
PC008,Session1,overground,walk,fast,Overground_Walk,Walk_Fast,C:/Users/KUBA/GitProjects/WKIRO-Project/data/PC008/Session1/Overground_Walk/Walk_Fast/Post_Process/Walk_Fast2.csv,PC008,20,val
PC008,Session1,overground,walk,fast,Overground_Walk,Walk_Fast,C:/Users/KUBA/GitProjects/WKIRO-Project/data/PC008/Session1/Overground_Walk/Walk_Fast/Post_Process/Walk_Fast3.csv,PC008,20,train
PC008,Session1,overground,walk,fast,Overground_Walk,Walk_Fast,C:/Users/KUBA/GitProjects/WKIRO-Project/data/PC008/Session1/Overground_Walk/Walk_Fast/Post_Process/Walk_Fast4.csv,PC008,20,train
PC008,Session1,overground,walk,fast,Overground_Walk,Walk_Fast,C:/Users/KUBA/GitProjects/WKIRO-Project/data/PC008/Session1/Overground_Walk/Walk_Fast/Post_Process/Walk_Fast5.csv,PC008,20,test
PC008,Session1,overground,walk,fast,Overground_Walk,Walk_Fast,C:/Users/KUBA/GitProjects/WKIRO-Project/data/PC008/Session1/Overground_Walk/Walk_Fast/Post_Process/Walk_Fast6.csv,PC008,20,train
PC008,Session1,overground,walk,fast,Overground_Walk,Walk_Fast,C:/Users/KUBA/GitProjects/WKIRO-Project/data/PC008/Session1/Overground_Walk/Walk_Fast/Post_Process/Walk_Fast7.csv,PC008,20,val
PC008,Session1,overground,walk,fast,Overground_Walk,Walk_Fast,C:/Users/KUBA/GitProjects/WKIRO-Project/data/PC008/Session1/Overground_Walk/Walk_Fast/Post_Process/Walk_Fast8.csv,PC008,20,train
PC008,Session1,overground,walk,slow,Overground_Walk,Walk_Slow,C:/Users/KUBA/GitProjects/WKIRO-Project/data/PC008/Session1/Overground_Walk/Walk_Slow/Post_Process/Walk_Slow1.csv,PC008,20,train
PC008,Session1,overground,walk,slow,Overground_Walk,Walk_Slow,C:/Users/KUBA/GitProjects/WKIRO-Project/data/PC008/Session1/Overground_Walk/Walk_Slow/Post_Process/Walk_Slow2.csv,PC008,20,train
PC008,Session1,overground,walk,slow,Overground_Walk,Walk_Slow,C:/Users/KUBA/GitProjects/WKIRO-Project/data/PC008/Session1/Overground_Walk/Walk_Slow/Post_Process/Walk_Slow3.csv,PC008,20,train
PC008,Session1,overground,walk,slow,Overground_Walk,Walk_Slow,C:/Users/KUBA/GitProjects/WKIRO-Project/data/PC008/Session1/Overground_Walk/Walk_Slow/Post_Process/Walk_Slow4.csv,PC008,20,test
PC008,Session1,overground,walk,slow,Overground_Walk,Walk_Slow,C:/Users/KUBA/GitProjects/WKIRO-Project/data/PC008/Session1/Overground_Walk/Walk_Slow/Post_Process/Walk_Slow5.csv,PC008,20,train
PC008,Session1,overground,walk,slow,Overground_Walk,Walk_Slow,C:/Users/KUBA/GitProjects/WKIRO-Project/data/PC008/Session1/Overground_Walk/Walk_Slow/Post_Process/Walk_Slow6.csv,PC008,20,train
PC008,Session1,treadmill,run,comfortable,Treadmill_Run,Treadmill_Run_Comfortable,C:/Users/KUBA/GitProjects/WKIRO-Project/data/PC008/Session1/Treadmill_Run/Treadmill_Run_Comfortable/Post_Process/Treadmill_Run_Comfortable.csv,PC008,20,train
PC008,Session1,treadmill,run,fast,Treadmill_Run,Treadmill_Run_Fast,C:/Users/KUBA/GitProjects/WKIRO-Project/data/PC008/Session1/Treadmill_Run/Treadmill_Run_Fast/Post_Process/Treadmill_Run_Fast.csv,PC008,20,train
PC008,Session1,treadmill,walk,comfortable,Treadmill_Walk,Treadmill_Walk_Comfortable,C:/Users/KUBA/GitProjects/WKIRO-Project/data/PC008/Session1/Treadmill_Walk/Treadmill_Walk_Comfortable/Post_Process/Treadmill_Walk_Comfortable.csv,PC008,20,val
PC008,Session1,treadmill,walk,fast,Treadmill_Walk,Treadmill_Walk_Fast,C:/Users/KUBA/GitProjects/WKIRO-Project/data/PC008/Session1/Treadmill_Walk/Treadmill_Walk_Fast/Post_Process/Treadmill_Walk_Fast.csv,PC008,20,test
PC008,Session1,treadmill,walk,slow,Treadmill_Walk,Treadmill_Walk_Slow,C:/Users/KUBA/GitProjects/WKIRO-Project/data/PC008/Session1/Treadmill_Walk/Treadmill_Walk_Slow/Post_Process/Treadmill_Walk_Slow.csv,PC008,20,test
PC008,Session2,overground,run,comfortable,Overground_Run,Run_Comfortable,C:/Users/KUBA/GitProjects/WKIRO-Project/data/PC008/Session2/Overground_Run/Run_Comfortable/Post_Process/Run_Comfortable1.csv,PC008,20,test
PC008,Session2,overground,run,comfortable,Overground_Run,Run_Comfortable,C:/Users/KUBA/GitProjects/WKIRO-Project/data/PC008/Session2/Overground_Run/Run_Comfortable/Post_Process/Run_Comfortable10.csv,PC008,20,val
PC008,Session2,overground,run,comfortable,Overground_Run,Run_Comfortable,C:/Users/KUBA/GitProjects/WKIRO-Project/data/PC008/Session2/Overground_Run/Run_Comfortable/Post_Process/Run_Comfortable11.csv,PC008,20,train
PC008,Session2,overground,run,comfortable,Overground_Run,Run_Comfortable,C:/Users/KUBA/GitProjects/WKIRO-Project/data/PC008/Session2/Overground_Run/Run_Comfortable/Post_Process/Run_Comfortable12.csv,PC008,20,test
PC008,Session2,overground,run,comfortable,Overground_Run,Run_Comfortable,C:/Users/KUBA/GitProjects/WKIRO-Project/data/PC008/Session2/Overground_Run/Run_Comfortable/Post_Process/Run_Comfortable13.csv,PC008,20,test
PC008,Session2,overground,run,comfortable,Overground_Run,Run_Comfortable,C:/Users/KUBA/GitProjects/WKIRO-Project/data/PC008/Session2/Overground_Run/Run_Comfortable/Post_Process/Run_Comfortable14.csv,PC008,20,val
PC008,Session2,overground,run,comfortable,Overground_Run,Run_Comfortable,C:/Users/KUBA/GitProjects/WKIRO-Project/data/PC008/Session2/Overground_Run/Run_Comfortable/Post_Process/Run_Comfortable15.csv,PC008,20,train
PC008,Session2,overground,run,comfortable,Overground_Run,Run_Comfortable,C:/Users/KUBA/GitProjects/WKIRO-Project/data/PC008/Session2/Overground_Run/Run_Comfortable/Post_Process/Run_Comfortable16.csv,PC008,20,train
PC008,Session2,overground,run,comfortable,Overground_Run,Run_Comfortable,C:/Users/KUBA/GitProjects/WKIRO-Project/data/PC008/Session2/Overground_Run/Run_Comfortable/Post_Process/Run_Comfortable2.csv,PC008,20,train
PC008,Session2,overground,run,comfortable,Overground_Run,Run_Comfortable,C:/Users/KUBA/GitProjects/WKIRO-Project/data/PC008/Session2/Overground_Run/Run_Comfortable/Post_Process/Run_Comfortable3.csv,PC008,20,train
PC008,Session2,overground,run,comfortable,Overground_Run,Run_Comfortable,C:/Users/KUBA/GitProjects/WKIRO-Project/data/PC008/Session2/Overground_Run/Run_Comfortable/Post_Process/Run_Comfortable4.csv,PC008,20,train
PC008,Session2,overground,run,comfortable,Overground_Run,Run_Comfortable,C:/Users/KUBA/GitProjects/WKIRO-Project/data/PC008/Session2/Overground_Run/Run_Comfortable/Post_Process/Run_Comfortable5.csv,PC008,20,train
PC008,Session2,overground,run,comfortable,Overground_Run,Run_Comfortable,C:/Users/KUBA/GitProjects/WKIRO-Project/data/PC008/Session2/Overground_Run/Run_Comfortable/Post_Process/Run_Comfortable6.csv,PC008,20,train
PC008,Session2,overground,run,comfortable,Overground_Run,Run_Comfortable,C:/Users/KUBA/GitProjects/WKIRO-Project/data/PC008/Session2/Overground_Run/Run_Comfortable/Post_Process/Run_Comfortable7.csv,PC008,20,train
PC008,Session2,overground,run,comfortable,Overground_Run,Run_Comfortable,C:/Users/KUBA/GitProjects/WKIRO-Project/data/PC008/Session2/Overground_Run/Run_Comfortable/Post_Process/Run_Comfortable8.csv,PC008,20,train
PC008,Session2,overground,run,comfortable,Overground_Run,Run_Comfortable,C:/Users/KUBA/GitProjects/WKIRO-Project/data/PC008/Session2/Overground_Run/Run_Comfortable/Post_Process/Run_Comfortable9.csv,PC008,20,train
PC008,Session2,overground,run,fast,Overground_Run,Run_Fast,C:/Users/KUBA/GitProjects/WKIRO-Project/data/PC008/Session2/Overground_Run/Run_Fast/Post_Process/Run_Fast1.csv,PC008,20,train
PC008,Session2,overground,run,fast,Overground_Run,Run_Fast,C:/Users/KUBA/GitProjects/WKIRO-Project/data/PC008/Session2/Overground_Run/Run_Fast/Post_Process/Run_Fast10.csv,PC008,20,train
PC008,Session2,overground,run,fast,Overground_Run,Run_Fast,C:/Users/KUBA/GitProjects/WKIRO-Project/data/PC008/Session2/Overground_Run/Run_Fast/Post_Process/Run_Fast11.csv,PC008,20,val
PC008,Session2,overground,run,fast,Overground_Run,Run_Fast,C:/Users/KUBA/GitProjects/WKIRO-Project/data/PC008/Session2/Overground_Run/Run_Fast/Post_Process/Run_Fast12.csv,PC008,20,train
PC008,Session2,overground,run,fast,Overground_Run,Run_Fast,C:/Users/KUBA/GitProjects/WKIRO-Project/data/PC008/Session2/Overground_Run/Run_Fast/Post_Process/Run_Fast13.csv,PC008,20,train
PC008,Session2,overground,run,fast,Overground_Run,Run_Fast,C:/Users/KUBA/GitProjects/WKIRO-Project/data/PC008/Session2/Overground_Run/Run_Fast/Post_Process/Run_Fast14.csv,PC008,20,train
PC008,Session2,overground,run,fast,Overground_Run,Run_Fast,C:/Users/KUBA/GitProjects/WKIRO-Project/data/PC008/Session2/Overground_Run/Run_Fast/Post_Process/Run_Fast2.csv,PC008,20,test
PC008,Session2,overground,run,fast,Overground_Run,Run_Fast,C:/Users/KUBA/GitProjects/WKIRO-Project/data/PC008/Session2/Overground_Run/Run_Fast/Post_Process/Run_Fast3.csv,PC008,20,train
PC008,Session2,overground,run,fast,Overground_Run,Run_Fast,C:/Users/KUBA/GitProjects/WKIRO-Project/data/PC008/Session2/Overground_Run/Run_Fast/Post_Process/Run_Fast4.csv,PC008,20,train
PC008,Session2,overground,run,fast,Overground_Run,Run_Fast,C:/Users/KUBA/GitProjects/WKIRO-Project/data/PC008/Session2/Overground_Run/Run_Fast/Post_Process/Run_Fast5.csv,PC008,20,train
PC008,Session2,overground,run,fast,Overground_Run,Run_Fast,C:/Users/KUBA/GitProjects/WKIRO-Project/data/PC008/Session2/Overground_Run/Run_Fast/Post_Process/Run_Fast6.csv,PC008,20,train
PC008,Session2,overground,run,fast,Overground_Run,Run_Fast,C:/Users/KUBA/GitProjects/WKIRO-Project/data/PC008/Session2/Overground_Run/Run_Fast/Post_Process/Run_Fast7.csv,PC008,20,train
PC008,Session2,overground,run,fast,Overground_Run,Run_Fast,C:/Users/KUBA/GitProjects/WKIRO-Project/data/PC008/Session2/Overground_Run/Run_Fast/Post_Process/Run_Fast8.csv,PC008,20,train
PC008,Session2,overground,run,fast,Overground_Run,Run_Fast,C:/Users/KUBA/GitProjects/WKIRO-Project/data/PC008/Session2/Overground_Run/Run_Fast/Post_Process/Run_Fast9.csv,PC008,20,train
PC008,Session2,overground,walk,comfortable,Overground_Walk,Walk_Comfortable,C:/Users/KUBA/GitProjects/WKIRO-Project/data/PC008/Session2/Overground_Walk/Walk_Comfortable/Post_Process/Walk_Comfortable1.csv,PC008,20,val
PC008,Session2,overground,walk,comfortable,Overground_Walk,Walk_Comfortable,C:/Users/KUBA/GitProjects/WKIRO-Project/data/PC008/Session2/Overground_Walk/Walk_Comfortable/Post_Process/Walk_Comfortable10.csv,PC008,20,train
PC008,Session2,overground,walk,comfortable,Overground_Walk,Walk_Comfortable,C:/Users/KUBA/GitProjects/WKIRO-Project/data/PC008/Session2/Overground_Walk/Walk_Comfortable/Post_Process/Walk_Comfortable11.csv,PC008,20,test
PC008,Session2,overground,walk,comfortable,Overground_Walk,Walk_Comfortable,C:/Users/KUBA/GitProjects/WKIRO-Project/data/PC008/Session2/Overground_Walk/Walk_Comfortable/Post_Process/Walk_Comfortable12.csv,PC008,20,train
PC008,Session2,overground,walk,comfortable,Overground_Walk,Walk_Comfortable,C:/Users/KUBA/GitProjects/WKIRO-Project/data/PC008/Session2/Overground_Walk/Walk_Comfortable/Post_Process/Walk_Comfortable13.csv,PC008,20,train
PC008,Session2,overground,walk,comfortable,Overground_Walk,Walk_Comfortable,C:/Users/KUBA/GitProjects/WKIRO-Project/data/PC008/Session2/Overground_Walk/Walk_Comfortable/Post_Process/Walk_Comfortable14.csv,PC008,20,train
PC008,Session2,overground,walk,comfortable,Overground_Walk,Walk_Comfortable,C:/Users/KUBA/GitProjects/WKIRO-Project/data/PC008/Session2/Overground_Walk/Walk_Comfortable/Post_Process/Walk_Comfortable2.csv,PC008,20,train
PC008,Session2,overground,walk,comfortable,Overground_Walk,Walk_Comfortable,C:/Users/KUBA/GitProjects/WKIRO-Project/data/PC008/Session2/Overground_Walk/Walk_Comfortable/Post_Process/Walk_Comfortable3.csv,PC008,20,val
PC008,Session2,overground,walk,comfortable,Overground_Walk,Walk_Comfortable,C:/Users/KUBA/GitProjects/WKIRO-Project/data/PC008/Session2/Overground_Walk/Walk_Comfortable/Post_Process/Walk_Comfortable4.csv,PC008,20,train
PC008,Session2,overground,walk,comfortable,Overground_Walk,Walk_Comfortable,C:/Users/KUBA/GitProjects/WKIRO-Project/data/PC008/Session2/Overground_Walk/Walk_Comfortable/Post_Process/Walk_Comfortable5.csv,PC008,20,train
PC008,Session2,overground,walk,comfortable,Overground_Walk,Walk_Comfortable,C:/Users/KUBA/GitProjects/WKIRO-Project/data/PC008/Session2/Overground_Walk/Walk_Comfortable/Post_Process/Walk_Comfortable6.csv,PC008,20,train
PC008,Session2,overground,walk,comfortable,Overground_Walk,Walk_Comfortable,C:/Users/KUBA/GitProjects/WKIRO-Project/data/PC008/Session2/Overground_Walk/Walk_Comfortable/Post_Process/Walk_Comfortable7.csv,PC008,20,train
PC008,Session2,overground,walk,comfortable,Overground_Walk,Walk_Comfortable,C:/Users/KUBA/GitProjects/WKIRO-Project/data/PC008/Session2/Overground_Walk/Walk_Comfortable/Post_Process/Walk_Comfortable8.csv,PC008,20,train
PC008,Session2,overground,walk,comfortable,Overground_Walk,Walk_Comfortable,C:/Users/KUBA/GitProjects/WKIRO-Project/data/PC008/Session2/Overground_Walk/Walk_Comfortable/Post_Process/Walk_Comfortable9.csv,PC008,20,train
PC008,Session2,overground,walk,fast,Overground_Walk,Walk_Fast,C:/Users/KUBA/GitProjects/WKIRO-Project/data/PC008/Session2/Overground_Walk/Walk_Fast/Post_Process/Walk_Fast1.csv,PC008,20,train
PC008,Session2,overground,walk,fast,Overground_Walk,Walk_Fast,C:/Users/KUBA/GitProjects/WKIRO-Project/data/PC008/Session2/Overground_Walk/Walk_Fast/Post_Process/Walk_Fast10.csv,PC008,20,train
PC008,Session2,overground,walk,fast,Overground_Walk,Walk_Fast,C:/Users/KUBA/GitProjects/WKIRO-Project/data/PC008/Session2/Overground_Walk/Walk_Fast/Post_Process/Walk_Fast11.csv,PC008,20,train
PC008,Session2,overground,walk,fast,Overground_Walk,Walk_Fast,C:/Users/KUBA/GitProjects/WKIRO-Project/data/PC008/Session2/Overground_Walk/Walk_Fast/Post_Process/Walk_Fast12.csv,PC008,20,train
PC008,Session2,overground,walk,fast,Overground_Walk,Walk_Fast,C:/Users/KUBA/GitProjects/WKIRO-Project/data/PC008/Session2/Overground_Walk/Walk_Fast/Post_Process/Walk_Fast13.csv,PC008,20,train
PC008,Session2,overground,walk,fast,Overground_Walk,Walk_Fast,C:/Users/KUBA/GitProjects/WKIRO-Project/data/PC008/Session2/Overground_Walk/Walk_Fast/Post_Process/Walk_Fast14.csv,PC008,20,train
PC008,Session2,overground,walk,fast,Overground_Walk,Walk_Fast,C:/Users/KUBA/GitProjects/WKIRO-Project/data/PC008/Session2/Overground_Walk/Walk_Fast/Post_Process/Walk_Fast15.csv,PC008,20,val
PC008,Session2,overground,walk,fast,Overground_Walk,Walk_Fast,C:/Users/KUBA/GitProjects/WKIRO-Project/data/PC008/Session2/Overground_Walk/Walk_Fast/Post_Process/Walk_Fast16.csv,PC008,20,train
PC008,Session2,overground,walk,fast,Overground_Walk,Walk_Fast,C:/Users/KUBA/GitProjects/WKIRO-Project/data/PC008/Session2/Overground_Walk/Walk_Fast/Post_Process/Walk_Fast2.csv,PC008,20,train
PC008,Session2,overground,walk,fast,Overground_Walk,Walk_Fast,C:/Users/KUBA/GitProjects/WKIRO-Project/data/PC008/Session2/Overground_Walk/Walk_Fast/Post_Process/Walk_Fast3.csv,PC008,20,train
PC008,Session2,overground,walk,fast,Overground_Walk,Walk_Fast,C:/Users/KUBA/GitProjects/WKIRO-Project/data/PC008/Session2/Overground_Walk/Walk_Fast/Post_Process/Walk_Fast4.csv,PC008,20,train
PC008,Session2,overground,walk,fast,Overground_Walk,Walk_Fast,C:/Users/KUBA/GitProjects/WKIRO-Project/data/PC008/Session2/Overground_Walk/Walk_Fast/Post_Process/Walk_Fast5.csv,PC008,20,train
PC008,Session2,overground,walk,fast,Overground_Walk,Walk_Fast,C:/Users/KUBA/GitProjects/WKIRO-Project/data/PC008/Session2/Overground_Walk/Walk_Fast/Post_Process/Walk_Fast6.csv,PC008,20,train
PC008,Session2,overground,walk,fast,Overground_Walk,Walk_Fast,C:/Users/KUBA/GitProjects/WKIRO-Project/data/PC008/Session2/Overground_Walk/Walk_Fast/Post_Process/Walk_Fast7.csv,PC008,20,train
PC008,Session2,overground,walk,fast,Overground_Walk,Walk_Fast,C:/Users/KUBA/GitProjects/WKIRO-Project/data/PC008/Session2/Overground_Walk/Walk_Fast/Post_Process/Walk_Fast8.csv,PC008,20,train
PC008,Session2,overground,walk,fast,Overground_Walk,Walk_Fast,C:/Users/KUBA/GitProjects/WKIRO-Project/data/PC008/Session2/Overground_Walk/Walk_Fast/Post_Process/Walk_Fast9.csv,PC008,20,train
PC008,Session2,overground,walk,slow,Overground_Walk,Walk_Slow,C:/Users/KUBA/GitProjects/WKIRO-Project/data/PC008/Session2/Overground_Walk/Walk_Slow/Post_Process/Walk_Slow1.csv,PC008,20,train
PC008,Session2,overground,walk,slow,Overground_Walk,Walk_Slow,C:/Users/KUBA/GitProjects/WKIRO-Project/data/PC008/Session2/Overground_Walk/Walk_Slow/Post_Process/Walk_Slow10.csv,PC008,20,train
PC008,Session2,overground,walk,slow,Overground_Walk,Walk_Slow,C:/Users/KUBA/GitProjects/WKIRO-Project/data/PC008/Session2/Overground_Walk/Walk_Slow/Post_Process/Walk_Slow11.csv,PC008,20,train
PC008,Session2,overground,walk,slow,Overground_Walk,Walk_Slow,C:/Users/KUBA/GitProjects/WKIRO-Project/data/PC008/Session2/Overground_Walk/Walk_Slow/Post_Process/Walk_Slow12.csv,PC008,20,test
PC008,Session2,overground,walk,slow,Overground_Walk,Walk_Slow,C:/Users/KUBA/GitProjects/WKIRO-Project/data/PC008/Session2/Overground_Walk/Walk_Slow/Post_Process/Walk_Slow13.csv,PC008,20,train
PC008,Session2,overground,walk,slow,Overground_Walk,Walk_Slow,C:/Users/KUBA/GitProjects/WKIRO-Project/data/PC008/Session2/Overground_Walk/Walk_Slow/Post_Process/Walk_Slow14.csv,PC008,20,val
PC008,Session2,overground,walk,slow,Overground_Walk,Walk_Slow,C:/Users/KUBA/GitProjects/WKIRO-Project/data/PC008/Session2/Overground_Walk/Walk_Slow/Post_Process/Walk_Slow2.csv,PC008,20,train
PC008,Session2,overground,walk,slow,Overground_Walk,Walk_Slow,C:/Users/KUBA/GitProjects/WKIRO-Project/data/PC008/Session2/Overground_Walk/Walk_Slow/Post_Process/Walk_Slow3.csv,PC008,20,test
PC008,Session2,overground,walk,slow,Overground_Walk,Walk_Slow,C:/Users/KUBA/GitProjects/WKIRO-Project/data/PC008/Session2/Overground_Walk/Walk_Slow/Post_Process/Walk_Slow4.csv,PC008,20,train
PC008,Session2,overground,walk,slow,Overground_Walk,Walk_Slow,C:/Users/KUBA/GitProjects/WKIRO-Project/data/PC008/Session2/Overground_Walk/Walk_Slow/Post_Process/Walk_Slow5.csv,PC008,20,train
PC008,Session2,overground,walk,slow,Overground_Walk,Walk_Slow,C:/Users/KUBA/GitProjects/WKIRO-Project/data/PC008/Session2/Overground_Walk/Walk_Slow/Post_Process/Walk_Slow6.csv,PC008,20,test
PC008,Session2,overground,walk,slow,Overground_Walk,Walk_Slow,C:/Users/KUBA/GitProjects/WKIRO-Project/data/PC008/Session2/Overground_Walk/Walk_Slow/Post_Process/Walk_Slow7.csv,PC008,20,train
PC008,Session2,overground,walk,slow,Overground_Walk,Walk_Slow,C:/Users/KUBA/GitProjects/WKIRO-Project/data/PC008/Session2/Overground_Walk/Walk_Slow/Post_Process/Walk_Slow8.csv,PC008,20,train
PC008,Session2,overground,walk,slow,Overground_Walk,Walk_Slow,C:/Users/KUBA/GitProjects/WKIRO-Project/data/PC008/Session2/Overground_Walk/Walk_Slow/Post_Process/Walk_Slow9.csv,PC008,20,train
PC008,Session2,treadmill,run,comfortable,Treadmill_Run,Treadmill_Run_Comfortable,C:/Users/KUBA/GitProjects/WKIRO-Project/data/PC008/Session2/Treadmill_Run/Treadmill_Run_Comfortable/Post_Process/Treadmill_Run_Comfortable.csv,PC008,20,val
PC008,Session2,treadmill,run,fast,Treadmill_Run,Treadmill_Run_Fast,C:/Users/KUBA/GitProjects/WKIRO-Project/data/PC008/Session2/Treadmill_Run/Treadmill_Run_Fast/Post_Process/Treadmill_Run_Fast.csv,PC008,20,train
PC008,Session2,treadmill,walk,comfortable,Treadmill_Walk,Treadmill_Walk_Comfortable,C:/Users/KUBA/GitProjects/WKIRO-Project/data/PC008/Session2/Treadmill_Walk/Treadmill_Walk_Comfortable/Post_Process/Treadmill_Walk_Comfortable.csv,PC008,20,train
PC008,Session2,treadmill,walk,fast,Treadmill_Walk,Treadmill_Walk_Fast,C:/Users/KUBA/GitProjects/WKIRO-Project/data/PC008/Session2/Treadmill_Walk/Treadmill_Walk_Fast/Post_Process/Treadmill_Walk_Fast.csv,PC008,20,val
PC008,Session2,treadmill,walk,slow,Treadmill_Walk,Treadmill_Walk_Slow,C:/Users/KUBA/GitProjects/WKIRO-Project/data/PC008/Session2/Treadmill_Walk/Treadmill_Walk_Slow/Post_Process/Treadmill_Walk_Slow.csv,PC008,20,test
PQ006,Session1,overground,run,comfortable,Overground_Run,Run_Comfortable,C:/Users/KUBA/GitProjects/WKIRO-Project/data/PQ006/Session1/Overground_Run/Run_Comfortable/Post_Process/Run_Comfortable1.csv,PQ006,21,val
PQ006,Session1,overground,run,comfortable,Overground_Run,Run_Comfortable,C:/Users/KUBA/GitProjects/WKIRO-Project/data/PQ006/Session1/Overground_Run/Run_Comfortable/Post_Process/Run_Comfortable10.csv,PQ006,21,train
PQ006,Session1,overground,run,comfortable,Overground_Run,Run_Comfortable,C:/Users/KUBA/GitProjects/WKIRO-Project/data/PQ006/Session1/Overground_Run/Run_Comfortable/Post_Process/Run_Comfortable11.csv,PQ006,21,train
PQ006,Session1,overground,run,comfortable,Overground_Run,Run_Comfortable,C:/Users/KUBA/GitProjects/WKIRO-Project/data/PQ006/Session1/Overground_Run/Run_Comfortable/Post_Process/Run_Comfortable12.csv,PQ006,21,train
PQ006,Session1,overground,run,comfortable,Overground_Run,Run_Comfortable,C:/Users/KUBA/GitProjects/WKIRO-Project/data/PQ006/Session1/Overground_Run/Run_Comfortable/Post_Process/Run_Comfortable13.csv,PQ006,21,val
PQ006,Session1,overground,run,comfortable,Overground_Run,Run_Comfortable,C:/Users/KUBA/GitProjects/WKIRO-Project/data/PQ006/Session1/Overground_Run/Run_Comfortable/Post_Process/Run_Comfortable14.csv,PQ006,21,train
PQ006,Session1,overground,run,comfortable,Overground_Run,Run_Comfortable,C:/Users/KUBA/GitProjects/WKIRO-Project/data/PQ006/Session1/Overground_Run/Run_Comfortable/Post_Process/Run_Comfortable15.csv,PQ006,21,train
PQ006,Session1,overground,run,comfortable,Overground_Run,Run_Comfortable,C:/Users/KUBA/GitProjects/WKIRO-Project/data/PQ006/Session1/Overground_Run/Run_Comfortable/Post_Process/Run_Comfortable2.csv,PQ006,21,train
PQ006,Session1,overground,run,comfortable,Overground_Run,Run_Comfortable,C:/Users/KUBA/GitProjects/WKIRO-Project/data/PQ006/Session1/Overground_Run/Run_Comfortable/Post_Process/Run_Comfortable3.csv,PQ006,21,train
PQ006,Session1,overground,run,comfortable,Overground_Run,Run_Comfortable,C:/Users/KUBA/GitProjects/WKIRO-Project/data/PQ006/Session1/Overground_Run/Run_Comfortable/Post_Process/Run_Comfortable4.csv,PQ006,21,train
PQ006,Session1,overground,run,comfortable,Overground_Run,Run_Comfortable,C:/Users/KUBA/GitProjects/WKIRO-Project/data/PQ006/Session1/Overground_Run/Run_Comfortable/Post_Process/Run_Comfortable5.csv,PQ006,21,test
PQ006,Session1,overground,run,comfortable,Overground_Run,Run_Comfortable,C:/Users/KUBA/GitProjects/WKIRO-Project/data/PQ006/Session1/Overground_Run/Run_Comfortable/Post_Process/Run_Comfortable6.csv,PQ006,21,val
PQ006,Session1,overground,run,comfortable,Overground_Run,Run_Comfortable,C:/Users/KUBA/GitProjects/WKIRO-Project/data/PQ006/Session1/Overground_Run/Run_Comfortable/Post_Process/Run_Comfortable7.csv,PQ006,21,train
PQ006,Session1,overground,run,comfortable,Overground_Run,Run_Comfortable,C:/Users/KUBA/GitProjects/WKIRO-Project/data/PQ006/Session1/Overground_Run/Run_Comfortable/Post_Process/Run_Comfortable8.csv,PQ006,21,train
PQ006,Session1,overground,run,comfortable,Overground_Run,Run_Comfortable,C:/Users/KUBA/GitProjects/WKIRO-Project/data/PQ006/Session1/Overground_Run/Run_Comfortable/Post_Process/Run_Comfortable9.csv,PQ006,21,train
PQ006,Session1,overground,run,fast,Overground_Run,Run_Fast,C:/Users/KUBA/GitProjects/WKIRO-Project/data/PQ006/Session1/Overground_Run/Run_Fast/Post_Process/Run_Fast1.csv,PQ006,21,train
PQ006,Session1,overground,run,fast,Overground_Run,Run_Fast,C:/Users/KUBA/GitProjects/WKIRO-Project/data/PQ006/Session1/Overground_Run/Run_Fast/Post_Process/Run_Fast10.csv,PQ006,21,train
PQ006,Session1,overground,run,fast,Overground_Run,Run_Fast,C:/Users/KUBA/GitProjects/WKIRO-Project/data/PQ006/Session1/Overground_Run/Run_Fast/Post_Process/Run_Fast11.csv,PQ006,21,train
PQ006,Session1,overground,run,fast,Overground_Run,Run_Fast,C:/Users/KUBA/GitProjects/WKIRO-Project/data/PQ006/Session1/Overground_Run/Run_Fast/Post_Process/Run_Fast12.csv,PQ006,21,val
PQ006,Session1,overground,run,fast,Overground_Run,Run_Fast,C:/Users/KUBA/GitProjects/WKIRO-Project/data/PQ006/Session1/Overground_Run/Run_Fast/Post_Process/Run_Fast13.csv,PQ006,21,train
PQ006,Session1,overground,run,fast,Overground_Run,Run_Fast,C:/Users/KUBA/GitProjects/WKIRO-Project/data/PQ006/Session1/Overground_Run/Run_Fast/Post_Process/Run_Fast2.csv,PQ006,21,train
PQ006,Session1,overground,run,fast,Overground_Run,Run_Fast,C:/Users/KUBA/GitProjects/WKIRO-Project/data/PQ006/Session1/Overground_Run/Run_Fast/Post_Process/Run_Fast3.csv,PQ006,21,train
PQ006,Session1,overground,run,fast,Overground_Run,Run_Fast,C:/Users/KUBA/GitProjects/WKIRO-Project/data/PQ006/Session1/Overground_Run/Run_Fast/Post_Process/Run_Fast4.csv,PQ006,21,train
PQ006,Session1,overground,run,fast,Overground_Run,Run_Fast,C:/Users/KUBA/GitProjects/WKIRO-Project/data/PQ006/Session1/Overground_Run/Run_Fast/Post_Process/Run_Fast5.csv,PQ006,21,train
PQ006,Session1,overground,run,fast,Overground_Run,Run_Fast,C:/Users/KUBA/GitProjects/WKIRO-Project/data/PQ006/Session1/Overground_Run/Run_Fast/Post_Process/Run_Fast6.csv,PQ006,21,val
PQ006,Session1,overground,run,fast,Overground_Run,Run_Fast,C:/Users/KUBA/GitProjects/WKIRO-Project/data/PQ006/Session1/Overground_Run/Run_Fast/Post_Process/Run_Fast7.csv,PQ006,21,test
PQ006,Session1,overground,run,fast,Overground_Run,Run_Fast,C:/Users/KUBA/GitProjects/WKIRO-Project/data/PQ006/Session1/Overground_Run/Run_Fast/Post_Process/Run_Fast8.csv,PQ006,21,val
PQ006,Session1,overground,run,fast,Overground_Run,Run_Fast,C:/Users/KUBA/GitProjects/WKIRO-Project/data/PQ006/Session1/Overground_Run/Run_Fast/Post_Process/Run_Fast9.csv,PQ006,21,train
PQ006,Session1,overground,walk,comfortable,Overground_Walk,Walk_Comfortable,C:/Users/KUBA/GitProjects/WKIRO-Project/data/PQ006/Session1/Overground_Walk/Walk_Comfortable/Post_Process/Walk_Comfortable1.csv,PQ006,21,train
PQ006,Session1,overground,walk,comfortable,Overground_Walk,Walk_Comfortable,C:/Users/KUBA/GitProjects/WKIRO-Project/data/PQ006/Session1/Overground_Walk/Walk_Comfortable/Post_Process/Walk_Comfortable10.csv,PQ006,21,train
PQ006,Session1,overground,walk,comfortable,Overground_Walk,Walk_Comfortable,C:/Users/KUBA/GitProjects/WKIRO-Project/data/PQ006/Session1/Overground_Walk/Walk_Comfortable/Post_Process/Walk_Comfortable2.csv,PQ006,21,train
PQ006,Session1,overground,walk,comfortable,Overground_Walk,Walk_Comfortable,C:/Users/KUBA/GitProjects/WKIRO-Project/data/PQ006/Session1/Overground_Walk/Walk_Comfortable/Post_Process/Walk_Comfortable3.csv,PQ006,21,train
PQ006,Session1,overground,walk,comfortable,Overground_Walk,Walk_Comfortable,C:/Users/KUBA/GitProjects/WKIRO-Project/data/PQ006/Session1/Overground_Walk/Walk_Comfortable/Post_Process/Walk_Comfortable4.csv,PQ006,21,train
PQ006,Session1,overground,walk,comfortable,Overground_Walk,Walk_Comfortable,C:/Users/KUBA/GitProjects/WKIRO-Project/data/PQ006/Session1/Overground_Walk/Walk_Comfortable/Post_Process/Walk_Comfortable5.csv,PQ006,21,test
PQ006,Session1,overground,walk,comfortable,Overground_Walk,Walk_Comfortable,C:/Users/KUBA/GitProjects/WKIRO-Project/data/PQ006/Session1/Overground_Walk/Walk_Comfortable/Post_Process/Walk_Comfortable6.csv,PQ006,21,test
PQ006,Session1,overground,walk,comfortable,Overground_Walk,Walk_Comfortable,C:/Users/KUBA/GitProjects/WKIRO-Project/data/PQ006/Session1/Overground_Walk/Walk_Comfortable/Post_Process/Walk_Comfortable7.csv,PQ006,21,train
PQ006,Session1,overground,walk,comfortable,Overground_Walk,Walk_Comfortable,C:/Users/KUBA/GitProjects/WKIRO-Project/data/PQ006/Session1/Overground_Walk/Walk_Comfortable/Post_Process/Walk_Comfortable8.csv,PQ006,21,train
PQ006,Session1,overground,walk,comfortable,Overground_Walk,Walk_Comfortable,C:/Users/KUBA/GitProjects/WKIRO-Project/data/PQ006/Session1/Overground_Walk/Walk_Comfortable/Post_Process/Walk_Comfortable9.csv,PQ006,21,test
PQ006,Session1,overground,walk,fast,Overground_Walk,Walk_Fast,C:/Users/KUBA/GitProjects/WKIRO-Project/data/PQ006/Session1/Overground_Walk/Walk_Fast/Post_Process/Walk_Fast1.csv,PQ006,21,test
PQ006,Session1,overground,walk,fast,Overground_Walk,Walk_Fast,C:/Users/KUBA/GitProjects/WKIRO-Project/data/PQ006/Session1/Overground_Walk/Walk_Fast/Post_Process/Walk_Fast10.csv,PQ006,21,train
PQ006,Session1,overground,walk,fast,Overground_Walk,Walk_Fast,C:/Users/KUBA/GitProjects/WKIRO-Project/data/PQ006/Session1/Overground_Walk/Walk_Fast/Post_Process/Walk_Fast11.csv,PQ006,21,val
PQ006,Session1,overground,walk,fast,Overground_Walk,Walk_Fast,C:/Users/KUBA/GitProjects/WKIRO-Project/data/PQ006/Session1/Overground_Walk/Walk_Fast/Post_Process/Walk_Fast12.csv,PQ006,21,train
PQ006,Session1,overground,walk,fast,Overground_Walk,Walk_Fast,C:/Users/KUBA/GitProjects/WKIRO-Project/data/PQ006/Session1/Overground_Walk/Walk_Fast/Post_Process/Walk_Fast13.csv,PQ006,21,test
PQ006,Session1,overground,walk,fast,Overground_Walk,Walk_Fast,C:/Users/KUBA/GitProjects/WKIRO-Project/data/PQ006/Session1/Overground_Walk/Walk_Fast/Post_Process/Walk_Fast14.csv,PQ006,21,val
PQ006,Session1,overground,walk,fast,Overground_Walk,Walk_Fast,C:/Users/KUBA/GitProjects/WKIRO-Project/data/PQ006/Session1/Overground_Walk/Walk_Fast/Post_Process/Walk_Fast15.csv,PQ006,21,train
PQ006,Session1,overground,walk,fast,Overground_Walk,Walk_Fast,C:/Users/KUBA/GitProjects/WKIRO-Project/data/PQ006/Session1/Overground_Walk/Walk_Fast/Post_Process/Walk_Fast2.csv,PQ006,21,train
PQ006,Session1,overground,walk,fast,Overground_Walk,Walk_Fast,C:/Users/KUBA/GitProjects/WKIRO-Project/data/PQ006/Session1/Overground_Walk/Walk_Fast/Post_Process/Walk_Fast3.csv,PQ006,21,train
PQ006,Session1,overground,walk,fast,Overground_Walk,Walk_Fast,C:/Users/KUBA/GitProjects/WKIRO-Project/data/PQ006/Session1/Overground_Walk/Walk_Fast/Post_Process/Walk_Fast4.csv,PQ006,21,train
PQ006,Session1,overground,walk,fast,Overground_Walk,Walk_Fast,C:/Users/KUBA/GitProjects/WKIRO-Project/data/PQ006/Session1/Overground_Walk/Walk_Fast/Post_Process/Walk_Fast5.csv,PQ006,21,train
PQ006,Session1,overground,walk,fast,Overground_Walk,Walk_Fast,C:/Users/KUBA/GitProjects/WKIRO-Project/data/PQ006/Session1/Overground_Walk/Walk_Fast/Post_Process/Walk_Fast6.csv,PQ006,21,train
PQ006,Session1,overground,walk,fast,Overground_Walk,Walk_Fast,C:/Users/KUBA/GitProjects/WKIRO-Project/data/PQ006/Session1/Overground_Walk/Walk_Fast/Post_Process/Walk_Fast7.csv,PQ006,21,train
PQ006,Session1,overground,walk,fast,Overground_Walk,Walk_Fast,C:/Users/KUBA/GitProjects/WKIRO-Project/data/PQ006/Session1/Overground_Walk/Walk_Fast/Post_Process/Walk_Fast8.csv,PQ006,21,val
PQ006,Session1,overground,walk,fast,Overground_Walk,Walk_Fast,C:/Users/KUBA/GitProjects/WKIRO-Project/data/PQ006/Session1/Overground_Walk/Walk_Fast/Post_Process/Walk_Fast9.csv,PQ006,21,train
PQ006,Session1,overground,walk,slow,Overground_Walk,Walk_Slow,C:/Users/KUBA/GitProjects/WKIRO-Project/data/PQ006/Session1/Overground_Walk/Walk_Slow/Post_Process/Walk_Slow1.csv,PQ006,21,train
PQ006,Session1,overground,walk,slow,Overground_Walk,Walk_Slow,C:/Users/KUBA/GitProjects/WKIRO-Project/data/PQ006/Session1/Overground_Walk/Walk_Slow/Post_Process/Walk_Slow10.csv,PQ006,21,train
PQ006,Session1,overground,walk,slow,Overground_Walk,Walk_Slow,C:/Users/KUBA/GitProjects/WKIRO-Project/data/PQ006/Session1/Overground_Walk/Walk_Slow/Post_Process/Walk_Slow11.csv,PQ006,21,train
PQ006,Session1,overground,walk,slow,Overground_Walk,Walk_Slow,C:/Users/KUBA/GitProjects/WKIRO-Project/data/PQ006/Session1/Overground_Walk/Walk_Slow/Post_Process/Walk_Slow12.csv,PQ006,21,train
PQ006,Session1,overground,walk,slow,Overground_Walk,Walk_Slow,C:/Users/KUBA/GitProjects/WKIRO-Project/data/PQ006/Session1/Overground_Walk/Walk_Slow/Post_Process/Walk_Slow13.csv,PQ006,21,train
PQ006,Session1,overground,walk,slow,Overground_Walk,Walk_Slow,C:/Users/KUBA/GitProjects/WKIRO-Project/data/PQ006/Session1/Overground_Walk/Walk_Slow/Post_Process/Walk_Slow14.csv,PQ006,21,test
PQ006,Session1,overground,walk,slow,Overground_Walk,Walk_Slow,C:/Users/KUBA/GitProjects/WKIRO-Project/data/PQ006/Session1/Overground_Walk/Walk_Slow/Post_Process/Walk_Slow15.csv,PQ006,21,test
PQ006,Session1,overground,walk,slow,Overground_Walk,Walk_Slow,C:/Users/KUBA/GitProjects/WKIRO-Project/data/PQ006/Session1/Overground_Walk/Walk_Slow/Post_Process/Walk_Slow2.csv,PQ006,21,test
PQ006,Session1,overground,walk,slow,Overground_Walk,Walk_Slow,C:/Users/KUBA/GitProjects/WKIRO-Project/data/PQ006/Session1/Overground_Walk/Walk_Slow/Post_Process/Walk_Slow3.csv,PQ006,21,train
PQ006,Session1,overground,walk,slow,Overground_Walk,Walk_Slow,C:/Users/KUBA/GitProjects/WKIRO-Project/data/PQ006/Session1/Overground_Walk/Walk_Slow/Post_Process/Walk_Slow4.csv,PQ006,21,test
PQ006,Session1,overground,walk,slow,Overground_Walk,Walk_Slow,C:/Users/KUBA/GitProjects/WKIRO-Project/data/PQ006/Session1/Overground_Walk/Walk_Slow/Post_Process/Walk_Slow5.csv,PQ006,21,train
PQ006,Session1,overground,walk,slow,Overground_Walk,Walk_Slow,C:/Users/KUBA/GitProjects/WKIRO-Project/data/PQ006/Session1/Overground_Walk/Walk_Slow/Post_Process/Walk_Slow6.csv,PQ006,21,train
PQ006,Session1,overground,walk,slow,Overground_Walk,Walk_Slow,C:/Users/KUBA/GitProjects/WKIRO-Project/data/PQ006/Session1/Overground_Walk/Walk_Slow/Post_Process/Walk_Slow7.csv,PQ006,21,train
PQ006,Session1,overground,walk,slow,Overground_Walk,Walk_Slow,C:/Users/KUBA/GitProjects/WKIRO-Project/data/PQ006/Session1/Overground_Walk/Walk_Slow/Post_Process/Walk_Slow8.csv,PQ006,21,train
PQ006,Session1,overground,walk,slow,Overground_Walk,Walk_Slow,C:/Users/KUBA/GitProjects/WKIRO-Project/data/PQ006/Session1/Overground_Walk/Walk_Slow/Post_Process/Walk_Slow9.csv,PQ006,21,train
PQ006,Session1,treadmill,run,comfortable,Treadmill_Run,Treadmill_Run_Comfortable,C:/Users/KUBA/GitProjects/WKIRO-Project/data/PQ006/Session1/Treadmill_Run/Treadmill_Run_Comfortable/Post_Process/Treadmill_Run_Comfortable.csv,PQ006,21,train
PQ006,Session1,treadmill,run,fast,Treadmill_Run,Treadmill_Run_Fast,C:/Users/KUBA/GitProjects/WKIRO-Project/data/PQ006/Session1/Treadmill_Run/Treadmill_Run_Fast/Post_Process/Treadmill_Run_Fast.csv,PQ006,21,train
PQ006,Session1,treadmill,walk,comfortable,Treadmill_Walk,Treadmill_Walk_Comfortable,C:/Users/KUBA/GitProjects/WKIRO-Project/data/PQ006/Session1/Treadmill_Walk/Treadmill_Walk_Comfortable/Post_Process/Treadmill_Walk_Comfortable.csv,PQ006,21,train
PQ006,Session1,treadmill,walk,fast,Treadmill_Walk,Treadmill_Walk_Fast,C:/Users/KUBA/GitProjects/WKIRO-Project/data/PQ006/Session1/Treadmill_Walk/Treadmill_Walk_Fast/Post_Process/Treadmill_Walk_Fast.csv,PQ006,21,test
PQ006,Session1,treadmill,walk,slow,Treadmill_Walk,Treadmill_Walk_Slow,C:/Users/KUBA/GitProjects/WKIRO-Project/data/PQ006/Session1/Treadmill_Walk/Treadmill_Walk_Slow/Post_Process/Treadmill_Walk_Slow.csv,PQ006,21,train
PQ006,Session2,overground,run,comfortable,Overground_Run,Run_Comfortable,C:/Users/KUBA/GitProjects/WKIRO-Project/data/PQ006/Session2/Overground_Run/Run_Comfortable/Post_Process/Run_Comfortable1.csv,PQ006,21,train
PQ006,Session2,overground,run,comfortable,Overground_Run,Run_Comfortable,C:/Users/KUBA/GitProjects/WKIRO-Project/data/PQ006/Session2/Overground_Run/Run_Comfortable/Post_Process/Run_Comfortable10.csv,PQ006,21,train
PQ006,Session2,overground,run,comfortable,Overground_Run,Run_Comfortable,C:/Users/KUBA/GitProjects/WKIRO-Project/data/PQ006/Session2/Overground_Run/Run_Comfortable/Post_Process/Run_Comfortable11.csv,PQ006,21,train
PQ006,Session2,overground,run,comfortable,Overground_Run,Run_Comfortable,C:/Users/KUBA/GitProjects/WKIRO-Project/data/PQ006/Session2/Overground_Run/Run_Comfortable/Post_Process/Run_Comfortable12.csv,PQ006,21,train
PQ006,Session2,overground,run,comfortable,Overground_Run,Run_Comfortable,C:/Users/KUBA/GitProjects/WKIRO-Project/data/PQ006/Session2/Overground_Run/Run_Comfortable/Post_Process/Run_Comfortable13.csv,PQ006,21,val
PQ006,Session2,overground,run,comfortable,Overground_Run,Run_Comfortable,C:/Users/KUBA/GitProjects/WKIRO-Project/data/PQ006/Session2/Overground_Run/Run_Comfortable/Post_Process/Run_Comfortable14.csv,PQ006,21,train
PQ006,Session2,overground,run,comfortable,Overground_Run,Run_Comfortable,C:/Users/KUBA/GitProjects/WKIRO-Project/data/PQ006/Session2/Overground_Run/Run_Comfortable/Post_Process/Run_Comfortable2.csv,PQ006,21,train
PQ006,Session2,overground,run,comfortable,Overground_Run,Run_Comfortable,C:/Users/KUBA/GitProjects/WKIRO-Project/data/PQ006/Session2/Overground_Run/Run_Comfortable/Post_Process/Run_Comfortable3.csv,PQ006,21,val
PQ006,Session2,overground,run,comfortable,Overground_Run,Run_Comfortable,C:/Users/KUBA/GitProjects/WKIRO-Project/data/PQ006/Session2/Overground_Run/Run_Comfortable/Post_Process/Run_Comfortable4.csv,PQ006,21,train
PQ006,Session2,overground,run,comfortable,Overground_Run,Run_Comfortable,C:/Users/KUBA/GitProjects/WKIRO-Project/data/PQ006/Session2/Overground_Run/Run_Comfortable/Post_Process/Run_Comfortable5.csv,PQ006,21,train
PQ006,Session2,overground,run,comfortable,Overground_Run,Run_Comfortable,C:/Users/KUBA/GitProjects/WKIRO-Project/data/PQ006/Session2/Overground_Run/Run_Comfortable/Post_Process/Run_Comfortable6.csv,PQ006,21,test
PQ006,Session2,overground,run,comfortable,Overground_Run,Run_Comfortable,C:/Users/KUBA/GitProjects/WKIRO-Project/data/PQ006/Session2/Overground_Run/Run_Comfortable/Post_Process/Run_Comfortable7.csv,PQ006,21,train
PQ006,Session2,overground,run,comfortable,Overground_Run,Run_Comfortable,C:/Users/KUBA/GitProjects/WKIRO-Project/data/PQ006/Session2/Overground_Run/Run_Comfortable/Post_Process/Run_Comfortable8.csv,PQ006,21,test
PQ006,Session2,overground,run,comfortable,Overground_Run,Run_Comfortable,C:/Users/KUBA/GitProjects/WKIRO-Project/data/PQ006/Session2/Overground_Run/Run_Comfortable/Post_Process/Run_Comfortable9.csv,PQ006,21,test
PQ006,Session2,overground,run,fast,Overground_Run,Run_Fast,C:/Users/KUBA/GitProjects/WKIRO-Project/data/PQ006/Session2/Overground_Run/Run_Fast/Post_Process/Run_Fast1.csv,PQ006,21,test
PQ006,Session2,overground,run,fast,Overground_Run,Run_Fast,C:/Users/KUBA/GitProjects/WKIRO-Project/data/PQ006/Session2/Overground_Run/Run_Fast/Post_Process/Run_Fast10.csv,PQ006,21,train
PQ006,Session2,overground,run,fast,Overground_Run,Run_Fast,C:/Users/KUBA/GitProjects/WKIRO-Project/data/PQ006/Session2/Overground_Run/Run_Fast/Post_Process/Run_Fast11.csv,PQ006,21,val
PQ006,Session2,overground,run,fast,Overground_Run,Run_Fast,C:/Users/KUBA/GitProjects/WKIRO-Project/data/PQ006/Session2/Overground_Run/Run_Fast/Post_Process/Run_Fast12.csv,PQ006,21,val
PQ006,Session2,overground,run,fast,Overground_Run,Run_Fast,C:/Users/KUBA/GitProjects/WKIRO-Project/data/PQ006/Session2/Overground_Run/Run_Fast/Post_Process/Run_Fast13.csv,PQ006,21,train
PQ006,Session2,overground,run,fast,Overground_Run,Run_Fast,C:/Users/KUBA/GitProjects/WKIRO-Project/data/PQ006/Session2/Overground_Run/Run_Fast/Post_Process/Run_Fast14.csv,PQ006,21,train
PQ006,Session2,overground,run,fast,Overground_Run,Run_Fast,C:/Users/KUBA/GitProjects/WKIRO-Project/data/PQ006/Session2/Overground_Run/Run_Fast/Post_Process/Run_Fast2.csv,PQ006,21,train
PQ006,Session2,overground,run,fast,Overground_Run,Run_Fast,C:/Users/KUBA/GitProjects/WKIRO-Project/data/PQ006/Session2/Overground_Run/Run_Fast/Post_Process/Run_Fast3.csv,PQ006,21,val
PQ006,Session2,overground,run,fast,Overground_Run,Run_Fast,C:/Users/KUBA/GitProjects/WKIRO-Project/data/PQ006/Session2/Overground_Run/Run_Fast/Post_Process/Run_Fast4.csv,PQ006,21,train
PQ006,Session2,overground,run,fast,Overground_Run,Run_Fast,C:/Users/KUBA/GitProjects/WKIRO-Project/data/PQ006/Session2/Overground_Run/Run_Fast/Post_Process/Run_Fast5.csv,PQ006,21,train
PQ006,Session2,overground,run,fast,Overground_Run,Run_Fast,C:/Users/KUBA/GitProjects/WKIRO-Project/data/PQ006/Session2/Overground_Run/Run_Fast/Post_Process/Run_Fast6.csv,PQ006,21,train
PQ006,Session2,overground,run,fast,Overground_Run,Run_Fast,C:/Users/KUBA/GitProjects/WKIRO-Project/data/PQ006/Session2/Overground_Run/Run_Fast/Post_Process/Run_Fast7.csv,PQ006,21,test
PQ006,Session2,overground,run,fast,Overground_Run,Run_Fast,C:/Users/KUBA/GitProjects/WKIRO-Project/data/PQ006/Session2/Overground_Run/Run_Fast/Post_Process/Run_Fast8.csv,PQ006,21,val
PQ006,Session2,overground,run,fast,Overground_Run,Run_Fast,C:/Users/KUBA/GitProjects/WKIRO-Project/data/PQ006/Session2/Overground_Run/Run_Fast/Post_Process/Run_Fast9.csv,PQ006,21,train
PQ006,Session2,overground,walk,comfortable,Overground_Walk,Walk_Comfortable,C:/Users/KUBA/GitProjects/WKIRO-Project/data/PQ006/Session2/Overground_Walk/Walk_Comfortable/Post_Process/Walk_Comfortable1.csv,PQ006,21,train
PQ006,Session2,overground,walk,comfortable,Overground_Walk,Walk_Comfortable,C:/Users/KUBA/GitProjects/WKIRO-Project/data/PQ006/Session2/Overground_Walk/Walk_Comfortable/Post_Process/Walk_Comfortable2.csv,PQ006,21,train
PQ006,Session2,overground,walk,comfortable,Overground_Walk,Walk_Comfortable,C:/Users/KUBA/GitProjects/WKIRO-Project/data/PQ006/Session2/Overground_Walk/Walk_Comfortable/Post_Process/Walk_Comfortable3.csv,PQ006,21,train
PQ006,Session2,overground,walk,comfortable,Overground_Walk,Walk_Comfortable,C:/Users/KUBA/GitProjects/WKIRO-Project/data/PQ006/Session2/Overground_Walk/Walk_Comfortable/Post_Process/Walk_Comfortable4.csv,PQ006,21,train
PQ006,Session2,overground,walk,comfortable,Overground_Walk,Walk_Comfortable,C:/Users/KUBA/GitProjects/WKIRO-Project/data/PQ006/Session2/Overground_Walk/Walk_Comfortable/Post_Process/Walk_Comfortable5.csv,PQ006,21,train
PQ006,Session2,overground,walk,comfortable,Overground_Walk,Walk_Comfortable,C:/Users/KUBA/GitProjects/WKIRO-Project/data/PQ006/Session2/Overground_Walk/Walk_Comfortable/Post_Process/Walk_Comfortable6.csv,PQ006,21,test
PQ006,Session2,overground,walk,fast,Overground_Walk,Walk_Fast,C:/Users/KUBA/GitProjects/WKIRO-Project/data/PQ006/Session2/Overground_Walk/Walk_Fast/Post_Process/Walk_Fast1.csv,PQ006,21,train
PQ006,Session2,overground,walk,fast,Overground_Walk,Walk_Fast,C:/Users/KUBA/GitProjects/WKIRO-Project/data/PQ006/Session2/Overground_Walk/Walk_Fast/Post_Process/Walk_Fast2.csv,PQ006,21,val
PQ006,Session2,overground,walk,fast,Overground_Walk,Walk_Fast,C:/Users/KUBA/GitProjects/WKIRO-Project/data/PQ006/Session2/Overground_Walk/Walk_Fast/Post_Process/Walk_Fast3.csv,PQ006,21,val
PQ006,Session2,overground,walk,fast,Overground_Walk,Walk_Fast,C:/Users/KUBA/GitProjects/WKIRO-Project/data/PQ006/Session2/Overground_Walk/Walk_Fast/Post_Process/Walk_Fast4.csv,PQ006,21,train
PQ006,Session2,overground,walk,fast,Overground_Walk,Walk_Fast,C:/Users/KUBA/GitProjects/WKIRO-Project/data/PQ006/Session2/Overground_Walk/Walk_Fast/Post_Process/Walk_Fast5.csv,PQ006,21,train
PQ006,Session2,overground,walk,fast,Overground_Walk,Walk_Fast,C:/Users/KUBA/GitProjects/WKIRO-Project/data/PQ006/Session2/Overground_Walk/Walk_Fast/Post_Process/Walk_Fast6.csv,PQ006,21,train
PQ006,Session2,overground,walk,fast,Overground_Walk,Walk_Fast,C:/Users/KUBA/GitProjects/WKIRO-Project/data/PQ006/Session2/Overground_Walk/Walk_Fast/Post_Process/Walk_Fast7.csv,PQ006,21,val
PQ006,Session2,overground,walk,fast,Overground_Walk,Walk_Fast,C:/Users/KUBA/GitProjects/WKIRO-Project/data/PQ006/Session2/Overground_Walk/Walk_Fast/Post_Process/Walk_Fast8.csv,PQ006,21,train
PQ006,Session2,overground,walk,slow,Overground_Walk,Walk_Slow,C:/Users/KUBA/GitProjects/WKIRO-Project/data/PQ006/Session2/Overground_Walk/Walk_Slow/Post_Process/Walk_Slow1.csv,PQ006,21,train
PQ006,Session2,overground,walk,slow,Overground_Walk,Walk_Slow,C:/Users/KUBA/GitProjects/WKIRO-Project/data/PQ006/Session2/Overground_Walk/Walk_Slow/Post_Process/Walk_Slow2.csv,PQ006,21,test
PQ006,Session2,overground,walk,slow,Overground_Walk,Walk_Slow,C:/Users/KUBA/GitProjects/WKIRO-Project/data/PQ006/Session2/Overground_Walk/Walk_Slow/Post_Process/Walk_Slow3.csv,PQ006,21,train
PQ006,Session2,overground,walk,slow,Overground_Walk,Walk_Slow,C:/Users/KUBA/GitProjects/WKIRO-Project/data/PQ006/Session2/Overground_Walk/Walk_Slow/Post_Process/Walk_Slow4.csv,PQ006,21,val
PQ006,Session2,overground,walk,slow,Overground_Walk,Walk_Slow,C:/Users/KUBA/GitProjects/WKIRO-Project/data/PQ006/Session2/Overground_Walk/Walk_Slow/Post_Process/Walk_Slow5.csv,PQ006,21,train
PQ006,Session2,overground,walk,slow,Overground_Walk,Walk_Slow,C:/Users/KUBA/GitProjects/WKIRO-Project/data/PQ006/Session2/Overground_Walk/Walk_Slow/Post_Process/Walk_Slow6.csv,PQ006,21,train
PQ006,Session2,treadmill,run,comfortable,Treadmill_Run,Treadmill_Run_Comfortable,C:/Users/KUBA/GitProjects/WKIRO-Project/data/PQ006/Session2/Treadmill_Run/Treadmill_Run_Comfortable/Post_Process/Treadmill_Run_Comfortable.csv,PQ006,21,train
PQ006,Session2,treadmill,run,fast,Treadmill_Run,Treadmill_Run_Fast,C:/Users/KUBA/GitProjects/WKIRO-Project/data/PQ006/Session2/Treadmill_Run/Treadmill_Run_Fast/Post_Process/Treadmill_Run_Fast.csv,PQ006,21,train
PQ006,Session2,treadmill,walk,comfortable,Treadmill_Walk,Treadmill_Walk_Comfortable,C:/Users/KUBA/GitProjects/WKIRO-Project/data/PQ006/Session2/Treadmill_Walk/Treadmill_Walk_Comfortable/Post_Process/Treadmill_Walk_Comfortable.csv,PQ006,21,train
PQ006,Session2,treadmill,walk,fast,Treadmill_Walk,Treadmill_Walk_Fast,C:/Users/KUBA/GitProjects/WKIRO-Project/data/PQ006/Session2/Treadmill_Walk/Treadmill_Walk_Fast/Post_Process/Treadmill_Walk_Fast.csv,PQ006,21,train
PQ006,Session2,treadmill,walk,slow,Treadmill_Walk,Treadmill_Walk_Slow,C:/Users/KUBA/GitProjects/WKIRO-Project/data/PQ006/Session2/Treadmill_Walk/Treadmill_Walk_Slow/Post_Process/Treadmill_Walk_Slow.csv,PQ006,21,train
RC020,Session1,overground,run,comfortable,Overground_Run,Run_Comfortable,C:/Users/KUBA/GitProjects/WKIRO-Project/data/RC020/Session1/Overground_Run/Run_Comfortable/Post_Process/Run_Comfortable1.csv,RC020,22,train
RC020,Session1,overground,run,comfortable,Overground_Run,Run_Comfortable,C:/Users/KUBA/GitProjects/WKIRO-Project/data/RC020/Session1/Overground_Run/Run_Comfortable/Post_Process/Run_Comfortable10.csv,RC020,22,train
RC020,Session1,overground,run,comfortable,Overground_Run,Run_Comfortable,C:/Users/KUBA/GitProjects/WKIRO-Project/data/RC020/Session1/Overground_Run/Run_Comfortable/Post_Process/Run_Comfortable2.csv,RC020,22,val
RC020,Session1,overground,run,comfortable,Overground_Run,Run_Comfortable,C:/Users/KUBA/GitProjects/WKIRO-Project/data/RC020/Session1/Overground_Run/Run_Comfortable/Post_Process/Run_Comfortable3.csv,RC020,22,train
RC020,Session1,overground,run,comfortable,Overground_Run,Run_Comfortable,C:/Users/KUBA/GitProjects/WKIRO-Project/data/RC020/Session1/Overground_Run/Run_Comfortable/Post_Process/Run_Comfortable4.csv,RC020,22,val
RC020,Session1,overground,run,comfortable,Overground_Run,Run_Comfortable,C:/Users/KUBA/GitProjects/WKIRO-Project/data/RC020/Session1/Overground_Run/Run_Comfortable/Post_Process/Run_Comfortable5.csv,RC020,22,train
RC020,Session1,overground,run,comfortable,Overground_Run,Run_Comfortable,C:/Users/KUBA/GitProjects/WKIRO-Project/data/RC020/Session1/Overground_Run/Run_Comfortable/Post_Process/Run_Comfortable6.csv,RC020,22,train
RC020,Session1,overground,run,comfortable,Overground_Run,Run_Comfortable,C:/Users/KUBA/GitProjects/WKIRO-Project/data/RC020/Session1/Overground_Run/Run_Comfortable/Post_Process/Run_Comfortable7.csv,RC020,22,test
RC020,Session1,overground,run,comfortable,Overground_Run,Run_Comfortable,C:/Users/KUBA/GitProjects/WKIRO-Project/data/RC020/Session1/Overground_Run/Run_Comfortable/Post_Process/Run_Comfortable8.csv,RC020,22,train
RC020,Session1,overground,run,comfortable,Overground_Run,Run_Comfortable,C:/Users/KUBA/GitProjects/WKIRO-Project/data/RC020/Session1/Overground_Run/Run_Comfortable/Post_Process/Run_Comfortable9.csv,RC020,22,train
RC020,Session1,overground,run,fast,Overground_Run,Run_Fast,C:/Users/KUBA/GitProjects/WKIRO-Project/data/RC020/Session1/Overground_Run/Run_Fast/Post_Process/Run_Fast1.csv,RC020,22,test
RC020,Session1,overground,run,fast,Overground_Run,Run_Fast,C:/Users/KUBA/GitProjects/WKIRO-Project/data/RC020/Session1/Overground_Run/Run_Fast/Post_Process/Run_Fast10.csv,RC020,22,val
RC020,Session1,overground,run,fast,Overground_Run,Run_Fast,C:/Users/KUBA/GitProjects/WKIRO-Project/data/RC020/Session1/Overground_Run/Run_Fast/Post_Process/Run_Fast2.csv,RC020,22,train
RC020,Session1,overground,run,fast,Overground_Run,Run_Fast,C:/Users/KUBA/GitProjects/WKIRO-Project/data/RC020/Session1/Overground_Run/Run_Fast/Post_Process/Run_Fast3.csv,RC020,22,train
RC020,Session1,overground,run,fast,Overground_Run,Run_Fast,C:/Users/KUBA/GitProjects/WKIRO-Project/data/RC020/Session1/Overground_Run/Run_Fast/Post_Process/Run_Fast4.csv,RC020,22,test
RC020,Session1,overground,run,fast,Overground_Run,Run_Fast,C:/Users/KUBA/GitProjects/WKIRO-Project/data/RC020/Session1/Overground_Run/Run_Fast/Post_Process/Run_Fast5.csv,RC020,22,val
RC020,Session1,overground,run,fast,Overground_Run,Run_Fast,C:/Users/KUBA/GitProjects/WKIRO-Project/data/RC020/Session1/Overground_Run/Run_Fast/Post_Process/Run_Fast6.csv,RC020,22,train
RC020,Session1,overground,run,fast,Overground_Run,Run_Fast,C:/Users/KUBA/GitProjects/WKIRO-Project/data/RC020/Session1/Overground_Run/Run_Fast/Post_Process/Run_Fast7.csv,RC020,22,train
RC020,Session1,overground,run,fast,Overground_Run,Run_Fast,C:/Users/KUBA/GitProjects/WKIRO-Project/data/RC020/Session1/Overground_Run/Run_Fast/Post_Process/Run_Fast8.csv,RC020,22,train
RC020,Session1,overground,run,fast,Overground_Run,Run_Fast,C:/Users/KUBA/GitProjects/WKIRO-Project/data/RC020/Session1/Overground_Run/Run_Fast/Post_Process/Run_Fast9.csv,RC020,22,train
RC020,Session1,overground,walk,comfortable,Overground_Walk,Walk_Comfortable,C:/Users/KUBA/GitProjects/WKIRO-Project/data/RC020/Session1/Overground_Walk/Walk_Comfortable/Post_Process/Walk_Comfortable1.csv,RC020,22,train
RC020,Session1,overground,walk,comfortable,Overground_Walk,Walk_Comfortable,C:/Users/KUBA/GitProjects/WKIRO-Project/data/RC020/Session1/Overground_Walk/Walk_Comfortable/Post_Process/Walk_Comfortable2.csv,RC020,22,train
RC020,Session1,overground,walk,comfortable,Overground_Walk,Walk_Comfortable,C:/Users/KUBA/GitProjects/WKIRO-Project/data/RC020/Session1/Overground_Walk/Walk_Comfortable/Post_Process/Walk_Comfortable3.csv,RC020,22,train
RC020,Session1,overground,walk,comfortable,Overground_Walk,Walk_Comfortable,C:/Users/KUBA/GitProjects/WKIRO-Project/data/RC020/Session1/Overground_Walk/Walk_Comfortable/Post_Process/Walk_Comfortable4.csv,RC020,22,test
RC020,Session1,overground,walk,comfortable,Overground_Walk,Walk_Comfortable,C:/Users/KUBA/GitProjects/WKIRO-Project/data/RC020/Session1/Overground_Walk/Walk_Comfortable/Post_Process/Walk_Comfortable5.csv,RC020,22,test
RC020,Session1,overground,walk,comfortable,Overground_Walk,Walk_Comfortable,C:/Users/KUBA/GitProjects/WKIRO-Project/data/RC020/Session1/Overground_Walk/Walk_Comfortable/Post_Process/Walk_Comfortable6.csv,RC020,22,train
RC020,Session1,overground,walk,comfortable,Overground_Walk,Walk_Comfortable,C:/Users/KUBA/GitProjects/WKIRO-Project/data/RC020/Session1/Overground_Walk/Walk_Comfortable/Post_Process/Walk_Comfortable7.csv,RC020,22,train
RC020,Session1,overground,walk,comfortable,Overground_Walk,Walk_Comfortable,C:/Users/KUBA/GitProjects/WKIRO-Project/data/RC020/Session1/Overground_Walk/Walk_Comfortable/Post_Process/Walk_Comfortable8.csv,RC020,22,train
RC020,Session1,overground,walk,fast,Overground_Walk,Walk_Fast,C:/Users/KUBA/GitProjects/WKIRO-Project/data/RC020/Session1/Overground_Walk/Walk_Fast/Post_Process/Walk_Fast1.csv,RC020,22,train
RC020,Session1,overground,walk,fast,Overground_Walk,Walk_Fast,C:/Users/KUBA/GitProjects/WKIRO-Project/data/RC020/Session1/Overground_Walk/Walk_Fast/Post_Process/Walk_Fast2.csv,RC020,22,train
RC020,Session1,overground,walk,fast,Overground_Walk,Walk_Fast,C:/Users/KUBA/GitProjects/WKIRO-Project/data/RC020/Session1/Overground_Walk/Walk_Fast/Post_Process/Walk_Fast3.csv,RC020,22,train
RC020,Session1,overground,walk,fast,Overground_Walk,Walk_Fast,C:/Users/KUBA/GitProjects/WKIRO-Project/data/RC020/Session1/Overground_Walk/Walk_Fast/Post_Process/Walk_Fast4.csv,RC020,22,train
RC020,Session1,overground,walk,fast,Overground_Walk,Walk_Fast,C:/Users/KUBA/GitProjects/WKIRO-Project/data/RC020/Session1/Overground_Walk/Walk_Fast/Post_Process/Walk_Fast5.csv,RC020,22,test
RC020,Session1,overground,walk,fast,Overground_Walk,Walk_Fast,C:/Users/KUBA/GitProjects/WKIRO-Project/data/RC020/Session1/Overground_Walk/Walk_Fast/Post_Process/Walk_Fast6.csv,RC020,22,train
RC020,Session1,overground,walk,fast,Overground_Walk,Walk_Fast,C:/Users/KUBA/GitProjects/WKIRO-Project/data/RC020/Session1/Overground_Walk/Walk_Fast/Post_Process/Walk_Fast7.csv,RC020,22,train
RC020,Session1,overground,walk,fast,Overground_Walk,Walk_Fast,C:/Users/KUBA/GitProjects/WKIRO-Project/data/RC020/Session1/Overground_Walk/Walk_Fast/Post_Process/Walk_Fast8.csv,RC020,22,train
RC020,Session1,overground,walk,slow,Overground_Walk,Walk_Slow,C:/Users/KUBA/GitProjects/WKIRO-Project/data/RC020/Session1/Overground_Walk/Walk_Slow/Post_Process/Walk_Slow1.csv,RC020,22,val
RC020,Session1,overground,walk,slow,Overground_Walk,Walk_Slow,C:/Users/KUBA/GitProjects/WKIRO-Project/data/RC020/Session1/Overground_Walk/Walk_Slow/Post_Process/Walk_Slow2.csv,RC020,22,train
RC020,Session1,overground,walk,slow,Overground_Walk,Walk_Slow,C:/Users/KUBA/GitProjects/WKIRO-Project/data/RC020/Session1/Overground_Walk/Walk_Slow/Post_Process/Walk_Slow3.csv,RC020,22,train
RC020,Session1,overground,walk,slow,Overground_Walk,Walk_Slow,C:/Users/KUBA/GitProjects/WKIRO-Project/data/RC020/Session1/Overground_Walk/Walk_Slow/Post_Process/Walk_Slow4.csv,RC020,22,train
RC020,Session1,overground,walk,slow,Overground_Walk,Walk_Slow,C:/Users/KUBA/GitProjects/WKIRO-Project/data/RC020/Session1/Overground_Walk/Walk_Slow/Post_Process/Walk_Slow5.csv,RC020,22,train
RC020,Session1,overground,walk,slow,Overground_Walk,Walk_Slow,C:/Users/KUBA/GitProjects/WKIRO-Project/data/RC020/Session1/Overground_Walk/Walk_Slow/Post_Process/Walk_Slow6.csv,RC020,22,train
RC020,Session1,treadmill,run,comfortable,Treadmill_Run,Treadmill_Run_Comfortable,C:/Users/KUBA/GitProjects/WKIRO-Project/data/RC020/Session1/Treadmill_Run/Treadmill_Run_Comfortable/Post_Process/Treadmill_Run_Comfortable.csv,RC020,22,train
RC020,Session1,treadmill,run,fast,Treadmill_Run,Treadmill_Run_Fast,C:/Users/KUBA/GitProjects/WKIRO-Project/data/RC020/Session1/Treadmill_Run/Treadmill_Run_Fast/Post_Process/Treadmill_Run_Fast.csv,RC020,22,train
RC020,Session1,treadmill,walk,comfortable,Treadmill_Walk,Treadmill_Walk_Comfortable,C:/Users/KUBA/GitProjects/WKIRO-Project/data/RC020/Session1/Treadmill_Walk/Treadmill_Walk_Comfortable/Post_Process/Treadmill_Walk_Comfortable.csv,RC020,22,train
RC020,Session1,treadmill,walk,fast,Treadmill_Walk,Treadmill_Walk_Fast,C:/Users/KUBA/GitProjects/WKIRO-Project/data/RC020/Session1/Treadmill_Walk/Treadmill_Walk_Fast/Post_Process/Treadmill_Walk_Fast.csv,RC020,22,train
RC020,Session1,treadmill,walk,slow,Treadmill_Walk,Treadmill_Walk_Slow,C:/Users/KUBA/GitProjects/WKIRO-Project/data/RC020/Session1/Treadmill_Walk/Treadmill_Walk_Slow/Post_Process/Treadmill_Walk_Slow.csv,RC020,22,train
RC020,Session2,overground,run,comfortable,Overground_Run,Run_Comfortable,C:/Users/KUBA/GitProjects/WKIRO-Project/data/RC020/Session2/Overground_Run/Run_Comfortable/Post_Process/Run_Comfortable1.csv,RC020,22,train
RC020,Session2,overground,run,comfortable,Overground_Run,Run_Comfortable,C:/Users/KUBA/GitProjects/WKIRO-Project/data/RC020/Session2/Overground_Run/Run_Comfortable/Post_Process/Run_Comfortable10.csv,RC020,22,train
RC020,Session2,overground,run,comfortable,Overground_Run,Run_Comfortable,C:/Users/KUBA/GitProjects/WKIRO-Project/data/RC020/Session2/Overground_Run/Run_Comfortable/Post_Process/Run_Comfortable2.csv,RC020,22,val
RC020,Session2,overground,run,comfortable,Overground_Run,Run_Comfortable,C:/Users/KUBA/GitProjects/WKIRO-Project/data/RC020/Session2/Overground_Run/Run_Comfortable/Post_Process/Run_Comfortable3.csv,RC020,22,train
RC020,Session2,overground,run,comfortable,Overground_Run,Run_Comfortable,C:/Users/KUBA/GitProjects/WKIRO-Project/data/RC020/Session2/Overground_Run/Run_Comfortable/Post_Process/Run_Comfortable4.csv,RC020,22,val
RC020,Session2,overground,run,comfortable,Overground_Run,Run_Comfortable,C:/Users/KUBA/GitProjects/WKIRO-Project/data/RC020/Session2/Overground_Run/Run_Comfortable/Post_Process/Run_Comfortable5.csv,RC020,22,test
RC020,Session2,overground,run,comfortable,Overground_Run,Run_Comfortable,C:/Users/KUBA/GitProjects/WKIRO-Project/data/RC020/Session2/Overground_Run/Run_Comfortable/Post_Process/Run_Comfortable6.csv,RC020,22,test
RC020,Session2,overground,run,comfortable,Overground_Run,Run_Comfortable,C:/Users/KUBA/GitProjects/WKIRO-Project/data/RC020/Session2/Overground_Run/Run_Comfortable/Post_Process/Run_Comfortable7.csv,RC020,22,val
RC020,Session2,overground,run,comfortable,Overground_Run,Run_Comfortable,C:/Users/KUBA/GitProjects/WKIRO-Project/data/RC020/Session2/Overground_Run/Run_Comfortable/Post_Process/Run_Comfortable8.csv,RC020,22,train
RC020,Session2,overground,run,comfortable,Overground_Run,Run_Comfortable,C:/Users/KUBA/GitProjects/WKIRO-Project/data/RC020/Session2/Overground_Run/Run_Comfortable/Post_Process/Run_Comfortable9.csv,RC020,22,train
RC020,Session2,overground,run,fast,Overground_Run,Run_Fast,C:/Users/KUBA/GitProjects/WKIRO-Project/data/RC020/Session2/Overground_Run/Run_Fast/Post_Process/Run_Fast1.csv,RC020,22,train
RC020,Session2,overground,run,fast,Overground_Run,Run_Fast,C:/Users/KUBA/GitProjects/WKIRO-Project/data/RC020/Session2/Overground_Run/Run_Fast/Post_Process/Run_Fast10.csv,RC020,22,train
RC020,Session2,overground,run,fast,Overground_Run,Run_Fast,C:/Users/KUBA/GitProjects/WKIRO-Project/data/RC020/Session2/Overground_Run/Run_Fast/Post_Process/Run_Fast2.csv,RC020,22,val
RC020,Session2,overground,run,fast,Overground_Run,Run_Fast,C:/Users/KUBA/GitProjects/WKIRO-Project/data/RC020/Session2/Overground_Run/Run_Fast/Post_Process/Run_Fast3.csv,RC020,22,val
RC020,Session2,overground,run,fast,Overground_Run,Run_Fast,C:/Users/KUBA/GitProjects/WKIRO-Project/data/RC020/Session2/Overground_Run/Run_Fast/Post_Process/Run_Fast4.csv,RC020,22,train
RC020,Session2,overground,run,fast,Overground_Run,Run_Fast,C:/Users/KUBA/GitProjects/WKIRO-Project/data/RC020/Session2/Overground_Run/Run_Fast/Post_Process/Run_Fast5.csv,RC020,22,train
RC020,Session2,overground,run,fast,Overground_Run,Run_Fast,C:/Users/KUBA/GitProjects/WKIRO-Project/data/RC020/Session2/Overground_Run/Run_Fast/Post_Process/Run_Fast6.csv,RC020,22,train
RC020,Session2,overground,run,fast,Overground_Run,Run_Fast,C:/Users/KUBA/GitProjects/WKIRO-Project/data/RC020/Session2/Overground_Run/Run_Fast/Post_Process/Run_Fast7.csv,RC020,22,train
RC020,Session2,overground,run,fast,Overground_Run,Run_Fast,C:/Users/KUBA/GitProjects/WKIRO-Project/data/RC020/Session2/Overground_Run/Run_Fast/Post_Process/Run_Fast8.csv,RC020,22,test
RC020,Session2,overground,run,fast,Overground_Run,Run_Fast,C:/Users/KUBA/GitProjects/WKIRO-Project/data/RC020/Session2/Overground_Run/Run_Fast/Post_Process/Run_Fast9.csv,RC020,22,test
RC020,Session2,overground,walk,comfortable,Overground_Walk,Walk_Comfortable,C:/Users/KUBA/GitProjects/WKIRO-Project/data/RC020/Session2/Overground_Walk/Walk_Comfortable/Post_Process/Walk_Comfortable1.csv,RC020,22,train
RC020,Session2,overground,walk,comfortable,Overground_Walk,Walk_Comfortable,C:/Users/KUBA/GitProjects/WKIRO-Project/data/RC020/Session2/Overground_Walk/Walk_Comfortable/Post_Process/Walk_Comfortable2.csv,RC020,22,train
RC020,Session2,overground,walk,comfortable,Overground_Walk,Walk_Comfortable,C:/Users/KUBA/GitProjects/WKIRO-Project/data/RC020/Session2/Overground_Walk/Walk_Comfortable/Post_Process/Walk_Comfortable3.csv,RC020,22,train
RC020,Session2,overground,walk,comfortable,Overground_Walk,Walk_Comfortable,C:/Users/KUBA/GitProjects/WKIRO-Project/data/RC020/Session2/Overground_Walk/Walk_Comfortable/Post_Process/Walk_Comfortable4.csv,RC020,22,train
RC020,Session2,overground,walk,comfortable,Overground_Walk,Walk_Comfortable,C:/Users/KUBA/GitProjects/WKIRO-Project/data/RC020/Session2/Overground_Walk/Walk_Comfortable/Post_Process/Walk_Comfortable5.csv,RC020,22,train
RC020,Session2,overground,walk,comfortable,Overground_Walk,Walk_Comfortable,C:/Users/KUBA/GitProjects/WKIRO-Project/data/RC020/Session2/Overground_Walk/Walk_Comfortable/Post_Process/Walk_Comfortable6.csv,RC020,22,train
RC020,Session2,overground,walk,fast,Overground_Walk,Walk_Fast,C:/Users/KUBA/GitProjects/WKIRO-Project/data/RC020/Session2/Overground_Walk/Walk_Fast/Post_Process/Walk_Fast1.csv,RC020,22,val
RC020,Session2,overground,walk,fast,Overground_Walk,Walk_Fast,C:/Users/KUBA/GitProjects/WKIRO-Project/data/RC020/Session2/Overground_Walk/Walk_Fast/Post_Process/Walk_Fast2.csv,RC020,22,train
RC020,Session2,overground,walk,fast,Overground_Walk,Walk_Fast,C:/Users/KUBA/GitProjects/WKIRO-Project/data/RC020/Session2/Overground_Walk/Walk_Fast/Post_Process/Walk_Fast3.csv,RC020,22,test
RC020,Session2,overground,walk,fast,Overground_Walk,Walk_Fast,C:/Users/KUBA/GitProjects/WKIRO-Project/data/RC020/Session2/Overground_Walk/Walk_Fast/Post_Process/Walk_Fast4.csv,RC020,22,val
RC020,Session2,overground,walk,fast,Overground_Walk,Walk_Fast,C:/Users/KUBA/GitProjects/WKIRO-Project/data/RC020/Session2/Overground_Walk/Walk_Fast/Post_Process/Walk_Fast5.csv,RC020,22,train
RC020,Session2,overground,walk,fast,Overground_Walk,Walk_Fast,C:/Users/KUBA/GitProjects/WKIRO-Project/data/RC020/Session2/Overground_Walk/Walk_Fast/Post_Process/Walk_Fast6.csv,RC020,22,train
RC020,Session2,overground,walk,fast,Overground_Walk,Walk_Fast,C:/Users/KUBA/GitProjects/WKIRO-Project/data/RC020/Session2/Overground_Walk/Walk_Fast/Post_Process/Walk_Fast7.csv,RC020,22,train
RC020,Session2,overground,walk,fast,Overground_Walk,Walk_Fast,C:/Users/KUBA/GitProjects/WKIRO-Project/data/RC020/Session2/Overground_Walk/Walk_Fast/Post_Process/Walk_Fast8.csv,RC020,22,test
RC020,Session2,overground,walk,slow,Overground_Walk,Walk_Slow,C:/Users/KUBA/GitProjects/WKIRO-Project/data/RC020/Session2/Overground_Walk/Walk_Slow/Post_Process/Walk_Slow1.csv,RC020,22,train
RC020,Session2,overground,walk,slow,Overground_Walk,Walk_Slow,C:/Users/KUBA/GitProjects/WKIRO-Project/data/RC020/Session2/Overground_Walk/Walk_Slow/Post_Process/Walk_Slow2.csv,RC020,22,train
RC020,Session2,overground,walk,slow,Overground_Walk,Walk_Slow,C:/Users/KUBA/GitProjects/WKIRO-Project/data/RC020/Session2/Overground_Walk/Walk_Slow/Post_Process/Walk_Slow3.csv,RC020,22,train
RC020,Session2,overground,walk,slow,Overground_Walk,Walk_Slow,C:/Users/KUBA/GitProjects/WKIRO-Project/data/RC020/Session2/Overground_Walk/Walk_Slow/Post_Process/Walk_Slow4.csv,RC020,22,train
RC020,Session2,overground,walk,slow,Overground_Walk,Walk_Slow,C:/Users/KUBA/GitProjects/WKIRO-Project/data/RC020/Session2/Overground_Walk/Walk_Slow/Post_Process/Walk_Slow5.csv,RC020,22,test
RC020,Session2,overground,walk,slow,Overground_Walk,Walk_Slow,C:/Users/KUBA/GitProjects/WKIRO-Project/data/RC020/Session2/Overground_Walk/Walk_Slow/Post_Process/Walk_Slow6.csv,RC020,22,test
RC020,Session2,treadmill,run,comfortable,Treadmill_Run,Treadmill_Run_Comfortable,C:/Users/KUBA/GitProjects/WKIRO-Project/data/RC020/Session2/Treadmill_Run/Treadmill_Run_Comfortable/Post_Process/Treadmill_Run_Comfortable.csv,RC020,22,train
RC020,Session2,treadmill,run,fast,Treadmill_Run,Treadmill_Run_Fast,C:/Users/KUBA/GitProjects/WKIRO-Project/data/RC020/Session2/Treadmill_Run/Treadmill_Run_Fast/Post_Process/Treadmill_Run_Fast.csv,RC020,22,val
RC020,Session2,treadmill,walk,comfortable,Treadmill_Walk,Treadmill_Walk_Comfortable,C:/Users/KUBA/GitProjects/WKIRO-Project/data/RC020/Session2/Treadmill_Walk/Treadmill_Walk_Comfortable/Post_Process/Treadmill_Walk_Comfortable.csv,RC020,22,train
RC020,Session2,treadmill,walk,fast,Treadmill_Walk,Treadmill_Walk_Fast,C:/Users/KUBA/GitProjects/WKIRO-Project/data/RC020/Session2/Treadmill_Walk/Treadmill_Walk_Fast/Post_Process/Treadmill_Walk_Fast.csv,RC020,22,val
RC020,Session2,treadmill,walk,slow,Treadmill_Walk,Treadmill_Walk_Slow,C:/Users/KUBA/GitProjects/WKIRO-Project/data/RC020/Session2/Treadmill_Walk/Treadmill_Walk_Slow/Post_Process/Treadmill_Walk_Slow.csv,RC020,22,train
RC023,Session1,overground,run,comfortable,Overground_Run,Run_Comfortable,C:/Users/KUBA/GitProjects/WKIRO-Project/data/RC023/Session1/Overground_Run/Run_Comfortable/Post_Process/Run_Comfortable1.csv,RC023,23,train
RC023,Session1,overground,run,comfortable,Overground_Run,Run_Comfortable,C:/Users/KUBA/GitProjects/WKIRO-Project/data/RC023/Session1/Overground_Run/Run_Comfortable/Post_Process/Run_Comfortable10.csv,RC023,23,train
RC023,Session1,overground,run,comfortable,Overground_Run,Run_Comfortable,C:/Users/KUBA/GitProjects/WKIRO-Project/data/RC023/Session1/Overground_Run/Run_Comfortable/Post_Process/Run_Comfortable2.csv,RC023,23,train
RC023,Session1,overground,run,comfortable,Overground_Run,Run_Comfortable,C:/Users/KUBA/GitProjects/WKIRO-Project/data/RC023/Session1/Overground_Run/Run_Comfortable/Post_Process/Run_Comfortable3.csv,RC023,23,train
RC023,Session1,overground,run,comfortable,Overground_Run,Run_Comfortable,C:/Users/KUBA/GitProjects/WKIRO-Project/data/RC023/Session1/Overground_Run/Run_Comfortable/Post_Process/Run_Comfortable4.csv,RC023,23,train
RC023,Session1,overground,run,comfortable,Overground_Run,Run_Comfortable,C:/Users/KUBA/GitProjects/WKIRO-Project/data/RC023/Session1/Overground_Run/Run_Comfortable/Post_Process/Run_Comfortable5.csv,RC023,23,val
RC023,Session1,overground,run,comfortable,Overground_Run,Run_Comfortable,C:/Users/KUBA/GitProjects/WKIRO-Project/data/RC023/Session1/Overground_Run/Run_Comfortable/Post_Process/Run_Comfortable6.csv,RC023,23,train
RC023,Session1,overground,run,comfortable,Overground_Run,Run_Comfortable,C:/Users/KUBA/GitProjects/WKIRO-Project/data/RC023/Session1/Overground_Run/Run_Comfortable/Post_Process/Run_Comfortable7.csv,RC023,23,train
RC023,Session1,overground,run,comfortable,Overground_Run,Run_Comfortable,C:/Users/KUBA/GitProjects/WKIRO-Project/data/RC023/Session1/Overground_Run/Run_Comfortable/Post_Process/Run_Comfortable8.csv,RC023,23,train
RC023,Session1,overground,run,comfortable,Overground_Run,Run_Comfortable,C:/Users/KUBA/GitProjects/WKIRO-Project/data/RC023/Session1/Overground_Run/Run_Comfortable/Post_Process/Run_Comfortable9.csv,RC023,23,val
RC023,Session1,overground,run,fast,Overground_Run,Run_Fast,C:/Users/KUBA/GitProjects/WKIRO-Project/data/RC023/Session1/Overground_Run/Run_Fast/Post_Process/Run_Fast1.csv,RC023,23,train
RC023,Session1,overground,run,fast,Overground_Run,Run_Fast,C:/Users/KUBA/GitProjects/WKIRO-Project/data/RC023/Session1/Overground_Run/Run_Fast/Post_Process/Run_Fast10.csv,RC023,23,train
RC023,Session1,overground,run,fast,Overground_Run,Run_Fast,C:/Users/KUBA/GitProjects/WKIRO-Project/data/RC023/Session1/Overground_Run/Run_Fast/Post_Process/Run_Fast2.csv,RC023,23,val
RC023,Session1,overground,run,fast,Overground_Run,Run_Fast,C:/Users/KUBA/GitProjects/WKIRO-Project/data/RC023/Session1/Overground_Run/Run_Fast/Post_Process/Run_Fast3.csv,RC023,23,test
RC023,Session1,overground,run,fast,Overground_Run,Run_Fast,C:/Users/KUBA/GitProjects/WKIRO-Project/data/RC023/Session1/Overground_Run/Run_Fast/Post_Process/Run_Fast4.csv,RC023,23,train
RC023,Session1,overground,run,fast,Overground_Run,Run_Fast,C:/Users/KUBA/GitProjects/WKIRO-Project/data/RC023/Session1/Overground_Run/Run_Fast/Post_Process/Run_Fast5.csv,RC023,23,train
RC023,Session1,overground,run,fast,Overground_Run,Run_Fast,C:/Users/KUBA/GitProjects/WKIRO-Project/data/RC023/Session1/Overground_Run/Run_Fast/Post_Process/Run_Fast6.csv,RC023,23,train
RC023,Session1,overground,run,fast,Overground_Run,Run_Fast,C:/Users/KUBA/GitProjects/WKIRO-Project/data/RC023/Session1/Overground_Run/Run_Fast/Post_Process/Run_Fast7.csv,RC023,23,train
RC023,Session1,overground,run,fast,Overground_Run,Run_Fast,C:/Users/KUBA/GitProjects/WKIRO-Project/data/RC023/Session1/Overground_Run/Run_Fast/Post_Process/Run_Fast8.csv,RC023,23,train
RC023,Session1,overground,run,fast,Overground_Run,Run_Fast,C:/Users/KUBA/GitProjects/WKIRO-Project/data/RC023/Session1/Overground_Run/Run_Fast/Post_Process/Run_Fast9.csv,RC023,23,train
RC023,Session1,overground,walk,comfortable,Overground_Walk,Walk_Comfortable,C:/Users/KUBA/GitProjects/WKIRO-Project/data/RC023/Session1/Overground_Walk/Walk_Comfortable/Post_Process/Walk_Comfortable1.csv,RC023,23,test
RC023,Session1,overground,walk,comfortable,Overground_Walk,Walk_Comfortable,C:/Users/KUBA/GitProjects/WKIRO-Project/data/RC023/Session1/Overground_Walk/Walk_Comfortable/Post_Process/Walk_Comfortable2.csv,RC023,23,test
RC023,Session1,overground,walk,comfortable,Overground_Walk,Walk_Comfortable,C:/Users/KUBA/GitProjects/WKIRO-Project/data/RC023/Session1/Overground_Walk/Walk_Comfortable/Post_Process/Walk_Comfortable3.csv,RC023,23,train
RC023,Session1,overground,walk,comfortable,Overground_Walk,Walk_Comfortable,C:/Users/KUBA/GitProjects/WKIRO-Project/data/RC023/Session1/Overground_Walk/Walk_Comfortable/Post_Process/Walk_Comfortable4.csv,RC023,23,train
RC023,Session1,overground,walk,comfortable,Overground_Walk,Walk_Comfortable,C:/Users/KUBA/GitProjects/WKIRO-Project/data/RC023/Session1/Overground_Walk/Walk_Comfortable/Post_Process/Walk_Comfortable5.csv,RC023,23,test
RC023,Session1,overground,walk,comfortable,Overground_Walk,Walk_Comfortable,C:/Users/KUBA/GitProjects/WKIRO-Project/data/RC023/Session1/Overground_Walk/Walk_Comfortable/Post_Process/Walk_Comfortable6.csv,RC023,23,val
RC023,Session1,overground,walk,fast,Overground_Walk,Walk_Fast,C:/Users/KUBA/GitProjects/WKIRO-Project/data/RC023/Session1/Overground_Walk/Walk_Fast/Post_Process/Walk_Fast1.csv,RC023,23,train
RC023,Session1,overground,walk,fast,Overground_Walk,Walk_Fast,C:/Users/KUBA/GitProjects/WKIRO-Project/data/RC023/Session1/Overground_Walk/Walk_Fast/Post_Process/Walk_Fast2.csv,RC023,23,train
RC023,Session1,overground,walk,fast,Overground_Walk,Walk_Fast,C:/Users/KUBA/GitProjects/WKIRO-Project/data/RC023/Session1/Overground_Walk/Walk_Fast/Post_Process/Walk_Fast3.csv,RC023,23,train
RC023,Session1,overground,walk,fast,Overground_Walk,Walk_Fast,C:/Users/KUBA/GitProjects/WKIRO-Project/data/RC023/Session1/Overground_Walk/Walk_Fast/Post_Process/Walk_Fast4.csv,RC023,23,train
RC023,Session1,overground,walk,fast,Overground_Walk,Walk_Fast,C:/Users/KUBA/GitProjects/WKIRO-Project/data/RC023/Session1/Overground_Walk/Walk_Fast/Post_Process/Walk_Fast5.csv,RC023,23,train
RC023,Session1,overground,walk,fast,Overground_Walk,Walk_Fast,C:/Users/KUBA/GitProjects/WKIRO-Project/data/RC023/Session1/Overground_Walk/Walk_Fast/Post_Process/Walk_Fast6.csv,RC023,23,train
RC023,Session1,overground,walk,slow,Overground_Walk,Walk_Slow,C:/Users/KUBA/GitProjects/WKIRO-Project/data/RC023/Session1/Overground_Walk/Walk_Slow/Post_Process/Walk_Slow1.csv,RC023,23,train
RC023,Session1,overground,walk,slow,Overground_Walk,Walk_Slow,C:/Users/KUBA/GitProjects/WKIRO-Project/data/RC023/Session1/Overground_Walk/Walk_Slow/Post_Process/Walk_Slow2.csv,RC023,23,test
RC023,Session1,overground,walk,slow,Overground_Walk,Walk_Slow,C:/Users/KUBA/GitProjects/WKIRO-Project/data/RC023/Session1/Overground_Walk/Walk_Slow/Post_Process/Walk_Slow3.csv,RC023,23,train
RC023,Session1,overground,walk,slow,Overground_Walk,Walk_Slow,C:/Users/KUBA/GitProjects/WKIRO-Project/data/RC023/Session1/Overground_Walk/Walk_Slow/Post_Process/Walk_Slow4.csv,RC023,23,train
RC023,Session1,overground,walk,slow,Overground_Walk,Walk_Slow,C:/Users/KUBA/GitProjects/WKIRO-Project/data/RC023/Session1/Overground_Walk/Walk_Slow/Post_Process/Walk_Slow5.csv,RC023,23,train
RC023,Session1,overground,walk,slow,Overground_Walk,Walk_Slow,C:/Users/KUBA/GitProjects/WKIRO-Project/data/RC023/Session1/Overground_Walk/Walk_Slow/Post_Process/Walk_Slow6.csv,RC023,23,val
RC023,Session1,overground,walk,slow,Overground_Walk,Walk_Slow,C:/Users/KUBA/GitProjects/WKIRO-Project/data/RC023/Session1/Overground_Walk/Walk_Slow/Post_Process/Walk_Slow7.csv,RC023,23,train
RC023,Session1,overground,walk,slow,Overground_Walk,Walk_Slow,C:/Users/KUBA/GitProjects/WKIRO-Project/data/RC023/Session1/Overground_Walk/Walk_Slow/Post_Process/Walk_Slow8.csv,RC023,23,train
RC023,Session1,treadmill,run,comfortable,Treadmill_Run,Treadmill_Run_Comfortable,C:/Users/KUBA/GitProjects/WKIRO-Project/data/RC023/Session1/Treadmill_Run/Treadmill_Run_Comfortable/Post_Process/Treadmill_Run_Comfortable.csv,RC023,23,train
RC023,Session1,treadmill,run,fast,Treadmill_Run,Treadmill_Run_Fast,C:/Users/KUBA/GitProjects/WKIRO-Project/data/RC023/Session1/Treadmill_Run/Treadmill_Run_Fast/Post_Process/Treadmill_Run_Fast.csv,RC023,23,test
RC023,Session1,treadmill,walk,comfortable,Treadmill_Walk,Treadmill_Walk_Comfortable,C:/Users/KUBA/GitProjects/WKIRO-Project/data/RC023/Session1/Treadmill_Walk/Treadmill_Walk_Comfortable/Post_Process/Treadmill_Walk_Comfortable.csv,RC023,23,train
RC023,Session1,treadmill,walk,fast,Treadmill_Walk,Treadmill_Walk_Fast,C:/Users/KUBA/GitProjects/WKIRO-Project/data/RC023/Session1/Treadmill_Walk/Treadmill_Walk_Fast/Post_Process/Treadmill_Walk_Fast.csv,RC023,23,val
RC023,Session1,treadmill,walk,slow,Treadmill_Walk,Treadmill_Walk_Slow,C:/Users/KUBA/GitProjects/WKIRO-Project/data/RC023/Session1/Treadmill_Walk/Treadmill_Walk_Slow/Post_Process/Treadmill_Walk_Slow.csv,RC023,23,train
RC023,Session2,overground,run,comfortable,Overground_Run,Run_Comfortable,C:/Users/KUBA/GitProjects/WKIRO-Project/data/RC023/Session2/Overground_Run/Run_Comfortable/Post_Process/Run_Comfortable1.csv,RC023,23,train
RC023,Session2,overground,run,comfortable,Overground_Run,Run_Comfortable,C:/Users/KUBA/GitProjects/WKIRO-Project/data/RC023/Session2/Overground_Run/Run_Comfortable/Post_Process/Run_Comfortable10.csv,RC023,23,train
RC023,Session2,overground,run,comfortable,Overground_Run,Run_Comfortable,C:/Users/KUBA/GitProjects/WKIRO-Project/data/RC023/Session2/Overground_Run/Run_Comfortable/Post_Process/Run_Comfortable2.csv,RC023,23,train
RC023,Session2,overground,run,comfortable,Overground_Run,Run_Comfortable,C:/Users/KUBA/GitProjects/WKIRO-Project/data/RC023/Session2/Overground_Run/Run_Comfortable/Post_Process/Run_Comfortable3.csv,RC023,23,train
RC023,Session2,overground,run,comfortable,Overground_Run,Run_Comfortable,C:/Users/KUBA/GitProjects/WKIRO-Project/data/RC023/Session2/Overground_Run/Run_Comfortable/Post_Process/Run_Comfortable4.csv,RC023,23,test
RC023,Session2,overground,run,comfortable,Overground_Run,Run_Comfortable,C:/Users/KUBA/GitProjects/WKIRO-Project/data/RC023/Session2/Overground_Run/Run_Comfortable/Post_Process/Run_Comfortable5.csv,RC023,23,val
RC023,Session2,overground,run,comfortable,Overground_Run,Run_Comfortable,C:/Users/KUBA/GitProjects/WKIRO-Project/data/RC023/Session2/Overground_Run/Run_Comfortable/Post_Process/Run_Comfortable6.csv,RC023,23,train
RC023,Session2,overground,run,comfortable,Overground_Run,Run_Comfortable,C:/Users/KUBA/GitProjects/WKIRO-Project/data/RC023/Session2/Overground_Run/Run_Comfortable/Post_Process/Run_Comfortable7.csv,RC023,23,val
RC023,Session2,overground,run,comfortable,Overground_Run,Run_Comfortable,C:/Users/KUBA/GitProjects/WKIRO-Project/data/RC023/Session2/Overground_Run/Run_Comfortable/Post_Process/Run_Comfortable8.csv,RC023,23,train
RC023,Session2,overground,run,comfortable,Overground_Run,Run_Comfortable,C:/Users/KUBA/GitProjects/WKIRO-Project/data/RC023/Session2/Overground_Run/Run_Comfortable/Post_Process/Run_Comfortable9.csv,RC023,23,val
RC023,Session2,overground,run,fast,Overground_Run,Run_Fast,C:/Users/KUBA/GitProjects/WKIRO-Project/data/RC023/Session2/Overground_Run/Run_Fast/Post_Process/Run_Fast1.csv,RC023,23,train
RC023,Session2,overground,run,fast,Overground_Run,Run_Fast,C:/Users/KUBA/GitProjects/WKIRO-Project/data/RC023/Session2/Overground_Run/Run_Fast/Post_Process/Run_Fast10.csv,RC023,23,val
RC023,Session2,overground,run,fast,Overground_Run,Run_Fast,C:/Users/KUBA/GitProjects/WKIRO-Project/data/RC023/Session2/Overground_Run/Run_Fast/Post_Process/Run_Fast2.csv,RC023,23,train
RC023,Session2,overground,run,fast,Overground_Run,Run_Fast,C:/Users/KUBA/GitProjects/WKIRO-Project/data/RC023/Session2/Overground_Run/Run_Fast/Post_Process/Run_Fast3.csv,RC023,23,train
RC023,Session2,overground,run,fast,Overground_Run,Run_Fast,C:/Users/KUBA/GitProjects/WKIRO-Project/data/RC023/Session2/Overground_Run/Run_Fast/Post_Process/Run_Fast4.csv,RC023,23,train
RC023,Session2,overground,run,fast,Overground_Run,Run_Fast,C:/Users/KUBA/GitProjects/WKIRO-Project/data/RC023/Session2/Overground_Run/Run_Fast/Post_Process/Run_Fast5.csv,RC023,23,val
RC023,Session2,overground,run,fast,Overground_Run,Run_Fast,C:/Users/KUBA/GitProjects/WKIRO-Project/data/RC023/Session2/Overground_Run/Run_Fast/Post_Process/Run_Fast6.csv,RC023,23,train
RC023,Session2,overground,run,fast,Overground_Run,Run_Fast,C:/Users/KUBA/GitProjects/WKIRO-Project/data/RC023/Session2/Overground_Run/Run_Fast/Post_Process/Run_Fast7.csv,RC023,23,train
RC023,Session2,overground,run,fast,Overground_Run,Run_Fast,C:/Users/KUBA/GitProjects/WKIRO-Project/data/RC023/Session2/Overground_Run/Run_Fast/Post_Process/Run_Fast8.csv,RC023,23,train
RC023,Session2,overground,run,fast,Overground_Run,Run_Fast,C:/Users/KUBA/GitProjects/WKIRO-Project/data/RC023/Session2/Overground_Run/Run_Fast/Post_Process/Run_Fast9.csv,RC023,23,test
RC023,Session2,overground,walk,comfortable,Overground_Walk,Walk_Comfortable,C:/Users/KUBA/GitProjects/WKIRO-Project/data/RC023/Session2/Overground_Walk/Walk_Comfortable/Post_Process/Walk_Comfortable1.csv,RC023,23,train
RC023,Session2,overground,walk,comfortable,Overground_Walk,Walk_Comfortable,C:/Users/KUBA/GitProjects/WKIRO-Project/data/RC023/Session2/Overground_Walk/Walk_Comfortable/Post_Process/Walk_Comfortable2.csv,RC023,23,train
RC023,Session2,overground,walk,comfortable,Overground_Walk,Walk_Comfortable,C:/Users/KUBA/GitProjects/WKIRO-Project/data/RC023/Session2/Overground_Walk/Walk_Comfortable/Post_Process/Walk_Comfortable3.csv,RC023,23,train
RC023,Session2,overground,walk,comfortable,Overground_Walk,Walk_Comfortable,C:/Users/KUBA/GitProjects/WKIRO-Project/data/RC023/Session2/Overground_Walk/Walk_Comfortable/Post_Process/Walk_Comfortable4.csv,RC023,23,test
RC023,Session2,overground,walk,comfortable,Overground_Walk,Walk_Comfortable,C:/Users/KUBA/GitProjects/WKIRO-Project/data/RC023/Session2/Overground_Walk/Walk_Comfortable/Post_Process/Walk_Comfortable5.csv,RC023,23,train
RC023,Session2,overground,walk,comfortable,Overground_Walk,Walk_Comfortable,C:/Users/KUBA/GitProjects/WKIRO-Project/data/RC023/Session2/Overground_Walk/Walk_Comfortable/Post_Process/Walk_Comfortable6.csv,RC023,23,train
RC023,Session2,overground,walk,comfortable,Overground_Walk,Walk_Comfortable,C:/Users/KUBA/GitProjects/WKIRO-Project/data/RC023/Session2/Overground_Walk/Walk_Comfortable/Post_Process/Walk_Comfortable7.csv,RC023,23,train
RC023,Session2,overground,walk,comfortable,Overground_Walk,Walk_Comfortable,C:/Users/KUBA/GitProjects/WKIRO-Project/data/RC023/Session2/Overground_Walk/Walk_Comfortable/Post_Process/Walk_Comfortable8.csv,RC023,23,train
RC023,Session2,overground,walk,fast,Overground_Walk,Walk_Fast,C:/Users/KUBA/GitProjects/WKIRO-Project/data/RC023/Session2/Overground_Walk/Walk_Fast/Post_Process/Walk_Fast1.csv,RC023,23,val
RC023,Session2,overground,walk,fast,Overground_Walk,Walk_Fast,C:/Users/KUBA/GitProjects/WKIRO-Project/data/RC023/Session2/Overground_Walk/Walk_Fast/Post_Process/Walk_Fast2.csv,RC023,23,train
RC023,Session2,overground,walk,fast,Overground_Walk,Walk_Fast,C:/Users/KUBA/GitProjects/WKIRO-Project/data/RC023/Session2/Overground_Walk/Walk_Fast/Post_Process/Walk_Fast3.csv,RC023,23,train
RC023,Session2,overground,walk,fast,Overground_Walk,Walk_Fast,C:/Users/KUBA/GitProjects/WKIRO-Project/data/RC023/Session2/Overground_Walk/Walk_Fast/Post_Process/Walk_Fast4.csv,RC023,23,train
RC023,Session2,overground,walk,fast,Overground_Walk,Walk_Fast,C:/Users/KUBA/GitProjects/WKIRO-Project/data/RC023/Session2/Overground_Walk/Walk_Fast/Post_Process/Walk_Fast5.csv,RC023,23,train
RC023,Session2,overground,walk,fast,Overground_Walk,Walk_Fast,C:/Users/KUBA/GitProjects/WKIRO-Project/data/RC023/Session2/Overground_Walk/Walk_Fast/Post_Process/Walk_Fast6.csv,RC023,23,test
RC023,Session2,overground,walk,fast,Overground_Walk,Walk_Fast,C:/Users/KUBA/GitProjects/WKIRO-Project/data/RC023/Session2/Overground_Walk/Walk_Fast/Post_Process/Walk_Fast7.csv,RC023,23,train
RC023,Session2,overground,walk,fast,Overground_Walk,Walk_Fast,C:/Users/KUBA/GitProjects/WKIRO-Project/data/RC023/Session2/Overground_Walk/Walk_Fast/Post_Process/Walk_Fast8.csv,RC023,23,train
RC023,Session2,overground,walk,slow,Overground_Walk,Walk_Slow,C:/Users/KUBA/GitProjects/WKIRO-Project/data/RC023/Session2/Overground_Walk/Walk_Slow/Post_Process/Walk_Slow1.csv,RC023,23,train
RC023,Session2,overground,walk,slow,Overground_Walk,Walk_Slow,C:/Users/KUBA/GitProjects/WKIRO-Project/data/RC023/Session2/Overground_Walk/Walk_Slow/Post_Process/Walk_Slow2.csv,RC023,23,train
RC023,Session2,overground,walk,slow,Overground_Walk,Walk_Slow,C:/Users/KUBA/GitProjects/WKIRO-Project/data/RC023/Session2/Overground_Walk/Walk_Slow/Post_Process/Walk_Slow3.csv,RC023,23,test
RC023,Session2,overground,walk,slow,Overground_Walk,Walk_Slow,C:/Users/KUBA/GitProjects/WKIRO-Project/data/RC023/Session2/Overground_Walk/Walk_Slow/Post_Process/Walk_Slow4.csv,RC023,23,val
RC023,Session2,overground,walk,slow,Overground_Walk,Walk_Slow,C:/Users/KUBA/GitProjects/WKIRO-Project/data/RC023/Session2/Overground_Walk/Walk_Slow/Post_Process/Walk_Slow5.csv,RC023,23,test
RC023,Session2,overground,walk,slow,Overground_Walk,Walk_Slow,C:/Users/KUBA/GitProjects/WKIRO-Project/data/RC023/Session2/Overground_Walk/Walk_Slow/Post_Process/Walk_Slow6.csv,RC023,23,train
RC023,Session2,overground,walk,slow,Overground_Walk,Walk_Slow,C:/Users/KUBA/GitProjects/WKIRO-Project/data/RC023/Session2/Overground_Walk/Walk_Slow/Post_Process/Walk_Slow7.csv,RC023,23,train
RC023,Session2,overground,walk,slow,Overground_Walk,Walk_Slow,C:/Users/KUBA/GitProjects/WKIRO-Project/data/RC023/Session2/Overground_Walk/Walk_Slow/Post_Process/Walk_Slow8.csv,RC023,23,train
RC023,Session2,treadmill,run,comfortable,Treadmill_Run,Treadmill_Run_Comfortable,C:/Users/KUBA/GitProjects/WKIRO-Project/data/RC023/Session2/Treadmill_Run/Treadmill_Run_Comfortable/Post_Process/Treadmill_Run_Comfortable.csv,RC023,23,train
RC023,Session2,treadmill,run,fast,Treadmill_Run,Treadmill_Run_Fast,C:/Users/KUBA/GitProjects/WKIRO-Project/data/RC023/Session2/Treadmill_Run/Treadmill_Run_Fast/Post_Process/Treadmill_Run_Fast.csv,RC023,23,val
RC023,Session2,treadmill,walk,comfortable,Treadmill_Walk,Treadmill_Walk_Comfortable,C:/Users/KUBA/GitProjects/WKIRO-Project/data/RC023/Session2/Treadmill_Walk/Treadmill_Walk_Comfortable/Post_Process/Treadmill_Walk_Comfortable.csv,RC023,23,test
RC023,Session2,treadmill,walk,fast,Treadmill_Walk,Treadmill_Walk_Fast,C:/Users/KUBA/GitProjects/WKIRO-Project/data/RC023/Session2/Treadmill_Walk/Treadmill_Walk_Fast/Post_Process/Treadmill_Walk_Fast.csv,RC023,23,train
RC023,Session2,treadmill,walk,slow,Treadmill_Walk,Treadmill_Walk_Slow,C:/Users/KUBA/GitProjects/WKIRO-Project/data/RC023/Session2/Treadmill_Walk/Treadmill_Walk_Slow/Post_Process/Treadmill_Walk_Slow.csv,RC023,23,test
RV028,Session1,overground,run,comfortable,Overground_Run,Run_Comfortable,C:/Users/KUBA/GitProjects/WKIRO-Project/data/RV028/Session1/Overground_Run/Run_Comfortable/Post_Process/Run_Comfortable1.csv,RV028,24,train
RV028,Session1,overground,run,comfortable,Overground_Run,Run_Comfortable,C:/Users/KUBA/GitProjects/WKIRO-Project/data/RV028/Session1/Overground_Run/Run_Comfortable/Post_Process/Run_Comfortable10.csv,RV028,24,val
RV028,Session1,overground,run,comfortable,Overground_Run,Run_Comfortable,C:/Users/KUBA/GitProjects/WKIRO-Project/data/RV028/Session1/Overground_Run/Run_Comfortable/Post_Process/Run_Comfortable2.csv,RV028,24,train
RV028,Session1,overground,run,comfortable,Overground_Run,Run_Comfortable,C:/Users/KUBA/GitProjects/WKIRO-Project/data/RV028/Session1/Overground_Run/Run_Comfortable/Post_Process/Run_Comfortable3.csv,RV028,24,val
RV028,Session1,overground,run,comfortable,Overground_Run,Run_Comfortable,C:/Users/KUBA/GitProjects/WKIRO-Project/data/RV028/Session1/Overground_Run/Run_Comfortable/Post_Process/Run_Comfortable4.csv,RV028,24,train
RV028,Session1,overground,run,comfortable,Overground_Run,Run_Comfortable,C:/Users/KUBA/GitProjects/WKIRO-Project/data/RV028/Session1/Overground_Run/Run_Comfortable/Post_Process/Run_Comfortable5.csv,RV028,24,train
RV028,Session1,overground,run,comfortable,Overground_Run,Run_Comfortable,C:/Users/KUBA/GitProjects/WKIRO-Project/data/RV028/Session1/Overground_Run/Run_Comfortable/Post_Process/Run_Comfortable6.csv,RV028,24,val
RV028,Session1,overground,run,comfortable,Overground_Run,Run_Comfortable,C:/Users/KUBA/GitProjects/WKIRO-Project/data/RV028/Session1/Overground_Run/Run_Comfortable/Post_Process/Run_Comfortable7.csv,RV028,24,train
RV028,Session1,overground,run,comfortable,Overground_Run,Run_Comfortable,C:/Users/KUBA/GitProjects/WKIRO-Project/data/RV028/Session1/Overground_Run/Run_Comfortable/Post_Process/Run_Comfortable8.csv,RV028,24,train
RV028,Session1,overground,run,comfortable,Overground_Run,Run_Comfortable,C:/Users/KUBA/GitProjects/WKIRO-Project/data/RV028/Session1/Overground_Run/Run_Comfortable/Post_Process/Run_Comfortable9.csv,RV028,24,test
RV028,Session1,overground,run,fast,Overground_Run,Run_Fast,C:/Users/KUBA/GitProjects/WKIRO-Project/data/RV028/Session1/Overground_Run/Run_Fast/Post_Process/Run_Fast1.csv,RV028,24,train
RV028,Session1,overground,run,fast,Overground_Run,Run_Fast,C:/Users/KUBA/GitProjects/WKIRO-Project/data/RV028/Session1/Overground_Run/Run_Fast/Post_Process/Run_Fast10.csv,RV028,24,val
RV028,Session1,overground,run,fast,Overground_Run,Run_Fast,C:/Users/KUBA/GitProjects/WKIRO-Project/data/RV028/Session1/Overground_Run/Run_Fast/Post_Process/Run_Fast2.csv,RV028,24,train
RV028,Session1,overground,run,fast,Overground_Run,Run_Fast,C:/Users/KUBA/GitProjects/WKIRO-Project/data/RV028/Session1/Overground_Run/Run_Fast/Post_Process/Run_Fast3.csv,RV028,24,val
RV028,Session1,overground,run,fast,Overground_Run,Run_Fast,C:/Users/KUBA/GitProjects/WKIRO-Project/data/RV028/Session1/Overground_Run/Run_Fast/Post_Process/Run_Fast4.csv,RV028,24,train
RV028,Session1,overground,run,fast,Overground_Run,Run_Fast,C:/Users/KUBA/GitProjects/WKIRO-Project/data/RV028/Session1/Overground_Run/Run_Fast/Post_Process/Run_Fast5.csv,RV028,24,train
RV028,Session1,overground,run,fast,Overground_Run,Run_Fast,C:/Users/KUBA/GitProjects/WKIRO-Project/data/RV028/Session1/Overground_Run/Run_Fast/Post_Process/Run_Fast6.csv,RV028,24,val
RV028,Session1,overground,run,fast,Overground_Run,Run_Fast,C:/Users/KUBA/GitProjects/WKIRO-Project/data/RV028/Session1/Overground_Run/Run_Fast/Post_Process/Run_Fast7.csv,RV028,24,val
RV028,Session1,overground,run,fast,Overground_Run,Run_Fast,C:/Users/KUBA/GitProjects/WKIRO-Project/data/RV028/Session1/Overground_Run/Run_Fast/Post_Process/Run_Fast8.csv,RV028,24,val
RV028,Session1,overground,run,fast,Overground_Run,Run_Fast,C:/Users/KUBA/GitProjects/WKIRO-Project/data/RV028/Session1/Overground_Run/Run_Fast/Post_Process/Run_Fast9.csv,RV028,24,train
RV028,Session1,overground,walk,comfortable,Overground_Walk,Walk_Comfortable,C:/Users/KUBA/GitProjects/WKIRO-Project/data/RV028/Session1/Overground_Walk/Walk_Comfortable/Post_Process/Walk_Comfortable1.csv,RV028,24,train
RV028,Session1,overground,walk,comfortable,Overground_Walk,Walk_Comfortable,C:/Users/KUBA/GitProjects/WKIRO-Project/data/RV028/Session1/Overground_Walk/Walk_Comfortable/Post_Process/Walk_Comfortable10.csv,RV028,24,test
RV028,Session1,overground,walk,comfortable,Overground_Walk,Walk_Comfortable,C:/Users/KUBA/GitProjects/WKIRO-Project/data/RV028/Session1/Overground_Walk/Walk_Comfortable/Post_Process/Walk_Comfortable11.csv,RV028,24,train
RV028,Session1,overground,walk,comfortable,Overground_Walk,Walk_Comfortable,C:/Users/KUBA/GitProjects/WKIRO-Project/data/RV028/Session1/Overground_Walk/Walk_Comfortable/Post_Process/Walk_Comfortable12.csv,RV028,24,train
RV028,Session1,overground,walk,comfortable,Overground_Walk,Walk_Comfortable,C:/Users/KUBA/GitProjects/WKIRO-Project/data/RV028/Session1/Overground_Walk/Walk_Comfortable/Post_Process/Walk_Comfortable2.csv,RV028,24,train
RV028,Session1,overground,walk,comfortable,Overground_Walk,Walk_Comfortable,C:/Users/KUBA/GitProjects/WKIRO-Project/data/RV028/Session1/Overground_Walk/Walk_Comfortable/Post_Process/Walk_Comfortable3.csv,RV028,24,train
RV028,Session1,overground,walk,comfortable,Overground_Walk,Walk_Comfortable,C:/Users/KUBA/GitProjects/WKIRO-Project/data/RV028/Session1/Overground_Walk/Walk_Comfortable/Post_Process/Walk_Comfortable4.csv,RV028,24,train
RV028,Session1,overground,walk,comfortable,Overground_Walk,Walk_Comfortable,C:/Users/KUBA/GitProjects/WKIRO-Project/data/RV028/Session1/Overground_Walk/Walk_Comfortable/Post_Process/Walk_Comfortable5.csv,RV028,24,train
RV028,Session1,overground,walk,comfortable,Overground_Walk,Walk_Comfortable,C:/Users/KUBA/GitProjects/WKIRO-Project/data/RV028/Session1/Overground_Walk/Walk_Comfortable/Post_Process/Walk_Comfortable6.csv,RV028,24,train
RV028,Session1,overground,walk,comfortable,Overground_Walk,Walk_Comfortable,C:/Users/KUBA/GitProjects/WKIRO-Project/data/RV028/Session1/Overground_Walk/Walk_Comfortable/Post_Process/Walk_Comfortable7.csv,RV028,24,train
RV028,Session1,overground,walk,comfortable,Overground_Walk,Walk_Comfortable,C:/Users/KUBA/GitProjects/WKIRO-Project/data/RV028/Session1/Overground_Walk/Walk_Comfortable/Post_Process/Walk_Comfortable8.csv,RV028,24,train
RV028,Session1,overground,walk,comfortable,Overground_Walk,Walk_Comfortable,C:/Users/KUBA/GitProjects/WKIRO-Project/data/RV028/Session1/Overground_Walk/Walk_Comfortable/Post_Process/Walk_Comfortable9.csv,RV028,24,val
RV028,Session1,overground,walk,fast,Overground_Walk,Walk_Fast,C:/Users/KUBA/GitProjects/WKIRO-Project/data/RV028/Session1/Overground_Walk/Walk_Fast/Post_Process/Walk_Fast1.csv,RV028,24,val
RV028,Session1,overground,walk,fast,Overground_Walk,Walk_Fast,C:/Users/KUBA/GitProjects/WKIRO-Project/data/RV028/Session1/Overground_Walk/Walk_Fast/Post_Process/Walk_Fast2.csv,RV028,24,train
RV028,Session1,overground,walk,fast,Overground_Walk,Walk_Fast,C:/Users/KUBA/GitProjects/WKIRO-Project/data/RV028/Session1/Overground_Walk/Walk_Fast/Post_Process/Walk_Fast3.csv,RV028,24,val
RV028,Session1,overground,walk,fast,Overground_Walk,Walk_Fast,C:/Users/KUBA/GitProjects/WKIRO-Project/data/RV028/Session1/Overground_Walk/Walk_Fast/Post_Process/Walk_Fast4.csv,RV028,24,test
RV028,Session1,overground,walk,fast,Overground_Walk,Walk_Fast,C:/Users/KUBA/GitProjects/WKIRO-Project/data/RV028/Session1/Overground_Walk/Walk_Fast/Post_Process/Walk_Fast5.csv,RV028,24,train
RV028,Session1,overground,walk,fast,Overground_Walk,Walk_Fast,C:/Users/KUBA/GitProjects/WKIRO-Project/data/RV028/Session1/Overground_Walk/Walk_Fast/Post_Process/Walk_Fast6.csv,RV028,24,train
RV028,Session1,overground,walk,fast,Overground_Walk,Walk_Fast,C:/Users/KUBA/GitProjects/WKIRO-Project/data/RV028/Session1/Overground_Walk/Walk_Fast/Post_Process/Walk_Fast7.csv,RV028,24,train
RV028,Session1,overground,walk,fast,Overground_Walk,Walk_Fast,C:/Users/KUBA/GitProjects/WKIRO-Project/data/RV028/Session1/Overground_Walk/Walk_Fast/Post_Process/Walk_Fast8.csv,RV028,24,train
RV028,Session1,overground,walk,slow,Overground_Walk,Walk_Slow,C:/Users/KUBA/GitProjects/WKIRO-Project/data/RV028/Session1/Overground_Walk/Walk_Slow/Post_Process/Walk_Slow1.csv,RV028,24,train
RV028,Session1,overground,walk,slow,Overground_Walk,Walk_Slow,C:/Users/KUBA/GitProjects/WKIRO-Project/data/RV028/Session1/Overground_Walk/Walk_Slow/Post_Process/Walk_Slow2.csv,RV028,24,train
RV028,Session1,overground,walk,slow,Overground_Walk,Walk_Slow,C:/Users/KUBA/GitProjects/WKIRO-Project/data/RV028/Session1/Overground_Walk/Walk_Slow/Post_Process/Walk_Slow3.csv,RV028,24,train
RV028,Session1,overground,walk,slow,Overground_Walk,Walk_Slow,C:/Users/KUBA/GitProjects/WKIRO-Project/data/RV028/Session1/Overground_Walk/Walk_Slow/Post_Process/Walk_Slow4.csv,RV028,24,train
RV028,Session1,overground,walk,slow,Overground_Walk,Walk_Slow,C:/Users/KUBA/GitProjects/WKIRO-Project/data/RV028/Session1/Overground_Walk/Walk_Slow/Post_Process/Walk_Slow5.csv,RV028,24,train
RV028,Session1,overground,walk,slow,Overground_Walk,Walk_Slow,C:/Users/KUBA/GitProjects/WKIRO-Project/data/RV028/Session1/Overground_Walk/Walk_Slow/Post_Process/Walk_Slow6.csv,RV028,24,train
RV028,Session1,overground,walk,slow,Overground_Walk,Walk_Slow,C:/Users/KUBA/GitProjects/WKIRO-Project/data/RV028/Session1/Overground_Walk/Walk_Slow/Post_Process/Walk_Slow7.csv,RV028,24,train
RV028,Session1,overground,walk,slow,Overground_Walk,Walk_Slow,C:/Users/KUBA/GitProjects/WKIRO-Project/data/RV028/Session1/Overground_Walk/Walk_Slow/Post_Process/Walk_Slow8.csv,RV028,24,train
RV028,Session1,treadmill,run,comfortable,Treadmill_Run,Treadmill_Run_Comfortable,C:/Users/KUBA/GitProjects/WKIRO-Project/data/RV028/Session1/Treadmill_Run/Treadmill_Run_Comfortable/Post_Process/Treadmill_Run_Comfortable.csv,RV028,24,train
RV028,Session1,treadmill,run,fast,Treadmill_Run,Treadmill_Run_Fast,C:/Users/KUBA/GitProjects/WKIRO-Project/data/RV028/Session1/Treadmill_Run/Treadmill_Run_Fast/Post_Process/Treadmill_Run_Fast.csv,RV028,24,train
RV028,Session1,treadmill,walk,comfortable,Treadmill_Walk,Treadmill_Walk_Comfortable,C:/Users/KUBA/GitProjects/WKIRO-Project/data/RV028/Session1/Treadmill_Walk/Treadmill_Walk_Comfortable/Post_Process/Treadmill_Walk_Comfortable.csv,RV028,24,test
RV028,Session1,treadmill,walk,fast,Treadmill_Walk,Treadmill_Walk_Fast,C:/Users/KUBA/GitProjects/WKIRO-Project/data/RV028/Session1/Treadmill_Walk/Treadmill_Walk_Fast/Post_Process/Treadmill_Walk_Fast.csv,RV028,24,train
RV028,Session1,treadmill,walk,slow,Treadmill_Walk,Treadmill_Walk_Slow,C:/Users/KUBA/GitProjects/WKIRO-Project/data/RV028/Session1/Treadmill_Walk/Treadmill_Walk_Slow/Post_Process/Treadmill_Walk_Slow.csv,RV028,24,val
RV028,Session2,overground,run,comfortable,Overground_Run,Run_Comfortable,C:/Users/KUBA/GitProjects/WKIRO-Project/data/RV028/Session2/Overground_Run/Run_Comfortable/Post_Process/Run_Comfortable1.csv,RV028,24,train
RV028,Session2,overground,run,comfortable,Overground_Run,Run_Comfortable,C:/Users/KUBA/GitProjects/WKIRO-Project/data/RV028/Session2/Overground_Run/Run_Comfortable/Post_Process/Run_Comfortable10.csv,RV028,24,train
RV028,Session2,overground,run,comfortable,Overground_Run,Run_Comfortable,C:/Users/KUBA/GitProjects/WKIRO-Project/data/RV028/Session2/Overground_Run/Run_Comfortable/Post_Process/Run_Comfortable2.csv,RV028,24,train
RV028,Session2,overground,run,comfortable,Overground_Run,Run_Comfortable,C:/Users/KUBA/GitProjects/WKIRO-Project/data/RV028/Session2/Overground_Run/Run_Comfortable/Post_Process/Run_Comfortable3.csv,RV028,24,train
RV028,Session2,overground,run,comfortable,Overground_Run,Run_Comfortable,C:/Users/KUBA/GitProjects/WKIRO-Project/data/RV028/Session2/Overground_Run/Run_Comfortable/Post_Process/Run_Comfortable4.csv,RV028,24,test
RV028,Session2,overground,run,comfortable,Overground_Run,Run_Comfortable,C:/Users/KUBA/GitProjects/WKIRO-Project/data/RV028/Session2/Overground_Run/Run_Comfortable/Post_Process/Run_Comfortable5.csv,RV028,24,test
RV028,Session2,overground,run,comfortable,Overground_Run,Run_Comfortable,C:/Users/KUBA/GitProjects/WKIRO-Project/data/RV028/Session2/Overground_Run/Run_Comfortable/Post_Process/Run_Comfortable6.csv,RV028,24,test
RV028,Session2,overground,run,comfortable,Overground_Run,Run_Comfortable,C:/Users/KUBA/GitProjects/WKIRO-Project/data/RV028/Session2/Overground_Run/Run_Comfortable/Post_Process/Run_Comfortable7.csv,RV028,24,train
RV028,Session2,overground,run,comfortable,Overground_Run,Run_Comfortable,C:/Users/KUBA/GitProjects/WKIRO-Project/data/RV028/Session2/Overground_Run/Run_Comfortable/Post_Process/Run_Comfortable8.csv,RV028,24,train
RV028,Session2,overground,run,comfortable,Overground_Run,Run_Comfortable,C:/Users/KUBA/GitProjects/WKIRO-Project/data/RV028/Session2/Overground_Run/Run_Comfortable/Post_Process/Run_Comfortable9.csv,RV028,24,train
RV028,Session2,overground,run,fast,Overground_Run,Run_Fast,C:/Users/KUBA/GitProjects/WKIRO-Project/data/RV028/Session2/Overground_Run/Run_Fast/Post_Process/Run_Fast1.csv,RV028,24,train
RV028,Session2,overground,run,fast,Overground_Run,Run_Fast,C:/Users/KUBA/GitProjects/WKIRO-Project/data/RV028/Session2/Overground_Run/Run_Fast/Post_Process/Run_Fast10.csv,RV028,24,test
RV028,Session2,overground,run,fast,Overground_Run,Run_Fast,C:/Users/KUBA/GitProjects/WKIRO-Project/data/RV028/Session2/Overground_Run/Run_Fast/Post_Process/Run_Fast2.csv,RV028,24,train
RV028,Session2,overground,run,fast,Overground_Run,Run_Fast,C:/Users/KUBA/GitProjects/WKIRO-Project/data/RV028/Session2/Overground_Run/Run_Fast/Post_Process/Run_Fast3.csv,RV028,24,train
RV028,Session2,overground,run,fast,Overground_Run,Run_Fast,C:/Users/KUBA/GitProjects/WKIRO-Project/data/RV028/Session2/Overground_Run/Run_Fast/Post_Process/Run_Fast4.csv,RV028,24,train
RV028,Session2,overground,run,fast,Overground_Run,Run_Fast,C:/Users/KUBA/GitProjects/WKIRO-Project/data/RV028/Session2/Overground_Run/Run_Fast/Post_Process/Run_Fast5.csv,RV028,24,train
RV028,Session2,overground,run,fast,Overground_Run,Run_Fast,C:/Users/KUBA/GitProjects/WKIRO-Project/data/RV028/Session2/Overground_Run/Run_Fast/Post_Process/Run_Fast6.csv,RV028,24,train
RV028,Session2,overground,run,fast,Overground_Run,Run_Fast,C:/Users/KUBA/GitProjects/WKIRO-Project/data/RV028/Session2/Overground_Run/Run_Fast/Post_Process/Run_Fast7.csv,RV028,24,test
RV028,Session2,overground,run,fast,Overground_Run,Run_Fast,C:/Users/KUBA/GitProjects/WKIRO-Project/data/RV028/Session2/Overground_Run/Run_Fast/Post_Process/Run_Fast8.csv,RV028,24,train
RV028,Session2,overground,run,fast,Overground_Run,Run_Fast,C:/Users/KUBA/GitProjects/WKIRO-Project/data/RV028/Session2/Overground_Run/Run_Fast/Post_Process/Run_Fast9.csv,RV028,24,train
RV028,Session2,overground,walk,comfortable,Overground_Walk,Walk_Comfortable,C:/Users/KUBA/GitProjects/WKIRO-Project/data/RV028/Session2/Overground_Walk/Walk_Comfortable/Post_Process/Walk_Comfortable1.csv,RV028,24,test
RV028,Session2,overground,walk,comfortable,Overground_Walk,Walk_Comfortable,C:/Users/KUBA/GitProjects/WKIRO-Project/data/RV028/Session2/Overground_Walk/Walk_Comfortable/Post_Process/Walk_Comfortable2.csv,RV028,24,train
RV028,Session2,overground,walk,comfortable,Overground_Walk,Walk_Comfortable,C:/Users/KUBA/GitProjects/WKIRO-Project/data/RV028/Session2/Overground_Walk/Walk_Comfortable/Post_Process/Walk_Comfortable3.csv,RV028,24,train
RV028,Session2,overground,walk,comfortable,Overground_Walk,Walk_Comfortable,C:/Users/KUBA/GitProjects/WKIRO-Project/data/RV028/Session2/Overground_Walk/Walk_Comfortable/Post_Process/Walk_Comfortable4.csv,RV028,24,val
RV028,Session2,overground,walk,comfortable,Overground_Walk,Walk_Comfortable,C:/Users/KUBA/GitProjects/WKIRO-Project/data/RV028/Session2/Overground_Walk/Walk_Comfortable/Post_Process/Walk_Comfortable5.csv,RV028,24,test
RV028,Session2,overground,walk,comfortable,Overground_Walk,Walk_Comfortable,C:/Users/KUBA/GitProjects/WKIRO-Project/data/RV028/Session2/Overground_Walk/Walk_Comfortable/Post_Process/Walk_Comfortable6.csv,RV028,24,train
RV028,Session2,overground,walk,comfortable,Overground_Walk,Walk_Comfortable,C:/Users/KUBA/GitProjects/WKIRO-Project/data/RV028/Session2/Overground_Walk/Walk_Comfortable/Post_Process/Walk_Comfortable7.csv,RV028,24,train
RV028,Session2,overground,walk,comfortable,Overground_Walk,Walk_Comfortable,C:/Users/KUBA/GitProjects/WKIRO-Project/data/RV028/Session2/Overground_Walk/Walk_Comfortable/Post_Process/Walk_Comfortable8.csv,RV028,24,train
RV028,Session2,overground,walk,fast,Overground_Walk,Walk_Fast,C:/Users/KUBA/GitProjects/WKIRO-Project/data/RV028/Session2/Overground_Walk/Walk_Fast/Post_Process/Walk_Fast1.csv,RV028,24,train
RV028,Session2,overground,walk,fast,Overground_Walk,Walk_Fast,C:/Users/KUBA/GitProjects/WKIRO-Project/data/RV028/Session2/Overground_Walk/Walk_Fast/Post_Process/Walk_Fast2.csv,RV028,24,train
RV028,Session2,overground,walk,fast,Overground_Walk,Walk_Fast,C:/Users/KUBA/GitProjects/WKIRO-Project/data/RV028/Session2/Overground_Walk/Walk_Fast/Post_Process/Walk_Fast3.csv,RV028,24,train
RV028,Session2,overground,walk,fast,Overground_Walk,Walk_Fast,C:/Users/KUBA/GitProjects/WKIRO-Project/data/RV028/Session2/Overground_Walk/Walk_Fast/Post_Process/Walk_Fast4.csv,RV028,24,train
RV028,Session2,overground,walk,fast,Overground_Walk,Walk_Fast,C:/Users/KUBA/GitProjects/WKIRO-Project/data/RV028/Session2/Overground_Walk/Walk_Fast/Post_Process/Walk_Fast5.csv,RV028,24,train
RV028,Session2,overground,walk,fast,Overground_Walk,Walk_Fast,C:/Users/KUBA/GitProjects/WKIRO-Project/data/RV028/Session2/Overground_Walk/Walk_Fast/Post_Process/Walk_Fast6.csv,RV028,24,train
RV028,Session2,overground,walk,fast,Overground_Walk,Walk_Fast,C:/Users/KUBA/GitProjects/WKIRO-Project/data/RV028/Session2/Overground_Walk/Walk_Fast/Post_Process/Walk_Fast7.csv,RV028,24,train
RV028,Session2,overground,walk,fast,Overground_Walk,Walk_Fast,C:/Users/KUBA/GitProjects/WKIRO-Project/data/RV028/Session2/Overground_Walk/Walk_Fast/Post_Process/Walk_Fast8.csv,RV028,24,test
RV028,Session2,overground,walk,slow,Overground_Walk,Walk_Slow,C:/Users/KUBA/GitProjects/WKIRO-Project/data/RV028/Session2/Overground_Walk/Walk_Slow/Post_Process/Walk_Slow1.csv,RV028,24,train
RV028,Session2,overground,walk,slow,Overground_Walk,Walk_Slow,C:/Users/KUBA/GitProjects/WKIRO-Project/data/RV028/Session2/Overground_Walk/Walk_Slow/Post_Process/Walk_Slow2.csv,RV028,24,val
RV028,Session2,overground,walk,slow,Overground_Walk,Walk_Slow,C:/Users/KUBA/GitProjects/WKIRO-Project/data/RV028/Session2/Overground_Walk/Walk_Slow/Post_Process/Walk_Slow3.csv,RV028,24,test
RV028,Session2,overground,walk,slow,Overground_Walk,Walk_Slow,C:/Users/KUBA/GitProjects/WKIRO-Project/data/RV028/Session2/Overground_Walk/Walk_Slow/Post_Process/Walk_Slow4.csv,RV028,24,train
RV028,Session2,overground,walk,slow,Overground_Walk,Walk_Slow,C:/Users/KUBA/GitProjects/WKIRO-Project/data/RV028/Session2/Overground_Walk/Walk_Slow/Post_Process/Walk_Slow5.csv,RV028,24,test
RV028,Session2,overground,walk,slow,Overground_Walk,Walk_Slow,C:/Users/KUBA/GitProjects/WKIRO-Project/data/RV028/Session2/Overground_Walk/Walk_Slow/Post_Process/Walk_Slow6.csv,RV028,24,val
RV028,Session2,treadmill,run,comfortable,Treadmill_Run,Treadmill_Run_Comfortable,C:/Users/KUBA/GitProjects/WKIRO-Project/data/RV028/Session2/Treadmill_Run/Treadmill_Run_Comfortable/Post_Process/Treadmill_Run_Comfortable.csv,RV028,24,train
RV028,Session2,treadmill,run,fast,Treadmill_Run,Treadmill_Run_Fast,C:/Users/KUBA/GitProjects/WKIRO-Project/data/RV028/Session2/Treadmill_Run/Treadmill_Run_Fast/Post_Process/Treadmill_Run_Fast.csv,RV028,24,test
RV028,Session2,treadmill,walk,comfortable,Treadmill_Walk,Treadmill_Walk_Comfortable,C:/Users/KUBA/GitProjects/WKIRO-Project/data/RV028/Session2/Treadmill_Walk/Treadmill_Walk_Comfortable/Post_Process/Treadmill_Walk_Comfortable.csv,RV028,24,train
RV028,Session2,treadmill,walk,fast,Treadmill_Walk,Treadmill_Walk_Fast,C:/Users/KUBA/GitProjects/WKIRO-Project/data/RV028/Session2/Treadmill_Walk/Treadmill_Walk_Fast/Post_Process/Treadmill_Walk_Fast.csv,RV028,24,train
RV028,Session2,treadmill,walk,slow,Treadmill_Walk,Treadmill_Walk_Slow,C:/Users/KUBA/GitProjects/WKIRO-Project/data/RV028/Session2/Treadmill_Walk/Treadmill_Walk_Slow/Post_Process/Treadmill_Walk_Slow.csv,RV028,24,train
SA017,Session1,overground,run,comfortable,Overground_Run,Run_Comfortable,C:/Users/KUBA/GitProjects/WKIRO-Project/data/SA017/Session1/Overground_Run/Run_Comfortable/Post_Process/Run_Comfortable1.csv,SA017,25,train
SA017,Session1,overground,run,comfortable,Overground_Run,Run_Comfortable,C:/Users/KUBA/GitProjects/WKIRO-Project/data/SA017/Session1/Overground_Run/Run_Comfortable/Post_Process/Run_Comfortable10.csv,SA017,25,train
SA017,Session1,overground,run,comfortable,Overground_Run,Run_Comfortable,C:/Users/KUBA/GitProjects/WKIRO-Project/data/SA017/Session1/Overground_Run/Run_Comfortable/Post_Process/Run_Comfortable2.csv,SA017,25,train
SA017,Session1,overground,run,comfortable,Overground_Run,Run_Comfortable,C:/Users/KUBA/GitProjects/WKIRO-Project/data/SA017/Session1/Overground_Run/Run_Comfortable/Post_Process/Run_Comfortable3.csv,SA017,25,train
SA017,Session1,overground,run,comfortable,Overground_Run,Run_Comfortable,C:/Users/KUBA/GitProjects/WKIRO-Project/data/SA017/Session1/Overground_Run/Run_Comfortable/Post_Process/Run_Comfortable4.csv,SA017,25,train
SA017,Session1,overground,run,comfortable,Overground_Run,Run_Comfortable,C:/Users/KUBA/GitProjects/WKIRO-Project/data/SA017/Session1/Overground_Run/Run_Comfortable/Post_Process/Run_Comfortable5.csv,SA017,25,train
SA017,Session1,overground,run,comfortable,Overground_Run,Run_Comfortable,C:/Users/KUBA/GitProjects/WKIRO-Project/data/SA017/Session1/Overground_Run/Run_Comfortable/Post_Process/Run_Comfortable6.csv,SA017,25,train
SA017,Session1,overground,run,comfortable,Overground_Run,Run_Comfortable,C:/Users/KUBA/GitProjects/WKIRO-Project/data/SA017/Session1/Overground_Run/Run_Comfortable/Post_Process/Run_Comfortable7.csv,SA017,25,train
SA017,Session1,overground,run,comfortable,Overground_Run,Run_Comfortable,C:/Users/KUBA/GitProjects/WKIRO-Project/data/SA017/Session1/Overground_Run/Run_Comfortable/Post_Process/Run_Comfortable8.csv,SA017,25,val
SA017,Session1,overground,run,comfortable,Overground_Run,Run_Comfortable,C:/Users/KUBA/GitProjects/WKIRO-Project/data/SA017/Session1/Overground_Run/Run_Comfortable/Post_Process/Run_Comfortable9.csv,SA017,25,train
SA017,Session1,overground,run,fast,Overground_Run,Run_Fast,C:/Users/KUBA/GitProjects/WKIRO-Project/data/SA017/Session1/Overground_Run/Run_Fast/Post_Process/Run_Fast1.csv,SA017,25,train
SA017,Session1,overground,run,fast,Overground_Run,Run_Fast,C:/Users/KUBA/GitProjects/WKIRO-Project/data/SA017/Session1/Overground_Run/Run_Fast/Post_Process/Run_Fast10.csv,SA017,25,train
SA017,Session1,overground,run,fast,Overground_Run,Run_Fast,C:/Users/KUBA/GitProjects/WKIRO-Project/data/SA017/Session1/Overground_Run/Run_Fast/Post_Process/Run_Fast2.csv,SA017,25,train
SA017,Session1,overground,run,fast,Overground_Run,Run_Fast,C:/Users/KUBA/GitProjects/WKIRO-Project/data/SA017/Session1/Overground_Run/Run_Fast/Post_Process/Run_Fast3.csv,SA017,25,train
SA017,Session1,overground,run,fast,Overground_Run,Run_Fast,C:/Users/KUBA/GitProjects/WKIRO-Project/data/SA017/Session1/Overground_Run/Run_Fast/Post_Process/Run_Fast4.csv,SA017,25,train
SA017,Session1,overground,run,fast,Overground_Run,Run_Fast,C:/Users/KUBA/GitProjects/WKIRO-Project/data/SA017/Session1/Overground_Run/Run_Fast/Post_Process/Run_Fast5.csv,SA017,25,train
SA017,Session1,overground,run,fast,Overground_Run,Run_Fast,C:/Users/KUBA/GitProjects/WKIRO-Project/data/SA017/Session1/Overground_Run/Run_Fast/Post_Process/Run_Fast6.csv,SA017,25,train
SA017,Session1,overground,run,fast,Overground_Run,Run_Fast,C:/Users/KUBA/GitProjects/WKIRO-Project/data/SA017/Session1/Overground_Run/Run_Fast/Post_Process/Run_Fast7.csv,SA017,25,test
SA017,Session1,overground,run,fast,Overground_Run,Run_Fast,C:/Users/KUBA/GitProjects/WKIRO-Project/data/SA017/Session1/Overground_Run/Run_Fast/Post_Process/Run_Fast8.csv,SA017,25,train
SA017,Session1,overground,run,fast,Overground_Run,Run_Fast,C:/Users/KUBA/GitProjects/WKIRO-Project/data/SA017/Session1/Overground_Run/Run_Fast/Post_Process/Run_Fast9.csv,SA017,25,train
SA017,Session1,overground,walk,comfortable,Overground_Walk,Walk_Comfortable,C:/Users/KUBA/GitProjects/WKIRO-Project/data/SA017/Session1/Overground_Walk/Walk_Comfortable/Post_Process/Walk_Comfortable1.csv,SA017,25,test
SA017,Session1,overground,walk,comfortable,Overground_Walk,Walk_Comfortable,C:/Users/KUBA/GitProjects/WKIRO-Project/data/SA017/Session1/Overground_Walk/Walk_Comfortable/Post_Process/Walk_Comfortable2.csv,SA017,25,train
SA017,Session1,overground,walk,comfortable,Overground_Walk,Walk_Comfortable,C:/Users/KUBA/GitProjects/WKIRO-Project/data/SA017/Session1/Overground_Walk/Walk_Comfortable/Post_Process/Walk_Comfortable3.csv,SA017,25,train
SA017,Session1,overground,walk,comfortable,Overground_Walk,Walk_Comfortable,C:/Users/KUBA/GitProjects/WKIRO-Project/data/SA017/Session1/Overground_Walk/Walk_Comfortable/Post_Process/Walk_Comfortable4.csv,SA017,25,train
SA017,Session1,overground,walk,comfortable,Overground_Walk,Walk_Comfortable,C:/Users/KUBA/GitProjects/WKIRO-Project/data/SA017/Session1/Overground_Walk/Walk_Comfortable/Post_Process/Walk_Comfortable5.csv,SA017,25,test
SA017,Session1,overground,walk,comfortable,Overground_Walk,Walk_Comfortable,C:/Users/KUBA/GitProjects/WKIRO-Project/data/SA017/Session1/Overground_Walk/Walk_Comfortable/Post_Process/Walk_Comfortable6.csv,SA017,25,train
SA017,Session1,overground,walk,comfortable,Overground_Walk,Walk_Comfortable,C:/Users/KUBA/GitProjects/WKIRO-Project/data/SA017/Session1/Overground_Walk/Walk_Comfortable/Post_Process/Walk_Comfortable7.csv,SA017,25,train
SA017,Session1,overground,walk,comfortable,Overground_Walk,Walk_Comfortable,C:/Users/KUBA/GitProjects/WKIRO-Project/data/SA017/Session1/Overground_Walk/Walk_Comfortable/Post_Process/Walk_Comfortable8.csv,SA017,25,train
SA017,Session1,overground,walk,fast,Overground_Walk,Walk_Fast,C:/Users/KUBA/GitProjects/WKIRO-Project/data/SA017/Session1/Overground_Walk/Walk_Fast/Post_Process/Walk_Fast1.csv,SA017,25,val
SA017,Session1,overground,walk,fast,Overground_Walk,Walk_Fast,C:/Users/KUBA/GitProjects/WKIRO-Project/data/SA017/Session1/Overground_Walk/Walk_Fast/Post_Process/Walk_Fast2.csv,SA017,25,train
SA017,Session1,overground,walk,fast,Overground_Walk,Walk_Fast,C:/Users/KUBA/GitProjects/WKIRO-Project/data/SA017/Session1/Overground_Walk/Walk_Fast/Post_Process/Walk_Fast3.csv,SA017,25,val
SA017,Session1,overground,walk,fast,Overground_Walk,Walk_Fast,C:/Users/KUBA/GitProjects/WKIRO-Project/data/SA017/Session1/Overground_Walk/Walk_Fast/Post_Process/Walk_Fast4.csv,SA017,25,val
SA017,Session1,overground,walk,fast,Overground_Walk,Walk_Fast,C:/Users/KUBA/GitProjects/WKIRO-Project/data/SA017/Session1/Overground_Walk/Walk_Fast/Post_Process/Walk_Fast5.csv,SA017,25,train
SA017,Session1,overground,walk,fast,Overground_Walk,Walk_Fast,C:/Users/KUBA/GitProjects/WKIRO-Project/data/SA017/Session1/Overground_Walk/Walk_Fast/Post_Process/Walk_Fast6.csv,SA017,25,val
SA017,Session1,overground,walk,fast,Overground_Walk,Walk_Fast,C:/Users/KUBA/GitProjects/WKIRO-Project/data/SA017/Session1/Overground_Walk/Walk_Fast/Post_Process/Walk_Fast7.csv,SA017,25,train
SA017,Session1,overground,walk,fast,Overground_Walk,Walk_Fast,C:/Users/KUBA/GitProjects/WKIRO-Project/data/SA017/Session1/Overground_Walk/Walk_Fast/Post_Process/Walk_Fast8.csv,SA017,25,val
SA017,Session1,overground,walk,slow,Overground_Walk,Walk_Slow,C:/Users/KUBA/GitProjects/WKIRO-Project/data/SA017/Session1/Overground_Walk/Walk_Slow/Post_Process/Walk_Slow1.csv,SA017,25,train
SA017,Session1,overground,walk,slow,Overground_Walk,Walk_Slow,C:/Users/KUBA/GitProjects/WKIRO-Project/data/SA017/Session1/Overground_Walk/Walk_Slow/Post_Process/Walk_Slow2.csv,SA017,25,val
SA017,Session1,overground,walk,slow,Overground_Walk,Walk_Slow,C:/Users/KUBA/GitProjects/WKIRO-Project/data/SA017/Session1/Overground_Walk/Walk_Slow/Post_Process/Walk_Slow3.csv,SA017,25,test
SA017,Session1,overground,walk,slow,Overground_Walk,Walk_Slow,C:/Users/KUBA/GitProjects/WKIRO-Project/data/SA017/Session1/Overground_Walk/Walk_Slow/Post_Process/Walk_Slow4.csv,SA017,25,train
SA017,Session1,overground,walk,slow,Overground_Walk,Walk_Slow,C:/Users/KUBA/GitProjects/WKIRO-Project/data/SA017/Session1/Overground_Walk/Walk_Slow/Post_Process/Walk_Slow5.csv,SA017,25,val
SA017,Session1,overground,walk,slow,Overground_Walk,Walk_Slow,C:/Users/KUBA/GitProjects/WKIRO-Project/data/SA017/Session1/Overground_Walk/Walk_Slow/Post_Process/Walk_Slow6.csv,SA017,25,test
SA017,Session1,treadmill,run,comfortable,Treadmill_Run,Treadmill_Run_Comfortable,C:/Users/KUBA/GitProjects/WKIRO-Project/data/SA017/Session1/Treadmill_Run/Treadmill_Run_Comfortable/Post_Process/Treadmill_Run_Comfortable.csv,SA017,25,train
SA017,Session1,treadmill,run,fast,Treadmill_Run,Treadmill_Run_Fast,C:/Users/KUBA/GitProjects/WKIRO-Project/data/SA017/Session1/Treadmill_Run/Treadmill_Run_Fast/Post_Process/Treadmill_Run_Fast.csv,SA017,25,test
SA017,Session1,treadmill,walk,comfortable,Treadmill_Walk,Treadmill_Walk_Comfortable,C:/Users/KUBA/GitProjects/WKIRO-Project/data/SA017/Session1/Treadmill_Walk/Treadmill_Walk_Comfortable/Post_Process/Treadmill_Walk_Comfortable.csv,SA017,25,train
SA017,Session1,treadmill,walk,fast,Treadmill_Walk,Treadmill_Walk_Fast,C:/Users/KUBA/GitProjects/WKIRO-Project/data/SA017/Session1/Treadmill_Walk/Treadmill_Walk_Fast/Post_Process/Treadmill_Walk_Fast.csv,SA017,25,train
SA017,Session1,treadmill,walk,slow,Treadmill_Walk,Treadmill_Walk_Slow,C:/Users/KUBA/GitProjects/WKIRO-Project/data/SA017/Session1/Treadmill_Walk/Treadmill_Walk_Slow/Post_Process/Treadmill_Walk_Slow.csv,SA017,25,train
SA017,Session2,overground,run,comfortable,Overground_Run,Run_Comfortable,C:/Users/KUBA/GitProjects/WKIRO-Project/data/SA017/Session2/Overground_Run/Run_Comfortable/Post_Process/Run_Comfortable1.csv,SA017,25,train
SA017,Session2,overground,run,comfortable,Overground_Run,Run_Comfortable,C:/Users/KUBA/GitProjects/WKIRO-Project/data/SA017/Session2/Overground_Run/Run_Comfortable/Post_Process/Run_Comfortable10.csv,SA017,25,test
SA017,Session2,overground,run,comfortable,Overground_Run,Run_Comfortable,C:/Users/KUBA/GitProjects/WKIRO-Project/data/SA017/Session2/Overground_Run/Run_Comfortable/Post_Process/Run_Comfortable2.csv,SA017,25,test
SA017,Session2,overground,run,comfortable,Overground_Run,Run_Comfortable,C:/Users/KUBA/GitProjects/WKIRO-Project/data/SA017/Session2/Overground_Run/Run_Comfortable/Post_Process/Run_Comfortable3.csv,SA017,25,train
SA017,Session2,overground,run,comfortable,Overground_Run,Run_Comfortable,C:/Users/KUBA/GitProjects/WKIRO-Project/data/SA017/Session2/Overground_Run/Run_Comfortable/Post_Process/Run_Comfortable4.csv,SA017,25,train
SA017,Session2,overground,run,comfortable,Overground_Run,Run_Comfortable,C:/Users/KUBA/GitProjects/WKIRO-Project/data/SA017/Session2/Overground_Run/Run_Comfortable/Post_Process/Run_Comfortable5.csv,SA017,25,train
SA017,Session2,overground,run,comfortable,Overground_Run,Run_Comfortable,C:/Users/KUBA/GitProjects/WKIRO-Project/data/SA017/Session2/Overground_Run/Run_Comfortable/Post_Process/Run_Comfortable6.csv,SA017,25,train
SA017,Session2,overground,run,comfortable,Overground_Run,Run_Comfortable,C:/Users/KUBA/GitProjects/WKIRO-Project/data/SA017/Session2/Overground_Run/Run_Comfortable/Post_Process/Run_Comfortable7.csv,SA017,25,train
SA017,Session2,overground,run,comfortable,Overground_Run,Run_Comfortable,C:/Users/KUBA/GitProjects/WKIRO-Project/data/SA017/Session2/Overground_Run/Run_Comfortable/Post_Process/Run_Comfortable8.csv,SA017,25,val
SA017,Session2,overground,run,comfortable,Overground_Run,Run_Comfortable,C:/Users/KUBA/GitProjects/WKIRO-Project/data/SA017/Session2/Overground_Run/Run_Comfortable/Post_Process/Run_Comfortable9.csv,SA017,25,val
SA017,Session2,overground,run,fast,Overground_Run,Run_Fast,C:/Users/KUBA/GitProjects/WKIRO-Project/data/SA017/Session2/Overground_Run/Run_Fast/Post_Process/Run_Fast1.csv,SA017,25,val
SA017,Session2,overground,run,fast,Overground_Run,Run_Fast,C:/Users/KUBA/GitProjects/WKIRO-Project/data/SA017/Session2/Overground_Run/Run_Fast/Post_Process/Run_Fast10.csv,SA017,25,train
SA017,Session2,overground,run,fast,Overground_Run,Run_Fast,C:/Users/KUBA/GitProjects/WKIRO-Project/data/SA017/Session2/Overground_Run/Run_Fast/Post_Process/Run_Fast2.csv,SA017,25,train
SA017,Session2,overground,run,fast,Overground_Run,Run_Fast,C:/Users/KUBA/GitProjects/WKIRO-Project/data/SA017/Session2/Overground_Run/Run_Fast/Post_Process/Run_Fast3.csv,SA017,25,test
SA017,Session2,overground,run,fast,Overground_Run,Run_Fast,C:/Users/KUBA/GitProjects/WKIRO-Project/data/SA017/Session2/Overground_Run/Run_Fast/Post_Process/Run_Fast4.csv,SA017,25,train
SA017,Session2,overground,run,fast,Overground_Run,Run_Fast,C:/Users/KUBA/GitProjects/WKIRO-Project/data/SA017/Session2/Overground_Run/Run_Fast/Post_Process/Run_Fast5.csv,SA017,25,train
SA017,Session2,overground,run,fast,Overground_Run,Run_Fast,C:/Users/KUBA/GitProjects/WKIRO-Project/data/SA017/Session2/Overground_Run/Run_Fast/Post_Process/Run_Fast6.csv,SA017,25,train
SA017,Session2,overground,run,fast,Overground_Run,Run_Fast,C:/Users/KUBA/GitProjects/WKIRO-Project/data/SA017/Session2/Overground_Run/Run_Fast/Post_Process/Run_Fast7.csv,SA017,25,train
SA017,Session2,overground,run,fast,Overground_Run,Run_Fast,C:/Users/KUBA/GitProjects/WKIRO-Project/data/SA017/Session2/Overground_Run/Run_Fast/Post_Process/Run_Fast8.csv,SA017,25,train
SA017,Session2,overground,run,fast,Overground_Run,Run_Fast,C:/Users/KUBA/GitProjects/WKIRO-Project/data/SA017/Session2/Overground_Run/Run_Fast/Post_Process/Run_Fast9.csv,SA017,25,test
SA017,Session2,overground,walk,comfortable,Overground_Walk,Walk_Comfortable,C:/Users/KUBA/GitProjects/WKIRO-Project/data/SA017/Session2/Overground_Walk/Walk_Comfortable/Post_Process/Walk_Comfortable1.csv,SA017,25,val
SA017,Session2,overground,walk,comfortable,Overground_Walk,Walk_Comfortable,C:/Users/KUBA/GitProjects/WKIRO-Project/data/SA017/Session2/Overground_Walk/Walk_Comfortable/Post_Process/Walk_Comfortable2.csv,SA017,25,train
SA017,Session2,overground,walk,comfortable,Overground_Walk,Walk_Comfortable,C:/Users/KUBA/GitProjects/WKIRO-Project/data/SA017/Session2/Overground_Walk/Walk_Comfortable/Post_Process/Walk_Comfortable3.csv,SA017,25,test
SA017,Session2,overground,walk,comfortable,Overground_Walk,Walk_Comfortable,C:/Users/KUBA/GitProjects/WKIRO-Project/data/SA017/Session2/Overground_Walk/Walk_Comfortable/Post_Process/Walk_Comfortable4.csv,SA017,25,train
SA017,Session2,overground,walk,comfortable,Overground_Walk,Walk_Comfortable,C:/Users/KUBA/GitProjects/WKIRO-Project/data/SA017/Session2/Overground_Walk/Walk_Comfortable/Post_Process/Walk_Comfortable5.csv,SA017,25,train
SA017,Session2,overground,walk,comfortable,Overground_Walk,Walk_Comfortable,C:/Users/KUBA/GitProjects/WKIRO-Project/data/SA017/Session2/Overground_Walk/Walk_Comfortable/Post_Process/Walk_Comfortable6.csv,SA017,25,train
SA017,Session2,overground,walk,fast,Overground_Walk,Walk_Fast,C:/Users/KUBA/GitProjects/WKIRO-Project/data/SA017/Session2/Overground_Walk/Walk_Fast/Post_Process/Walk_Fast1.csv,SA017,25,train
SA017,Session2,overground,walk,fast,Overground_Walk,Walk_Fast,C:/Users/KUBA/GitProjects/WKIRO-Project/data/SA017/Session2/Overground_Walk/Walk_Fast/Post_Process/Walk_Fast2.csv,SA017,25,train
SA017,Session2,overground,walk,fast,Overground_Walk,Walk_Fast,C:/Users/KUBA/GitProjects/WKIRO-Project/data/SA017/Session2/Overground_Walk/Walk_Fast/Post_Process/Walk_Fast3.csv,SA017,25,train
SA017,Session2,overground,walk,fast,Overground_Walk,Walk_Fast,C:/Users/KUBA/GitProjects/WKIRO-Project/data/SA017/Session2/Overground_Walk/Walk_Fast/Post_Process/Walk_Fast4.csv,SA017,25,train
SA017,Session2,overground,walk,fast,Overground_Walk,Walk_Fast,C:/Users/KUBA/GitProjects/WKIRO-Project/data/SA017/Session2/Overground_Walk/Walk_Fast/Post_Process/Walk_Fast5.csv,SA017,25,train
SA017,Session2,overground,walk,fast,Overground_Walk,Walk_Fast,C:/Users/KUBA/GitProjects/WKIRO-Project/data/SA017/Session2/Overground_Walk/Walk_Fast/Post_Process/Walk_Fast6.csv,SA017,25,train
SA017,Session2,overground,walk,fast,Overground_Walk,Walk_Fast,C:/Users/KUBA/GitProjects/WKIRO-Project/data/SA017/Session2/Overground_Walk/Walk_Fast/Post_Process/Walk_Fast7.csv,SA017,25,train
SA017,Session2,overground,walk,fast,Overground_Walk,Walk_Fast,C:/Users/KUBA/GitProjects/WKIRO-Project/data/SA017/Session2/Overground_Walk/Walk_Fast/Post_Process/Walk_Fast8.csv,SA017,25,train
SA017,Session2,overground,walk,slow,Overground_Walk,Walk_Slow,C:/Users/KUBA/GitProjects/WKIRO-Project/data/SA017/Session2/Overground_Walk/Walk_Slow/Post_Process/Walk_Slow1.csv,SA017,25,test
SA017,Session2,overground,walk,slow,Overground_Walk,Walk_Slow,C:/Users/KUBA/GitProjects/WKIRO-Project/data/SA017/Session2/Overground_Walk/Walk_Slow/Post_Process/Walk_Slow2.csv,SA017,25,test
SA017,Session2,overground,walk,slow,Overground_Walk,Walk_Slow,C:/Users/KUBA/GitProjects/WKIRO-Project/data/SA017/Session2/Overground_Walk/Walk_Slow/Post_Process/Walk_Slow3.csv,SA017,25,train
SA017,Session2,overground,walk,slow,Overground_Walk,Walk_Slow,C:/Users/KUBA/GitProjects/WKIRO-Project/data/SA017/Session2/Overground_Walk/Walk_Slow/Post_Process/Walk_Slow4.csv,SA017,25,train
SA017,Session2,overground,walk,slow,Overground_Walk,Walk_Slow,C:/Users/KUBA/GitProjects/WKIRO-Project/data/SA017/Session2/Overground_Walk/Walk_Slow/Post_Process/Walk_Slow5.csv,SA017,25,train
SA017,Session2,overground,walk,slow,Overground_Walk,Walk_Slow,C:/Users/KUBA/GitProjects/WKIRO-Project/data/SA017/Session2/Overground_Walk/Walk_Slow/Post_Process/Walk_Slow6.csv,SA017,25,val
SA017,Session2,overground,walk,slow,Overground_Walk,Walk_Slow,C:/Users/KUBA/GitProjects/WKIRO-Project/data/SA017/Session2/Overground_Walk/Walk_Slow/Post_Process/Walk_Slow7.csv,SA017,25,train
SA017,Session2,overground,walk,slow,Overground_Walk,Walk_Slow,C:/Users/KUBA/GitProjects/WKIRO-Project/data/SA017/Session2/Overground_Walk/Walk_Slow/Post_Process/Walk_Slow8.csv,SA017,25,train
SA017,Session2,treadmill,run,comfortable,Treadmill_Run,Treadmill_Run_Comfortable,C:/Users/KUBA/GitProjects/WKIRO-Project/data/SA017/Session2/Treadmill_Run/Treadmill_Run_Comfortable/Post_Process/Treadmill_Run_Comfortable.csv,SA017,25,train
SA017,Session2,treadmill,run,fast,Treadmill_Run,Treadmill_Run_Fast,C:/Users/KUBA/GitProjects/WKIRO-Project/data/SA017/Session2/Treadmill_Run/Treadmill_Run_Fast/Post_Process/Treadmill_Run_Fast.csv,SA017,25,train
SA017,Session2,treadmill,walk,comfortable,Treadmill_Walk,Treadmill_Walk_Comfortable,C:/Users/KUBA/GitProjects/WKIRO-Project/data/SA017/Session2/Treadmill_Walk/Treadmill_Walk_Comfortable/Post_Process/Treadmill_Walk_Comfortable.csv,SA017,25,train
SA017,Session2,treadmill,walk,fast,Treadmill_Walk,Treadmill_Walk_Fast,C:/Users/KUBA/GitProjects/WKIRO-Project/data/SA017/Session2/Treadmill_Walk/Treadmill_Walk_Fast/Post_Process/Treadmill_Walk_Fast.csv,SA017,25,val
SA017,Session2,treadmill,walk,slow,Treadmill_Walk,Treadmill_Walk_Slow,C:/Users/KUBA/GitProjects/WKIRO-Project/data/SA017/Session2/Treadmill_Walk/Treadmill_Walk_Slow/Post_Process/Treadmill_Walk_Slow.csv,SA017,25,test
SM019,Session1,overground,run,comfortable,Overground_Run,Run_Comfortable,C:/Users/KUBA/GitProjects/WKIRO-Project/data/SM019/Session1/Overground_Run/Run_Comfortable/Post_Process/Run_Comfortable1.csv,SM019,26,train
SM019,Session1,overground,run,comfortable,Overground_Run,Run_Comfortable,C:/Users/KUBA/GitProjects/WKIRO-Project/data/SM019/Session1/Overground_Run/Run_Comfortable/Post_Process/Run_Comfortable10.csv,SM019,26,train
SM019,Session1,overground,run,comfortable,Overground_Run,Run_Comfortable,C:/Users/KUBA/GitProjects/WKIRO-Project/data/SM019/Session1/Overground_Run/Run_Comfortable/Post_Process/Run_Comfortable2.csv,SM019,26,train
SM019,Session1,overground,run,comfortable,Overground_Run,Run_Comfortable,C:/Users/KUBA/GitProjects/WKIRO-Project/data/SM019/Session1/Overground_Run/Run_Comfortable/Post_Process/Run_Comfortable3.csv,SM019,26,test
SM019,Session1,overground,run,comfortable,Overground_Run,Run_Comfortable,C:/Users/KUBA/GitProjects/WKIRO-Project/data/SM019/Session1/Overground_Run/Run_Comfortable/Post_Process/Run_Comfortable4.csv,SM019,26,train
SM019,Session1,overground,run,comfortable,Overground_Run,Run_Comfortable,C:/Users/KUBA/GitProjects/WKIRO-Project/data/SM019/Session1/Overground_Run/Run_Comfortable/Post_Process/Run_Comfortable5.csv,SM019,26,test
SM019,Session1,overground,run,comfortable,Overground_Run,Run_Comfortable,C:/Users/KUBA/GitProjects/WKIRO-Project/data/SM019/Session1/Overground_Run/Run_Comfortable/Post_Process/Run_Comfortable6.csv,SM019,26,train
SM019,Session1,overground,run,comfortable,Overground_Run,Run_Comfortable,C:/Users/KUBA/GitProjects/WKIRO-Project/data/SM019/Session1/Overground_Run/Run_Comfortable/Post_Process/Run_Comfortable7.csv,SM019,26,train
SM019,Session1,overground,run,comfortable,Overground_Run,Run_Comfortable,C:/Users/KUBA/GitProjects/WKIRO-Project/data/SM019/Session1/Overground_Run/Run_Comfortable/Post_Process/Run_Comfortable8.csv,SM019,26,train
SM019,Session1,overground,run,comfortable,Overground_Run,Run_Comfortable,C:/Users/KUBA/GitProjects/WKIRO-Project/data/SM019/Session1/Overground_Run/Run_Comfortable/Post_Process/Run_Comfortable9.csv,SM019,26,val
SM019,Session1,overground,run,fast,Overground_Run,Run_Fast,C:/Users/KUBA/GitProjects/WKIRO-Project/data/SM019/Session1/Overground_Run/Run_Fast/Post_Process/Run_Fast1.csv,SM019,26,train
SM019,Session1,overground,run,fast,Overground_Run,Run_Fast,C:/Users/KUBA/GitProjects/WKIRO-Project/data/SM019/Session1/Overground_Run/Run_Fast/Post_Process/Run_Fast10.csv,SM019,26,train
SM019,Session1,overground,run,fast,Overground_Run,Run_Fast,C:/Users/KUBA/GitProjects/WKIRO-Project/data/SM019/Session1/Overground_Run/Run_Fast/Post_Process/Run_Fast2.csv,SM019,26,train
SM019,Session1,overground,run,fast,Overground_Run,Run_Fast,C:/Users/KUBA/GitProjects/WKIRO-Project/data/SM019/Session1/Overground_Run/Run_Fast/Post_Process/Run_Fast3.csv,SM019,26,train
SM019,Session1,overground,run,fast,Overground_Run,Run_Fast,C:/Users/KUBA/GitProjects/WKIRO-Project/data/SM019/Session1/Overground_Run/Run_Fast/Post_Process/Run_Fast4.csv,SM019,26,test
SM019,Session1,overground,run,fast,Overground_Run,Run_Fast,C:/Users/KUBA/GitProjects/WKIRO-Project/data/SM019/Session1/Overground_Run/Run_Fast/Post_Process/Run_Fast5.csv,SM019,26,train
SM019,Session1,overground,run,fast,Overground_Run,Run_Fast,C:/Users/KUBA/GitProjects/WKIRO-Project/data/SM019/Session1/Overground_Run/Run_Fast/Post_Process/Run_Fast6.csv,SM019,26,val
SM019,Session1,overground,run,fast,Overground_Run,Run_Fast,C:/Users/KUBA/GitProjects/WKIRO-Project/data/SM019/Session1/Overground_Run/Run_Fast/Post_Process/Run_Fast7.csv,SM019,26,test
SM019,Session1,overground,run,fast,Overground_Run,Run_Fast,C:/Users/KUBA/GitProjects/WKIRO-Project/data/SM019/Session1/Overground_Run/Run_Fast/Post_Process/Run_Fast8.csv,SM019,26,test
SM019,Session1,overground,run,fast,Overground_Run,Run_Fast,C:/Users/KUBA/GitProjects/WKIRO-Project/data/SM019/Session1/Overground_Run/Run_Fast/Post_Process/Run_Fast9.csv,SM019,26,train
SM019,Session1,overground,walk,comfortable,Overground_Walk,Walk_Comfortable,C:/Users/KUBA/GitProjects/WKIRO-Project/data/SM019/Session1/Overground_Walk/Walk_Comfortable/Post_Process/Walk_Comfortable1.csv,SM019,26,train
SM019,Session1,overground,walk,comfortable,Overground_Walk,Walk_Comfortable,C:/Users/KUBA/GitProjects/WKIRO-Project/data/SM019/Session1/Overground_Walk/Walk_Comfortable/Post_Process/Walk_Comfortable2.csv,SM019,26,val
SM019,Session1,overground,walk,comfortable,Overground_Walk,Walk_Comfortable,C:/Users/KUBA/GitProjects/WKIRO-Project/data/SM019/Session1/Overground_Walk/Walk_Comfortable/Post_Process/Walk_Comfortable3.csv,SM019,26,train
SM019,Session1,overground,walk,comfortable,Overground_Walk,Walk_Comfortable,C:/Users/KUBA/GitProjects/WKIRO-Project/data/SM019/Session1/Overground_Walk/Walk_Comfortable/Post_Process/Walk_Comfortable4.csv,SM019,26,train
SM019,Session1,overground,walk,comfortable,Overground_Walk,Walk_Comfortable,C:/Users/KUBA/GitProjects/WKIRO-Project/data/SM019/Session1/Overground_Walk/Walk_Comfortable/Post_Process/Walk_Comfortable5.csv,SM019,26,train
SM019,Session1,overground,walk,comfortable,Overground_Walk,Walk_Comfortable,C:/Users/KUBA/GitProjects/WKIRO-Project/data/SM019/Session1/Overground_Walk/Walk_Comfortable/Post_Process/Walk_Comfortable6.csv,SM019,26,train
SM019,Session1,overground,walk,comfortable,Overground_Walk,Walk_Comfortable,C:/Users/KUBA/GitProjects/WKIRO-Project/data/SM019/Session1/Overground_Walk/Walk_Comfortable/Post_Process/Walk_Comfortable7.csv,SM019,26,train
SM019,Session1,overground,walk,comfortable,Overground_Walk,Walk_Comfortable,C:/Users/KUBA/GitProjects/WKIRO-Project/data/SM019/Session1/Overground_Walk/Walk_Comfortable/Post_Process/Walk_Comfortable8.csv,SM019,26,train
SM019,Session1,overground,walk,fast,Overground_Walk,Walk_Fast,C:/Users/KUBA/GitProjects/WKIRO-Project/data/SM019/Session1/Overground_Walk/Walk_Fast/Post_Process/Walk_Fast1.csv,SM019,26,train
SM019,Session1,overground,walk,fast,Overground_Walk,Walk_Fast,C:/Users/KUBA/GitProjects/WKIRO-Project/data/SM019/Session1/Overground_Walk/Walk_Fast/Post_Process/Walk_Fast2.csv,SM019,26,train
SM019,Session1,overground,walk,fast,Overground_Walk,Walk_Fast,C:/Users/KUBA/GitProjects/WKIRO-Project/data/SM019/Session1/Overground_Walk/Walk_Fast/Post_Process/Walk_Fast3.csv,SM019,26,val
SM019,Session1,overground,walk,fast,Overground_Walk,Walk_Fast,C:/Users/KUBA/GitProjects/WKIRO-Project/data/SM019/Session1/Overground_Walk/Walk_Fast/Post_Process/Walk_Fast4.csv,SM019,26,test
SM019,Session1,overground,walk,fast,Overground_Walk,Walk_Fast,C:/Users/KUBA/GitProjects/WKIRO-Project/data/SM019/Session1/Overground_Walk/Walk_Fast/Post_Process/Walk_Fast5.csv,SM019,26,train
SM019,Session1,overground,walk,fast,Overground_Walk,Walk_Fast,C:/Users/KUBA/GitProjects/WKIRO-Project/data/SM019/Session1/Overground_Walk/Walk_Fast/Post_Process/Walk_Fast6.csv,SM019,26,train
SM019,Session1,overground,walk,fast,Overground_Walk,Walk_Fast,C:/Users/KUBA/GitProjects/WKIRO-Project/data/SM019/Session1/Overground_Walk/Walk_Fast/Post_Process/Walk_Fast7.csv,SM019,26,train
SM019,Session1,overground,walk,fast,Overground_Walk,Walk_Fast,C:/Users/KUBA/GitProjects/WKIRO-Project/data/SM019/Session1/Overground_Walk/Walk_Fast/Post_Process/Walk_Fast8.csv,SM019,26,train
SM019,Session1,overground,walk,slow,Overground_Walk,Walk_Slow,C:/Users/KUBA/GitProjects/WKIRO-Project/data/SM019/Session1/Overground_Walk/Walk_Slow/Post_Process/Walk_Slow1.csv,SM019,26,train
SM019,Session1,overground,walk,slow,Overground_Walk,Walk_Slow,C:/Users/KUBA/GitProjects/WKIRO-Project/data/SM019/Session1/Overground_Walk/Walk_Slow/Post_Process/Walk_Slow2.csv,SM019,26,val
SM019,Session1,overground,walk,slow,Overground_Walk,Walk_Slow,C:/Users/KUBA/GitProjects/WKIRO-Project/data/SM019/Session1/Overground_Walk/Walk_Slow/Post_Process/Walk_Slow3.csv,SM019,26,train
SM019,Session1,overground,walk,slow,Overground_Walk,Walk_Slow,C:/Users/KUBA/GitProjects/WKIRO-Project/data/SM019/Session1/Overground_Walk/Walk_Slow/Post_Process/Walk_Slow4.csv,SM019,26,train
SM019,Session1,overground,walk,slow,Overground_Walk,Walk_Slow,C:/Users/KUBA/GitProjects/WKIRO-Project/data/SM019/Session1/Overground_Walk/Walk_Slow/Post_Process/Walk_Slow5.csv,SM019,26,train
SM019,Session1,overground,walk,slow,Overground_Walk,Walk_Slow,C:/Users/KUBA/GitProjects/WKIRO-Project/data/SM019/Session1/Overground_Walk/Walk_Slow/Post_Process/Walk_Slow6.csv,SM019,26,train
SM019,Session1,overground,walk,slow,Overground_Walk,Walk_Slow,C:/Users/KUBA/GitProjects/WKIRO-Project/data/SM019/Session1/Overground_Walk/Walk_Slow/Post_Process/Walk_Slow7.csv,SM019,26,train
SM019,Session1,overground,walk,slow,Overground_Walk,Walk_Slow,C:/Users/KUBA/GitProjects/WKIRO-Project/data/SM019/Session1/Overground_Walk/Walk_Slow/Post_Process/Walk_Slow8.csv,SM019,26,val
SM019,Session1,treadmill,run,comfortable,Treadmill_Run,Treadmill_Run_Comfortable,C:/Users/KUBA/GitProjects/WKIRO-Project/data/SM019/Session1/Treadmill_Run/Treadmill_Run_Comfortable/Post_Process/Treadmill_Run_Comfortable.csv,SM019,26,train
SM019,Session1,treadmill,run,fast,Treadmill_Run,Treadmill_Run_Fast,C:/Users/KUBA/GitProjects/WKIRO-Project/data/SM019/Session1/Treadmill_Run/Treadmill_Run_Fast/Post_Process/Treadmill_Run_Fast.csv,SM019,26,train
SM019,Session1,treadmill,walk,comfortable,Treadmill_Walk,Treadmill_Walk_Comfortable,C:/Users/KUBA/GitProjects/WKIRO-Project/data/SM019/Session1/Treadmill_Walk/Treadmill_Walk_Comfortable/Post_Process/Treadmill_Walk_Comfortable.csv,SM019,26,train
SM019,Session1,treadmill,walk,fast,Treadmill_Walk,Treadmill_Walk_Fast,C:/Users/KUBA/GitProjects/WKIRO-Project/data/SM019/Session1/Treadmill_Walk/Treadmill_Walk_Fast/Post_Process/Treadmill_Walk_Fast.csv,SM019,26,train
SM019,Session1,treadmill,walk,slow,Treadmill_Walk,Treadmill_Walk_Slow,C:/Users/KUBA/GitProjects/WKIRO-Project/data/SM019/Session1/Treadmill_Walk/Treadmill_Walk_Slow/Post_Process/Treadmill_Walk_Slow.csv,SM019,26,train
SM019,Session2,overground,run,comfortable,Overground_Run,Run_Comfortable,C:/Users/KUBA/GitProjects/WKIRO-Project/data/SM019/Session2/Overground_Run/Run_Comfortable/Post_Process/Run_Comfortable1.csv,SM019,26,train
SM019,Session2,overground,run,comfortable,Overground_Run,Run_Comfortable,C:/Users/KUBA/GitProjects/WKIRO-Project/data/SM019/Session2/Overground_Run/Run_Comfortable/Post_Process/Run_Comfortable2.csv,SM019,26,train
SM019,Session2,overground,run,comfortable,Overground_Run,Run_Comfortable,C:/Users/KUBA/GitProjects/WKIRO-Project/data/SM019/Session2/Overground_Run/Run_Comfortable/Post_Process/Run_Comfortable3.csv,SM019,26,train
SM019,Session2,overground,run,comfortable,Overground_Run,Run_Comfortable,C:/Users/KUBA/GitProjects/WKIRO-Project/data/SM019/Session2/Overground_Run/Run_Comfortable/Post_Process/Run_Comfortable4.csv,SM019,26,train
SM019,Session2,overground,run,comfortable,Overground_Run,Run_Comfortable,C:/Users/KUBA/GitProjects/WKIRO-Project/data/SM019/Session2/Overground_Run/Run_Comfortable/Post_Process/Run_Comfortable5.csv,SM019,26,val
SM019,Session2,overground,run,comfortable,Overground_Run,Run_Comfortable,C:/Users/KUBA/GitProjects/WKIRO-Project/data/SM019/Session2/Overground_Run/Run_Comfortable/Post_Process/Run_Comfortable6.csv,SM019,26,test
SM019,Session2,overground,run,comfortable,Overground_Run,Run_Comfortable,C:/Users/KUBA/GitProjects/WKIRO-Project/data/SM019/Session2/Overground_Run/Run_Comfortable/Post_Process/Run_Comfortable7.csv,SM019,26,train
SM019,Session2,overground,run,comfortable,Overground_Run,Run_Comfortable,C:/Users/KUBA/GitProjects/WKIRO-Project/data/SM019/Session2/Overground_Run/Run_Comfortable/Post_Process/Run_Comfortable8.csv,SM019,26,train
SM019,Session2,overground,run,fast,Overground_Run,Run_Fast,C:/Users/KUBA/GitProjects/WKIRO-Project/data/SM019/Session2/Overground_Run/Run_Fast/Post_Process/Run_Fast1.csv,SM019,26,train
SM019,Session2,overground,run,fast,Overground_Run,Run_Fast,C:/Users/KUBA/GitProjects/WKIRO-Project/data/SM019/Session2/Overground_Run/Run_Fast/Post_Process/Run_Fast10.csv,SM019,26,test
SM019,Session2,overground,run,fast,Overground_Run,Run_Fast,C:/Users/KUBA/GitProjects/WKIRO-Project/data/SM019/Session2/Overground_Run/Run_Fast/Post_Process/Run_Fast2.csv,SM019,26,train
SM019,Session2,overground,run,fast,Overground_Run,Run_Fast,C:/Users/KUBA/GitProjects/WKIRO-Project/data/SM019/Session2/Overground_Run/Run_Fast/Post_Process/Run_Fast3.csv,SM019,26,val
SM019,Session2,overground,run,fast,Overground_Run,Run_Fast,C:/Users/KUBA/GitProjects/WKIRO-Project/data/SM019/Session2/Overground_Run/Run_Fast/Post_Process/Run_Fast4.csv,SM019,26,train
SM019,Session2,overground,run,fast,Overground_Run,Run_Fast,C:/Users/KUBA/GitProjects/WKIRO-Project/data/SM019/Session2/Overground_Run/Run_Fast/Post_Process/Run_Fast5.csv,SM019,26,train
SM019,Session2,overground,run,fast,Overground_Run,Run_Fast,C:/Users/KUBA/GitProjects/WKIRO-Project/data/SM019/Session2/Overground_Run/Run_Fast/Post_Process/Run_Fast6.csv,SM019,26,train
SM019,Session2,overground,run,fast,Overground_Run,Run_Fast,C:/Users/KUBA/GitProjects/WKIRO-Project/data/SM019/Session2/Overground_Run/Run_Fast/Post_Process/Run_Fast7.csv,SM019,26,val
SM019,Session2,overground,run,fast,Overground_Run,Run_Fast,C:/Users/KUBA/GitProjects/WKIRO-Project/data/SM019/Session2/Overground_Run/Run_Fast/Post_Process/Run_Fast8.csv,SM019,26,train
SM019,Session2,overground,run,fast,Overground_Run,Run_Fast,C:/Users/KUBA/GitProjects/WKIRO-Project/data/SM019/Session2/Overground_Run/Run_Fast/Post_Process/Run_Fast9.csv,SM019,26,train
SM019,Session2,overground,walk,comfortable,Overground_Walk,Walk_Comfortable,C:/Users/KUBA/GitProjects/WKIRO-Project/data/SM019/Session2/Overground_Walk/Walk_Comfortable/Post_Process/Walk_Comfortable1.csv,SM019,26,val
SM019,Session2,overground,walk,comfortable,Overground_Walk,Walk_Comfortable,C:/Users/KUBA/GitProjects/WKIRO-Project/data/SM019/Session2/Overground_Walk/Walk_Comfortable/Post_Process/Walk_Comfortable2.csv,SM019,26,train
SM019,Session2,overground,walk,comfortable,Overground_Walk,Walk_Comfortable,C:/Users/KUBA/GitProjects/WKIRO-Project/data/SM019/Session2/Overground_Walk/Walk_Comfortable/Post_Process/Walk_Comfortable3.csv,SM019,26,train
SM019,Session2,overground,walk,comfortable,Overground_Walk,Walk_Comfortable,C:/Users/KUBA/GitProjects/WKIRO-Project/data/SM019/Session2/Overground_Walk/Walk_Comfortable/Post_Process/Walk_Comfortable4.csv,SM019,26,train
SM019,Session2,overground,walk,comfortable,Overground_Walk,Walk_Comfortable,C:/Users/KUBA/GitProjects/WKIRO-Project/data/SM019/Session2/Overground_Walk/Walk_Comfortable/Post_Process/Walk_Comfortable5.csv,SM019,26,train
SM019,Session2,overground,walk,comfortable,Overground_Walk,Walk_Comfortable,C:/Users/KUBA/GitProjects/WKIRO-Project/data/SM019/Session2/Overground_Walk/Walk_Comfortable/Post_Process/Walk_Comfortable6.csv,SM019,26,train
SM019,Session2,overground,walk,comfortable,Overground_Walk,Walk_Comfortable,C:/Users/KUBA/GitProjects/WKIRO-Project/data/SM019/Session2/Overground_Walk/Walk_Comfortable/Post_Process/Walk_Comfortable7.csv,SM019,26,val
SM019,Session2,overground,walk,comfortable,Overground_Walk,Walk_Comfortable,C:/Users/KUBA/GitProjects/WKIRO-Project/data/SM019/Session2/Overground_Walk/Walk_Comfortable/Post_Process/Walk_Comfortable8.csv,SM019,26,train
SM019,Session2,overground,walk,fast,Overground_Walk,Walk_Fast,C:/Users/KUBA/GitProjects/WKIRO-Project/data/SM019/Session2/Overground_Walk/Walk_Fast/Post_Process/Walk_Fast1.csv,SM019,26,train
SM019,Session2,overground,walk,fast,Overground_Walk,Walk_Fast,C:/Users/KUBA/GitProjects/WKIRO-Project/data/SM019/Session2/Overground_Walk/Walk_Fast/Post_Process/Walk_Fast2.csv,SM019,26,train
SM019,Session2,overground,walk,fast,Overground_Walk,Walk_Fast,C:/Users/KUBA/GitProjects/WKIRO-Project/data/SM019/Session2/Overground_Walk/Walk_Fast/Post_Process/Walk_Fast3.csv,SM019,26,test
SM019,Session2,overground,walk,fast,Overground_Walk,Walk_Fast,C:/Users/KUBA/GitProjects/WKIRO-Project/data/SM019/Session2/Overground_Walk/Walk_Fast/Post_Process/Walk_Fast4.csv,SM019,26,test
SM019,Session2,overground,walk,fast,Overground_Walk,Walk_Fast,C:/Users/KUBA/GitProjects/WKIRO-Project/data/SM019/Session2/Overground_Walk/Walk_Fast/Post_Process/Walk_Fast5.csv,SM019,26,test
SM019,Session2,overground,walk,fast,Overground_Walk,Walk_Fast,C:/Users/KUBA/GitProjects/WKIRO-Project/data/SM019/Session2/Overground_Walk/Walk_Fast/Post_Process/Walk_Fast6.csv,SM019,26,train
SM019,Session2,overground,walk,fast,Overground_Walk,Walk_Fast,C:/Users/KUBA/GitProjects/WKIRO-Project/data/SM019/Session2/Overground_Walk/Walk_Fast/Post_Process/Walk_Fast7.csv,SM019,26,train
SM019,Session2,overground,walk,fast,Overground_Walk,Walk_Fast,C:/Users/KUBA/GitProjects/WKIRO-Project/data/SM019/Session2/Overground_Walk/Walk_Fast/Post_Process/Walk_Fast8.csv,SM019,26,val
SM019,Session2,overground,walk,slow,Overground_Walk,Walk_Slow,C:/Users/KUBA/GitProjects/WKIRO-Project/data/SM019/Session2/Overground_Walk/Walk_Slow/Post_Process/Walk_Slow1.csv,SM019,26,train
SM019,Session2,overground,walk,slow,Overground_Walk,Walk_Slow,C:/Users/KUBA/GitProjects/WKIRO-Project/data/SM019/Session2/Overground_Walk/Walk_Slow/Post_Process/Walk_Slow2.csv,SM019,26,test
SM019,Session2,overground,walk,slow,Overground_Walk,Walk_Slow,C:/Users/KUBA/GitProjects/WKIRO-Project/data/SM019/Session2/Overground_Walk/Walk_Slow/Post_Process/Walk_Slow3.csv,SM019,26,train
SM019,Session2,overground,walk,slow,Overground_Walk,Walk_Slow,C:/Users/KUBA/GitProjects/WKIRO-Project/data/SM019/Session2/Overground_Walk/Walk_Slow/Post_Process/Walk_Slow4.csv,SM019,26,train
SM019,Session2,overground,walk,slow,Overground_Walk,Walk_Slow,C:/Users/KUBA/GitProjects/WKIRO-Project/data/SM019/Session2/Overground_Walk/Walk_Slow/Post_Process/Walk_Slow5.csv,SM019,26,test
SM019,Session2,overground,walk,slow,Overground_Walk,Walk_Slow,C:/Users/KUBA/GitProjects/WKIRO-Project/data/SM019/Session2/Overground_Walk/Walk_Slow/Post_Process/Walk_Slow6.csv,SM019,26,train
SM019,Session2,overground,walk,slow,Overground_Walk,Walk_Slow,C:/Users/KUBA/GitProjects/WKIRO-Project/data/SM019/Session2/Overground_Walk/Walk_Slow/Post_Process/Walk_Slow7.csv,SM019,26,val
SM019,Session2,overground,walk,slow,Overground_Walk,Walk_Slow,C:/Users/KUBA/GitProjects/WKIRO-Project/data/SM019/Session2/Overground_Walk/Walk_Slow/Post_Process/Walk_Slow8.csv,SM019,26,val
SM019,Session2,treadmill,run,comfortable,Treadmill_Run,Treadmill_Run_Comfortable,C:/Users/KUBA/GitProjects/WKIRO-Project/data/SM019/Session2/Treadmill_Run/Treadmill_Run_Comfortable/Post_Process/Treadmill_Run_Comfortable.csv,SM019,26,test
SM019,Session2,treadmill,run,fast,Treadmill_Run,Treadmill_Run_Fast,C:/Users/KUBA/GitProjects/WKIRO-Project/data/SM019/Session2/Treadmill_Run/Treadmill_Run_Fast/Post_Process/Treadmill_Run_Fast.csv,SM019,26,train
SM019,Session2,treadmill,walk,comfortable,Treadmill_Walk,Treadmill_Walk_Comfortable,C:/Users/KUBA/GitProjects/WKIRO-Project/data/SM019/Session2/Treadmill_Walk/Treadmill_Walk_Comfortable/Post_Process/Treadmill_Walk_Comfortable.csv,SM019,26,val
SM019,Session2,treadmill,walk,fast,Treadmill_Walk,Treadmill_Walk_Fast,C:/Users/KUBA/GitProjects/WKIRO-Project/data/SM019/Session2/Treadmill_Walk/Treadmill_Walk_Fast/Post_Process/Treadmill_Walk_Fast.csv,SM019,26,train
SM019,Session2,treadmill,walk,slow,Treadmill_Walk,Treadmill_Walk_Slow,C:/Users/KUBA/GitProjects/WKIRO-Project/data/SM019/Session2/Treadmill_Walk/Treadmill_Walk_Slow/Post_Process/Treadmill_Walk_Slow.csv,SM019,26,train
TB030,Session1,overground,run,comfortable,Overground_Run,Run_Comfortable,C:/Users/KUBA/GitProjects/WKIRO-Project/data/TB030/Session1/Overground_Run/Run_Comfortable/Post_Process/Run_Comfortable1.csv,TB030,27,val
TB030,Session1,overground,run,comfortable,Overground_Run,Run_Comfortable,C:/Users/KUBA/GitProjects/WKIRO-Project/data/TB030/Session1/Overground_Run/Run_Comfortable/Post_Process/Run_Comfortable10.csv,TB030,27,train
TB030,Session1,overground,run,comfortable,Overground_Run,Run_Comfortable,C:/Users/KUBA/GitProjects/WKIRO-Project/data/TB030/Session1/Overground_Run/Run_Comfortable/Post_Process/Run_Comfortable2.csv,TB030,27,train
TB030,Session1,overground,run,comfortable,Overground_Run,Run_Comfortable,C:/Users/KUBA/GitProjects/WKIRO-Project/data/TB030/Session1/Overground_Run/Run_Comfortable/Post_Process/Run_Comfortable3.csv,TB030,27,train
TB030,Session1,overground,run,comfortable,Overground_Run,Run_Comfortable,C:/Users/KUBA/GitProjects/WKIRO-Project/data/TB030/Session1/Overground_Run/Run_Comfortable/Post_Process/Run_Comfortable4.csv,TB030,27,train
TB030,Session1,overground,run,comfortable,Overground_Run,Run_Comfortable,C:/Users/KUBA/GitProjects/WKIRO-Project/data/TB030/Session1/Overground_Run/Run_Comfortable/Post_Process/Run_Comfortable5.csv,TB030,27,train
TB030,Session1,overground,run,comfortable,Overground_Run,Run_Comfortable,C:/Users/KUBA/GitProjects/WKIRO-Project/data/TB030/Session1/Overground_Run/Run_Comfortable/Post_Process/Run_Comfortable6.csv,TB030,27,train
TB030,Session1,overground,run,comfortable,Overground_Run,Run_Comfortable,C:/Users/KUBA/GitProjects/WKIRO-Project/data/TB030/Session1/Overground_Run/Run_Comfortable/Post_Process/Run_Comfortable7.csv,TB030,27,val
TB030,Session1,overground,run,comfortable,Overground_Run,Run_Comfortable,C:/Users/KUBA/GitProjects/WKIRO-Project/data/TB030/Session1/Overground_Run/Run_Comfortable/Post_Process/Run_Comfortable8.csv,TB030,27,test
TB030,Session1,overground,run,comfortable,Overground_Run,Run_Comfortable,C:/Users/KUBA/GitProjects/WKIRO-Project/data/TB030/Session1/Overground_Run/Run_Comfortable/Post_Process/Run_Comfortable9.csv,TB030,27,train
TB030,Session1,overground,run,fast,Overground_Run,Run_Fast,C:/Users/KUBA/GitProjects/WKIRO-Project/data/TB030/Session1/Overground_Run/Run_Fast/Post_Process/Run_Fast1.csv,TB030,27,train
TB030,Session1,overground,run,fast,Overground_Run,Run_Fast,C:/Users/KUBA/GitProjects/WKIRO-Project/data/TB030/Session1/Overground_Run/Run_Fast/Post_Process/Run_Fast10.csv,TB030,27,test
TB030,Session1,overground,run,fast,Overground_Run,Run_Fast,C:/Users/KUBA/GitProjects/WKIRO-Project/data/TB030/Session1/Overground_Run/Run_Fast/Post_Process/Run_Fast2.csv,TB030,27,train
TB030,Session1,overground,run,fast,Overground_Run,Run_Fast,C:/Users/KUBA/GitProjects/WKIRO-Project/data/TB030/Session1/Overground_Run/Run_Fast/Post_Process/Run_Fast3.csv,TB030,27,val
TB030,Session1,overground,run,fast,Overground_Run,Run_Fast,C:/Users/KUBA/GitProjects/WKIRO-Project/data/TB030/Session1/Overground_Run/Run_Fast/Post_Process/Run_Fast4.csv,TB030,27,train
TB030,Session1,overground,run,fast,Overground_Run,Run_Fast,C:/Users/KUBA/GitProjects/WKIRO-Project/data/TB030/Session1/Overground_Run/Run_Fast/Post_Process/Run_Fast5.csv,TB030,27,train
TB030,Session1,overground,run,fast,Overground_Run,Run_Fast,C:/Users/KUBA/GitProjects/WKIRO-Project/data/TB030/Session1/Overground_Run/Run_Fast/Post_Process/Run_Fast6.csv,TB030,27,train
TB030,Session1,overground,run,fast,Overground_Run,Run_Fast,C:/Users/KUBA/GitProjects/WKIRO-Project/data/TB030/Session1/Overground_Run/Run_Fast/Post_Process/Run_Fast7.csv,TB030,27,train
TB030,Session1,overground,run,fast,Overground_Run,Run_Fast,C:/Users/KUBA/GitProjects/WKIRO-Project/data/TB030/Session1/Overground_Run/Run_Fast/Post_Process/Run_Fast8.csv,TB030,27,val
TB030,Session1,overground,run,fast,Overground_Run,Run_Fast,C:/Users/KUBA/GitProjects/WKIRO-Project/data/TB030/Session1/Overground_Run/Run_Fast/Post_Process/Run_Fast9.csv,TB030,27,train
TB030,Session1,overground,walk,comfortable,Overground_Walk,Walk_Comfortable,C:/Users/KUBA/GitProjects/WKIRO-Project/data/TB030/Session1/Overground_Walk/Walk_Comfortable/Post_Process/Walk_Comfortable1.csv,TB030,27,val
TB030,Session1,overground,walk,comfortable,Overground_Walk,Walk_Comfortable,C:/Users/KUBA/GitProjects/WKIRO-Project/data/TB030/Session1/Overground_Walk/Walk_Comfortable/Post_Process/Walk_Comfortable2.csv,TB030,27,val
TB030,Session1,overground,walk,comfortable,Overground_Walk,Walk_Comfortable,C:/Users/KUBA/GitProjects/WKIRO-Project/data/TB030/Session1/Overground_Walk/Walk_Comfortable/Post_Process/Walk_Comfortable3.csv,TB030,27,train
TB030,Session1,overground,walk,comfortable,Overground_Walk,Walk_Comfortable,C:/Users/KUBA/GitProjects/WKIRO-Project/data/TB030/Session1/Overground_Walk/Walk_Comfortable/Post_Process/Walk_Comfortable4.csv,TB030,27,train
TB030,Session1,overground,walk,comfortable,Overground_Walk,Walk_Comfortable,C:/Users/KUBA/GitProjects/WKIRO-Project/data/TB030/Session1/Overground_Walk/Walk_Comfortable/Post_Process/Walk_Comfortable5.csv,TB030,27,test
TB030,Session1,overground,walk,comfortable,Overground_Walk,Walk_Comfortable,C:/Users/KUBA/GitProjects/WKIRO-Project/data/TB030/Session1/Overground_Walk/Walk_Comfortable/Post_Process/Walk_Comfortable6.csv,TB030,27,train
TB030,Session1,overground,walk,fast,Overground_Walk,Walk_Fast,C:/Users/KUBA/GitProjects/WKIRO-Project/data/TB030/Session1/Overground_Walk/Walk_Fast/Post_Process/Walk_Fast1.csv,TB030,27,train
TB030,Session1,overground,walk,fast,Overground_Walk,Walk_Fast,C:/Users/KUBA/GitProjects/WKIRO-Project/data/TB030/Session1/Overground_Walk/Walk_Fast/Post_Process/Walk_Fast2.csv,TB030,27,test
TB030,Session1,overground,walk,fast,Overground_Walk,Walk_Fast,C:/Users/KUBA/GitProjects/WKIRO-Project/data/TB030/Session1/Overground_Walk/Walk_Fast/Post_Process/Walk_Fast3.csv,TB030,27,val
TB030,Session1,overground,walk,fast,Overground_Walk,Walk_Fast,C:/Users/KUBA/GitProjects/WKIRO-Project/data/TB030/Session1/Overground_Walk/Walk_Fast/Post_Process/Walk_Fast4.csv,TB030,27,val
TB030,Session1,overground,walk,fast,Overground_Walk,Walk_Fast,C:/Users/KUBA/GitProjects/WKIRO-Project/data/TB030/Session1/Overground_Walk/Walk_Fast/Post_Process/Walk_Fast5.csv,TB030,27,train
TB030,Session1,overground,walk,fast,Overground_Walk,Walk_Fast,C:/Users/KUBA/GitProjects/WKIRO-Project/data/TB030/Session1/Overground_Walk/Walk_Fast/Post_Process/Walk_Fast6.csv,TB030,27,val
TB030,Session1,overground,walk,fast,Overground_Walk,Walk_Fast,C:/Users/KUBA/GitProjects/WKIRO-Project/data/TB030/Session1/Overground_Walk/Walk_Fast/Post_Process/Walk_Fast7.csv,TB030,27,train
TB030,Session1,overground,walk,fast,Overground_Walk,Walk_Fast,C:/Users/KUBA/GitProjects/WKIRO-Project/data/TB030/Session1/Overground_Walk/Walk_Fast/Post_Process/Walk_Fast8.csv,TB030,27,train
TB030,Session1,overground,walk,slow,Overground_Walk,Walk_Slow,C:/Users/KUBA/GitProjects/WKIRO-Project/data/TB030/Session1/Overground_Walk/Walk_Slow/Post_Process/Walk_Slow1.csv,TB030,27,train
TB030,Session1,overground,walk,slow,Overground_Walk,Walk_Slow,C:/Users/KUBA/GitProjects/WKIRO-Project/data/TB030/Session1/Overground_Walk/Walk_Slow/Post_Process/Walk_Slow2.csv,TB030,27,train
TB030,Session1,overground,walk,slow,Overground_Walk,Walk_Slow,C:/Users/KUBA/GitProjects/WKIRO-Project/data/TB030/Session1/Overground_Walk/Walk_Slow/Post_Process/Walk_Slow3.csv,TB030,27,train
TB030,Session1,overground,walk,slow,Overground_Walk,Walk_Slow,C:/Users/KUBA/GitProjects/WKIRO-Project/data/TB030/Session1/Overground_Walk/Walk_Slow/Post_Process/Walk_Slow4.csv,TB030,27,train
TB030,Session1,overground,walk,slow,Overground_Walk,Walk_Slow,C:/Users/KUBA/GitProjects/WKIRO-Project/data/TB030/Session1/Overground_Walk/Walk_Slow/Post_Process/Walk_Slow5.csv,TB030,27,train
TB030,Session1,overground,walk,slow,Overground_Walk,Walk_Slow,C:/Users/KUBA/GitProjects/WKIRO-Project/data/TB030/Session1/Overground_Walk/Walk_Slow/Post_Process/Walk_Slow6.csv,TB030,27,test
TB030,Session1,treadmill,run,comfortable,Treadmill_Run,Treadmill_Run_Comfortable,C:/Users/KUBA/GitProjects/WKIRO-Project/data/TB030/Session1/Treadmill_Run/Treadmill_Run_Comfortable/Post_Process/Treadmill_Run_Comfortable.csv,TB030,27,train
TB030,Session1,treadmill,run,fast,Treadmill_Run,Treadmill_Run_Fast,C:/Users/KUBA/GitProjects/WKIRO-Project/data/TB030/Session1/Treadmill_Run/Treadmill_Run_Fast/Post_Process/Treadmill_Run_Fast.csv,TB030,27,train
TB030,Session1,treadmill,walk,comfortable,Treadmill_Walk,Treadmill_Walk_Comfortable,C:/Users/KUBA/GitProjects/WKIRO-Project/data/TB030/Session1/Treadmill_Walk/Treadmill_Walk_Comfortable/Post_Process/Treadmill_Walk_Comfortable.csv,TB030,27,train
TB030,Session1,treadmill,walk,fast,Treadmill_Walk,Treadmill_Walk_Fast,C:/Users/KUBA/GitProjects/WKIRO-Project/data/TB030/Session1/Treadmill_Walk/Treadmill_Walk_Fast/Post_Process/Treadmill_Walk_Fast.csv,TB030,27,train
TB030,Session1,treadmill,walk,slow,Treadmill_Walk,Treadmill_Walk_Slow,C:/Users/KUBA/GitProjects/WKIRO-Project/data/TB030/Session1/Treadmill_Walk/Treadmill_Walk_Slow/Post_Process/Treadmill_Walk_Slow.csv,TB030,27,train
TB030,Session2,overground,run,comfortable,Overground_Run,Run_Comfortable,C:/Users/KUBA/GitProjects/WKIRO-Project/data/TB030/Session2/Overground_Run/Run_Comfortable/Post_Process/Run_Comfortable1.csv,TB030,27,train
TB030,Session2,overground,run,comfortable,Overground_Run,Run_Comfortable,C:/Users/KUBA/GitProjects/WKIRO-Project/data/TB030/Session2/Overground_Run/Run_Comfortable/Post_Process/Run_Comfortable10.csv,TB030,27,train
TB030,Session2,overground,run,comfortable,Overground_Run,Run_Comfortable,C:/Users/KUBA/GitProjects/WKIRO-Project/data/TB030/Session2/Overground_Run/Run_Comfortable/Post_Process/Run_Comfortable2.csv,TB030,27,train
TB030,Session2,overground,run,comfortable,Overground_Run,Run_Comfortable,C:/Users/KUBA/GitProjects/WKIRO-Project/data/TB030/Session2/Overground_Run/Run_Comfortable/Post_Process/Run_Comfortable3.csv,TB030,27,train
TB030,Session2,overground,run,comfortable,Overground_Run,Run_Comfortable,C:/Users/KUBA/GitProjects/WKIRO-Project/data/TB030/Session2/Overground_Run/Run_Comfortable/Post_Process/Run_Comfortable4.csv,TB030,27,train
TB030,Session2,overground,run,comfortable,Overground_Run,Run_Comfortable,C:/Users/KUBA/GitProjects/WKIRO-Project/data/TB030/Session2/Overground_Run/Run_Comfortable/Post_Process/Run_Comfortable5.csv,TB030,27,train
TB030,Session2,overground,run,comfortable,Overground_Run,Run_Comfortable,C:/Users/KUBA/GitProjects/WKIRO-Project/data/TB030/Session2/Overground_Run/Run_Comfortable/Post_Process/Run_Comfortable6.csv,TB030,27,train
TB030,Session2,overground,run,comfortable,Overground_Run,Run_Comfortable,C:/Users/KUBA/GitProjects/WKIRO-Project/data/TB030/Session2/Overground_Run/Run_Comfortable/Post_Process/Run_Comfortable7.csv,TB030,27,test
TB030,Session2,overground,run,comfortable,Overground_Run,Run_Comfortable,C:/Users/KUBA/GitProjects/WKIRO-Project/data/TB030/Session2/Overground_Run/Run_Comfortable/Post_Process/Run_Comfortable8.csv,TB030,27,train
TB030,Session2,overground,run,comfortable,Overground_Run,Run_Comfortable,C:/Users/KUBA/GitProjects/WKIRO-Project/data/TB030/Session2/Overground_Run/Run_Comfortable/Post_Process/Run_Comfortable9.csv,TB030,27,train
TB030,Session2,overground,run,fast,Overground_Run,Run_Fast,C:/Users/KUBA/GitProjects/WKIRO-Project/data/TB030/Session2/Overground_Run/Run_Fast/Post_Process/Run_Fast1.csv,TB030,27,train
TB030,Session2,overground,run,fast,Overground_Run,Run_Fast,C:/Users/KUBA/GitProjects/WKIRO-Project/data/TB030/Session2/Overground_Run/Run_Fast/Post_Process/Run_Fast10.csv,TB030,27,train
TB030,Session2,overground,run,fast,Overground_Run,Run_Fast,C:/Users/KUBA/GitProjects/WKIRO-Project/data/TB030/Session2/Overground_Run/Run_Fast/Post_Process/Run_Fast2.csv,TB030,27,test
TB030,Session2,overground,run,fast,Overground_Run,Run_Fast,C:/Users/KUBA/GitProjects/WKIRO-Project/data/TB030/Session2/Overground_Run/Run_Fast/Post_Process/Run_Fast3.csv,TB030,27,test
TB030,Session2,overground,run,fast,Overground_Run,Run_Fast,C:/Users/KUBA/GitProjects/WKIRO-Project/data/TB030/Session2/Overground_Run/Run_Fast/Post_Process/Run_Fast4.csv,TB030,27,train
TB030,Session2,overground,run,fast,Overground_Run,Run_Fast,C:/Users/KUBA/GitProjects/WKIRO-Project/data/TB030/Session2/Overground_Run/Run_Fast/Post_Process/Run_Fast5.csv,TB030,27,train
TB030,Session2,overground,run,fast,Overground_Run,Run_Fast,C:/Users/KUBA/GitProjects/WKIRO-Project/data/TB030/Session2/Overground_Run/Run_Fast/Post_Process/Run_Fast6.csv,TB030,27,train
TB030,Session2,overground,run,fast,Overground_Run,Run_Fast,C:/Users/KUBA/GitProjects/WKIRO-Project/data/TB030/Session2/Overground_Run/Run_Fast/Post_Process/Run_Fast7.csv,TB030,27,test
TB030,Session2,overground,run,fast,Overground_Run,Run_Fast,C:/Users/KUBA/GitProjects/WKIRO-Project/data/TB030/Session2/Overground_Run/Run_Fast/Post_Process/Run_Fast8.csv,TB030,27,test
TB030,Session2,overground,run,fast,Overground_Run,Run_Fast,C:/Users/KUBA/GitProjects/WKIRO-Project/data/TB030/Session2/Overground_Run/Run_Fast/Post_Process/Run_Fast9.csv,TB030,27,train
TB030,Session2,overground,walk,comfortable,Overground_Walk,Walk_Comfortable,C:/Users/KUBA/GitProjects/WKIRO-Project/data/TB030/Session2/Overground_Walk/Walk_Comfortable/Post_Process/Walk_Comfortable1.csv,TB030,27,val
TB030,Session2,overground,walk,comfortable,Overground_Walk,Walk_Comfortable,C:/Users/KUBA/GitProjects/WKIRO-Project/data/TB030/Session2/Overground_Walk/Walk_Comfortable/Post_Process/Walk_Comfortable2.csv,TB030,27,val
TB030,Session2,overground,walk,comfortable,Overground_Walk,Walk_Comfortable,C:/Users/KUBA/GitProjects/WKIRO-Project/data/TB030/Session2/Overground_Walk/Walk_Comfortable/Post_Process/Walk_Comfortable3.csv,TB030,27,train
TB030,Session2,overground,walk,comfortable,Overground_Walk,Walk_Comfortable,C:/Users/KUBA/GitProjects/WKIRO-Project/data/TB030/Session2/Overground_Walk/Walk_Comfortable/Post_Process/Walk_Comfortable4.csv,TB030,27,train
TB030,Session2,overground,walk,comfortable,Overground_Walk,Walk_Comfortable,C:/Users/KUBA/GitProjects/WKIRO-Project/data/TB030/Session2/Overground_Walk/Walk_Comfortable/Post_Process/Walk_Comfortable5.csv,TB030,27,train
TB030,Session2,overground,walk,comfortable,Overground_Walk,Walk_Comfortable,C:/Users/KUBA/GitProjects/WKIRO-Project/data/TB030/Session2/Overground_Walk/Walk_Comfortable/Post_Process/Walk_Comfortable6.csv,TB030,27,test
TB030,Session2,overground,walk,fast,Overground_Walk,Walk_Fast,C:/Users/KUBA/GitProjects/WKIRO-Project/data/TB030/Session2/Overground_Walk/Walk_Fast/Post_Process/Walk_Fast1.csv,TB030,27,train
TB030,Session2,overground,walk,fast,Overground_Walk,Walk_Fast,C:/Users/KUBA/GitProjects/WKIRO-Project/data/TB030/Session2/Overground_Walk/Walk_Fast/Post_Process/Walk_Fast2.csv,TB030,27,train
TB030,Session2,overground,walk,fast,Overground_Walk,Walk_Fast,C:/Users/KUBA/GitProjects/WKIRO-Project/data/TB030/Session2/Overground_Walk/Walk_Fast/Post_Process/Walk_Fast3.csv,TB030,27,train
TB030,Session2,overground,walk,fast,Overground_Walk,Walk_Fast,C:/Users/KUBA/GitProjects/WKIRO-Project/data/TB030/Session2/Overground_Walk/Walk_Fast/Post_Process/Walk_Fast4.csv,TB030,27,train
TB030,Session2,overground,walk,fast,Overground_Walk,Walk_Fast,C:/Users/KUBA/GitProjects/WKIRO-Project/data/TB030/Session2/Overground_Walk/Walk_Fast/Post_Process/Walk_Fast5.csv,TB030,27,test
TB030,Session2,overground,walk,fast,Overground_Walk,Walk_Fast,C:/Users/KUBA/GitProjects/WKIRO-Project/data/TB030/Session2/Overground_Walk/Walk_Fast/Post_Process/Walk_Fast6.csv,TB030,27,train
TB030,Session2,overground,walk,slow,Overground_Walk,Walk_Slow,C:/Users/KUBA/GitProjects/WKIRO-Project/data/TB030/Session2/Overground_Walk/Walk_Slow/Post_Process/Walk_Slow1.csv,TB030,27,val
TB030,Session2,overground,walk,slow,Overground_Walk,Walk_Slow,C:/Users/KUBA/GitProjects/WKIRO-Project/data/TB030/Session2/Overground_Walk/Walk_Slow/Post_Process/Walk_Slow2.csv,TB030,27,train
TB030,Session2,overground,walk,slow,Overground_Walk,Walk_Slow,C:/Users/KUBA/GitProjects/WKIRO-Project/data/TB030/Session2/Overground_Walk/Walk_Slow/Post_Process/Walk_Slow3.csv,TB030,27,train
TB030,Session2,overground,walk,slow,Overground_Walk,Walk_Slow,C:/Users/KUBA/GitProjects/WKIRO-Project/data/TB030/Session2/Overground_Walk/Walk_Slow/Post_Process/Walk_Slow4.csv,TB030,27,val
TB030,Session2,overground,walk,slow,Overground_Walk,Walk_Slow,C:/Users/KUBA/GitProjects/WKIRO-Project/data/TB030/Session2/Overground_Walk/Walk_Slow/Post_Process/Walk_Slow5.csv,TB030,27,train
TB030,Session2,overground,walk,slow,Overground_Walk,Walk_Slow,C:/Users/KUBA/GitProjects/WKIRO-Project/data/TB030/Session2/Overground_Walk/Walk_Slow/Post_Process/Walk_Slow6.csv,TB030,27,train
TB030,Session2,treadmill,run,comfortable,Treadmill_Run,Treadmill_Run_Comfortable,C:/Users/KUBA/GitProjects/WKIRO-Project/data/TB030/Session2/Treadmill_Run/Treadmill_Run_Comfortable/Post_Process/Treadmill_Run_Comfortable.csv,TB030,27,train
TB030,Session2,treadmill,run,fast,Treadmill_Run,Treadmill_Run_Fast,C:/Users/KUBA/GitProjects/WKIRO-Project/data/TB030/Session2/Treadmill_Run/Treadmill_Run_Fast/Post_Process/Treadmill_Run_Fast.csv,TB030,27,train
TB030,Session2,treadmill,walk,comfortable,Treadmill_Walk,Treadmill_Walk_Comfortable,C:/Users/KUBA/GitProjects/WKIRO-Project/data/TB030/Session2/Treadmill_Walk/Treadmill_Walk_Comfortable/Post_Process/Treadmill_Walk_Comfortable.csv,TB030,27,train
TB030,Session2,treadmill,walk,fast,Treadmill_Walk,Treadmill_Walk_Fast,C:/Users/KUBA/GitProjects/WKIRO-Project/data/TB030/Session2/Treadmill_Walk/Treadmill_Walk_Fast/Post_Process/Treadmill_Walk_Fast.csv,TB030,27,test
TB030,Session2,treadmill,walk,slow,Treadmill_Walk,Treadmill_Walk_Slow,C:/Users/KUBA/GitProjects/WKIRO-Project/data/TB030/Session2/Treadmill_Walk/Treadmill_Walk_Slow/Post_Process/Treadmill_Walk_Slow.csv,TB030,27,train
TK029,Session1,overground,run,comfortable,Overground_Run,Run_Comfortable,C:/Users/KUBA/GitProjects/WKIRO-Project/data/TK029/Session1/Overground_Run/Run_Comfortable/Post_Process/Run_Comfortable1.csv,TK029,28,train
TK029,Session1,overground,run,comfortable,Overground_Run,Run_Comfortable,C:/Users/KUBA/GitProjects/WKIRO-Project/data/TK029/Session1/Overground_Run/Run_Comfortable/Post_Process/Run_Comfortable10.csv,TK029,28,val
TK029,Session1,overground,run,comfortable,Overground_Run,Run_Comfortable,C:/Users/KUBA/GitProjects/WKIRO-Project/data/TK029/Session1/Overground_Run/Run_Comfortable/Post_Process/Run_Comfortable2.csv,TK029,28,train
TK029,Session1,overground,run,comfortable,Overground_Run,Run_Comfortable,C:/Users/KUBA/GitProjects/WKIRO-Project/data/TK029/Session1/Overground_Run/Run_Comfortable/Post_Process/Run_Comfortable3.csv,TK029,28,train
TK029,Session1,overground,run,comfortable,Overground_Run,Run_Comfortable,C:/Users/KUBA/GitProjects/WKIRO-Project/data/TK029/Session1/Overground_Run/Run_Comfortable/Post_Process/Run_Comfortable4.csv,TK029,28,val
TK029,Session1,overground,run,comfortable,Overground_Run,Run_Comfortable,C:/Users/KUBA/GitProjects/WKIRO-Project/data/TK029/Session1/Overground_Run/Run_Comfortable/Post_Process/Run_Comfortable5.csv,TK029,28,train
TK029,Session1,overground,run,comfortable,Overground_Run,Run_Comfortable,C:/Users/KUBA/GitProjects/WKIRO-Project/data/TK029/Session1/Overground_Run/Run_Comfortable/Post_Process/Run_Comfortable6.csv,TK029,28,train
TK029,Session1,overground,run,comfortable,Overground_Run,Run_Comfortable,C:/Users/KUBA/GitProjects/WKIRO-Project/data/TK029/Session1/Overground_Run/Run_Comfortable/Post_Process/Run_Comfortable7.csv,TK029,28,train
TK029,Session1,overground,run,comfortable,Overground_Run,Run_Comfortable,C:/Users/KUBA/GitProjects/WKIRO-Project/data/TK029/Session1/Overground_Run/Run_Comfortable/Post_Process/Run_Comfortable8.csv,TK029,28,test
TK029,Session1,overground,run,comfortable,Overground_Run,Run_Comfortable,C:/Users/KUBA/GitProjects/WKIRO-Project/data/TK029/Session1/Overground_Run/Run_Comfortable/Post_Process/Run_Comfortable9.csv,TK029,28,test
TK029,Session1,overground,run,fast,Overground_Run,Run_Fast,C:/Users/KUBA/GitProjects/WKIRO-Project/data/TK029/Session1/Overground_Run/Run_Fast/Post_Process/Run_Fast1.csv,TK029,28,train
TK029,Session1,overground,run,fast,Overground_Run,Run_Fast,C:/Users/KUBA/GitProjects/WKIRO-Project/data/TK029/Session1/Overground_Run/Run_Fast/Post_Process/Run_Fast10.csv,TK029,28,train
TK029,Session1,overground,run,fast,Overground_Run,Run_Fast,C:/Users/KUBA/GitProjects/WKIRO-Project/data/TK029/Session1/Overground_Run/Run_Fast/Post_Process/Run_Fast2.csv,TK029,28,test
TK029,Session1,overground,run,fast,Overground_Run,Run_Fast,C:/Users/KUBA/GitProjects/WKIRO-Project/data/TK029/Session1/Overground_Run/Run_Fast/Post_Process/Run_Fast3.csv,TK029,28,train
TK029,Session1,overground,run,fast,Overground_Run,Run_Fast,C:/Users/KUBA/GitProjects/WKIRO-Project/data/TK029/Session1/Overground_Run/Run_Fast/Post_Process/Run_Fast4.csv,TK029,28,train
TK029,Session1,overground,run,fast,Overground_Run,Run_Fast,C:/Users/KUBA/GitProjects/WKIRO-Project/data/TK029/Session1/Overground_Run/Run_Fast/Post_Process/Run_Fast5.csv,TK029,28,train
TK029,Session1,overground,run,fast,Overground_Run,Run_Fast,C:/Users/KUBA/GitProjects/WKIRO-Project/data/TK029/Session1/Overground_Run/Run_Fast/Post_Process/Run_Fast6.csv,TK029,28,train
TK029,Session1,overground,run,fast,Overground_Run,Run_Fast,C:/Users/KUBA/GitProjects/WKIRO-Project/data/TK029/Session1/Overground_Run/Run_Fast/Post_Process/Run_Fast7.csv,TK029,28,train
TK029,Session1,overground,run,fast,Overground_Run,Run_Fast,C:/Users/KUBA/GitProjects/WKIRO-Project/data/TK029/Session1/Overground_Run/Run_Fast/Post_Process/Run_Fast8.csv,TK029,28,train
TK029,Session1,overground,run,fast,Overground_Run,Run_Fast,C:/Users/KUBA/GitProjects/WKIRO-Project/data/TK029/Session1/Overground_Run/Run_Fast/Post_Process/Run_Fast9.csv,TK029,28,train
TK029,Session1,overground,walk,comfortable,Overground_Walk,Walk_Comfortable,C:/Users/KUBA/GitProjects/WKIRO-Project/data/TK029/Session1/Overground_Walk/Walk_Comfortable/Post_Process/Walk_Comfortable1.csv,TK029,28,train
TK029,Session1,overground,walk,comfortable,Overground_Walk,Walk_Comfortable,C:/Users/KUBA/GitProjects/WKIRO-Project/data/TK029/Session1/Overground_Walk/Walk_Comfortable/Post_Process/Walk_Comfortable2.csv,TK029,28,val
TK029,Session1,overground,walk,comfortable,Overground_Walk,Walk_Comfortable,C:/Users/KUBA/GitProjects/WKIRO-Project/data/TK029/Session1/Overground_Walk/Walk_Comfortable/Post_Process/Walk_Comfortable3.csv,TK029,28,train
TK029,Session1,overground,walk,comfortable,Overground_Walk,Walk_Comfortable,C:/Users/KUBA/GitProjects/WKIRO-Project/data/TK029/Session1/Overground_Walk/Walk_Comfortable/Post_Process/Walk_Comfortable4.csv,TK029,28,test
TK029,Session1,overground,walk,comfortable,Overground_Walk,Walk_Comfortable,C:/Users/KUBA/GitProjects/WKIRO-Project/data/TK029/Session1/Overground_Walk/Walk_Comfortable/Post_Process/Walk_Comfortable5.csv,TK029,28,train
TK029,Session1,overground,walk,comfortable,Overground_Walk,Walk_Comfortable,C:/Users/KUBA/GitProjects/WKIRO-Project/data/TK029/Session1/Overground_Walk/Walk_Comfortable/Post_Process/Walk_Comfortable6.csv,TK029,28,val
TK029,Session1,overground,walk,comfortable,Overground_Walk,Walk_Comfortable,C:/Users/KUBA/GitProjects/WKIRO-Project/data/TK029/Session1/Overground_Walk/Walk_Comfortable/Post_Process/Walk_Comfortable7.csv,TK029,28,train
TK029,Session1,overground,walk,comfortable,Overground_Walk,Walk_Comfortable,C:/Users/KUBA/GitProjects/WKIRO-Project/data/TK029/Session1/Overground_Walk/Walk_Comfortable/Post_Process/Walk_Comfortable8.csv,TK029,28,train
TK029,Session1,overground,walk,fast,Overground_Walk,Walk_Fast,C:/Users/KUBA/GitProjects/WKIRO-Project/data/TK029/Session1/Overground_Walk/Walk_Fast/Post_Process/Walk_Fast1.csv,TK029,28,train
TK029,Session1,overground,walk,fast,Overground_Walk,Walk_Fast,C:/Users/KUBA/GitProjects/WKIRO-Project/data/TK029/Session1/Overground_Walk/Walk_Fast/Post_Process/Walk_Fast2.csv,TK029,28,train
TK029,Session1,overground,walk,fast,Overground_Walk,Walk_Fast,C:/Users/KUBA/GitProjects/WKIRO-Project/data/TK029/Session1/Overground_Walk/Walk_Fast/Post_Process/Walk_Fast3.csv,TK029,28,train
TK029,Session1,overground,walk,fast,Overground_Walk,Walk_Fast,C:/Users/KUBA/GitProjects/WKIRO-Project/data/TK029/Session1/Overground_Walk/Walk_Fast/Post_Process/Walk_Fast4.csv,TK029,28,train
TK029,Session1,overground,walk,fast,Overground_Walk,Walk_Fast,C:/Users/KUBA/GitProjects/WKIRO-Project/data/TK029/Session1/Overground_Walk/Walk_Fast/Post_Process/Walk_Fast5.csv,TK029,28,train
TK029,Session1,overground,walk,fast,Overground_Walk,Walk_Fast,C:/Users/KUBA/GitProjects/WKIRO-Project/data/TK029/Session1/Overground_Walk/Walk_Fast/Post_Process/Walk_Fast6.csv,TK029,28,train
TK029,Session1,overground,walk,fast,Overground_Walk,Walk_Fast,C:/Users/KUBA/GitProjects/WKIRO-Project/data/TK029/Session1/Overground_Walk/Walk_Fast/Post_Process/Walk_Fast7.csv,TK029,28,val
TK029,Session1,overground,walk,fast,Overground_Walk,Walk_Fast,C:/Users/KUBA/GitProjects/WKIRO-Project/data/TK029/Session1/Overground_Walk/Walk_Fast/Post_Process/Walk_Fast8.csv,TK029,28,val
TK029,Session1,overground,walk,slow,Overground_Walk,Walk_Slow,C:/Users/KUBA/GitProjects/WKIRO-Project/data/TK029/Session1/Overground_Walk/Walk_Slow/Post_Process/Walk_Slow1.csv,TK029,28,train
TK029,Session1,overground,walk,slow,Overground_Walk,Walk_Slow,C:/Users/KUBA/GitProjects/WKIRO-Project/data/TK029/Session1/Overground_Walk/Walk_Slow/Post_Process/Walk_Slow2.csv,TK029,28,test
TK029,Session1,overground,walk,slow,Overground_Walk,Walk_Slow,C:/Users/KUBA/GitProjects/WKIRO-Project/data/TK029/Session1/Overground_Walk/Walk_Slow/Post_Process/Walk_Slow3.csv,TK029,28,train
TK029,Session1,overground,walk,slow,Overground_Walk,Walk_Slow,C:/Users/KUBA/GitProjects/WKIRO-Project/data/TK029/Session1/Overground_Walk/Walk_Slow/Post_Process/Walk_Slow4.csv,TK029,28,train
TK029,Session1,overground,walk,slow,Overground_Walk,Walk_Slow,C:/Users/KUBA/GitProjects/WKIRO-Project/data/TK029/Session1/Overground_Walk/Walk_Slow/Post_Process/Walk_Slow5.csv,TK029,28,train
TK029,Session1,overground,walk,slow,Overground_Walk,Walk_Slow,C:/Users/KUBA/GitProjects/WKIRO-Project/data/TK029/Session1/Overground_Walk/Walk_Slow/Post_Process/Walk_Slow6.csv,TK029,28,test
TK029,Session1,overground,walk,slow,Overground_Walk,Walk_Slow,C:/Users/KUBA/GitProjects/WKIRO-Project/data/TK029/Session1/Overground_Walk/Walk_Slow/Post_Process/Walk_Slow7.csv,TK029,28,test
TK029,Session1,overground,walk,slow,Overground_Walk,Walk_Slow,C:/Users/KUBA/GitProjects/WKIRO-Project/data/TK029/Session1/Overground_Walk/Walk_Slow/Post_Process/Walk_Slow8.csv,TK029,28,train
TK029,Session1,treadmill,run,comfortable,Treadmill_Run,Treadmill_Run_Comfortable,C:/Users/KUBA/GitProjects/WKIRO-Project/data/TK029/Session1/Treadmill_Run/Treadmill_Run_Comfortable/Post_Process/Treadmill_Run_Comfortable.csv,TK029,28,val
TK029,Session1,treadmill,run,fast,Treadmill_Run,Treadmill_Run_Fast,C:/Users/KUBA/GitProjects/WKIRO-Project/data/TK029/Session1/Treadmill_Run/Treadmill_Run_Fast/Post_Process/Treadmill_Run_Fast.csv,TK029,28,train
TK029,Session1,treadmill,walk,comfortable,Treadmill_Walk,Treadmill_Walk_Comfortable,C:/Users/KUBA/GitProjects/WKIRO-Project/data/TK029/Session1/Treadmill_Walk/Treadmill_Walk_Comfortable/Post_Process/Treadmill_Walk_Comfortable.csv,TK029,28,test
TK029,Session1,treadmill,walk,fast,Treadmill_Walk,Treadmill_Walk_Fast,C:/Users/KUBA/GitProjects/WKIRO-Project/data/TK029/Session1/Treadmill_Walk/Treadmill_Walk_Fast/Post_Process/Treadmill_Walk_Fast.csv,TK029,28,train
TK029,Session1,treadmill,walk,slow,Treadmill_Walk,Treadmill_Walk_Slow,C:/Users/KUBA/GitProjects/WKIRO-Project/data/TK029/Session1/Treadmill_Walk/Treadmill_Walk_Slow/Post_Process/Treadmill_Walk_Slow.csv,TK029,28,train
TK029,Session2,overground,run,comfortable,Overground_Run,Run_Comfortable,C:/Users/KUBA/GitProjects/WKIRO-Project/data/TK029/Session2/Overground_Run/Run_Comfortable/Post_Process/Run_Comfortable1.csv,TK029,28,train
TK029,Session2,overground,run,comfortable,Overground_Run,Run_Comfortable,C:/Users/KUBA/GitProjects/WKIRO-Project/data/TK029/Session2/Overground_Run/Run_Comfortable/Post_Process/Run_Comfortable10.csv,TK029,28,train
TK029,Session2,overground,run,comfortable,Overground_Run,Run_Comfortable,C:/Users/KUBA/GitProjects/WKIRO-Project/data/TK029/Session2/Overground_Run/Run_Comfortable/Post_Process/Run_Comfortable2.csv,TK029,28,val
TK029,Session2,overground,run,comfortable,Overground_Run,Run_Comfortable,C:/Users/KUBA/GitProjects/WKIRO-Project/data/TK029/Session2/Overground_Run/Run_Comfortable/Post_Process/Run_Comfortable3.csv,TK029,28,train
TK029,Session2,overground,run,comfortable,Overground_Run,Run_Comfortable,C:/Users/KUBA/GitProjects/WKIRO-Project/data/TK029/Session2/Overground_Run/Run_Comfortable/Post_Process/Run_Comfortable4.csv,TK029,28,val
TK029,Session2,overground,run,comfortable,Overground_Run,Run_Comfortable,C:/Users/KUBA/GitProjects/WKIRO-Project/data/TK029/Session2/Overground_Run/Run_Comfortable/Post_Process/Run_Comfortable5.csv,TK029,28,train
TK029,Session2,overground,run,comfortable,Overground_Run,Run_Comfortable,C:/Users/KUBA/GitProjects/WKIRO-Project/data/TK029/Session2/Overground_Run/Run_Comfortable/Post_Process/Run_Comfortable6.csv,TK029,28,val
TK029,Session2,overground,run,comfortable,Overground_Run,Run_Comfortable,C:/Users/KUBA/GitProjects/WKIRO-Project/data/TK029/Session2/Overground_Run/Run_Comfortable/Post_Process/Run_Comfortable7.csv,TK029,28,train
TK029,Session2,overground,run,comfortable,Overground_Run,Run_Comfortable,C:/Users/KUBA/GitProjects/WKIRO-Project/data/TK029/Session2/Overground_Run/Run_Comfortable/Post_Process/Run_Comfortable8.csv,TK029,28,train
TK029,Session2,overground,run,comfortable,Overground_Run,Run_Comfortable,C:/Users/KUBA/GitProjects/WKIRO-Project/data/TK029/Session2/Overground_Run/Run_Comfortable/Post_Process/Run_Comfortable9.csv,TK029,28,train
TK029,Session2,overground,run,fast,Overground_Run,Run_Fast,C:/Users/KUBA/GitProjects/WKIRO-Project/data/TK029/Session2/Overground_Run/Run_Fast/Post_Process/Run_Fast1.csv,TK029,28,train
TK029,Session2,overground,run,fast,Overground_Run,Run_Fast,C:/Users/KUBA/GitProjects/WKIRO-Project/data/TK029/Session2/Overground_Run/Run_Fast/Post_Process/Run_Fast10.csv,TK029,28,train
TK029,Session2,overground,run,fast,Overground_Run,Run_Fast,C:/Users/KUBA/GitProjects/WKIRO-Project/data/TK029/Session2/Overground_Run/Run_Fast/Post_Process/Run_Fast2.csv,TK029,28,train
TK029,Session2,overground,run,fast,Overground_Run,Run_Fast,C:/Users/KUBA/GitProjects/WKIRO-Project/data/TK029/Session2/Overground_Run/Run_Fast/Post_Process/Run_Fast3.csv,TK029,28,train
TK029,Session2,overground,run,fast,Overground_Run,Run_Fast,C:/Users/KUBA/GitProjects/WKIRO-Project/data/TK029/Session2/Overground_Run/Run_Fast/Post_Process/Run_Fast4.csv,TK029,28,test
TK029,Session2,overground,run,fast,Overground_Run,Run_Fast,C:/Users/KUBA/GitProjects/WKIRO-Project/data/TK029/Session2/Overground_Run/Run_Fast/Post_Process/Run_Fast5.csv,TK029,28,train
TK029,Session2,overground,run,fast,Overground_Run,Run_Fast,C:/Users/KUBA/GitProjects/WKIRO-Project/data/TK029/Session2/Overground_Run/Run_Fast/Post_Process/Run_Fast6.csv,TK029,28,train
TK029,Session2,overground,run,fast,Overground_Run,Run_Fast,C:/Users/KUBA/GitProjects/WKIRO-Project/data/TK029/Session2/Overground_Run/Run_Fast/Post_Process/Run_Fast7.csv,TK029,28,train
TK029,Session2,overground,run,fast,Overground_Run,Run_Fast,C:/Users/KUBA/GitProjects/WKIRO-Project/data/TK029/Session2/Overground_Run/Run_Fast/Post_Process/Run_Fast8.csv,TK029,28,train
TK029,Session2,overground,run,fast,Overground_Run,Run_Fast,C:/Users/KUBA/GitProjects/WKIRO-Project/data/TK029/Session2/Overground_Run/Run_Fast/Post_Process/Run_Fast9.csv,TK029,28,train
TK029,Session2,overground,walk,comfortable,Overground_Walk,Walk_Comfortable,C:/Users/KUBA/GitProjects/WKIRO-Project/data/TK029/Session2/Overground_Walk/Walk_Comfortable/Post_Process/Walk_Comfortable1.csv,TK029,28,train
TK029,Session2,overground,walk,comfortable,Overground_Walk,Walk_Comfortable,C:/Users/KUBA/GitProjects/WKIRO-Project/data/TK029/Session2/Overground_Walk/Walk_Comfortable/Post_Process/Walk_Comfortable2.csv,TK029,28,test
TK029,Session2,overground,walk,comfortable,Overground_Walk,Walk_Comfortable,C:/Users/KUBA/GitProjects/WKIRO-Project/data/TK029/Session2/Overground_Walk/Walk_Comfortable/Post_Process/Walk_Comfortable3.csv,TK029,28,train
TK029,Session2,overground,walk,comfortable,Overground_Walk,Walk_Comfortable,C:/Users/KUBA/GitProjects/WKIRO-Project/data/TK029/Session2/Overground_Walk/Walk_Comfortable/Post_Process/Walk_Comfortable4.csv,TK029,28,train
TK029,Session2,overground,walk,comfortable,Overground_Walk,Walk_Comfortable,C:/Users/KUBA/GitProjects/WKIRO-Project/data/TK029/Session2/Overground_Walk/Walk_Comfortable/Post_Process/Walk_Comfortable5.csv,TK029,28,train
TK029,Session2,overground,walk,comfortable,Overground_Walk,Walk_Comfortable,C:/Users/KUBA/GitProjects/WKIRO-Project/data/TK029/Session2/Overground_Walk/Walk_Comfortable/Post_Process/Walk_Comfortable6.csv,TK029,28,train
TK029,Session2,overground,walk,comfortable,Overground_Walk,Walk_Comfortable,C:/Users/KUBA/GitProjects/WKIRO-Project/data/TK029/Session2/Overground_Walk/Walk_Comfortable/Post_Process/Walk_Comfortable7.csv,TK029,28,val
TK029,Session2,overground,walk,comfortable,Overground_Walk,Walk_Comfortable,C:/Users/KUBA/GitProjects/WKIRO-Project/data/TK029/Session2/Overground_Walk/Walk_Comfortable/Post_Process/Walk_Comfortable8.csv,TK029,28,test
TK029,Session2,overground,walk,fast,Overground_Walk,Walk_Fast,C:/Users/KUBA/GitProjects/WKIRO-Project/data/TK029/Session2/Overground_Walk/Walk_Fast/Post_Process/Walk_Fast1.csv,TK029,28,train
TK029,Session2,overground,walk,fast,Overground_Walk,Walk_Fast,C:/Users/KUBA/GitProjects/WKIRO-Project/data/TK029/Session2/Overground_Walk/Walk_Fast/Post_Process/Walk_Fast2.csv,TK029,28,train
TK029,Session2,overground,walk,fast,Overground_Walk,Walk_Fast,C:/Users/KUBA/GitProjects/WKIRO-Project/data/TK029/Session2/Overground_Walk/Walk_Fast/Post_Process/Walk_Fast3.csv,TK029,28,val
TK029,Session2,overground,walk,fast,Overground_Walk,Walk_Fast,C:/Users/KUBA/GitProjects/WKIRO-Project/data/TK029/Session2/Overground_Walk/Walk_Fast/Post_Process/Walk_Fast4.csv,TK029,28,train
TK029,Session2,overground,walk,fast,Overground_Walk,Walk_Fast,C:/Users/KUBA/GitProjects/WKIRO-Project/data/TK029/Session2/Overground_Walk/Walk_Fast/Post_Process/Walk_Fast5.csv,TK029,28,test
TK029,Session2,overground,walk,fast,Overground_Walk,Walk_Fast,C:/Users/KUBA/GitProjects/WKIRO-Project/data/TK029/Session2/Overground_Walk/Walk_Fast/Post_Process/Walk_Fast6.csv,TK029,28,train
TK029,Session2,overground,walk,slow,Overground_Walk,Walk_Slow,C:/Users/KUBA/GitProjects/WKIRO-Project/data/TK029/Session2/Overground_Walk/Walk_Slow/Post_Process/Walk_Slow1.csv,TK029,28,val
TK029,Session2,overground,walk,slow,Overground_Walk,Walk_Slow,C:/Users/KUBA/GitProjects/WKIRO-Project/data/TK029/Session2/Overground_Walk/Walk_Slow/Post_Process/Walk_Slow2.csv,TK029,28,train
TK029,Session2,overground,walk,slow,Overground_Walk,Walk_Slow,C:/Users/KUBA/GitProjects/WKIRO-Project/data/TK029/Session2/Overground_Walk/Walk_Slow/Post_Process/Walk_Slow3.csv,TK029,28,train
TK029,Session2,overground,walk,slow,Overground_Walk,Walk_Slow,C:/Users/KUBA/GitProjects/WKIRO-Project/data/TK029/Session2/Overground_Walk/Walk_Slow/Post_Process/Walk_Slow4.csv,TK029,28,val
TK029,Session2,overground,walk,slow,Overground_Walk,Walk_Slow,C:/Users/KUBA/GitProjects/WKIRO-Project/data/TK029/Session2/Overground_Walk/Walk_Slow/Post_Process/Walk_Slow5.csv,TK029,28,test
TK029,Session2,overground,walk,slow,Overground_Walk,Walk_Slow,C:/Users/KUBA/GitProjects/WKIRO-Project/data/TK029/Session2/Overground_Walk/Walk_Slow/Post_Process/Walk_Slow6.csv,TK029,28,val
TK029,Session2,overground,walk,slow,Overground_Walk,Walk_Slow,C:/Users/KUBA/GitProjects/WKIRO-Project/data/TK029/Session2/Overground_Walk/Walk_Slow/Post_Process/Walk_Slow7.csv,TK029,28,train
TK029,Session2,overground,walk,slow,Overground_Walk,Walk_Slow,C:/Users/KUBA/GitProjects/WKIRO-Project/data/TK029/Session2/Overground_Walk/Walk_Slow/Post_Process/Walk_Slow8.csv,TK029,28,train
TK029,Session2,treadmill,run,comfortable,Treadmill_Run,Treadmill_Run_Comfortable,C:/Users/KUBA/GitProjects/WKIRO-Project/data/TK029/Session2/Treadmill_Run/Treadmill_Run_Comfortable/Post_Process/Treadmill_Run_Comfortable.csv,TK029,28,train
TK029,Session2,treadmill,run,fast,Treadmill_Run,Treadmill_Run_Fast,C:/Users/KUBA/GitProjects/WKIRO-Project/data/TK029/Session2/Treadmill_Run/Treadmill_Run_Fast/Post_Process/Treadmill_Run_Fast.csv,TK029,28,train
TK029,Session2,treadmill,walk,comfortable,Treadmill_Walk,Treadmill_Walk_Comfortable,C:/Users/KUBA/GitProjects/WKIRO-Project/data/TK029/Session2/Treadmill_Walk/Treadmill_Walk_Comfortable/Post_Process/Treadmill_Walk_Comfortable.csv,TK029,28,train
TK029,Session2,treadmill,walk,fast,Treadmill_Walk,Treadmill_Walk_Fast,C:/Users/KUBA/GitProjects/WKIRO-Project/data/TK029/Session2/Treadmill_Walk/Treadmill_Walk_Fast/Post_Process/Treadmill_Walk_Fast.csv,TK029,28,train
TK029,Session2,treadmill,walk,slow,Treadmill_Walk,Treadmill_Walk_Slow,C:/Users/KUBA/GitProjects/WKIRO-Project/data/TK029/Session2/Treadmill_Walk/Treadmill_Walk_Slow/Post_Process/Treadmill_Walk_Slow.csv,TK029,28,test
YX024,Session1,overground,run,comfortable,Overground_Run,Run_Comfortable,C:/Users/KUBA/GitProjects/WKIRO-Project/data/YX024/Session1/Overground_Run/Run_Comfortable/Post_Process/Run_Comfortable1.csv,YX024,29,train
YX024,Session1,overground,run,comfortable,Overground_Run,Run_Comfortable,C:/Users/KUBA/GitProjects/WKIRO-Project/data/YX024/Session1/Overground_Run/Run_Comfortable/Post_Process/Run_Comfortable10.csv,YX024,29,test
YX024,Session1,overground,run,comfortable,Overground_Run,Run_Comfortable,C:/Users/KUBA/GitProjects/WKIRO-Project/data/YX024/Session1/Overground_Run/Run_Comfortable/Post_Process/Run_Comfortable2.csv,YX024,29,train
YX024,Session1,overground,run,comfortable,Overground_Run,Run_Comfortable,C:/Users/KUBA/GitProjects/WKIRO-Project/data/YX024/Session1/Overground_Run/Run_Comfortable/Post_Process/Run_Comfortable3.csv,YX024,29,train
YX024,Session1,overground,run,comfortable,Overground_Run,Run_Comfortable,C:/Users/KUBA/GitProjects/WKIRO-Project/data/YX024/Session1/Overground_Run/Run_Comfortable/Post_Process/Run_Comfortable4.csv,YX024,29,train
YX024,Session1,overground,run,comfortable,Overground_Run,Run_Comfortable,C:/Users/KUBA/GitProjects/WKIRO-Project/data/YX024/Session1/Overground_Run/Run_Comfortable/Post_Process/Run_Comfortable5.csv,YX024,29,train
YX024,Session1,overground,run,comfortable,Overground_Run,Run_Comfortable,C:/Users/KUBA/GitProjects/WKIRO-Project/data/YX024/Session1/Overground_Run/Run_Comfortable/Post_Process/Run_Comfortable6.csv,YX024,29,train
YX024,Session1,overground,run,comfortable,Overground_Run,Run_Comfortable,C:/Users/KUBA/GitProjects/WKIRO-Project/data/YX024/Session1/Overground_Run/Run_Comfortable/Post_Process/Run_Comfortable7.csv,YX024,29,train
YX024,Session1,overground,run,comfortable,Overground_Run,Run_Comfortable,C:/Users/KUBA/GitProjects/WKIRO-Project/data/YX024/Session1/Overground_Run/Run_Comfortable/Post_Process/Run_Comfortable8.csv,YX024,29,train
YX024,Session1,overground,run,comfortable,Overground_Run,Run_Comfortable,C:/Users/KUBA/GitProjects/WKIRO-Project/data/YX024/Session1/Overground_Run/Run_Comfortable/Post_Process/Run_Comfortable9.csv,YX024,29,val
YX024,Session1,overground,run,fast,Overground_Run,Run_Fast,C:/Users/KUBA/GitProjects/WKIRO-Project/data/YX024/Session1/Overground_Run/Run_Fast/Post_Process/Run_Fast1.csv,YX024,29,test
YX024,Session1,overground,run,fast,Overground_Run,Run_Fast,C:/Users/KUBA/GitProjects/WKIRO-Project/data/YX024/Session1/Overground_Run/Run_Fast/Post_Process/Run_Fast10.csv,YX024,29,val
YX024,Session1,overground,run,fast,Overground_Run,Run_Fast,C:/Users/KUBA/GitProjects/WKIRO-Project/data/YX024/Session1/Overground_Run/Run_Fast/Post_Process/Run_Fast2.csv,YX024,29,train
YX024,Session1,overground,run,fast,Overground_Run,Run_Fast,C:/Users/KUBA/GitProjects/WKIRO-Project/data/YX024/Session1/Overground_Run/Run_Fast/Post_Process/Run_Fast3.csv,YX024,29,train
YX024,Session1,overground,run,fast,Overground_Run,Run_Fast,C:/Users/KUBA/GitProjects/WKIRO-Project/data/YX024/Session1/Overground_Run/Run_Fast/Post_Process/Run_Fast4.csv,YX024,29,train
YX024,Session1,overground,run,fast,Overground_Run,Run_Fast,C:/Users/KUBA/GitProjects/WKIRO-Project/data/YX024/Session1/Overground_Run/Run_Fast/Post_Process/Run_Fast5.csv,YX024,29,train
YX024,Session1,overground,run,fast,Overground_Run,Run_Fast,C:/Users/KUBA/GitProjects/WKIRO-Project/data/YX024/Session1/Overground_Run/Run_Fast/Post_Process/Run_Fast6.csv,YX024,29,train
YX024,Session1,overground,run,fast,Overground_Run,Run_Fast,C:/Users/KUBA/GitProjects/WKIRO-Project/data/YX024/Session1/Overground_Run/Run_Fast/Post_Process/Run_Fast7.csv,YX024,29,train
YX024,Session1,overground,run,fast,Overground_Run,Run_Fast,C:/Users/KUBA/GitProjects/WKIRO-Project/data/YX024/Session1/Overground_Run/Run_Fast/Post_Process/Run_Fast8.csv,YX024,29,train
YX024,Session1,overground,run,fast,Overground_Run,Run_Fast,C:/Users/KUBA/GitProjects/WKIRO-Project/data/YX024/Session1/Overground_Run/Run_Fast/Post_Process/Run_Fast9.csv,YX024,29,train
YX024,Session1,overground,walk,comfortable,Overground_Walk,Walk_Comfortable,C:/Users/KUBA/GitProjects/WKIRO-Project/data/YX024/Session1/Overground_Walk/Walk_Comfortable/Post_Process/Walk_Comfortable1.csv,YX024,29,train
YX024,Session1,overground,walk,comfortable,Overground_Walk,Walk_Comfortable,C:/Users/KUBA/GitProjects/WKIRO-Project/data/YX024/Session1/Overground_Walk/Walk_Comfortable/Post_Process/Walk_Comfortable2.csv,YX024,29,train
YX024,Session1,overground,walk,comfortable,Overground_Walk,Walk_Comfortable,C:/Users/KUBA/GitProjects/WKIRO-Project/data/YX024/Session1/Overground_Walk/Walk_Comfortable/Post_Process/Walk_Comfortable3.csv,YX024,29,train
YX024,Session1,overground,walk,comfortable,Overground_Walk,Walk_Comfortable,C:/Users/KUBA/GitProjects/WKIRO-Project/data/YX024/Session1/Overground_Walk/Walk_Comfortable/Post_Process/Walk_Comfortable4.csv,YX024,29,test
YX024,Session1,overground,walk,comfortable,Overground_Walk,Walk_Comfortable,C:/Users/KUBA/GitProjects/WKIRO-Project/data/YX024/Session1/Overground_Walk/Walk_Comfortable/Post_Process/Walk_Comfortable5.csv,YX024,29,train
YX024,Session1,overground,walk,comfortable,Overground_Walk,Walk_Comfortable,C:/Users/KUBA/GitProjects/WKIRO-Project/data/YX024/Session1/Overground_Walk/Walk_Comfortable/Post_Process/Walk_Comfortable6.csv,YX024,29,train
YX024,Session1,overground,walk,comfortable,Overground_Walk,Walk_Comfortable,C:/Users/KUBA/GitProjects/WKIRO-Project/data/YX024/Session1/Overground_Walk/Walk_Comfortable/Post_Process/Walk_Comfortable7.csv,YX024,29,test
YX024,Session1,overground,walk,comfortable,Overground_Walk,Walk_Comfortable,C:/Users/KUBA/GitProjects/WKIRO-Project/data/YX024/Session1/Overground_Walk/Walk_Comfortable/Post_Process/Walk_Comfortable8.csv,YX024,29,train
YX024,Session1,overground,walk,fast,Overground_Walk,Walk_Fast,C:/Users/KUBA/GitProjects/WKIRO-Project/data/YX024/Session1/Overground_Walk/Walk_Fast/Post_Process/Walk_Fast1.csv,YX024,29,train
YX024,Session1,overground,walk,fast,Overground_Walk,Walk_Fast,C:/Users/KUBA/GitProjects/WKIRO-Project/data/YX024/Session1/Overground_Walk/Walk_Fast/Post_Process/Walk_Fast2.csv,YX024,29,train
YX024,Session1,overground,walk,fast,Overground_Walk,Walk_Fast,C:/Users/KUBA/GitProjects/WKIRO-Project/data/YX024/Session1/Overground_Walk/Walk_Fast/Post_Process/Walk_Fast3.csv,YX024,29,test
YX024,Session1,overground,walk,fast,Overground_Walk,Walk_Fast,C:/Users/KUBA/GitProjects/WKIRO-Project/data/YX024/Session1/Overground_Walk/Walk_Fast/Post_Process/Walk_Fast4.csv,YX024,29,val
YX024,Session1,overground,walk,fast,Overground_Walk,Walk_Fast,C:/Users/KUBA/GitProjects/WKIRO-Project/data/YX024/Session1/Overground_Walk/Walk_Fast/Post_Process/Walk_Fast5.csv,YX024,29,test
YX024,Session1,overground,walk,fast,Overground_Walk,Walk_Fast,C:/Users/KUBA/GitProjects/WKIRO-Project/data/YX024/Session1/Overground_Walk/Walk_Fast/Post_Process/Walk_Fast6.csv,YX024,29,train
YX024,Session1,overground,walk,slow,Overground_Walk,Walk_Slow,C:/Users/KUBA/GitProjects/WKIRO-Project/data/YX024/Session1/Overground_Walk/Walk_Slow/Post_Process/Walk_Slow1.csv,YX024,29,test
YX024,Session1,overground,walk,slow,Overground_Walk,Walk_Slow,C:/Users/KUBA/GitProjects/WKIRO-Project/data/YX024/Session1/Overground_Walk/Walk_Slow/Post_Process/Walk_Slow2.csv,YX024,29,val
YX024,Session1,overground,walk,slow,Overground_Walk,Walk_Slow,C:/Users/KUBA/GitProjects/WKIRO-Project/data/YX024/Session1/Overground_Walk/Walk_Slow/Post_Process/Walk_Slow3.csv,YX024,29,test
YX024,Session1,overground,walk,slow,Overground_Walk,Walk_Slow,C:/Users/KUBA/GitProjects/WKIRO-Project/data/YX024/Session1/Overground_Walk/Walk_Slow/Post_Process/Walk_Slow4.csv,YX024,29,train
YX024,Session1,overground,walk,slow,Overground_Walk,Walk_Slow,C:/Users/KUBA/GitProjects/WKIRO-Project/data/YX024/Session1/Overground_Walk/Walk_Slow/Post_Process/Walk_Slow5.csv,YX024,29,train
YX024,Session1,overground,walk,slow,Overground_Walk,Walk_Slow,C:/Users/KUBA/GitProjects/WKIRO-Project/data/YX024/Session1/Overground_Walk/Walk_Slow/Post_Process/Walk_Slow6.csv,YX024,29,train
YX024,Session1,treadmill,run,comfortable,Treadmill_Run,Treadmill_Run_Comfortable,C:/Users/KUBA/GitProjects/WKIRO-Project/data/YX024/Session1/Treadmill_Run/Treadmill_Run_Comfortable/Post_Process/Treadmill_Run_Comfortable.csv,YX024,29,train
YX024,Session1,treadmill,run,fast,Treadmill_Run,Treadmill_Run_Fast,C:/Users/KUBA/GitProjects/WKIRO-Project/data/YX024/Session1/Treadmill_Run/Treadmill_Run_Fast/Post_Process/Treadmill_Run_Fast.csv,YX024,29,val
YX024,Session1,treadmill,walk,comfortable,Treadmill_Walk,Treadmill_Walk_Comfortable,C:/Users/KUBA/GitProjects/WKIRO-Project/data/YX024/Session1/Treadmill_Walk/Treadmill_Walk_Comfortable/Post_Process/Treadmill_Walk_Comfortable.csv,YX024,29,val
YX024,Session1,treadmill,walk,fast,Treadmill_Walk,Treadmill_Walk_Fast,C:/Users/KUBA/GitProjects/WKIRO-Project/data/YX024/Session1/Treadmill_Walk/Treadmill_Walk_Fast/Post_Process/Treadmill_Walk_Fast.csv,YX024,29,train
YX024,Session1,treadmill,walk,slow,Treadmill_Walk,Treadmill_Walk_Slow,C:/Users/KUBA/GitProjects/WKIRO-Project/data/YX024/Session1/Treadmill_Walk/Treadmill_Walk_Slow/Post_Process/Treadmill_Walk_Slow.csv,YX024,29,train
YX024,Session2,overground,run,comfortable,Overground_Run,Run_Comfortable,C:/Users/KUBA/GitProjects/WKIRO-Project/data/YX024/Session2/Overground_Run/Run_Comfortable/Post_Process/Run_Comfortable1.csv,YX024,29,train
YX024,Session2,overground,run,comfortable,Overground_Run,Run_Comfortable,C:/Users/KUBA/GitProjects/WKIRO-Project/data/YX024/Session2/Overground_Run/Run_Comfortable/Post_Process/Run_Comfortable10.csv,YX024,29,train
YX024,Session2,overground,run,comfortable,Overground_Run,Run_Comfortable,C:/Users/KUBA/GitProjects/WKIRO-Project/data/YX024/Session2/Overground_Run/Run_Comfortable/Post_Process/Run_Comfortable2.csv,YX024,29,train
YX024,Session2,overground,run,comfortable,Overground_Run,Run_Comfortable,C:/Users/KUBA/GitProjects/WKIRO-Project/data/YX024/Session2/Overground_Run/Run_Comfortable/Post_Process/Run_Comfortable3.csv,YX024,29,train
YX024,Session2,overground,run,comfortable,Overground_Run,Run_Comfortable,C:/Users/KUBA/GitProjects/WKIRO-Project/data/YX024/Session2/Overground_Run/Run_Comfortable/Post_Process/Run_Comfortable4.csv,YX024,29,train
YX024,Session2,overground,run,comfortable,Overground_Run,Run_Comfortable,C:/Users/KUBA/GitProjects/WKIRO-Project/data/YX024/Session2/Overground_Run/Run_Comfortable/Post_Process/Run_Comfortable5.csv,YX024,29,train
YX024,Session2,overground,run,comfortable,Overground_Run,Run_Comfortable,C:/Users/KUBA/GitProjects/WKIRO-Project/data/YX024/Session2/Overground_Run/Run_Comfortable/Post_Process/Run_Comfortable6.csv,YX024,29,val
YX024,Session2,overground,run,comfortable,Overground_Run,Run_Comfortable,C:/Users/KUBA/GitProjects/WKIRO-Project/data/YX024/Session2/Overground_Run/Run_Comfortable/Post_Process/Run_Comfortable7.csv,YX024,29,val
YX024,Session2,overground,run,comfortable,Overground_Run,Run_Comfortable,C:/Users/KUBA/GitProjects/WKIRO-Project/data/YX024/Session2/Overground_Run/Run_Comfortable/Post_Process/Run_Comfortable8.csv,YX024,29,train
YX024,Session2,overground,run,comfortable,Overground_Run,Run_Comfortable,C:/Users/KUBA/GitProjects/WKIRO-Project/data/YX024/Session2/Overground_Run/Run_Comfortable/Post_Process/Run_Comfortable9.csv,YX024,29,train
YX024,Session2,overground,run,fast,Overground_Run,Run_Fast,C:/Users/KUBA/GitProjects/WKIRO-Project/data/YX024/Session2/Overground_Run/Run_Fast/Post_Process/Run_Fast1.csv,YX024,29,val
YX024,Session2,overground,run,fast,Overground_Run,Run_Fast,C:/Users/KUBA/GitProjects/WKIRO-Project/data/YX024/Session2/Overground_Run/Run_Fast/Post_Process/Run_Fast2.csv,YX024,29,train
YX024,Session2,overground,run,fast,Overground_Run,Run_Fast,C:/Users/KUBA/GitProjects/WKIRO-Project/data/YX024/Session2/Overground_Run/Run_Fast/Post_Process/Run_Fast3.csv,YX024,29,train
YX024,Session2,overground,run,fast,Overground_Run,Run_Fast,C:/Users/KUBA/GitProjects/WKIRO-Project/data/YX024/Session2/Overground_Run/Run_Fast/Post_Process/Run_Fast4.csv,YX024,29,train
YX024,Session2,overground,run,fast,Overground_Run,Run_Fast,C:/Users/KUBA/GitProjects/WKIRO-Project/data/YX024/Session2/Overground_Run/Run_Fast/Post_Process/Run_Fast5.csv,YX024,29,test
YX024,Session2,overground,run,fast,Overground_Run,Run_Fast,C:/Users/KUBA/GitProjects/WKIRO-Project/data/YX024/Session2/Overground_Run/Run_Fast/Post_Process/Run_Fast6.csv,YX024,29,test
YX024,Session2,overground,run,fast,Overground_Run,Run_Fast,C:/Users/KUBA/GitProjects/WKIRO-Project/data/YX024/Session2/Overground_Run/Run_Fast/Post_Process/Run_Fast7.csv,YX024,29,train
YX024,Session2,overground,run,fast,Overground_Run,Run_Fast,C:/Users/KUBA/GitProjects/WKIRO-Project/data/YX024/Session2/Overground_Run/Run_Fast/Post_Process/Run_Fast8.csv,YX024,29,val
YX024,Session2,overground,run,fast,Overground_Run,Run_Fast,C:/Users/KUBA/GitProjects/WKIRO-Project/data/YX024/Session2/Overground_Run/Run_Fast/Post_Process/Run_Fast9.csv,YX024,29,train
YX024,Session2,overground,walk,comfortable,Overground_Walk,Walk_Comfortable,C:/Users/KUBA/GitProjects/WKIRO-Project/data/YX024/Session2/Overground_Walk/Walk_Comfortable/Post_Process/Walk_Comfortable1.csv,YX024,29,val
YX024,Session2,overground,walk,comfortable,Overground_Walk,Walk_Comfortable,C:/Users/KUBA/GitProjects/WKIRO-Project/data/YX024/Session2/Overground_Walk/Walk_Comfortable/Post_Process/Walk_Comfortable2.csv,YX024,29,train
YX024,Session2,overground,walk,comfortable,Overground_Walk,Walk_Comfortable,C:/Users/KUBA/GitProjects/WKIRO-Project/data/YX024/Session2/Overground_Walk/Walk_Comfortable/Post_Process/Walk_Comfortable3.csv,YX024,29,test
YX024,Session2,overground,walk,comfortable,Overground_Walk,Walk_Comfortable,C:/Users/KUBA/GitProjects/WKIRO-Project/data/YX024/Session2/Overground_Walk/Walk_Comfortable/Post_Process/Walk_Comfortable4.csv,YX024,29,train
YX024,Session2,overground,walk,comfortable,Overground_Walk,Walk_Comfortable,C:/Users/KUBA/GitProjects/WKIRO-Project/data/YX024/Session2/Overground_Walk/Walk_Comfortable/Post_Process/Walk_Comfortable5.csv,YX024,29,val
YX024,Session2,overground,walk,comfortable,Overground_Walk,Walk_Comfortable,C:/Users/KUBA/GitProjects/WKIRO-Project/data/YX024/Session2/Overground_Walk/Walk_Comfortable/Post_Process/Walk_Comfortable6.csv,YX024,29,train
YX024,Session2,overground,walk,comfortable,Overground_Walk,Walk_Comfortable,C:/Users/KUBA/GitProjects/WKIRO-Project/data/YX024/Session2/Overground_Walk/Walk_Comfortable/Post_Process/Walk_Comfortable7.csv,YX024,29,train
YX024,Session2,overground,walk,comfortable,Overground_Walk,Walk_Comfortable,C:/Users/KUBA/GitProjects/WKIRO-Project/data/YX024/Session2/Overground_Walk/Walk_Comfortable/Post_Process/Walk_Comfortable8.csv,YX024,29,train
YX024,Session2,overground,walk,fast,Overground_Walk,Walk_Fast,C:/Users/KUBA/GitProjects/WKIRO-Project/data/YX024/Session2/Overground_Walk/Walk_Fast/Post_Process/Walk_Fast1.csv,YX024,29,train
YX024,Session2,overground,walk,fast,Overground_Walk,Walk_Fast,C:/Users/KUBA/GitProjects/WKIRO-Project/data/YX024/Session2/Overground_Walk/Walk_Fast/Post_Process/Walk_Fast2.csv,YX024,29,train
YX024,Session2,overground,walk,fast,Overground_Walk,Walk_Fast,C:/Users/KUBA/GitProjects/WKIRO-Project/data/YX024/Session2/Overground_Walk/Walk_Fast/Post_Process/Walk_Fast3.csv,YX024,29,train
YX024,Session2,overground,walk,fast,Overground_Walk,Walk_Fast,C:/Users/KUBA/GitProjects/WKIRO-Project/data/YX024/Session2/Overground_Walk/Walk_Fast/Post_Process/Walk_Fast4.csv,YX024,29,train
YX024,Session2,overground,walk,fast,Overground_Walk,Walk_Fast,C:/Users/KUBA/GitProjects/WKIRO-Project/data/YX024/Session2/Overground_Walk/Walk_Fast/Post_Process/Walk_Fast5.csv,YX024,29,train
YX024,Session2,overground,walk,fast,Overground_Walk,Walk_Fast,C:/Users/KUBA/GitProjects/WKIRO-Project/data/YX024/Session2/Overground_Walk/Walk_Fast/Post_Process/Walk_Fast6.csv,YX024,29,test
YX024,Session2,overground,walk,fast,Overground_Walk,Walk_Fast,C:/Users/KUBA/GitProjects/WKIRO-Project/data/YX024/Session2/Overground_Walk/Walk_Fast/Post_Process/Walk_Fast7.csv,YX024,29,train
YX024,Session2,overground,walk,fast,Overground_Walk,Walk_Fast,C:/Users/KUBA/GitProjects/WKIRO-Project/data/YX024/Session2/Overground_Walk/Walk_Fast/Post_Process/Walk_Fast8.csv,YX024,29,test
YX024,Session2,overground,walk,slow,Overground_Walk,Walk_Slow,C:/Users/KUBA/GitProjects/WKIRO-Project/data/YX024/Session2/Overground_Walk/Walk_Slow/Post_Process/Walk_Slow1.csv,YX024,29,train
YX024,Session2,overground,walk,slow,Overground_Walk,Walk_Slow,C:/Users/KUBA/GitProjects/WKIRO-Project/data/YX024/Session2/Overground_Walk/Walk_Slow/Post_Process/Walk_Slow2.csv,YX024,29,test
YX024,Session2,overground,walk,slow,Overground_Walk,Walk_Slow,C:/Users/KUBA/GitProjects/WKIRO-Project/data/YX024/Session2/Overground_Walk/Walk_Slow/Post_Process/Walk_Slow3.csv,YX024,29,train
YX024,Session2,overground,walk,slow,Overground_Walk,Walk_Slow,C:/Users/KUBA/GitProjects/WKIRO-Project/data/YX024/Session2/Overground_Walk/Walk_Slow/Post_Process/Walk_Slow4.csv,YX024,29,train
YX024,Session2,overground,walk,slow,Overground_Walk,Walk_Slow,C:/Users/KUBA/GitProjects/WKIRO-Project/data/YX024/Session2/Overground_Walk/Walk_Slow/Post_Process/Walk_Slow5.csv,YX024,29,train
YX024,Session2,overground,walk,slow,Overground_Walk,Walk_Slow,C:/Users/KUBA/GitProjects/WKIRO-Project/data/YX024/Session2/Overground_Walk/Walk_Slow/Post_Process/Walk_Slow6.csv,YX024,29,train
YX024,Session2,overground,walk,slow,Overground_Walk,Walk_Slow,C:/Users/KUBA/GitProjects/WKIRO-Project/data/YX024/Session2/Overground_Walk/Walk_Slow/Post_Process/Walk_Slow7.csv,YX024,29,train
YX024,Session2,overground,walk,slow,Overground_Walk,Walk_Slow,C:/Users/KUBA/GitProjects/WKIRO-Project/data/YX024/Session2/Overground_Walk/Walk_Slow/Post_Process/Walk_Slow8.csv,YX024,29,train
YX024,Session2,treadmill,run,comfortable,Treadmill_Run,Treadmill_Run_Comfortable,C:/Users/KUBA/GitProjects/WKIRO-Project/data/YX024/Session2/Treadmill_Run/Treadmill_Run_Comfortable/Post_Process/Treadmill_Run_Comfortable.csv,YX024,29,val
YX024,Session2,treadmill,run,fast,Treadmill_Run,Treadmill_Run_Fast,C:/Users/KUBA/GitProjects/WKIRO-Project/data/YX024/Session2/Treadmill_Run/Treadmill_Run_Fast/Post_Process/Treadmill_Run_Fast.csv,YX024,29,train
YX024,Session2,treadmill,walk,comfortable,Treadmill_Walk,Treadmill_Walk_Comfortable,C:/Users/KUBA/GitProjects/WKIRO-Project/data/YX024/Session2/Treadmill_Walk/Treadmill_Walk_Comfortable/Post_Process/Treadmill_Walk_Comfortable.csv,YX024,29,train
YX024,Session2,treadmill,walk,fast,Treadmill_Walk,Treadmill_Walk_Fast,C:/Users/KUBA/GitProjects/WKIRO-Project/data/YX024/Session2/Treadmill_Walk/Treadmill_Walk_Fast/Post_Process/Treadmill_Walk_Fast.csv,YX024,29,val
YX024,Session2,treadmill,walk,slow,Treadmill_Walk,Treadmill_Walk_Slow,C:/Users/KUBA/GitProjects/WKIRO-Project/data/YX024/Session2/Treadmill_Walk/Treadmill_Walk_Slow/Post_Process/Treadmill_Walk_Slow.csv,YX024,29,train
