source_path,n_windows,participant_id,session,environment,activity,condition,y_true,y_true_name,y_pred,y_pred_name,confidence,proba_female,proba_male
C:/Users/KUBA/GitProjects/WKIRO-Project/data/AJ026/Session1/Overground_Run/Run_Comfortable/Post_Process/Run_Comfortable8.csv,2,AJ026,Session1,overground,run,comfortable,0,female,0,female,0.9999806880950928,0.9999806880950928,1.9285927919554524e-05
C:/Users/KUBA/GitProjects/WKIRO-Project/data/AJ026/Session1/Overground_Run/Run_Fast/Post_Process/Run_Fast2.csv,1,AJ026,Session1,overground,run,fast,0,female,0,female,0.9998303651809692,0.9998303651809692,0.00016965017130132765
C:/Users/KUBA/GitProjects/WKIRO-Project/data/AJ026/Session1/Overground_Run/Run_Fast/Post_Process/Run_Fast3.csv,1,AJ026,Session1,overground,run,fast,0,female,0,female,0.9987956285476685,0.9987956285476685,0.0012043655151501298
C:/Users/KUBA/GitProjects/WKIRO-Project/data/AJ026/Session1/Overground_Run/Run_Fast/Post_Process/Run_Fast4.csv,1,AJ026,Session1,overground,run,fast,0,female,0,female,0.9999487400054932,0.9999487400054932,5.1287719543324783e-05
C:/Users/KUBA/GitProjects/WKIRO-Project/data/AJ026/Session1/Overground_Run/Run_Fast/Post_Process/Run_Fast9.csv,1,AJ026,Session1,overground,run,fast,0,female,0,female,0.9982140064239502,0.9982140064239502,0.0017859683139249682
C:/Users/KUBA/GitProjects/WKIRO-Project/data/AJ026/Session1/Overground_Walk/Walk_Slow/Post_Process/Walk_Slow2.csv,9,AJ026,Session1,overground,walk,slow,0,female,0,female,0.99997478723526,0.99997478723526,2.5213323169737123e-05
C:/Users/KUBA/GitProjects/WKIRO-Project/data/AJ026/Session1/Overground_Walk/Walk_Slow/Post_Process/Walk_Slow3.csv,9,AJ026,Session1,overground,walk,slow,0,female,0,female,0.9984790086746216,0.9984790086746216,0.0015209786361083388
C:/Users/KUBA/GitProjects/WKIRO-Project/data/AJ026/Session2/Overground_Run/Run_Comfortable/Post_Process/Run_Comfortable1.csv,3,AJ026,Session2,overground,run,comfortable,0,female,0,female,0.9984302520751953,0.9984302520751953,0.0015697613125666976
C:/Users/KUBA/GitProjects/WKIRO-Project/data/AJ026/Session2/Overground_Run/Run_Comfortable/Post_Process/Run_Comfortable7.csv,3,AJ026,Session2,overground,run,comfortable,0,female,0,female,0.9986228942871094,0.9986228942871094,0.001377134001813829
C:/Users/KUBA/GitProjects/WKIRO-Project/data/AJ026/Session2/Overground_Run/Run_Fast/Post_Process/Run_Fast9.csv,2,AJ026,Session2,overground,run,fast,0,female,0,female,0.9983212351799011,0.9983212351799011,0.0016788162756711245
C:/Users/KUBA/GitProjects/WKIRO-Project/data/AJ026/Session2/Overground_Walk/Walk_Comfortable/Post_Process/Walk_Comfortable1.csv,5,AJ026,Session2,overground,walk,comfortable,0,female,0,female,0.9984806776046753,0.9984806776046753,0.0015192311257123947
C:/Users/KUBA/GitProjects/WKIRO-Project/data/AJ026/Session2/Overground_Walk/Walk_Comfortable/Post_Process/Walk_Comfortable2.csv,4,AJ026,Session2,overground,walk,comfortable,0,female,0,female,0.9999796152114868,0.9999796152114868,2.040830258920323e-05
C:/Users/KUBA/GitProjects/WKIRO-Project/data/AJ026/Session2/Overground_Walk/Walk_Slow/Post_Process/Walk_Slow1.csv,8,AJ026,Session2,overground,walk,slow,0,female,0,female,0.9985897541046143,0.9985897541046143,0.0014102235436439514
C:/Users/KUBA/GitProjects/WKIRO-Project/data/BD004/Session1/Overground_Run/Run_Comfortable/Post_Process/Run_Comfortable10.csv,2,BD004,Session1,overground,run,comfortable,0,female,0,female,0.9998306035995483,0.9998306035995483,0.00016947375843301415
C:/Users/KUBA/GitProjects/WKIRO-Project/data/BD004/Session1/Overground_Run/Run_Fast/Post_Process/Run_Fast13.csv,1,BD004,Session1,overground,run,fast,0,female,0,female,0.9978341460227966,0.9978341460227966,0.0021658288314938545
C:/Users/KUBA/GitProjects/WKIRO-Project/data/BD004/Session1/Overground_Run/Run_Fast/Post_Process/Run_Fast4.csv,1,BD004,Session1,overground,run,fast,0,female,0,female,0.9999179840087891,0.9999179840087891,8.20204004412517e-05
C:/Users/KUBA/GitProjects/WKIRO-Project/data/BD004/Session1/Overground_Walk/Walk_Slow/Post_Process/Walk_Slow1.csv,12,BD004,Session1,overground,walk,slow,0,female,0,female,0.9921173453330994,0.9921173453330994,0.007882658392190933
C:/Users/KUBA/GitProjects/WKIRO-Project/data/BD004/Session1/Overground_Walk/Walk_Slow/Post_Process/Walk_Slow3.csv,11,BD004,Session1,overground,walk,slow,0,female,0,female,0.9948009252548218,0.9948009252548218,0.00519908219575882
C:/Users/KUBA/GitProjects/WKIRO-Project/data/BD004/Session1/Overground_Walk/Walk_Slow/Post_Process/Walk_Slow4.csv,12,BD004,Session1,overground,walk,slow,0,female,0,female,0.9987552165985107,0.9987552165985107,0.0012448120396584272
C:/Users/KUBA/GitProjects/WKIRO-Project/data/BD004/Session1/Overground_Walk/Walk_Slow/Post_Process/Walk_Slow8.csv,8,BD004,Session1,overground,walk,slow,0,female,0,female,0.9987870454788208,0.9987870454788208,0.0012129975948482752
C:/Users/KUBA/GitProjects/WKIRO-Project/data/BD004/Session2/Overground_Run/Run_Comfortable/Post_Process/Run_Comfortable12.csv,2,BD004,Session2,overground,run,comfortable,0,female,0,female,0.9996531009674072,0.9996531009674072,0.00034685901482589543
C:/Users/KUBA/GitProjects/WKIRO-Project/data/BD004/Session2/Overground_Run/Run_Comfortable/Post_Process/Run_Comfortable6.csv,1,BD004,Session2,overground,run,comfortable,0,female,0,female,0.9998799562454224,0.9998799562454224,0.00012006868928438053
C:/Users/KUBA/GitProjects/WKIRO-Project/data/BD004/Session2/Overground_Run/Run_Fast/Post_Process/Run_Fast13.csv,2,BD004,Session2,overground,run,fast,0,female,0,female,0.9949804544448853,0.9949804544448853,0.005019644275307655
C:/Users/KUBA/GitProjects/WKIRO-Project/data/BD004/Session2/Overground_Run/Run_Fast/Post_Process/Run_Fast15.csv,2,BD004,Session2,overground,run,fast,0,female,0,female,0.995570182800293,0.995570182800293,0.004429824650287628
C:/Users/KUBA/GitProjects/WKIRO-Project/data/BD004/Session2/Overground_Run/Run_Fast/Post_Process/Run_Fast3.csv,1,BD004,Session2,overground,run,fast,0,female,0,female,0.9968065023422241,0.9968065023422241,0.0031935193110257387
C:/Users/KUBA/GitProjects/WKIRO-Project/data/BD004/Session2/Overground_Run/Run_Fast/Post_Process/Run_Fast5.csv,2,BD004,Session2,overground,run,fast,0,female,0,female,0.9959359169006348,0.9959359169006348,0.004064078442752361
C:/Users/KUBA/GitProjects/WKIRO-Project/data/BD004/Session2/Overground_Walk/Walk_Comfortable/Post_Process/Walk_Comfortable1.csv,4,BD004,Session2,overground,walk,comfortable,0,female,0,female,0.9945151209831238,0.9945151209831238,0.0054848999716341496
C:/Users/KUBA/GitProjects/WKIRO-Project/data/BD004/Session2/Overground_Walk/Walk_Fast/Post_Process/Walk_Fast2.csv,3,BD004,Session2,overground,walk,fast,0,female,0,female,0.99969482421875,0.99969482421875,0.0003051517123822123
C:/Users/KUBA/GitProjects/WKIRO-Project/data/BD004/Session2/Treadmill_Walk/Treadmill_Walk_Slow/Post_Process/Treadmill_Walk_Slow.csv,119,BD004,Session2,treadmill,walk,slow,0,female,0,female,0.9994574785232544,0.9994574785232544,0.0005425206036306918
C:/Users/KUBA/GitProjects/WKIRO-Project/data/BL025/Session1/Overground_Run/Run_Comfortable/Post_Process/Run_Comfortable2.csv,2,BL025,Session1,overground,run,comfortable,1,male,1,male,0.9995859265327454,0.00041411054553464055,0.9995859265327454
C:/Users/KUBA/GitProjects/WKIRO-Project/data/BL025/Session1/Overground_Run/Run_Comfortable/Post_Process/Run_Comfortable8.csv,2,BL025,Session1,overground,run,comfortable,1,male,1,male,0.9996566772460938,0.0003433288657106459,0.9996566772460938
C:/Users/KUBA/GitProjects/WKIRO-Project/data/BL025/Session1/Overground_Run/Run_Fast/Post_Process/Run_Fast1.csv,1,BL025,Session1,overground,run,fast,1,male,1,male,0.8242122530937195,0.17578773200511932,0.8242122530937195
C:/Users/KUBA/GitProjects/WKIRO-Project/data/BL025/Session1/Overground_Walk/Walk_Comfortable/Post_Process/Walk_Comfortable6.csv,5,BL025,Session1,overground,walk,comfortable,1,male,1,male,0.9992653131484985,0.0007347091450355947,0.9992653131484985
C:/Users/KUBA/GitProjects/WKIRO-Project/data/BL025/Session1/Overground_Walk/Walk_Fast/Post_Process/Walk_Fast4.csv,4,BL025,Session1,overground,walk,fast,1,male,1,male,0.9995006322860718,0.0004993844777345657,0.9995006322860718
C:/Users/KUBA/GitProjects/WKIRO-Project/data/BL025/Session1/Overground_Walk/Walk_Fast/Post_Process/Walk_Fast7.csv,4,BL025,Session1,overground,walk,fast,1,male,1,male,0.9466450214385986,0.053354956209659576,0.9466450214385986
C:/Users/KUBA/GitProjects/WKIRO-Project/data/BL025/Session1/Overground_Walk/Walk_Fast/Post_Process/Walk_Fast8.csv,4,BL025,Session1,overground,walk,fast,1,male,1,male,0.999318540096283,0.0006815212545916438,0.999318540096283
C:/Users/KUBA/GitProjects/WKIRO-Project/data/BL025/Session1/Overground_Walk/Walk_Slow/Post_Process/Walk_Slow1.csv,9,BL025,Session1,overground,walk,slow,1,male,1,male,0.8886643648147583,0.11133556813001633,0.8886643648147583
C:/Users/KUBA/GitProjects/WKIRO-Project/data/BL025/Session1/Treadmill_Walk/Treadmill_Walk_Fast/Post_Process/Treadmill_Walk_Fast.csv,121,BL025,Session1,treadmill,walk,fast,1,male,1,male,0.9994913339614868,0.0005086500314064324,0.9994913339614868
C:/Users/KUBA/GitProjects/WKIRO-Project/data/BL025/Session2/Overground_Run/Run_Comfortable/Post_Process/Run_Comfortable2.csv,2,BL025,Session2,overground,run,comfortable,1,male,1,male,0.9985966682434082,0.0014032984618097544,0.9985966682434082
C:/Users/KUBA/GitProjects/WKIRO-Project/data/BL025/Session2/Overground_Run/Run_Fast/Post_Process/Run_Fast3.csv,1,BL025,Session2,overground,run,fast,1,male,1,male,0.9372227787971497,0.06277719885110855,0.9372227787971497
C:/Users/KUBA/GitProjects/WKIRO-Project/data/BL025/Session2/Overground_Walk/Walk_Fast/Post_Process/Walk_Fast6.csv,2,BL025,Session2,overground,walk,fast,1,male,1,male,0.9991044998168945,0.0008955089142546058,0.9991044998168945
C:/Users/KUBA/GitProjects/WKIRO-Project/data/BL025/Session2/Overground_Walk/Walk_Slow/Post_Process/Walk_Slow5.csv,9,BL025,Session2,overground,walk,slow,1,male,0,female,0.529277503490448,0.529277503490448,0.4707225263118744
C:/Users/KUBA/GitProjects/WKIRO-Project/data/CF027/Session1/Overground_Run/Run_Comfortable/Post_Process/Run_Comfortable3.csv,2,CF027,Session1,overground,run,comfortable,1,male,1,male,0.9997884035110474,0.00021155214926693588,0.9997884035110474
C:/Users/KUBA/GitProjects/WKIRO-Project/data/CF027/Session1/Overground_Run/Run_Fast/Post_Process/Run_Fast6.csv,1,CF027,Session1,overground,run,fast,1,male,1,male,0.9992997646331787,0.0007002705824561417,0.9992997646331787
C:/Users/KUBA/GitProjects/WKIRO-Project/data/CF027/Session1/Overground_Walk/Walk_Comfortable/Post_Process/Walk_Comfortable8.csv,6,CF027,Session1,overground,walk,comfortable,1,male,1,male,0.9929402470588684,0.007059762254357338,0.9929402470588684
C:/Users/KUBA/GitProjects/WKIRO-Project/data/CF027/Session1/Overground_Walk/Walk_Fast/Post_Process/Walk_Fast6.csv,2,CF027,Session1,overground,walk,fast,1,male,1,male,0.9998071193695068,0.00019286487076897174,0.9998071193695068
C:/Users/KUBA/GitProjects/WKIRO-Project/data/CF027/Session1/Treadmill_Walk/Treadmill_Walk_Fast/Post_Process/Treadmill_Walk_Fast.csv,119,CF027,Session1,treadmill,walk,fast,1,male,1,male,0.999841570854187,0.00015843180881347507,0.999841570854187
C:/Users/KUBA/GitProjects/WKIRO-Project/data/CF027/Session2/Overground_Run/Run_Comfortable/Post_Process/Run_Comfortable3.csv,2,CF027,Session2,overground,run,comfortable,1,male,1,male,0.9911931753158569,0.00880679115653038,0.9911931753158569
C:/Users/KUBA/GitProjects/WKIRO-Project/data/CF027/Session2/Overground_Run/Run_Fast/Post_Process/Run_Fast3.csv,1,CF027,Session2,overground,run,fast,1,male,1,male,0.9862306714057922,0.013769321143627167,0.9862306714057922
C:/Users/KUBA/GitProjects/WKIRO-Project/data/CF027/Session2/Overground_Run/Run_Fast/Post_Process/Run_Fast6.csv,1,CF027,Session2,overground,run,fast,1,male,1,male,0.9994046688079834,0.0005953304935246706,0.9994046688079834
C:/Users/KUBA/GitProjects/WKIRO-Project/data/CF027/Session2/Overground_Run/Run_Fast/Post_Process/Run_Fast7.csv,1,CF027,Session2,overground,run,fast,1,male,1,male,0.9858456254005432,0.014154287986457348,0.9858456254005432
C:/Users/KUBA/GitProjects/WKIRO-Project/data/CF027/Session2/Overground_Walk/Walk_Comfortable/Post_Process/Walk_Comfortable4.csv,4,CF027,Session2,overground,walk,comfortable,1,male,1,male,0.9998904466629028,0.00010957488120766357,0.9998904466629028
C:/Users/KUBA/GitProjects/WKIRO-Project/data/CF027/Session2/Overground_Walk/Walk_Fast/Post_Process/Walk_Fast8.csv,3,CF027,Session2,overground,walk,fast,1,male,1,male,0.9998438954353333,0.00015603833890054375,0.9998438954353333
C:/Users/KUBA/GitProjects/WKIRO-Project/data/CF027/Session2/Overground_Walk/Walk_Slow/Post_Process/Walk_Slow5.csv,8,CF027,Session2,overground,walk,slow,1,male,1,male,0.9933743476867676,0.006625658832490444,0.9933743476867676
C:/Users/KUBA/GitProjects/WKIRO-Project/data/CF027/Session2/Treadmill_Run/Treadmill_Run_Comfortable/Post_Process/Treadmill_Run_Comfortable.csv,119,CF027,Session2,treadmill,run,comfortable,1,male,1,male,0.9998304843902588,0.00016948334814514965,0.9998304843902588
C:/Users/KUBA/GitProjects/WKIRO-Project/data/CL007/Session1/Overground_Run/Run_Fast/Post_Process/Run_Fast4.csv,2,CL007,Session1,overground,run,fast,0,female,0,female,0.9999176859855652,0.9999176859855652,8.227472426369786e-05
C:/Users/KUBA/GitProjects/WKIRO-Project/data/CL007/Session1/Overground_Run/Run_Fast/Post_Process/Run_Fast6.csv,1,CL007,Session1,overground,run,fast,0,female,0,female,0.9999449253082275,0.9999449253082275,5.508344111149199e-05
C:/Users/KUBA/GitProjects/WKIRO-Project/data/CL007/Session1/Overground_Run/Run_Fast/Post_Process/Run_Fast7.csv,1,CL007,Session1,overground,run,fast,0,female,0,female,0.9985926747322083,0.9985926747322083,0.0014073156053200364
C:/Users/KUBA/GitProjects/WKIRO-Project/data/CL007/Session1/Overground_Walk/Walk_Comfortable/Post_Process/Walk_Comfortable2.csv,3,CL007,Session1,overground,walk,comfortable,0,female,0,female,0.9999446868896484,0.9999446868896484,5.528850306291133e-05
C:/Users/KUBA/GitProjects/WKIRO-Project/data/CL007/Session1/Overground_Walk/Walk_Fast/Post_Process/Walk_Fast6.csv,2,CL007,Session1,overground,walk,fast,0,female,0,female,0.9999476075172424,0.9999476075172424,5.240820610197261e-05
C:/Users/KUBA/GitProjects/WKIRO-Project/data/CL007/Session1/Overground_Walk/Walk_Slow/Post_Process/Walk_Slow7.csv,6,CL007,Session1,overground,walk,slow,0,female,0,female,0.9985744953155518,0.9985744953155518,0.0014255366986617446
C:/Users/KUBA/GitProjects/WKIRO-Project/data/CL007/Session2/Overground_Run/Run_Comfortable/Post_Process/Run_Comfortable1.csv,2,CL007,Session2,overground,run,comfortable,0,female,0,female,0.9987255334854126,0.9987255334854126,0.0012744423002004623
C:/Users/KUBA/GitProjects/WKIRO-Project/data/CL007/Session2/Overground_Run/Run_Comfortable/Post_Process/Run_Comfortable4.csv,2,CL007,Session2,overground,run,comfortable,0,female,0,female,0.9999656677246094,0.9999656677246094,3.433531310292892e-05
C:/Users/KUBA/GitProjects/WKIRO-Project/data/CL007/Session2/Overground_Run/Run_Fast/Post_Process/Run_Fast11.csv,1,CL007,Session2,overground,run,fast,0,female,0,female,0.9992300271987915,0.9992300271987915,0.0007700150599703193
C:/Users/KUBA/GitProjects/WKIRO-Project/data/CL007/Session2/Overground_Walk/Walk_Fast/Post_Process/Walk_Fast2.csv,3,CL007,Session2,overground,walk,fast,0,female,0,female,0.9999503493309021,0.9999503493309021,4.97033579449635e-05
C:/Users/KUBA/GitProjects/WKIRO-Project/data/CL007/Session2/Overground_Walk/Walk_Fast/Post_Process/Walk_Fast6.csv,2,CL007,Session2,overground,walk,fast,0,female,0,female,0.9999748468399048,0.9999748468399048,2.5185359845636413e-05
C:/Users/KUBA/GitProjects/WKIRO-Project/data/CL007/Session2/Overground_Walk/Walk_Fast/Post_Process/Walk_Fast7.csv,3,CL007,Session2,overground,walk,fast,0,female,0,female,0.9987072944641113,0.9987072944641113,0.001292645581997931
C:/Users/KUBA/GitProjects/WKIRO-Project/data/CL007/Session2/Overground_Walk/Walk_Slow/Post_Process/Walk_Slow8.csv,5,CL007,Session2,overground,walk,slow,0,female,0,female,0.9999552965164185,0.9999552965164185,4.47297643404454e-05
C:/Users/KUBA/GitProjects/WKIRO-Project/data/CL007/Session2/Treadmill_Run/Treadmill_Run_Fast/Post_Process/Treadmill_Run_Fast.csv,119,CL007,Session2,treadmill,run,fast,0,female,0,female,0.9999591112136841,0.9999591112136841,4.0900649764807895e-05
C:/Users/KUBA/GitProjects/WKIRO-Project/data/CL007/Session2/Treadmill_Walk/Treadmill_Walk_Fast/Post_Process/Treadmill_Walk_Fast.csv,119,CL007,Session2,treadmill,walk,fast,0,female,0,female,0.9999675750732422,0.9999675750732422,3.241823287680745e-05
C:/Users/KUBA/GitProjects/WKIRO-Project/data/DA013/Session1/Overground_Run/Run_Comfortable/Post_Process/Run_Comfortable1.csv,2,DA013,Session1,overground,run,comfortable,1,male,1,male,0.9998527765274048,0.00014717489830218256,0.9998527765274048
C:/Users/KUBA/GitProjects/WKIRO-Project/data/DA013/Session1/Overground_Run/Run_Comfortable/Post_Process/Run_Comfortable5.csv,2,DA013,Session1,overground,run,comfortable,1,male,1,male,0.9998027086257935,0.00019726398750208318,0.9998027086257935
C:/Users/KUBA/GitProjects/WKIRO-Project/data/DA013/Session1/Overground_Run/Run_Fast/Post_Process/Run_Fast7.csv,1,DA013,Session1,overground,run,fast,1,male,1,male,0.9125568866729736,0.08744315057992935,0.9125568866729736
C:/Users/KUBA/GitProjects/WKIRO-Project/data/DA013/Session1/Overground_Run/Run_Fast/Post_Process/Run_Fast9.csv,1,DA013,Session1,overground,run,fast,1,male,1,male,0.9876010417938232,0.012398980557918549,0.9876010417938232
C:/Users/KUBA/GitProjects/WKIRO-Project/data/DA013/Session1/Overground_Walk/Walk_Fast/Post_Process/Walk_Fast1.csv,3,DA013,Session1,overground,walk,fast,1,male,1,male,0.9930181503295898,0.0069818212650716305,0.9930181503295898
C:/Users/KUBA/GitProjects/WKIRO-Project/data/DA013/Session1/Overground_Walk/Walk_Fast/Post_Process/Walk_Fast3.csv,3,DA013,Session1,overground,walk,fast,1,male,1,male,0.9933671951293945,0.006632812321186066,0.9933671951293945
C:/Users/KUBA/GitProjects/WKIRO-Project/data/DA013/Session2/Overground_Run/Run_Comfortable/Post_Process/Run_Comfortable10.csv,1,DA013,Session2,overground,run,comfortable,1,male,1,male,0.9999001026153564,9.984991629607975e-05,0.9999001026153564
C:/Users/KUBA/GitProjects/WKIRO-Project/data/DA013/Session2/Overground_Run/Run_Comfortable/Post_Process/Run_Comfortable8.csv,2,DA013,Session2,overground,run,comfortable,1,male,1,male,0.9998601078987122,0.00013989381841383874,0.9998601078987122
C:/Users/KUBA/GitProjects/WKIRO-Project/data/DA013/Session2/Overground_Run/Run_Fast/Post_Process/Run_Fast3.csv,1,DA013,Session2,overground,run,fast,1,male,1,male,0.9808890223503113,0.01911100000143051,0.9808890223503113
C:/Users/KUBA/GitProjects/WKIRO-Project/data/DA013/Session2/Overground_Walk/Walk_Fast/Post_Process/Walk_Fast4.csv,3,DA013,Session2,overground,walk,fast,1,male,1,male,0.9998785853385925,0.00012147085362812504,0.9998785853385925
C:/Users/KUBA/GitProjects/WKIRO-Project/data/DA013/Session2/Overground_Walk/Walk_Slow/Post_Process/Walk_Slow4.csv,7,DA013,Session2,overground,walk,slow,1,male,1,male,0.999772846698761,0.00022718709078617394,0.999772846698761
C:/Users/KUBA/GitProjects/WKIRO-Project/data/DA013/Session2/Overground_Walk/Walk_Slow/Post_Process/Walk_Slow7.csv,7,DA013,Session2,overground,walk,slow,1,male,1,male,0.9926329851150513,0.007367012556642294,0.9926329851150513
C:/Users/KUBA/GitProjects/WKIRO-Project/data/DA013/Session2/Overground_Walk/Walk_Slow/Post_Process/Walk_Slow8.csv,8,DA013,Session2,overground,walk,slow,1,male,1,male,0.9998332858085632,0.00016668600437697023,0.9998332858085632
C:/Users/KUBA/GitProjects/WKIRO-Project/data/DC005/Session1/Overground_Run/Run_Comfortable/Post_Process/Run_Comfortable9.csv,2,DC005,Session1,overground,run,comfortable,1,male,1,male,0.9907365441322327,0.009263424202799797,0.9907365441322327
C:/Users/KUBA/GitProjects/WKIRO-Project/data/DC005/Session1/Overground_Run/Run_Fast/Post_Process/Run_Fast11.csv,1,DC005,Session1,overground,run,fast,1,male,1,male,0.980042040348053,0.01995798572897911,0.980042040348053
C:/Users/KUBA/GitProjects/WKIRO-Project/data/DC005/Session1/Overground_Run/Run_Fast/Post_Process/Run_Fast15.csv,1,DC005,Session1,overground,run,fast,1,male,1,male,0.9857036471366882,0.014296373352408409,0.9857036471366882
C:/Users/KUBA/GitProjects/WKIRO-Project/data/DC005/Session1/Overground_Walk/Walk_Fast/Post_Process/Walk_Fast5.csv,2,DC005,Session1,overground,walk,fast,1,male,1,male,0.9914206266403198,0.008579349145293236,0.9914206266403198
C:/Users/KUBA/GitProjects/WKIRO-Project/data/DC005/Session1/Overground_Walk/Walk_Fast/Post_Process/Walk_Fast7.csv,2,DC005,Session1,overground,walk,fast,1,male,1,male,0.9896852970123291,0.01031467318534851,0.9896852970123291
C:/Users/KUBA/GitProjects/WKIRO-Project/data/DC005/Session1/Overground_Walk/Walk_Fast/Post_Process/Walk_Fast9.csv,3,DC005,Session1,overground,walk,fast,1,male,1,male,0.9917771816253662,0.008222784847021103,0.9917771816253662
C:/Users/KUBA/GitProjects/WKIRO-Project/data/DC005/Session1/Treadmill_Walk/Treadmill_Walk_Slow/Post_Process/Treadmill_Walk_Slow.csv,119,DC005,Session1,treadmill,walk,slow,1,male,1,male,0.9998165965080261,0.00018357719818595797,0.9998165965080261
C:/Users/KUBA/GitProjects/WKIRO-Project/data/DC005/Session2/Overground_Run/Run_Comfortable/Post_Process/Run_Comfortable1.csv,2,DC005,Session2,overground,run,comfortable,1,male,1,male,0.9943265318870544,0.005673496052622795,0.9943265318870544
C:/Users/KUBA/GitProjects/WKIRO-Project/data/DC005/Session2/Overground_Run/Run_Comfortable/Post_Process/Run_Comfortable13.csv,2,DC005,Session2,overground,run,comfortable,1,male,1,male,0.9924202561378479,0.007579753175377846,0.9924202561378479
C:/Users/KUBA/GitProjects/WKIRO-Project/data/DC005/Session2/Overground_Run/Run_Comfortable/Post_Process/Run_Comfortable4.csv,1,DC005,Session2,overground,run,comfortable,1,male,1,male,0.9999005794525146,9.939345909515396e-05,0.9999005794525146
C:/Users/KUBA/GitProjects/WKIRO-Project/data/DC005/Session2/Overground_Run/Run_Fast/Post_Process/Run_Fast12.csv,1,DC005,Session2,overground,run,fast,1,male,1,male,0.9997660517692566,0.00023396914184559137,0.9997660517692566
C:/Users/KUBA/GitProjects/WKIRO-Project/data/DC005/Session2/Overground_Run/Run_Fast/Post_Process/Run_Fast3.csv,2,DC005,Session2,overground,run,fast,1,male,1,male,0.8165048360824585,0.1834951639175415,0.8165048360824585
C:/Users/KUBA/GitProjects/WKIRO-Project/data/DC005/Session2/Overground_Walk/Walk_Comfortable/Post_Process/Walk_Comfortable8.csv,7,DC005,Session2,overground,walk,comfortable,1,male,1,male,0.9994893074035645,0.0005107205943204463,0.9994893074035645
C:/Users/KUBA/GitProjects/WKIRO-Project/data/DC005/Session2/Overground_Walk/Walk_Fast/Post_Process/Walk_Fast2.csv,5,DC005,Session2,overground,walk,fast,1,male,1,male,0.999813437461853,0.00018655258463695645,0.999813437461853
C:/Users/KUBA/GitProjects/WKIRO-Project/data/DC005/Session2/Overground_Walk/Walk_Fast/Post_Process/Walk_Fast4.csv,6,DC005,Session2,overground,walk,fast,1,male,1,male,0.9994927048683167,0.0005072699277661741,0.9994927048683167
C:/Users/KUBA/GitProjects/WKIRO-Project/data/DC005/Session2/Overground_Walk/Walk_Slow/Post_Process/Walk_Slow4.csv,5,DC005,Session2,overground,walk,slow,1,male,1,male,0.999845027923584,0.00015494557737838477,0.999845027923584
C:/Users/KUBA/GitProjects/WKIRO-Project/data/DC005/Session2/Treadmill_Run/Treadmill_Run_Fast/Post_Process/Treadmill_Run_Fast.csv,119,DC005,Session2,treadmill,run,fast,1,male,1,male,0.9998221397399902,0.0001778714795364067,0.9998221397399902
C:/Users/KUBA/GitProjects/WKIRO-Project/data/GF022/Session1/Overground_Run/Run_Comfortable/Post_Process/Run_Comfortable1.csv,3,GF022,Session1,overground,run,comfortable,0,female,0,female,0.9963641166687012,0.9963641166687012,0.003635840490460396
C:/Users/KUBA/GitProjects/WKIRO-Project/data/GF022/Session1/Overground_Run/Run_Comfortable/Post_Process/Run_Comfortable3.csv,2,GF022,Session1,overground,run,comfortable,0,female,0,female,0.9961812496185303,0.9961812496185303,0.0038187415339052677
C:/Users/KUBA/GitProjects/WKIRO-Project/data/GF022/Session1/Overground_Run/Run_Comfortable/Post_Process/Run_Comfortable4.csv,2,GF022,Session1,overground,run,comfortable,0,female,0,female,0.9960521459579468,0.9960521459579468,0.003947831690311432
C:/Users/KUBA/GitProjects/WKIRO-Project/data/GF022/Session1/Overground_Run/Run_Comfortable/Post_Process/Run_Comfortable6.csv,2,GF022,Session1,overground,run,comfortable,0,female,0,female,0.9999021291732788,0.9999021291732788,9.786503505893052e-05
C:/Users/KUBA/GitProjects/WKIRO-Project/data/GF022/Session1/Overground_Run/Run_Fast/Post_Process/Run_Fast2.csv,1,GF022,Session1,overground,run,fast,0,female,0,female,0.9999138116836548,0.9999138116836548,8.6219486547634e-05
C:/Users/KUBA/GitProjects/WKIRO-Project/data/GF022/Session1/Overground_Walk/Walk_Comfortable/Post_Process/Walk_Comfortable3.csv,7,GF022,Session1,overground,walk,comfortable,0,female,0,female,0.9976619482040405,0.9976619482040405,0.0023380399215966463
C:/Users/KUBA/GitProjects/WKIRO-Project/data/GF022/Session1/Overground_Walk/Walk_Slow/Post_Process/Walk_Slow1.csv,6,GF022,Session1,overground,walk,slow,0,female,0,female,0.9974680542945862,0.9974680542945862,0.002531924284994602
C:/Users/KUBA/GitProjects/WKIRO-Project/data/GF022/Session2/Overground_Run/Run_Fast/Post_Process/Run_Fast2.csv,1,GF022,Session2,overground,run,fast,0,female,0,female,0.9997462630271912,0.9997462630271912,0.00025367437046952546
C:/Users/KUBA/GitProjects/WKIRO-Project/data/GF022/Session2/Overground_Run/Run_Fast/Post_Process/Run_Fast3.csv,1,GF022,Session2,overground,run,fast,0,female,0,female,0.9939028024673462,0.9939028024673462,0.006097235716879368
C:/Users/KUBA/GitProjects/WKIRO-Project/data/GF022/Session2/Overground_Run/Run_Fast/Post_Process/Run_Fast4.csv,1,GF022,Session2,overground,run,fast,0,female,0,female,0.9998986721038818,0.9998986721038818,0.0001012650245684199
C:/Users/KUBA/GitProjects/WKIRO-Project/data/GF022/Session2/Overground_Walk/Walk_Comfortable/Post_Process/Walk_Comfortable4.csv,5,GF022,Session2,overground,walk,comfortable,0,female,0,female,0.9999173879623413,0.9999173879623413,8.261152834165841e-05
C:/Users/KUBA/GitProjects/WKIRO-Project/data/GF022/Session2/Overground_Walk/Walk_Comfortable/Post_Process/Walk_Comfortable6.csv,5,GF022,Session2,overground,walk,comfortable,0,female,0,female,0.9999319911003113,0.9999319911003113,6.801669951528311e-05
C:/Users/KUBA/GitProjects/WKIRO-Project/data/GF022/Session2/Overground_Walk/Walk_Fast/Post_Process/Walk_Fast2.csv,4,GF022,Session2,overground,walk,fast,0,female,0,female,0.9999434947967529,0.9999434947967529,5.6473989388905466e-05
C:/Users/KUBA/GitProjects/WKIRO-Project/data/GF022/Session2/Overground_Walk/Walk_Slow/Post_Process/Walk_Slow1.csv,10,GF022,Session2,overground,walk,slow,0,female,0,female,0.9979022741317749,0.9979022741317749,0.002097702817991376
C:/Users/KUBA/GitProjects/WKIRO-Project/data/GM001/Session1/Overground_Run/Run_Comfortable/Post_Process/Run_Comfortable7.csv,2,GM001,Session1,overground,run,comfortable,1,male,1,male,0.9909306764602661,0.009069317951798439,0.9909306764602661
C:/Users/KUBA/GitProjects/WKIRO-Project/data/GM001/Session1/Overground_Walk/Walk_Comfortable/Post_Process/Walk_Comfortable7.csv,4,GM001,Session1,overground,walk,comfortable,1,male,1,male,0.9925512075424194,0.007448792457580566,0.9925512075424194
C:/Users/KUBA/GitProjects/WKIRO-Project/data/GM001/Session1/Overground_Walk/Walk_Comfortable/Post_Process/Walk_Comfortable8.csv,4,GM001,Session1,overground,walk,comfortable,1,male,1,male,0.9995459914207458,0.0004540639347396791,0.9995459914207458
C:/Users/KUBA/GitProjects/WKIRO-Project/data/GM001/Session1/Overground_Walk/Walk_Comfortable/Post_Process/Walk_Comfortable9.csv,4,GM001,Session1,overground,walk,comfortable,1,male,1,male,0.992525041103363,0.007474953308701515,0.992525041103363
C:/Users/KUBA/GitProjects/WKIRO-Project/data/GM001/Session1/Overground_Walk/Walk_Fast/Post_Process/Walk_Fast2.csv,1,GM001,Session1,overground,walk,fast,1,male,1,male,0.999853253364563,0.00014677098079118878,0.999853253364563
C:/Users/KUBA/GitProjects/WKIRO-Project/data/GM001/Session1/Overground_Walk/Walk_Slow/Post_Process/Walk_Slow3.csv,8,GM001,Session1,overground,walk,slow,1,male,1,male,0.9921209216117859,0.007879061624407768,0.9921209216117859
C:/Users/KUBA/GitProjects/WKIRO-Project/data/GM001/Session2/Overground_Run/Run_Comfortable/Post_Process/Run_Comfortable6.csv,3,GM001,Session2,overground,run,comfortable,1,male,1,male,0.9998218417167664,0.00017819645290728658,0.9998218417167664
C:/Users/KUBA/GitProjects/WKIRO-Project/data/GM001/Session2/Overground_Run/Run_Fast/Post_Process/Run_Fast12.csv,1,GM001,Session2,overground,run,fast,1,male,1,male,0.999395489692688,0.0006044871988706291,0.999395489692688
C:/Users/KUBA/GitProjects/WKIRO-Project/data/GM001/Session2/Overground_Run/Run_Fast/Post_Process/Run_Fast4.csv,1,GM001,Session2,overground,run,fast,1,male,1,male,0.9998053908348083,0.0001946740667335689,0.9998053908348083
C:/Users/KUBA/GitProjects/WKIRO-Project/data/GM001/Session2/Overground_Walk/Walk_Fast/Post_Process/Walk_Fast12.csv,1,GM001,Session2,overground,walk,fast,1,male,1,male,0.9998741149902344,0.00012586929369717836,0.9998741149902344
C:/Users/KUBA/GitProjects/WKIRO-Project/data/GM001/Session2/Overground_Walk/Walk_Fast/Post_Process/Walk_Fast2.csv,2,GM001,Session2,overground,walk,fast,1,male,1,male,0.9998441338539124,0.0001558130607008934,0.9998441338539124
C:/Users/KUBA/GitProjects/WKIRO-Project/data/GM001/Session2/Overground_Walk/Walk_Fast/Post_Process/Walk_Fast3.csv,2,GM001,Session2,overground,walk,fast,1,male,1,male,0.989441990852356,0.01055801473557949,0.989441990852356
C:/Users/KUBA/GitProjects/WKIRO-Project/data/GM001/Session2/Overground_Walk/Walk_Slow/Post_Process/Walk_Slow1.csv,11,GM001,Session2,overground,walk,slow,1,male,1,male,0.9869306087493896,0.013069402426481247,0.9869306087493896
C:/Users/KUBA/GitProjects/WKIRO-Project/data/GM001/Session2/Treadmill_Walk/Treadmill_Walk_Slow/Post_Process/Treadmill_Walk_Slow.csv,119,GM001,Session2,treadmill,walk,slow,1,male,1,male,0.9998214244842529,0.00017859881336335093,0.9998214244842529
C:/Users/KUBA/GitProjects/WKIRO-Project/data/GQ016/Session1/Overground_Run/Run_Comfortable/Post_Process/Run_Comfortable1.csv,3,GQ016,Session1,overground,run,comfortable,1,male,1,male,0.9849928021430969,0.015007155947387218,0.9849928021430969
C:/Users/KUBA/GitProjects/WKIRO-Project/data/GQ016/Session1/Overground_Run/Run_Comfortable/Post_Process/Run_Comfortable3.csv,3,GQ016,Session1,overground,run,comfortable,1,male,1,male,0.9833014607429504,0.016698554158210754,0.9833014607429504
C:/Users/KUBA/GitProjects/WKIRO-Project/data/GQ016/Session1/Overground_Run/Run_Comfortable/Post_Process/Run_Comfortable8.csv,1,GQ016,Session1,overground,run,comfortable,1,male,1,male,0.9998921155929565,0.00010783123434521258,0.9998921155929565
C:/Users/KUBA/GitProjects/WKIRO-Project/data/GQ016/Session1/Overground_Run/Run_Fast/Post_Process/Run_Fast10.csv,2,GQ016,Session1,overground,run,fast,1,male,1,male,0.9996616840362549,0.00033833019551821053,0.9996616840362549
C:/Users/KUBA/GitProjects/WKIRO-Project/data/GQ016/Session1/Overground_Run/Run_Fast/Post_Process/Run_Fast2.csv,1,GQ016,Session1,overground,run,fast,1,male,1,male,0.9998278617858887,0.0001720759755698964,0.9998278617858887
C:/Users/KUBA/GitProjects/WKIRO-Project/data/GQ016/Session1/Overground_Run/Run_Fast/Post_Process/Run_Fast4.csv,1,GQ016,Session1,overground,run,fast,1,male,1,male,0.9994794726371765,0.0005205229972489178,0.9994794726371765
C:/Users/KUBA/GitProjects/WKIRO-Project/data/GQ016/Session1/Overground_Run/Run_Fast/Post_Process/Run_Fast9.csv,1,GQ016,Session1,overground,run,fast,1,male,1,male,0.954177975654602,0.04582202807068825,0.954177975654602
C:/Users/KUBA/GitProjects/WKIRO-Project/data/GQ016/Session1/Overground_Walk/Walk_Comfortable/Post_Process/Walk_Comfortable8.csv,4,GQ016,Session1,overground,walk,comfortable,1,male,1,male,0.9999005794525146,9.945808415068313e-05,0.9999005794525146
C:/Users/KUBA/GitProjects/WKIRO-Project/data/GQ016/Session1/Overground_Walk/Walk_Slow/Post_Process/Walk_Slow7.csv,8,GQ016,Session1,overground,walk,slow,1,male,1,male,0.9910928010940552,0.00890716165304184,0.9910928010940552
C:/Users/KUBA/GitProjects/WKIRO-Project/data/GQ016/Session2/Overground_Run/Run_Comfortable/Post_Process/Run_Comfortable1.csv,2,GQ016,Session2,overground,run,comfortable,1,male,1,male,0.9568966031074524,0.04310339689254761,0.9568966031074524
C:/Users/KUBA/GitProjects/WKIRO-Project/data/GQ016/Session2/Overground_Run/Run_Comfortable/Post_Process/Run_Comfortable5.csv,2,GQ016,Session2,overground,run,comfortable,1,male,1,male,0.9811282157897949,0.01887178048491478,0.9811282157897949
C:/Users/KUBA/GitProjects/WKIRO-Project/data/GQ016/Session2/Overground_Walk/Walk_Comfortable/Post_Process/Walk_Comfortable3.csv,4,GQ016,Session2,overground,walk,comfortable,1,male,1,male,0.9757044911384583,0.024295547977089882,0.9757044911384583
C:/Users/KUBA/GitProjects/WKIRO-Project/data/GQ016/Session2/Overground_Walk/Walk_Comfortable/Post_Process/Walk_Comfortable8.csv,4,GQ016,Session2,overground,walk,comfortable,1,male,1,male,0.9998877048492432,0.00011226667265873402,0.9998877048492432
C:/Users/KUBA/GitProjects/WKIRO-Project/data/GQ016/Session2/Overground_Walk/Walk_Fast/Post_Process/Walk_Fast3.csv,3,GQ016,Session2,overground,walk,fast,1,male,1,male,0.946490466594696,0.053509533405303955,0.946490466594696
C:/Users/KUBA/GitProjects/WKIRO-Project/data/GQ016/Session2/Overground_Walk/Walk_Slow/Post_Process/Walk_Slow8.csv,4,GQ016,Session2,overground,walk,slow,1,male,1,male,0.9997942447662354,0.0002058053796645254,0.9997942447662354
C:/Users/KUBA/GitProjects/WKIRO-Project/data/HN021/Session1/Overground_Run/Run_Comfortable/Post_Process/Run_Comfortable3.csv,5,HN021,Session1,overground,run,comfortable,0,female,0,female,0.9987673759460449,0.9987673759460449,0.0012326693395152688
C:/Users/KUBA/GitProjects/WKIRO-Project/data/HN021/Session1/Overground_Run/Run_Comfortable/Post_Process/Run_Comfortable7.csv,4,HN021,Session1,overground,run,comfortable,0,female,0,female,0.9987976551055908,0.9987976551055908,0.0012023358140140772
C:/Users/KUBA/GitProjects/WKIRO-Project/data/HN021/Session1/Overground_Run/Run_Fast/Post_Process/Run_Fast10.csv,1,HN021,Session1,overground,run,fast,0,female,0,female,0.9998866319656372,0.9998866319656372,0.00011340717173879966
C:/Users/KUBA/GitProjects/WKIRO-Project/data/HN021/Session1/Overground_Run/Run_Fast/Post_Process/Run_Fast9.csv,1,HN021,Session1,overground,run,fast,0,female,0,female,0.9984097480773926,0.9984097480773926,0.0015902261948212981
C:/Users/KUBA/GitProjects/WKIRO-Project/data/HN021/Session1/Overground_Walk/Walk_Fast/Post_Process/Walk_Fast1.csv,3,HN021,Session1,overground,walk,fast,0,female,0,female,0.9986342787742615,0.9986342787742615,0.0013657641829922795
C:/Users/KUBA/GitProjects/WKIRO-Project/data/HN021/Session1/Overground_Walk/Walk_Fast/Post_Process/Walk_Fast4.csv,4,HN021,Session1,overground,walk,fast,0,female,0,female,0.9999313354492188,0.9999313354492188,6.866625335533172e-05
C:/Users/KUBA/GitProjects/WKIRO-Project/data/HN021/Session1/Overground_Walk/Walk_Fast/Post_Process/Walk_Fast6.csv,4,HN021,Session1,overground,walk,fast,0,female,0,female,0.999946653842926,0.999946653842926,5.328989936970174e-05
C:/Users/KUBA/GitProjects/WKIRO-Project/data/HN021/Session2/Overground_Run/Run_Comfortable/Post_Process/Run_Comfortable6.csv,3,HN021,Session2,overground,run,comfortable,0,female,0,female,0.9999526143074036,0.9999526143074036,4.730875662062317e-05
C:/Users/KUBA/GitProjects/WKIRO-Project/data/HN021/Session2/Overground_Run/Run_Comfortable/Post_Process/Run_Comfortable8.csv,2,HN021,Session2,overground,run,comfortable,0,female,0,female,0.9999537467956543,0.9999537467956543,4.622618143912405e-05
C:/Users/KUBA/GitProjects/WKIRO-Project/data/HN021/Session2/Overground_Run/Run_Fast/Post_Process/Run_Fast5.csv,1,HN021,Session2,overground,run,fast,0,female,0,female,0.9998927116394043,0.9998927116394043,0.00010722218576120213
C:/Users/KUBA/GitProjects/WKIRO-Project/data/HN021/Session2/Overground_Run/Run_Fast/Post_Process/Run_Fast6.csv,1,HN021,Session2,overground,run,fast,0,female,0,female,0.9985173344612122,0.9985173344612122,0.0014827098930254579
C:/Users/KUBA/GitProjects/WKIRO-Project/data/HN021/Session2/Overground_Walk/Walk_Comfortable/Post_Process/Walk_Comfortable1.csv,5,HN021,Session2,overground,walk,comfortable,0,female,0,female,0.9986683130264282,0.9986683130264282,0.001331675099208951
C:/Users/KUBA/GitProjects/WKIRO-Project/data/HN021/Session2/Overground_Walk/Walk_Slow/Post_Process/Walk_Slow2.csv,6,HN021,Session2,overground,walk,slow,0,female,0,female,0.9999620318412781,0.9999620318412781,3.799516343860887e-05
C:/Users/KUBA/GitProjects/WKIRO-Project/data/HN021/Session2/Overground_Walk/Walk_Slow/Post_Process/Walk_Slow4.csv,6,HN021,Session2,overground,walk,slow,0,female,0,female,0.9999653697013855,0.9999653697013855,3.464824112597853e-05
C:/Users/KUBA/GitProjects/WKIRO-Project/data/HS018/Session1/Overground_Run/Run_Comfortable/Post_Process/Run_Comfortable1.csv,2,HS018,Session1,overground,run,comfortable,0,female,0,female,0.9972459673881531,0.9972459673881531,0.0027540752198547125
C:/Users/KUBA/GitProjects/WKIRO-Project/data/HS018/Session1/Overground_Run/Run_Comfortable/Post_Process/Run_Comfortable2.csv,2,HS018,Session1,overground,run,comfortable,0,female,0,female,0.9998327493667603,0.9998327493667603,0.00016721604333724827
C:/Users/KUBA/GitProjects/WKIRO-Project/data/HS018/Session1/Overground_Run/Run_Comfortable/Post_Process/Run_Comfortable6.csv,2,HS018,Session1,overground,run,comfortable,0,female,0,female,0.9999180436134338,0.9999180436134338,8.192348468583077e-05
C:/Users/KUBA/GitProjects/WKIRO-Project/data/HS018/Session1/Overground_Run/Run_Fast/Post_Process/Run_Fast4.csv,1,HS018,Session1,overground,run,fast,0,female,0,female,0.9999599456787109,0.9999599456787109,4.0000515582505614e-05
C:/Users/KUBA/GitProjects/WKIRO-Project/data/HS018/Session1/Overground_Run/Run_Fast/Post_Process/Run_Fast7.csv,1,HS018,Session1,overground,run,fast,0,female,0,female,0.9996966123580933,0.9996966123580933,0.0003033849934581667
C:/Users/KUBA/GitProjects/WKIRO-Project/data/HS018/Session1/Overground_Walk/Walk_Fast/Post_Process/Walk_Fast3.csv,2,HS018,Session1,overground,walk,fast,0,female,0,female,0.9999187588691711,0.9999187588691711,8.124052692437544e-05
C:/Users/KUBA/GitProjects/WKIRO-Project/data/HS018/Session1/Overground_Walk/Walk_Fast/Post_Process/Walk_Fast4.csv,3,HS018,Session1,overground,walk,fast,0,female,0,female,0.9984273910522461,0.9984273910522461,0.0015725138364359736
C:/Users/KUBA/GitProjects/WKIRO-Project/data/HS018/Session1/Overground_Walk/Walk_Slow/Post_Process/Walk_Slow1.csv,4,HS018,Session1,overground,walk,slow,0,female,0,female,0.9982162117958069,0.9982162117958069,0.0017837980994954705
C:/Users/KUBA/GitProjects/WKIRO-Project/data/HS018/Session1/Treadmill_Walk/Treadmill_Walk_Comfortable/Post_Process/Treadmill_Walk_Comfortable.csv,119,HS018,Session1,treadmill,walk,comfortable,0,female,0,female,0.9999266266822815,0.9999266266822815,7.331468805205077e-05
C:/Users/KUBA/GitProjects/WKIRO-Project/data/HS018/Session2/Overground_Run/Run_Comfortable/Post_Process/Run_Comfortable2.csv,2,HS018,Session2,overground,run,comfortable,0,female,0,female,0.9984056353569031,0.9984056353569031,0.0015943972393870354
C:/Users/KUBA/GitProjects/WKIRO-Project/data/HS018/Session2/Overground_Run/Run_Comfortable/Post_Process/Run_Comfortable4.csv,2,HS018,Session2,overground,run,comfortable,0,female,0,female,0.9985369443893433,0.9985369443893433,0.0014630425721406937
C:/Users/KUBA/GitProjects/WKIRO-Project/data/HS018/Session2/Overground_Walk/Walk_Fast/Post_Process/Walk_Fast3.csv,2,HS018,Session2,overground,walk,fast,0,female,0,female,0.9998984336853027,0.9998984336853027,0.00010160094825550914
C:/Users/KUBA/GitProjects/WKIRO-Project/data/HS018/Session2/Treadmill_Run/Treadmill_Run_Fast/Post_Process/Treadmill_Run_Fast.csv,119,HS018,Session2,treadmill,run,fast,0,female,0,female,0.9998472929000854,0.9998472929000854,0.00015271847951225936
C:/Users/KUBA/GitProjects/WKIRO-Project/data/HS018/Session2/Treadmill_Walk/Treadmill_Walk_Slow/Post_Process/Treadmill_Walk_Slow.csv,119,HS018,Session2,treadmill,walk,slow,0,female,0,female,0.9999265074729919,0.9999265074729919,7.342898607021198e-05
C:/Users/KUBA/GitProjects/WKIRO-Project/data/JS009/Session1/Overground_Run/Run_Comfortable/Post_Process/Run_Comfortable3.csv,2,JS009,Session1,overground,run,comfortable,0,female,0,female,0.9767721891403198,0.9767721891403198,0.02322777733206749
C:/Users/KUBA/GitProjects/WKIRO-Project/data/JS009/Session1/Overground_Run/Run_Comfortable/Post_Process/Run_Comfortable9.csv,1,JS009,Session1,overground,run,comfortable,0,female,0,female,0.9539893865585327,0.9539893865585327,0.04601064324378967
C:/Users/KUBA/GitProjects/WKIRO-Project/data/JS009/Session1/Overground_Run/Run_Fast/Post_Process/Run_Fast1.csv,1,JS009,Session1,overground,run,fast,0,female,0,female,0.9733983874320984,0.9733983874320984,0.02660161815583706
C:/Users/KUBA/GitProjects/WKIRO-Project/data/JS009/Session1/Overground_Run/Run_Fast/Post_Process/Run_Fast13.csv,1,JS009,Session1,overground,run,fast,0,female,0,female,0.9168012142181396,0.9168012142181396,0.08319884538650513
C:/Users/KUBA/GitProjects/WKIRO-Project/data/JS009/Session1/Overground_Run/Run_Fast/Post_Process/Run_Fast7.csv,1,JS009,Session1,overground,run,fast,0,female,0,female,0.9807716012001038,0.9807716012001038,0.01922842673957348
C:/Users/KUBA/GitProjects/WKIRO-Project/data/JS009/Session1/Overground_Run/Run_Fast/Post_Process/Run_Fast9.csv,1,JS009,Session1,overground,run,fast,0,female,0,female,0.975138783454895,0.975138783454895,0.024861233308911324
C:/Users/KUBA/GitProjects/WKIRO-Project/data/JS009/Session1/Overground_Walk/Walk_Comfortable/Post_Process/Walk_Comfortable4.csv,4,JS009,Session1,overground,walk,comfortable,0,female,0,female,0.9992945194244385,0.9992945194244385,0.0007055120076984167
C:/Users/KUBA/GitProjects/WKIRO-Project/data/JS009/Session1/Overground_Walk/Walk_Comfortable/Post_Process/Walk_Comfortable6.csv,3,JS009,Session1,overground,walk,comfortable,0,female,0,female,0.9988918304443359,0.9988918304443359,0.0011081418488174677
C:/Users/KUBA/GitProjects/WKIRO-Project/data/JS009/Session1/Overground_Walk/Walk_Fast/Post_Process/Walk_Fast2.csv,2,JS009,Session1,overground,walk,fast,0,female,0,female,0.9991180300712585,0.9991180300712585,0.0008819517097435892
C:/Users/KUBA/GitProjects/WKIRO-Project/data/JS009/Session1/Overground_Walk/Walk_Fast/Post_Process/Walk_Fast6.csv,2,JS009,Session1,overground,walk,fast,0,female,0,female,0.9991661310195923,0.9991661310195923,0.0008338761981576681
C:/Users/KUBA/GitProjects/WKIRO-Project/data/JS009/Session1/Overground_Walk/Walk_Fast/Post_Process/Walk_Fast7.csv,3,JS009,Session1,overground,walk,fast,0,female,0,female,0.9740299582481384,0.9740299582481384,0.02597014047205448
C:/Users/KUBA/GitProjects/WKIRO-Project/data/JS009/Session2/Overground_Run/Run_Comfortable/Post_Process/Run_Comfortable9.csv,2,JS009,Session2,overground,run,comfortable,0,female,0,female,0.9559916257858276,0.9559916257858276,0.04400837421417236
C:/Users/KUBA/GitProjects/WKIRO-Project/data/JS009/Session2/Overground_Run/Run_Fast/Post_Process/Run_Fast11.csv,2,JS009,Session2,overground,run,fast,0,female,0,female,0.9100282192230225,0.9100282192230225,0.08997174352407455
C:/Users/KUBA/GitProjects/WKIRO-Project/data/JS009/Session2/Overground_Run/Run_Fast/Post_Process/Run_Fast3.csv,1,JS009,Session2,overground,run,fast,0,female,0,female,0.9678242802619934,0.9678242802619934,0.032175760716199875
C:/Users/KUBA/GitProjects/WKIRO-Project/data/JS009/Session2/Overground_Run/Run_Fast/Post_Process/Run_Fast5.csv,1,JS009,Session2,overground,run,fast,0,female,0,female,0.9256685376167297,0.9256685376167297,0.07433144748210907
C:/Users/KUBA/GitProjects/WKIRO-Project/data/JS009/Session2/Overground_Run/Run_Fast/Post_Process/Run_Fast6.csv,1,JS009,Session2,overground,run,fast,0,female,0,female,0.9993815422058105,0.9993815422058105,0.0006184183293953538
C:/Users/KUBA/GitProjects/WKIRO-Project/data/JS009/Session2/Overground_Run/Run_Fast/Post_Process/Run_Fast9.csv,1,JS009,Session2,overground,run,fast,0,female,0,female,0.964485764503479,0.964485764503479,0.03551430255174637
C:/Users/KUBA/GitProjects/WKIRO-Project/data/JS009/Session2/Overground_Walk/Walk_Fast/Post_Process/Walk_Fast3.csv,3,JS009,Session2,overground,walk,fast,0,female,0,female,0.9770936965942383,0.9770936965942383,0.022906335070729256
C:/Users/KUBA/GitProjects/WKIRO-Project/data/JS009/Session2/Overground_Walk/Walk_Fast/Post_Process/Walk_Fast8.csv,2,JS009,Session2,overground,walk,fast,0,female,0,female,0.9995225667953491,0.9995225667953491,0.0004773256368935108
C:/Users/KUBA/GitProjects/WKIRO-Project/data/LA014/Session1/Overground_Run/Run_Comfortable/Post_Process/Run_Comfortable8.csv,1,LA014,Session1,overground,run,comfortable,0,female,0,female,0.9999336004257202,0.9999336004257202,6.641582876909524e-05
C:/Users/KUBA/GitProjects/WKIRO-Project/data/LA014/Session1/Overground_Run/Run_Fast/Post_Process/Run_Fast5.csv,1,LA014,Session1,overground,run,fast,0,female,0,female,0.9854460954666138,0.9854460954666138,0.014553910121321678
C:/Users/KUBA/GitProjects/WKIRO-Project/data/LA014/Session1/Overground_Run/Run_Fast/Post_Process/Run_Fast6.csv,1,LA014,Session1,overground,run,fast,0,female,0,female,0.9988160133361816,0.9988160133361816,0.0011840307852253318
C:/Users/KUBA/GitProjects/WKIRO-Project/data/LA014/Session1/Overground_Walk/Walk_Fast/Post_Process/Walk_Fast6.csv,3,LA014,Session1,overground,walk,fast,0,female,0,female,0.999729335308075,0.999729335308075,0.0002706746163312346
C:/Users/KUBA/GitProjects/WKIRO-Project/data/LA014/Session1/Overground_Walk/Walk_Slow/Post_Process/Walk_Slow2.csv,5,LA014,Session1,overground,walk,slow,0,female,0,female,0.9995166063308716,0.9995166063308716,0.00048340638750232756
C:/Users/KUBA/GitProjects/WKIRO-Project/data/LA014/Session1/Treadmill_Run/Treadmill_Run_Comfortable/Post_Process/Treadmill_Run_Comfortable.csv,119,LA014,Session1,treadmill,run,comfortable,0,female,0,female,0.9999244809150696,0.9999244809150696,7.561117672594264e-05
C:/Users/KUBA/GitProjects/WKIRO-Project/data/LA014/Session1/Treadmill_Walk/Treadmill_Walk_Fast/Post_Process/Treadmill_Walk_Fast.csv,119,LA014,Session1,treadmill,walk,fast,0,female,0,female,0.9999090433120728,0.9999090433120728,9.097509610000998e-05
C:/Users/KUBA/GitProjects/WKIRO-Project/data/LA014/Session2/Overground_Run/Run_Comfortable/Post_Process/Run_Comfortable4.csv,2,LA014,Session2,overground,run,comfortable,0,female,0,female,0.9995486736297607,0.9995486736297607,0.0004513219464570284
C:/Users/KUBA/GitProjects/WKIRO-Project/data/LA014/Session2/Overground_Run/Run_Comfortable/Post_Process/Run_Comfortable8.csv,2,LA014,Session2,overground,run,comfortable,0,female,0,female,0.9998701214790344,0.9998701214790344,0.00012984253407921642
C:/Users/KUBA/GitProjects/WKIRO-Project/data/LA014/Session2/Overground_Run/Run_Fast/Post_Process/Run_Fast1.csv,1,LA014,Session2,overground,run,fast,0,female,1,male,0.6846027374267578,0.3153972327709198,0.6846027374267578
C:/Users/KUBA/GitProjects/WKIRO-Project/data/LA014/Session2/Overground_Run/Run_Fast/Post_Process/Run_Fast3.csv,1,LA014,Session2,overground,run,fast,0,female,1,male,0.900152862071991,0.09984714537858963,0.900152862071991
C:/Users/KUBA/GitProjects/WKIRO-Project/data/LA014/Session2/Overground_Run/Run_Fast/Post_Process/Run_Fast7.csv,1,LA014,Session2,overground,run,fast,0,female,0,female,0.5316448211669922,0.5316448211669922,0.46835511922836304
C:/Users/KUBA/GitProjects/WKIRO-Project/data/LA014/Session2/Overground_Walk/Walk_Comfortable/Post_Process/Walk_Comfortable8.csv,2,LA014,Session2,overground,walk,comfortable,0,female,0,female,0.9989218711853027,0.9989218711853027,0.0010780608281493187
C:/Users/KUBA/GitProjects/WKIRO-Project/data/LA014/Session2/Overground_Walk/Walk_Fast/Post_Process/Walk_Fast6.csv,2,LA014,Session2,overground,walk,fast,0,female,0,female,0.9994818568229675,0.9994818568229675,0.000518130196724087
C:/Users/KUBA/GitProjects/WKIRO-Project/data/LA014/Session2/Overground_Walk/Walk_Slow/Post_Process/Walk_Slow1.csv,4,LA014,Session2,overground,walk,slow,0,female,0,female,0.9968905448913574,0.9968905448913574,0.003109514247626066
C:/Users/KUBA/GitProjects/WKIRO-Project/data/LD002/Session1/Overground_Run/Run_Comfortable/Post_Process/Run_Comfortable1.csv,2,LD002,Session1,overground,run,comfortable,1,male,1,male,0.985284149646759,0.014715848490595818,0.985284149646759
C:/Users/KUBA/GitProjects/WKIRO-Project/data/LD002/Session1/Overground_Run/Run_Fast/Post_Process/Run_Fast11.csv,1,LD002,Session1,overground,run,fast,1,male,1,male,0.9782448410987854,0.021755198016762733,0.9782448410987854
C:/Users/KUBA/GitProjects/WKIRO-Project/data/LD002/Session1/Overground_Run/Run_Fast/Post_Process/Run_Fast12.csv,1,LD002,Session1,overground,run,fast,1,male,1,male,0.9997010827064514,0.00029893440660089254,0.9997010827064514
C:/Users/KUBA/GitProjects/WKIRO-Project/data/LD002/Session1/Overground_Run/Run_Fast/Post_Process/Run_Fast4.csv,1,LD002,Session1,overground,run,fast,1,male,1,male,0.999916672706604,8.336071914527565e-05,0.999916672706604
C:/Users/KUBA/GitProjects/WKIRO-Project/data/LD002/Session1/Overground_Run/Run_Fast/Post_Process/Run_Fast9.csv,1,LD002,Session1,overground,run,fast,1,male,1,male,0.9758988618850708,0.024101195856928825,0.9758988618850708
C:/Users/KUBA/GitProjects/WKIRO-Project/data/LD002/Session1/Overground_Walk/Walk_Comfortable/Post_Process/Walk_Comfortable10.csv,2,LD002,Session1,overground,walk,comfortable,1,male,1,male,0.999862551689148,0.00013742622104473412,0.999862551689148
C:/Users/KUBA/GitProjects/WKIRO-Project/data/LD002/Session1/Overground_Walk/Walk_Comfortable/Post_Process/Walk_Comfortable12.csv,3,LD002,Session1,overground,walk,comfortable,1,male,1,male,0.9998552203178406,0.00014480626850854605,0.9998552203178406
C:/Users/KUBA/GitProjects/WKIRO-Project/data/LD002/Session1/Overground_Walk/Walk_Fast/Post_Process/Walk_Fast6.csv,2,LD002,Session1,overground,walk,fast,1,male,1,male,0.9998362064361572,0.00016376329585909843,0.9998362064361572
C:/Users/KUBA/GitProjects/WKIRO-Project/data/LD002/Session2/Overground_Run/Run_Comfortable/Post_Process/Run_Comfortable14.csv,1,LD002,Session2,overground,run,comfortable,1,male,1,male,0.9999384880065918,6.148908141767606e-05,0.9999384880065918
C:/Users/KUBA/GitProjects/WKIRO-Project/data/LD002/Session2/Overground_Run/Run_Comfortable/Post_Process/Run_Comfortable8.csv,2,LD002,Session2,overground,run,comfortable,1,male,1,male,0.9998153448104858,0.00018461261061020195,0.9998153448104858
C:/Users/KUBA/GitProjects/WKIRO-Project/data/LD002/Session2/Overground_Walk/Walk_Comfortable/Post_Process/Walk_Comfortable6.csv,3,LD002,Session2,overground,walk,comfortable,1,male,1,male,0.9998984932899475,0.00010147572174901143,0.9998984932899475
C:/Users/KUBA/GitProjects/WKIRO-Project/data/LD002/Session2/Overground_Walk/Walk_Fast/Post_Process/Walk_Fast1.csv,2,LD002,Session2,overground,walk,fast,1,male,1,male,0.9907528162002563,0.009247181005775928,0.9907528162002563
C:/Users/KUBA/GitProjects/WKIRO-Project/data/LD002/Session2/Overground_Walk/Walk_Fast/Post_Process/Walk_Fast6.csv,2,LD002,Session2,overground,walk,fast,1,male,1,male,0.9998186230659485,0.00018143228953704238,0.9998186230659485
C:/Users/KUBA/GitProjects/WKIRO-Project/data/LD002/Session2/Treadmill_Run/Treadmill_Run_Fast/Post_Process/Treadmill_Run_Fast.csv,119,LD002,Session2,treadmill,run,fast,1,male,1,male,0.9998745322227478,0.00012541729665827006,0.9998745322227478
C:/Users/KUBA/GitProjects/WKIRO-Project/data/LD002/Session2/Treadmill_Walk/Treadmill_Walk_Comfortable/Post_Process/Treadmill_Walk_Comfortable.csv,124,LD002,Session2,treadmill,walk,comfortable,1,male,1,male,0.9999049305915833,9.499685984337702e-05,0.9999049305915833
C:/Users/KUBA/GitProjects/WKIRO-Project/data/LD002/Session2/Treadmill_Walk/Treadmill_Walk_Fast/Post_Process/Treadmill_Walk_Fast.csv,124,LD002,Session2,treadmill,walk,fast,1,male,1,male,0.9999020099639893,9.799054532777518e-05,0.9999020099639893
C:/Users/KUBA/GitProjects/WKIRO-Project/data/LF003/Session1/Overground_Run/Run_Comfortable/Post_Process/Run_Comfortable10.csv,2,LF003,Session1,overground,run,comfortable,1,male,1,male,0.9998964071273804,0.00010355227277614176,0.9998964071273804
C:/Users/KUBA/GitProjects/WKIRO-Project/data/LF003/Session1/Overground_Run/Run_Comfortable/Post_Process/Run_Comfortable8.csv,2,LF003,Session1,overground,run,comfortable,1,male,1,male,0.9998986721038818,0.00010127837595064193,0.9998986721038818
C:/Users/KUBA/GitProjects/WKIRO-Project/data/LF003/Session1/Overground_Run/Run_Fast/Post_Process/Run_Fast3.csv,1,LF003,Session1,overground,run,fast,1,male,1,male,0.9672910571098328,0.03270900622010231,0.9672910571098328
C:/Users/KUBA/GitProjects/WKIRO-Project/data/LF003/Session1/Overground_Run/Run_Fast/Post_Process/Run_Fast8.csv,1,LF003,Session1,overground,run,fast,1,male,1,male,0.9993797540664673,0.0006202583317644894,0.9993797540664673
C:/Users/KUBA/GitProjects/WKIRO-Project/data/LF003/Session1/Overground_Walk/Walk_Fast/Post_Process/Walk_Fast3.csv,2,LF003,Session1,overground,walk,fast,1,male,1,male,0.9930552244186401,0.006944740191102028,0.9930552244186401
C:/Users/KUBA/GitProjects/WKIRO-Project/data/LF003/Session1/Overground_Walk/Walk_Fast/Post_Process/Walk_Fast4.csv,3,LF003,Session1,overground,walk,fast,1,male,1,male,0.9997749328613281,0.0002250391844427213,0.9997749328613281
C:/Users/KUBA/GitProjects/WKIRO-Project/data/LF003/Session1/Overground_Walk/Walk_Fast/Post_Process/Walk_Fast9.csv,3,LF003,Session1,overground,walk,fast,1,male,1,male,0.9893681406974792,0.010631884448230267,0.9893681406974792
C:/Users/KUBA/GitProjects/WKIRO-Project/data/LF003/Session1/Overground_Walk/Walk_Slow/Post_Process/Walk_Slow5.csv,4,LF003,Session1,overground,walk,slow,1,male,1,male,0.9918540716171265,0.008145907893776894,0.9918540716171265
C:/Users/KUBA/GitProjects/WKIRO-Project/data/LF003/Session1/Treadmill_Walk/Treadmill_Walk_Comfortable/Post_Process/Treadmill_Walk_Comfortable.csv,123,LF003,Session1,treadmill,walk,comfortable,1,male,1,male,0.9998842477798462,0.00011575497774174437,0.9998842477798462
C:/Users/KUBA/GitProjects/WKIRO-Project/data/LF003/Session1/Treadmill_Walk/Treadmill_Walk_Fast/Post_Process/Treadmill_Walk_Fast.csv,123,LF003,Session1,treadmill,walk,fast,1,male,1,male,0.9998663663864136,0.00013371152454055846,0.9998663663864136
C:/Users/KUBA/GitProjects/WKIRO-Project/data/LF003/Session2/Overground_Run/Run_Comfortable/Post_Process/Run_Comfortable6.csv,1,LF003,Session2,overground,run,comfortable,1,male,1,male,0.999920129776001,7.987110438989475e-05,0.999920129776001
C:/Users/KUBA/GitProjects/WKIRO-Project/data/LF003/Session2/Overground_Run/Run_Fast/Post_Process/Run_Fast11.csv,1,LF003,Session2,overground,run,fast,1,male,1,male,0.9682856202125549,0.031714409589767456,0.9682856202125549
C:/Users/KUBA/GitProjects/WKIRO-Project/data/LF003/Session2/Overground_Run/Run_Fast/Post_Process/Run_Fast7.csv,1,LF003,Session2,overground,run,fast,1,male,1,male,0.9498959183692932,0.050104085355997086,0.9498959183692932
C:/Users/KUBA/GitProjects/WKIRO-Project/data/LF003/Session2/Overground_Walk/Walk_Fast/Post_Process/Walk_Fast10.csv,1,LF003,Session2,overground,walk,fast,1,male,1,male,0.9998992681503296,0.00010072426812257618,0.9998992681503296
C:/Users/KUBA/GitProjects/WKIRO-Project/data/LF003/Session2/Overground_Walk/Walk_Slow/Post_Process/Walk_Slow2.csv,4,LF003,Session2,overground,walk,slow,1,male,1,male,0.9998679757118225,0.0001319980510743335,0.9998679757118225
C:/Users/KUBA/GitProjects/WKIRO-Project/data/LF003/Session2/Treadmill_Run/Treadmill_Run_Comfortable/Post_Process/Treadmill_Run_Comfortable.csv,119,LF003,Session2,treadmill,run,comfortable,1,male,1,male,0.9998589158058167,0.0001410952245350927,0.9998589158058167
C:/Users/KUBA/GitProjects/WKIRO-Project/data/LL011/Session1/Overground_Run/Run_Comfortable/Post_Process/Run_Comfortable2.csv,1,LL011,Session1,overground,run,comfortable,1,male,1,male,0.9998984336853027,0.00010160909005207941,0.9998984336853027
C:/Users/KUBA/GitProjects/WKIRO-Project/data/LL011/Session1/Overground_Run/Run_Comfortable/Post_Process/Run_Comfortable9.csv,1,LL011,Session1,overground,run,comfortable,1,male,1,male,0.9878173470497131,0.01218262780457735,0.9878173470497131
C:/Users/KUBA/GitProjects/WKIRO-Project/data/LL011/Session1/Overground_Run/Run_Fast/Post_Process/Run_Fast4.csv,1,LL011,Session1,overground,run,fast,1,male,1,male,0.99044269323349,0.009557235985994339,0.99044269323349
C:/Users/KUBA/GitProjects/WKIRO-Project/data/LL011/Session1/Overground_Walk/Walk_Comfortable/Post_Process/Walk_Comfortable14.csv,4,LL011,Session1,overground,walk,comfortable,1,male,1,male,0.9998868703842163,0.00011315119627397507,0.9998868703842163
C:/Users/KUBA/GitProjects/WKIRO-Project/data/LL011/Session1/Overground_Walk/Walk_Comfortable/Post_Process/Walk_Comfortable15.csv,4,LL011,Session1,overground,walk,comfortable,1,male,1,male,0.993985652923584,0.006014375947415829,0.993985652923584
C:/Users/KUBA/GitProjects/WKIRO-Project/data/LL011/Session1/Overground_Walk/Walk_Comfortable/Post_Process/Walk_Comfortable3.csv,3,LL011,Session1,overground,walk,comfortable,1,male,1,male,0.9941835403442383,0.00581651134416461,0.9941835403442383
C:/Users/KUBA/GitProjects/WKIRO-Project/data/LL011/Session1/Overground_Walk/Walk_Comfortable/Post_Process/Walk_Comfortable9.csv,4,LL011,Session1,overground,walk,comfortable,1,male,1,male,0.9942944645881653,0.005705520510673523,0.9942944645881653
C:/Users/KUBA/GitProjects/WKIRO-Project/data/LL011/Session1/Overground_Walk/Walk_Slow/Post_Process/Walk_Slow7.csv,5,LL011,Session1,overground,walk,slow,1,male,1,male,0.994278609752655,0.005721415393054485,0.994278609752655
C:/Users/KUBA/GitProjects/WKIRO-Project/data/LL011/Session2/Overground_Run/Run_Comfortable/Post_Process/Run_Comfortable3.csv,1,LL011,Session2,overground,run,comfortable,1,male,1,male,0.9920144081115723,0.007985534146428108,0.9920144081115723
C:/Users/KUBA/GitProjects/WKIRO-Project/data/LL011/Session2/Overground_Walk/Walk_Comfortable/Post_Process/Walk_Comfortable5.csv,4,LL011,Session2,overground,walk,comfortable,1,male,1,male,0.9942456483840942,0.005754329264163971,0.9942456483840942
C:/Users/KUBA/GitProjects/WKIRO-Project/data/LL011/Session2/Overground_Walk/Walk_Comfortable/Post_Process/Walk_Comfortable7.csv,4,LL011,Session2,overground,walk,comfortable,1,male,1,male,0.9944525361061096,0.005547487176954746,0.9944525361061096
C:/Users/KUBA/GitProjects/WKIRO-Project/data/LL011/Session2/Overground_Walk/Walk_Comfortable/Post_Process/Walk_Comfortable8.csv,4,LL011,Session2,overground,walk,comfortable,1,male,1,male,0.9998990297317505,0.00010089825082104653,0.9998990297317505
C:/Users/KUBA/GitProjects/WKIRO-Project/data/LL011/Session2/Overground_Walk/Walk_Fast/Post_Process/Walk_Fast5.csv,3,LL011,Session2,overground,walk,fast,1,male,1,male,0.9939619898796082,0.00603801803663373,0.9939619898796082
C:/Users/KUBA/GitProjects/WKIRO-Project/data/LM012/Session1/Overground_Run/Run_Comfortable/Post_Process/Run_Comfortable1.csv,2,LM012,Session1,overground,run,comfortable,1,male,1,male,0.8817081451416016,0.11829186975955963,0.8817081451416016
C:/Users/KUBA/GitProjects/WKIRO-Project/data/LM012/Session1/Overground_Walk/Walk_Comfortable/Post_Process/Walk_Comfortable4.csv,5,LM012,Session1,overground,walk,comfortable,1,male,1,male,0.9997600317001343,0.00023984373547136784,0.9997600317001343
C:/Users/KUBA/GitProjects/WKIRO-Project/data/LM012/Session1/Overground_Walk/Walk_Fast/Post_Process/Walk_Fast1.csv,4,LM012,Session1,overground,walk,fast,1,male,1,male,0.9998061656951904,0.0001938043860718608,0.9998061656951904
C:/Users/KUBA/GitProjects/WKIRO-Project/data/LM012/Session1/Overground_Walk/Walk_Fast/Post_Process/Walk_Fast2.csv,3,LM012,Session1,overground,walk,fast,1,male,1,male,0.9126809239387512,0.08731905370950699,0.9126809239387512
C:/Users/KUBA/GitProjects/WKIRO-Project/data/LM012/Session1/Overground_Walk/Walk_Fast/Post_Process/Walk_Fast7.csv,3,LM012,Session1,overground,walk,fast,1,male,1,male,0.905750036239624,0.0942498967051506,0.905750036239624
C:/Users/KUBA/GitProjects/WKIRO-Project/data/LM012/Session1/Treadmill_Run/Treadmill_Run_Comfortable/Post_Process/Treadmill_Run_Comfortable.csv,119,LM012,Session1,treadmill,run,comfortable,1,male,1,male,0.9998191595077515,0.00018086048658005893,0.9998191595077515
C:/Users/KUBA/GitProjects/WKIRO-Project/data/LM012/Session1/Treadmill_Walk/Treadmill_Walk_Comfortable/Post_Process/Treadmill_Walk_Comfortable.csv,119,LM012,Session1,treadmill,walk,comfortable,1,male,1,male,0.9998459219932556,0.00015417378745041788,0.9998459219932556
C:/Users/KUBA/GitProjects/WKIRO-Project/data/LM012/Session2/Overground_Run/Run_Comfortable/Post_Process/Run_Comfortable10.csv,1,LM012,Session2,overground,run,comfortable,1,male,1,male,0.9319165945053101,0.06808339804410934,0.9319165945053101
C:/Users/KUBA/GitProjects/WKIRO-Project/data/LM012/Session2/Overground_Run/Run_Comfortable/Post_Process/Run_Comfortable7.csv,1,LM012,Session2,overground,run,comfortable,1,male,1,male,0.6971415877342224,0.3028584122657776,0.6971415877342224
C:/Users/KUBA/GitProjects/WKIRO-Project/data/LM012/Session2/Overground_Run/Run_Comfortable/Post_Process/Run_Comfortable9.csv,2,LM012,Session2,overground,run,comfortable,1,male,1,male,0.9996913075447083,0.00030866803717799485,0.9996913075447083
C:/Users/KUBA/GitProjects/WKIRO-Project/data/LM012/Session2/Overground_Walk/Walk_Comfortable/Post_Process/Walk_Comfortable7.csv,3,LM012,Session2,overground,walk,comfortable,1,male,1,male,0.8601215481758118,0.13987839221954346,0.8601215481758118
C:/Users/KUBA/GitProjects/WKIRO-Project/data/LM012/Session2/Overground_Walk/Walk_Fast/Post_Process/Walk_Fast2.csv,3,LM012,Session2,overground,walk,fast,1,male,1,male,0.9986738562583923,0.0013262014836072922,0.9986738562583923
C:/Users/KUBA/GitProjects/WKIRO-Project/data/LM012/Session2/Overground_Walk/Walk_Slow/Post_Process/Walk_Slow8.csv,8,LM012,Session2,overground,walk,slow,1,male,1,male,0.9998037815093994,0.00019624493143055588,0.9998037815093994
C:/Users/KUBA/GitProjects/WKIRO-Project/data/MR015/Session1/Overground_Run/Run_Fast/Post_Process/Run_Fast4.csv,1,MR015,Session1,overground,run,fast,1,male,1,male,0.9996886253356934,0.0003113992279395461,0.9996886253356934
C:/Users/KUBA/GitProjects/WKIRO-Project/data/MR015/Session1/Overground_Run/Run_Fast/Post_Process/Run_Fast5.csv,1,MR015,Session1,overground,run,fast,1,male,1,male,0.9920418858528137,0.00795815046876669,0.9920418858528137
C:/Users/KUBA/GitProjects/WKIRO-Project/data/MR015/Session1/Overground_Walk/Walk_Slow/Post_Process/Walk_Slow4.csv,7,MR015,Session1,overground,walk,slow,1,male,1,male,0.9999065399169922,9.338906238554046e-05,0.9999065399169922
C:/Users/KUBA/GitProjects/WKIRO-Project/data/MR015/Session2/Overground_Run/Run_Comfortable/Post_Process/Run_Comfortable1.csv,2,MR015,Session2,overground,run,comfortable,1,male,1,male,0.9903281927108765,0.009671846404671669,0.9903281927108765
C:/Users/KUBA/GitProjects/WKIRO-Project/data/MR015/Session2/Overground_Run/Run_Comfortable/Post_Process/Run_Comfortable10.csv,2,MR015,Session2,overground,run,comfortable,1,male,1,male,0.9998982548713684,0.00010170974564971402,0.9998982548713684
C:/Users/KUBA/GitProjects/WKIRO-Project/data/MR015/Session2/Overground_Run/Run_Comfortable/Post_Process/Run_Comfortable4.csv,2,MR015,Session2,overground,run,comfortable,1,male,1,male,0.9998922944068909,0.00010771163215395063,0.9998922944068909
C:/Users/KUBA/GitProjects/WKIRO-Project/data/MR015/Session2/Overground_Run/Run_Comfortable/Post_Process/Run_Comfortable5.csv,2,MR015,Session2,overground,run,comfortable,1,male,1,male,0.9882910251617432,0.011708947829902172,0.9882910251617432
C:/Users/KUBA/GitProjects/WKIRO-Project/data/MR015/Session2/Overground_Run/Run_Fast/Post_Process/Run_Fast3.csv,1,MR015,Session2,overground,run,fast,1,male,1,male,0.9998173117637634,0.00018265584367327392,0.9998173117637634
C:/Users/KUBA/GitProjects/WKIRO-Project/data/MR015/Session2/Overground_Walk/Walk_Comfortable/Post_Process/Walk_Comfortable3.csv,4,MR015,Session2,overground,walk,comfortable,1,male,1,male,0.9939397573471069,0.006060272455215454,0.9939397573471069
C:/Users/KUBA/GitProjects/WKIRO-Project/data/MR015/Session2/Overground_Walk/Walk_Comfortable/Post_Process/Walk_Comfortable8.csv,2,MR015,Session2,overground,walk,comfortable,1,male,1,male,0.9999263882637024,7.358506263699383e-05,0.9999263882637024
C:/Users/KUBA/GitProjects/WKIRO-Project/data/MR015/Session2/Overground_Walk/Walk_Fast/Post_Process/Walk_Fast3.csv,2,MR015,Session2,overground,walk,fast,1,male,1,male,0.999889075756073,0.00011095077206846327,0.999889075756073
C:/Users/KUBA/GitProjects/WKIRO-Project/data/MR015/Session2/Overground_Walk/Walk_Fast/Post_Process/Walk_Fast4.csv,3,MR015,Session2,overground,walk,fast,1,male,1,male,0.9928145408630371,0.007185429334640503,0.9928145408630371
C:/Users/KUBA/GitProjects/WKIRO-Project/data/OB010/Session1/Overground_Run/Run_Comfortable/Post_Process/Run_Comfortable5.csv,2,OB010,Session1,overground,run,comfortable,1,male,1,male,0.992664098739624,0.007335950154811144,0.992664098739624
C:/Users/KUBA/GitProjects/WKIRO-Project/data/OB010/Session1/Overground_Walk/Walk_Comfortable/Post_Process/Walk_Comfortable4.csv,3,OB010,Session1,overground,walk,comfortable,1,male,1,male,0.9999074935913086,9.244934335583821e-05,0.9999074935913086
C:/Users/KUBA/GitProjects/WKIRO-Project/data/OB010/Session1/Overground_Walk/Walk_Fast/Post_Process/Walk_Fast2.csv,2,OB010,Session1,overground,walk,fast,1,male,1,male,0.999800980091095,0.00019902619533240795,0.999800980091095
C:/Users/KUBA/GitProjects/WKIRO-Project/data/OB010/Session1/Treadmill_Walk/Treadmill_Walk_Slow/Post_Process/Treadmill_Walk_Slow.csv,119,OB010,Session1,treadmill,walk,slow,1,male,1,male,0.9998955726623535,0.00010455141455167904,0.9998955726623535
C:/Users/KUBA/GitProjects/WKIRO-Project/data/OB010/Session2/Overground_Run/Run_Fast/Post_Process/Run_Fast3.csv,1,OB010,Session2,overground,run,fast,1,male,1,male,0.9848703742027283,0.015129555016756058,0.9848703742027283
C:/Users/KUBA/GitProjects/WKIRO-Project/data/OB010/Session2/Overground_Walk/Walk_Fast/Post_Process/Walk_Fast1.csv,2,OB010,Session2,overground,walk,fast,1,male,1,male,0.9938080310821533,0.00619200523942709,0.9938080310821533
C:/Users/KUBA/GitProjects/WKIRO-Project/data/OB010/Session2/Overground_Walk/Walk_Fast/Post_Process/Walk_Fast2.csv,2,OB010,Session2,overground,walk,fast,1,male,1,male,0.9998149871826172,0.00018505982006900012,0.9998149871826172
C:/Users/KUBA/GitProjects/WKIRO-Project/data/OB010/Session2/Overground_Walk/Walk_Fast/Post_Process/Walk_Fast6.csv,2,OB010,Session2,overground,walk,fast,1,male,1,male,0.9998490810394287,0.00015087782230693847,0.9998490810394287
C:/Users/KUBA/GitProjects/WKIRO-Project/data/OB010/Session2/Overground_Walk/Walk_Fast/Post_Process/Walk_Fast7.csv,3,OB010,Session2,overground,walk,fast,1,male,1,male,0.9913931488990784,0.008606870658695698,0.9913931488990784
C:/Users/KUBA/GitProjects/WKIRO-Project/data/OB010/Session2/Overground_Walk/Walk_Fast/Post_Process/Walk_Fast8.csv,2,OB010,Session2,overground,walk,fast,1,male,1,male,0.9998139142990112,0.00018611567793413997,0.9998139142990112
C:/Users/KUBA/GitProjects/WKIRO-Project/data/OB010/Session2/Overground_Walk/Walk_Slow/Post_Process/Walk_Slow1.csv,8,OB010,Session2,overground,walk,slow,1,male,1,male,0.9933586120605469,0.006641394458711147,0.9933586120605469
C:/Users/KUBA/GitProjects/WKIRO-Project/data/OB010/Session2/Overground_Walk/Walk_Slow/Post_Process/Walk_Slow4.csv,2,OB010,Session2,overground,walk,slow,1,male,1,male,0.999886155128479,0.00011384820390958339,0.999886155128479
C:/Users/KUBA/GitProjects/WKIRO-Project/data/OB010/Session2/Overground_Walk/Walk_Slow/Post_Process/Walk_Slow6.csv,4,OB010,Session2,overground,walk,slow,1,male,1,male,0.9998770952224731,0.0001228603214258328,0.9998770952224731
C:/Users/KUBA/GitProjects/WKIRO-Project/data/OB010/Session2/Treadmill_Walk/Treadmill_Walk_Slow/Post_Process/Treadmill_Walk_Slow.csv,119,OB010,Session2,treadmill,walk,slow,1,male,1,male,0.9998621940612793,0.00013777667481917888,0.9998621940612793
C:/Users/KUBA/GitProjects/WKIRO-Project/data/PC008/Session1/Overground_Run/Run_Comfortable/Post_Process/Run_Comfortable5.csv,2,PC008,Session1,overground,run,comfortable,0,female,0,female,0.999019980430603,0.999019980430603,0.0009800094412639737
C:/Users/KUBA/GitProjects/WKIRO-Project/data/PC008/Session1/Overground_Run/Run_Comfortable/Post_Process/Run_Comfortable9.csv,2,PC008,Session1,overground,run,comfortable,0,female,0,female,0.998856782913208,0.998856782913208,0.001143274363130331
C:/Users/KUBA/GitProjects/WKIRO-Project/data/PC008/Session1/Overground_Run/Run_Fast/Post_Process/Run_Fast10.csv,1,PC008,Session1,overground,run,fast,0,female,0,female,0.9999860525131226,0.9999860525131226,1.3902382306696381e-05
C:/Users/KUBA/GitProjects/WKIRO-Project/data/PC008/Session1/Overground_Run/Run_Fast/Post_Process/Run_Fast12.csv,1,PC008,Session1,overground,run,fast,0,female,0,female,0.9999865293502808,0.9999865293502808,1.3453765859594569e-05
C:/Users/KUBA/GitProjects/WKIRO-Project/data/PC008/Session1/Overground_Run/Run_Fast/Post_Process/Run_Fast14.csv,1,PC008,Session1,overground,run,fast,0,female,0,female,0.9999017715454102,0.9999017715454102,9.8219963547308e-05
C:/Users/KUBA/GitProjects/WKIRO-Project/data/PC008/Session1/Overground_Run/Run_Fast/Post_Process/Run_Fast4.csv,1,PC008,Session1,overground,run,fast,0,female,0,female,0.9984809756278992,0.9984809756278992,0.0015189998084679246
C:/Users/KUBA/GitProjects/WKIRO-Project/data/PC008/Session1/Overground_Walk/Walk_Fast/Post_Process/Walk_Fast5.csv,3,PC008,Session1,overground,walk,fast,0,female,0,female,0.9987258911132812,0.9987258911132812,0.0012741436948999763
C:/Users/KUBA/GitProjects/WKIRO-Project/data/PC008/Session1/Overground_Walk/Walk_Slow/Post_Process/Walk_Slow4.csv,5,PC008,Session1,overground,walk,slow,0,female,0,female,0.9999653100967407,0.9999653100967407,3.466404814389534e-05
C:/Users/KUBA/GitProjects/WKIRO-Project/data/PC008/Session1/Treadmill_Walk/Treadmill_Walk_Fast/Post_Process/Treadmill_Walk_Fast.csv,119,PC008,Session1,treadmill,walk,fast,0,female,0,female,0.9999645948410034,0.9999645948410034,3.5361372283659875e-05
C:/Users/KUBA/GitProjects/WKIRO-Project/data/PC008/Session1/Treadmill_Walk/Treadmill_Walk_Slow/Post_Process/Treadmill_Walk_Slow.csv,119,PC008,Session1,treadmill,walk,slow,0,female,0,female,0.9999647736549377,0.9999647736549377,3.5222074075136334e-05
C:/Users/KUBA/GitProjects/WKIRO-Project/data/PC008/Session2/Overground_Run/Run_Comfortable/Post_Process/Run_Comfortable1.csv,3,PC008,Session2,overground,run,comfortable,0,female,0,female,0.9986956119537354,0.9986956119537354,0.0013044193619862199
C:/Users/KUBA/GitProjects/WKIRO-Project/data/PC008/Session2/Overground_Run/Run_Comfortable/Post_Process/Run_Comfortable12.csv,1,PC008,Session2,overground,run,comfortable,0,female,0,female,0.9999535083770752,0.9999535083770752,4.648831964004785e-05
C:/Users/KUBA/GitProjects/WKIRO-Project/data/PC008/Session2/Overground_Run/Run_Comfortable/Post_Process/Run_Comfortable13.csv,1,PC008,Session2,overground,run,comfortable,0,female,0,female,0.9987905621528625,0.9987905621528625,0.0012095102574676275
C:/Users/KUBA/GitProjects/WKIRO-Project/data/PC008/Session2/Overground_Run/Run_Fast/Post_Process/Run_Fast2.csv,1,PC008,Session2,overground,run,fast,0,female,0,female,0.9999819993972778,0.9999819993972778,1.79710186785087e-05
C:/Users/KUBA/GitProjects/WKIRO-Project/data/PC008/Session2/Overground_Walk/Walk_Comfortable/Post_Process/Walk_Comfortable11.csv,2,PC008,Session2,overground,walk,comfortable,0,female,0,female,0.998491644859314,0.998491644859314,0.001508363289758563
C:/Users/KUBA/GitProjects/WKIRO-Project/data/PC008/Session2/Overground_Walk/Walk_Slow/Post_Process/Walk_Slow12.csv,4,PC008,Session2,overground,walk,slow,0,female,0,female,0.9999655485153198,0.9999655485153198,3.446204209467396e-05
C:/Users/KUBA/GitProjects/WKIRO-Project/data/PC008/Session2/Overground_Walk/Walk_Slow/Post_Process/Walk_Slow3.csv,3,PC008,Session2,overground,walk,slow,0,female,0,female,0.9986260533332825,0.9986260533332825,0.0013739792630076408
C:/Users/KUBA/GitProjects/WKIRO-Project/data/PC008/Session2/Overground_Walk/Walk_Slow/Post_Process/Walk_Slow6.csv,2,PC008,Session2,overground,walk,slow,0,female,0,female,0.9999674558639526,0.9999674558639526,3.256071067880839e-05
C:/Users/KUBA/GitProjects/WKIRO-Project/data/PC008/Session2/Treadmill_Walk/Treadmill_Walk_Slow/Post_Process/Treadmill_Walk_Slow.csv,119,PC008,Session2,treadmill,walk,slow,0,female,0,female,0.999967634677887,0.999967634677887,3.246756750741042e-05
C:/Users/KUBA/GitProjects/WKIRO-Project/data/PQ006/Session1/Overground_Run/Run_Comfortable/Post_Process/Run_Comfortable5.csv,1,PQ006,Session1,overground,run,comfortable,1,male,1,male,0.9907234311103821,0.00927658099681139,0.9907234311103821
C:/Users/KUBA/GitProjects/WKIRO-Project/data/PQ006/Session1/Overground_Run/Run_Fast/Post_Process/Run_Fast7.csv,1,PQ006,Session1,overground,run,fast,1,male,1,male,0.9900758862495422,0.009924097917973995,0.9900758862495422
C:/Users/KUBA/GitProjects/WKIRO-Project/data/PQ006/Session1/Overground_Walk/Walk_Comfortable/Post_Process/Walk_Comfortable5.csv,7,PQ006,Session1,overground,walk,comfortable,1,male,1,male,0.9930438995361328,0.00695605855435133,0.9930438995361328
C:/Users/KUBA/GitProjects/WKIRO-Project/data/PQ006/Session1/Overground_Walk/Walk_Comfortable/Post_Process/Walk_Comfortable6.csv,6,PQ006,Session1,overground,walk,comfortable,1,male,1,male,0.9998106360435486,0.00018932543753180653,0.9998106360435486
C:/Users/KUBA/GitProjects/WKIRO-Project/data/PQ006/Session1/Overground_Walk/Walk_Comfortable/Post_Process/Walk_Comfortable9.csv,7,PQ006,Session1,overground,walk,comfortable,1,male,1,male,0.9918637275695801,0.00813629012554884,0.9918637275695801
C:/Users/KUBA/GitProjects/WKIRO-Project/data/PQ006/Session1/Overground_Walk/Walk_Fast/Post_Process/Walk_Fast1.csv,5,PQ006,Session1,overground,walk,fast,1,male,1,male,0.991923451423645,0.008076585829257965,0.991923451423645
C:/Users/KUBA/GitProjects/WKIRO-Project/data/PQ006/Session1/Overground_Walk/Walk_Fast/Post_Process/Walk_Fast13.csv,3,PQ006,Session1,overground,walk,fast,1,male,1,male,0.992462158203125,0.007537879049777985,0.992462158203125
C:/Users/KUBA/GitProjects/WKIRO-Project/data/PQ006/Session1/Overground_Walk/Walk_Slow/Post_Process/Walk_Slow14.csv,7,PQ006,Session1,overground,walk,slow,1,male,1,male,0.9998182654380798,0.00018177182937506586,0.9998182654380798
C:/Users/KUBA/GitProjects/WKIRO-Project/data/PQ006/Session1/Overground_Walk/Walk_Slow/Post_Process/Walk_Slow15.csv,6,PQ006,Session1,overground,walk,slow,1,male,1,male,0.9919045567512512,0.008095324970781803,0.9919045567512512
C:/Users/KUBA/GitProjects/WKIRO-Project/data/PQ006/Session1/Overground_Walk/Walk_Slow/Post_Process/Walk_Slow2.csv,7,PQ006,Session1,overground,walk,slow,1,male,1,male,0.9998067617416382,0.00019325803441461176,0.9998067617416382
C:/Users/KUBA/GitProjects/WKIRO-Project/data/PQ006/Session1/Overground_Walk/Walk_Slow/Post_Process/Walk_Slow4.csv,6,PQ006,Session1,overground,walk,slow,1,male,1,male,0.9997813701629639,0.00021866221504751593,0.9997813701629639
C:/Users/KUBA/GitProjects/WKIRO-Project/data/PQ006/Session1/Treadmill_Walk/Treadmill_Walk_Fast/Post_Process/Treadmill_Walk_Fast.csv,119,PQ006,Session1,treadmill,walk,fast,1,male,1,male,0.9998068809509277,0.00019323785090819,0.9998068809509277
C:/Users/KUBA/GitProjects/WKIRO-Project/data/PQ006/Session2/Overground_Run/Run_Comfortable/Post_Process/Run_Comfortable6.csv,1,PQ006,Session2,overground,run,comfortable,1,male,1,male,0.9998735189437866,0.00012643804075196385,0.9998735189437866
C:/Users/KUBA/GitProjects/WKIRO-Project/data/PQ006/Session2/Overground_Run/Run_Comfortable/Post_Process/Run_Comfortable8.csv,1,PQ006,Session2,overground,run,comfortable,1,male,1,male,0.9998190999031067,0.00018088387150783092,0.9998190999031067
C:/Users/KUBA/GitProjects/WKIRO-Project/data/PQ006/Session2/Overground_Run/Run_Comfortable/Post_Process/Run_Comfortable9.csv,2,PQ006,Session2,overground,run,comfortable,1,male,1,male,0.9912145137786865,0.008785517886281013,0.9912145137786865
C:/Users/KUBA/GitProjects/WKIRO-Project/data/PQ006/Session2/Overground_Run/Run_Fast/Post_Process/Run_Fast1.csv,2,PQ006,Session2,overground,run,fast,1,male,1,male,0.9867204427719116,0.01327960193157196,0.9867204427719116
C:/Users/KUBA/GitProjects/WKIRO-Project/data/PQ006/Session2/Overground_Run/Run_Fast/Post_Process/Run_Fast7.csv,1,PQ006,Session2,overground,run,fast,1,male,1,male,0.9887195229530334,0.011280429549515247,0.9887195229530334
C:/Users/KUBA/GitProjects/WKIRO-Project/data/PQ006/Session2/Overground_Walk/Walk_Comfortable/Post_Process/Walk_Comfortable6.csv,3,PQ006,Session2,overground,walk,comfortable,1,male,1,male,0.9998701214790344,0.00012982090993318707,0.9998701214790344
C:/Users/KUBA/GitProjects/WKIRO-Project/data/PQ006/Session2/Overground_Walk/Walk_Slow/Post_Process/Walk_Slow2.csv,5,PQ006,Session2,overground,walk,slow,1,male,1,male,0.9998523592948914,0.00014769521658308804,0.9998523592948914
C:/Users/KUBA/GitProjects/WKIRO-Project/data/RC020/Session1/Overground_Run/Run_Comfortable/Post_Process/Run_Comfortable7.csv,3,RC020,Session1,overground,run,comfortable,0,female,0,female,0.9970362186431885,0.9970362186431885,0.0029637974221259356
C:/Users/KUBA/GitProjects/WKIRO-Project/data/RC020/Session1/Overground_Run/Run_Fast/Post_Process/Run_Fast1.csv,1,RC020,Session1,overground,run,fast,0,female,0,female,0.9968744516372681,0.9968744516372681,0.0031255048234015703
C:/Users/KUBA/GitProjects/WKIRO-Project/data/RC020/Session1/Overground_Run/Run_Fast/Post_Process/Run_Fast4.csv,1,RC020,Session1,overground,run,fast,0,female,0,female,0.999617338180542,0.999617338180542,0.0003825760795734823
C:/Users/KUBA/GitProjects/WKIRO-Project/data/RC020/Session1/Overground_Walk/Walk_Comfortable/Post_Process/Walk_Comfortable4.csv,3,RC020,Session1,overground,walk,comfortable,0,female,0,female,0.9999200701713562,0.9999200701713562,7.990712765604258e-05
C:/Users/KUBA/GitProjects/WKIRO-Project/data/RC020/Session1/Overground_Walk/Walk_Comfortable/Post_Process/Walk_Comfortable5.csv,6,RC020,Session1,overground,walk,comfortable,0,female,0,female,0.9979966282844543,0.9979966282844543,0.002003387315198779
C:/Users/KUBA/GitProjects/WKIRO-Project/data/RC020/Session1/Overground_Walk/Walk_Fast/Post_Process/Walk_Fast5.csv,3,RC020,Session1,overground,walk,fast,0,female,0,female,0.9980632662773132,0.9980632662773132,0.0019367644563317299
C:/Users/KUBA/GitProjects/WKIRO-Project/data/RC020/Session2/Overground_Run/Run_Comfortable/Post_Process/Run_Comfortable5.csv,2,RC020,Session2,overground,run,comfortable,0,female,0,female,0.9980747699737549,0.9980747699737549,0.001925240852870047
C:/Users/KUBA/GitProjects/WKIRO-Project/data/RC020/Session2/Overground_Run/Run_Comfortable/Post_Process/Run_Comfortable6.csv,1,RC020,Session2,overground,run,comfortable,0,female,0,female,0.9999316930770874,0.9999316930770874,6.824919546488672e-05
C:/Users/KUBA/GitProjects/WKIRO-Project/data/RC020/Session2/Overground_Run/Run_Fast/Post_Process/Run_Fast8.csv,1,RC020,Session2,overground,run,fast,0,female,0,female,0.9999692440032959,0.9999692440032959,3.069709782721475e-05
C:/Users/KUBA/GitProjects/WKIRO-Project/data/RC020/Session2/Overground_Run/Run_Fast/Post_Process/Run_Fast9.csv,1,RC020,Session2,overground,run,fast,0,female,0,female,0.9988947510719299,0.9988947510719299,0.00110531912650913
C:/Users/KUBA/GitProjects/WKIRO-Project/data/RC020/Session2/Overground_Walk/Walk_Fast/Post_Process/Walk_Fast3.csv,2,RC020,Session2,overground,walk,fast,0,female,0,female,0.9984247088432312,0.9984247088432312,0.0015753298066556454
C:/Users/KUBA/GitProjects/WKIRO-Project/data/RC020/Session2/Overground_Walk/Walk_Fast/Post_Process/Walk_Fast8.csv,2,RC020,Session2,overground,walk,fast,0,female,0,female,0.9999586939811707,0.9999586939811707,4.132405956625007e-05
C:/Users/KUBA/GitProjects/WKIRO-Project/data/RC020/Session2/Overground_Walk/Walk_Slow/Post_Process/Walk_Slow5.csv,4,RC020,Session2,overground,walk,slow,0,female,0,female,0.9986132383346558,0.9986132383346558,0.0013868578244000673
C:/Users/KUBA/GitProjects/WKIRO-Project/data/RC020/Session2/Overground_Walk/Walk_Slow/Post_Process/Walk_Slow6.csv,3,RC020,Session2,overground,walk,slow,0,female,0,female,0.9999661445617676,0.9999661445617676,3.3869353501359e-05
C:/Users/KUBA/GitProjects/WKIRO-Project/data/RC023/Session1/Overground_Run/Run_Fast/Post_Process/Run_Fast3.csv,1,RC023,Session1,overground,run,fast,0,female,0,female,0.9999276399612427,0.9999276399612427,7.233762153191492e-05
C:/Users/KUBA/GitProjects/WKIRO-Project/data/RC023/Session1/Overground_Walk/Walk_Comfortable/Post_Process/Walk_Comfortable1.csv,4,RC023,Session1,overground,walk,comfortable,0,female,0,female,0.9987330436706543,0.9987330436706543,0.001266965758986771
C:/Users/KUBA/GitProjects/WKIRO-Project/data/RC023/Session1/Overground_Walk/Walk_Comfortable/Post_Process/Walk_Comfortable2.csv,5,RC023,Session1,overground,walk,comfortable,0,female,0,female,0.9999606013298035,0.9999606013298035,3.938914596801624e-05
C:/Users/KUBA/GitProjects/WKIRO-Project/data/RC023/Session1/Overground_Walk/Walk_Comfortable/Post_Process/Walk_Comfortable5.csv,6,RC023,Session1,overground,walk,comfortable,0,female,0,female,0.9987871646881104,0.9987871646881104,0.0012128782691434026
C:/Users/KUBA/GitProjects/WKIRO-Project/data/RC023/Session1/Overground_Walk/Walk_Slow/Post_Process/Walk_Slow2.csv,6,RC023,Session1,overground,walk,slow,0,female,0,female,0.9999537467956543,0.9999537467956543,4.6283912524813786e-05
C:/Users/KUBA/GitProjects/WKIRO-Project/data/RC023/Session1/Treadmill_Run/Treadmill_Run_Fast/Post_Process/Treadmill_Run_Fast.csv,119,RC023,Session1,treadmill,run,fast,0,female,0,female,0.9999105334281921,0.9999105334281921,8.940589032135904e-05
C:/Users/KUBA/GitProjects/WKIRO-Project/data/RC023/Session2/Overground_Run/Run_Comfortable/Post_Process/Run_Comfortable4.csv,2,RC023,Session2,overground,run,comfortable,0,female,0,female,0.9999403357505798,0.9999403357505798,5.968490586383268e-05
C:/Users/KUBA/GitProjects/WKIRO-Project/data/RC023/Session2/Overground_Run/Run_Fast/Post_Process/Run_Fast9.csv,1,RC023,Session2,overground,run,fast,0,female,0,female,0.998808741569519,0.998808741569519,0.0011912129120901227
C:/Users/KUBA/GitProjects/WKIRO-Project/data/RC023/Session2/Overground_Walk/Walk_Comfortable/Post_Process/Walk_Comfortable4.csv,4,RC023,Session2,overground,walk,comfortable,0,female,0,female,0.9999431371688843,0.9999431371688843,5.6876680901041254e-05
C:/Users/KUBA/GitProjects/WKIRO-Project/data/RC023/Session2/Overground_Walk/Walk_Fast/Post_Process/Walk_Fast6.csv,3,RC023,Session2,overground,walk,fast,0,female,0,female,0.9999644160270691,0.9999644160270691,3.554996874299832e-05
C:/Users/KUBA/GitProjects/WKIRO-Project/data/RC023/Session2/Overground_Walk/Walk_Slow/Post_Process/Walk_Slow3.csv,10,RC023,Session2,overground,walk,slow,0,female,0,female,0.9999515414237976,0.9999515414237976,4.8371854063589126e-05
C:/Users/KUBA/GitProjects/WKIRO-Project/data/RC023/Session2/Overground_Walk/Walk_Slow/Post_Process/Walk_Slow5.csv,9,RC023,Session2,overground,walk,slow,0,female,0,female,0.9999561309814453,0.9999561309814453,4.3806918256450444e-05
C:/Users/KUBA/GitProjects/WKIRO-Project/data/RC023/Session2/Treadmill_Walk/Treadmill_Walk_Comfortable/Post_Process/Treadmill_Walk_Comfortable.csv,119,RC023,Session2,treadmill,walk,comfortable,0,female,0,female,0.9999610185623169,0.9999610185623169,3.9012913475744426e-05
C:/Users/KUBA/GitProjects/WKIRO-Project/data/RC023/Session2/Treadmill_Walk/Treadmill_Walk_Slow/Post_Process/Treadmill_Walk_Slow.csv,119,RC023,Session2,treadmill,walk,slow,0,female,0,female,0.9999588131904602,0.9999588131904602,4.12396366300527e-05
C:/Users/KUBA/GitProjects/WKIRO-Project/data/RV028/Session1/Overground_Run/Run_Comfortable/Post_Process/Run_Comfortable9.csv,1,RV028,Session1,overground,run,comfortable,1,male,1,male,0.9924514889717102,0.0075484695844352245,0.9924514889717102
C:/Users/KUBA/GitProjects/WKIRO-Project/data/RV028/Session1/Overground_Walk/Walk_Comfortable/Post_Process/Walk_Comfortable10.csv,6,RV028,Session1,overground,walk,comfortable,1,male,1,male,0.9998526573181152,0.0001473218871979043,0.9998526573181152
C:/Users/KUBA/GitProjects/WKIRO-Project/data/RV028/Session1/Overground_Walk/Walk_Fast/Post_Process/Walk_Fast4.csv,4,RV028,Session1,overground,walk,fast,1,male,1,male,0.9998927116394043,0.00010728724737418815,0.9998927116394043
C:/Users/KUBA/GitProjects/WKIRO-Project/data/RV028/Session1/Treadmill_Walk/Treadmill_Walk_Comfortable/Post_Process/Treadmill_Walk_Comfortable.csv,117,RV028,Session1,treadmill,walk,comfortable,1,male,1,male,0.9998587369918823,0.0001412637357134372,0.9998587369918823
C:/Users/KUBA/GitProjects/WKIRO-Project/data/RV028/Session2/Overground_Run/Run_Comfortable/Post_Process/Run_Comfortable4.csv,2,RV028,Session2,overground,run,comfortable,1,male,1,male,0.9935960173606873,0.006404010578989983,0.9935960173606873
C:/Users/KUBA/GitProjects/WKIRO-Project/data/RV028/Session2/Overground_Run/Run_Comfortable/Post_Process/Run_Comfortable5.csv,2,RV028,Session2,overground,run,comfortable,1,male,1,male,0.9921509027481079,0.007849134504795074,0.9921509027481079
C:/Users/KUBA/GitProjects/WKIRO-Project/data/RV028/Session2/Overground_Run/Run_Comfortable/Post_Process/Run_Comfortable6.csv,2,RV028,Session2,overground,run,comfortable,1,male,1,male,0.9916328191757202,0.00836717989295721,0.9916328191757202
C:/Users/KUBA/GitProjects/WKIRO-Project/data/RV028/Session2/Overground_Run/Run_Fast/Post_Process/Run_Fast10.csv,1,RV028,Session2,overground,run,fast,1,male,1,male,0.9990359544754028,0.0009640635107643902,0.9990359544754028
C:/Users/KUBA/GitProjects/WKIRO-Project/data/RV028/Session2/Overground_Run/Run_Fast/Post_Process/Run_Fast7.csv,1,RV028,Session2,overground,run,fast,1,male,1,male,0.9994114637374878,0.000588592782150954,0.9994114637374878
C:/Users/KUBA/GitProjects/WKIRO-Project/data/RV028/Session2/Overground_Walk/Walk_Comfortable/Post_Process/Walk_Comfortable1.csv,5,RV028,Session2,overground,walk,comfortable,1,male,1,male,0.9933061599731445,0.006693822331726551,0.9933061599731445
C:/Users/KUBA/GitProjects/WKIRO-Project/data/RV028/Session2/Overground_Walk/Walk_Comfortable/Post_Process/Walk_Comfortable5.csv,6,RV028,Session2,overground,walk,comfortable,1,male,1,male,0.9998329281806946,0.0001670026103965938,0.9998329281806946
C:/Users/KUBA/GitProjects/WKIRO-Project/data/RV028/Session2/Overground_Walk/Walk_Fast/Post_Process/Walk_Fast8.csv,4,RV028,Session2,overground,walk,fast,1,male,1,male,0.9921643733978271,0.007835655473172665,0.9921643733978271
C:/Users/KUBA/GitProjects/WKIRO-Project/data/RV028/Session2/Overground_Walk/Walk_Slow/Post_Process/Walk_Slow3.csv,9,RV028,Session2,overground,walk,slow,1,male,1,male,0.9933243989944458,0.006675598677247763,0.9933243989944458
C:/Users/KUBA/GitProjects/WKIRO-Project/data/RV028/Session2/Overground_Walk/Walk_Slow/Post_Process/Walk_Slow5.csv,9,RV028,Session2,overground,walk,slow,1,male,1,male,0.9935472011566162,0.006452806759625673,0.9935472011566162
C:/Users/KUBA/GitProjects/WKIRO-Project/data/RV028/Session2/Treadmill_Run/Treadmill_Run_Fast/Post_Process/Treadmill_Run_Fast.csv,119,RV028,Session2,treadmill,run,fast,1,male,1,male,0.9997929334640503,0.00020706499344669282,0.9997929334640503
C:/Users/KUBA/GitProjects/WKIRO-Project/data/SA017/Session1/Overground_Run/Run_Fast/Post_Process/Run_Fast7.csv,1,SA017,Session1,overground,run,fast,0,female,0,female,0.9930803179740906,0.9930803179740906,0.0069197253324091434
C:/Users/KUBA/GitProjects/WKIRO-Project/data/SA017/Session1/Overground_Walk/Walk_Comfortable/Post_Process/Walk_Comfortable1.csv,3,SA017,Session1,overground,walk,comfortable,0,female,0,female,0.9966447949409485,0.9966447949409485,0.0033551680389791727
C:/Users/KUBA/GitProjects/WKIRO-Project/data/SA017/Session1/Overground_Walk/Walk_Comfortable/Post_Process/Walk_Comfortable5.csv,2,SA017,Session1,overground,walk,comfortable,0,female,0,female,0.9940747022628784,0.9940747022628784,0.005925250239670277
C:/Users/KUBA/GitProjects/WKIRO-Project/data/SA017/Session1/Overground_Walk/Walk_Slow/Post_Process/Walk_Slow3.csv,5,SA017,Session1,overground,walk,slow,0,female,0,female,0.9945729374885559,0.9945729374885559,0.005427130963653326
C:/Users/KUBA/GitProjects/WKIRO-Project/data/SA017/Session1/Overground_Walk/Walk_Slow/Post_Process/Walk_Slow6.csv,3,SA017,Session1,overground,walk,slow,0,female,0,female,0.9998319745063782,0.9998319745063782,0.00016804035112727433
C:/Users/KUBA/GitProjects/WKIRO-Project/data/SA017/Session1/Treadmill_Run/Treadmill_Run_Fast/Post_Process/Treadmill_Run_Fast.csv,119,SA017,Session1,treadmill,run,fast,0,female,0,female,0.9998419880867004,0.9998419880867004,0.0001580983807798475
C:/Users/KUBA/GitProjects/WKIRO-Project/data/SA017/Session2/Overground_Run/Run_Comfortable/Post_Process/Run_Comfortable10.csv,2,SA017,Session2,overground,run,comfortable,0,female,0,female,0.9944964647293091,0.9944964647293091,0.005503456108272076
C:/Users/KUBA/GitProjects/WKIRO-Project/data/SA017/Session2/Overground_Run/Run_Comfortable/Post_Process/Run_Comfortable2.csv,2,SA017,Session2,overground,run,comfortable,0,female,0,female,0.9937742352485657,0.9937742352485657,0.006225778721272945
C:/Users/KUBA/GitProjects/WKIRO-Project/data/SA017/Session2/Overground_Run/Run_Fast/Post_Process/Run_Fast3.csv,1,SA017,Session2,overground,run,fast,0,female,0,female,0.9966850876808167,0.9966850876808167,0.003314888570457697
C:/Users/KUBA/GitProjects/WKIRO-Project/data/SA017/Session2/Overground_Run/Run_Fast/Post_Process/Run_Fast9.csv,1,SA017,Session2,overground,run,fast,0,female,0,female,0.9948727488517761,0.9948727488517761,0.005127287004143
C:/Users/KUBA/GitProjects/WKIRO-Project/data/SA017/Session2/Overground_Walk/Walk_Comfortable/Post_Process/Walk_Comfortable3.csv,4,SA017,Session2,overground,walk,comfortable,0,female,0,female,0.9935728907585144,0.9935728907585144,0.006427044048905373
C:/Users/KUBA/GitProjects/WKIRO-Project/data/SA017/Session2/Overground_Walk/Walk_Slow/Post_Process/Walk_Slow1.csv,4,SA017,Session2,overground,walk,slow,0,female,0,female,0.9951050281524658,0.9951050281524658,0.00489502027630806
C:/Users/KUBA/GitProjects/WKIRO-Project/data/SA017/Session2/Overground_Walk/Walk_Slow/Post_Process/Walk_Slow2.csv,4,SA017,Session2,overground,walk,slow,0,female,0,female,0.9995303153991699,0.9995303153991699,0.00046967255184426904
C:/Users/KUBA/GitProjects/WKIRO-Project/data/SA017/Session2/Treadmill_Walk/Treadmill_Walk_Slow/Post_Process/Treadmill_Walk_Slow.csv,119,SA017,Session2,treadmill,walk,slow,0,female,0,female,0.9994218349456787,0.9994218349456787,0.0005781270447187126
C:/Users/KUBA/GitProjects/WKIRO-Project/data/SM019/Session1/Overground_Run/Run_Comfortable/Post_Process/Run_Comfortable3.csv,1,SM019,Session1,overground,run,comfortable,0,female,0,female,0.9999387264251709,0.9999387264251709,6.129489338491112e-05
C:/Users/KUBA/GitProjects/WKIRO-Project/data/SM019/Session1/Overground_Run/Run_Comfortable/Post_Process/Run_Comfortable5.csv,2,SM019,Session1,overground,run,comfortable,0,female,0,female,0.9971809387207031,0.9971809387207031,0.002819082699716091
C:/Users/KUBA/GitProjects/WKIRO-Project/data/SM019/Session1/Overground_Run/Run_Fast/Post_Process/Run_Fast7.csv,1,SM019,Session1,overground,run,fast,0,female,0,female,0.9987127780914307,0.9987127780914307,0.0012871823273599148
C:/Users/KUBA/GitProjects/WKIRO-Project/data/SM019/Session1/Overground_Run/Run_Fast/Post_Process/Run_Fast8.csv,1,SM019,Session1,overground,run,fast,0,female,0,female,0.9989043474197388,0.9989043474197388,0.0010956486221402884
C:/Users/KUBA/GitProjects/WKIRO-Project/data/SM019/Session1/Overground_Walk/Walk_Fast/Post_Process/Walk_Fast4.csv,3,SM019,Session1,overground,walk,fast,0,female,0,female,0.9999276995658875,0.9999276995658875,7.236128294607624e-05
C:/Users/KUBA/GitProjects/WKIRO-Project/data/SM019/Session2/Overground_Run/Run_Comfortable/Post_Process/Run_Comfortable6.csv,2,SM019,Session2,overground,run,comfortable,0,female,0,female,0.9998965263366699,0.9998965263366699,0.00010345265036448836
C:/Users/KUBA/GitProjects/WKIRO-Project/data/SM019/Session2/Overground_Run/Run_Fast/Post_Process/Run_Fast10.csv,1,SM019,Session2,overground,run,fast,0,female,0,female,0.9995917677879333,0.9995917677879333,0.00040827132761478424
C:/Users/KUBA/GitProjects/WKIRO-Project/data/SM019/Session2/Overground_Walk/Walk_Fast/Post_Process/Walk_Fast3.csv,3,SM019,Session2,overground,walk,fast,0,female,0,female,0.9986157417297363,0.9986157417297363,0.0013842248590663075
C:/Users/KUBA/GitProjects/WKIRO-Project/data/SM019/Session2/Overground_Walk/Walk_Fast/Post_Process/Walk_Fast4.csv,2,SM019,Session2,overground,walk,fast,0,female,0,female,0.9985213875770569,0.9985213875770569,0.001478632795624435
C:/Users/KUBA/GitProjects/WKIRO-Project/data/SM019/Session2/Overground_Walk/Walk_Fast/Post_Process/Walk_Fast5.csv,2,SM019,Session2,overground,walk,fast,0,female,0,female,0.9999086260795593,0.9999086260795593,9.134479478234425e-05
C:/Users/KUBA/GitProjects/WKIRO-Project/data/SM019/Session2/Overground_Walk/Walk_Slow/Post_Process/Walk_Slow2.csv,6,SM019,Session2,overground,walk,slow,0,female,0,female,0.9999439716339111,0.9999439716339111,5.598708594334312e-05
C:/Users/KUBA/GitProjects/WKIRO-Project/data/SM019/Session2/Overground_Walk/Walk_Slow/Post_Process/Walk_Slow5.csv,8,SM019,Session2,overground,walk,slow,0,female,0,female,0.9983941316604614,0.9983941316604614,0.0016058858018368483
C:/Users/KUBA/GitProjects/WKIRO-Project/data/SM019/Session2/Treadmill_Run/Treadmill_Run_Comfortable/Post_Process/Treadmill_Run_Comfortable.csv,119,SM019,Session2,treadmill,run,comfortable,0,female,0,female,0.9999332427978516,0.9999332427978516,6.680842489004135e-05
C:/Users/KUBA/GitProjects/WKIRO-Project/data/TB030/Session1/Overground_Run/Run_Comfortable/Post_Process/Run_Comfortable8.csv,1,TB030,Session1,overground,run,comfortable,1,male,1,male,0.9999210834503174,7.888059917604551e-05,0.9999210834503174
C:/Users/KUBA/GitProjects/WKIRO-Project/data/TB030/Session1/Overground_Run/Run_Fast/Post_Process/Run_Fast10.csv,1,TB030,Session1,overground,run,fast,1,male,1,male,0.9985330104827881,0.0014669416705146432,0.9985330104827881
C:/Users/KUBA/GitProjects/WKIRO-Project/data/TB030/Session1/Overground_Walk/Walk_Comfortable/Post_Process/Walk_Comfortable5.csv,5,TB030,Session1,overground,walk,comfortable,1,male,1,male,0.9874801635742188,0.012519801035523415,0.9874801635742188
C:/Users/KUBA/GitProjects/WKIRO-Project/data/TB030/Session1/Overground_Walk/Walk_Fast/Post_Process/Walk_Fast2.csv,5,TB030,Session1,overground,walk,fast,1,male,1,male,0.9999113082885742,8.861369860824198e-05,0.9999113082885742
C:/Users/KUBA/GitProjects/WKIRO-Project/data/TB030/Session1/Overground_Walk/Walk_Slow/Post_Process/Walk_Slow6.csv,6,TB030,Session1,overground,walk,slow,1,male,1,male,0.9998806118965149,0.00011927226296393201,0.9998806118965149
C:/Users/KUBA/GitProjects/WKIRO-Project/data/TB030/Session2/Overground_Run/Run_Comfortable/Post_Process/Run_Comfortable7.csv,2,TB030,Session2,overground,run,comfortable,1,male,1,male,0.9710062146186829,0.028993744403123856,0.9710062146186829
C:/Users/KUBA/GitProjects/WKIRO-Project/data/TB030/Session2/Overground_Run/Run_Fast/Post_Process/Run_Fast2.csv,2,TB030,Session2,overground,run,fast,1,male,1,male,0.9612573385238647,0.03874272480607033,0.9612573385238647
C:/Users/KUBA/GitProjects/WKIRO-Project/data/TB030/Session2/Overground_Run/Run_Fast/Post_Process/Run_Fast3.csv,2,TB030,Session2,overground,run,fast,1,male,1,male,0.9997267127037048,0.00027326258714310825,0.9997267127037048
C:/Users/KUBA/GitProjects/WKIRO-Project/data/TB030/Session2/Overground_Run/Run_Fast/Post_Process/Run_Fast7.csv,1,TB030,Session2,overground,run,fast,1,male,1,male,0.9712990522384644,0.02870096266269684,0.9712990522384644
C:/Users/KUBA/GitProjects/WKIRO-Project/data/TB030/Session2/Overground_Run/Run_Fast/Post_Process/Run_Fast8.csv,1,TB030,Session2,overground,run,fast,1,male,1,male,0.9990606904029846,0.000939265766646713,0.9990606904029846
C:/Users/KUBA/GitProjects/WKIRO-Project/data/TB030/Session2/Overground_Walk/Walk_Comfortable/Post_Process/Walk_Comfortable6.csv,5,TB030,Session2,overground,walk,comfortable,1,male,1,male,0.9998825192451477,0.00011740840272977948,0.9998825192451477
C:/Users/KUBA/GitProjects/WKIRO-Project/data/TB030/Session2/Overground_Walk/Walk_Fast/Post_Process/Walk_Fast5.csv,4,TB030,Session2,overground,walk,fast,1,male,1,male,0.9891396164894104,0.010860366746783257,0.9891396164894104
C:/Users/KUBA/GitProjects/WKIRO-Project/data/TB030/Session2/Treadmill_Walk/Treadmill_Walk_Fast/Post_Process/Treadmill_Walk_Fast.csv,119,TB030,Session2,treadmill,walk,fast,1,male,1,male,0.9998772740364075,0.00012283171236049384,0.9998772740364075
C:/Users/KUBA/GitProjects/WKIRO-Project/data/TK029/Session1/Overground_Run/Run_Comfortable/Post_Process/Run_Comfortable8.csv,3,TK029,Session1,overground,run,comfortable,0,female,0,female,0.9999485015869141,0.9999485015869141,5.144443639437668e-05
C:/Users/KUBA/GitProjects/WKIRO-Project/data/TK029/Session1/Overground_Run/Run_Comfortable/Post_Process/Run_Comfortable9.csv,2,TK029,Session1,overground,run,comfortable,0,female,0,female,0.9970921277999878,0.9970921277999878,0.0029078498482704163
C:/Users/KUBA/GitProjects/WKIRO-Project/data/TK029/Session1/Overground_Run/Run_Fast/Post_Process/Run_Fast2.csv,1,TK029,Session1,overground,run,fast,0,female,0,female,0.997369647026062,0.997369647026062,0.0026302975602447987
C:/Users/KUBA/GitProjects/WKIRO-Project/data/TK029/Session1/Overground_Walk/Walk_Comfortable/Post_Process/Walk_Comfortable4.csv,5,TK029,Session1,overground,walk,comfortable,0,female,0,female,0.9999505281448364,0.9999505281448364,4.947181878378615e-05
C:/Users/KUBA/GitProjects/WKIRO-Project/data/TK029/Session1/Overground_Walk/Walk_Slow/Post_Process/Walk_Slow2.csv,9,TK029,Session1,overground,walk,slow,0,female,0,female,0.9999463558197021,0.9999463558197021,5.3656374802812934e-05
C:/Users/KUBA/GitProjects/WKIRO-Project/data/TK029/Session1/Overground_Walk/Walk_Slow/Post_Process/Walk_Slow6.csv,8,TK029,Session1,overground,walk,slow,0,female,0,female,0.9998782873153687,0.9998782873153687,0.00012172698188805953
C:/Users/KUBA/GitProjects/WKIRO-Project/data/TK029/Session1/Overground_Walk/Walk_Slow/Post_Process/Walk_Slow7.csv,10,TK029,Session1,overground,walk,slow,0,female,0,female,0.9981459379196167,0.9981459379196167,0.0018540391465649009
C:/Users/KUBA/GitProjects/WKIRO-Project/data/TK029/Session1/Treadmill_Walk/Treadmill_Walk_Comfortable/Post_Process/Treadmill_Walk_Comfortable.csv,119,TK029,Session1,treadmill,walk,comfortable,0,female,0,female,0.9999244213104248,0.9999244213104248,7.56067456677556e-05
C:/Users/KUBA/GitProjects/WKIRO-Project/data/TK029/Session2/Overground_Run/Run_Fast/Post_Process/Run_Fast4.csv,1,TK029,Session2,overground,run,fast,0,female,0,female,0.9999377727508545,0.9999377727508545,6.220275827217847e-05
C:/Users/KUBA/GitProjects/WKIRO-Project/data/TK029/Session2/Overground_Walk/Walk_Comfortable/Post_Process/Walk_Comfortable2.csv,4,TK029,Session2,overground,walk,comfortable,0,female,0,female,0.9999582767486572,0.9999582767486572,4.1631574276834726e-05
C:/Users/KUBA/GitProjects/WKIRO-Project/data/TK029/Session2/Overground_Walk/Walk_Comfortable/Post_Process/Walk_Comfortable8.csv,4,TK029,Session2,overground,walk,comfortable,0,female,0,female,0.9999524354934692,0.9999524354934692,4.753426765091717e-05
C:/Users/KUBA/GitProjects/WKIRO-Project/data/TK029/Session2/Overground_Walk/Walk_Fast/Post_Process/Walk_Fast5.csv,5,TK029,Session2,overground,walk,fast,0,female,0,female,0.9984055757522583,0.9984055757522583,0.0015944052720442414
C:/Users/KUBA/GitProjects/WKIRO-Project/data/TK029/Session2/Overground_Walk/Walk_Slow/Post_Process/Walk_Slow5.csv,9,TK029,Session2,overground,walk,slow,0,female,0,female,0.9983664751052856,0.9983664751052856,0.0016335247782990336
C:/Users/KUBA/GitProjects/WKIRO-Project/data/TK029/Session2/Treadmill_Walk/Treadmill_Walk_Slow/Post_Process/Treadmill_Walk_Slow.csv,179,TK029,Session2,treadmill,walk,slow,0,female,0,female,0.9999380111694336,0.9999380111694336,6.20197897660546e-05
C:/Users/KUBA/GitProjects/WKIRO-Project/data/YX024/Session1/Overground_Run/Run_Comfortable/Post_Process/Run_Comfortable10.csv,2,YX024,Session1,overground,run,comfortable,1,male,1,male,0.99248206615448,0.007517972961068153,0.99248206615448
C:/Users/KUBA/GitProjects/WKIRO-Project/data/YX024/Session1/Overground_Run/Run_Fast/Post_Process/Run_Fast1.csv,1,YX024,Session1,overground,run,fast,1,male,1,male,0.9937397241592407,0.006260268855839968,0.9937397241592407
C:/Users/KUBA/GitProjects/WKIRO-Project/data/YX024/Session1/Overground_Walk/Walk_Comfortable/Post_Process/Walk_Comfortable4.csv,4,YX024,Session1,overground,walk,comfortable,1,male,1,male,0.9910526275634766,0.008947409689426422,0.9910526275634766
C:/Users/KUBA/GitProjects/WKIRO-Project/data/YX024/Session1/Overground_Walk/Walk_Comfortable/Post_Process/Walk_Comfortable7.csv,5,YX024,Session1,overground,walk,comfortable,1,male,1,male,0.988523006439209,0.011477002874016762,0.988523006439209
C:/Users/KUBA/GitProjects/WKIRO-Project/data/YX024/Session1/Overground_Walk/Walk_Fast/Post_Process/Walk_Fast3.csv,4,YX024,Session1,overground,walk,fast,1,male,1,male,0.9864650964736938,0.01353493146598339,0.9864650964736938
C:/Users/KUBA/GitProjects/WKIRO-Project/data/YX024/Session1/Overground_Walk/Walk_Fast/Post_Process/Walk_Fast5.csv,2,YX024,Session1,overground,walk,fast,1,male,1,male,0.9931478500366211,0.006852195598185062,0.9931478500366211
C:/Users/KUBA/GitProjects/WKIRO-Project/data/YX024/Session1/Overground_Walk/Walk_Slow/Post_Process/Walk_Slow1.csv,12,YX024,Session1,overground,walk,slow,1,male,1,male,0.984458863735199,0.015541188418865204,0.984458863735199
C:/Users/KUBA/GitProjects/WKIRO-Project/data/YX024/Session1/Overground_Walk/Walk_Slow/Post_Process/Walk_Slow3.csv,9,YX024,Session1,overground,walk,slow,1,male,1,male,0.9864982962608337,0.013501693494617939,0.9864982962608337
C:/Users/KUBA/GitProjects/WKIRO-Project/data/YX024/Session2/Overground_Run/Run_Fast/Post_Process/Run_Fast5.csv,1,YX024,Session2,overground,run,fast,1,male,1,male,0.9999122619628906,8.773527952143922e-05,0.9999122619628906
C:/Users/KUBA/GitProjects/WKIRO-Project/data/YX024/Session2/Overground_Run/Run_Fast/Post_Process/Run_Fast6.csv,1,YX024,Session2,overground,run,fast,1,male,1,male,0.9903386235237122,0.009661306627094746,0.9903386235237122
C:/Users/KUBA/GitProjects/WKIRO-Project/data/YX024/Session2/Overground_Walk/Walk_Comfortable/Post_Process/Walk_Comfortable3.csv,4,YX024,Session2,overground,walk,comfortable,1,male,1,male,0.9999058842658997,9.413059160578996e-05,0.9999058842658997
C:/Users/KUBA/GitProjects/WKIRO-Project/data/YX024/Session2/Overground_Walk/Walk_Fast/Post_Process/Walk_Fast6.csv,3,YX024,Session2,overground,walk,fast,1,male,1,male,0.9998321533203125,0.0001677925611147657,0.9998321533203125
C:/Users/KUBA/GitProjects/WKIRO-Project/data/YX024/Session2/Overground_Walk/Walk_Fast/Post_Process/Walk_Fast8.csv,3,YX024,Session2,overground,walk,fast,1,male,1,male,0.9998888969421387,0.00011108076432719827,0.9998888969421387
C:/Users/KUBA/GitProjects/WKIRO-Project/data/YX024/Session2/Overground_Walk/Walk_Slow/Post_Process/Walk_Slow2.csv,9,YX024,Session2,overground,walk,slow,1,male,1,male,0.9998894929885864,0.0001104697075788863,0.9998894929885864
