source_path,n_windows,participant_id,session,environment,activity,condition,y_true,y_true_name,y_pred,y_pred_name,confidence,proba_run_comfortable,proba_run_fast,proba_walk_comfortable,proba_walk_fast,proba_walk_slow
C:/Users/KUBA/GitProjects/WKIRO-Project/data/AJ026/Session1/Overground_Run/Run_Comfortable/Post_Process/Run_Comfortable10.csv,3,AJ026,Session1,overground,run,comfortable,0,run_comfortable,0,run_comfortable,0.997840404510498,0.997840404510498,0.0017094537615776062,0.00015272648306563497,0.00011330127017572522,0.00018416372768115252
C:/Users/KUBA/GitProjects/WKIRO-Project/data/AJ026/Session1/Overground_Run/Run_Comfortable/Post_Process/Run_Comfortable8.csv,3,AJ026,Session1,overground,run,comfortable,0,run_comfortable,0,run_comfortable,0.9981163144111633,0.9981163144111633,0.0012775209033861756,0.00019933782459702343,0.0001531010348116979,0.00025377466226927936
C:/Users/KUBA/GitProjects/WKIRO-Project/data/AJ026/Session1/Overground_Run/Run_Fast/Post_Process/Run_Fast3.csv,2,AJ026,Session1,overground,run,fast,1,run_fast,1,run_fast,0.9435292482376099,0.053149059414863586,0.9435292482376099,0.0007031515706330538,0.0016093107406049967,0.001009114203043282
C:/Users/KUBA/GitProjects/WKIRO-Project/data/AJ026/Session1/Overground_Walk/Walk_Comfortable/Post_Process/Walk_Comfortable4.csv,6,AJ026,Session1,overground,walk,comfortable,2,walk_comfortable,2,walk_comfortable,0.6470996737480164,0.000307024281937629,0.0002827814023476094,0.6470996737480164,0.3369452655315399,0.015365236438810825
C:/Users/KUBA/GitProjects/WKIRO-Project/data/AJ026/Session1/Overground_Walk/Walk_Fast/Post_Process/Walk_Fast6.csv,5,AJ026,Session1,overground,walk,fast,3,walk_fast,3,walk_fast,0.952798068523407,0.00023888582654763013,0.00032120966352522373,0.04596308618783951,0.952798068523407,0.000678794807754457
C:/Users/KUBA/GitProjects/WKIRO-Project/data/AJ026/Session1/Overground_Walk/Walk_Slow/Post_Process/Walk_Slow1.csv,10,AJ026,Session1,overground,walk,slow,4,walk_slow,4,walk_slow,0.9883739352226257,0.0003156872116960585,0.00014291703701019287,0.010679165832698345,0.0004883466172032058,0.9883739352226257
C:/Users/KUBA/GitProjects/WKIRO-Project/data/AJ026/Session1/Overground_Walk/Walk_Slow/Post_Process/Walk_Slow6.csv,9,AJ026,Session1,overground,walk,slow,4,walk_slow,4,walk_slow,0.8869358897209167,0.0003578847972676158,0.0001266300241695717,0.112128347158432,0.00045122625306248665,0.8869358897209167
C:/Users/KUBA/GitProjects/WKIRO-Project/data/AJ026/Session1/Overground_Walk/Walk_Slow/Post_Process/Walk_Slow8.csv,8,AJ026,Session1,overground,walk,slow,4,walk_slow,4,walk_slow,0.9914916753768921,0.00013581386883743107,3.470705996733159e-05,0.008221358060836792,0.00011643023754004389,0.9914916753768921
C:/Users/KUBA/GitProjects/WKIRO-Project/data/AJ026/Session2/Overground_Run/Run_Comfortable/Post_Process/Run_Comfortable3.csv,4,AJ026,Session2,overground,run,comfortable,0,run_comfortable,0,run_comfortable,0.9493454098701477,0.9493454098701477,0.04582776129245758,0.001858620555140078,0.0020655011758208275,0.0009027631022036076
C:/Users/KUBA/GitProjects/WKIRO-Project/data/AJ026/Session2/Overground_Run/Run_Fast/Post_Process/Run_Fast2.csv,2,AJ026,Session2,overground,run,fast,1,run_fast,1,run_fast,0.9705100059509277,0.02454330027103424,0.9705100059509277,0.0004667260800488293,0.004054224118590355,0.00042562218732200563
C:/Users/KUBA/GitProjects/WKIRO-Project/data/AJ026/Session2/Overground_Run/Run_Fast/Post_Process/Run_Fast6.csv,2,AJ026,Session2,overground,run,fast,1,run_fast,1,run_fast,0.9809110164642334,0.016155138611793518,0.9809110164642334,0.0002594894322101027,0.00240365625359118,0.00027064629830420017
C:/Users/KUBA/GitProjects/WKIRO-Project/data/AJ026/Session2/Overground_Walk/Walk_Comfortable/Post_Process/Walk_Comfortable3.csv,6,AJ026,Session2,overground,walk,comfortable,2,walk_comfortable,2,walk_comfortable,0.5573306679725647,0.0012098350562155247,0.000989157590083778,0.5573306679725647,0.013420306146144867,0.42705002427101135
C:/Users/KUBA/GitProjects/WKIRO-Project/data/AJ026/Session2/Overground_Walk/Walk_Fast/Post_Process/Walk_Fast6.csv,4,AJ026,Session2,overground,walk,fast,3,walk_fast,3,walk_fast,0.994778037071228,0.0002202360046794638,0.00023720500757917762,0.004639004357159138,0.994778037071228,0.00012557292939163744
C:/Users/KUBA/GitProjects/WKIRO-Project/data/BD004/Session1/Overground_Run/Run_Comfortable/Post_Process/Run_Comfortable2.csv,3,BD004,Session1,overground,run,comfortable,0,run_comfortable,0,run_comfortable,0.9988610148429871,0.9988610148429871,0.0008424060069955885,9.420795686310157e-05,6.252896127989516e-05,0.00013983478129375726
C:/Users/KUBA/GitProjects/WKIRO-Project/data/BD004/Session1/Overground_Run/Run_Fast/Post_Process/Run_Fast10.csv,2,BD004,Session1,overground,run,fast,1,run_fast,1,run_fast,0.9852262735366821,0.014188374392688274,0.9852262735366821,0.0001065553369699046,0.000330206414218992,0.00014857806672807783
C:/Users/KUBA/GitProjects/WKIRO-Project/data/BD004/Session1/Overground_Run/Run_Fast/Post_Process/Run_Fast9.csv,2,BD004,Session1,overground,run,fast,1,run_fast,0,run_comfortable,0.6825984716415405,0.6825984716415405,0.31298404932022095,0.0015216052997857332,0.0014729714021086693,0.0014229848748072982
C:/Users/KUBA/GitProjects/WKIRO-Project/data/BD004/Session1/Overground_Walk/Walk_Comfortable/Post_Process/Walk_Comfortable2.csv,5,BD004,Session1,overground,walk,comfortable,2,walk_comfortable,2,walk_comfortable,0.7789685726165771,0.00024540629237890244,0.00020135175145696849,0.7789685726165771,0.2080783098936081,0.012506355531513691
C:/Users/KUBA/GitProjects/WKIRO-Project/data/BD004/Session1/Overground_Walk/Walk_Comfortable/Post_Process/Walk_Comfortable3.csv,6,BD004,Session1,overground,walk,comfortable,2,walk_comfortable,4,walk_slow,0.5135006308555603,0.0010382015025243163,0.0005757201579399407,0.4780154526233673,0.0068700313568115234,0.5135006308555603
C:/Users/KUBA/GitProjects/WKIRO-Project/data/BD004/Session1/Overground_Walk/Walk_Fast/Post_Process/Walk_Fast6.csv,3,BD004,Session1,overground,walk,fast,3,walk_fast,3,walk_fast,0.9932025074958801,0.0002784169919323176,0.0003218221536371857,0.006015636492520571,0.9932025074958801,0.000181586408871226
C:/Users/KUBA/GitProjects/WKIRO-Project/data/BD004/Session1/Overground_Walk/Walk_Slow/Post_Process/Walk_Slow6.csv,9,BD004,Session1,overground,walk,slow,4,walk_slow,4,walk_slow,0.9955483675003052,0.00016314371896442026,3.4079435863532126e-05,0.004158652387559414,9.580264304531738e-05,0.9955483675003052
C:/Users/KUBA/GitProjects/WKIRO-Project/data/BD004/Session1/Treadmill_Run/Treadmill_Run_Comfortable/Post_Process/Treadmill_Run_Comfortable.csv,120,BD004,Session1,treadmill,run,comfortable,0,run_comfortable,0,run_comfortable,0.9296541810035706,0.9296541810035706,0.05256815627217293,0.0003910598170477897,0.017160693183541298,0.0002259348548250273
C:/Users/KUBA/GitProjects/WKIRO-Project/data/BD004/Session2/Overground_Run/Run_Comfortable/Post_Process/Run_Comfortable2.csv,3,BD004,Session2,overground,run,comfortable,0,run_comfortable,0,run_comfortable,0.9988634586334229,0.9988634586334229,0.0008426631684415042,9.320562094217166e-05,6.3492072513327e-05,0.00013716025569010526
C:/Users/KUBA/GitProjects/WKIRO-Project/data/BD004/Session2/Overground_Run/Run_Comfortable/Post_Process/Run_Comfortable6.csv,2,BD004,Session2,overground,run,comfortable,0,run_comfortable,0,run_comfortable,0.9988390207290649,0.9988390207290649,0.0008951526833698153,8.477145456708968e-05,5.3830761316930875e-05,0.00012715047341771424
C:/Users/KUBA/GitProjects/WKIRO-Project/data/BD004/Session2/Overground_Run/Run_Fast/Post_Process/Run_Fast13.csv,3,BD004,Session2,overground,run,fast,1,run_fast,1,run_fast,0.7607367038726807,0.235288605093956,0.7607367038726807,0.0012522785691544414,0.001355529180727899,0.0013669035397469997
C:/Users/KUBA/GitProjects/WKIRO-Project/data/BD004/Session2/Overground_Run/Run_Fast/Post_Process/Run_Fast7.csv,3,BD004,Session2,overground,run,fast,1,run_fast,1,run_fast,0.6892254948616028,0.30715110898017883,0.6892254948616028,0.0011410773731768131,0.0012766773579642177,0.0012056356063112617
C:/Users/KUBA/GitProjects/WKIRO-Project/data/BD004/Session2/Overground_Run/Run_Fast/Post_Process/Run_Fast9.csv,3,BD004,Session2,overground,run,fast,1,run_fast,0,run_comfortable,0.6201985478401184,0.6201985478401184,0.3757917582988739,0.0014488232554867864,0.0013967944541946054,0.0011641184100881219
C:/Users/KUBA/GitProjects/WKIRO-Project/data/BD004/Session2/Overground_Walk/Walk_Fast/Post_Process/Walk_Fast3.csv,3,BD004,Session2,overground,walk,fast,3,walk_fast,3,walk_fast,0.8145184516906738,0.0014065414434298873,0.0010599117958918214,0.17761270701885223,0.8145184516906738,0.005402386654168367
C:/Users/KUBA/GitProjects/WKIRO-Project/data/BD004/Session2/Overground_Walk/Walk_Fast/Post_Process/Walk_Fast5.csv,3,BD004,Session2,overground,walk,fast,3,walk_fast,3,walk_fast,0.8849594593048096,0.0016110221622511744,0.0010789206717163324,0.10850083082914352,0.8849594593048096,0.003849785542115569
C:/Users/KUBA/GitProjects/WKIRO-Project/data/BD004/Session2/Overground_Walk/Walk_Slow/Post_Process/Walk_Slow3.csv,9,BD004,Session2,overground,walk,slow,4,walk_slow,4,walk_slow,0.989701509475708,0.00032110101892612875,0.00012089469964848831,0.009471263736486435,0.0003852065128739923,0.989701509475708
C:/Users/KUBA/GitProjects/WKIRO-Project/data/BL025/Session1/Overground_Run/Run_Fast/Post_Process/Run_Fast10.csv,2,BL025,Session1,overground,run,fast,1,run_fast,1,run_fast,0.9574403762817383,0.03900964558124542,0.9574403762817383,0.0006874579703435302,0.0017684802878648043,0.00109402509406209
C:/Users/KUBA/GitProjects/WKIRO-Project/data/BL025/Session1/Overground_Run/Run_Fast/Post_Process/Run_Fast7.csv,1,BL025,Session1,overground,run,fast,1,run_fast,1,run_fast,0.9507402777671814,0.04646315053105354,0.9507402777671814,0.0006438455893658102,0.0011273474665358663,0.001025342382490635
C:/Users/KUBA/GitProjects/WKIRO-Project/data/BL025/Session1/Overground_Walk/Walk_Comfortable/Post_Process/Walk_Comfortable6.csv,6,BL025,Session1,overground,walk,comfortable,2,walk_comfortable,2,walk_comfortable,0.8487660884857178,0.0003964797651860863,0.00016969419084489346,0.8487660884857178,0.0031278941314667463,0.14753982424736023
C:/Users/KUBA/GitProjects/WKIRO-Project/data/BL025/Session1/Overground_Walk/Walk_Fast/Post_Process/Walk_Fast4.csv,5,BL025,Session1,overground,walk,fast,3,walk_fast,3,walk_fast,0.706795334815979,0.0004985301056876779,0.0002488844620529562,0.2886088788509369,0.706795334815979,0.003848391119390726
C:/Users/KUBA/GitProjects/WKIRO-Project/data/BL025/Session1/Overground_Walk/Walk_Slow/Post_Process/Walk_Slow3.csv,11,BL025,Session1,overground,walk,slow,4,walk_slow,4,walk_slow,0.9855480194091797,0.0003575408773031086,0.00015518897271249443,0.013446367345750332,0.0004928255802951753,0.9855480194091797
C:/Users/KUBA/GitProjects/WKIRO-Project/data/BL025/Session1/Overground_Walk/Walk_Slow/Post_Process/Walk_Slow6.csv,8,BL025,Session1,overground,walk,slow,4,walk_slow,4,walk_slow,0.90305495262146,0.00024976333952508867,7.415744767058641e-05,0.0962187796831131,0.0004022711655125022,0.90305495262146
C:/Users/KUBA/GitProjects/WKIRO-Project/data/BL025/Session1/Treadmill_Walk/Treadmill_Walk_Fast/Post_Process/Treadmill_Walk_Fast.csv,122,BL025,Session1,treadmill,walk,fast,3,walk_fast,2,walk_comfortable,0.8729680776596069,0.0002602773020043969,0.0002565910981502384,0.8729680776596069,0.11145834624767303,0.015056696720421314
C:/Users/KUBA/GitProjects/WKIRO-Project/data/BL025/Session2/Overground_Run/Run_Comfortable/Post_Process/Run_Comfortable2.csv,3,BL025,Session2,overground,run,comfortable,0,run_comfortable,1,run_fast,0.9780245423316956,0.021058082580566406,0.9780245423316956,0.0001929494901560247,0.0004745284968521446,0.00024989989469759166
C:/Users/KUBA/GitProjects/WKIRO-Project/data/BL025/Session2/Overground_Run/Run_Comfortable/Post_Process/Run_Comfortable4.csv,2,BL025,Session2,overground,run,comfortable,0,run_comfortable,1,run_fast,0.9785009622573853,0.020590538159012794,0.9785009622573853,0.00019014783902093768,0.0004644909349735826,0.0002539803390391171
C:/Users/KUBA/GitProjects/WKIRO-Project/data/BL025/Session2/Overground_Run/Run_Comfortable/Post_Process/Run_Comfortable5.csv,2,BL025,Session2,overground,run,comfortable,0,run_comfortable,1,run_fast,0.872970700263977,0.12288971245288849,0.872970700263977,0.0010390296811237931,0.0015696450136601925,0.001530893612653017
C:/Users/KUBA/GitProjects/WKIRO-Project/data/BL025/Session2/Overground_Run/Run_Fast/Post_Process/Run_Fast5.csv,1,BL025,Session2,overground,run,fast,1,run_fast,1,run_fast,0.9697404503822327,0.028278930112719536,0.9697404503822327,0.00039390652091242373,0.000950731395278126,0.0006359664257615805
C:/Users/KUBA/GitProjects/WKIRO-Project/data/BL025/Session2/Overground_Walk/Walk_Comfortable/Post_Process/Walk_Comfortable6.csv,5,BL025,Session2,overground,walk,comfortable,2,walk_comfortable,2,walk_comfortable,0.9774848818778992,0.0001416046143276617,5.360143768484704e-05,0.9774848818778992,0.0032198678236454725,0.01910007745027542
C:/Users/KUBA/GitProjects/WKIRO-Project/data/BL025/Session2/Overground_Walk/Walk_Fast/Post_Process/Walk_Fast4.csv,3,BL025,Session2,overground,walk,fast,3,walk_fast,3,walk_fast,0.9866933822631836,0.0017476407811045647,0.0013953334419056773,0.009745296090841293,0.9866933822631836,0.0004183721903245896
C:/Users/KUBA/GitProjects/WKIRO-Project/data/BL025/Session2/Overground_Walk/Walk_Slow/Post_Process/Walk_Slow1.csv,10,BL025,Session2,overground,walk,slow,4,walk_slow,4,walk_slow,0.9874825477600098,0.00032640801509842277,0.00014281997573561966,0.011572330258786678,0.00047597181401215494,0.9874825477600098
C:/Users/KUBA/GitProjects/WKIRO-Project/data/CF027/Session1/Overground_Run/Run_Comfortable/Post_Process/Run_Comfortable1.csv,4,CF027,Session1,overground,run,comfortable,0,run_comfortable,0,run_comfortable,0.9735049605369568,0.9735049605369568,0.023150933906435966,0.0012756476644426584,0.0014362393412739038,0.0006322168046608567
C:/Users/KUBA/GitProjects/WKIRO-Project/data/CF027/Session1/Overground_Run/Run_Comfortable/Post_Process/Run_Comfortable6.csv,4,CF027,Session1,overground,run,comfortable,0,run_comfortable,0,run_comfortable,0.9814749360084534,0.9814749360084534,0.015436287969350815,0.0011500467080622911,0.0013711065985262394,0.0005676636938005686
C:/Users/KUBA/GitProjects/WKIRO-Project/data/CF027/Session1/Overground_Walk/Walk_Fast/Post_Process/Walk_Fast4.csv,4,CF027,Session1,overground,walk,fast,3,walk_fast,3,walk_fast,0.9851166009902954,0.0004240769485477358,0.0006396137177944183,0.01342301070690155,0.9851166009902954,0.0003966387012042105
C:/Users/KUBA/GitProjects/WKIRO-Project/data/CF027/Session1/Overground_Walk/Walk_Slow/Post_Process/Walk_Slow3.csv,10,CF027,Session1,overground,walk,slow,4,walk_slow,4,walk_slow,0.979690670967102,0.00051449442980811,0.0001859120384324342,0.019080940634012222,0.0005279383040033281,0.979690670967102
C:/Users/KUBA/GitProjects/WKIRO-Project/data/CF027/Session1/Overground_Walk/Walk_Slow/Post_Process/Walk_Slow4.csv,7,CF027,Session1,overground,walk,slow,4,walk_slow,4,walk_slow,0.9929842948913574,0.00018268710118718445,3.465379268163815e-05,0.006678906735032797,0.00011938597162952647,0.9929842948913574
C:/Users/KUBA/GitProjects/WKIRO-Project/data/CF027/Session1/Treadmill_Run/Treadmill_Run_Comfortable/Post_Process/Treadmill_Run_Comfortable.csv,120,CF027,Session1,treadmill,run,comfortable,0,run_comfortable,1,run_fast,0.7372018098831177,0.26144787669181824,0.7372018098831177,0.0003845463215839118,0.0005464318674057722,0.00041930779116228223
C:/Users/KUBA/GitProjects/WKIRO-Project/data/CF027/Session2/Overground_Run/Run_Fast/Post_Process/Run_Fast6.csv,2,CF027,Session2,overground,run,fast,1,run_fast,1,run_fast,0.9875472784042358,0.011757655069231987,0.9875472784042358,0.00012675515608862042,0.00038558515370823443,0.00018268951680511236
C:/Users/KUBA/GitProjects/WKIRO-Project/data/CF027/Session2/Overground_Run/Run_Fast/Post_Process/Run_Fast7.csv,2,CF027,Session2,overground,run,fast,1,run_fast,1,run_fast,0.8718201518058777,0.1239456981420517,0.8718201518058777,0.0012915731640532613,0.001449568779207766,0.0014930316247045994
C:/Users/KUBA/GitProjects/WKIRO-Project/data/CF027/Session2/Overground_Walk/Walk_Comfortable/Post_Process/Walk_Comfortable4.csv,5,CF027,Session2,overground,walk,comfortable,2,walk_comfortable,2,walk_comfortable,0.9752651453018188,0.00019373418763279915,7.219501276267692e-05,0.9752651453018188,0.0024846300948411226,0.021984348073601723
C:/Users/KUBA/GitProjects/WKIRO-Project/data/CF027/Session2/Overground_Walk/Walk_Fast/Post_Process/Walk_Fast1.csv,5,CF027,Session2,overground,walk,fast,3,walk_fast,3,walk_fast,0.8540164828300476,0.0020143368747085333,0.001389276934787631,0.13867723941802979,0.8540164828300476,0.0039026804734021425
C:/Users/KUBA/GitProjects/WKIRO-Project/data/CF027/Session2/Treadmill_Run/Treadmill_Run_Fast/Post_Process/Treadmill_Run_Fast.csv,120,CF027,Session2,treadmill,run,fast,1,run_fast,1,run_fast,0.949589729309082,0.04946698248386383,0.949589729309082,0.0002026931761065498,0.00047776667634025216,0.0002628322399687022
C:/Users/KUBA/GitProjects/WKIRO-Project/data/CF027/Session2/Treadmill_Walk/Treadmill_Walk_Comfortable/Post_Process/Treadmill_Walk_Comfortable.csv,120,CF027,Session2,treadmill,walk,comfortable,2,walk_comfortable,2,walk_comfortable,0.9338706731796265,0.00029141170671209693,0.00019299642008263618,0.9338706731796265,0.026883400976657867,0.038761477917432785
C:/Users/KUBA/GitProjects/WKIRO-Project/data/CF027/Session2/Treadmill_Walk/Treadmill_Walk_Fast/Post_Process/Treadmill_Walk_Fast.csv,120,CF027,Session2,treadmill,walk,fast,3,walk_fast,3,walk_fast,0.9486799836158752,0.0005282744532451034,0.0004148402076680213,0.04948176071047783,0.9486799836158752,0.0008951433119364083
C:/Users/KUBA/GitProjects/WKIRO-Project/data/CL007/Session1/Overground_Run/Run_Comfortable/Post_Process/Run_Comfortable2.csv,3,CL007,Session1,overground,run,comfortable,0,run_comfortable,0,run_comfortable,0.9965195655822754,0.9965195655822754,0.0026236437261104584,0.00027299291105009615,0.0002371777518419549,0.00034660761593841016
C:/Users/KUBA/GitProjects/WKIRO-Project/data/CL007/Session1/Overground_Walk/Walk_Comfortable/Post_Process/Walk_Comfortable1.csv,6,CL007,Session1,overground,walk,comfortable,2,walk_comfortable,2,walk_comfortable,0.7075233459472656,0.0010905727976933122,0.0011997995898127556,0.7075233459472656,0.26044514775276184,0.029741084203124046
C:/Users/KUBA/GitProjects/WKIRO-Project/data/CL007/Session1/Overground_Walk/Walk_Fast/Post_Process/Walk_Fast10.csv,4,CL007,Session1,overground,walk,fast,3,walk_fast,3,walk_fast,0.7822232246398926,0.0007155645289458334,0.00039381609531119466,0.2125631868839264,0.7822232246398926,0.004104157909750938
C:/Users/KUBA/GitProjects/WKIRO-Project/data/CL007/Session1/Overground_Walk/Walk_Fast/Post_Process/Walk_Fast3.csv,3,CL007,Session1,overground,walk,fast,3,walk_fast,2,walk_comfortable,0.7167437672615051,0.0013354792026802897,0.001328328624367714,0.7167437672615051,0.23973321914672852,0.040859173983335495
C:/Users/KUBA/GitProjects/WKIRO-Project/data/CL007/Session1/Overground_Walk/Walk_Fast/Post_Process/Walk_Fast4.csv,4,CL007,Session1,overground,walk,fast,3,walk_fast,3,walk_fast,0.9142680168151855,0.0006558289751410484,0.0004223815049044788,0.08196377009153366,0.9142680168151855,0.0026900421362370253
C:/Users/KUBA/GitProjects/WKIRO-Project/data/CL007/Session1/Overground_Walk/Walk_Slow/Post_Process/Walk_Slow6.csv,7,CL007,Session1,overground,walk,slow,4,walk_slow,4,walk_slow,0.6535765528678894,0.058290623128414154,0.006572174374014139,0.27071622014045715,0.010844402946531773,0.6535765528678894
C:/Users/KUBA/GitProjects/WKIRO-Project/data/CL007/Session1/Overground_Walk/Walk_Slow/Post_Process/Walk_Slow8.csv,7,CL007,Session1,overground,walk,slow,4,walk_slow,4,walk_slow,0.9460345506668091,0.00035917453351430595,0.0001630452461540699,0.05300864577293396,0.00043454323895275593,0.9460345506668091
C:/Users/KUBA/GitProjects/WKIRO-Project/data/CL007/Session1/Treadmill_Walk/Treadmill_Walk_Comfortable/Post_Process/Treadmill_Walk_Comfortable.csv,120,CL007,Session1,treadmill,walk,comfortable,2,walk_comfortable,4,walk_slow,0.5920522212982178,0.00041754741687327623,0.00018178971367888153,0.4059578478336334,0.0013905852101743221,0.5920522212982178
C:/Users/KUBA/GitProjects/WKIRO-Project/data/CL007/Session2/Overground_Run/Run_Comfortable/Post_Process/Run_Comfortable5.csv,2,CL007,Session2,overground,run,comfortable,0,run_comfortable,0,run_comfortable,0.9786231517791748,0.9786231517791748,0.01774490997195244,0.0013868800597265363,0.0016581839881837368,0.0005868511507287621
C:/Users/KUBA/GitProjects/WKIRO-Project/data/CL007/Session2/Overground_Run/Run_Comfortable/Post_Process/Run_Comfortable8.csv,3,CL007,Session2,overground,run,comfortable,0,run_comfortable,0,run_comfortable,0.9938931465148926,0.9938931465148926,0.0038894610479474068,0.00063824508106336,0.0008914030622690916,0.0006877172272652388
C:/Users/KUBA/GitProjects/WKIRO-Project/data/CL007/Session2/Overground_Run/Run_Fast/Post_Process/Run_Fast13.csv,2,CL007,Session2,overground,run,fast,1,run_fast,1,run_fast,0.9025431871414185,0.09365686774253845,0.9025431871414185,0.0010843323543667793,0.0013233604840934277,0.0013922377256676555
C:/Users/KUBA/GitProjects/WKIRO-Project/data/CL007/Session2/Overground_Run/Run_Fast/Post_Process/Run_Fast14.csv,2,CL007,Session2,overground,run,fast,1,run_fast,1,run_fast,0.9861695766448975,0.01327885314822197,0.9861695766448975,9.946855425368994e-05,0.00030251950374804437,0.00014952602214179933
C:/Users/KUBA/GitProjects/WKIRO-Project/data/CL007/Session2/Overground_Run/Run_Fast/Post_Process/Run_Fast9.csv,2,CL007,Session2,overground,run,fast,1,run_fast,1,run_fast,0.8111241459846497,0.18346819281578064,0.8111241459846497,0.0013801759341731668,0.0020563288126140833,0.001971165183931589
C:/Users/KUBA/GitProjects/WKIRO-Project/data/CL007/Session2/Overground_Walk/Walk_Slow/Post_Process/Walk_Slow2.csv,4,CL007,Session2,overground,walk,slow,4,walk_slow,2,walk_comfortable,0.9486348628997803,0.00027960698935203254,0.00016714325465727597,0.9486348628997803,0.004406583029776812,0.04651176184415817
C:/Users/KUBA/GitProjects/WKIRO-Project/data/DA013/Session1/Overground_Run/Run_Comfortable/Post_Process/Run_Comfortable3.csv,3,DA013,Session1,overground,run,comfortable,0,run_comfortable,0,run_comfortable,0.9986953735351562,0.9986953735351562,0.000977147719822824,0.00010855773143703118,7.741490844637156e-05,0.0001415385486325249
C:/Users/KUBA/GitProjects/WKIRO-Project/data/DA013/Session1/Overground_Run/Run_Comfortable/Post_Process/Run_Comfortable7.csv,3,DA013,Session1,overground,run,comfortable,0,run_comfortable,0,run_comfortable,0.9628637433052063,0.9628637433052063,0.03367777541279793,0.0012195707531645894,0.0015276499325409532,0.0007112168823368847
C:/Users/KUBA/GitProjects/WKIRO-Project/data/DA013/Session1/Overground_Walk/Walk_Comfortable/Post_Process/Walk_Comfortable3.csv,5,DA013,Session1,overground,walk,comfortable,2,walk_comfortable,4,walk_slow,0.5902634859085083,0.0015011978102847934,0.0007586893043480814,0.4018765985965729,0.005600013770163059,0.5902634859085083
C:/Users/KUBA/GitProjects/WKIRO-Project/data/DA013/Session1/Overground_Walk/Walk_Comfortable/Post_Process/Walk_Comfortable4.csv,8,DA013,Session1,overground,walk,comfortable,2,walk_comfortable,2,walk_comfortable,0.9690038561820984,0.0001978589571081102,0.00023857058840803802,0.9690038561820984,0.016419317573308945,0.014140387065708637
C:/Users/KUBA/GitProjects/WKIRO-Project/data/DA013/Session1/Overground_Walk/Walk_Fast/Post_Process/Walk_Fast2.csv,4,DA013,Session1,overground,walk,fast,3,walk_fast,3,walk_fast,0.9932270050048828,0.00019560342479962856,0.0002507884637452662,0.006164892110973597,0.9932270050048828,0.0001617468224139884
C:/Users/KUBA/GitProjects/WKIRO-Project/data/DA013/Session1/Overground_Walk/Walk_Slow/Post_Process/Walk_Slow7.csv,9,DA013,Session1,overground,walk,slow,4,walk_slow,4,walk_slow,0.9877303242683411,0.00036146643105894327,0.00014154499513097107,0.011344574391841888,0.0004220966948196292,0.9877303242683411
C:/Users/KUBA/GitProjects/WKIRO-Project/data/DA013/Session1/Treadmill_Walk/Treadmill_Walk_Slow/Post_Process/Treadmill_Walk_Slow.csv,120,DA013,Session1,treadmill,walk,slow,4,walk_slow,4,walk_slow,0.9756634831428528,0.0002497361565474421,5.083140786155127e-05,0.02384285442531109,0.0001931235456140712,0.9756634831428528
C:/Users/KUBA/GitProjects/WKIRO-Project/data/DA013/Session2/Overground_Run/Run_Comfortable/Post_Process/Run_Comfortable6.csv,3,DA013,Session2,overground,run,comfortable,0,run_comfortable,0,run_comfortable,0.9984893798828125,0.9984893798828125,0.0010546414414420724,0.00015547471411991864,0.00012999471800867468,0.0001705839385977015
C:/Users/KUBA/GitProjects/WKIRO-Project/data/DA013/Session2/Overground_Run/Run_Fast/Post_Process/Run_Fast10.csv,2,DA013,Session2,overground,run,fast,1,run_fast,1,run_fast,0.9874265193939209,0.011988346464931965,0.9874265193939209,0.00010466402454767376,0.00035088241565972567,0.00012968374358024448
C:/Users/KUBA/GitProjects/WKIRO-Project/data/DA013/Session2/Overground_Run/Run_Fast/Post_Process/Run_Fast7.csv,2,DA013,Session2,overground,run,fast,1,run_fast,0,run_comfortable,0.5326070189476013,0.5326070189476013,0.4632145166397095,0.0014483727281913161,0.001409396412782371,0.0013206908479332924
C:/Users/KUBA/GitProjects/WKIRO-Project/data/DA013/Session2/Overground_Run/Run_Fast/Post_Process/Run_Fast9.csv,2,DA013,Session2,overground,run,fast,1,run_fast,0,run_comfortable,0.5051891803741455,0.5051891803741455,0.4913141131401062,0.0011477586813271046,0.0012490013614296913,0.0010999490041285753
C:/Users/KUBA/GitProjects/WKIRO-Project/data/DA013/Session2/Overground_Walk/Walk_Comfortable/Post_Process/Walk_Comfortable8.csv,4,DA013,Session2,overground,walk,comfortable,2,walk_comfortable,2,walk_comfortable,0.9776310324668884,0.00012948639050591737,7.427475065924227e-05,0.9776310324668884,0.009074128232896328,0.013091032393276691
C:/Users/KUBA/GitProjects/WKIRO-Project/data/DA013/Session2/Overground_Walk/Walk_Slow/Post_Process/Walk_Slow1.csv,7,DA013,Session2,overground,walk,slow,4,walk_slow,4,walk_slow,0.9855360388755798,0.00037811833317391574,0.00016479831538163126,0.013410846702754498,0.0005102225113660097,0.9855360388755798
C:/Users/KUBA/GitProjects/WKIRO-Project/data/DA013/Session2/Treadmill_Walk/Treadmill_Walk_Fast/Post_Process/Treadmill_Walk_Fast.csv,120,DA013,Session2,treadmill,walk,fast,3,walk_fast,3,walk_fast,0.5817114114761353,0.00035400266642682254,0.0006166707025840878,0.4125288128852844,0.5817114114761353,0.00478912191465497
C:/Users/KUBA/GitProjects/WKIRO-Project/data/DC005/Session1/Overground_Run/Run_Comfortable/Post_Process/Run_Comfortable10.csv,2,DC005,Session1,overground,run,comfortable,0,run_comfortable,1,run_fast,0.940858781337738,0.0581723116338253,0.940858781337738,0.0002895898069255054,0.0004317227576393634,0.0002476632362231612
C:/Users/KUBA/GitProjects/WKIRO-Project/data/DC005/Session1/Overground_Run/Run_Comfortable/Post_Process/Run_Comfortable8.csv,2,DC005,Session1,overground,run,comfortable,0,run_comfortable,0,run_comfortable,0.5177795886993408,0.5177795886993408,0.4816518723964691,0.00014631490921601653,0.00021311045566108078,0.0002090788766508922
C:/Users/KUBA/GitProjects/WKIRO-Project/data/DC005/Session1/Overground_Run/Run_Fast/Post_Process/Run_Fast15.csv,2,DC005,Session1,overground,run,fast,1,run_fast,1,run_fast,0.9043550491333008,0.09241506457328796,0.9043550491333008,0.0009265042608603835,0.0011982184369117022,0.0011051567271351814
C:/Users/KUBA/GitProjects/WKIRO-Project/data/DC005/Session1/Overground_Walk/Walk_Comfortable/Post_Process/Walk_Comfortable2.csv,3,DC005,Session1,overground,walk,comfortable,2,walk_comfortable,4,walk_slow,0.6652818322181702,0.0009188647964037955,0.00046733338967897,0.33046290278434753,0.0028690211474895477,0.6652818322181702
C:/Users/KUBA/GitProjects/WKIRO-Project/data/DC005/Session1/Overground_Walk/Walk_Fast/Post_Process/Walk_Fast10.csv,3,DC005,Session1,overground,walk,fast,3,walk_fast,3,walk_fast,0.9843799471855164,0.000527174852322787,0.0007117444183677435,0.014092723838984966,0.9843799471855164,0.0002884784189518541
C:/Users/KUBA/GitProjects/WKIRO-Project/data/DC005/Session1/Overground_Walk/Walk_Fast/Post_Process/Walk_Fast8.csv,4,DC005,Session1,overground,walk,fast,3,walk_fast,3,walk_fast,0.9845156073570251,0.00039947591722011566,0.00028622805257327855,0.01441887579858303,0.9845156073570251,0.0003798340039793402
C:/Users/KUBA/GitProjects/WKIRO-Project/data/DC005/Session1/Overground_Walk/Walk_Slow/Post_Process/Walk_Slow7.csv,7,DC005,Session1,overground,walk,slow,4,walk_slow,4,walk_slow,0.9762248992919922,0.0005765119567513466,0.00020626606419682503,0.022277433425188065,0.0007149068405851722,0.9762248992919922
C:/Users/KUBA/GitProjects/WKIRO-Project/data/DC005/Session2/Overground_Run/Run_Comfortable/Post_Process/Run_Comfortable13.csv,3,DC005,Session2,overground,run,comfortable,0,run_comfortable,0,run_comfortable,0.9370091557502747,0.9370091557502747,0.05918130278587341,0.0014632800593972206,0.0014968629693612456,0.000849307922180742
C:/Users/KUBA/GitProjects/WKIRO-Project/data/DC005/Session2/Overground_Run/Run_Comfortable/Post_Process/Run_Comfortable5.csv,3,DC005,Session2,overground,run,comfortable,0,run_comfortable,0,run_comfortable,0.8667089939117432,0.8667089939117432,0.12914390861988068,0.0015540308086201549,0.0015475591644644737,0.001045449054799974
C:/Users/KUBA/GitProjects/WKIRO-Project/data/DC005/Session2/Overground_Run/Run_Fast/Post_Process/Run_Fast15.csv,2,DC005,Session2,overground,run,fast,1,run_fast,1,run_fast,0.8766511678695679,0.12045988440513611,0.8766511678695679,0.0008100184495560825,0.0011385539546608925,0.0009404497686773539
C:/Users/KUBA/GitProjects/WKIRO-Project/data/DC005/Session2/Overground_Run/Run_Fast/Post_Process/Run_Fast16.csv,2,DC005,Session2,overground,run,fast,1,run_fast,1,run_fast,0.9784618616104126,0.020878801122307777,0.9784618616104126,0.00014875069609843194,0.0003715063794516027,0.00013905962987337261
C:/Users/KUBA/GitProjects/WKIRO-Project/data/DC005/Session2/Overground_Run/Run_Fast/Post_Process/Run_Fast5.csv,2,DC005,Session2,overground,run,fast,1,run_fast,1,run_fast,0.9080350995063782,0.08884191513061523,0.9080350995063782,0.000833885045722127,0.0012211007997393608,0.0010680243140086532
C:/Users/KUBA/GitProjects/WKIRO-Project/data/DC005/Session2/Overground_Walk/Walk_Comfortable/Post_Process/Walk_Comfortable3.csv,7,DC005,Session2,overground,walk,comfortable,2,walk_comfortable,4,walk_slow,0.8236438632011414,0.001371914753690362,0.0005124551826156676,0.17145787179470062,0.003013871144503355,0.8236438632011414
C:/Users/KUBA/GitProjects/WKIRO-Project/data/DC005/Session2/Overground_Walk/Walk_Fast/Post_Process/Walk_Fast7.csv,8,DC005,Session2,overground,walk,fast,3,walk_fast,2,walk_comfortable,0.7138094902038574,0.0012047463096678257,0.0009573973366059363,0.7138094902038574,0.24759706854820251,0.03643133118748665
C:/Users/KUBA/GitProjects/WKIRO-Project/data/DC005/Session2/Treadmill_Run/Treadmill_Run_Fast/Post_Process/Treadmill_Run_Fast.csv,120,DC005,Session2,treadmill,run,fast,1,run_fast,1,run_fast,0.780853271484375,0.21765346825122833,0.780853271484375,0.0004483149677980691,0.00070382741978392,0.0003411154029890895
C:/Users/KUBA/GitProjects/WKIRO-Project/data/DC005/Session2/Treadmill_Walk/Treadmill_Walk_Slow/Post_Process/Treadmill_Walk_Slow.csv,120,DC005,Session2,treadmill,walk,slow,4,walk_slow,4,walk_slow,0.9786937832832336,0.00023205082106869668,4.726069528260268e-05,0.020865587517619133,0.0001612677879165858,0.9786937832832336
C:/Users/KUBA/GitProjects/WKIRO-Project/data/GF022/Session1/Overground_Run/Run_Comfortable/Post_Process/Run_Comfortable4.csv,3,GF022,Session1,overground,run,comfortable,0,run_comfortable,0,run_comfortable,0.9041228294372559,0.9041228294372559,0.0909515991806984,0.001954903593286872,0.0019674997311085463,0.0010030959965661168
C:/Users/KUBA/GitProjects/WKIRO-Project/data/GF022/Session1/Overground_Run/Run_Fast/Post_Process/Run_Fast3.csv,3,GF022,Session1,overground,run,fast,1,run_fast,1,run_fast,0.9453414082527161,0.05140924081206322,0.9453414082527161,0.0007437134627252817,0.001460235915146768,0.001045367680490017
C:/Users/KUBA/GitProjects/WKIRO-Project/data/GF022/Session1/Overground_Walk/Walk_Comfortable/Post_Process/Walk_Comfortable4.csv,6,GF022,Session1,overground,walk,comfortable,2,walk_comfortable,2,walk_comfortable,0.5837478041648865,0.0005453071207739413,0.0007631455082446337,0.5837478041648865,0.39868271350860596,0.016261013224720955
C:/Users/KUBA/GitProjects/WKIRO-Project/data/GF022/Session1/Overground_Walk/Walk_Fast/Post_Process/Walk_Fast3.csv,5,GF022,Session1,overground,walk,fast,3,walk_fast,3,walk_fast,0.9081718325614929,0.004805808421224356,0.002937502460554242,0.08183342963457108,0.9081718325614929,0.0022514378651976585
C:/Users/KUBA/GitProjects/WKIRO-Project/data/GF022/Session1/Overground_Walk/Walk_Fast/Post_Process/Walk_Fast6.csv,5,GF022,Session1,overground,walk,fast,3,walk_fast,3,walk_fast,0.9953517913818359,0.00019795354455709457,0.00015598407480865717,0.004180929623544216,0.9953517913818359,0.00011329875269439071
C:/Users/KUBA/GitProjects/WKIRO-Project/data/GF022/Session1/Overground_Walk/Walk_Fast/Post_Process/Walk_Fast8.csv,5,GF022,Session1,overground,walk,fast,3,walk_fast,3,walk_fast,0.9935814738273621,0.00026766472728922963,0.00012619020708370954,0.0058835344389081,0.9935814738273621,0.0001411336415912956
C:/Users/KUBA/GitProjects/WKIRO-Project/data/GF022/Session1/Treadmill_Walk/Treadmill_Walk_Comfortable/Post_Process/Treadmill_Walk_Comfortable.csv,120,GF022,Session1,treadmill,walk,comfortable,2,walk_comfortable,2,walk_comfortable,0.8504778742790222,0.0003254926414228976,0.0003234329051338136,0.8504778742790222,0.10131900757551193,0.047554247081279755
C:/Users/KUBA/GitProjects/WKIRO-Project/data/GF022/Session2/Overground_Run/Run_Comfortable/Post_Process/Run_Comfortable5.csv,3,GF022,Session2,overground,run,comfortable,0,run_comfortable,0,run_comfortable,0.9431278109550476,0.9431278109550476,0.05260768532752991,0.0016035005683079362,0.0018503222381696105,0.0008107225294224918
C:/Users/KUBA/GitProjects/WKIRO-Project/data/GF022/Session2/Overground_Run/Run_Comfortable/Post_Process/Run_Comfortable8.csv,3,GF022,Session2,overground,run,comfortable,0,run_comfortable,0,run_comfortable,0.9107335209846497,0.9107335209846497,0.08481577038764954,0.0017362977378070354,0.0017854231409728527,0.0009289337904192507
C:/Users/KUBA/GitProjects/WKIRO-Project/data/GF022/Session2/Overground_Run/Run_Fast/Post_Process/Run_Fast3.csv,2,GF022,Session2,overground,run,fast,1,run_fast,1,run_fast,0.9434561133384705,0.05416079983115196,0.9434561133384705,0.0006088395603001118,0.0009672217420302331,0.0008070216281339526
C:/Users/KUBA/GitProjects/WKIRO-Project/data/GF022/Session2/Overground_Run/Run_Fast/Post_Process/Run_Fast4.csv,2,GF022,Session2,overground,run,fast,1,run_fast,1,run_fast,0.9888815879821777,0.010578093118965626,0.9888815879821777,0.00010097387712448835,0.0003087430668529123,0.00013050327834207565
C:/Users/KUBA/GitProjects/WKIRO-Project/data/GF022/Session2/Overground_Walk/Walk_Comfortable/Post_Process/Walk_Comfortable4.csv,6,GF022,Session2,overground,walk,comfortable,2,walk_comfortable,2,walk_comfortable,0.6916123032569885,0.00043315987568348646,0.00136447639670223,0.6916123032569885,0.2901339530944824,0.01645604707300663
C:/Users/KUBA/GitProjects/WKIRO-Project/data/GF022/Session2/Overground_Walk/Walk_Slow/Post_Process/Walk_Slow6.csv,8,GF022,Session2,overground,walk,slow,4,walk_slow,4,walk_slow,0.8313941359519958,0.0005623389151878655,0.0002224957279395312,0.1669304519891739,0.0008905847207643092,0.8313941359519958
C:/Users/KUBA/GitProjects/WKIRO-Project/data/GF022/Session2/Treadmill_Walk/Treadmill_Walk_Slow/Post_Process/Treadmill_Walk_Slow.csv,120,GF022,Session2,treadmill,walk,slow,4,walk_slow,4,walk_slow,0.99226975440979,0.0001599058450665325,3.7254012568155304e-05,0.007399587891995907,0.00013353001850191504,0.99226975440979
C:/Users/KUBA/GitProjects/WKIRO-Project/data/GM001/Session1/Overground_Run/Run_Comfortable/Post_Process/Run_Comfortable2.csv,3,GM001,Session1,overground,run,comfortable,0,run_comfortable,0,run_comfortable,0.9594061970710754,0.9594061970710754,0.03988787159323692,0.00026716815773397684,0.00015471123333554715,0.00028399869916029274
C:/Users/KUBA/GitProjects/WKIRO-Project/data/GM001/Session1/Overground_Run/Run_Comfortable/Post_Process/Run_Comfortable8.csv,2,GM001,Session1,overground,run,comfortable,0,run_comfortable,1,run_fast,0.9881099462509155,0.011346005834639072,0.9881099462509155,8.875312050804496e-05,0.00032004801323637366,0.00013518914056476206
C:/Users/KUBA/GitProjects/WKIRO-Project/data/GM001/Session1/Overground_Run/Run_Fast/Post_Process/Run_Fast6.csv,1,GM001,Session1,overground,run,fast,1,run_fast,1,run_fast,0.9909186363220215,0.00867198221385479,0.9909186363220215,6.675285840174183e-05,0.00024478640989400446,9.784972644411027e-05
C:/Users/KUBA/GitProjects/WKIRO-Project/data/GM001/Session1/Overground_Run/Run_Fast/Post_Process/Run_Fast9.csv,1,GM001,Session1,overground,run,fast,1,run_fast,1,run_fast,0.9350388050079346,0.062304358929395676,0.9350388050079346,0.000643203966319561,0.0011017977958545089,0.0009117702720686793
C:/Users/KUBA/GitProjects/WKIRO-Project/data/GM001/Session1/Overground_Walk/Walk_Comfortable/Post_Process/Walk_Comfortable2.csv,5,GM001,Session1,overground,walk,comfortable,2,walk_comfortable,2,walk_comfortable,0.7287122011184692,0.00045513600343838334,0.0006089455564506352,0.7287122011184692,0.26309850811958313,0.007125245872884989
C:/Users/KUBA/GitProjects/WKIRO-Project/data/GM001/Session1/Overground_Walk/Walk_Fast/Post_Process/Walk_Fast7.csv,3,GM001,Session1,overground,walk,fast,3,walk_fast,3,walk_fast,0.9661946892738342,0.003748844610527158,0.0015556683065369725,0.027408311143517494,0.9661946892738342,0.0010925154201686382
C:/Users/KUBA/GitProjects/WKIRO-Project/data/GM001/Session1/Overground_Walk/Walk_Slow/Post_Process/Walk_Slow5.csv,10,GM001,Session1,overground,walk,slow,4,walk_slow,4,walk_slow,0.9888830184936523,0.0003295516944490373,0.00012107125075999647,0.010279214940965176,0.0003870707587338984,0.9888830184936523
C:/Users/KUBA/GitProjects/WKIRO-Project/data/GM001/Session1/Overground_Walk/Walk_Slow/Post_Process/Walk_Slow6.csv,8,GM001,Session1,overground,walk,slow,4,walk_slow,4,walk_slow,0.9953503012657166,0.0001632656203582883,3.693324833875522e-05,0.00434779841452837,0.00010174645285587758,0.9953503012657166
C:/Users/KUBA/GitProjects/WKIRO-Project/data/GM001/Session2/Overground_Run/Run_Comfortable/Post_Process/Run_Comfortable5.csv,4,GM001,Session2,overground,run,comfortable,0,run_comfortable,0,run_comfortable,0.9566562175750732,0.9566562175750732,0.04019366204738617,0.0012431934010237455,0.0012219523778185248,0.0006850188365206122
C:/Users/KUBA/GitProjects/WKIRO-Project/data/GM001/Session2/Overground_Run/Run_Fast/Post_Process/Run_Fast5.csv,3,GM001,Session2,overground,run,fast,1,run_fast,1,run_fast,0.8626748919487,0.13325761258602142,0.8626748919487,0.001195616670884192,0.0014075031504034996,0.0014644130133092403
C:/Users/KUBA/GitProjects/WKIRO-Project/data/GM001/Session2/Overground_Run/Run_Fast/Post_Process/Run_Fast7.csv,2,GM001,Session2,overground,run,fast,1,run_fast,1,run_fast,0.9108809232711792,0.08619064837694168,0.9108809232711792,0.0007811097311787307,0.0011339896591380239,0.0010132910683751106
C:/Users/KUBA/GitProjects/WKIRO-Project/data/GM001/Session2/Overground_Walk/Walk_Comfortable/Post_Process/Walk_Comfortable1.csv,5,GM001,Session2,overground,walk,comfortable,2,walk_comfortable,2,walk_comfortable,0.7492984533309937,0.001479864469729364,0.000976443465333432,0.7492984533309937,0.21259188652038574,0.035653289407491684
C:/Users/KUBA/GitProjects/WKIRO-Project/data/GM001/Session2/Overground_Walk/Walk_Fast/Post_Process/Walk_Fast4.csv,3,GM001,Session2,overground,walk,fast,3,walk_fast,3,walk_fast,0.9910698533058167,0.0002567971241660416,0.00024099252186715603,0.008241787552833557,0.9910698533058167,0.00019052716379519552
C:/Users/KUBA/GitProjects/WKIRO-Project/data/GM001/Session2/Overground_Walk/Walk_Fast/Post_Process/Walk_Fast6.csv,4,GM001,Session2,overground,walk,fast,3,walk_fast,3,walk_fast,0.9872866868972778,0.0004843540664296597,0.0008538090041838586,0.010999148711562157,0.9872866868972778,0.0003760420950129628
C:/Users/KUBA/GitProjects/WKIRO-Project/data/GM001/Session2/Treadmill_Walk/Treadmill_Walk_Comfortable/Post_Process/Treadmill_Walk_Comfortable.csv,120,GM001,Session2,treadmill,walk,comfortable,2,walk_comfortable,2,walk_comfortable,0.6859159469604492,0.0005426811403594911,0.00019074800366070122,0.6859159469604492,0.0014249180676415563,0.3119257092475891
C:/Users/KUBA/GitProjects/WKIRO-Project/data/GM001/Session2/Treadmill_Walk/Treadmill_Walk_Fast/Post_Process/Treadmill_Walk_Fast.csv,120,GM001,Session2,treadmill,walk,fast,3,walk_fast,3,walk_fast,0.9721513390541077,0.0003853072121273726,0.0006030930089764297,0.026347901672124863,0.9721513390541077,0.0005123579176142812
C:/Users/KUBA/GitProjects/WKIRO-Project/data/GQ016/Session1/Overground_Run/Run_Comfortable/Post_Process/Run_Comfortable6.csv,3,GQ016,Session1,overground,run,comfortable,0,run_comfortable,0,run_comfortable,0.5714825987815857,0.5714825987815857,0.4275454580783844,0.0003780074475798756,0.0002997234696522355,0.0002941698476206511
C:/Users/KUBA/GitProjects/WKIRO-Project/data/GQ016/Session1/Overground_Run/Run_Comfortable/Post_Process/Run_Comfortable9.csv,3,GQ016,Session1,overground,run,comfortable,0,run_comfortable,0,run_comfortable,0.9685311317443848,0.9685311317443848,0.02782278321683407,0.001340271788649261,0.0016235815128311515,0.0006822742871008813
C:/Users/KUBA/GitProjects/WKIRO-Project/data/GQ016/Session1/Overground_Run/Run_Fast/Post_Process/Run_Fast3.csv,2,GQ016,Session1,overground,run,fast,1,run_fast,1,run_fast,0.866907000541687,0.1295173615217209,0.866907000541687,0.0010681358398869634,0.0012705144472420216,0.001236959476955235
C:/Users/KUBA/GitProjects/WKIRO-Project/data/GQ016/Session1/Overground_Walk/Walk_Comfortable/Post_Process/Walk_Comfortable1.csv,7,GQ016,Session1,overground,walk,comfortable,2,walk_comfortable,4,walk_slow,0.551182746887207,0.0014826810220256448,0.0007130334270186722,0.4417036175727844,0.004917874000966549,0.551182746887207
C:/Users/KUBA/GitProjects/WKIRO-Project/data/GQ016/Session1/Overground_Walk/Walk_Fast/Post_Process/Walk_Fast8.csv,4,GQ016,Session1,overground,walk,fast,3,walk_fast,2,walk_comfortable,0.6157362461090088,0.012285459786653519,0.006035555154085159,0.6157362461090088,0.34536197781562805,0.020580684766173363
C:/Users/KUBA/GitProjects/WKIRO-Project/data/GQ016/Session1/Overground_Walk/Walk_Slow/Post_Process/Walk_Slow1.csv,9,GQ016,Session1,overground,walk,slow,4,walk_slow,4,walk_slow,0.9780683517456055,0.0005197890568524599,0.00019194073684047908,0.020614702254533768,0.0006052170065231621,0.9780683517456055
C:/Users/KUBA/GitProjects/WKIRO-Project/data/GQ016/Session1/Treadmill_Walk/Treadmill_Walk_Fast/Post_Process/Treadmill_Walk_Fast.csv,120,GQ016,Session1,treadmill,walk,fast,3,walk_fast,3,walk_fast,0.9785374999046326,0.016785698011517525,0.0003432227822486311,0.004157789517194033,0.9785374999046326,0.00017573930381331593
C:/Users/KUBA/GitProjects/WKIRO-Project/data/GQ016/Session2/Overground_Run/Run_Comfortable/Post_Process/Run_Comfortable6.csv,2,GQ016,Session2,overground,run,comfortable,0,run_comfortable,1,run_fast,0.9867872595787048,0.012664127163589,0.9867872595787048,0.00010212804772891104,0.0003193108132109046,0.0001272102672373876
C:/Users/KUBA/GitProjects/WKIRO-Project/data/GQ016/Session2/Overground_Run/Run_Fast/Post_Process/Run_Fast1.csv,2,GQ016,Session2,overground,run,fast,1,run_fast,1,run_fast,0.9889882206916809,0.010483084246516228,0.9889882206916809,9.408938058186322e-05,0.0003041116870008409,0.00013052922440692782
C:/Users/KUBA/GitProjects/WKIRO-Project/data/GQ016/Session2/Overground_Run/Run_Fast/Post_Process/Run_Fast6.csv,2,GQ016,Session2,overground,run,fast,1,run_fast,1,run_fast,0.7951614856719971,0.20094916224479675,0.7951614856719971,0.001151097472757101,0.0014350978890433908,0.0013031077105551958
C:/Users/KUBA/GitProjects/WKIRO-Project/data/GQ016/Session2/Overground_Walk/Walk_Comfortable/Post_Process/Walk_Comfortable2.csv,4,GQ016,Session2,overground,walk,comfortable,2,walk_comfortable,3,walk_fast,0.5398637652397156,0.0007146532880142331,0.001999347237870097,0.4509531855583191,0.5398637652397156,0.006469023413956165
C:/Users/KUBA/GitProjects/WKIRO-Project/data/GQ016/Session2/Overground_Walk/Walk_Comfortable/Post_Process/Walk_Comfortable7.csv,4,GQ016,Session2,overground,walk,comfortable,2,walk_comfortable,2,walk_comfortable,0.8666412234306335,0.0010676173260435462,0.0008113859803415835,0.8666412234306335,0.056518297642469406,0.07496151328086853
C:/Users/KUBA/GitProjects/WKIRO-Project/data/GQ016/Session2/Overground_Walk/Walk_Fast/Post_Process/Walk_Fast2.csv,4,GQ016,Session2,overground,walk,fast,3,walk_fast,3,walk_fast,0.9611221551895142,0.0006012722733430564,0.0006353778298944235,0.036948662251234055,0.9611221551895142,0.0006925292545929551
C:/Users/KUBA/GitProjects/WKIRO-Project/data/GQ016/Session2/Overground_Walk/Walk_Slow/Post_Process/Walk_Slow7.csv,5,GQ016,Session2,overground,walk,slow,4,walk_slow,4,walk_slow,0.8699852228164673,0.001107690972276032,0.00047204928705468774,0.12650011479854584,0.0019349483773112297,0.8699852228164673
C:/Users/KUBA/GitProjects/WKIRO-Project/data/GQ016/Session2/Treadmill_Walk/Treadmill_Walk_Slow/Post_Process/Treadmill_Walk_Slow.csv,120,GQ016,Session2,treadmill,walk,slow,4,walk_slow,4,walk_slow,0.9355672001838684,0.00023293678532354534,6.688868597848341e-05,0.06383953243494034,0.0002933776704594493,0.9355672001838684
C:/Users/KUBA/GitProjects/WKIRO-Project/data/HN021/Session1/Overground_Run/Run_Comfortable/Post_Process/Run_Comfortable1.csv,6,HN021,Session1,overground,run,comfortable,0,run_comfortable,0,run_comfortable,0.9681357741355896,0.9681357741355896,0.027043404057621956,0.0018148632952943444,0.002152058994397521,0.0008538644178770483
C:/Users/KUBA/GitProjects/WKIRO-Project/data/HN021/Session1/Overground_Run/Run_Fast/Post_Process/Run_Fast3.csv,3,HN021,Session1,overground,run,fast,1,run_fast,1,run_fast,0.929574191570282,0.06709273904561996,0.929574191570282,0.0008330083801411092,0.0013375537237152457,0.001162471016868949
C:/Users/KUBA/GitProjects/WKIRO-Project/data/HN021/Session1/Overground_Walk/Walk_Fast/Post_Process/Walk_Fast4.csv,5,HN021,Session1,overground,walk,fast,3,walk_fast,3,walk_fast,0.5436243414878845,0.0006883006426505744,0.002071512397378683,0.4429095685482025,0.5436243414878845,0.01070627011358738
C:/Users/KUBA/GitProjects/WKIRO-Project/data/HN021/Session1/Overground_Walk/Walk_Fast/Post_Process/Walk_Fast7.csv,5,HN021,Session1,overground,walk,fast,3,walk_fast,2,walk_comfortable,0.7029894590377808,0.0008374549215659499,0.0009650081628933549,0.7029894590377808,0.23108038306236267,0.06412769109010696
C:/Users/KUBA/GitProjects/WKIRO-Project/data/HN021/Session1/Overground_Walk/Walk_Slow/Post_Process/Walk_Slow7.csv,8,HN021,Session1,overground,walk,slow,4,walk_slow,4,walk_slow,0.9875119924545288,0.0003004739701282233,0.00014416096382774413,0.011540512554347515,0.0005028322921134531,0.9875119924545288
C:/Users/KUBA/GitProjects/WKIRO-Project/data/HN021/Session1/Overground_Walk/Walk_Slow/Post_Process/Walk_Slow8.csv,8,HN021,Session1,overground,walk,slow,4,walk_slow,4,walk_slow,0.9354963302612305,0.0002639376907609403,8.109553164104e-05,0.06382126361131668,0.0003374283551238477,0.9354963302612305
C:/Users/KUBA/GitProjects/WKIRO-Project/data/HN021/Session2/Overground_Run/Run_Comfortable/Post_Process/Run_Comfortable5.csv,4,HN021,Session2,overground,run,comfortable,0,run_comfortable,0,run_comfortable,0.9435721635818481,0.9435721635818481,0.04978328198194504,0.0024128202348947525,0.003301798366010189,0.0009299091179855168
C:/Users/KUBA/GitProjects/WKIRO-Project/data/HN021/Session2/Overground_Run/Run_Comfortable/Post_Process/Run_Comfortable6.csv,4,HN021,Session2,overground,run,comfortable,0,run_comfortable,0,run_comfortable,0.5255189538002014,0.5255189538002014,0.47267863154411316,0.00036768370773643255,0.001130466116592288,0.0003042588650714606
C:/Users/KUBA/GitProjects/WKIRO-Project/data/HN021/Session2/Overground_Run/Run_Fast/Post_Process/Run_Fast4.csv,3,HN021,Session2,overground,run,fast,1,run_fast,1,run_fast,0.9473182559013367,0.049590785056352615,0.9473182559013367,0.0007149497978389263,0.0013218870153650641,0.0010540919611230493
C:/Users/KUBA/GitProjects/WKIRO-Project/data/HN021/Session2/Overground_Run/Run_Fast/Post_Process/Run_Fast9.csv,3,HN021,Session2,overground,run,fast,1,run_fast,1,run_fast,0.9381441473960876,0.059326592832803726,0.9381441473960876,0.0006544234347529709,0.0010160148376598954,0.0008588598575443029
C:/Users/KUBA/GitProjects/WKIRO-Project/data/HN021/Session2/Overground_Walk/Walk_Comfortable/Post_Process/Walk_Comfortable1.csv,6,HN021,Session2,overground,walk,comfortable,2,walk_comfortable,4,walk_slow,0.7255218029022217,0.0010702930158004165,0.000670031935442239,0.2685488760471344,0.00418891292065382,0.7255218029022217
C:/Users/KUBA/GitProjects/WKIRO-Project/data/HN021/Session2/Overground_Walk/Walk_Comfortable/Post_Process/Walk_Comfortable4.csv,6,HN021,Session2,overground,walk,comfortable,2,walk_comfortable,2,walk_comfortable,0.9115524291992188,0.00034326573950238526,0.00032002656371332705,0.9115524291992188,0.06863796710968018,0.019146382808685303
C:/Users/KUBA/GitProjects/WKIRO-Project/data/HN021/Session2/Overground_Walk/Walk_Slow/Post_Process/Walk_Slow3.csv,10,HN021,Session2,overground,walk,slow,4,walk_slow,4,walk_slow,0.9846301078796387,0.00033824797719717026,0.00016352711827494204,0.01426976639777422,0.0005983331939205527,0.9846301078796387
C:/Users/KUBA/GitProjects/WKIRO-Project/data/HN021/Session2/Treadmill_Walk/Treadmill_Walk_Fast/Post_Process/Treadmill_Walk_Fast.csv,120,HN021,Session2,treadmill,walk,fast,3,walk_fast,3,walk_fast,0.946353018283844,0.015242183580994606,0.001144662732258439,0.036007653921842575,0.946353018283844,0.001252480549737811
C:/Users/KUBA/GitProjects/WKIRO-Project/data/HS018/Session1/Overground_Run/Run_Comfortable/Post_Process/Run_Comfortable1.csv,3,HS018,Session1,overground,run,comfortable,0,run_comfortable,0,run_comfortable,0.8850997090339661,0.8850997090339661,0.11075463145971298,0.0015978552401065826,0.0016515286406502128,0.0008962037973105907
C:/Users/KUBA/GitProjects/WKIRO-Project/data/HS018/Session1/Overground_Run/Run_Comfortable/Post_Process/Run_Comfortable3.csv,3,HS018,Session1,overground,run,comfortable,0,run_comfortable,0,run_comfortable,0.8497287631034851,0.8497287631034851,0.14546580612659454,0.0018948828801512718,0.0018345651915296912,0.0010760071454569697
C:/Users/KUBA/GitProjects/WKIRO-Project/data/HS018/Session1/Overground_Run/Run_Fast/Post_Process/Run_Fast3.csv,2,HS018,Session1,overground,run,fast,1,run_fast,1,run_fast,0.9811795353889465,0.018246451392769814,0.9811795353889465,0.00012266478734090924,0.0002826286945492029,0.00016869002138264477
C:/Users/KUBA/GitProjects/WKIRO-Project/data/HS018/Session1/Overground_Run/Run_Fast/Post_Process/Run_Fast9.csv,3,HS018,Session1,overground,run,fast,1,run_fast,1,run_fast,0.8557584881782532,0.14058765769004822,0.8557584881782532,0.0010180320823565125,0.0014158823760226369,0.001219926169142127
C:/Users/KUBA/GitProjects/WKIRO-Project/data/HS018/Session1/Overground_Walk/Walk_Fast/Post_Process/Walk_Fast2.csv,3,HS018,Session1,overground,walk,fast,3,walk_fast,2,walk_comfortable,0.7383154034614563,0.018898827955126762,0.006835534702986479,0.7383154034614563,0.18144087493419647,0.05450939014554024
C:/Users/KUBA/GitProjects/WKIRO-Project/data/HS018/Session1/Overground_Walk/Walk_Fast/Post_Process/Walk_Fast8.csv,4,HS018,Session1,overground,walk,fast,3,walk_fast,3,walk_fast,0.987616240978241,0.0011902557453140616,0.0014732587151229382,0.00915450043976307,0.987616240978241,0.0005657210131175816
C:/Users/KUBA/GitProjects/WKIRO-Project/data/HS018/Session1/Overground_Walk/Walk_Slow/Post_Process/Walk_Slow4.csv,5,HS018,Session1,overground,walk,slow,4,walk_slow,2,walk_comfortable,0.6227126717567444,0.0009474499966017902,0.0011851724702864885,0.6227126717567444,0.006380476988852024,0.3687742352485657
C:/Users/KUBA/GitProjects/WKIRO-Project/data/HS018/Session1/Treadmill_Run/Treadmill_Run_Fast/Post_Process/Treadmill_Run_Fast.csv,120,HS018,Session1,treadmill,run,fast,1,run_fast,1,run_fast,0.5550313591957092,0.4423266053199768,0.5550313591957092,0.0009878986747935414,0.000671381363645196,0.0009827842004597187
C:/Users/KUBA/GitProjects/WKIRO-Project/data/HS018/Session2/Overground_Run/Run_Comfortable/Post_Process/Run_Comfortable8.csv,3,HS018,Session2,overground,run,comfortable,0,run_comfortable,0,run_comfortable,0.9950554370880127,0.9950554370880127,0.004273049999028444,0.00020585079619195312,0.0001086193005903624,0.00035703033790923655
C:/Users/KUBA/GitProjects/WKIRO-Project/data/HS018/Session2/Overground_Walk/Walk_Comfortable/Post_Process/Walk_Comfortable6.csv,4,HS018,Session2,overground,walk,comfortable,2,walk_comfortable,3,walk_fast,0.8287954330444336,0.0005043273558840156,0.0013420555042102933,0.16617916524410248,0.8287954330444336,0.003179070306941867
C:/Users/KUBA/GitProjects/WKIRO-Project/data/HS018/Session2/Overground_Walk/Walk_Comfortable/Post_Process/Walk_Comfortable8.csv,3,HS018,Session2,overground,walk,comfortable,2,walk_comfortable,3,walk_fast,0.9889995455741882,0.0003584489750210196,0.0002137302071787417,0.010168268345296383,0.9889995455741882,0.00026003827224485576
C:/Users/KUBA/GitProjects/WKIRO-Project/data/HS018/Session2/Overground_Walk/Walk_Fast/Post_Process/Walk_Fast5.csv,3,HS018,Session2,overground,walk,fast,3,walk_fast,2,walk_comfortable,0.6166579127311707,0.004187112674117088,0.0022778911516070366,0.6166579127311707,0.32179081439971924,0.05508633330464363
C:/Users/KUBA/GitProjects/WKIRO-Project/data/HS018/Session2/Treadmill_Walk/Treadmill_Walk_Slow/Post_Process/Treadmill_Walk_Slow.csv,120,HS018,Session2,treadmill,walk,slow,4,walk_slow,4,walk_slow,0.6615375280380249,0.0005302293575368822,0.0002641522733028978,0.3287939727306366,0.008874057792127132,0.6615375280380249
C:/Users/KUBA/GitProjects/WKIRO-Project/data/JS009/Session1/Overground_Run/Run_Comfortable/Post_Process/Run_Comfortable3.csv,3,JS009,Session1,overground,run,comfortable,0,run_comfortable,0,run_comfortable,0.8752209544181824,0.8752209544181824,0.12024518102407455,0.0017094534123316407,0.0017536841332912445,0.0010707407491281629
C:/Users/KUBA/GitProjects/WKIRO-Project/data/JS009/Session1/Overground_Run/Run_Comfortable/Post_Process/Run_Comfortable7.csv,3,JS009,Session1,overground,run,comfortable,0,run_comfortable,0,run_comfortable,0.8842940926551819,0.8842940926551819,0.1115211769938469,0.0015662213554605842,0.0016808873042464256,0.0009376111556775868
C:/Users/KUBA/GitProjects/WKIRO-Project/data/JS009/Session1/Overground_Run/Run_Fast/Post_Process/Run_Fast10.csv,2,JS009,Session1,overground,run,fast,1,run_fast,1,run_fast,0.9875785112380981,0.011872548609972,0.9875785112380981,9.9399738246575e-05,0.0003102028276771307,0.00013934521120972931
C:/Users/KUBA/GitProjects/WKIRO-Project/data/JS009/Session1/Overground_Run/Run_Fast/Post_Process/Run_Fast11.csv,2,JS009,Session1,overground,run,fast,1,run_fast,1,run_fast,0.777668833732605,0.2176041454076767,0.777668833732605,0.0014744903892278671,0.0016976624028757215,0.0015549196396023035
C:/Users/KUBA/GitProjects/WKIRO-Project/data/JS009/Session1/Overground_Run/Run_Fast/Post_Process/Run_Fast17.csv,2,JS009,Session1,overground,run,fast,1,run_fast,1,run_fast,0.9876923561096191,0.011716034263372421,0.9876923561096191,0.00010963559179799631,0.00032636942341923714,0.0001556301722303033
C:/Users/KUBA/GitProjects/WKIRO-Project/data/JS009/Session1/Overground_Walk/Walk_Comfortable/Post_Process/Walk_Comfortable2.csv,4,JS009,Session1,overground,walk,comfortable,2,walk_comfortable,2,walk_comfortable,0.6029715538024902,0.001684349263086915,0.0013759066350758076,0.6029715538024902,0.3823481798171997,0.011619996279478073
C:/Users/KUBA/GitProjects/WKIRO-Project/data/JS009/Session1/Overground_Walk/Walk_Comfortable/Post_Process/Walk_Comfortable5.csv,4,JS009,Session1,overground,walk,comfortable,2,walk_comfortable,4,walk_slow,0.66489577293396,0.0015718590002506971,0.0007808650843799114,0.32730698585510254,0.005444562062621117,0.66489577293396
C:/Users/KUBA/GitProjects/WKIRO-Project/data/JS009/Session1/Overground_Walk/Walk_Fast/Post_Process/Walk_Fast3.csv,3,JS009,Session1,overground,walk,fast,3,walk_fast,2,walk_comfortable,0.5449656844139099,0.011371909640729427,0.005752455443143845,0.5449656844139099,0.416757196187973,0.021152770146727562
C:/Users/KUBA/GitProjects/WKIRO-Project/data/JS009/Session1/Overground_Walk/Walk_Fast/Post_Process/Walk_Fast7.csv,4,JS009,Session1,overground,walk,fast,3,walk_fast,2,walk_comfortable,0.6264153718948364,0.0016694136429578066,0.0016799259465187788,0.6264153718948364,0.34737542271614075,0.0228598490357399
C:/Users/KUBA/GitProjects/WKIRO-Project/data/JS009/Session1/Overground_Walk/Walk_Slow/Post_Process/Walk_Slow2.csv,7,JS009,Session1,overground,walk,slow,4,walk_slow,2,walk_comfortable,0.6098722219467163,0.00036767072742804885,0.00017237717111129314,0.6098722219467163,0.0019930608104914427,0.38759469985961914
C:/Users/KUBA/GitProjects/WKIRO-Project/data/JS009/Session1/Overground_Walk/Walk_Slow/Post_Process/Walk_Slow8.csv,7,JS009,Session1,overground,walk,slow,4,walk_slow,2,walk_comfortable,0.6172655820846558,0.0003743679553736001,0.00016554728790652007,0.6172655820846558,0.0018215111922472715,0.3803730010986328
C:/Users/KUBA/GitProjects/WKIRO-Project/data/JS009/Session2/Overground_Run/Run_Comfortable/Post_Process/Run_Comfortable5.csv,3,JS009,Session2,overground,run,comfortable,0,run_comfortable,0,run_comfortable,0.871229887008667,0.871229887008667,0.12404367327690125,0.0018812017515301704,0.001682246453128755,0.0011630274821072817
C:/Users/KUBA/GitProjects/WKIRO-Project/data/JS009/Session2/Overground_Run/Run_Comfortable/Post_Process/Run_Comfortable6.csv,2,JS009,Session2,overground,run,comfortable,0,run_comfortable,0,run_comfortable,0.9707587957382202,0.9707587957382202,0.028257254511117935,0.0004643237334676087,0.00020607119950000197,0.0003134867874905467
C:/Users/KUBA/GitProjects/WKIRO-Project/data/JS009/Session2/Overground_Run/Run_Comfortable/Post_Process/Run_Comfortable8.csv,2,JS009,Session2,overground,run,comfortable,0,run_comfortable,0,run_comfortable,0.5587363839149475,0.5587363839149475,0.4402824640274048,0.0003235590411350131,0.00038059160578995943,0.00027705810498446226
C:/Users/KUBA/GitProjects/WKIRO-Project/data/JS009/Session2/Overground_Run/Run_Fast/Post_Process/Run_Fast3.csv,2,JS009,Session2,overground,run,fast,1,run_fast,1,run_fast,0.884469747543335,0.11192771792411804,0.884469747543335,0.0010987601708620787,0.0012897922424599528,0.0012139740865677595
C:/Users/KUBA/GitProjects/WKIRO-Project/data/JS009/Session2/Overground_Run/Run_Fast/Post_Process/Run_Fast9.csv,2,JS009,Session2,overground,run,fast,1,run_fast,1,run_fast,0.8856934309005737,0.11044828593730927,0.8856934309005737,0.0010992871830239892,0.0014211591333150864,0.0013378957519307733
C:/Users/KUBA/GitProjects/WKIRO-Project/data/JS009/Session2/Overground_Walk/Walk_Fast/Post_Process/Walk_Fast8.csv,3,JS009,Session2,overground,walk,fast,3,walk_fast,3,walk_fast,0.9950643181800842,0.00018612714484333992,0.00020951872284058481,0.004410072695463896,0.9950643181800842,0.00012993643758818507
C:/Users/KUBA/GitProjects/WKIRO-Project/data/JS009/Session2/Treadmill_Walk/Treadmill_Walk_Comfortable/Post_Process/Treadmill_Walk_Comfortable.csv,120,JS009,Session2,treadmill,walk,comfortable,2,walk_comfortable,2,walk_comfortable,0.6526280641555786,0.00043018595897592604,0.00017344774096272886,0.6526280641555786,0.0018042969750240445,0.34496402740478516
C:/Users/KUBA/GitProjects/WKIRO-Project/data/LA014/Session1/Overground_Run/Run_Comfortable/Post_Process/Run_Comfortable1.csv,3,LA014,Session1,overground,run,comfortable,0,run_comfortable,0,run_comfortable,0.8190107941627502,0.8190107941627502,0.16515712440013885,0.0028619689401239157,0.011379682458937168,0.0015904344618320465
C:/Users/KUBA/GitProjects/WKIRO-Project/data/LA014/Session1/Overground_Run/Run_Comfortable/Post_Process/Run_Comfortable2.csv,2,LA014,Session1,overground,run,comfortable,0,run_comfortable,0,run_comfortable,0.5395243167877197,0.5395243167877197,0.4588063955307007,0.0005253079580143094,0.0009100866736844182,0.00023391403374262154
C:/Users/KUBA/GitProjects/WKIRO-Project/data/LA014/Session1/Overground_Run/Run_Fast/Post_Process/Run_Fast10.csv,2,LA014,Session1,overground,run,fast,1,run_fast,1,run_fast,0.9803801774978638,0.018391355872154236,0.9803801774978638,0.00019272739882580936,0.0008326255483552814,0.00020307234080974013
C:/Users/KUBA/GitProjects/WKIRO-Project/data/LA014/Session1/Overground_Walk/Walk_Comfortable/Post_Process/Walk_Comfortable8.csv,3,LA014,Session1,overground,walk,comfortable,2,walk_comfortable,2,walk_comfortable,0.9113608002662659,0.00027810459141619503,0.00030447664903476834,0.9113608002662659,0.06723516434431076,0.02082139626145363
C:/Users/KUBA/GitProjects/WKIRO-Project/data/LA014/Session1/Overground_Walk/Walk_Fast/Post_Process/Walk_Fast1.csv,3,LA014,Session1,overground,walk,fast,3,walk_fast,2,walk_comfortable,0.8850917220115662,0.0009404858574271202,0.0007322634919546545,0.8850917220115662,0.020218828693032265,0.09301674365997314
C:/Users/KUBA/GitProjects/WKIRO-Project/data/LA014/Session1/Overground_Walk/Walk_Fast/Post_Process/Walk_Fast8.csv,4,LA014,Session1,overground,walk,fast,3,walk_fast,3,walk_fast,0.982960045337677,0.00025662037660367787,0.00028634455520659685,0.016101866960525513,0.982960045337677,0.00039516715332865715
C:/Users/KUBA/GitProjects/WKIRO-Project/data/LA014/Session1/Overground_Walk/Walk_Slow/Post_Process/Walk_Slow7.csv,7,LA014,Session1,overground,walk,slow,4,walk_slow,4,walk_slow,0.9889049530029297,0.00031901668990030885,0.0001443142828065902,0.010171964764595032,0.0004598335362970829,0.9889049530029297
C:/Users/KUBA/GitProjects/WKIRO-Project/data/LA014/Session1/Treadmill_Walk/Treadmill_Walk_Slow/Post_Process/Treadmill_Walk_Slow.csv,120,LA014,Session1,treadmill,walk,slow,4,walk_slow,4,walk_slow,0.548008918762207,0.00037647614954039454,0.00012511038221418858,0.45002880692481995,0.0014606331242248416,0.548008918762207
C:/Users/KUBA/GitProjects/WKIRO-Project/data/LA014/Session2/Overground_Run/Run_Comfortable/Post_Process/Run_Comfortable2.csv,2,LA014,Session2,overground,run,comfortable,0,run_comfortable,0,run_comfortable,0.9755790829658508,0.9755790829658508,0.02236020192503929,0.0005848878063261509,0.0012550787068903446,0.00022075434389989823
C:/Users/KUBA/GitProjects/WKIRO-Project/data/LA014/Session2/Overground_Run/Run_Fast/Post_Process/Run_Fast5.csv,2,LA014,Session2,overground,run,fast,1,run_fast,1,run_fast,0.911901593208313,0.0840388685464859,0.911901593208313,0.0009765594732016325,0.0016351494705304503,0.0014478301163762808
C:/Users/KUBA/GitProjects/WKIRO-Project/data/LA014/Session2/Overground_Run/Run_Fast/Post_Process/Run_Fast8.csv,2,LA014,Session2,overground,run,fast,1,run_fast,1,run_fast,0.9805293083190918,0.018649311736226082,0.9805293083190918,0.00015636874013580382,0.00048371951561421156,0.00018130659009329975
C:/Users/KUBA/GitProjects/WKIRO-Project/data/LA014/Session2/Overground_Walk/Walk_Comfortable/Post_Process/Walk_Comfortable5.csv,4,LA014,Session2,overground,walk,comfortable,2,walk_comfortable,2,walk_comfortable,0.8505625128746033,0.0007471236167475581,0.0008190388907678425,0.8505625128746033,0.0962754338979721,0.05159585550427437
C:/Users/KUBA/GitProjects/WKIRO-Project/data/LA014/Session2/Overground_Walk/Walk_Fast/Post_Process/Walk_Fast8.csv,3,LA014,Session2,overground,walk,fast,3,walk_fast,3,walk_fast,0.9817654490470886,0.0004965867847204208,0.0003484347544144839,0.016906412318348885,0.9817654490470886,0.0004831658734474331
C:/Users/KUBA/GitProjects/WKIRO-Project/data/LA014/Session2/Overground_Walk/Walk_Slow/Post_Process/Walk_Slow2.csv,5,LA014,Session2,overground,walk,slow,4,walk_slow,4,walk_slow,0.9851667284965515,0.00016906685777939856,4.338694998295978e-05,0.01446764636784792,0.00015317343058995903,0.9851667284965515
C:/Users/KUBA/GitProjects/WKIRO-Project/data/LA014/Session2/Treadmill_Walk/Treadmill_Walk_Comfortable/Post_Process/Treadmill_Walk_Comfortable.csv,120,LA014,Session2,treadmill,walk,comfortable,2,walk_comfortable,4,walk_slow,0.636688232421875,0.0004213442443870008,0.00015095366688910872,0.3612012565135956,0.0015382731799036264,0.636688232421875
C:/Users/KUBA/GitProjects/WKIRO-Project/data/LD002/Session1/Overground_Run/Run_Comfortable/Post_Process/Run_Comfortable3.csv,2,LD002,Session1,overground,run,comfortable,0,run_comfortable,0,run_comfortable,0.7391762733459473,0.7391762733459473,0.25630104541778564,0.0016943900845944881,0.0017102737911045551,0.0011179374996572733
C:/Users/KUBA/GitProjects/WKIRO-Project/data/LD002/Session1/Overground_Run/Run_Comfortable/Post_Process/Run_Comfortable4.csv,3,LD002,Session1,overground,run,comfortable,0,run_comfortable,0,run_comfortable,0.9939460754394531,0.9939460754394531,0.005332463886588812,0.00023206346668303013,0.00020953854254912585,0.00027986554778181016
C:/Users/KUBA/GitProjects/WKIRO-Project/data/LD002/Session1/Overground_Walk/Walk_Comfortable/Post_Process/Walk_Comfortable12.csv,4,LD002,Session1,overground,walk,comfortable,2,walk_comfortable,3,walk_fast,0.9897211790084839,0.0002989267522934824,0.00020500355458352715,0.00955559965223074,0.9897211790084839,0.00021927767375018448
C:/Users/KUBA/GitProjects/WKIRO-Project/data/LD002/Session1/Overground_Walk/Walk_Comfortable/Post_Process/Walk_Comfortable2.csv,3,LD002,Session1,overground,walk,comfortable,2,walk_comfortable,3,walk_fast,0.9932779669761658,0.00021617847960442305,0.00017609937640372664,0.006185905542224646,0.9932779669761658,0.00014382808876689523
C:/Users/KUBA/GitProjects/WKIRO-Project/data/LD002/Session1/Overground_Walk/Walk_Comfortable/Post_Process/Walk_Comfortable9.csv,4,LD002,Session1,overground,walk,comfortable,2,walk_comfortable,2,walk_comfortable,0.8691310882568359,0.0009454661048948765,0.0006448117783293128,0.8691310882568359,0.02240852639079094,0.1068701297044754
C:/Users/KUBA/GitProjects/WKIRO-Project/data/LD002/Session1/Overground_Walk/Walk_Fast/Post_Process/Walk_Fast1.csv,4,LD002,Session1,overground,walk,fast,3,walk_fast,3,walk_fast,0.9477447867393494,0.0020790279377251863,0.0010747058549895883,0.04760969802737236,0.9477447867393494,0.0014917866792529821
C:/Users/KUBA/GitProjects/WKIRO-Project/data/LD002/Session1/Overground_Walk/Walk_Fast/Post_Process/Walk_Fast2.csv,2,LD002,Session1,overground,walk,fast,3,walk_fast,3,walk_fast,0.9942284822463989,0.00020650574879255146,0.0001496923214290291,0.00529775395989418,0.9942284822463989,0.00011757604079321027
C:/Users/KUBA/GitProjects/WKIRO-Project/data/LD002/Session1/Overground_Walk/Walk_Fast/Post_Process/Walk_Fast7.csv,3,LD002,Session1,overground,walk,fast,3,walk_fast,3,walk_fast,0.7435755133628845,0.0019719970878213644,0.0013713390799239278,0.24428629875183105,0.7435755133628845,0.00879490002989769
C:/Users/KUBA/GitProjects/WKIRO-Project/data/LD002/Session2/Overground_Run/Run_Comfortable/Post_Process/Run_Comfortable6.csv,3,LD002,Session2,overground,run,comfortable,0,run_comfortable,0,run_comfortable,0.592477023601532,0.592477023601532,0.4060412347316742,0.0004963616956956685,0.00044928319402970374,0.0005361514631658792
C:/Users/KUBA/GitProjects/WKIRO-Project/data/LD002/Session2/Overground_Run/Run_Fast/Post_Process/Run_Fast1.csv,2,LD002,Session2,overground,run,fast,1,run_fast,1,run_fast,0.9325057864189148,0.06435409188270569,0.9325057864189148,0.0007438551401719451,0.0013330122455954552,0.001063198084011674
C:/Users/KUBA/GitProjects/WKIRO-Project/data/LD002/Session2/Overground_Run/Run_Fast/Post_Process/Run_Fast11.csv,2,LD002,Session2,overground,run,fast,1,run_fast,1,run_fast,0.9003904461860657,0.095870241522789,0.9003904461860657,0.0010264893062412739,0.0014392560115084052,0.0012735594063997269
C:/Users/KUBA/GitProjects/WKIRO-Project/data/LD002/Session2/Overground_Run/Run_Fast/Post_Process/Run_Fast15.csv,1,LD002,Session2,overground,run,fast,1,run_fast,1,run_fast,0.9108568429946899,0.0858420804142952,0.9108568429946899,0.000880031380802393,0.0012109928065910935,0.0012100444873794913
C:/Users/KUBA/GitProjects/WKIRO-Project/data/LD002/Session2/Overground_Run/Run_Fast/Post_Process/Run_Fast3.csv,1,LD002,Session2,overground,run,fast,1,run_fast,1,run_fast,0.9015425443649292,0.09460494667291641,0.9015425443649292,0.0010674024233594537,0.0013796165585517883,0.0014054671628400683
C:/Users/KUBA/GitProjects/WKIRO-Project/data/LD002/Session2/Overground_Walk/Walk_Slow/Post_Process/Walk_Slow2.csv,6,LD002,Session2,overground,walk,slow,4,walk_slow,4,walk_slow,0.7700448036193848,0.00039775072946213186,0.0001223621511599049,0.22886811196804047,0.0005669145612046123,0.7700448036193848
C:/Users/KUBA/GitProjects/WKIRO-Project/data/LD002/Session2/Overground_Walk/Walk_Slow/Post_Process/Walk_Slow5.csv,7,LD002,Session2,overground,walk,slow,4,walk_slow,4,walk_slow,0.9855460524559021,0.00041038173367269337,0.00014741565973963588,0.013402727432549,0.0004934340249747038,0.9855460524559021
C:/Users/KUBA/GitProjects/WKIRO-Project/data/LF003/Session1/Overground_Run/Run_Comfortable/Post_Process/Run_Comfortable11.csv,3,LF003,Session1,overground,run,comfortable,0,run_comfortable,0,run_comfortable,0.9633144736289978,0.9633144736289978,0.03263266757130623,0.0015341192483901978,0.0017768196994438767,0.0007419316680170596
C:/Users/KUBA/GitProjects/WKIRO-Project/data/LF003/Session1/Overground_Run/Run_Comfortable/Post_Process/Run_Comfortable12.csv,3,LF003,Session1,overground,run,comfortable,0,run_comfortable,0,run_comfortable,0.8109980225563049,0.8109980225563049,0.18766231834888458,0.00038732332177460194,0.00029804420773871243,0.0006543081253767014
C:/Users/KUBA/GitProjects/WKIRO-Project/data/LF003/Session1/Overground_Run/Run_Comfortable/Post_Process/Run_Comfortable15.csv,3,LF003,Session1,overground,run,comfortable,0,run_comfortable,0,run_comfortable,0.9440677165985107,0.9440677165985107,0.05159934237599373,0.0016402077162638307,0.00189200637396425,0.0008007669821381569
C:/Users/KUBA/GitProjects/WKIRO-Project/data/LF003/Session1/Overground_Run/Run_Fast/Post_Process/Run_Fast3.csv,2,LF003,Session1,overground,run,fast,1,run_fast,1,run_fast,0.9073008298873901,0.08976493030786514,0.9073008298873901,0.0009029317297972739,0.0009827251778915524,0.0010486198589205742
C:/Users/KUBA/GitProjects/WKIRO-Project/data/LF003/Session1/Overground_Walk/Walk_Comfortable/Post_Process/Walk_Comfortable3.csv,6,LF003,Session1,overground,walk,comfortable,2,walk_comfortable,2,walk_comfortable,0.7911928296089172,0.0016651349142193794,0.0011052285553887486,0.7911928296089172,0.036770377308130264,0.16926638782024384
C:/Users/KUBA/GitProjects/WKIRO-Project/data/LF003/Session1/Overground_Walk/Walk_Fast/Post_Process/Walk_Fast5.csv,3,LF003,Session1,overground,walk,fast,3,walk_fast,3,walk_fast,0.666659414768219,0.0016128375427797437,0.001476313336752355,0.31839197874069214,0.666659414768219,0.011859449557960033
C:/Users/KUBA/GitProjects/WKIRO-Project/data/LF003/Session1/Overground_Walk/Walk_Fast/Post_Process/Walk_Fast6.csv,3,LF003,Session1,overground,walk,fast,3,walk_fast,3,walk_fast,0.993252694606781,0.0002882973349187523,0.00021753001783508807,0.006082164589315653,0.993252694606781,0.00015932774113025516
C:/Users/KUBA/GitProjects/WKIRO-Project/data/LF003/Session1/Overground_Walk/Walk_Slow/Post_Process/Walk_Slow4.csv,6,LF003,Session1,overground,walk,slow,4,walk_slow,2,walk_comfortable,0.770221471786499,0.00044610342592932284,0.0003374563530087471,0.770221471786499,0.005471991840749979,0.22352302074432373
C:/Users/KUBA/GitProjects/WKIRO-Project/data/LF003/Session1/Treadmill_Run/Treadmill_Run_Comfortable/Post_Process/Treadmill_Run_Comfortable.csv,120,LF003,Session1,treadmill,run,comfortable,0,run_comfortable,0,run_comfortable,0.9975519776344299,0.9975519776344299,0.001993080135434866,0.00014653027756139636,0.00010167970322072506,0.0002066620800178498
C:/Users/KUBA/GitProjects/WKIRO-Project/data/LF003/Session1/Treadmill_Walk/Treadmill_Walk_Comfortable/Post_Process/Treadmill_Walk_Comfortable.csv,124,LF003,Session1,treadmill,walk,comfortable,2,walk_comfortable,4,walk_slow,0.6061333417892456,0.00046833325177431107,0.00031821083393879235,0.3862018585205078,0.006878298707306385,0.6061333417892456
C:/Users/KUBA/GitProjects/WKIRO-Project/data/LF003/Session2/Overground_Run/Run_Fast/Post_Process/Run_Fast10.csv,2,LF003,Session2,overground,run,fast,1,run_fast,1,run_fast,0.9886249303817749,0.010704405605793,0.9886249303817749,0.00012452274677343667,0.0003835145034827292,0.0001626037701498717
C:/Users/KUBA/GitProjects/WKIRO-Project/data/LF003/Session2/Overground_Walk/Walk_Comfortable/Post_Process/Walk_Comfortable6.csv,3,LF003,Session2,overground,walk,comfortable,2,walk_comfortable,3,walk_fast,0.9951609969139099,0.00021630025003105402,0.00019326254550833255,0.004307107999920845,0.9951609969139099,0.00012229969433974475
C:/Users/KUBA/GitProjects/WKIRO-Project/data/LF003/Session2/Overground_Walk/Walk_Fast/Post_Process/Walk_Fast12.csv,3,LF003,Session2,overground,walk,fast,3,walk_fast,3,walk_fast,0.9845179915428162,0.0035574266221374273,0.005529600661247969,0.006079087499529123,0.9845179915428162,0.000315934419631958
C:/Users/KUBA/GitProjects/WKIRO-Project/data/LF003/Session2/Overground_Walk/Walk_Fast/Post_Process/Walk_Fast8.csv,3,LF003,Session2,overground,walk,fast,3,walk_fast,3,walk_fast,0.9945909380912781,0.0002838588843587786,0.0002843209367711097,0.004707337822765112,0.9945909380912781,0.00013349288201425225
C:/Users/KUBA/GitProjects/WKIRO-Project/data/LF003/Session2/Treadmill_Run/Treadmill_Run_Fast/Post_Process/Treadmill_Run_Fast.csv,120,LF003,Session2,treadmill,run,fast,1,run_fast,1,run_fast,0.9852463006973267,0.014179340563714504,0.9852463006973267,0.00011046534200431779,0.00031491456320509315,0.00014903582632541656
C:/Users/KUBA/GitProjects/WKIRO-Project/data/LF003/Session2/Treadmill_Walk/Treadmill_Walk_Slow/Post_Process/Treadmill_Walk_Slow.csv,125,LF003,Session2,treadmill,walk,slow,4,walk_slow,4,walk_slow,0.6356087327003479,0.0019403911428526044,0.00017684428894426674,0.35923048853874207,0.003043481847271323,0.6356087327003479
C:/Users/KUBA/GitProjects/WKIRO-Project/data/LL011/Session1/Overground_Run/Run_Comfortable/Post_Process/Run_Comfortable6.csv,1,LL011,Session1,overground,run,comfortable,0,run_comfortable,1,run_fast,0.9184795618057251,0.07862798869609833,0.9184795618057251,0.0008152439258992672,0.0010570070007815957,0.0010201230179518461
C:/Users/KUBA/GitProjects/WKIRO-Project/data/LL011/Session1/Overground_Run/Run_Fast/Post_Process/Run_Fast4.csv,2,LL011,Session1,overground,run,fast,1,run_fast,1,run_fast,0.868121325969696,0.12865468859672546,0.868121325969696,0.0008525754674337804,0.00126091786660254,0.0011104494333267212
C:/Users/KUBA/GitProjects/WKIRO-Project/data/LL011/Session1/Overground_Run/Run_Fast/Post_Process/Run_Fast5.csv,1,LL011,Session1,overground,run,fast,1,run_fast,1,run_fast,0.9054491519927979,0.08996548503637314,0.9054491519927979,0.001219683326780796,0.0016422965563833714,0.0017233762191608548
C:/Users/KUBA/GitProjects/WKIRO-Project/data/LL011/Session1/Overground_Walk/Walk_Fast/Post_Process/Walk_Fast2.csv,4,LL011,Session1,overground,walk,fast,3,walk_fast,3,walk_fast,0.9933435916900635,0.0002535675885155797,0.00019769133359659463,0.006033768877387047,0.9933435916900635,0.0001714415120659396
C:/Users/KUBA/GitProjects/WKIRO-Project/data/LL011/Session1/Overground_Walk/Walk_Fast/Post_Process/Walk_Fast9.csv,4,LL011,Session1,overground,walk,fast,3,walk_fast,2,walk_comfortable,0.5627707242965698,0.0014196470146998763,0.0012734741903841496,0.5627707242965698,0.41829580068588257,0.016240369528532028
C:/Users/KUBA/GitProjects/WKIRO-Project/data/LL011/Session1/Overground_Walk/Walk_Slow/Post_Process/Walk_Slow1.csv,9,LL011,Session1,overground,walk,slow,4,walk_slow,4,walk_slow,0.98493492603302,0.0004380519094411284,0.00015096193237695843,0.01402804721146822,0.00044812343548983335,0.98493492603302
C:/Users/KUBA/GitProjects/WKIRO-Project/data/LL011/Session1/Treadmill_Walk/Treadmill_Walk_Comfortable/Post_Process/Treadmill_Walk_Comfortable.csv,120,LL011,Session1,treadmill,walk,comfortable,2,walk_comfortable,2,walk_comfortable,0.8261568546295166,0.00040988242835737765,0.0001392307021887973,0.8261568546295166,0.001779996557161212,0.17151397466659546
C:/Users/KUBA/GitProjects/WKIRO-Project/data/LL011/Session2/Overground_Run/Run_Comfortable/Post_Process/Run_Comfortable6.csv,2,LL011,Session2,overground,run,comfortable,0,run_comfortable,1,run_fast,0.986422061920166,0.01298408955335617,0.986422061920166,0.00010646862210705876,0.00033091139630414546,0.000156431517098099
C:/Users/KUBA/GitProjects/WKIRO-Project/data/LL011/Session2/Overground_Run/Run_Fast/Post_Process/Run_Fast7.csv,2,LL011,Session2,overground,run,fast,1,run_fast,1,run_fast,0.9020294547080994,0.09464535862207413,0.9020294547080994,0.0009543531923554838,0.0011738126631826162,0.001197008416056633
C:/Users/KUBA/GitProjects/WKIRO-Project/data/LL011/Session2/Overground_Walk/Walk_Comfortable/Post_Process/Walk_Comfortable1.csv,5,LL011,Session2,overground,walk,comfortable,2,walk_comfortable,2,walk_comfortable,0.6041215658187866,0.0011910535395145416,0.0005841596284881234,0.6041215658187866,0.0072768875397741795,0.3868262767791748
C:/Users/KUBA/GitProjects/WKIRO-Project/data/LL011/Session2/Overground_Walk/Walk_Comfortable/Post_Process/Walk_Comfortable2.csv,5,LL011,Session2,overground,walk,comfortable,2,walk_comfortable,2,walk_comfortable,0.9648021459579468,0.0003995422157458961,8.991375943878666e-05,0.9648021459579468,0.014020012691617012,0.020688455551862717
C:/Users/KUBA/GitProjects/WKIRO-Project/data/LL011/Session2/Overground_Walk/Walk_Comfortable/Post_Process/Walk_Comfortable3.csv,5,LL011,Session2,overground,walk,comfortable,2,walk_comfortable,2,walk_comfortable,0.49817395210266113,0.002062539104372263,0.000800096255261451,0.49817395210266113,0.007338854484260082,0.49162453413009644
C:/Users/KUBA/GitProjects/WKIRO-Project/data/LL011/Session2/Overground_Walk/Walk_Comfortable/Post_Process/Walk_Comfortable4.csv,4,LL011,Session2,overground,walk,comfortable,2,walk_comfortable,2,walk_comfortable,0.9841530323028564,0.00011116974201286212,4.309410724090412e-05,0.9841530323028564,0.0032288741786032915,0.01246382761746645
C:/Users/KUBA/GitProjects/WKIRO-Project/data/LL011/Session2/Overground_Walk/Walk_Fast/Post_Process/Walk_Fast7.csv,3,LL011,Session2,overground,walk,fast,3,walk_fast,3,walk_fast,0.6747901439666748,0.01057769451290369,0.002532459795475006,0.2947453558444977,0.6747901439666748,0.017354296520352364
C:/Users/KUBA/GitProjects/WKIRO-Project/data/LL011/Session2/Treadmill_Run/Treadmill_Run_Comfortable/Post_Process/Treadmill_Run_Comfortable.csv,120,LL011,Session2,treadmill,run,comfortable,0,run_comfortable,0,run_comfortable,0.9188252687454224,0.9188252687454224,0.08047331124544144,0.00023959412646945566,0.000241937130340375,0.00021991647372487932
C:/Users/KUBA/GitProjects/WKIRO-Project/data/LL011/Session2/Treadmill_Walk/Treadmill_Walk_Slow/Post_Process/Treadmill_Walk_Slow.csv,120,LL011,Session2,treadmill,walk,slow,4,walk_slow,4,walk_slow,0.8899218440055847,0.0003222792292945087,7.432207348756492e-05,0.10929515957832336,0.00038646216853521764,0.8899218440055847
C:/Users/KUBA/GitProjects/WKIRO-Project/data/LM012/Session1/Overground_Run/Run_Comfortable/Post_Process/Run_Comfortable8.csv,3,LM012,Session1,overground,run,comfortable,0,run_comfortable,0,run_comfortable,0.8102705478668213,0.8102705478668213,0.187692329287529,0.0007041216013021767,0.0006665908149443567,0.0006664383690804243
C:/Users/KUBA/GitProjects/WKIRO-Project/data/LM012/Session1/Overground_Run/Run_Fast/Post_Process/Run_Fast10.csv,2,LM012,Session1,overground,run,fast,1,run_fast,1,run_fast,0.984585165977478,0.014481404796242714,0.984585165977478,0.0001760571321938187,0.0004821089969482273,0.00027521804440766573
C:/Users/KUBA/GitProjects/WKIRO-Project/data/LM012/Session1/Overground_Run/Run_Fast/Post_Process/Run_Fast4.csv,1,LM012,Session1,overground,run,fast,1,run_fast,1,run_fast,0.965495228767395,0.03348151594400406,0.965495228767395,0.00020934699568897486,0.0004946633125655353,0.00031917166779749095
C:/Users/KUBA/GitProjects/WKIRO-Project/data/LM012/Session1/Overground_Run/Run_Fast/Post_Process/Run_Fast8.csv,1,LM012,Session1,overground,run,fast,1,run_fast,1,run_fast,0.9868207573890686,0.012422725558280945,0.9868207573890686,0.00014099819236434996,0.00042238770402036607,0.00019304489251226187
C:/Users/KUBA/GitProjects/WKIRO-Project/data/LM012/Session1/Overground_Walk/Walk_Comfortable/Post_Process/Walk_Comfortable2.csv,7,LM012,Session1,overground,walk,comfortable,2,walk_comfortable,2,walk_comfortable,0.8757810592651367,0.00022015247668605298,0.0001985565322684124,0.8757810592651367,0.10828419774770737,0.01551602128893137
C:/Users/KUBA/GitProjects/WKIRO-Project/data/LM012/Session1/Overground_Walk/Walk_Fast/Post_Process/Walk_Fast2.csv,4,LM012,Session1,overground,walk,fast,3,walk_fast,2,walk_comfortable,0.8816233277320862,0.001091738697141409,0.0007138329674489796,0.8816233277320862,0.03202958032488823,0.08454150706529617
C:/Users/KUBA/GitProjects/WKIRO-Project/data/LM012/Session1/Overground_Walk/Walk_Fast/Post_Process/Walk_Fast4.csv,4,LM012,Session1,overground,walk,fast,3,walk_fast,2,walk_comfortable,0.8890606164932251,0.0010549155995249748,0.000721191696356982,0.8890606164932251,0.05651453137397766,0.05264873057603836
C:/Users/KUBA/GitProjects/WKIRO-Project/data/LM012/Session1/Overground_Walk/Walk_Slow/Post_Process/Walk_Slow3.csv,11,LM012,Session1,overground,walk,slow,4,walk_slow,4,walk_slow,0.985151469707489,0.0004146124410908669,0.00015384648577310145,0.013779649510979652,0.0005003383848816156,0.985151469707489
C:/Users/KUBA/GitProjects/WKIRO-Project/data/LM012/Session2/Overground_Run/Run_Comfortable/Post_Process/Run_Comfortable1.csv,2,LM012,Session2,overground,run,comfortable,0,run_comfortable,1,run_fast,0.9726372957229614,0.02648063376545906,0.9726372957229614,0.00018109072698280215,0.0005411412566900253,0.00015989817620720714
C:/Users/KUBA/GitProjects/WKIRO-Project/data/LM012/Session2/Overground_Run/Run_Comfortable/Post_Process/Run_Comfortable9.csv,3,LM012,Session2,overground,run,comfortable,0,run_comfortable,1,run_fast,0.956943929195404,0.04229898750782013,0.956943929195404,0.0001922171941259876,0.00034336993121542037,0.0002215113927377388
C:/Users/KUBA/GitProjects/WKIRO-Project/data/LM012/Session2/Overground_Walk/Walk_Comfortable/Post_Process/Walk_Comfortable3.csv,4,LM012,Session2,overground,walk,comfortable,2,walk_comfortable,2,walk_comfortable,0.7419107556343079,0.001784891472198069,0.001029441598802805,0.7419107556343079,0.02683078497648239,0.2284441441297531
C:/Users/KUBA/GitProjects/WKIRO-Project/data/LM012/Session2/Overground_Walk/Walk_Fast/Post_Process/Walk_Fast2.csv,4,LM012,Session2,overground,walk,fast,3,walk_fast,3,walk_fast,0.9948855042457581,0.00030563617474399507,0.0003171890275552869,0.004333654884248972,0.9948855042457581,0.0001580127573106438
C:/Users/KUBA/GitProjects/WKIRO-Project/data/LM012/Session2/Overground_Walk/Walk_Slow/Post_Process/Walk_Slow4.csv,9,LM012,Session2,overground,walk,slow,4,walk_slow,4,walk_slow,0.9892297387123108,0.0003290498862043023,0.00012444106687325984,0.009926574304699898,0.00039017730159685016,0.9892297387123108
C:/Users/KUBA/GitProjects/WKIRO-Project/data/LM012/Session2/Overground_Walk/Walk_Slow/Post_Process/Walk_Slow6.csv,12,LM012,Session2,overground,walk,slow,4,walk_slow,4,walk_slow,0.9893156886100769,0.00032777703017927706,0.00012454444367904216,0.009840128943324089,0.00039176925201900303,0.9893156886100769
C:/Users/KUBA/GitProjects/WKIRO-Project/data/MR015/Session1/Overground_Run/Run_Comfortable/Post_Process/Run_Comfortable10.csv,2,MR015,Session1,overground,run,comfortable,0,run_comfortable,0,run_comfortable,0.9983973503112793,0.9983973503112793,0.0012606102973222733,0.0001160978281404823,7.849674148019403e-05,0.00014739565085619688
C:/Users/KUBA/GitProjects/WKIRO-Project/data/MR015/Session1/Overground_Run/Run_Fast/Post_Process/Run_Fast1.csv,2,MR015,Session1,overground,run,fast,1,run_fast,1,run_fast,0.8993375301361084,0.09687645733356476,0.8993375301361084,0.0010861428454518318,0.0014089520554989576,0.0012908712960779667
C:/Users/KUBA/GitProjects/WKIRO-Project/data/MR015/Session1/Overground_Run/Run_Fast/Post_Process/Run_Fast10.csv,1,MR015,Session1,overground,run,fast,1,run_fast,1,run_fast,0.9857010841369629,0.013561708852648735,0.9857010841369629,0.00014809407002758235,0.00039057162939570844,0.0001985669368878007
C:/Users/KUBA/GitProjects/WKIRO-Project/data/MR015/Session1/Overground_Walk/Walk_Fast/Post_Process/Walk_Fast1.csv,4,MR015,Session1,overground,walk,fast,3,walk_fast,2,walk_comfortable,0.776386022567749,0.0016793138347566128,0.0013849823735654354,0.776386022567749,0.1945285052061081,0.02602119743824005
C:/Users/KUBA/GitProjects/WKIRO-Project/data/MR015/Session1/Overground_Walk/Walk_Fast/Post_Process/Walk_Fast4.csv,3,MR015,Session1,overground,walk,fast,3,walk_fast,3,walk_fast,0.49604249000549316,0.0012591369450092316,0.00032827979885041714,0.4952104091644287,0.49604249000549316,0.007159633561968803
C:/Users/KUBA/GitProjects/WKIRO-Project/data/MR015/Session1/Overground_Walk/Walk_Slow/Post_Process/Walk_Slow1.csv,7,MR015,Session1,overground,walk,slow,4,walk_slow,4,walk_slow,0.9814465641975403,0.00046641676453873515,0.00016859934839885682,0.017386004328727722,0.0005324491648934782,0.9814465641975403
C:/Users/KUBA/GitProjects/WKIRO-Project/data/MR015/Session2/Overground_Run/Run_Comfortable/Post_Process/Run_Comfortable3.csv,3,MR015,Session2,overground,run,comfortable,0,run_comfortable,0,run_comfortable,0.9789597988128662,0.9789597988128662,0.01770923286676407,0.0012765951687470078,0.0014223991893231869,0.0006319550448097289
C:/Users/KUBA/GitProjects/WKIRO-Project/data/MR015/Session2/Overground_Run/Run_Comfortable/Post_Process/Run_Comfortable8.csv,3,MR015,Session2,overground,run,comfortable,0,run_comfortable,0,run_comfortable,0.9273233413696289,0.9273233413696289,0.07190530747175217,0.00033790458110161126,0.00020635215332731605,0.00022709053882863373
C:/Users/KUBA/GitProjects/WKIRO-Project/data/MR015/Session2/Overground_Run/Run_Fast/Post_Process/Run_Fast6.csv,1,MR015,Session2,overground,run,fast,1,run_fast,1,run_fast,0.931605875492096,0.06597766280174255,0.931605875492096,0.0006284523406066,0.0010126357665285468,0.0007754109683446586
C:/Users/KUBA/GitProjects/WKIRO-Project/data/MR015/Session2/Overground_Walk/Walk_Comfortable/Post_Process/Walk_Comfortable3.csv,5,MR015,Session2,overground,walk,comfortable,2,walk_comfortable,2,walk_comfortable,0.666279137134552,0.0016495957970619202,0.0011602038284763694,0.666279137134552,0.3050081729888916,0.02590286172926426
C:/Users/KUBA/GitProjects/WKIRO-Project/data/MR015/Session2/Overground_Walk/Walk_Comfortable/Post_Process/Walk_Comfortable4.csv,3,MR015,Session2,overground,walk,comfortable,2,walk_comfortable,2,walk_comfortable,0.744292676448822,0.0009714963962323964,0.000838874839246273,0.744292676448822,0.22655732929706573,0.027339676395058632
C:/Users/KUBA/GitProjects/WKIRO-Project/data/MR015/Session2/Overground_Walk/Walk_Comfortable/Post_Process/Walk_Comfortable8.csv,3,MR015,Session2,overground,walk,comfortable,2,walk_comfortable,2,walk_comfortable,0.7010421752929688,0.0011797839542850852,0.0003531849943101406,0.7010421752929688,0.28698858618736267,0.010436258278787136
C:/Users/KUBA/GitProjects/WKIRO-Project/data/MR015/Session2/Overground_Walk/Walk_Fast/Post_Process/Walk_Fast4.csv,4,MR015,Session2,overground,walk,fast,3,walk_fast,3,walk_fast,0.4973379969596863,0.0017550478223711252,0.0012323468690738082,0.4826567471027374,0.4973379969596863,0.017017852514982224
C:/Users/KUBA/GitProjects/WKIRO-Project/data/MR015/Session2/Overground_Walk/Walk_Slow/Post_Process/Walk_Slow6.csv,6,MR015,Session2,overground,walk,slow,4,walk_slow,2,walk_comfortable,0.9222885966300964,0.0002764579257927835,8.201366290450096e-05,0.9222885966300964,0.0015423223376274109,0.07581067830324173
C:/Users/KUBA/GitProjects/WKIRO-Project/data/OB010/Session1/Overground_Run/Run_Comfortable/Post_Process/Run_Comfortable4.csv,2,OB010,Session1,overground,run,comfortable,0,run_comfortable,0,run_comfortable,0.9987816214561462,0.9987816214561462,0.000914965698029846,9.906529157888144e-05,6.326007860479876e-05,0.00014109520998317748
C:/Users/KUBA/GitProjects/WKIRO-Project/data/OB010/Session1/Overground_Run/Run_Fast/Post_Process/Run_Fast2.csv,1,OB010,Session1,overground,run,fast,1,run_fast,1,run_fast,0.9898808002471924,0.009559241123497486,0.9898808002471924,9.611817949917167e-05,0.0003431054938118905,0.00012068114301655442
C:/Users/KUBA/GitProjects/WKIRO-Project/data/OB010/Session1/Overground_Walk/Walk_Comfortable/Post_Process/Walk_Comfortable6.csv,4,OB010,Session1,overground,walk,comfortable,2,walk_comfortable,2,walk_comfortable,0.8401726484298706,0.0002171558007830754,0.00032179965637624264,0.8401726484298706,0.14234670996665955,0.016941722482442856
C:/Users/KUBA/GitProjects/WKIRO-Project/data/OB010/Session1/Overground_Walk/Walk_Fast/Post_Process/Walk_Fast6.csv,3,OB010,Session1,overground,walk,fast,3,walk_fast,3,walk_fast,0.9846903681755066,0.0003210822178516537,0.00028394683613441885,0.01404551137238741,0.9846903681755066,0.000659047334920615
C:/Users/KUBA/GitProjects/WKIRO-Project/data/OB010/Session1/Overground_Walk/Walk_Slow/Post_Process/Walk_Slow1.csv,6,OB010,Session1,overground,walk,slow,4,walk_slow,4,walk_slow,0.9286534190177917,0.0008858376531861722,0.00030457531102001667,0.06873925775289536,0.001416955259628594,0.9286534190177917
C:/Users/KUBA/GitProjects/WKIRO-Project/data/OB010/Session1/Overground_Walk/Walk_Slow/Post_Process/Walk_Slow4.csv,5,OB010,Session1,overground,walk,slow,4,walk_slow,2,walk_comfortable,0.9725121259689331,0.00017543545982334763,6.70839290251024e-05,0.9725121259689331,0.0032761157490313053,0.0239691361784935
C:/Users/KUBA/GitProjects/WKIRO-Project/data/OB010/Session1/Treadmill_Walk/Treadmill_Walk_Fast/Post_Process/Treadmill_Walk_Fast.csv,120,OB010,Session1,treadmill,walk,fast,3,walk_fast,3,walk_fast,0.9623709321022034,0.00023747018713038415,0.00023571858764626086,0.03662236034870148,0.9623709321022034,0.0005335089517757297
C:/Users/KUBA/GitProjects/WKIRO-Project/data/OB010/Session2/Overground_Run/Run_Comfortable/Post_Process/Run_Comfortable13.csv,2,OB010,Session2,overground,run,comfortable,0,run_comfortable,0,run_comfortable,0.8972715139389038,0.8972715139389038,0.09877797961235046,0.0015861783176660538,0.0014252858236432076,0.0009390957420691848
C:/Users/KUBA/GitProjects/WKIRO-Project/data/OB010/Session2/Overground_Run/Run_Comfortable/Post_Process/Run_Comfortable6.csv,2,OB010,Session2,overground,run,comfortable,0,run_comfortable,0,run_comfortable,0.9950374364852905,0.9950374364852905,0.004421450197696686,0.00019435797003097832,0.0001555491762701422,0.00019127913401462138
C:/Users/KUBA/GitProjects/WKIRO-Project/data/OB010/Session2/Overground_Run/Run_Fast/Post_Process/Run_Fast13.csv,2,OB010,Session2,overground,run,fast,1,run_fast,1,run_fast,0.7461543083190918,0.24913612008094788,0.7461543083190918,0.001482257153838873,0.0015120196621865034,0.0017153501976281404
C:/Users/KUBA/GitProjects/WKIRO-Project/data/OB010/Session2/Overground_Run/Run_Fast/Post_Process/Run_Fast2.csv,1,OB010,Session2,overground,run,fast,1,run_fast,1,run_fast,0.9885610938072205,0.010824589990079403,0.9885610938072205,0.00011309483670629561,0.00035083480179309845,0.00015043251914903522
C:/Users/KUBA/GitProjects/WKIRO-Project/data/OB010/Session2/Overground_Run/Run_Fast/Post_Process/Run_Fast9.csv,2,OB010,Session2,overground,run,fast,1,run_fast,1,run_fast,0.6206852793693542,0.37438204884529114,0.6206852793693542,0.0016289249761030078,0.0015079864533618093,0.00179574778303504
C:/Users/KUBA/GitProjects/WKIRO-Project/data/OB010/Session2/Overground_Walk/Walk_Comfortable/Post_Process/Walk_Comfortable4.csv,4,OB010,Session2,overground,walk,comfortable,2,walk_comfortable,2,walk_comfortable,0.8557494878768921,0.0002486181620042771,0.00033438700484111905,0.8557494878768921,0.13401292264461517,0.009654584340751171
C:/Users/KUBA/GitProjects/WKIRO-Project/data/OB010/Session2/Overground_Walk/Walk_Fast/Post_Process/Walk_Fast6.csv,3,OB010,Session2,overground,walk,fast,3,walk_fast,3,walk_fast,0.994770348072052,0.00017588387709110975,0.00016574893379583955,0.004778312984853983,0.994770348072052,0.00010969775030389428
C:/Users/KUBA/GitProjects/WKIRO-Project/data/OB010/Session2/Treadmill_Run/Treadmill_Run_Comfortable/Post_Process/Treadmill_Run_Comfortable.csv,120,OB010,Session2,treadmill,run,comfortable,0,run_comfortable,1,run_fast,0.6561757922172546,0.34263932704925537,0.6561757922172546,0.00039036490488797426,0.0005096223903819919,0.0002848978328984231
C:/Users/KUBA/GitProjects/WKIRO-Project/data/PC008/Session1/Overground_Run/Run_Comfortable/Post_Process/Run_Comfortable1.csv,3,PC008,Session1,overground,run,comfortable,0,run_comfortable,0,run_comfortable,0.9768703579902649,0.9768703579902649,0.01948166824877262,0.0014143824810162187,0.0014989026822149754,0.0007346842903643847
C:/Users/KUBA/GitProjects/WKIRO-Project/data/PC008/Session1/Overground_Run/Run_Comfortable/Post_Process/Run_Comfortable3.csv,3,PC008,Session1,overground,run,comfortable,0,run_comfortable,0,run_comfortable,0.9701886773109436,0.9701886773109436,0.02597907930612564,0.0015166864031925797,0.0014794627204537392,0.0008360715000890195
C:/Users/KUBA/GitProjects/WKIRO-Project/data/PC008/Session1/Overground_Run/Run_Comfortable/Post_Process/Run_Comfortable7.csv,2,PC008,Session1,overground,run,comfortable,0,run_comfortable,0,run_comfortable,0.9566239714622498,0.9566239714622498,0.0395246297121048,0.0015299537917599082,0.0015413971850648522,0.0007800930179655552
C:/Users/KUBA/GitProjects/WKIRO-Project/data/PC008/Session1/Overground_Walk/Walk_Comfortable/Post_Process/Walk_Comfortable7.csv,5,PC008,Session1,overground,walk,comfortable,2,walk_comfortable,2,walk_comfortable,0.8000388145446777,0.0010167823638767004,0.0007570660673081875,0.8000388145446777,0.016164394095540047,0.18202289938926697
C:/Users/KUBA/GitProjects/WKIRO-Project/data/PC008/Session1/Overground_Walk/Walk_Comfortable/Post_Process/Walk_Comfortable8.csv,4,PC008,Session1,overground,walk,comfortable,2,walk_comfortable,3,walk_fast,0.648080587387085,0.0005669770762324333,0.0003781887353397906,0.3449490964412689,0.648080587387085,0.006025154143571854
C:/Users/KUBA/GitProjects/WKIRO-Project/data/PC008/Session1/Overground_Walk/Walk_Fast/Post_Process/Walk_Fast8.csv,3,PC008,Session1,overground,walk,fast,3,walk_fast,3,walk_fast,0.9660270810127258,0.00047631177585572004,0.00030478480039164424,0.032240647822618484,0.9660270810127258,0.000951107416767627
C:/Users/KUBA/GitProjects/WKIRO-Project/data/PC008/Session1/Overground_Walk/Walk_Slow/Post_Process/Walk_Slow5.csv,4,PC008,Session1,overground,walk,slow,4,walk_slow,4,walk_slow,0.8979732394218445,0.0009121251641772687,0.0003973952552769333,0.0988454669713974,0.0018716603517532349,0.8979732394218445
C:/Users/KUBA/GitProjects/WKIRO-Project/data/PC008/Session2/Overground_Run/Run_Comfortable/Post_Process/Run_Comfortable4.csv,3,PC008,Session2,overground,run,comfortable,0,run_comfortable,0,run_comfortable,0.9982313513755798,0.9982313513755798,0.0013010719558224082,0.00015531769895460457,8.203228208003566e-05,0.00023023485846351832
C:/Users/KUBA/GitProjects/WKIRO-Project/data/PC008/Session2/Overground_Run/Run_Fast/Post_Process/Run_Fast1.csv,2,PC008,Session2,overground,run,fast,1,run_fast,0,run_comfortable,0.6972094774246216,0.6972094774246216,0.2974892258644104,0.0019988492131233215,0.0018314337357878685,0.0014709525275975466
C:/Users/KUBA/GitProjects/WKIRO-Project/data/PC008/Session2/Overground_Run/Run_Fast/Post_Process/Run_Fast11.csv,3,PC008,Session2,overground,run,fast,1,run_fast,0,run_comfortable,0.659223198890686,0.659223198890686,0.33579006791114807,0.001796760130673647,0.0017247061477974057,0.0014652000973001122
C:/Users/KUBA/GitProjects/WKIRO-Project/data/PC008/Session2/Overground_Run/Run_Fast/Post_Process/Run_Fast14.csv,1,PC008,Session2,overground,run,fast,1,run_fast,1,run_fast,0.9883395433425903,0.01105424016714096,0.9883395433425903,0.00012071659875800833,0.0003339388931635767,0.00015164115757215768
C:/Users/KUBA/GitProjects/WKIRO-Project/data/PC008/Session2/Overground_Walk/Walk_Comfortable/Post_Process/Walk_Comfortable10.csv,3,PC008,Session2,overground,walk,comfortable,2,walk_comfortable,2,walk_comfortable,0.6678988933563232,0.0012585982913151383,0.0005867155850864947,0.6678988933563232,0.3015349209308624,0.028720960021018982
C:/Users/KUBA/GitProjects/WKIRO-Project/data/PC008/Session2/Overground_Walk/Walk_Fast/Post_Process/Walk_Fast5.csv,4,PC008,Session2,overground,walk,fast,3,walk_fast,4,walk_slow,0.49300605058670044,0.0038010007701814175,0.001493723364546895,0.48693907260894775,0.014760156162083149,0.49300605058670044
C:/Users/KUBA/GitProjects/WKIRO-Project/data/PC008/Session2/Overground_Walk/Walk_Fast/Post_Process/Walk_Fast7.csv,3,PC008,Session2,overground,walk,fast,3,walk_fast,2,walk_comfortable,0.8091205954551697,0.001089697820134461,0.0011152173392474651,0.8091205954551697,0.12982456386089325,0.05884997546672821
C:/Users/KUBA/GitProjects/WKIRO-Project/data/PC008/Session2/Overground_Walk/Walk_Slow/Post_Process/Walk_Slow13.csv,6,PC008,Session2,overground,walk,slow,4,walk_slow,4,walk_slow,0.9160148501396179,0.0010106719564646482,0.000544128764886409,0.07971665263175964,0.002713761292397976,0.9160148501396179
C:/Users/KUBA/GitProjects/WKIRO-Project/data/PC008/Session2/Overground_Walk/Walk_Slow/Post_Process/Walk_Slow9.csv,3,PC008,Session2,overground,walk,slow,4,walk_slow,4,walk_slow,0.7978499531745911,0.001091483631171286,0.0006369966431520879,0.1960190385580063,0.004402487073093653,0.7978499531745911
C:/Users/KUBA/GitProjects/WKIRO-Project/data/PC008/Session2/Treadmill_Run/Treadmill_Run_Fast/Post_Process/Treadmill_Run_Fast.csv,120,PC008,Session2,treadmill,run,fast,1,run_fast,1,run_fast,0.5227319002151489,0.4753258526325226,0.5227319002151489,0.00042426332947798073,0.0011696332367137074,0.0003484002372715622
C:/Users/KUBA/GitProjects/WKIRO-Project/data/PC008/Session2/Treadmill_Walk/Treadmill_Walk_Fast/Post_Process/Treadmill_Walk_Fast.csv,120,PC008,Session2,treadmill,walk,fast,3,walk_fast,2,walk_comfortable,0.7834500670433044,0.0009271142189390957,0.00039550912333652377,0.7834500670433044,0.19262157380580902,0.022605767473578453
C:/Users/KUBA/GitProjects/WKIRO-Project/data/PQ006/Session1/Overground_Run/Run_Comfortable/Post_Process/Run_Comfortable3.csv,3,PQ006,Session1,overground,run,comfortable,0,run_comfortable,0,run_comfortable,0.9708964228630066,0.9708964228630066,0.025878338143229485,0.0011722167255356908,0.0014276226283982396,0.0006254875916056335
C:/Users/KUBA/GitProjects/WKIRO-Project/data/PQ006/Session1/Overground_Run/Run_Comfortable/Post_Process/Run_Comfortable6.csv,2,PQ006,Session1,overground,run,comfortable,0,run_comfortable,0,run_comfortable,0.9983365535736084,0.9983365535736084,0.0012844519224017859,0.00011741178605007008,8.328765397891402e-05,0.00017816005856730044
C:/Users/KUBA/GitProjects/WKIRO-Project/data/PQ006/Session1/Overground_Run/Run_Comfortable/Post_Process/Run_Comfortable9.csv,3,PQ006,Session1,overground,run,comfortable,0,run_comfortable,0,run_comfortable,0.9345353245735168,0.9345353245735168,0.06204521283507347,0.0012361640110611916,0.0013900483027100563,0.0007931834552437067
C:/Users/KUBA/GitProjects/WKIRO-Project/data/PQ006/Session1/Overground_Run/Run_Fast/Post_Process/Run_Fast3.csv,2,PQ006,Session1,overground,run,fast,1,run_fast,1,run_fast,0.6327461004257202,0.3623257279396057,0.6327461004257202,0.0015354666393250227,0.0017040809616446495,0.0016885518562048674
C:/Users/KUBA/GitProjects/WKIRO-Project/data/PQ006/Session1/Overground_Walk/Walk_Comfortable/Post_Process/Walk_Comfortable8.csv,6,PQ006,Session1,overground,walk,comfortable,2,walk_comfortable,2,walk_comfortable,0.8234357237815857,0.0005581249133683741,0.00034175385371781886,0.8234357237815857,0.1552381068468094,0.02042631059885025
C:/Users/KUBA/GitProjects/WKIRO-Project/data/PQ006/Session1/Overground_Walk/Walk_Fast/Post_Process/Walk_Fast11.csv,3,PQ006,Session1,overground,walk,fast,3,walk_fast,3,walk_fast,0.597233772277832,0.0015973354456946254,0.0013654116773977876,0.38702622056007385,0.597233772277832,0.012777209281921387
C:/Users/KUBA/GitProjects/WKIRO-Project/data/PQ006/Session1/Overground_Walk/Walk_Fast/Post_Process/Walk_Fast5.csv,4,PQ006,Session1,overground,walk,fast,3,walk_fast,2,walk_comfortable,0.8511380553245544,0.0009240517392754555,0.0007645568111911416,0.8511380553245544,0.10649864375591278,0.040674660354852676
C:/Users/KUBA/GitProjects/WKIRO-Project/data/PQ006/Session1/Overground_Walk/Walk_Fast/Post_Process/Walk_Fast8.csv,3,PQ006,Session1,overground,walk,fast,3,walk_fast,3,walk_fast,0.9864420294761658,0.00048698243335820735,0.0002783454256132245,0.012350642122328281,0.9864420294761658,0.00044194897054694593
C:/Users/KUBA/GitProjects/WKIRO-Project/data/PQ006/Session1/Overground_Walk/Walk_Slow/Post_Process/Walk_Slow10.csv,9,PQ006,Session1,overground,walk,slow,4,walk_slow,4,walk_slow,0.7803640961647034,0.0005204935441724956,0.0001505876862211153,0.21796125173568726,0.0010036176536232233,0.7803640961647034
C:/Users/KUBA/GitProjects/WKIRO-Project/data/PQ006/Session1/Overground_Walk/Walk_Slow/Post_Process/Walk_Slow11.csv,9,PQ006,Session1,overground,walk,slow,4,walk_slow,4,walk_slow,0.9854154586791992,0.0003873252135235816,0.00015786709263920784,0.013484063558280468,0.0005553041119128466,0.9854154586791992
C:/Users/KUBA/GitProjects/WKIRO-Project/data/PQ006/Session1/Treadmill_Walk/Treadmill_Walk_Comfortable/Post_Process/Treadmill_Walk_Comfortable.csv,120,PQ006,Session1,treadmill,walk,comfortable,2,walk_comfortable,2,walk_comfortable,0.8834915161132812,0.0003663749375846237,0.00016495431191287935,0.8834915161132812,0.00710165174677968,0.10887540131807327
C:/Users/KUBA/GitProjects/WKIRO-Project/data/PQ006/Session2/Overground_Run/Run_Comfortable/Post_Process/Run_Comfortable3.csv,3,PQ006,Session2,overground,run,comfortable,0,run_comfortable,0,run_comfortable,0.9731468558311462,0.9731468558311462,0.023845279589295387,0.0011644735932350159,0.0012491486268118024,0.0005942896823398769
C:/Users/KUBA/GitProjects/WKIRO-Project/data/PQ006/Session2/Overground_Run/Run_Fast/Post_Process/Run_Fast11.csv,2,PQ006,Session2,overground,run,fast,1,run_fast,1,run_fast,0.6854071617126465,0.31009218096733093,0.6854071617126465,0.00148666650056839,0.0016681512352079153,0.0013459002366289496
C:/Users/KUBA/GitProjects/WKIRO-Project/data/PQ006/Session2/Overground_Run/Run_Fast/Post_Process/Run_Fast14.csv,2,PQ006,Session2,overground,run,fast,1,run_fast,1,run_fast,0.9816324710845947,0.017841339111328125,0.9816324710845947,9.723528637550771e-05,0.0003101993934251368,0.00011877711222041398
C:/Users/KUBA/GitProjects/WKIRO-Project/data/PQ006/Session2/Overground_Run/Run_Fast/Post_Process/Run_Fast7.csv,2,PQ006,Session2,overground,run,fast,1,run_fast,0,run_comfortable,0.5767114162445068,0.5767114162445068,0.41820213198661804,0.0019318272825330496,0.0018789758905768394,0.0012756396317854524
C:/Users/KUBA/GitProjects/WKIRO-Project/data/PQ006/Session2/Overground_Walk/Walk_Comfortable/Post_Process/Walk_Comfortable2.csv,4,PQ006,Session2,overground,walk,comfortable,2,walk_comfortable,2,walk_comfortable,0.9702776670455933,0.0002446125727146864,0.00010405483772046864,0.9702776670455933,0.008974118158221245,0.020399559289216995
C:/Users/KUBA/GitProjects/WKIRO-Project/data/PQ006/Session2/Overground_Walk/Walk_Fast/Post_Process/Walk_Fast7.csv,3,PQ006,Session2,overground,walk,fast,3,walk_fast,2,walk_comfortable,0.8594346046447754,0.0008277437300421298,0.0007060447242110968,0.8594346046447754,0.09954138845205307,0.03949020430445671
C:/Users/KUBA/GitProjects/WKIRO-Project/data/PQ006/Session2/Overground_Walk/Walk_Slow/Post_Process/Walk_Slow6.csv,4,PQ006,Session2,overground,walk,slow,4,walk_slow,2,walk_comfortable,0.9695305228233337,0.00017405569087713957,6.491088424809277e-05,0.9695305228233337,0.0025923927314579487,0.027638085186481476
C:/Users/KUBA/GitProjects/WKIRO-Project/data/RC020/Session1/Overground_Run/Run_Comfortable/Post_Process/Run_Comfortable2.csv,3,RC020,Session1,overground,run,comfortable,0,run_comfortable,0,run_comfortable,0.9983426928520203,0.9983426928520203,0.0011881411774083972,0.0001447509857825935,0.00010883237700909376,0.0002156258124159649
C:/Users/KUBA/GitProjects/WKIRO-Project/data/RC020/Session1/Overground_Run/Run_Comfortable/Post_Process/Run_Comfortable9.csv,3,RC020,Session1,overground,run,comfortable,0,run_comfortable,0,run_comfortable,0.9562458395957947,0.9562458395957947,0.040128305554389954,0.001340815331786871,0.0015241954242810607,0.0007608122541569173
C:/Users/KUBA/GitProjects/WKIRO-Project/data/RC020/Session1/Overground_Walk/Walk_Comfortable/Post_Process/Walk_Comfortable2.csv,4,RC020,Session1,overground,walk,comfortable,2,walk_comfortable,3,walk_fast,0.9522328972816467,0.00126315513625741,0.0005504583823494613,0.04218924045562744,0.9522328972816467,0.0037642831448465586
C:/Users/KUBA/GitProjects/WKIRO-Project/data/RC020/Session1/Overground_Walk/Walk_Fast/Post_Process/Walk_Fast3.csv,4,RC020,Session1,overground,walk,fast,3,walk_fast,2,walk_comfortable,0.862321138381958,0.001812020898796618,0.0016591176390647888,0.862321138381958,0.05106624960899353,0.08314156532287598
C:/Users/KUBA/GitProjects/WKIRO-Project/data/RC020/Session1/Treadmill_Walk/Treadmill_Walk_Slow/Post_Process/Treadmill_Walk_Slow.csv,120,RC020,Session1,treadmill,walk,slow,4,walk_slow,4,walk_slow,0.8846725225448608,0.00040608219569548965,0.0003622352669481188,0.10335949063301086,0.011199603788554668,0.8846725225448608
C:/Users/KUBA/GitProjects/WKIRO-Project/data/RC020/Session2/Overground_Run/Run_Comfortable/Post_Process/Run_Comfortable3.csv,2,RC020,Session2,overground,run,comfortable,0,run_comfortable,0,run_comfortable,0.9952688217163086,0.9952688217163086,0.003991074860095978,0.0002509101468604058,0.00024183251662179828,0.00024730246514081955
C:/Users/KUBA/GitProjects/WKIRO-Project/data/RC020/Session2/Overground_Run/Run_Fast/Post_Process/Run_Fast3.csv,2,RC020,Session2,overground,run,fast,1,run_fast,1,run_fast,0.9204949140548706,0.07575252652168274,0.9204949140548706,0.0009451113874092698,0.0013645614963024855,0.0014428356662392616
C:/Users/KUBA/GitProjects/WKIRO-Project/data/RC020/Session2/Overground_Run/Run_Fast/Post_Process/Run_Fast8.csv,2,RC020,Session2,overground,run,fast,1,run_fast,1,run_fast,0.9899343252182007,0.009419575333595276,0.9899343252182007,0.00011247044312767684,0.00036457442911341786,0.0001691092038527131
C:/Users/KUBA/GitProjects/WKIRO-Project/data/RC020/Session2/Overground_Walk/Walk_Comfortable/Post_Process/Walk_Comfortable5.csv,4,RC020,Session2,overground,walk,comfortable,2,walk_comfortable,2,walk_comfortable,0.7683724164962769,0.0014009668957442045,0.0010661438573151827,0.7683724164962769,0.024782948195934296,0.20437754690647125
C:/Users/KUBA/GitProjects/WKIRO-Project/data/RC020/Session2/Overground_Walk/Walk_Fast/Post_Process/Walk_Fast2.csv,5,RC020,Session2,overground,walk,fast,3,walk_fast,3,walk_fast,0.9839730262756348,0.0006006360636092722,0.0004310265649110079,0.014121544547379017,0.9839730262756348,0.0008737460011616349
C:/Users/KUBA/GitProjects/WKIRO-Project/data/RC020/Session2/Overground_Walk/Walk_Fast/Post_Process/Walk_Fast8.csv,3,RC020,Session2,overground,walk,fast,3,walk_fast,3,walk_fast,0.9857151508331299,0.0005388540448620915,0.0005050514009781182,0.012518256902694702,0.9857151508331299,0.0007226860034279525
C:/Users/KUBA/GitProjects/WKIRO-Project/data/RC020/Session2/Overground_Walk/Walk_Slow/Post_Process/Walk_Slow2.csv,5,RC020,Session2,overground,walk,slow,4,walk_slow,4,walk_slow,0.8158524632453918,0.0006062505417503417,0.0005377383204177022,0.18118010461330414,0.0018234323943033814,0.8158524632453918
C:/Users/KUBA/GitProjects/WKIRO-Project/data/RC020/Session2/Treadmill_Run/Treadmill_Run_Fast/Post_Process/Treadmill_Run_Fast.csv,120,RC020,Session2,treadmill,run,fast,1,run_fast,1,run_fast,0.9827145934104919,0.01643497124314308,0.9827145934104919,0.00017005245899781585,0.00043525718501769006,0.0002451766049489379
C:/Users/KUBA/GitProjects/WKIRO-Project/data/RC023/Session1/Overground_Run/Run_Comfortable/Post_Process/Run_Comfortable7.csv,3,RC023,Session1,overground,run,comfortable,0,run_comfortable,0,run_comfortable,0.9090716242790222,0.9090716242790222,0.08631762862205505,0.0018080580048263073,0.0018796976655721664,0.0009229946881532669
C:/Users/KUBA/GitProjects/WKIRO-Project/data/RC023/Session1/Overground_Run/Run_Comfortable/Post_Process/Run_Comfortable9.csv,4,RC023,Session1,overground,run,comfortable,0,run_comfortable,0,run_comfortable,0.8627458810806274,0.8627458810806274,0.13270303606987,0.0018416342791169882,0.001709511736407876,0.0009999198373407125
C:/Users/KUBA/GitProjects/WKIRO-Project/data/RC023/Session1/Overground_Walk/Walk_Fast/Post_Process/Walk_Fast1.csv,4,RC023,Session1,overground,walk,fast,3,walk_fast,2,walk_comfortable,0.7836846709251404,0.0009279996738769114,0.0008241635514423251,0.7836846709251404,0.028810711577534676,0.1857524961233139
C:/Users/KUBA/GitProjects/WKIRO-Project/data/RC023/Session1/Overground_Walk/Walk_Slow/Post_Process/Walk_Slow1.csv,9,RC023,Session1,overground,walk,slow,4,walk_slow,4,walk_slow,0.9881846308708191,0.00030260480707511306,0.00013526613474823534,0.010907956399023533,0.00046960695181041956,0.9881846308708191
C:/Users/KUBA/GitProjects/WKIRO-Project/data/RC023/Session1/Overground_Walk/Walk_Slow/Post_Process/Walk_Slow6.csv,9,RC023,Session1,overground,walk,slow,4,walk_slow,4,walk_slow,0.9790919423103333,0.00018325912242289633,5.503745342139155e-05,0.020456233993172646,0.00021349645976442844,0.9790919423103333
C:/Users/KUBA/GitProjects/WKIRO-Project/data/RC023/Session1/Treadmill_Run/Treadmill_Run_Fast/Post_Process/Treadmill_Run_Fast.csv,120,RC023,Session1,treadmill,run,fast,1,run_fast,1,run_fast,0.7930479645729065,0.20520000159740448,0.7930479645729065,0.0006504576303996146,0.0005720919580198824,0.000529437034856528
C:/Users/KUBA/GitProjects/WKIRO-Project/data/RC023/Session2/Overground_Run/Run_Comfortable/Post_Process/Run_Comfortable5.csv,3,RC023,Session2,overground,run,comfortable,0,run_comfortable,0,run_comfortable,0.8747527599334717,0.8747527599334717,0.12062985450029373,0.0018235845491290092,0.0017790143610909581,0.0010147644206881523
C:/Users/KUBA/GitProjects/WKIRO-Project/data/RC023/Session2/Overground_Run/Run_Fast/Post_Process/Run_Fast10.csv,2,RC023,Session2,overground,run,fast,1,run_fast,1,run_fast,0.9843541979789734,0.014839700423181057,0.9843541979789734,0.00017031481547746807,0.00041962723480537534,0.00021610051044262946
C:/Users/KUBA/GitProjects/WKIRO-Project/data/RC023/Session2/Overground_Run/Run_Fast/Post_Process/Run_Fast9.csv,2,RC023,Session2,overground,run,fast,1,run_fast,1,run_fast,0.9541247487068176,0.04299221932888031,0.9541247487068176,0.0006065688794478774,0.001310617895796895,0.0009658510098233819
C:/Users/KUBA/GitProjects/WKIRO-Project/data/RC023/Session2/Overground_Walk/Walk_Comfortable/Post_Process/Walk_Comfortable6.csv,4,RC023,Session2,overground,walk,comfortable,2,walk_comfortable,3,walk_fast,0.991817831993103,0.0002533831284381449,0.000243017275352031,0.0074628498405218124,0.991817831993103,0.00022294667724054307
C:/Users/KUBA/GitProjects/WKIRO-Project/data/RC023/Session2/Overground_Walk/Walk_Comfortable/Post_Process/Walk_Comfortable7.csv,6,RC023,Session2,overground,walk,comfortable,2,walk_comfortable,2,walk_comfortable,0.8639850616455078,0.000752204330638051,0.0008060173131525517,0.8639850616455078,0.057775065302848816,0.07668166607618332
C:/Users/KUBA/GitProjects/WKIRO-Project/data/RC023/Session2/Overground_Walk/Walk_Fast/Post_Process/Walk_Fast4.csv,4,RC023,Session2,overground,walk,fast,3,walk_fast,3,walk_fast,0.9947433471679688,0.0002197484573116526,0.0002182946918765083,0.004672857467085123,0.9947433471679688,0.00014579079288523644
C:/Users/KUBA/GitProjects/WKIRO-Project/data/RC023/Session2/Overground_Walk/Walk_Slow/Post_Process/Walk_Slow8.csv,9,RC023,Session2,overground,walk,slow,4,walk_slow,4,walk_slow,0.6769406795501709,0.00048573341337032616,0.00017064326675608754,0.32139474153518677,0.001008261926472187,0.6769406795501709
C:/Users/KUBA/GitProjects/WKIRO-Project/data/RV028/Session1/Overground_Run/Run_Comfortable/Post_Process/Run_Comfortable2.csv,2,RV028,Session1,overground,run,comfortable,0,run_comfortable,0,run_comfortable,0.5256849527359009,0.5256849527359009,0.46951407194137573,0.0016987784765660763,0.0015953165711835027,0.0015068557113409042
C:/Users/KUBA/GitProjects/WKIRO-Project/data/RV028/Session1/Overground_Run/Run_Comfortable/Post_Process/Run_Comfortable7.csv,2,RV028,Session1,overground,run,comfortable,0,run_comfortable,1,run_fast,0.7011244297027588,0.2946893572807312,0.7011244297027588,0.0013254131190478802,0.001471209223382175,0.001389592420309782
C:/Users/KUBA/GitProjects/WKIRO-Project/data/RV028/Session1/Overground_Run/Run_Fast/Post_Process/Run_Fast9.csv,2,RV028,Session1,overground,run,fast,1,run_fast,1,run_fast,0.9191213846206665,0.07858899235725403,0.9191213846206665,0.0006019448628649116,0.000989109743386507,0.0006985347718000412
C:/Users/KUBA/GitProjects/WKIRO-Project/data/RV028/Session1/Overground_Walk/Walk_Comfortable/Post_Process/Walk_Comfortable2.csv,6,RV028,Session1,overground,walk,comfortable,2,walk_comfortable,2,walk_comfortable,0.9632381796836853,0.0002511114871595055,0.00012310687452554703,0.9632381796836853,0.020259859040379524,0.016127759590744972
C:/Users/KUBA/GitProjects/WKIRO-Project/data/RV028/Session1/Overground_Walk/Walk_Comfortable/Post_Process/Walk_Comfortable6.csv,6,RV028,Session1,overground,walk,comfortable,2,walk_comfortable,2,walk_comfortable,0.5423330664634705,0.0011871947208419442,0.0003566626983229071,0.5423330664634705,0.4504198133945465,0.005703225266188383
C:/Users/KUBA/GitProjects/WKIRO-Project/data/RV028/Session1/Overground_Walk/Walk_Comfortable/Post_Process/Walk_Comfortable9.csv,8,RV028,Session1,overground,walk,comfortable,2,walk_comfortable,2,walk_comfortable,0.7824927568435669,0.0012090976815670729,0.0007464380469173193,0.7824927568435669,0.04087452590465546,0.17467716336250305
C:/Users/KUBA/GitProjects/WKIRO-Project/data/RV028/Session1/Overground_Walk/Walk_Fast/Post_Process/Walk_Fast2.csv,5,RV028,Session1,overground,walk,fast,3,walk_fast,3,walk_fast,0.969391942024231,0.0005017861840315163,0.00027442554710432887,0.028923213481903076,0.969391942024231,0.0009086338104680181
C:/Users/KUBA/GitProjects/WKIRO-Project/data/RV028/Session1/Overground_Walk/Walk_Slow/Post_Process/Walk_Slow6.csv,8,RV028,Session1,overground,walk,slow,4,walk_slow,2,walk_comfortable,0.5474714040756226,0.0005456654471345246,0.00011658632138278335,0.5474714040756226,0.0013908257242292166,0.45047545433044434
C:/Users/KUBA/GitProjects/WKIRO-Project/data/RV028/Session1/Treadmill_Run/Treadmill_Run_Comfortable/Post_Process/Treadmill_Run_Comfortable.csv,120,RV028,Session1,treadmill,run,comfortable,0,run_comfortable,0,run_comfortable,0.9984559416770935,0.9984559416770935,0.0012309583835303783,0.00010992207535309717,8.073762728599831e-05,0.00012242556840647012
C:/Users/KUBA/GitProjects/WKIRO-Project/data/RV028/Session2/Overground_Run/Run_Fast/Post_Process/Run_Fast1.csv,2,RV028,Session2,overground,run,fast,1,run_fast,1,run_fast,0.9301497936248779,0.06740238517522812,0.9301497936248779,0.0006400796701200306,0.001049473532475531,0.0007582589751109481
C:/Users/KUBA/GitProjects/WKIRO-Project/data/RV028/Session2/Overground_Walk/Walk_Fast/Post_Process/Walk_Fast1.csv,5,RV028,Session2,overground,walk,fast,3,walk_fast,3,walk_fast,0.9063078761100769,0.0006680576479993761,0.00035533978370949626,0.09048610925674438,0.9063078761100769,0.002182557713240385
C:/Users/KUBA/GitProjects/WKIRO-Project/data/RV028/Session2/Overground_Walk/Walk_Fast/Post_Process/Walk_Fast3.csv,5,RV028,Session2,overground,walk,fast,3,walk_fast,2,walk_comfortable,0.7542521953582764,0.001339866197668016,0.0010368251241743565,0.7542521953582764,0.17730370163917542,0.06606743484735489
C:/Users/KUBA/GitProjects/WKIRO-Project/data/RV028/Session2/Treadmill_Run/Treadmill_Run_Fast/Post_Process/Treadmill_Run_Fast.csv,120,RV028,Session2,treadmill,run,fast,1,run_fast,1,run_fast,0.9562532901763916,0.04254929721355438,0.9562532901763916,0.0001844542712206021,0.000862021348439157,0.00015088658255990595
C:/Users/KUBA/GitProjects/WKIRO-Project/data/RV028/Session2/Treadmill_Walk/Treadmill_Walk_Slow/Post_Process/Treadmill_Walk_Slow.csv,120,RV028,Session2,treadmill,walk,slow,4,walk_slow,4,walk_slow,0.9634934663772583,0.00024820820544846356,5.4374002502299845e-05,0.03593289107084274,0.00027107811183668673,0.9634934663772583
C:/Users/KUBA/GitProjects/WKIRO-Project/data/SA017/Session1/Overground_Run/Run_Comfortable/Post_Process/Run_Comfortable10.csv,3,SA017,Session1,overground,run,comfortable,0,run_comfortable,0,run_comfortable,0.9158012270927429,0.9158012270927429,0.08323704451322556,0.0004230300255585462,0.0002081202546833083,0.00033057163818739355
C:/Users/KUBA/GitProjects/WKIRO-Project/data/SA017/Session1/Overground_Run/Run_Fast/Post_Process/Run_Fast4.csv,2,SA017,Session1,overground,run,fast,1,run_fast,1,run_fast,0.9865400791168213,0.01286658551543951,0.9865400791168213,0.00011490409087855369,0.0003144277725368738,0.00016398333536926657
C:/Users/KUBA/GitProjects/WKIRO-Project/data/SA017/Session1/Overground_Run/Run_Fast/Post_Process/Run_Fast5.csv,2,SA017,Session1,overground,run,fast,1,run_fast,1,run_fast,0.9140398502349854,0.08304490894079208,0.9140398502349854,0.0007740731234662235,0.0011427912395447493,0.000998395960777998
C:/Users/KUBA/GitProjects/WKIRO-Project/data/SA017/Session1/Overground_Run/Run_Fast/Post_Process/Run_Fast9.csv,2,SA017,Session1,overground,run,fast,1,run_fast,1,run_fast,0.910239577293396,0.0860646516084671,0.910239577293396,0.0010731641668826342,0.0013525343965739012,0.001270053442567587
C:/Users/KUBA/GitProjects/WKIRO-Project/data/SA017/Session1/Overground_Walk/Walk_Comfortable/Post_Process/Walk_Comfortable8.csv,4,SA017,Session1,overground,walk,comfortable,2,walk_comfortable,2,walk_comfortable,0.7514289617538452,0.0004218792892061174,0.00019250543846283108,0.7514289617538452,0.20221355557441711,0.04574306681752205
C:/Users/KUBA/GitProjects/WKIRO-Project/data/SA017/Session1/Overground_Walk/Walk_Fast/Post_Process/Walk_Fast5.csv,3,SA017,Session1,overground,walk,fast,3,walk_fast,3,walk_fast,0.6694715619087219,0.20234183967113495,0.012741420418024063,0.10721755772829056,0.6694715619087219,0.008227549493312836
C:/Users/KUBA/GitProjects/WKIRO-Project/data/SA017/Session2/Overground_Run/Run_Comfortable/Post_Process/Run_Comfortable3.csv,3,SA017,Session2,overground,run,comfortable,0,run_comfortable,0,run_comfortable,0.6225858330726624,0.6225858330726624,0.3762359619140625,0.000566230621188879,0.00031336143729276955,0.0002986501494888216
C:/Users/KUBA/GitProjects/WKIRO-Project/data/SA017/Session2/Overground_Run/Run_Comfortable/Post_Process/Run_Comfortable9.csv,3,SA017,Session2,overground,run,comfortable,0,run_comfortable,0,run_comfortable,0.8210459351539612,0.8210459351539612,0.17386232316493988,0.002053574426099658,0.001735497615300119,0.0013026557862758636
C:/Users/KUBA/GitProjects/WKIRO-Project/data/SA017/Session2/Overground_Walk/Walk_Comfortable/Post_Process/Walk_Comfortable4.csv,3,SA017,Session2,overground,walk,comfortable,2,walk_comfortable,2,walk_comfortable,0.8658627867698669,0.0002267319505335763,0.00039929652120918036,0.8658627867698669,0.10269972681999207,0.030811501666903496
C:/Users/KUBA/GitProjects/WKIRO-Project/data/SA017/Session2/Overground_Walk/Walk_Fast/Post_Process/Walk_Fast8.csv,3,SA017,Session2,overground,walk,fast,3,walk_fast,3,walk_fast,0.992730438709259,0.00029181045829318464,0.00024201969790738076,0.006467893719673157,0.992730438709259,0.0002677933080121875
C:/Users/KUBA/GitProjects/WKIRO-Project/data/SA017/Session2/Overground_Walk/Walk_Slow/Post_Process/Walk_Slow4.csv,4,SA017,Session2,overground,walk,slow,4,walk_slow,2,walk_comfortable,0.6539165377616882,0.0005335282767191529,0.00027916330145671964,0.6539165377616882,0.0024315379559993744,0.34283924102783203
C:/Users/KUBA/GitProjects/WKIRO-Project/data/SA017/Session2/Overground_Walk/Walk_Slow/Post_Process/Walk_Slow7.csv,6,SA017,Session2,overground,walk,slow,4,walk_slow,4,walk_slow,0.9403260350227356,0.0008794742752797902,0.0003852049121633172,0.05697287246584892,0.0014363857917487621,0.9403260350227356
C:/Users/KUBA/GitProjects/WKIRO-Project/data/SA017/Session2/Treadmill_Walk/Treadmill_Walk_Fast/Post_Process/Treadmill_Walk_Fast.csv,120,SA017,Session2,treadmill,walk,fast,3,walk_fast,3,walk_fast,0.8100351691246033,0.00041721563320606947,0.0006321294931694865,0.1843494325876236,0.8100351691246033,0.004566066432744265
C:/Users/KUBA/GitProjects/WKIRO-Project/data/SM019/Session1/Overground_Run/Run_Comfortable/Post_Process/Run_Comfortable1.csv,4,SM019,Session1,overground,run,comfortable,0,run_comfortable,0,run_comfortable,0.9615422487258911,0.9615422487258911,0.034587107598781586,0.001432645134627819,0.0017056767828762531,0.0007322765304706991
C:/Users/KUBA/GitProjects/WKIRO-Project/data/SM019/Session1/Overground_Run/Run_Comfortable/Post_Process/Run_Comfortable2.csv,3,SM019,Session1,overground,run,comfortable,0,run_comfortable,0,run_comfortable,0.9980413913726807,0.9980413913726807,0.0014278042363002896,0.00016476075688842684,0.00012565583165269345,0.000240318535361439
C:/Users/KUBA/GitProjects/WKIRO-Project/data/SM019/Session1/Overground_Run/Run_Comfortable/Post_Process/Run_Comfortable7.csv,3,SM019,Session1,overground,run,comfortable,0,run_comfortable,0,run_comfortable,0.9738098978996277,0.9738098978996277,0.02251107059419155,0.0013713892549276352,0.0016111945733428001,0.0006964889471419156
C:/Users/KUBA/GitProjects/WKIRO-Project/data/SM019/Session1/Overground_Run/Run_Fast/Post_Process/Run_Fast6.csv,2,SM019,Session1,overground,run,fast,1,run_fast,1,run_fast,0.9823481440544128,0.015747878700494766,0.9823481440544128,0.00032534176716580987,0.0013227174058556557,0.0002558882115408778
C:/Users/KUBA/GitProjects/WKIRO-Project/data/SM019/Session1/Overground_Walk/Walk_Comfortable/Post_Process/Walk_Comfortable3.csv,5,SM019,Session1,overground,walk,comfortable,2,walk_comfortable,2,walk_comfortable,0.8397306203842163,0.0008361603831872344,0.0009974522981792688,0.8397306203842163,0.11699999868869781,0.041435692459344864
C:/Users/KUBA/GitProjects/WKIRO-Project/data/SM019/Session1/Overground_Walk/Walk_Comfortable/Post_Process/Walk_Comfortable7.csv,6,SM019,Session1,overground,walk,comfortable,2,walk_comfortable,2,walk_comfortable,0.6687331795692444,0.0010353008983656764,0.0007378016598522663,0.6687331795692444,0.010786470957100391,0.31870728731155396
C:/Users/KUBA/GitProjects/WKIRO-Project/data/SM019/Session1/Overground_Walk/Walk_Fast/Post_Process/Walk_Fast3.csv,3,SM019,Session1,overground,walk,fast,3,walk_fast,3,walk_fast,0.7439387440681458,0.07126987725496292,0.009363398887217045,0.16542501747608185,0.7439387440681458,0.01000291109085083
C:/Users/KUBA/GitProjects/WKIRO-Project/data/SM019/Session1/Overground_Walk/Walk_Fast/Post_Process/Walk_Fast4.csv,4,SM019,Session1,overground,walk,fast,3,walk_fast,3,walk_fast,0.9926398396492004,0.00047201698180288076,0.00039170042145997286,0.0062576355412602425,0.9926398396492004,0.00023876558407209814
C:/Users/KUBA/GitProjects/WKIRO-Project/data/SM019/Session1/Overground_Walk/Walk_Slow/Post_Process/Walk_Slow5.csv,9,SM019,Session1,overground,walk,slow,4,walk_slow,4,walk_slow,0.9897797107696533,0.00029090524185448885,0.00012386409798637033,0.009407300502061844,0.0003982183989137411,0.9897797107696533
C:/Users/KUBA/GitProjects/WKIRO-Project/data/SM019/Session1/Overground_Walk/Walk_Slow/Post_Process/Walk_Slow8.csv,8,SM019,Session1,overground,walk,slow,4,walk_slow,4,walk_slow,0.9931519031524658,0.00013517783372662961,3.5100423701805994e-05,0.006564576178789139,0.00011320051271468401,0.9931519031524658
C:/Users/KUBA/GitProjects/WKIRO-Project/data/SM019/Session1/Treadmill_Walk/Treadmill_Walk_Fast/Post_Process/Treadmill_Walk_Fast.csv,120,SM019,Session1,treadmill,walk,fast,3,walk_fast,3,walk_fast,0.9896402955055237,0.000583283428568393,0.00020044180564582348,0.009255705401301384,0.9896402955055237,0.00032026279950514436
C:/Users/KUBA/GitProjects/WKIRO-Project/data/SM019/Session2/Overground_Run/Run_Fast/Post_Process/Run_Fast6.csv,2,SM019,Session2,overground,run,fast,1,run_fast,1,run_fast,0.9885721206665039,0.010776208713650703,0.9885721206665039,0.00012407552276272327,0.0003703372785821557,0.0001573113549966365
C:/Users/KUBA/GitProjects/WKIRO-Project/data/SM019/Session2/Overground_Walk/Walk_Comfortable/Post_Process/Walk_Comfortable8.csv,3,SM019,Session2,overground,walk,comfortable,2,walk_comfortable,3,walk_fast,0.5563912987709045,0.000409892963944003,0.000337746343575418,0.43782559037208557,0.5563912987709045,0.005035474896430969
C:/Users/KUBA/GitProjects/WKIRO-Project/data/SM019/Session2/Treadmill_Run/Treadmill_Run_Fast/Post_Process/Treadmill_Run_Fast.csv,120,SM019,Session2,treadmill,run,fast,1,run_fast,1,run_fast,0.6303923726081848,0.367759108543396,0.6303923726081848,0.000650163390673697,0.0007512488518841565,0.00044707924826070666
C:/Users/KUBA/GitProjects/WKIRO-Project/data/SM019/Session2/Treadmill_Walk/Treadmill_Walk_Slow/Post_Process/Treadmill_Walk_Slow.csv,120,SM019,Session2,treadmill,walk,slow,4,walk_slow,2,walk_comfortable,0.5168103575706482,0.0004934166208840907,0.00017088738968595862,0.5168103575706482,0.0013409302337095141,0.4811844527721405
C:/Users/KUBA/GitProjects/WKIRO-Project/data/TB030/Session1/Overground_Run/Run_Comfortable/Post_Process/Run_Comfortable3.csv,4,TB030,Session1,overground,run,comfortable,0,run_comfortable,0,run_comfortable,0.9857956767082214,0.9857956767082214,0.011229390278458595,0.0011840530205518007,0.001215525669977069,0.0005753496661782265
C:/Users/KUBA/GitProjects/WKIRO-Project/data/TB030/Session1/Overground_Run/Run_Fast/Post_Process/Run_Fast8.csv,3,TB030,Session1,overground,run,fast,1,run_fast,1,run_fast,0.9242884516716003,0.07297194749116898,0.9242884516716003,0.0007012911955825984,0.0011159133864566684,0.0009224396198987961
C:/Users/KUBA/GitProjects/WKIRO-Project/data/TB030/Session1/Overground_Run/Run_Fast/Post_Process/Run_Fast9.csv,2,TB030,Session1,overground,run,fast,1,run_fast,1,run_fast,0.9315598011016846,0.06482475996017456,0.9315598011016846,0.0008036408107727766,0.0015758225927129388,0.0012359648244455457
C:/Users/KUBA/GitProjects/WKIRO-Project/data/TB030/Session1/Overground_Walk/Walk_Fast/Post_Process/Walk_Fast4.csv,4,TB030,Session1,overground,walk,fast,3,walk_fast,3,walk_fast,0.9911706447601318,0.0002532106591388583,0.00019342958694323897,0.008162669837474823,0.9911706447601318,0.00021999559248797596
C:/Users/KUBA/GitProjects/WKIRO-Project/data/TB030/Session1/Treadmill_Walk/Treadmill_Walk_Comfortable/Post_Process/Treadmill_Walk_Comfortable.csv,119,TB030,Session1,treadmill,walk,comfortable,2,walk_comfortable,2,walk_comfortable,0.6991205215454102,0.0004812011611647904,0.00016343743482138962,0.6991205215454102,0.002130176406353712,0.2981046438217163
C:/Users/KUBA/GitProjects/WKIRO-Project/data/TB030/Session2/Overground_Run/Run_Comfortable/Post_Process/Run_Comfortable5.csv,3,TB030,Session2,overground,run,comfortable,0,run_comfortable,0,run_comfortable,0.9830165505409241,0.9830165505409241,0.013833175413310528,0.0012005018070340157,0.0013652794295921922,0.0005844925181008875
C:/Users/KUBA/GitProjects/WKIRO-Project/data/TB030/Session2/Overground_Run/Run_Fast/Post_Process/Run_Fast1.csv,2,TB030,Session2,overground,run,fast,1,run_fast,1,run_fast,0.9894223213195801,0.010056237690150738,0.9894223213195801,7.540797378169373e-05,0.0003531114780344069,9.293002949561924e-05
C:/Users/KUBA/GitProjects/WKIRO-Project/data/TB030/Session2/Overground_Walk/Walk_Comfortable/Post_Process/Walk_Comfortable3.csv,7,TB030,Session2,overground,walk,comfortable,2,walk_comfortable,4,walk_slow,0.50406414270401,0.0010142368264496326,0.0006026459741406143,0.4855963885784149,0.008722620084881783,0.50406414270401
C:/Users/KUBA/GitProjects/WKIRO-Project/data/TB030/Session2/Overground_Walk/Walk_Fast/Post_Process/Walk_Fast2.csv,5,TB030,Session2,overground,walk,fast,3,walk_fast,3,walk_fast,0.9919561147689819,0.00021616765297949314,0.00016507864347659051,0.007481876760721207,0.9919561147689819,0.00018074344552587718
C:/Users/KUBA/GitProjects/WKIRO-Project/data/TB030/Session2/Overground_Walk/Walk_Slow/Post_Process/Walk_Slow4.csv,8,TB030,Session2,overground,walk,slow,4,walk_slow,2,walk_comfortable,0.9517930746078491,0.00026628878549672663,0.00012034621613565832,0.9517930746078491,0.0030768276192247868,0.04474344849586487
C:/Users/KUBA/GitProjects/WKIRO-Project/data/TB030/Session2/Treadmill_Run/Treadmill_Run_Comfortable/Post_Process/Treadmill_Run_Comfortable.csv,120,TB030,Session2,treadmill,run,comfortable,0,run_comfortable,0,run_comfortable,0.9120011925697327,0.9120011925697327,0.05941622331738472,0.0011466167634353042,0.027181031182408333,0.00025497828028164804
C:/Users/KUBA/GitProjects/WKIRO-Project/data/TB030/Session2/Treadmill_Walk/Treadmill_Walk_Slow/Post_Process/Treadmill_Walk_Slow.csv,120,TB030,Session2,treadmill,walk,slow,4,walk_slow,4,walk_slow,0.7111003994941711,0.0005181215237826109,0.00014700781321153045,0.2866416275501251,0.0015928300563246012,0.7111003994941711
C:/Users/KUBA/GitProjects/WKIRO-Project/data/TK029/Session1/Overground_Run/Run_Comfortable/Post_Process/Run_Comfortable2.csv,4,TK029,Session1,overground,run,comfortable,0,run_comfortable,0,run_comfortable,0.9675087928771973,0.9675087928771973,0.028639528900384903,0.0014324081130325794,0.0017020103987306356,0.0007173270569182932
C:/Users/KUBA/GitProjects/WKIRO-Project/data/TK029/Session1/Overground_Walk/Walk_Comfortable/Post_Process/Walk_Comfortable7.csv,8,TK029,Session1,overground,walk,comfortable,2,walk_comfortable,4,walk_slow,0.8075705170631409,0.0013140290975570679,0.0006279246299527586,0.18723292648792267,0.0032545605208724737,0.8075705170631409
C:/Users/KUBA/GitProjects/WKIRO-Project/data/TK029/Session1/Overground_Walk/Walk_Fast/Post_Process/Walk_Fast1.csv,5,TK029,Session1,overground,walk,fast,3,walk_fast,2,walk_comfortable,0.8220609426498413,0.0009268526919186115,0.000786482822149992,0.8220609426498413,0.03122502937912941,0.14500072598457336
C:/Users/KUBA/GitProjects/WKIRO-Project/data/TK029/Session1/Overground_Walk/Walk_Fast/Post_Process/Walk_Fast3.csv,6,TK029,Session1,overground,walk,fast,3,walk_fast,2,walk_comfortable,0.8445605635643005,0.0008794929017312825,0.0007491025025956333,0.8445605635643005,0.023767918348312378,0.13004295527935028
C:/Users/KUBA/GitProjects/WKIRO-Project/data/TK029/Session1/Overground_Walk/Walk_Slow/Post_Process/Walk_Slow5.csv,9,TK029,Session1,overground,walk,slow,4,walk_slow,4,walk_slow,0.9881409406661987,0.00034508027601987123,0.00013649024185724556,0.010939601808786392,0.0004379002202767879,0.9881409406661987
C:/Users/KUBA/GitProjects/WKIRO-Project/data/TK029/Session2/Overground_Run/Run_Comfortable/Post_Process/Run_Comfortable1.csv,3,TK029,Session2,overground,run,comfortable,0,run_comfortable,0,run_comfortable,0.9448461532592773,0.9448461532592773,0.051161110401153564,0.0015276786871254444,0.0016163676045835018,0.0008487199083901942
C:/Users/KUBA/GitProjects/WKIRO-Project/data/TK029/Session2/Overground_Run/Run_Comfortable/Post_Process/Run_Comfortable2.csv,3,TK029,Session2,overground,run,comfortable,0,run_comfortable,1,run_fast,0.9295831322669983,0.0693211480975151,0.9295831322669983,0.0003263323742430657,0.0004621754342224449,0.0003072038234677166
C:/Users/KUBA/GitProjects/WKIRO-Project/data/TK029/Session2/Overground_Run/Run_Fast/Post_Process/Run_Fast1.csv,3,TK029,Session2,overground,run,fast,1,run_fast,1,run_fast,0.7483460307121277,0.2472572922706604,0.7483460307121277,0.0014683292247354984,0.0014881729148328304,0.0014402145752683282
C:/Users/KUBA/GitProjects/WKIRO-Project/data/TK029/Session2/Overground_Run/Run_Fast/Post_Process/Run_Fast5.csv,2,TK029,Session2,overground,run,fast,1,run_fast,1,run_fast,0.8779364228248596,0.11890678107738495,0.8779364228248596,0.0008425547275692225,0.0012868749909102917,0.001027342164888978
C:/Users/KUBA/GitProjects/WKIRO-Project/data/TK029/Session2/Overground_Run/Run_Fast/Post_Process/Run_Fast9.csv,3,TK029,Session2,overground,run,fast,1,run_fast,1,run_fast,0.859614908695221,0.1363760083913803,0.859614908695221,0.0012376575032249093,0.0013838685117661953,0.0013875578297302127
C:/Users/KUBA/GitProjects/WKIRO-Project/data/TK029/Session2/Overground_Walk/Walk_Comfortable/Post_Process/Walk_Comfortable6.csv,5,TK029,Session2,overground,walk,comfortable,2,walk_comfortable,3,walk_fast,0.8855907320976257,0.00036403420381247997,0.0003847091575153172,0.11156225204467773,0.8855907320976257,0.0020982250571250916
C:/Users/KUBA/GitProjects/WKIRO-Project/data/TK029/Session2/Overground_Walk/Walk_Comfortable/Post_Process/Walk_Comfortable7.csv,7,TK029,Session2,overground,walk,comfortable,2,walk_comfortable,2,walk_comfortable,0.6098975539207458,0.0011233474360778928,0.0008829575963318348,0.6098975539207458,0.010860620066523552,0.3772355914115906
C:/Users/KUBA/GitProjects/WKIRO-Project/data/TK029/Session2/Overground_Walk/Walk_Slow/Post_Process/Walk_Slow2.csv,8,TK029,Session2,overground,walk,slow,4,walk_slow,4,walk_slow,0.959730327129364,0.00021227217803243548,8.655675628688186e-05,0.0396093875169754,0.00036147021455690265,0.959730327129364
C:/Users/KUBA/GitProjects/WKIRO-Project/data/TK029/Session2/Overground_Walk/Walk_Slow/Post_Process/Walk_Slow8.csv,7,TK029,Session2,overground,walk,slow,4,walk_slow,4,walk_slow,0.9273059964179993,0.00023996681557036936,0.00011085268488386646,0.07185016572475433,0.000493014173116535,0.9273059964179993
C:/Users/KUBA/GitProjects/WKIRO-Project/data/YX024/Session1/Overground_Run/Run_Comfortable/Post_Process/Run_Comfortable5.csv,3,YX024,Session1,overground,run,comfortable,0,run_comfortable,0,run_comfortable,0.9986453056335449,0.9986453056335449,0.0010536493500694633,0.00010745089821284637,6.591438432224095e-05,0.00012761828838847578
C:/Users/KUBA/GitProjects/WKIRO-Project/data/YX024/Session1/Overground_Run/Run_Fast/Post_Process/Run_Fast1.csv,2,YX024,Session1,overground,run,fast,1,run_fast,1,run_fast,0.8957563638687134,0.10138563811779022,0.8957563638687134,0.0008034557104110718,0.0011323814978823066,0.0009222048101946712
C:/Users/KUBA/GitProjects/WKIRO-Project/data/YX024/Session1/Overground_Run/Run_Fast/Post_Process/Run_Fast7.csv,2,YX024,Session1,overground,run,fast,1,run_fast,1,run_fast,0.9098246097564697,0.08752318471670151,0.9098246097564697,0.0007136426283977926,0.0010717777768149972,0.0008667395450174809
C:/Users/KUBA/GitProjects/WKIRO-Project/data/YX024/Session1/Overground_Walk/Walk_Slow/Post_Process/Walk_Slow6.csv,8,YX024,Session1,overground,walk,slow,4,walk_slow,4,walk_slow,0.5005263686180115,0.0004653027863241732,0.000143399418448098,0.49728620052337646,0.001578718889504671,0.5005263686180115
C:/Users/KUBA/GitProjects/WKIRO-Project/data/YX024/Session1/Treadmill_Walk/Treadmill_Walk_Comfortable/Post_Process/Treadmill_Walk_Comfortable.csv,120,YX024,Session1,treadmill,walk,comfortable,2,walk_comfortable,4,walk_slow,0.7283174395561218,0.0004721830482594669,0.00012033803795929998,0.27023831009864807,0.0008517245296388865,0.7283174395561218
C:/Users/KUBA/GitProjects/WKIRO-Project/data/YX024/Session2/Overground_Run/Run_Comfortable/Post_Process/Run_Comfortable5.csv,2,YX024,Session2,overground,run,comfortable,0,run_comfortable,0,run_comfortable,0.9988757371902466,0.9988757371902466,0.0008643266628496349,8.837038330966607e-05,5.804368993267417e-05,0.00011362125223968178
C:/Users/KUBA/GitProjects/WKIRO-Project/data/YX024/Session2/Overground_Run/Run_Comfortable/Post_Process/Run_Comfortable8.csv,3,YX024,Session2,overground,run,comfortable,0,run_comfortable,0,run_comfortable,0.7575108408927917,0.7575108408927917,0.2371361255645752,0.0019331034272909164,0.00200846791267395,0.0014114985242486
C:/Users/KUBA/GitProjects/WKIRO-Project/data/YX024/Session2/Overground_Run/Run_Fast/Post_Process/Run_Fast6.csv,2,YX024,Session2,overground,run,fast,1,run_fast,1,run_fast,0.914405345916748,0.08224934339523315,0.914405345916748,0.0009252040763385594,0.0012416939716786146,0.001178365433588624
C:/Users/KUBA/GitProjects/WKIRO-Project/data/YX024/Session2/Overground_Walk/Walk_Comfortable/Post_Process/Walk_Comfortable1.csv,5,YX024,Session2,overground,walk,comfortable,2,walk_comfortable,2,walk_comfortable,0.902367115020752,0.0006522164330817759,0.00019147849525325,0.902367115020752,0.08237449079751968,0.014414699748158455
C:/Users/KUBA/GitProjects/WKIRO-Project/data/YX024/Session2/Overground_Walk/Walk_Comfortable/Post_Process/Walk_Comfortable3.csv,5,YX024,Session2,overground,walk,comfortable,2,walk_comfortable,2,walk_comfortable,0.6531964540481567,0.00106532359495759,0.00031245959689840674,0.6531964540481567,0.33329901099205017,0.012126733548939228
C:/Users/KUBA/GitProjects/WKIRO-Project/data/YX024/Session2/Overground_Walk/Walk_Fast/Post_Process/Walk_Fast1.csv,3,YX024,Session2,overground,walk,fast,3,walk_fast,3,walk_fast,0.8892883658409119,0.0013006259687244892,0.0011848009889945388,0.10440745204687119,0.8892883658409119,0.003818833502009511
C:/Users/KUBA/GitProjects/WKIRO-Project/data/YX024/Session2/Overground_Walk/Walk_Fast/Post_Process/Walk_Fast4.csv,4,YX024,Session2,overground,walk,fast,3,walk_fast,3,walk_fast,0.9939835667610168,0.00026500868261791766,0.00023725972278043628,0.005327377002686262,0.9939835667610168,0.00018676550826057792
C:/Users/KUBA/GitProjects/WKIRO-Project/data/YX024/Session2/Overground_Walk/Walk_Slow/Post_Process/Walk_Slow1.csv,10,YX024,Session2,overground,walk,slow,4,walk_slow,4,walk_slow,0.9857758283615112,0.0003847000771202147,0.0001465813402319327,0.013233130797743797,0.0004597670049406588,0.9857758283615112
