participant_id,session,environment,activity,condition,protocol,trial,path,target_name,target_label,split
AJ026,Session1,overground,run,comfortable,Overground_Run,Run_Comfortable,/home/kwnuk/WKIRO-Project/data/AJ026/Session1/Overground_Run/Run_Comfortable/Post_Process/Run_Comfortable1.csv,run_comfortable,0,train
AJ026,Session1,overground,run,comfortable,Overground_Run,Run_Comfortable,/home/kwnuk/WKIRO-Project/data/AJ026/Session1/Overground_Run/Run_Comfortable/Post_Process/Run_Comfortable10.csv,run_comfortable,0,test
AJ026,Session1,overground,run,comfortable,Overground_Run,Run_Comfortable,/home/kwnuk/WKIRO-Project/data/AJ026/Session1/Overground_Run/Run_Comfortable/Post_Process/Run_Comfortable2.csv,run_comfortable,0,val
AJ026,Session1,overground,run,comfortable,Overground_Run,Run_Comfortable,/home/kwnuk/WKIRO-Project/data/AJ026/Session1/Overground_Run/Run_Comfortable/Post_Process/Run_Comfortable3.csv,run_comfortable,0,train
AJ026,Session1,overground,run,comfortable,Overground_Run,Run_Comfortable,/home/kwnuk/WKIRO-Project/data/AJ026/Session1/Overground_Run/Run_Comfortable/Post_Process/Run_Comfortable4.csv,run_comfortable,0,val
AJ026,Session1,overground,run,comfortable,Overground_Run,Run_Comfortable,/home/kwnuk/WKIRO-Project/data/AJ026/Session1/Overground_Run/Run_Comfortable/Post_Process/Run_Comfortable5.csv,run_comfortable,0,train
AJ026,Session1,overground,run,comfortable,Overground_Run,Run_Comfortable,/home/kwnuk/WKIRO-Project/data/AJ026/Session1/Overground_Run/Run_Comfortable/Post_Process/Run_Comfortable6.csv,run_comfortable,0,train
AJ026,Session1,overground,run,comfortable,Overground_Run,Run_Comfortable,/home/kwnuk/WKIRO-Project/data/AJ026/Session1/Overground_Run/Run_Comfortable/Post_Process/Run_Comfortable7.csv,run_comfortable,0,train
AJ026,Session1,overground,run,comfortable,Overground_Run,Run_Comfortable,/home/kwnuk/WKIRO-Project/data/AJ026/Session1/Overground_Run/Run_Comfortable/Post_Process/Run_Comfortable8.csv,run_comfortable,0,test
AJ026,Session1,overground,run,comfortable,Overground_Run,Run_Comfortable,/home/kwnuk/WKIRO-Project/data/AJ026/Session1/Overground_Run/Run_Comfortable/Post_Process/Run_Comfortable9.csv,run_comfortable,0,train
AJ026,Session1,overground,run,fast,Overground_Run,Run_Fast,/home/kwnuk/WKIRO-Project/data/AJ026/Session1/Overground_Run/Run_Fast/Post_Process/Run_Fast1.csv,run_fast,1,train
AJ026,Session1,overground,run,fast,Overground_Run,Run_Fast,/home/kwnuk/WKIRO-Project/data/AJ026/Session1/Overground_Run/Run_Fast/Post_Process/Run_Fast10.csv,run_fast,1,train
AJ026,Session1,overground,run,fast,Overground_Run,Run_Fast,/home/kwnuk/WKIRO-Project/data/AJ026/Session1/Overground_Run/Run_Fast/Post_Process/Run_Fast2.csv,run_fast,1,val
AJ026,Session1,overground,run,fast,Overground_Run,Run_Fast,/home/kwnuk/WKIRO-Project/data/AJ026/Session1/Overground_Run/Run_Fast/Post_Process/Run_Fast3.csv,run_fast,1,test
AJ026,Session1,overground,run,fast,Overground_Run,Run_Fast,/home/kwnuk/WKIRO-Project/data/AJ026/Session1/Overground_Run/Run_Fast/Post_Process/Run_Fast4.csv,run_fast,1,train
AJ026,Session1,overground,run,fast,Overground_Run,Run_Fast,/home/kwnuk/WKIRO-Project/data/AJ026/Session1/Overground_Run/Run_Fast/Post_Process/Run_Fast5.csv,run_fast,1,train
AJ026,Session1,overground,run,fast,Overground_Run,Run_Fast,/home/kwnuk/WKIRO-Project/data/AJ026/Session1/Overground_Run/Run_Fast/Post_Process/Run_Fast6.csv,run_fast,1,train
AJ026,Session1,overground,run,fast,Overground_Run,Run_Fast,/home/kwnuk/WKIRO-Project/data/AJ026/Session1/Overground_Run/Run_Fast/Post_Process/Run_Fast7.csv,run_fast,1,train
AJ026,Session1,overground,run,fast,Overground_Run,Run_Fast,/home/kwnuk/WKIRO-Project/data/AJ026/Session1/Overground_Run/Run_Fast/Post_Process/Run_Fast8.csv,run_fast,1,train
AJ026,Session1,overground,run,fast,Overground_Run,Run_Fast,/home/kwnuk/WKIRO-Project/data/AJ026/Session1/Overground_Run/Run_Fast/Post_Process/Run_Fast9.csv,run_fast,1,train
AJ026,Session1,overground,walk,comfortable,Overground_Walk,Walk_Comfortable,/home/kwnuk/WKIRO-Project/data/AJ026/Session1/Overground_Walk/Walk_Comfortable/Post_Process/Walk_Comfortable1.csv,walk_comfortable,2,train
AJ026,Session1,overground,walk,comfortable,Overground_Walk,Walk_Comfortable,/home/kwnuk/WKIRO-Project/data/AJ026/Session1/Overground_Walk/Walk_Comfortable/Post_Process/Walk_Comfortable2.csv,walk_comfortable,2,train
AJ026,Session1,overground,walk,comfortable,Overground_Walk,Walk_Comfortable,/home/kwnuk/WKIRO-Project/data/AJ026/Session1/Overground_Walk/Walk_Comfortable/Post_Process/Walk_Comfortable3.csv,walk_comfortable,2,train
AJ026,Session1,overground,walk,comfortable,Overground_Walk,Walk_Comfortable,/home/kwnuk/WKIRO-Project/data/AJ026/Session1/Overground_Walk/Walk_Comfortable/Post_Process/Walk_Comfortable4.csv,walk_comfortable,2,test
AJ026,Session1,overground,walk,comfortable,Overground_Walk,Walk_Comfortable,/home/kwnuk/WKIRO-Project/data/AJ026/Session1/Overground_Walk/Walk_Comfortable/Post_Process/Walk_Comfortable5.csv,walk_comfortable,2,val
AJ026,Session1,overground,walk,comfortable,Overground_Walk,Walk_Comfortable,/home/kwnuk/WKIRO-Project/data/AJ026/Session1/Overground_Walk/Walk_Comfortable/Post_Process/Walk_Comfortable6.csv,walk_comfortable,2,train
AJ026,Session1,overground,walk,comfortable,Overground_Walk,Walk_Comfortable,/home/kwnuk/WKIRO-Project/data/AJ026/Session1/Overground_Walk/Walk_Comfortable/Post_Process/Walk_Comfortable7.csv,walk_comfortable,2,train
AJ026,Session1,overground,walk,comfortable,Overground_Walk,Walk_Comfortable,/home/kwnuk/WKIRO-Project/data/AJ026/Session1/Overground_Walk/Walk_Comfortable/Post_Process/Walk_Comfortable8.csv,walk_comfortable,2,train
AJ026,Session1,overground,walk,fast,Overground_Walk,Walk_Fast,/home/kwnuk/WKIRO-Project/data/AJ026/Session1/Overground_Walk/Walk_Fast/Post_Process/Walk_Fast1.csv,walk_fast,3,train
AJ026,Session1,overground,walk,fast,Overground_Walk,Walk_Fast,/home/kwnuk/WKIRO-Project/data/AJ026/Session1/Overground_Walk/Walk_Fast/Post_Process/Walk_Fast2.csv,walk_fast,3,train
AJ026,Session1,overground,walk,fast,Overground_Walk,Walk_Fast,/home/kwnuk/WKIRO-Project/data/AJ026/Session1/Overground_Walk/Walk_Fast/Post_Process/Walk_Fast3.csv,walk_fast,3,train
AJ026,Session1,overground,walk,fast,Overground_Walk,Walk_Fast,/home/kwnuk/WKIRO-Project/data/AJ026/Session1/Overground_Walk/Walk_Fast/Post_Process/Walk_Fast4.csv,walk_fast,3,train
AJ026,Session1,overground,walk,fast,Overground_Walk,Walk_Fast,/home/kwnuk/WKIRO-Project/data/AJ026/Session1/Overground_Walk/Walk_Fast/Post_Process/Walk_Fast5.csv,walk_fast,3,train
AJ026,Session1,overground,walk,fast,Overground_Walk,Walk_Fast,/home/kwnuk/WKIRO-Project/data/AJ026/Session1/Overground_Walk/Walk_Fast/Post_Process/Walk_Fast6.csv,walk_fast,3,test
AJ026,Session1,overground,walk,slow,Overground_Walk,Walk_Slow,/home/kwnuk/WKIRO-Project/data/AJ026/Session1/Overground_Walk/Walk_Slow/Post_Process/Walk_Slow1.csv,walk_slow,4,test
AJ026,Session1,overground,walk,slow,Overground_Walk,Walk_Slow,/home/kwnuk/WKIRO-Project/data/AJ026/Session1/Overground_Walk/Walk_Slow/Post_Process/Walk_Slow2.csv,walk_slow,4,val
AJ026,Session1,overground,walk,slow,Overground_Walk,Walk_Slow,/home/kwnuk/WKIRO-Project/data/AJ026/Session1/Overground_Walk/Walk_Slow/Post_Process/Walk_Slow3.csv,walk_slow,4,train
AJ026,Session1,overground,walk,slow,Overground_Walk,Walk_Slow,/home/kwnuk/WKIRO-Project/data/AJ026/Session1/Overground_Walk/Walk_Slow/Post_Process/Walk_Slow4.csv,walk_slow,4,val
AJ026,Session1,overground,walk,slow,Overground_Walk,Walk_Slow,/home/kwnuk/WKIRO-Project/data/AJ026/Session1/Overground_Walk/Walk_Slow/Post_Process/Walk_Slow5.csv,walk_slow,4,train
AJ026,Session1,overground,walk,slow,Overground_Walk,Walk_Slow,/home/kwnuk/WKIRO-Project/data/AJ026/Session1/Overground_Walk/Walk_Slow/Post_Process/Walk_Slow6.csv,walk_slow,4,test
AJ026,Session1,overground,walk,slow,Overground_Walk,Walk_Slow,/home/kwnuk/WKIRO-Project/data/AJ026/Session1/Overground_Walk/Walk_Slow/Post_Process/Walk_Slow7.csv,walk_slow,4,train
AJ026,Session1,overground,walk,slow,Overground_Walk,Walk_Slow,/home/kwnuk/WKIRO-Project/data/AJ026/Session1/Overground_Walk/Walk_Slow/Post_Process/Walk_Slow8.csv,walk_slow,4,test
AJ026,Session1,treadmill,run,comfortable,Treadmill_Run,Treadmill_Run_Comfortable,/home/kwnuk/WKIRO-Project/data/AJ026/Session1/Treadmill_Run/Treadmill_Run_Comfortable/Post_Process/Treadmill_Run_Comfortable.csv,run_comfortable,0,train
AJ026,Session1,treadmill,run,fast,Treadmill_Run,Treadmill_Run_Fast,/home/kwnuk/WKIRO-Project/data/AJ026/Session1/Treadmill_Run/Treadmill_Run_Fast/Post_Process/Treadmill_Run_Fast.csv,run_fast,1,val
AJ026,Session1,treadmill,walk,comfortable,Treadmill_Walk,Treadmill_Walk_Comfortable,/home/kwnuk/WKIRO-Project/data/AJ026/Session1/Treadmill_Walk/Treadmill_Walk_Comfortable/Post_Process/Treadmill_Walk_Comfortable.csv,walk_comfortable,2,train
AJ026,Session1,treadmill,walk,fast,Treadmill_Walk,Treadmill_Walk_Fast,/home/kwnuk/WKIRO-Project/data/AJ026/Session1/Treadmill_Walk/Treadmill_Walk_Fast/Post_Process/Treadmill_Walk_Fast.csv,walk_fast,3,train
AJ026,Session1,treadmill,walk,slow,Treadmill_Walk,Treadmill_Walk_Slow,/home/kwnuk/WKIRO-Project/data/AJ026/Session1/Treadmill_Walk/Treadmill_Walk_Slow/Post_Process/Treadmill_Walk_Slow.csv,walk_slow,4,train
AJ026,Session2,overground,run,comfortable,Overground_Run,Run_Comfortable,/home/kwnuk/WKIRO-Project/data/AJ026/Session2/Overground_Run/Run_Comfortable/Post_Process/Run_Comfortable1.csv,run_comfortable,0,train
AJ026,Session2,overground,run,comfortable,Overground_Run,Run_Comfortable,/home/kwnuk/WKIRO-Project/data/AJ026/Session2/Overground_Run/Run_Comfortable/Post_Process/Run_Comfortable2.csv,run_comfortable,0,train
AJ026,Session2,overground,run,comfortable,Overground_Run,Run_Comfortable,/home/kwnuk/WKIRO-Project/data/AJ026/Session2/Overground_Run/Run_Comfortable/Post_Process/Run_Comfortable3.csv,run_comfortable,0,test
AJ026,Session2,overground,run,comfortable,Overground_Run,Run_Comfortable,/home/kwnuk/WKIRO-Project/data/AJ026/Session2/Overground_Run/Run_Comfortable/Post_Process/Run_Comfortable4.csv,run_comfortable,0,train
AJ026,Session2,overground,run,comfortable,Overground_Run,Run_Comfortable,/home/kwnuk/WKIRO-Project/data/AJ026/Session2/Overground_Run/Run_Comfortable/Post_Process/Run_Comfortable5.csv,run_comfortable,0,train
AJ026,Session2,overground,run,comfortable,Overground_Run,Run_Comfortable,/home/kwnuk/WKIRO-Project/data/AJ026/Session2/Overground_Run/Run_Comfortable/Post_Process/Run_Comfortable6.csv,run_comfortable,0,train
AJ026,Session2,overground,run,comfortable,Overground_Run,Run_Comfortable,/home/kwnuk/WKIRO-Project/data/AJ026/Session2/Overground_Run/Run_Comfortable/Post_Process/Run_Comfortable7.csv,run_comfortable,0,val
AJ026,Session2,overground,run,comfortable,Overground_Run,Run_Comfortable,/home/kwnuk/WKIRO-Project/data/AJ026/Session2/Overground_Run/Run_Comfortable/Post_Process/Run_Comfortable8.csv,run_comfortable,0,train
AJ026,Session2,overground,run,fast,Overground_Run,Run_Fast,/home/kwnuk/WKIRO-Project/data/AJ026/Session2/Overground_Run/Run_Fast/Post_Process/Run_Fast1.csv,run_fast,1,train
AJ026,Session2,overground,run,fast,Overground_Run,Run_Fast,/home/kwnuk/WKIRO-Project/data/AJ026/Session2/Overground_Run/Run_Fast/Post_Process/Run_Fast10.csv,run_fast,1,train
AJ026,Session2,overground,run,fast,Overground_Run,Run_Fast,/home/kwnuk/WKIRO-Project/data/AJ026/Session2/Overground_Run/Run_Fast/Post_Process/Run_Fast2.csv,run_fast,1,test
AJ026,Session2,overground,run,fast,Overground_Run,Run_Fast,/home/kwnuk/WKIRO-Project/data/AJ026/Session2/Overground_Run/Run_Fast/Post_Process/Run_Fast3.csv,run_fast,1,train
AJ026,Session2,overground,run,fast,Overground_Run,Run_Fast,/home/kwnuk/WKIRO-Project/data/AJ026/Session2/Overground_Run/Run_Fast/Post_Process/Run_Fast4.csv,run_fast,1,train
AJ026,Session2,overground,run,fast,Overground_Run,Run_Fast,/home/kwnuk/WKIRO-Project/data/AJ026/Session2/Overground_Run/Run_Fast/Post_Process/Run_Fast5.csv,run_fast,1,train
AJ026,Session2,overground,run,fast,Overground_Run,Run_Fast,/home/kwnuk/WKIRO-Project/data/AJ026/Session2/Overground_Run/Run_Fast/Post_Process/Run_Fast6.csv,run_fast,1,test
AJ026,Session2,overground,run,fast,Overground_Run,Run_Fast,/home/kwnuk/WKIRO-Project/data/AJ026/Session2/Overground_Run/Run_Fast/Post_Process/Run_Fast7.csv,run_fast,1,train
AJ026,Session2,overground,run,fast,Overground_Run,Run_Fast,/home/kwnuk/WKIRO-Project/data/AJ026/Session2/Overground_Run/Run_Fast/Post_Process/Run_Fast8.csv,run_fast,1,val
AJ026,Session2,overground,run,fast,Overground_Run,Run_Fast,/home/kwnuk/WKIRO-Project/data/AJ026/Session2/Overground_Run/Run_Fast/Post_Process/Run_Fast9.csv,run_fast,1,train
AJ026,Session2,overground,walk,comfortable,Overground_Walk,Walk_Comfortable,/home/kwnuk/WKIRO-Project/data/AJ026/Session2/Overground_Walk/Walk_Comfortable/Post_Process/Walk_Comfortable1.csv,walk_comfortable,2,train
AJ026,Session2,overground,walk,comfortable,Overground_Walk,Walk_Comfortable,/home/kwnuk/WKIRO-Project/data/AJ026/Session2/Overground_Walk/Walk_Comfortable/Post_Process/Walk_Comfortable2.csv,walk_comfortable,2,train
AJ026,Session2,overground,walk,comfortable,Overground_Walk,Walk_Comfortable,/home/kwnuk/WKIRO-Project/data/AJ026/Session2/Overground_Walk/Walk_Comfortable/Post_Process/Walk_Comfortable3.csv,walk_comfortable,2,test
AJ026,Session2,overground,walk,comfortable,Overground_Walk,Walk_Comfortable,/home/kwnuk/WKIRO-Project/data/AJ026/Session2/Overground_Walk/Walk_Comfortable/Post_Process/Walk_Comfortable4.csv,walk_comfortable,2,train
AJ026,Session2,overground,walk,comfortable,Overground_Walk,Walk_Comfortable,/home/kwnuk/WKIRO-Project/data/AJ026/Session2/Overground_Walk/Walk_Comfortable/Post_Process/Walk_Comfortable5.csv,walk_comfortable,2,train
AJ026,Session2,overground,walk,comfortable,Overground_Walk,Walk_Comfortable,/home/kwnuk/WKIRO-Project/data/AJ026/Session2/Overground_Walk/Walk_Comfortable/Post_Process/Walk_Comfortable6.csv,walk_comfortable,2,val
AJ026,Session2,overground,walk,fast,Overground_Walk,Walk_Fast,/home/kwnuk/WKIRO-Project/data/AJ026/Session2/Overground_Walk/Walk_Fast/Post_Process/Walk_Fast1.csv,walk_fast,3,val
AJ026,Session2,overground,walk,fast,Overground_Walk,Walk_Fast,/home/kwnuk/WKIRO-Project/data/AJ026/Session2/Overground_Walk/Walk_Fast/Post_Process/Walk_Fast2.csv,walk_fast,3,train
AJ026,Session2,overground,walk,fast,Overground_Walk,Walk_Fast,/home/kwnuk/WKIRO-Project/data/AJ026/Session2/Overground_Walk/Walk_Fast/Post_Process/Walk_Fast3.csv,walk_fast,3,val
AJ026,Session2,overground,walk,fast,Overground_Walk,Walk_Fast,/home/kwnuk/WKIRO-Project/data/AJ026/Session2/Overground_Walk/Walk_Fast/Post_Process/Walk_Fast4.csv,walk_fast,3,train
AJ026,Session2,overground,walk,fast,Overground_Walk,Walk_Fast,/home/kwnuk/WKIRO-Project/data/AJ026/Session2/Overground_Walk/Walk_Fast/Post_Process/Walk_Fast5.csv,walk_fast,3,train
AJ026,Session2,overground,walk,fast,Overground_Walk,Walk_Fast,/home/kwnuk/WKIRO-Project/data/AJ026/Session2/Overground_Walk/Walk_Fast/Post_Process/Walk_Fast6.csv,walk_fast,3,test
AJ026,Session2,overground,walk,slow,Overground_Walk,Walk_Slow,/home/kwnuk/WKIRO-Project/data/AJ026/Session2/Overground_Walk/Walk_Slow/Post_Process/Walk_Slow1.csv,walk_slow,4,train
AJ026,Session2,overground,walk,slow,Overground_Walk,Walk_Slow,/home/kwnuk/WKIRO-Project/data/AJ026/Session2/Overground_Walk/Walk_Slow/Post_Process/Walk_Slow2.csv,walk_slow,4,train
AJ026,Session2,overground,walk,slow,Overground_Walk,Walk_Slow,/home/kwnuk/WKIRO-Project/data/AJ026/Session2/Overground_Walk/Walk_Slow/Post_Process/Walk_Slow3.csv,walk_slow,4,train
AJ026,Session2,overground,walk,slow,Overground_Walk,Walk_Slow,/home/kwnuk/WKIRO-Project/data/AJ026/Session2/Overground_Walk/Walk_Slow/Post_Process/Walk_Slow4.csv,walk_slow,4,train
AJ026,Session2,overground,walk,slow,Overground_Walk,Walk_Slow,/home/kwnuk/WKIRO-Project/data/AJ026/Session2/Overground_Walk/Walk_Slow/Post_Process/Walk_Slow5.csv,walk_slow,4,train
AJ026,Session2,overground,walk,slow,Overground_Walk,Walk_Slow,/home/kwnuk/WKIRO-Project/data/AJ026/Session2/Overground_Walk/Walk_Slow/Post_Process/Walk_Slow6.csv,walk_slow,4,train
AJ026,Session2,overground,walk,slow,Overground_Walk,Walk_Slow,/home/kwnuk/WKIRO-Project/data/AJ026/Session2/Overground_Walk/Walk_Slow/Post_Process/Walk_Slow7.csv,walk_slow,4,val
AJ026,Session2,overground,walk,slow,Overground_Walk,Walk_Slow,/home/kwnuk/WKIRO-Project/data/AJ026/Session2/Overground_Walk/Walk_Slow/Post_Process/Walk_Slow8.csv,walk_slow,4,train
AJ026,Session2,treadmill,run,comfortable,Treadmill_Run,Treadmill_Run_Comfortable,/home/kwnuk/WKIRO-Project/data/AJ026/Session2/Treadmill_Run/Treadmill_Run_Comfortable/Post_Process/Treadmill_Run_Comfortable.csv,run_comfortable,0,train
AJ026,Session2,treadmill,run,fast,Treadmill_Run,Treadmill_Run_Fast,/home/kwnuk/WKIRO-Project/data/AJ026/Session2/Treadmill_Run/Treadmill_Run_Fast/Post_Process/Treadmill_Run_Fast.csv,run_fast,1,train
AJ026,Session2,treadmill,walk,comfortable,Treadmill_Walk,Treadmill_Walk_Comfortable,/home/kwnuk/WKIRO-Project/data/AJ026/Session2/Treadmill_Walk/Treadmill_Walk_Comfortable/Post_Process/Treadmill_Walk_Comfortable.csv,walk_comfortable,2,val
AJ026,Session2,treadmill,walk,fast,Treadmill_Walk,Treadmill_Walk_Fast,/home/kwnuk/WKIRO-Project/data/AJ026/Session2/Treadmill_Walk/Treadmill_Walk_Fast/Post_Process/Treadmill_Walk_Fast.csv,walk_fast,3,train
AJ026,Session2,treadmill,walk,slow,Treadmill_Walk,Treadmill_Walk_Slow,/home/kwnuk/WKIRO-Project/data/AJ026/Session2/Treadmill_Walk/Treadmill_Walk_Slow/Post_Process/Treadmill_Walk_Slow.csv,walk_slow,4,train
BD004,Session1,overground,run,comfortable,Overground_Run,Run_Comfortable,/home/kwnuk/WKIRO-Project/data/BD004/Session1/Overground_Run/Run_Comfortable/Post_Process/Run_Comfortable1.csv,run_comfortable,0,train
BD004,Session1,overground,run,comfortable,Overground_Run,Run_Comfortable,/home/kwnuk/WKIRO-Project/data/BD004/Session1/Overground_Run/Run_Comfortable/Post_Process/Run_Comfortable10.csv,run_comfortable,0,train
BD004,Session1,overground,run,comfortable,Overground_Run,Run_Comfortable,/home/kwnuk/WKIRO-Project/data/BD004/Session1/Overground_Run/Run_Comfortable/Post_Process/Run_Comfortable11.csv,run_comfortable,0,train
BD004,Session1,overground,run,comfortable,Overground_Run,Run_Comfortable,/home/kwnuk/WKIRO-Project/data/BD004/Session1/Overground_Run/Run_Comfortable/Post_Process/Run_Comfortable12.csv,run_comfortable,0,train
BD004,Session1,overground,run,comfortable,Overground_Run,Run_Comfortable,/home/kwnuk/WKIRO-Project/data/BD004/Session1/Overground_Run/Run_Comfortable/Post_Process/Run_Comfortable13.csv,run_comfortable,0,train
BD004,Session1,overground,run,comfortable,Overground_Run,Run_Comfortable,/home/kwnuk/WKIRO-Project/data/BD004/Session1/Overground_Run/Run_Comfortable/Post_Process/Run_Comfortable14.csv,run_comfortable,0,train
BD004,Session1,overground,run,comfortable,Overground_Run,Run_Comfortable,/home/kwnuk/WKIRO-Project/data/BD004/Session1/Overground_Run/Run_Comfortable/Post_Process/Run_Comfortable2.csv,run_comfortable,0,test
BD004,Session1,overground,run,comfortable,Overground_Run,Run_Comfortable,/home/kwnuk/WKIRO-Project/data/BD004/Session1/Overground_Run/Run_Comfortable/Post_Process/Run_Comfortable3.csv,run_comfortable,0,val
BD004,Session1,overground,run,comfortable,Overground_Run,Run_Comfortable,/home/kwnuk/WKIRO-Project/data/BD004/Session1/Overground_Run/Run_Comfortable/Post_Process/Run_Comfortable4.csv,run_comfortable,0,train
BD004,Session1,overground,run,comfortable,Overground_Run,Run_Comfortable,/home/kwnuk/WKIRO-Project/data/BD004/Session1/Overground_Run/Run_Comfortable/Post_Process/Run_Comfortable5.csv,run_comfortable,0,train
BD004,Session1,overground,run,comfortable,Overground_Run,Run_Comfortable,/home/kwnuk/WKIRO-Project/data/BD004/Session1/Overground_Run/Run_Comfortable/Post_Process/Run_Comfortable6.csv,run_comfortable,0,train
BD004,Session1,overground,run,comfortable,Overground_Run,Run_Comfortable,/home/kwnuk/WKIRO-Project/data/BD004/Session1/Overground_Run/Run_Comfortable/Post_Process/Run_Comfortable7.csv,run_comfortable,0,train
BD004,Session1,overground,run,comfortable,Overground_Run,Run_Comfortable,/home/kwnuk/WKIRO-Project/data/BD004/Session1/Overground_Run/Run_Comfortable/Post_Process/Run_Comfortable8.csv,run_comfortable,0,train
BD004,Session1,overground,run,comfortable,Overground_Run,Run_Comfortable,/home/kwnuk/WKIRO-Project/data/BD004/Session1/Overground_Run/Run_Comfortable/Post_Process/Run_Comfortable9.csv,run_comfortable,0,val
BD004,Session1,overground,run,fast,Overground_Run,Run_Fast,/home/kwnuk/WKIRO-Project/data/BD004/Session1/Overground_Run/Run_Fast/Post_Process/Run_Fast1.csv,run_fast,1,train
BD004,Session1,overground,run,fast,Overground_Run,Run_Fast,/home/kwnuk/WKIRO-Project/data/BD004/Session1/Overground_Run/Run_Fast/Post_Process/Run_Fast10.csv,run_fast,1,test
BD004,Session1,overground,run,fast,Overground_Run,Run_Fast,/home/kwnuk/WKIRO-Project/data/BD004/Session1/Overground_Run/Run_Fast/Post_Process/Run_Fast11.csv,run_fast,1,train
BD004,Session1,overground,run,fast,Overground_Run,Run_Fast,/home/kwnuk/WKIRO-Project/data/BD004/Session1/Overground_Run/Run_Fast/Post_Process/Run_Fast12.csv,run_fast,1,train
BD004,Session1,overground,run,fast,Overground_Run,Run_Fast,/home/kwnuk/WKIRO-Project/data/BD004/Session1/Overground_Run/Run_Fast/Post_Process/Run_Fast13.csv,run_fast,1,train
BD004,Session1,overground,run,fast,Overground_Run,Run_Fast,/home/kwnuk/WKIRO-Project/data/BD004/Session1/Overground_Run/Run_Fast/Post_Process/Run_Fast14.csv,run_fast,1,train
BD004,Session1,overground,run,fast,Overground_Run,Run_Fast,/home/kwnuk/WKIRO-Project/data/BD004/Session1/Overground_Run/Run_Fast/Post_Process/Run_Fast2.csv,run_fast,1,train
BD004,Session1,overground,run,fast,Overground_Run,Run_Fast,/home/kwnuk/WKIRO-Project/data/BD004/Session1/Overground_Run/Run_Fast/Post_Process/Run_Fast3.csv,run_fast,1,val
BD004,Session1,overground,run,fast,Overground_Run,Run_Fast,/home/kwnuk/WKIRO-Project/data/BD004/Session1/Overground_Run/Run_Fast/Post_Process/Run_Fast4.csv,run_fast,1,train
BD004,Session1,overground,run,fast,Overground_Run,Run_Fast,/home/kwnuk/WKIRO-Project/data/BD004/Session1/Overground_Run/Run_Fast/Post_Process/Run_Fast5.csv,run_fast,1,val
BD004,Session1,overground,run,fast,Overground_Run,Run_Fast,/home/kwnuk/WKIRO-Project/data/BD004/Session1/Overground_Run/Run_Fast/Post_Process/Run_Fast6.csv,run_fast,1,val
BD004,Session1,overground,run,fast,Overground_Run,Run_Fast,/home/kwnuk/WKIRO-Project/data/BD004/Session1/Overground_Run/Run_Fast/Post_Process/Run_Fast7.csv,run_fast,1,train
BD004,Session1,overground,run,fast,Overground_Run,Run_Fast,/home/kwnuk/WKIRO-Project/data/BD004/Session1/Overground_Run/Run_Fast/Post_Process/Run_Fast8.csv,run_fast,1,train
BD004,Session1,overground,run,fast,Overground_Run,Run_Fast,/home/kwnuk/WKIRO-Project/data/BD004/Session1/Overground_Run/Run_Fast/Post_Process/Run_Fast9.csv,run_fast,1,test
BD004,Session1,overground,walk,comfortable,Overground_Walk,Walk_Comfortable,/home/kwnuk/WKIRO-Project/data/BD004/Session1/Overground_Walk/Walk_Comfortable/Post_Process/Walk_Comfortable1.csv,walk_comfortable,2,train
BD004,Session1,overground,walk,comfortable,Overground_Walk,Walk_Comfortable,/home/kwnuk/WKIRO-Project/data/BD004/Session1/Overground_Walk/Walk_Comfortable/Post_Process/Walk_Comfortable2.csv,walk_comfortable,2,test
BD004,Session1,overground,walk,comfortable,Overground_Walk,Walk_Comfortable,/home/kwnuk/WKIRO-Project/data/BD004/Session1/Overground_Walk/Walk_Comfortable/Post_Process/Walk_Comfortable3.csv,walk_comfortable,2,test
BD004,Session1,overground,walk,comfortable,Overground_Walk,Walk_Comfortable,/home/kwnuk/WKIRO-Project/data/BD004/Session1/Overground_Walk/Walk_Comfortable/Post_Process/Walk_Comfortable4.csv,walk_comfortable,2,val
BD004,Session1,overground,walk,comfortable,Overground_Walk,Walk_Comfortable,/home/kwnuk/WKIRO-Project/data/BD004/Session1/Overground_Walk/Walk_Comfortable/Post_Process/Walk_Comfortable5.csv,walk_comfortable,2,train
BD004,Session1,overground,walk,comfortable,Overground_Walk,Walk_Comfortable,/home/kwnuk/WKIRO-Project/data/BD004/Session1/Overground_Walk/Walk_Comfortable/Post_Process/Walk_Comfortable6.csv,walk_comfortable,2,train
BD004,Session1,overground,walk,fast,Overground_Walk,Walk_Fast,/home/kwnuk/WKIRO-Project/data/BD004/Session1/Overground_Walk/Walk_Fast/Post_Process/Walk_Fast1.csv,walk_fast,3,train
BD004,Session1,overground,walk,fast,Overground_Walk,Walk_Fast,/home/kwnuk/WKIRO-Project/data/BD004/Session1/Overground_Walk/Walk_Fast/Post_Process/Walk_Fast2.csv,walk_fast,3,train
BD004,Session1,overground,walk,fast,Overground_Walk,Walk_Fast,/home/kwnuk/WKIRO-Project/data/BD004/Session1/Overground_Walk/Walk_Fast/Post_Process/Walk_Fast3.csv,walk_fast,3,train
BD004,Session1,overground,walk,fast,Overground_Walk,Walk_Fast,/home/kwnuk/WKIRO-Project/data/BD004/Session1/Overground_Walk/Walk_Fast/Post_Process/Walk_Fast4.csv,walk_fast,3,val
BD004,Session1,overground,walk,fast,Overground_Walk,Walk_Fast,/home/kwnuk/WKIRO-Project/data/BD004/Session1/Overground_Walk/Walk_Fast/Post_Process/Walk_Fast5.csv,walk_fast,3,train
BD004,Session1,overground,walk,fast,Overground_Walk,Walk_Fast,/home/kwnuk/WKIRO-Project/data/BD004/Session1/Overground_Walk/Walk_Fast/Post_Process/Walk_Fast6.csv,walk_fast,3,test
BD004,Session1,overground,walk,fast,Overground_Walk,Walk_Fast,/home/kwnuk/WKIRO-Project/data/BD004/Session1/Overground_Walk/Walk_Fast/Post_Process/Walk_Fast7.csv,walk_fast,3,train
BD004,Session1,overground,walk,fast,Overground_Walk,Walk_Fast,/home/kwnuk/WKIRO-Project/data/BD004/Session1/Overground_Walk/Walk_Fast/Post_Process/Walk_Fast8.csv,walk_fast,3,train
BD004,Session1,overground,walk,slow,Overground_Walk,Walk_Slow,/home/kwnuk/WKIRO-Project/data/BD004/Session1/Overground_Walk/Walk_Slow/Post_Process/Walk_Slow1.csv,walk_slow,4,train
BD004,Session1,overground,walk,slow,Overground_Walk,Walk_Slow,/home/kwnuk/WKIRO-Project/data/BD004/Session1/Overground_Walk/Walk_Slow/Post_Process/Walk_Slow2.csv,walk_slow,4,train
BD004,Session1,overground,walk,slow,Overground_Walk,Walk_Slow,/home/kwnuk/WKIRO-Project/data/BD004/Session1/Overground_Walk/Walk_Slow/Post_Process/Walk_Slow3.csv,walk_slow,4,train
BD004,Session1,overground,walk,slow,Overground_Walk,Walk_Slow,/home/kwnuk/WKIRO-Project/data/BD004/Session1/Overground_Walk/Walk_Slow/Post_Process/Walk_Slow4.csv,walk_slow,4,train
BD004,Session1,overground,walk,slow,Overground_Walk,Walk_Slow,/home/kwnuk/WKIRO-Project/data/BD004/Session1/Overground_Walk/Walk_Slow/Post_Process/Walk_Slow5.csv,walk_slow,4,train
BD004,Session1,overground,walk,slow,Overground_Walk,Walk_Slow,/home/kwnuk/WKIRO-Project/data/BD004/Session1/Overground_Walk/Walk_Slow/Post_Process/Walk_Slow6.csv,walk_slow,4,test
BD004,Session1,overground,walk,slow,Overground_Walk,Walk_Slow,/home/kwnuk/WKIRO-Project/data/BD004/Session1/Overground_Walk/Walk_Slow/Post_Process/Walk_Slow7.csv,walk_slow,4,train
BD004,Session1,overground,walk,slow,Overground_Walk,Walk_Slow,/home/kwnuk/WKIRO-Project/data/BD004/Session1/Overground_Walk/Walk_Slow/Post_Process/Walk_Slow8.csv,walk_slow,4,train
BD004,Session1,treadmill,run,comfortable,Treadmill_Run,Treadmill_Run_Comfortable,/home/kwnuk/WKIRO-Project/data/BD004/Session1/Treadmill_Run/Treadmill_Run_Comfortable/Post_Process/Treadmill_Run_Comfortable.csv,run_comfortable,0,test
BD004,Session1,treadmill,run,fast,Treadmill_Run,Treadmill_Run_Fast,/home/kwnuk/WKIRO-Project/data/BD004/Session1/Treadmill_Run/Treadmill_Run_Fast/Post_Process/Treadmill_Run_Fast.csv,run_fast,1,train
BD004,Session1,treadmill,walk,comfortable,Treadmill_Walk,Treadmill_Walk_Comfortable,/home/kwnuk/WKIRO-Project/data/BD004/Session1/Treadmill_Walk/Treadmill_Walk_Comfortable/Post_Process/Treadmill_Walk_Comfortable.csv,walk_comfortable,2,train
BD004,Session1,treadmill,walk,fast,Treadmill_Walk,Treadmill_Walk_Fast,/home/kwnuk/WKIRO-Project/data/BD004/Session1/Treadmill_Walk/Treadmill_Walk_Fast/Post_Process/Treadmill_Walk_Fast.csv,walk_fast,3,val
BD004,Session1,treadmill,walk,slow,Treadmill_Walk,Treadmill_Walk_Slow,/home/kwnuk/WKIRO-Project/data/BD004/Session1/Treadmill_Walk/Treadmill_Walk_Slow/Post_Process/Treadmill_Walk_Slow.csv,walk_slow,4,train
BD004,Session2,overground,run,comfortable,Overground_Run,Run_Comfortable,/home/kwnuk/WKIRO-Project/data/BD004/Session2/Overground_Run/Run_Comfortable/Post_Process/Run_Comfortable1.csv,run_comfortable,0,train
BD004,Session2,overground,run,comfortable,Overground_Run,Run_Comfortable,/home/kwnuk/WKIRO-Project/data/BD004/Session2/Overground_Run/Run_Comfortable/Post_Process/Run_Comfortable10.csv,run_comfortable,0,train
BD004,Session2,overground,run,comfortable,Overground_Run,Run_Comfortable,/home/kwnuk/WKIRO-Project/data/BD004/Session2/Overground_Run/Run_Comfortable/Post_Process/Run_Comfortable11.csv,run_comfortable,0,train
BD004,Session2,overground,run,comfortable,Overground_Run,Run_Comfortable,/home/kwnuk/WKIRO-Project/data/BD004/Session2/Overground_Run/Run_Comfortable/Post_Process/Run_Comfortable12.csv,run_comfortable,0,val
BD004,Session2,overground,run,comfortable,Overground_Run,Run_Comfortable,/home/kwnuk/WKIRO-Project/data/BD004/Session2/Overground_Run/Run_Comfortable/Post_Process/Run_Comfortable2.csv,run_comfortable,0,test
BD004,Session2,overground,run,comfortable,Overground_Run,Run_Comfortable,/home/kwnuk/WKIRO-Project/data/BD004/Session2/Overground_Run/Run_Comfortable/Post_Process/Run_Comfortable3.csv,run_comfortable,0,train
BD004,Session2,overground,run,comfortable,Overground_Run,Run_Comfortable,/home/kwnuk/WKIRO-Project/data/BD004/Session2/Overground_Run/Run_Comfortable/Post_Process/Run_Comfortable4.csv,run_comfortable,0,train
BD004,Session2,overground,run,comfortable,Overground_Run,Run_Comfortable,/home/kwnuk/WKIRO-Project/data/BD004/Session2/Overground_Run/Run_Comfortable/Post_Process/Run_Comfortable5.csv,run_comfortable,0,val
BD004,Session2,overground,run,comfortable,Overground_Run,Run_Comfortable,/home/kwnuk/WKIRO-Project/data/BD004/Session2/Overground_Run/Run_Comfortable/Post_Process/Run_Comfortable6.csv,run_comfortable,0,test
BD004,Session2,overground,run,comfortable,Overground_Run,Run_Comfortable,/home/kwnuk/WKIRO-Project/data/BD004/Session2/Overground_Run/Run_Comfortable/Post_Process/Run_Comfortable7.csv,run_comfortable,0,train
BD004,Session2,overground,run,comfortable,Overground_Run,Run_Comfortable,/home/kwnuk/WKIRO-Project/data/BD004/Session2/Overground_Run/Run_Comfortable/Post_Process/Run_Comfortable8.csv,run_comfortable,0,train
BD004,Session2,overground,run,comfortable,Overground_Run,Run_Comfortable,/home/kwnuk/WKIRO-Project/data/BD004/Session2/Overground_Run/Run_Comfortable/Post_Process/Run_Comfortable9.csv,run_comfortable,0,train
BD004,Session2,overground,run,fast,Overground_Run,Run_Fast,/home/kwnuk/WKIRO-Project/data/BD004/Session2/Overground_Run/Run_Fast/Post_Process/Run_Fast1.csv,run_fast,1,train
BD004,Session2,overground,run,fast,Overground_Run,Run_Fast,/home/kwnuk/WKIRO-Project/data/BD004/Session2/Overground_Run/Run_Fast/Post_Process/Run_Fast10.csv,run_fast,1,train
BD004,Session2,overground,run,fast,Overground_Run,Run_Fast,/home/kwnuk/WKIRO-Project/data/BD004/Session2/Overground_Run/Run_Fast/Post_Process/Run_Fast11.csv,run_fast,1,train
BD004,Session2,overground,run,fast,Overground_Run,Run_Fast,/home/kwnuk/WKIRO-Project/data/BD004/Session2/Overground_Run/Run_Fast/Post_Process/Run_Fast12.csv,run_fast,1,val
BD004,Session2,overground,run,fast,Overground_Run,Run_Fast,/home/kwnuk/WKIRO-Project/data/BD004/Session2/Overground_Run/Run_Fast/Post_Process/Run_Fast13.csv,run_fast,1,test
BD004,Session2,overground,run,fast,Overground_Run,Run_Fast,/home/kwnuk/WKIRO-Project/data/BD004/Session2/Overground_Run/Run_Fast/Post_Process/Run_Fast14.csv,run_fast,1,train
BD004,Session2,overground,run,fast,Overground_Run,Run_Fast,/home/kwnuk/WKIRO-Project/data/BD004/Session2/Overground_Run/Run_Fast/Post_Process/Run_Fast15.csv,run_fast,1,train
BD004,Session2,overground,run,fast,Overground_Run,Run_Fast,/home/kwnuk/WKIRO-Project/data/BD004/Session2/Overground_Run/Run_Fast/Post_Process/Run_Fast16.csv,run_fast,1,train
BD004,Session2,overground,run,fast,Overground_Run,Run_Fast,/home/kwnuk/WKIRO-Project/data/BD004/Session2/Overground_Run/Run_Fast/Post_Process/Run_Fast2.csv,run_fast,1,train
BD004,Session2,overground,run,fast,Overground_Run,Run_Fast,/home/kwnuk/WKIRO-Project/data/BD004/Session2/Overground_Run/Run_Fast/Post_Process/Run_Fast3.csv,run_fast,1,train
BD004,Session2,overground,run,fast,Overground_Run,Run_Fast,/home/kwnuk/WKIRO-Project/data/BD004/Session2/Overground_Run/Run_Fast/Post_Process/Run_Fast4.csv,run_fast,1,train
BD004,Session2,overground,run,fast,Overground_Run,Run_Fast,/home/kwnuk/WKIRO-Project/data/BD004/Session2/Overground_Run/Run_Fast/Post_Process/Run_Fast5.csv,run_fast,1,val
BD004,Session2,overground,run,fast,Overground_Run,Run_Fast,/home/kwnuk/WKIRO-Project/data/BD004/Session2/Overground_Run/Run_Fast/Post_Process/Run_Fast6.csv,run_fast,1,train
BD004,Session2,overground,run,fast,Overground_Run,Run_Fast,/home/kwnuk/WKIRO-Project/data/BD004/Session2/Overground_Run/Run_Fast/Post_Process/Run_Fast7.csv,run_fast,1,test
BD004,Session2,overground,run,fast,Overground_Run,Run_Fast,/home/kwnuk/WKIRO-Project/data/BD004/Session2/Overground_Run/Run_Fast/Post_Process/Run_Fast8.csv,run_fast,1,train
BD004,Session2,overground,run,fast,Overground_Run,Run_Fast,/home/kwnuk/WKIRO-Project/data/BD004/Session2/Overground_Run/Run_Fast/Post_Process/Run_Fast9.csv,run_fast,1,test
BD004,Session2,overground,walk,comfortable,Overground_Walk,Walk_Comfortable,/home/kwnuk/WKIRO-Project/data/BD004/Session2/Overground_Walk/Walk_Comfortable/Post_Process/Walk_Comfortable1.csv,walk_comfortable,2,train
BD004,Session2,overground,walk,comfortable,Overground_Walk,Walk_Comfortable,/home/kwnuk/WKIRO-Project/data/BD004/Session2/Overground_Walk/Walk_Comfortable/Post_Process/Walk_Comfortable2.csv,walk_comfortable,2,train
BD004,Session2,overground,walk,comfortable,Overground_Walk,Walk_Comfortable,/home/kwnuk/WKIRO-Project/data/BD004/Session2/Overground_Walk/Walk_Comfortable/Post_Process/Walk_Comfortable3.csv,walk_comfortable,2,val
BD004,Session2,overground,walk,comfortable,Overground_Walk,Walk_Comfortable,/home/kwnuk/WKIRO-Project/data/BD004/Session2/Overground_Walk/Walk_Comfortable/Post_Process/Walk_Comfortable4.csv,walk_comfortable,2,train
BD004,Session2,overground,walk,comfortable,Overground_Walk,Walk_Comfortable,/home/kwnuk/WKIRO-Project/data/BD004/Session2/Overground_Walk/Walk_Comfortable/Post_Process/Walk_Comfortable5.csv,walk_comfortable,2,train
BD004,Session2,overground,walk,comfortable,Overground_Walk,Walk_Comfortable,/home/kwnuk/WKIRO-Project/data/BD004/Session2/Overground_Walk/Walk_Comfortable/Post_Process/Walk_Comfortable6.csv,walk_comfortable,2,train
BD004,Session2,overground,walk,fast,Overground_Walk,Walk_Fast,/home/kwnuk/WKIRO-Project/data/BD004/Session2/Overground_Walk/Walk_Fast/Post_Process/Walk_Fast1.csv,walk_fast,3,train
BD004,Session2,overground,walk,fast,Overground_Walk,Walk_Fast,/home/kwnuk/WKIRO-Project/data/BD004/Session2/Overground_Walk/Walk_Fast/Post_Process/Walk_Fast2.csv,walk_fast,3,train
BD004,Session2,overground,walk,fast,Overground_Walk,Walk_Fast,/home/kwnuk/WKIRO-Project/data/BD004/Session2/Overground_Walk/Walk_Fast/Post_Process/Walk_Fast3.csv,walk_fast,3,test
BD004,Session2,overground,walk,fast,Overground_Walk,Walk_Fast,/home/kwnuk/WKIRO-Project/data/BD004/Session2/Overground_Walk/Walk_Fast/Post_Process/Walk_Fast4.csv,walk_fast,3,val
BD004,Session2,overground,walk,fast,Overground_Walk,Walk_Fast,/home/kwnuk/WKIRO-Project/data/BD004/Session2/Overground_Walk/Walk_Fast/Post_Process/Walk_Fast5.csv,walk_fast,3,test
BD004,Session2,overground,walk,fast,Overground_Walk,Walk_Fast,/home/kwnuk/WKIRO-Project/data/BD004/Session2/Overground_Walk/Walk_Fast/Post_Process/Walk_Fast6.csv,walk_fast,3,train
BD004,Session2,overground,walk,fast,Overground_Walk,Walk_Fast,/home/kwnuk/WKIRO-Project/data/BD004/Session2/Overground_Walk/Walk_Fast/Post_Process/Walk_Fast7.csv,walk_fast,3,train
BD004,Session2,overground,walk,fast,Overground_Walk,Walk_Fast,/home/kwnuk/WKIRO-Project/data/BD004/Session2/Overground_Walk/Walk_Fast/Post_Process/Walk_Fast8.csv,walk_fast,3,train
BD004,Session2,overground,walk,slow,Overground_Walk,Walk_Slow,/home/kwnuk/WKIRO-Project/data/BD004/Session2/Overground_Walk/Walk_Slow/Post_Process/Walk_Slow1.csv,walk_slow,4,val
BD004,Session2,overground,walk,slow,Overground_Walk,Walk_Slow,/home/kwnuk/WKIRO-Project/data/BD004/Session2/Overground_Walk/Walk_Slow/Post_Process/Walk_Slow2.csv,walk_slow,4,val
BD004,Session2,overground,walk,slow,Overground_Walk,Walk_Slow,/home/kwnuk/WKIRO-Project/data/BD004/Session2/Overground_Walk/Walk_Slow/Post_Process/Walk_Slow3.csv,walk_slow,4,test
BD004,Session2,overground,walk,slow,Overground_Walk,Walk_Slow,/home/kwnuk/WKIRO-Project/data/BD004/Session2/Overground_Walk/Walk_Slow/Post_Process/Walk_Slow4.csv,walk_slow,4,train
BD004,Session2,treadmill,run,comfortable,Treadmill_Run,Treadmill_Run_Comfortable,/home/kwnuk/WKIRO-Project/data/BD004/Session2/Treadmill_Run/Treadmill_Run_Comfortable/Post_Process/Treadmill_Run_Comfortable.csv,run_comfortable,0,train
BD004,Session2,treadmill,run,fast,Treadmill_Run,Treadmill_Run_Fast,/home/kwnuk/WKIRO-Project/data/BD004/Session2/Treadmill_Run/Treadmill_Run_Fast/Post_Process/Treadmill_Run_Fast.csv,run_fast,1,train
BD004,Session2,treadmill,walk,comfortable,Treadmill_Walk,Treadmill_Walk_Comfortable,/home/kwnuk/WKIRO-Project/data/BD004/Session2/Treadmill_Walk/Treadmill_Walk_Comfortable/Post_Process/Treadmill_Walk_Comfortable.csv,walk_comfortable,2,train
BD004,Session2,treadmill,walk,fast,Treadmill_Walk,Treadmill_Walk_Fast,/home/kwnuk/WKIRO-Project/data/BD004/Session2/Treadmill_Walk/Treadmill_Walk_Fast/Post_Process/Treadmill_Walk_Fast.csv,walk_fast,3,train
BD004,Session2,treadmill,walk,slow,Treadmill_Walk,Treadmill_Walk_Slow,/home/kwnuk/WKIRO-Project/data/BD004/Session2/Treadmill_Walk/Treadmill_Walk_Slow/Post_Process/Treadmill_Walk_Slow.csv,walk_slow,4,train
BL025,Session1,overground,run,comfortable,Overground_Run,Run_Comfortable,/home/kwnuk/WKIRO-Project/data/BL025/Session1/Overground_Run/Run_Comfortable/Post_Process/Run_Comfortable1.csv,run_comfortable,0,train
BL025,Session1,overground,run,comfortable,Overground_Run,Run_Comfortable,/home/kwnuk/WKIRO-Project/data/BL025/Session1/Overground_Run/Run_Comfortable/Post_Process/Run_Comfortable2.csv,run_comfortable,0,train
BL025,Session1,overground,run,comfortable,Overground_Run,Run_Comfortable,/home/kwnuk/WKIRO-Project/data/BL025/Session1/Overground_Run/Run_Comfortable/Post_Process/Run_Comfortable3.csv,run_comfortable,0,val
BL025,Session1,overground,run,comfortable,Overground_Run,Run_Comfortable,/home/kwnuk/WKIRO-Project/data/BL025/Session1/Overground_Run/Run_Comfortable/Post_Process/Run_Comfortable4.csv,run_comfortable,0,train
BL025,Session1,overground,run,comfortable,Overground_Run,Run_Comfortable,/home/kwnuk/WKIRO-Project/data/BL025/Session1/Overground_Run/Run_Comfortable/Post_Process/Run_Comfortable5.csv,run_comfortable,0,train
BL025,Session1,overground,run,comfortable,Overground_Run,Run_Comfortable,/home/kwnuk/WKIRO-Project/data/BL025/Session1/Overground_Run/Run_Comfortable/Post_Process/Run_Comfortable6.csv,run_comfortable,0,val
BL025,Session1,overground,run,comfortable,Overground_Run,Run_Comfortable,/home/kwnuk/WKIRO-Project/data/BL025/Session1/Overground_Run/Run_Comfortable/Post_Process/Run_Comfortable7.csv,run_comfortable,0,train
BL025,Session1,overground,run,comfortable,Overground_Run,Run_Comfortable,/home/kwnuk/WKIRO-Project/data/BL025/Session1/Overground_Run/Run_Comfortable/Post_Process/Run_Comfortable8.csv,run_comfortable,0,train
BL025,Session1,overground,run,fast,Overground_Run,Run_Fast,/home/kwnuk/WKIRO-Project/data/BL025/Session1/Overground_Run/Run_Fast/Post_Process/Run_Fast1.csv,run_fast,1,train
BL025,Session1,overground,run,fast,Overground_Run,Run_Fast,/home/kwnuk/WKIRO-Project/data/BL025/Session1/Overground_Run/Run_Fast/Post_Process/Run_Fast10.csv,run_fast,1,test
BL025,Session1,overground,run,fast,Overground_Run,Run_Fast,/home/kwnuk/WKIRO-Project/data/BL025/Session1/Overground_Run/Run_Fast/Post_Process/Run_Fast2.csv,run_fast,1,train
BL025,Session1,overground,run,fast,Overground_Run,Run_Fast,/home/kwnuk/WKIRO-Project/data/BL025/Session1/Overground_Run/Run_Fast/Post_Process/Run_Fast3.csv,run_fast,1,train
BL025,Session1,overground,run,fast,Overground_Run,Run_Fast,/home/kwnuk/WKIRO-Project/data/BL025/Session1/Overground_Run/Run_Fast/Post_Process/Run_Fast4.csv,run_fast,1,train
BL025,Session1,overground,run,fast,Overground_Run,Run_Fast,/home/kwnuk/WKIRO-Project/data/BL025/Session1/Overground_Run/Run_Fast/Post_Process/Run_Fast5.csv,run_fast,1,train
BL025,Session1,overground,run,fast,Overground_Run,Run_Fast,/home/kwnuk/WKIRO-Project/data/BL025/Session1/Overground_Run/Run_Fast/Post_Process/Run_Fast6.csv,run_fast,1,train
BL025,Session1,overground,run,fast,Overground_Run,Run_Fast,/home/kwnuk/WKIRO-Project/data/BL025/Session1/Overground_Run/Run_Fast/Post_Process/Run_Fast7.csv,run_fast,1,test
BL025,Session1,overground,run,fast,Overground_Run,Run_Fast,/home/kwnuk/WKIRO-Project/data/BL025/Session1/Overground_Run/Run_Fast/Post_Process/Run_Fast8.csv,run_fast,1,train
BL025,Session1,overground,run,fast,Overground_Run,Run_Fast,/home/kwnuk/WKIRO-Project/data/BL025/Session1/Overground_Run/Run_Fast/Post_Process/Run_Fast9.csv,run_fast,1,train
BL025,Session1,overground,walk,comfortable,Overground_Walk,Walk_Comfortable,/home/kwnuk/WKIRO-Project/data/BL025/Session1/Overground_Walk/Walk_Comfortable/Post_Process/Walk_Comfortable1.csv,walk_comfortable,2,train
BL025,Session1,overground,walk,comfortable,Overground_Walk,Walk_Comfortable,/home/kwnuk/WKIRO-Project/data/BL025/Session1/Overground_Walk/Walk_Comfortable/Post_Process/Walk_Comfortable2.csv,walk_comfortable,2,train
BL025,Session1,overground,walk,comfortable,Overground_Walk,Walk_Comfortable,/home/kwnuk/WKIRO-Project/data/BL025/Session1/Overground_Walk/Walk_Comfortable/Post_Process/Walk_Comfortable3.csv,walk_comfortable,2,train
BL025,Session1,overground,walk,comfortable,Overground_Walk,Walk_Comfortable,/home/kwnuk/WKIRO-Project/data/BL025/Session1/Overground_Walk/Walk_Comfortable/Post_Process/Walk_Comfortable4.csv,walk_comfortable,2,train
BL025,Session1,overground,walk,comfortable,Overground_Walk,Walk_Comfortable,/home/kwnuk/WKIRO-Project/data/BL025/Session1/Overground_Walk/Walk_Comfortable/Post_Process/Walk_Comfortable5.csv,walk_comfortable,2,train
BL025,Session1,overground,walk,comfortable,Overground_Walk,Walk_Comfortable,/home/kwnuk/WKIRO-Project/data/BL025/Session1/Overground_Walk/Walk_Comfortable/Post_Process/Walk_Comfortable6.csv,walk_comfortable,2,test
BL025,Session1,overground,walk,fast,Overground_Walk,Walk_Fast,/home/kwnuk/WKIRO-Project/data/BL025/Session1/Overground_Walk/Walk_Fast/Post_Process/Walk_Fast1.csv,walk_fast,3,train
BL025,Session1,overground,walk,fast,Overground_Walk,Walk_Fast,/home/kwnuk/WKIRO-Project/data/BL025/Session1/Overground_Walk/Walk_Fast/Post_Process/Walk_Fast2.csv,walk_fast,3,train
BL025,Session1,overground,walk,fast,Overground_Walk,Walk_Fast,/home/kwnuk/WKIRO-Project/data/BL025/Session1/Overground_Walk/Walk_Fast/Post_Process/Walk_Fast3.csv,walk_fast,3,train
BL025,Session1,overground,walk,fast,Overground_Walk,Walk_Fast,/home/kwnuk/WKIRO-Project/data/BL025/Session1/Overground_Walk/Walk_Fast/Post_Process/Walk_Fast4.csv,walk_fast,3,test
BL025,Session1,overground,walk,fast,Overground_Walk,Walk_Fast,/home/kwnuk/WKIRO-Project/data/BL025/Session1/Overground_Walk/Walk_Fast/Post_Process/Walk_Fast5.csv,walk_fast,3,train
BL025,Session1,overground,walk,fast,Overground_Walk,Walk_Fast,/home/kwnuk/WKIRO-Project/data/BL025/Session1/Overground_Walk/Walk_Fast/Post_Process/Walk_Fast6.csv,walk_fast,3,train
BL025,Session1,overground,walk,fast,Overground_Walk,Walk_Fast,/home/kwnuk/WKIRO-Project/data/BL025/Session1/Overground_Walk/Walk_Fast/Post_Process/Walk_Fast7.csv,walk_fast,3,train
BL025,Session1,overground,walk,fast,Overground_Walk,Walk_Fast,/home/kwnuk/WKIRO-Project/data/BL025/Session1/Overground_Walk/Walk_Fast/Post_Process/Walk_Fast8.csv,walk_fast,3,train
BL025,Session1,overground,walk,slow,Overground_Walk,Walk_Slow,/home/kwnuk/WKIRO-Project/data/BL025/Session1/Overground_Walk/Walk_Slow/Post_Process/Walk_Slow1.csv,walk_slow,4,train
BL025,Session1,overground,walk,slow,Overground_Walk,Walk_Slow,/home/kwnuk/WKIRO-Project/data/BL025/Session1/Overground_Walk/Walk_Slow/Post_Process/Walk_Slow2.csv,walk_slow,4,val
BL025,Session1,overground,walk,slow,Overground_Walk,Walk_Slow,/home/kwnuk/WKIRO-Project/data/BL025/Session1/Overground_Walk/Walk_Slow/Post_Process/Walk_Slow3.csv,walk_slow,4,test
BL025,Session1,overground,walk,slow,Overground_Walk,Walk_Slow,/home/kwnuk/WKIRO-Project/data/BL025/Session1/Overground_Walk/Walk_Slow/Post_Process/Walk_Slow4.csv,walk_slow,4,train
BL025,Session1,overground,walk,slow,Overground_Walk,Walk_Slow,/home/kwnuk/WKIRO-Project/data/BL025/Session1/Overground_Walk/Walk_Slow/Post_Process/Walk_Slow5.csv,walk_slow,4,val
BL025,Session1,overground,walk,slow,Overground_Walk,Walk_Slow,/home/kwnuk/WKIRO-Project/data/BL025/Session1/Overground_Walk/Walk_Slow/Post_Process/Walk_Slow6.csv,walk_slow,4,test
BL025,Session1,overground,walk,slow,Overground_Walk,Walk_Slow,/home/kwnuk/WKIRO-Project/data/BL025/Session1/Overground_Walk/Walk_Slow/Post_Process/Walk_Slow7.csv,walk_slow,4,train
BL025,Session1,overground,walk,slow,Overground_Walk,Walk_Slow,/home/kwnuk/WKIRO-Project/data/BL025/Session1/Overground_Walk/Walk_Slow/Post_Process/Walk_Slow8.csv,walk_slow,4,train
BL025,Session1,treadmill,run,comfortable,Treadmill_Run,Treadmill_Run_Comfortable,/home/kwnuk/WKIRO-Project/data/BL025/Session1/Treadmill_Run/Treadmill_Run_Comfortable/Post_Process/Treadmill_Run_Comfortable.csv,run_comfortable,0,train
BL025,Session1,treadmill,run,fast,Treadmill_Run,Treadmill_Run_Fast,/home/kwnuk/WKIRO-Project/data/BL025/Session1/Treadmill_Run/Treadmill_Run_Fast/Post_Process/Treadmill_Run_Fast.csv,run_fast,1,train
BL025,Session1,treadmill,walk,comfortable,Treadmill_Walk,Treadmill_Walk_Comfortable,/home/kwnuk/WKIRO-Project/data/BL025/Session1/Treadmill_Walk/Treadmill_Walk_Comfortable/Post_Process/Treadmill_Walk_Comfortable.csv,walk_comfortable,2,val
BL025,Session1,treadmill,walk,fast,Treadmill_Walk,Treadmill_Walk_Fast,/home/kwnuk/WKIRO-Project/data/BL025/Session1/Treadmill_Walk/Treadmill_Walk_Fast/Post_Process/Treadmill_Walk_Fast.csv,walk_fast,3,test
BL025,Session1,treadmill,walk,slow,Treadmill_Walk,Treadmill_Walk_Slow,/home/kwnuk/WKIRO-Project/data/BL025/Session1/Treadmill_Walk/Treadmill_Walk_Slow/Post_Process/Treadmill_Walk_Slow.csv,walk_slow,4,train
BL025,Session2,overground,run,comfortable,Overground_Run,Run_Comfortable,/home/kwnuk/WKIRO-Project/data/BL025/Session2/Overground_Run/Run_Comfortable/Post_Process/Run_Comfortable1.csv,run_comfortable,0,train
BL025,Session2,overground,run,comfortable,Overground_Run,Run_Comfortable,/home/kwnuk/WKIRO-Project/data/BL025/Session2/Overground_Run/Run_Comfortable/Post_Process/Run_Comfortable10.csv,run_comfortable,0,train
BL025,Session2,overground,run,comfortable,Overground_Run,Run_Comfortable,/home/kwnuk/WKIRO-Project/data/BL025/Session2/Overground_Run/Run_Comfortable/Post_Process/Run_Comfortable2.csv,run_comfortable,0,test
BL025,Session2,overground,run,comfortable,Overground_Run,Run_Comfortable,/home/kwnuk/WKIRO-Project/data/BL025/Session2/Overground_Run/Run_Comfortable/Post_Process/Run_Comfortable3.csv,run_comfortable,0,train
BL025,Session2,overground,run,comfortable,Overground_Run,Run_Comfortable,/home/kwnuk/WKIRO-Project/data/BL025/Session2/Overground_Run/Run_Comfortable/Post_Process/Run_Comfortable4.csv,run_comfortable,0,test
BL025,Session2,overground,run,comfortable,Overground_Run,Run_Comfortable,/home/kwnuk/WKIRO-Project/data/BL025/Session2/Overground_Run/Run_Comfortable/Post_Process/Run_Comfortable5.csv,run_comfortable,0,test
BL025,Session2,overground,run,comfortable,Overground_Run,Run_Comfortable,/home/kwnuk/WKIRO-Project/data/BL025/Session2/Overground_Run/Run_Comfortable/Post_Process/Run_Comfortable6.csv,run_comfortable,0,train
BL025,Session2,overground,run,comfortable,Overground_Run,Run_Comfortable,/home/kwnuk/WKIRO-Project/data/BL025/Session2/Overground_Run/Run_Comfortable/Post_Process/Run_Comfortable7.csv,run_comfortable,0,val
BL025,Session2,overground,run,comfortable,Overground_Run,Run_Comfortable,/home/kwnuk/WKIRO-Project/data/BL025/Session2/Overground_Run/Run_Comfortable/Post_Process/Run_Comfortable8.csv,run_comfortable,0,train
BL025,Session2,overground,run,comfortable,Overground_Run,Run_Comfortable,/home/kwnuk/WKIRO-Project/data/BL025/Session2/Overground_Run/Run_Comfortable/Post_Process/Run_Comfortable9.csv,run_comfortable,0,train
BL025,Session2,overground,run,fast,Overground_Run,Run_Fast,/home/kwnuk/WKIRO-Project/data/BL025/Session2/Overground_Run/Run_Fast/Post_Process/Run_Fast1.csv,run_fast,1,train
BL025,Session2,overground,run,fast,Overground_Run,Run_Fast,/home/kwnuk/WKIRO-Project/data/BL025/Session2/Overground_Run/Run_Fast/Post_Process/Run_Fast10.csv,run_fast,1,train
BL025,Session2,overground,run,fast,Overground_Run,Run_Fast,/home/kwnuk/WKIRO-Project/data/BL025/Session2/Overground_Run/Run_Fast/Post_Process/Run_Fast2.csv,run_fast,1,train
BL025,Session2,overground,run,fast,Overground_Run,Run_Fast,/home/kwnuk/WKIRO-Project/data/BL025/Session2/Overground_Run/Run_Fast/Post_Process/Run_Fast3.csv,run_fast,1,val
BL025,Session2,overground,run,fast,Overground_Run,Run_Fast,/home/kwnuk/WKIRO-Project/data/BL025/Session2/Overground_Run/Run_Fast/Post_Process/Run_Fast4.csv,run_fast,1,val
BL025,Session2,overground,run,fast,Overground_Run,Run_Fast,/home/kwnuk/WKIRO-Project/data/BL025/Session2/Overground_Run/Run_Fast/Post_Process/Run_Fast5.csv,run_fast,1,test
BL025,Session2,overground,run,fast,Overground_Run,Run_Fast,/home/kwnuk/WKIRO-Project/data/BL025/Session2/Overground_Run/Run_Fast/Post_Process/Run_Fast6.csv,run_fast,1,train
BL025,Session2,overground,run,fast,Overground_Run,Run_Fast,/home/kwnuk/WKIRO-Project/data/BL025/Session2/Overground_Run/Run_Fast/Post_Process/Run_Fast7.csv,run_fast,1,train
BL025,Session2,overground,run,fast,Overground_Run,Run_Fast,/home/kwnuk/WKIRO-Project/data/BL025/Session2/Overground_Run/Run_Fast/Post_Process/Run_Fast8.csv,run_fast,1,train
BL025,Session2,overground,run,fast,Overground_Run,Run_Fast,/home/kwnuk/WKIRO-Project/data/BL025/Session2/Overground_Run/Run_Fast/Post_Process/Run_Fast9.csv,run_fast,1,val
BL025,Session2,overground,walk,comfortable,Overground_Walk,Walk_Comfortable,/home/kwnuk/WKIRO-Project/data/BL025/Session2/Overground_Walk/Walk_Comfortable/Post_Process/Walk_Comfortable1.csv,walk_comfortable,2,train
BL025,Session2,overground,walk,comfortable,Overground_Walk,Walk_Comfortable,/home/kwnuk/WKIRO-Project/data/BL025/Session2/Overground_Walk/Walk_Comfortable/Post_Process/Walk_Comfortable2.csv,walk_comfortable,2,train
BL025,Session2,overground,walk,comfortable,Overground_Walk,Walk_Comfortable,/home/kwnuk/WKIRO-Project/data/BL025/Session2/Overground_Walk/Walk_Comfortable/Post_Process/Walk_Comfortable3.csv,walk_comfortable,2,val
BL025,Session2,overground,walk,comfortable,Overground_Walk,Walk_Comfortable,/home/kwnuk/WKIRO-Project/data/BL025/Session2/Overground_Walk/Walk_Comfortable/Post_Process/Walk_Comfortable4.csv,walk_comfortable,2,train
BL025,Session2,overground,walk,comfortable,Overground_Walk,Walk_Comfortable,/home/kwnuk/WKIRO-Project/data/BL025/Session2/Overground_Walk/Walk_Comfortable/Post_Process/Walk_Comfortable5.csv,walk_comfortable,2,train
BL025,Session2,overground,walk,comfortable,Overground_Walk,Walk_Comfortable,/home/kwnuk/WKIRO-Project/data/BL025/Session2/Overground_Walk/Walk_Comfortable/Post_Process/Walk_Comfortable6.csv,walk_comfortable,2,test
BL025,Session2,overground,walk,comfortable,Overground_Walk,Walk_Comfortable,/home/kwnuk/WKIRO-Project/data/BL025/Session2/Overground_Walk/Walk_Comfortable/Post_Process/Walk_Comfortable7.csv,walk_comfortable,2,train
BL025,Session2,overground,walk,comfortable,Overground_Walk,Walk_Comfortable,/home/kwnuk/WKIRO-Project/data/BL025/Session2/Overground_Walk/Walk_Comfortable/Post_Process/Walk_Comfortable8.csv,walk_comfortable,2,val
BL025,Session2,overground,walk,fast,Overground_Walk,Walk_Fast,/home/kwnuk/WKIRO-Project/data/BL025/Session2/Overground_Walk/Walk_Fast/Post_Process/Walk_Fast1.csv,walk_fast,3,val
BL025,Session2,overground,walk,fast,Overground_Walk,Walk_Fast,/home/kwnuk/WKIRO-Project/data/BL025/Session2/Overground_Walk/Walk_Fast/Post_Process/Walk_Fast2.csv,walk_fast,3,train
BL025,Session2,overground,walk,fast,Overground_Walk,Walk_Fast,/home/kwnuk/WKIRO-Project/data/BL025/Session2/Overground_Walk/Walk_Fast/Post_Process/Walk_Fast3.csv,walk_fast,3,train
BL025,Session2,overground,walk,fast,Overground_Walk,Walk_Fast,/home/kwnuk/WKIRO-Project/data/BL025/Session2/Overground_Walk/Walk_Fast/Post_Process/Walk_Fast4.csv,walk_fast,3,test
BL025,Session2,overground,walk,fast,Overground_Walk,Walk_Fast,/home/kwnuk/WKIRO-Project/data/BL025/Session2/Overground_Walk/Walk_Fast/Post_Process/Walk_Fast5.csv,walk_fast,3,train
BL025,Session2,overground,walk,fast,Overground_Walk,Walk_Fast,/home/kwnuk/WKIRO-Project/data/BL025/Session2/Overground_Walk/Walk_Fast/Post_Process/Walk_Fast6.csv,walk_fast,3,train
BL025,Session2,overground,walk,fast,Overground_Walk,Walk_Fast,/home/kwnuk/WKIRO-Project/data/BL025/Session2/Overground_Walk/Walk_Fast/Post_Process/Walk_Fast7.csv,walk_fast,3,train
BL025,Session2,overground,walk,fast,Overground_Walk,Walk_Fast,/home/kwnuk/WKIRO-Project/data/BL025/Session2/Overground_Walk/Walk_Fast/Post_Process/Walk_Fast8.csv,walk_fast,3,val
BL025,Session2,overground,walk,slow,Overground_Walk,Walk_Slow,/home/kwnuk/WKIRO-Project/data/BL025/Session2/Overground_Walk/Walk_Slow/Post_Process/Walk_Slow1.csv,walk_slow,4,test
BL025,Session2,overground,walk,slow,Overground_Walk,Walk_Slow,/home/kwnuk/WKIRO-Project/data/BL025/Session2/Overground_Walk/Walk_Slow/Post_Process/Walk_Slow2.csv,walk_slow,4,train
BL025,Session2,overground,walk,slow,Overground_Walk,Walk_Slow,/home/kwnuk/WKIRO-Project/data/BL025/Session2/Overground_Walk/Walk_Slow/Post_Process/Walk_Slow3.csv,walk_slow,4,train
BL025,Session2,overground,walk,slow,Overground_Walk,Walk_Slow,/home/kwnuk/WKIRO-Project/data/BL025/Session2/Overground_Walk/Walk_Slow/Post_Process/Walk_Slow4.csv,walk_slow,4,train
BL025,Session2,overground,walk,slow,Overground_Walk,Walk_Slow,/home/kwnuk/WKIRO-Project/data/BL025/Session2/Overground_Walk/Walk_Slow/Post_Process/Walk_Slow5.csv,walk_slow,4,train
BL025,Session2,overground,walk,slow,Overground_Walk,Walk_Slow,/home/kwnuk/WKIRO-Project/data/BL025/Session2/Overground_Walk/Walk_Slow/Post_Process/Walk_Slow6.csv,walk_slow,4,train
BL025,Session2,overground,walk,slow,Overground_Walk,Walk_Slow,/home/kwnuk/WKIRO-Project/data/BL025/Session2/Overground_Walk/Walk_Slow/Post_Process/Walk_Slow7.csv,walk_slow,4,val
BL025,Session2,overground,walk,slow,Overground_Walk,Walk_Slow,/home/kwnuk/WKIRO-Project/data/BL025/Session2/Overground_Walk/Walk_Slow/Post_Process/Walk_Slow8.csv,walk_slow,4,train
BL025,Session2,treadmill,run,comfortable,Treadmill_Run,Treadmill_Run_Comfortable,/home/kwnuk/WKIRO-Project/data/BL025/Session2/Treadmill_Run/Treadmill_Run_Comfortable/Post_Process/Treadmill_Run_Comfortable.csv,run_comfortable,0,train
BL025,Session2,treadmill,run,fast,Treadmill_Run,Treadmill_Run_Fast,/home/kwnuk/WKIRO-Project/data/BL025/Session2/Treadmill_Run/Treadmill_Run_Fast/Post_Process/Treadmill_Run_Fast.csv,run_fast,1,train
BL025,Session2,treadmill,walk,comfortable,Treadmill_Walk,Treadmill_Walk_Comfortable,/home/kwnuk/WKIRO-Project/data/BL025/Session2/Treadmill_Walk/Treadmill_Walk_Comfortable/Post_Process/Treadmill_Walk_Comfortable.csv,walk_comfortable,2,train
BL025,Session2,treadmill,walk,fast,Treadmill_Walk,Treadmill_Walk_Fast,/home/kwnuk/WKIRO-Project/data/BL025/Session2/Treadmill_Walk/Treadmill_Walk_Fast/Post_Process/Treadmill_Walk_Fast.csv,walk_fast,3,val
BL025,Session2,treadmill,walk,slow,Treadmill_Walk,Treadmill_Walk_Slow,/home/kwnuk/WKIRO-Project/data/BL025/Session2/Treadmill_Walk/Treadmill_Walk_Slow/Post_Process/Treadmill_Walk_Slow.csv,walk_slow,4,train
CF027,Session1,overground,run,comfortable,Overground_Run,Run_Comfortable,/home/kwnuk/WKIRO-Project/data/CF027/Session1/Overground_Run/Run_Comfortable/Post_Process/Run_Comfortable1.csv,run_comfortable,0,test
CF027,Session1,overground,run,comfortable,Overground_Run,Run_Comfortable,/home/kwnuk/WKIRO-Project/data/CF027/Session1/Overground_Run/Run_Comfortable/Post_Process/Run_Comfortable10.csv,run_comfortable,0,train
CF027,Session1,overground,run,comfortable,Overground_Run,Run_Comfortable,/home/kwnuk/WKIRO-Project/data/CF027/Session1/Overground_Run/Run_Comfortable/Post_Process/Run_Comfortable2.csv,run_comfortable,0,val
CF027,Session1,overground,run,comfortable,Overground_Run,Run_Comfortable,/home/kwnuk/WKIRO-Project/data/CF027/Session1/Overground_Run/Run_Comfortable/Post_Process/Run_Comfortable3.csv,run_comfortable,0,val
CF027,Session1,overground,run,comfortable,Overground_Run,Run_Comfortable,/home/kwnuk/WKIRO-Project/data/CF027/Session1/Overground_Run/Run_Comfortable/Post_Process/Run_Comfortable4.csv,run_comfortable,0,train
CF027,Session1,overground,run,comfortable,Overground_Run,Run_Comfortable,/home/kwnuk/WKIRO-Project/data/CF027/Session1/Overground_Run/Run_Comfortable/Post_Process/Run_Comfortable5.csv,run_comfortable,0,train
CF027,Session1,overground,run,comfortable,Overground_Run,Run_Comfortable,/home/kwnuk/WKIRO-Project/data/CF027/Session1/Overground_Run/Run_Comfortable/Post_Process/Run_Comfortable6.csv,run_comfortable,0,test
CF027,Session1,overground,run,comfortable,Overground_Run,Run_Comfortable,/home/kwnuk/WKIRO-Project/data/CF027/Session1/Overground_Run/Run_Comfortable/Post_Process/Run_Comfortable7.csv,run_comfortable,0,train
CF027,Session1,overground,run,comfortable,Overground_Run,Run_Comfortable,/home/kwnuk/WKIRO-Project/data/CF027/Session1/Overground_Run/Run_Comfortable/Post_Process/Run_Comfortable8.csv,run_comfortable,0,train
CF027,Session1,overground,run,comfortable,Overground_Run,Run_Comfortable,/home/kwnuk/WKIRO-Project/data/CF027/Session1/Overground_Run/Run_Comfortable/Post_Process/Run_Comfortable9.csv,run_comfortable,0,train
CF027,Session1,overground,run,fast,Overground_Run,Run_Fast,/home/kwnuk/WKIRO-Project/data/CF027/Session1/Overground_Run/Run_Fast/Post_Process/Run_Fast1.csv,run_fast,1,train
CF027,Session1,overground,run,fast,Overground_Run,Run_Fast,/home/kwnuk/WKIRO-Project/data/CF027/Session1/Overground_Run/Run_Fast/Post_Process/Run_Fast10.csv,run_fast,1,val
CF027,Session1,overground,run,fast,Overground_Run,Run_Fast,/home/kwnuk/WKIRO-Project/data/CF027/Session1/Overground_Run/Run_Fast/Post_Process/Run_Fast2.csv,run_fast,1,train
CF027,Session1,overground,run,fast,Overground_Run,Run_Fast,/home/kwnuk/WKIRO-Project/data/CF027/Session1/Overground_Run/Run_Fast/Post_Process/Run_Fast3.csv,run_fast,1,train
CF027,Session1,overground,run,fast,Overground_Run,Run_Fast,/home/kwnuk/WKIRO-Project/data/CF027/Session1/Overground_Run/Run_Fast/Post_Process/Run_Fast4.csv,run_fast,1,train
CF027,Session1,overground,run,fast,Overground_Run,Run_Fast,/home/kwnuk/WKIRO-Project/data/CF027/Session1/Overground_Run/Run_Fast/Post_Process/Run_Fast5.csv,run_fast,1,train
CF027,Session1,overground,run,fast,Overground_Run,Run_Fast,/home/kwnuk/WKIRO-Project/data/CF027/Session1/Overground_Run/Run_Fast/Post_Process/Run_Fast6.csv,run_fast,1,train
CF027,Session1,overground,run,fast,Overground_Run,Run_Fast,/home/kwnuk/WKIRO-Project/data/CF027/Session1/Overground_Run/Run_Fast/Post_Process/Run_Fast7.csv,run_fast,1,train
CF027,Session1,overground,run,fast,Overground_Run,Run_Fast,/home/kwnuk/WKIRO-Project/data/CF027/Session1/Overground_Run/Run_Fast/Post_Process/Run_Fast8.csv,run_fast,1,val
CF027,Session1,overground,run,fast,Overground_Run,Run_Fast,/home/kwnuk/WKIRO-Project/data/CF027/Session1/Overground_Run/Run_Fast/Post_Process/Run_Fast9.csv,run_fast,1,train
CF027,Session1,overground,walk,comfortable,Overground_Walk,Walk_Comfortable,/home/kwnuk/WKIRO-Project/data/CF027/Session1/Overground_Walk/Walk_Comfortable/Post_Process/Walk_Comfortable1.csv,walk_comfortable,2,val
CF027,Session1,overground,walk,comfortable,Overground_Walk,Walk_Comfortable,/home/kwnuk/WKIRO-Project/data/CF027/Session1/Overground_Walk/Walk_Comfortable/Post_Process/Walk_Comfortable2.csv,walk_comfortable,2,val
CF027,Session1,overground,walk,comfortable,Overground_Walk,Walk_Comfortable,/home/kwnuk/WKIRO-Project/data/CF027/Session1/Overground_Walk/Walk_Comfortable/Post_Process/Walk_Comfortable3.csv,walk_comfortable,2,train
CF027,Session1,overground,walk,comfortable,Overground_Walk,Walk_Comfortable,/home/kwnuk/WKIRO-Project/data/CF027/Session1/Overground_Walk/Walk_Comfortable/Post_Process/Walk_Comfortable4.csv,walk_comfortable,2,train
CF027,Session1,overground,walk,comfortable,Overground_Walk,Walk_Comfortable,/home/kwnuk/WKIRO-Project/data/CF027/Session1/Overground_Walk/Walk_Comfortable/Post_Process/Walk_Comfortable5.csv,walk_comfortable,2,val
CF027,Session1,overground,walk,comfortable,Overground_Walk,Walk_Comfortable,/home/kwnuk/WKIRO-Project/data/CF027/Session1/Overground_Walk/Walk_Comfortable/Post_Process/Walk_Comfortable6.csv,walk_comfortable,2,train
CF027,Session1,overground,walk,comfortable,Overground_Walk,Walk_Comfortable,/home/kwnuk/WKIRO-Project/data/CF027/Session1/Overground_Walk/Walk_Comfortable/Post_Process/Walk_Comfortable7.csv,walk_comfortable,2,train
CF027,Session1,overground,walk,comfortable,Overground_Walk,Walk_Comfortable,/home/kwnuk/WKIRO-Project/data/CF027/Session1/Overground_Walk/Walk_Comfortable/Post_Process/Walk_Comfortable8.csv,walk_comfortable,2,train
CF027,Session1,overground,walk,fast,Overground_Walk,Walk_Fast,/home/kwnuk/WKIRO-Project/data/CF027/Session1/Overground_Walk/Walk_Fast/Post_Process/Walk_Fast1.csv,walk_fast,3,train
CF027,Session1,overground,walk,fast,Overground_Walk,Walk_Fast,/home/kwnuk/WKIRO-Project/data/CF027/Session1/Overground_Walk/Walk_Fast/Post_Process/Walk_Fast2.csv,walk_fast,3,train
CF027,Session1,overground,walk,fast,Overground_Walk,Walk_Fast,/home/kwnuk/WKIRO-Project/data/CF027/Session1/Overground_Walk/Walk_Fast/Post_Process/Walk_Fast3.csv,walk_fast,3,val
CF027,Session1,overground,walk,fast,Overground_Walk,Walk_Fast,/home/kwnuk/WKIRO-Project/data/CF027/Session1/Overground_Walk/Walk_Fast/Post_Process/Walk_Fast4.csv,walk_fast,3,test
CF027,Session1,overground,walk,fast,Overground_Walk,Walk_Fast,/home/kwnuk/WKIRO-Project/data/CF027/Session1/Overground_Walk/Walk_Fast/Post_Process/Walk_Fast5.csv,walk_fast,3,train
CF027,Session1,overground,walk,fast,Overground_Walk,Walk_Fast,/home/kwnuk/WKIRO-Project/data/CF027/Session1/Overground_Walk/Walk_Fast/Post_Process/Walk_Fast6.csv,walk_fast,3,train
CF027,Session1,overground,walk,fast,Overground_Walk,Walk_Fast,/home/kwnuk/WKIRO-Project/data/CF027/Session1/Overground_Walk/Walk_Fast/Post_Process/Walk_Fast7.csv,walk_fast,3,train
CF027,Session1,overground,walk,fast,Overground_Walk,Walk_Fast,/home/kwnuk/WKIRO-Project/data/CF027/Session1/Overground_Walk/Walk_Fast/Post_Process/Walk_Fast8.csv,walk_fast,3,train
CF027,Session1,overground,walk,slow,Overground_Walk,Walk_Slow,/home/kwnuk/WKIRO-Project/data/CF027/Session1/Overground_Walk/Walk_Slow/Post_Process/Walk_Slow1.csv,walk_slow,4,val
CF027,Session1,overground,walk,slow,Overground_Walk,Walk_Slow,/home/kwnuk/WKIRO-Project/data/CF027/Session1/Overground_Walk/Walk_Slow/Post_Process/Walk_Slow2.csv,walk_slow,4,train
CF027,Session1,overground,walk,slow,Overground_Walk,Walk_Slow,/home/kwnuk/WKIRO-Project/data/CF027/Session1/Overground_Walk/Walk_Slow/Post_Process/Walk_Slow3.csv,walk_slow,4,test
CF027,Session1,overground,walk,slow,Overground_Walk,Walk_Slow,/home/kwnuk/WKIRO-Project/data/CF027/Session1/Overground_Walk/Walk_Slow/Post_Process/Walk_Slow4.csv,walk_slow,4,test
CF027,Session1,overground,walk,slow,Overground_Walk,Walk_Slow,/home/kwnuk/WKIRO-Project/data/CF027/Session1/Overground_Walk/Walk_Slow/Post_Process/Walk_Slow5.csv,walk_slow,4,train
CF027,Session1,overground,walk,slow,Overground_Walk,Walk_Slow,/home/kwnuk/WKIRO-Project/data/CF027/Session1/Overground_Walk/Walk_Slow/Post_Process/Walk_Slow6.csv,walk_slow,4,train
CF027,Session1,overground,walk,slow,Overground_Walk,Walk_Slow,/home/kwnuk/WKIRO-Project/data/CF027/Session1/Overground_Walk/Walk_Slow/Post_Process/Walk_Slow7.csv,walk_slow,4,train
CF027,Session1,overground,walk,slow,Overground_Walk,Walk_Slow,/home/kwnuk/WKIRO-Project/data/CF027/Session1/Overground_Walk/Walk_Slow/Post_Process/Walk_Slow8.csv,walk_slow,4,train
CF027,Session1,treadmill,run,comfortable,Treadmill_Run,Treadmill_Run_Comfortable,/home/kwnuk/WKIRO-Project/data/CF027/Session1/Treadmill_Run/Treadmill_Run_Comfortable/Post_Process/Treadmill_Run_Comfortable.csv,run_comfortable,0,test
CF027,Session1,treadmill,run,fast,Treadmill_Run,Treadmill_Run_Fast,/home/kwnuk/WKIRO-Project/data/CF027/Session1/Treadmill_Run/Treadmill_Run_Fast/Post_Process/Treadmill_Run_Fast.csv,run_fast,1,train
CF027,Session1,treadmill,walk,comfortable,Treadmill_Walk,Treadmill_Walk_Comfortable,/home/kwnuk/WKIRO-Project/data/CF027/Session1/Treadmill_Walk/Treadmill_Walk_Comfortable/Post_Process/Treadmill_Walk_Comfortable.csv,walk_comfortable,2,train
CF027,Session1,treadmill,walk,fast,Treadmill_Walk,Treadmill_Walk_Fast,/home/kwnuk/WKIRO-Project/data/CF027/Session1/Treadmill_Walk/Treadmill_Walk_Fast/Post_Process/Treadmill_Walk_Fast.csv,walk_fast,3,train
CF027,Session1,treadmill,walk,slow,Treadmill_Walk,Treadmill_Walk_Slow,/home/kwnuk/WKIRO-Project/data/CF027/Session1/Treadmill_Walk/Treadmill_Walk_Slow/Post_Process/Treadmill_Walk_Slow.csv,walk_slow,4,train
CF027,Session2,overground,run,comfortable,Overground_Run,Run_Comfortable,/home/kwnuk/WKIRO-Project/data/CF027/Session2/Overground_Run/Run_Comfortable/Post_Process/Run_Comfortable1.csv,run_comfortable,0,train
CF027,Session2,overground,run,comfortable,Overground_Run,Run_Comfortable,/home/kwnuk/WKIRO-Project/data/CF027/Session2/Overground_Run/Run_Comfortable/Post_Process/Run_Comfortable10.csv,run_comfortable,0,train
CF027,Session2,overground,run,comfortable,Overground_Run,Run_Comfortable,/home/kwnuk/WKIRO-Project/data/CF027/Session2/Overground_Run/Run_Comfortable/Post_Process/Run_Comfortable2.csv,run_comfortable,0,train
CF027,Session2,overground,run,comfortable,Overground_Run,Run_Comfortable,/home/kwnuk/WKIRO-Project/data/CF027/Session2/Overground_Run/Run_Comfortable/Post_Process/Run_Comfortable3.csv,run_comfortable,0,train
CF027,Session2,overground,run,comfortable,Overground_Run,Run_Comfortable,/home/kwnuk/WKIRO-Project/data/CF027/Session2/Overground_Run/Run_Comfortable/Post_Process/Run_Comfortable4.csv,run_comfortable,0,val
CF027,Session2,overground,run,comfortable,Overground_Run,Run_Comfortable,/home/kwnuk/WKIRO-Project/data/CF027/Session2/Overground_Run/Run_Comfortable/Post_Process/Run_Comfortable5.csv,run_comfortable,0,train
CF027,Session2,overground,run,comfortable,Overground_Run,Run_Comfortable,/home/kwnuk/WKIRO-Project/data/CF027/Session2/Overground_Run/Run_Comfortable/Post_Process/Run_Comfortable6.csv,run_comfortable,0,train
CF027,Session2,overground,run,comfortable,Overground_Run,Run_Comfortable,/home/kwnuk/WKIRO-Project/data/CF027/Session2/Overground_Run/Run_Comfortable/Post_Process/Run_Comfortable7.csv,run_comfortable,0,train
CF027,Session2,overground,run,comfortable,Overground_Run,Run_Comfortable,/home/kwnuk/WKIRO-Project/data/CF027/Session2/Overground_Run/Run_Comfortable/Post_Process/Run_Comfortable8.csv,run_comfortable,0,train
CF027,Session2,overground,run,comfortable,Overground_Run,Run_Comfortable,/home/kwnuk/WKIRO-Project/data/CF027/Session2/Overground_Run/Run_Comfortable/Post_Process/Run_Comfortable9.csv,run_comfortable,0,train
CF027,Session2,overground,run,fast,Overground_Run,Run_Fast,/home/kwnuk/WKIRO-Project/data/CF027/Session2/Overground_Run/Run_Fast/Post_Process/Run_Fast1.csv,run_fast,1,train
CF027,Session2,overground,run,fast,Overground_Run,Run_Fast,/home/kwnuk/WKIRO-Project/data/CF027/Session2/Overground_Run/Run_Fast/Post_Process/Run_Fast10.csv,run_fast,1,train
CF027,Session2,overground,run,fast,Overground_Run,Run_Fast,/home/kwnuk/WKIRO-Project/data/CF027/Session2/Overground_Run/Run_Fast/Post_Process/Run_Fast2.csv,run_fast,1,train
CF027,Session2,overground,run,fast,Overground_Run,Run_Fast,/home/kwnuk/WKIRO-Project/data/CF027/Session2/Overground_Run/Run_Fast/Post_Process/Run_Fast3.csv,run_fast,1,train
CF027,Session2,overground,run,fast,Overground_Run,Run_Fast,/home/kwnuk/WKIRO-Project/data/CF027/Session2/Overground_Run/Run_Fast/Post_Process/Run_Fast4.csv,run_fast,1,val
CF027,Session2,overground,run,fast,Overground_Run,Run_Fast,/home/kwnuk/WKIRO-Project/data/CF027/Session2/Overground_Run/Run_Fast/Post_Process/Run_Fast5.csv,run_fast,1,train
CF027,Session2,overground,run,fast,Overground_Run,Run_Fast,/home/kwnuk/WKIRO-Project/data/CF027/Session2/Overground_Run/Run_Fast/Post_Process/Run_Fast6.csv,run_fast,1,test
CF027,Session2,overground,run,fast,Overground_Run,Run_Fast,/home/kwnuk/WKIRO-Project/data/CF027/Session2/Overground_Run/Run_Fast/Post_Process/Run_Fast7.csv,run_fast,1,test
CF027,Session2,overground,run,fast,Overground_Run,Run_Fast,/home/kwnuk/WKIRO-Project/data/CF027/Session2/Overground_Run/Run_Fast/Post_Process/Run_Fast8.csv,run_fast,1,train
CF027,Session2,overground,run,fast,Overground_Run,Run_Fast,/home/kwnuk/WKIRO-Project/data/CF027/Session2/Overground_Run/Run_Fast/Post_Process/Run_Fast9.csv,run_fast,1,train
CF027,Session2,overground,walk,comfortable,Overground_Walk,Walk_Comfortable,/home/kwnuk/WKIRO-Project/data/CF027/Session2/Overground_Walk/Walk_Comfortable/Post_Process/Walk_Comfortable1.csv,walk_comfortable,2,train
CF027,Session2,overground,walk,comfortable,Overground_Walk,Walk_Comfortable,/home/kwnuk/WKIRO-Project/data/CF027/Session2/Overground_Walk/Walk_Comfortable/Post_Process/Walk_Comfortable2.csv,walk_comfortable,2,train
CF027,Session2,overground,walk,comfortable,Overground_Walk,Walk_Comfortable,/home/kwnuk/WKIRO-Project/data/CF027/Session2/Overground_Walk/Walk_Comfortable/Post_Process/Walk_Comfortable3.csv,walk_comfortable,2,train
CF027,Session2,overground,walk,comfortable,Overground_Walk,Walk_Comfortable,/home/kwnuk/WKIRO-Project/data/CF027/Session2/Overground_Walk/Walk_Comfortable/Post_Process/Walk_Comfortable4.csv,walk_comfortable,2,test
CF027,Session2,overground,walk,comfortable,Overground_Walk,Walk_Comfortable,/home/kwnuk/WKIRO-Project/data/CF027/Session2/Overground_Walk/Walk_Comfortable/Post_Process/Walk_Comfortable5.csv,walk_comfortable,2,train
CF027,Session2,overground,walk,comfortable,Overground_Walk,Walk_Comfortable,/home/kwnuk/WKIRO-Project/data/CF027/Session2/Overground_Walk/Walk_Comfortable/Post_Process/Walk_Comfortable6.csv,walk_comfortable,2,train
CF027,Session2,overground,walk,fast,Overground_Walk,Walk_Fast,/home/kwnuk/WKIRO-Project/data/CF027/Session2/Overground_Walk/Walk_Fast/Post_Process/Walk_Fast1.csv,walk_fast,3,test
CF027,Session2,overground,walk,fast,Overground_Walk,Walk_Fast,/home/kwnuk/WKIRO-Project/data/CF027/Session2/Overground_Walk/Walk_Fast/Post_Process/Walk_Fast2.csv,walk_fast,3,val
CF027,Session2,overground,walk,fast,Overground_Walk,Walk_Fast,/home/kwnuk/WKIRO-Project/data/CF027/Session2/Overground_Walk/Walk_Fast/Post_Process/Walk_Fast3.csv,walk_fast,3,train
CF027,Session2,overground,walk,fast,Overground_Walk,Walk_Fast,/home/kwnuk/WKIRO-Project/data/CF027/Session2/Overground_Walk/Walk_Fast/Post_Process/Walk_Fast4.csv,walk_fast,3,train
CF027,Session2,overground,walk,fast,Overground_Walk,Walk_Fast,/home/kwnuk/WKIRO-Project/data/CF027/Session2/Overground_Walk/Walk_Fast/Post_Process/Walk_Fast5.csv,walk_fast,3,val
CF027,Session2,overground,walk,fast,Overground_Walk,Walk_Fast,/home/kwnuk/WKIRO-Project/data/CF027/Session2/Overground_Walk/Walk_Fast/Post_Process/Walk_Fast6.csv,walk_fast,3,train
CF027,Session2,overground,walk,fast,Overground_Walk,Walk_Fast,/home/kwnuk/WKIRO-Project/data/CF027/Session2/Overground_Walk/Walk_Fast/Post_Process/Walk_Fast7.csv,walk_fast,3,train
CF027,Session2,overground,walk,fast,Overground_Walk,Walk_Fast,/home/kwnuk/WKIRO-Project/data/CF027/Session2/Overground_Walk/Walk_Fast/Post_Process/Walk_Fast8.csv,walk_fast,3,train
CF027,Session2,overground,walk,slow,Overground_Walk,Walk_Slow,/home/kwnuk/WKIRO-Project/data/CF027/Session2/Overground_Walk/Walk_Slow/Post_Process/Walk_Slow1.csv,walk_slow,4,train
CF027,Session2,overground,walk,slow,Overground_Walk,Walk_Slow,/home/kwnuk/WKIRO-Project/data/CF027/Session2/Overground_Walk/Walk_Slow/Post_Process/Walk_Slow2.csv,walk_slow,4,train
CF027,Session2,overground,walk,slow,Overground_Walk,Walk_Slow,/home/kwnuk/WKIRO-Project/data/CF027/Session2/Overground_Walk/Walk_Slow/Post_Process/Walk_Slow3.csv,walk_slow,4,val
CF027,Session2,overground,walk,slow,Overground_Walk,Walk_Slow,/home/kwnuk/WKIRO-Project/data/CF027/Session2/Overground_Walk/Walk_Slow/Post_Process/Walk_Slow4.csv,walk_slow,4,val
CF027,Session2,overground,walk,slow,Overground_Walk,Walk_Slow,/home/kwnuk/WKIRO-Project/data/CF027/Session2/Overground_Walk/Walk_Slow/Post_Process/Walk_Slow5.csv,walk_slow,4,train
CF027,Session2,overground,walk,slow,Overground_Walk,Walk_Slow,/home/kwnuk/WKIRO-Project/data/CF027/Session2/Overground_Walk/Walk_Slow/Post_Process/Walk_Slow6.csv,walk_slow,4,train
CF027,Session2,treadmill,run,comfortable,Treadmill_Run,Treadmill_Run_Comfortable,/home/kwnuk/WKIRO-Project/data/CF027/Session2/Treadmill_Run/Treadmill_Run_Comfortable/Post_Process/Treadmill_Run_Comfortable.csv,run_comfortable,0,train
CF027,Session2,treadmill,run,fast,Treadmill_Run,Treadmill_Run_Fast,/home/kwnuk/WKIRO-Project/data/CF027/Session2/Treadmill_Run/Treadmill_Run_Fast/Post_Process/Treadmill_Run_Fast.csv,run_fast,1,test
CF027,Session2,treadmill,walk,comfortable,Treadmill_Walk,Treadmill_Walk_Comfortable,/home/kwnuk/WKIRO-Project/data/CF027/Session2/Treadmill_Walk/Treadmill_Walk_Comfortable/Post_Process/Treadmill_Walk_Comfortable.csv,walk_comfortable,2,test
CF027,Session2,treadmill,walk,fast,Treadmill_Walk,Treadmill_Walk_Fast,/home/kwnuk/WKIRO-Project/data/CF027/Session2/Treadmill_Walk/Treadmill_Walk_Fast/Post_Process/Treadmill_Walk_Fast.csv,walk_fast,3,test
CF027,Session2,treadmill,walk,slow,Treadmill_Walk,Treadmill_Walk_Slow,/home/kwnuk/WKIRO-Project/data/CF027/Session2/Treadmill_Walk/Treadmill_Walk_Slow/Post_Process/Treadmill_Walk_Slow.csv,walk_slow,4,train
CL007,Session1,overground,run,comfortable,Overground_Run,Run_Comfortable,/home/kwnuk/WKIRO-Project/data/CL007/Session1/Overground_Run/Run_Comfortable/Post_Process/Run_Comfortable1.csv,run_comfortable,0,train
CL007,Session1,overground,run,comfortable,Overground_Run,Run_Comfortable,/home/kwnuk/WKIRO-Project/data/CL007/Session1/Overground_Run/Run_Comfortable/Post_Process/Run_Comfortable2.csv,run_comfortable,0,test
CL007,Session1,overground,run,comfortable,Overground_Run,Run_Comfortable,/home/kwnuk/WKIRO-Project/data/CL007/Session1/Overground_Run/Run_Comfortable/Post_Process/Run_Comfortable3.csv,run_comfortable,0,train
CL007,Session1,overground,run,comfortable,Overground_Run,Run_Comfortable,/home/kwnuk/WKIRO-Project/data/CL007/Session1/Overground_Run/Run_Comfortable/Post_Process/Run_Comfortable4.csv,run_comfortable,0,train
CL007,Session1,overground,run,comfortable,Overground_Run,Run_Comfortable,/home/kwnuk/WKIRO-Project/data/CL007/Session1/Overground_Run/Run_Comfortable/Post_Process/Run_Comfortable5.csv,run_comfortable,0,train
CL007,Session1,overground,run,comfortable,Overground_Run,Run_Comfortable,/home/kwnuk/WKIRO-Project/data/CL007/Session1/Overground_Run/Run_Comfortable/Post_Process/Run_Comfortable6.csv,run_comfortable,0,val
CL007,Session1,overground,run,comfortable,Overground_Run,Run_Comfortable,/home/kwnuk/WKIRO-Project/data/CL007/Session1/Overground_Run/Run_Comfortable/Post_Process/Run_Comfortable7.csv,run_comfortable,0,train
CL007,Session1,overground,run,comfortable,Overground_Run,Run_Comfortable,/home/kwnuk/WKIRO-Project/data/CL007/Session1/Overground_Run/Run_Comfortable/Post_Process/Run_Comfortable8.csv,run_comfortable,0,train
CL007,Session1,overground,run,fast,Overground_Run,Run_Fast,/home/kwnuk/WKIRO-Project/data/CL007/Session1/Overground_Run/Run_Fast/Post_Process/Run_Fast1.csv,run_fast,1,train
CL007,Session1,overground,run,fast,Overground_Run,Run_Fast,/home/kwnuk/WKIRO-Project/data/CL007/Session1/Overground_Run/Run_Fast/Post_Process/Run_Fast2.csv,run_fast,1,train
CL007,Session1,overground,run,fast,Overground_Run,Run_Fast,/home/kwnuk/WKIRO-Project/data/CL007/Session1/Overground_Run/Run_Fast/Post_Process/Run_Fast3.csv,run_fast,1,train
CL007,Session1,overground,run,fast,Overground_Run,Run_Fast,/home/kwnuk/WKIRO-Project/data/CL007/Session1/Overground_Run/Run_Fast/Post_Process/Run_Fast4.csv,run_fast,1,train
CL007,Session1,overground,run,fast,Overground_Run,Run_Fast,/home/kwnuk/WKIRO-Project/data/CL007/Session1/Overground_Run/Run_Fast/Post_Process/Run_Fast5.csv,run_fast,1,train
CL007,Session1,overground,run,fast,Overground_Run,Run_Fast,/home/kwnuk/WKIRO-Project/data/CL007/Session1/Overground_Run/Run_Fast/Post_Process/Run_Fast6.csv,run_fast,1,train
CL007,Session1,overground,run,fast,Overground_Run,Run_Fast,/home/kwnuk/WKIRO-Project/data/CL007/Session1/Overground_Run/Run_Fast/Post_Process/Run_Fast7.csv,run_fast,1,val
CL007,Session1,overground,run,fast,Overground_Run,Run_Fast,/home/kwnuk/WKIRO-Project/data/CL007/Session1/Overground_Run/Run_Fast/Post_Process/Run_Fast8.csv,run_fast,1,train
CL007,Session1,overground,walk,comfortable,Overground_Walk,Walk_Comfortable,/home/kwnuk/WKIRO-Project/data/CL007/Session1/Overground_Walk/Walk_Comfortable/Post_Process/Walk_Comfortable1.csv,walk_comfortable,2,test
CL007,Session1,overground,walk,comfortable,Overground_Walk,Walk_Comfortable,/home/kwnuk/WKIRO-Project/data/CL007/Session1/Overground_Walk/Walk_Comfortable/Post_Process/Walk_Comfortable2.csv,walk_comfortable,2,train
CL007,Session1,overground,walk,comfortable,Overground_Walk,Walk_Comfortable,/home/kwnuk/WKIRO-Project/data/CL007/Session1/Overground_Walk/Walk_Comfortable/Post_Process/Walk_Comfortable3.csv,walk_comfortable,2,val
CL007,Session1,overground,walk,comfortable,Overground_Walk,Walk_Comfortable,/home/kwnuk/WKIRO-Project/data/CL007/Session1/Overground_Walk/Walk_Comfortable/Post_Process/Walk_Comfortable4.csv,walk_comfortable,2,train
CL007,Session1,overground,walk,comfortable,Overground_Walk,Walk_Comfortable,/home/kwnuk/WKIRO-Project/data/CL007/Session1/Overground_Walk/Walk_Comfortable/Post_Process/Walk_Comfortable5.csv,walk_comfortable,2,train
CL007,Session1,overground,walk,comfortable,Overground_Walk,Walk_Comfortable,/home/kwnuk/WKIRO-Project/data/CL007/Session1/Overground_Walk/Walk_Comfortable/Post_Process/Walk_Comfortable6.csv,walk_comfortable,2,train
CL007,Session1,overground,walk,fast,Overground_Walk,Walk_Fast,/home/kwnuk/WKIRO-Project/data/CL007/Session1/Overground_Walk/Walk_Fast/Post_Process/Walk_Fast1.csv,walk_fast,3,train
CL007,Session1,overground,walk,fast,Overground_Walk,Walk_Fast,/home/kwnuk/WKIRO-Project/data/CL007/Session1/Overground_Walk/Walk_Fast/Post_Process/Walk_Fast10.csv,walk_fast,3,test
CL007,Session1,overground,walk,fast,Overground_Walk,Walk_Fast,/home/kwnuk/WKIRO-Project/data/CL007/Session1/Overground_Walk/Walk_Fast/Post_Process/Walk_Fast2.csv,walk_fast,3,train
CL007,Session1,overground,walk,fast,Overground_Walk,Walk_Fast,/home/kwnuk/WKIRO-Project/data/CL007/Session1/Overground_Walk/Walk_Fast/Post_Process/Walk_Fast3.csv,walk_fast,3,test
CL007,Session1,overground,walk,fast,Overground_Walk,Walk_Fast,/home/kwnuk/WKIRO-Project/data/CL007/Session1/Overground_Walk/Walk_Fast/Post_Process/Walk_Fast4.csv,walk_fast,3,test
CL007,Session1,overground,walk,fast,Overground_Walk,Walk_Fast,/home/kwnuk/WKIRO-Project/data/CL007/Session1/Overground_Walk/Walk_Fast/Post_Process/Walk_Fast5.csv,walk_fast,3,val
CL007,Session1,overground,walk,fast,Overground_Walk,Walk_Fast,/home/kwnuk/WKIRO-Project/data/CL007/Session1/Overground_Walk/Walk_Fast/Post_Process/Walk_Fast6.csv,walk_fast,3,train
CL007,Session1,overground,walk,fast,Overground_Walk,Walk_Fast,/home/kwnuk/WKIRO-Project/data/CL007/Session1/Overground_Walk/Walk_Fast/Post_Process/Walk_Fast7.csv,walk_fast,3,train
CL007,Session1,overground,walk,fast,Overground_Walk,Walk_Fast,/home/kwnuk/WKIRO-Project/data/CL007/Session1/Overground_Walk/Walk_Fast/Post_Process/Walk_Fast8.csv,walk_fast,3,train
CL007,Session1,overground,walk,fast,Overground_Walk,Walk_Fast,/home/kwnuk/WKIRO-Project/data/CL007/Session1/Overground_Walk/Walk_Fast/Post_Process/Walk_Fast9.csv,walk_fast,3,train
CL007,Session1,overground,walk,slow,Overground_Walk,Walk_Slow,/home/kwnuk/WKIRO-Project/data/CL007/Session1/Overground_Walk/Walk_Slow/Post_Process/Walk_Slow1.csv,walk_slow,4,train
CL007,Session1,overground,walk,slow,Overground_Walk,Walk_Slow,/home/kwnuk/WKIRO-Project/data/CL007/Session1/Overground_Walk/Walk_Slow/Post_Process/Walk_Slow2.csv,walk_slow,4,train
CL007,Session1,overground,walk,slow,Overground_Walk,Walk_Slow,/home/kwnuk/WKIRO-Project/data/CL007/Session1/Overground_Walk/Walk_Slow/Post_Process/Walk_Slow3.csv,walk_slow,4,val
CL007,Session1,overground,walk,slow,Overground_Walk,Walk_Slow,/home/kwnuk/WKIRO-Project/data/CL007/Session1/Overground_Walk/Walk_Slow/Post_Process/Walk_Slow4.csv,walk_slow,4,train
CL007,Session1,overground,walk,slow,Overground_Walk,Walk_Slow,/home/kwnuk/WKIRO-Project/data/CL007/Session1/Overground_Walk/Walk_Slow/Post_Process/Walk_Slow5.csv,walk_slow,4,train
CL007,Session1,overground,walk,slow,Overground_Walk,Walk_Slow,/home/kwnuk/WKIRO-Project/data/CL007/Session1/Overground_Walk/Walk_Slow/Post_Process/Walk_Slow6.csv,walk_slow,4,test
CL007,Session1,overground,walk,slow,Overground_Walk,Walk_Slow,/home/kwnuk/WKIRO-Project/data/CL007/Session1/Overground_Walk/Walk_Slow/Post_Process/Walk_Slow7.csv,walk_slow,4,train
CL007,Session1,overground,walk,slow,Overground_Walk,Walk_Slow,/home/kwnuk/WKIRO-Project/data/CL007/Session1/Overground_Walk/Walk_Slow/Post_Process/Walk_Slow8.csv,walk_slow,4,test
CL007,Session1,overground,walk,slow,Overground_Walk,Walk_Slow,/home/kwnuk/WKIRO-Project/data/CL007/Session1/Overground_Walk/Walk_Slow/Post_Process/Walk_Slow9.csv,walk_slow,4,train
CL007,Session1,treadmill,run,comfortable,Treadmill_Run,Treadmill_Run_Comfortable,/home/kwnuk/WKIRO-Project/data/CL007/Session1/Treadmill_Run/Treadmill_Run_Comfortable/Post_Process/Treadmill_Run_Comfortable.csv,run_comfortable,0,train
CL007,Session1,treadmill,run,fast,Treadmill_Run,Treadmill_Run_Fast,/home/kwnuk/WKIRO-Project/data/CL007/Session1/Treadmill_Run/Treadmill_Run_Fast/Post_Process/Treadmill_Run_Fast.csv,run_fast,1,train
CL007,Session1,treadmill,walk,comfortable,Treadmill_Walk,Treadmill_Walk_Comfortable,/home/kwnuk/WKIRO-Project/data/CL007/Session1/Treadmill_Walk/Treadmill_Walk_Comfortable/Post_Process/Treadmill_Walk_Comfortable.csv,walk_comfortable,2,test
CL007,Session1,treadmill,walk,fast,Treadmill_Walk,Treadmill_Walk_Fast,/home/kwnuk/WKIRO-Project/data/CL007/Session1/Treadmill_Walk/Treadmill_Walk_Fast/Post_Process/Treadmill_Walk_Fast.csv,walk_fast,3,train
CL007,Session1,treadmill,walk,slow,Treadmill_Walk,Treadmill_Walk_Slow,/home/kwnuk/WKIRO-Project/data/CL007/Session1/Treadmill_Walk/Treadmill_Walk_Slow/Post_Process/Treadmill_Walk_Slow.csv,walk_slow,4,train
CL007,Session2,overground,run,comfortable,Overground_Run,Run_Comfortable,/home/kwnuk/WKIRO-Project/data/CL007/Session2/Overground_Run/Run_Comfortable/Post_Process/Run_Comfortable1.csv,run_comfortable,0,train
CL007,Session2,overground,run,comfortable,Overground_Run,Run_Comfortable,/home/kwnuk/WKIRO-Project/data/CL007/Session2/Overground_Run/Run_Comfortable/Post_Process/Run_Comfortable10.csv,run_comfortable,0,train
CL007,Session2,overground,run,comfortable,Overground_Run,Run_Comfortable,/home/kwnuk/WKIRO-Project/data/CL007/Session2/Overground_Run/Run_Comfortable/Post_Process/Run_Comfortable11.csv,run_comfortable,0,train
CL007,Session2,overground,run,comfortable,Overground_Run,Run_Comfortable,/home/kwnuk/WKIRO-Project/data/CL007/Session2/Overground_Run/Run_Comfortable/Post_Process/Run_Comfortable12.csv,run_comfortable,0,train
CL007,Session2,overground,run,comfortable,Overground_Run,Run_Comfortable,/home/kwnuk/WKIRO-Project/data/CL007/Session2/Overground_Run/Run_Comfortable/Post_Process/Run_Comfortable13.csv,run_comfortable,0,train
CL007,Session2,overground,run,comfortable,Overground_Run,Run_Comfortable,/home/kwnuk/WKIRO-Project/data/CL007/Session2/Overground_Run/Run_Comfortable/Post_Process/Run_Comfortable14.csv,run_comfortable,0,train
CL007,Session2,overground,run,comfortable,Overground_Run,Run_Comfortable,/home/kwnuk/WKIRO-Project/data/CL007/Session2/Overground_Run/Run_Comfortable/Post_Process/Run_Comfortable2.csv,run_comfortable,0,train
CL007,Session2,overground,run,comfortable,Overground_Run,Run_Comfortable,/home/kwnuk/WKIRO-Project/data/CL007/Session2/Overground_Run/Run_Comfortable/Post_Process/Run_Comfortable3.csv,run_comfortable,0,train
CL007,Session2,overground,run,comfortable,Overground_Run,Run_Comfortable,/home/kwnuk/WKIRO-Project/data/CL007/Session2/Overground_Run/Run_Comfortable/Post_Process/Run_Comfortable4.csv,run_comfortable,0,val
CL007,Session2,overground,run,comfortable,Overground_Run,Run_Comfortable,/home/kwnuk/WKIRO-Project/data/CL007/Session2/Overground_Run/Run_Comfortable/Post_Process/Run_Comfortable5.csv,run_comfortable,0,test
CL007,Session2,overground,run,comfortable,Overground_Run,Run_Comfortable,/home/kwnuk/WKIRO-Project/data/CL007/Session2/Overground_Run/Run_Comfortable/Post_Process/Run_Comfortable6.csv,run_comfortable,0,train
CL007,Session2,overground,run,comfortable,Overground_Run,Run_Comfortable,/home/kwnuk/WKIRO-Project/data/CL007/Session2/Overground_Run/Run_Comfortable/Post_Process/Run_Comfortable7.csv,run_comfortable,0,val
CL007,Session2,overground,run,comfortable,Overground_Run,Run_Comfortable,/home/kwnuk/WKIRO-Project/data/CL007/Session2/Overground_Run/Run_Comfortable/Post_Process/Run_Comfortable8.csv,run_comfortable,0,test
CL007,Session2,overground,run,comfortable,Overground_Run,Run_Comfortable,/home/kwnuk/WKIRO-Project/data/CL007/Session2/Overground_Run/Run_Comfortable/Post_Process/Run_Comfortable9.csv,run_comfortable,0,val
CL007,Session2,overground,run,fast,Overground_Run,Run_Fast,/home/kwnuk/WKIRO-Project/data/CL007/Session2/Overground_Run/Run_Fast/Post_Process/Run_Fast1.csv,run_fast,1,train
CL007,Session2,overground,run,fast,Overground_Run,Run_Fast,/home/kwnuk/WKIRO-Project/data/CL007/Session2/Overground_Run/Run_Fast/Post_Process/Run_Fast10.csv,run_fast,1,train
CL007,Session2,overground,run,fast,Overground_Run,Run_Fast,/home/kwnuk/WKIRO-Project/data/CL007/Session2/Overground_Run/Run_Fast/Post_Process/Run_Fast11.csv,run_fast,1,train
CL007,Session2,overground,run,fast,Overground_Run,Run_Fast,/home/kwnuk/WKIRO-Project/data/CL007/Session2/Overground_Run/Run_Fast/Post_Process/Run_Fast12.csv,run_fast,1,train
CL007,Session2,overground,run,fast,Overground_Run,Run_Fast,/home/kwnuk/WKIRO-Project/data/CL007/Session2/Overground_Run/Run_Fast/Post_Process/Run_Fast13.csv,run_fast,1,test
CL007,Session2,overground,run,fast,Overground_Run,Run_Fast,/home/kwnuk/WKIRO-Project/data/CL007/Session2/Overground_Run/Run_Fast/Post_Process/Run_Fast14.csv,run_fast,1,test
CL007,Session2,overground,run,fast,Overground_Run,Run_Fast,/home/kwnuk/WKIRO-Project/data/CL007/Session2/Overground_Run/Run_Fast/Post_Process/Run_Fast2.csv,run_fast,1,train
CL007,Session2,overground,run,fast,Overground_Run,Run_Fast,/home/kwnuk/WKIRO-Project/data/CL007/Session2/Overground_Run/Run_Fast/Post_Process/Run_Fast3.csv,run_fast,1,train
CL007,Session2,overground,run,fast,Overground_Run,Run_Fast,/home/kwnuk/WKIRO-Project/data/CL007/Session2/Overground_Run/Run_Fast/Post_Process/Run_Fast4.csv,run_fast,1,val
CL007,Session2,overground,run,fast,Overground_Run,Run_Fast,/home/kwnuk/WKIRO-Project/data/CL007/Session2/Overground_Run/Run_Fast/Post_Process/Run_Fast5.csv,run_fast,1,train
CL007,Session2,overground,run,fast,Overground_Run,Run_Fast,/home/kwnuk/WKIRO-Project/data/CL007/Session2/Overground_Run/Run_Fast/Post_Process/Run_Fast6.csv,run_fast,1,val
CL007,Session2,overground,run,fast,Overground_Run,Run_Fast,/home/kwnuk/WKIRO-Project/data/CL007/Session2/Overground_Run/Run_Fast/Post_Process/Run_Fast7.csv,run_fast,1,train
CL007,Session2,overground,run,fast,Overground_Run,Run_Fast,/home/kwnuk/WKIRO-Project/data/CL007/Session2/Overground_Run/Run_Fast/Post_Process/Run_Fast8.csv,run_fast,1,train
CL007,Session2,overground,run,fast,Overground_Run,Run_Fast,/home/kwnuk/WKIRO-Project/data/CL007/Session2/Overground_Run/Run_Fast/Post_Process/Run_Fast9.csv,run_fast,1,test
CL007,Session2,overground,walk,comfortable,Overground_Walk,Walk_Comfortable,/home/kwnuk/WKIRO-Project/data/CL007/Session2/Overground_Walk/Walk_Comfortable/Post_Process/Walk_Comfortable1.csv,walk_comfortable,2,train
CL007,Session2,overground,walk,comfortable,Overground_Walk,Walk_Comfortable,/home/kwnuk/WKIRO-Project/data/CL007/Session2/Overground_Walk/Walk_Comfortable/Post_Process/Walk_Comfortable2.csv,walk_comfortable,2,train
CL007,Session2,overground,walk,comfortable,Overground_Walk,Walk_Comfortable,/home/kwnuk/WKIRO-Project/data/CL007/Session2/Overground_Walk/Walk_Comfortable/Post_Process/Walk_Comfortable3.csv,walk_comfortable,2,train
CL007,Session2,overground,walk,comfortable,Overground_Walk,Walk_Comfortable,/home/kwnuk/WKIRO-Project/data/CL007/Session2/Overground_Walk/Walk_Comfortable/Post_Process/Walk_Comfortable4.csv,walk_comfortable,2,val
CL007,Session2,overground,walk,comfortable,Overground_Walk,Walk_Comfortable,/home/kwnuk/WKIRO-Project/data/CL007/Session2/Overground_Walk/Walk_Comfortable/Post_Process/Walk_Comfortable5.csv,walk_comfortable,2,train
CL007,Session2,overground,walk,comfortable,Overground_Walk,Walk_Comfortable,/home/kwnuk/WKIRO-Project/data/CL007/Session2/Overground_Walk/Walk_Comfortable/Post_Process/Walk_Comfortable6.csv,walk_comfortable,2,train
CL007,Session2,overground,walk,fast,Overground_Walk,Walk_Fast,/home/kwnuk/WKIRO-Project/data/CL007/Session2/Overground_Walk/Walk_Fast/Post_Process/Walk_Fast1.csv,walk_fast,3,train
CL007,Session2,overground,walk,fast,Overground_Walk,Walk_Fast,/home/kwnuk/WKIRO-Project/data/CL007/Session2/Overground_Walk/Walk_Fast/Post_Process/Walk_Fast10.csv,walk_fast,3,train
CL007,Session2,overground,walk,fast,Overground_Walk,Walk_Fast,/home/kwnuk/WKIRO-Project/data/CL007/Session2/Overground_Walk/Walk_Fast/Post_Process/Walk_Fast2.csv,walk_fast,3,train
CL007,Session2,overground,walk,fast,Overground_Walk,Walk_Fast,/home/kwnuk/WKIRO-Project/data/CL007/Session2/Overground_Walk/Walk_Fast/Post_Process/Walk_Fast3.csv,walk_fast,3,val
CL007,Session2,overground,walk,fast,Overground_Walk,Walk_Fast,/home/kwnuk/WKIRO-Project/data/CL007/Session2/Overground_Walk/Walk_Fast/Post_Process/Walk_Fast4.csv,walk_fast,3,train
CL007,Session2,overground,walk,fast,Overground_Walk,Walk_Fast,/home/kwnuk/WKIRO-Project/data/CL007/Session2/Overground_Walk/Walk_Fast/Post_Process/Walk_Fast5.csv,walk_fast,3,train
CL007,Session2,overground,walk,fast,Overground_Walk,Walk_Fast,/home/kwnuk/WKIRO-Project/data/CL007/Session2/Overground_Walk/Walk_Fast/Post_Process/Walk_Fast6.csv,walk_fast,3,train
CL007,Session2,overground,walk,fast,Overground_Walk,Walk_Fast,/home/kwnuk/WKIRO-Project/data/CL007/Session2/Overground_Walk/Walk_Fast/Post_Process/Walk_Fast7.csv,walk_fast,3,val
CL007,Session2,overground,walk,fast,Overground_Walk,Walk_Fast,/home/kwnuk/WKIRO-Project/data/CL007/Session2/Overground_Walk/Walk_Fast/Post_Process/Walk_Fast8.csv,walk_fast,3,train
CL007,Session2,overground,walk,fast,Overground_Walk,Walk_Fast,/home/kwnuk/WKIRO-Project/data/CL007/Session2/Overground_Walk/Walk_Fast/Post_Process/Walk_Fast9.csv,walk_fast,3,train
CL007,Session2,overground,walk,slow,Overground_Walk,Walk_Slow,/home/kwnuk/WKIRO-Project/data/CL007/Session2/Overground_Walk/Walk_Slow/Post_Process/Walk_Slow1.csv,walk_slow,4,train
CL007,Session2,overground,walk,slow,Overground_Walk,Walk_Slow,/home/kwnuk/WKIRO-Project/data/CL007/Session2/Overground_Walk/Walk_Slow/Post_Process/Walk_Slow2.csv,walk_slow,4,test
CL007,Session2,overground,walk,slow,Overground_Walk,Walk_Slow,/home/kwnuk/WKIRO-Project/data/CL007/Session2/Overground_Walk/Walk_Slow/Post_Process/Walk_Slow3.csv,walk_slow,4,train
CL007,Session2,overground,walk,slow,Overground_Walk,Walk_Slow,/home/kwnuk/WKIRO-Project/data/CL007/Session2/Overground_Walk/Walk_Slow/Post_Process/Walk_Slow4.csv,walk_slow,4,train
CL007,Session2,overground,walk,slow,Overground_Walk,Walk_Slow,/home/kwnuk/WKIRO-Project/data/CL007/Session2/Overground_Walk/Walk_Slow/Post_Process/Walk_Slow5.csv,walk_slow,4,train
CL007,Session2,overground,walk,slow,Overground_Walk,Walk_Slow,/home/kwnuk/WKIRO-Project/data/CL007/Session2/Overground_Walk/Walk_Slow/Post_Process/Walk_Slow6.csv,walk_slow,4,train
CL007,Session2,overground,walk,slow,Overground_Walk,Walk_Slow,/home/kwnuk/WKIRO-Project/data/CL007/Session2/Overground_Walk/Walk_Slow/Post_Process/Walk_Slow7.csv,walk_slow,4,val
CL007,Session2,overground,walk,slow,Overground_Walk,Walk_Slow,/home/kwnuk/WKIRO-Project/data/CL007/Session2/Overground_Walk/Walk_Slow/Post_Process/Walk_Slow8.csv,walk_slow,4,train
CL007,Session2,treadmill,run,comfortable,Treadmill_Run,Treadmill_Run_Comfortable,/home/kwnuk/WKIRO-Project/data/CL007/Session2/Treadmill_Run/Treadmill_Run_Comfortable/Post_Process/Treadmill_Run_Comfortable.csv,run_comfortable,0,train
CL007,Session2,treadmill,run,fast,Treadmill_Run,Treadmill_Run_Fast,/home/kwnuk/WKIRO-Project/data/CL007/Session2/Treadmill_Run/Treadmill_Run_Fast/Post_Process/Treadmill_Run_Fast.csv,run_fast,1,val
CL007,Session2,treadmill,walk,comfortable,Treadmill_Walk,Treadmill_Walk_Comfortable,/home/kwnuk/WKIRO-Project/data/CL007/Session2/Treadmill_Walk/Treadmill_Walk_Comfortable/Post_Process/Treadmill_Walk_Comfortable.csv,walk_comfortable,2,train
CL007,Session2,treadmill,walk,fast,Treadmill_Walk,Treadmill_Walk_Fast,/home/kwnuk/WKIRO-Project/data/CL007/Session2/Treadmill_Walk/Treadmill_Walk_Fast/Post_Process/Treadmill_Walk_Fast.csv,walk_fast,3,train
CL007,Session2,treadmill,walk,slow,Treadmill_Walk,Treadmill_Walk_Slow,/home/kwnuk/WKIRO-Project/data/CL007/Session2/Treadmill_Walk/Treadmill_Walk_Slow/Post_Process/Treadmill_Walk_Slow.csv,walk_slow,4,val
DA013,Session1,overground,run,comfortable,Overground_Run,Run_Comfortable,/home/kwnuk/WKIRO-Project/data/DA013/Session1/Overground_Run/Run_Comfortable/Post_Process/Run_Comfortable1.csv,run_comfortable,0,val
DA013,Session1,overground,run,comfortable,Overground_Run,Run_Comfortable,/home/kwnuk/WKIRO-Project/data/DA013/Session1/Overground_Run/Run_Comfortable/Post_Process/Run_Comfortable10.csv,run_comfortable,0,train
DA013,Session1,overground,run,comfortable,Overground_Run,Run_Comfortable,/home/kwnuk/WKIRO-Project/data/DA013/Session1/Overground_Run/Run_Comfortable/Post_Process/Run_Comfortable2.csv,run_comfortable,0,val
DA013,Session1,overground,run,comfortable,Overground_Run,Run_Comfortable,/home/kwnuk/WKIRO-Project/data/DA013/Session1/Overground_Run/Run_Comfortable/Post_Process/Run_Comfortable3.csv,run_comfortable,0,test
DA013,Session1,overground,run,comfortable,Overground_Run,Run_Comfortable,/home/kwnuk/WKIRO-Project/data/DA013/Session1/Overground_Run/Run_Comfortable/Post_Process/Run_Comfortable4.csv,run_comfortable,0,train
DA013,Session1,overground,run,comfortable,Overground_Run,Run_Comfortable,/home/kwnuk/WKIRO-Project/data/DA013/Session1/Overground_Run/Run_Comfortable/Post_Process/Run_Comfortable5.csv,run_comfortable,0,train
DA013,Session1,overground,run,comfortable,Overground_Run,Run_Comfortable,/home/kwnuk/WKIRO-Project/data/DA013/Session1/Overground_Run/Run_Comfortable/Post_Process/Run_Comfortable6.csv,run_comfortable,0,train
DA013,Session1,overground,run,comfortable,Overground_Run,Run_Comfortable,/home/kwnuk/WKIRO-Project/data/DA013/Session1/Overground_Run/Run_Comfortable/Post_Process/Run_Comfortable7.csv,run_comfortable,0,test
DA013,Session1,overground,run,comfortable,Overground_Run,Run_Comfortable,/home/kwnuk/WKIRO-Project/data/DA013/Session1/Overground_Run/Run_Comfortable/Post_Process/Run_Comfortable8.csv,run_comfortable,0,train
DA013,Session1,overground,run,comfortable,Overground_Run,Run_Comfortable,/home/kwnuk/WKIRO-Project/data/DA013/Session1/Overground_Run/Run_Comfortable/Post_Process/Run_Comfortable9.csv,run_comfortable,0,train
DA013,Session1,overground,run,fast,Overground_Run,Run_Fast,/home/kwnuk/WKIRO-Project/data/DA013/Session1/Overground_Run/Run_Fast/Post_Process/Run_Fast1.csv,run_fast,1,train
DA013,Session1,overground,run,fast,Overground_Run,Run_Fast,/home/kwnuk/WKIRO-Project/data/DA013/Session1/Overground_Run/Run_Fast/Post_Process/Run_Fast10.csv,run_fast,1,val
DA013,Session1,overground,run,fast,Overground_Run,Run_Fast,/home/kwnuk/WKIRO-Project/data/DA013/Session1/Overground_Run/Run_Fast/Post_Process/Run_Fast2.csv,run_fast,1,train
DA013,Session1,overground,run,fast,Overground_Run,Run_Fast,/home/kwnuk/WKIRO-Project/data/DA013/Session1/Overground_Run/Run_Fast/Post_Process/Run_Fast3.csv,run_fast,1,train
DA013,Session1,overground,run,fast,Overground_Run,Run_Fast,/home/kwnuk/WKIRO-Project/data/DA013/Session1/Overground_Run/Run_Fast/Post_Process/Run_Fast4.csv,run_fast,1,train
DA013,Session1,overground,run,fast,Overground_Run,Run_Fast,/home/kwnuk/WKIRO-Project/data/DA013/Session1/Overground_Run/Run_Fast/Post_Process/Run_Fast5.csv,run_fast,1,train
DA013,Session1,overground,run,fast,Overground_Run,Run_Fast,/home/kwnuk/WKIRO-Project/data/DA013/Session1/Overground_Run/Run_Fast/Post_Process/Run_Fast6.csv,run_fast,1,train
DA013,Session1,overground,run,fast,Overground_Run,Run_Fast,/home/kwnuk/WKIRO-Project/data/DA013/Session1/Overground_Run/Run_Fast/Post_Process/Run_Fast7.csv,run_fast,1,train
DA013,Session1,overground,run,fast,Overground_Run,Run_Fast,/home/kwnuk/WKIRO-Project/data/DA013/Session1/Overground_Run/Run_Fast/Post_Process/Run_Fast8.csv,run_fast,1,val
DA013,Session1,overground,run,fast,Overground_Run,Run_Fast,/home/kwnuk/WKIRO-Project/data/DA013/Session1/Overground_Run/Run_Fast/Post_Process/Run_Fast9.csv,run_fast,1,train
DA013,Session1,overground,walk,comfortable,Overground_Walk,Walk_Comfortable,/home/kwnuk/WKIRO-Project/data/DA013/Session1/Overground_Walk/Walk_Comfortable/Post_Process/Walk_Comfortable1.csv,walk_comfortable,2,val
DA013,Session1,overground,walk,comfortable,Overground_Walk,Walk_Comfortable,/home/kwnuk/WKIRO-Project/data/DA013/Session1/Overground_Walk/Walk_Comfortable/Post_Process/Walk_Comfortable2.csv,walk_comfortable,2,train
DA013,Session1,overground,walk,comfortable,Overground_Walk,Walk_Comfortable,/home/kwnuk/WKIRO-Project/data/DA013/Session1/Overground_Walk/Walk_Comfortable/Post_Process/Walk_Comfortable3.csv,walk_comfortable,2,test
DA013,Session1,overground,walk,comfortable,Overground_Walk,Walk_Comfortable,/home/kwnuk/WKIRO-Project/data/DA013/Session1/Overground_Walk/Walk_Comfortable/Post_Process/Walk_Comfortable4.csv,walk_comfortable,2,test
DA013,Session1,overground,walk,comfortable,Overground_Walk,Walk_Comfortable,/home/kwnuk/WKIRO-Project/data/DA013/Session1/Overground_Walk/Walk_Comfortable/Post_Process/Walk_Comfortable5.csv,walk_comfortable,2,train
DA013,Session1,overground,walk,comfortable,Overground_Walk,Walk_Comfortable,/home/kwnuk/WKIRO-Project/data/DA013/Session1/Overground_Walk/Walk_Comfortable/Post_Process/Walk_Comfortable6.csv,walk_comfortable,2,train
DA013,Session1,overground,walk,comfortable,Overground_Walk,Walk_Comfortable,/home/kwnuk/WKIRO-Project/data/DA013/Session1/Overground_Walk/Walk_Comfortable/Post_Process/Walk_Comfortable7.csv,walk_comfortable,2,val
DA013,Session1,overground,walk,comfortable,Overground_Walk,Walk_Comfortable,/home/kwnuk/WKIRO-Project/data/DA013/Session1/Overground_Walk/Walk_Comfortable/Post_Process/Walk_Comfortable8.csv,walk_comfortable,2,train
DA013,Session1,overground,walk,fast,Overground_Walk,Walk_Fast,/home/kwnuk/WKIRO-Project/data/DA013/Session1/Overground_Walk/Walk_Fast/Post_Process/Walk_Fast1.csv,walk_fast,3,train
DA013,Session1,overground,walk,fast,Overground_Walk,Walk_Fast,/home/kwnuk/WKIRO-Project/data/DA013/Session1/Overground_Walk/Walk_Fast/Post_Process/Walk_Fast2.csv,walk_fast,3,test
DA013,Session1,overground,walk,fast,Overground_Walk,Walk_Fast,/home/kwnuk/WKIRO-Project/data/DA013/Session1/Overground_Walk/Walk_Fast/Post_Process/Walk_Fast3.csv,walk_fast,3,train
DA013,Session1,overground,walk,fast,Overground_Walk,Walk_Fast,/home/kwnuk/WKIRO-Project/data/DA013/Session1/Overground_Walk/Walk_Fast/Post_Process/Walk_Fast4.csv,walk_fast,3,train
DA013,Session1,overground,walk,fast,Overground_Walk,Walk_Fast,/home/kwnuk/WKIRO-Project/data/DA013/Session1/Overground_Walk/Walk_Fast/Post_Process/Walk_Fast5.csv,walk_fast,3,train
DA013,Session1,overground,walk,fast,Overground_Walk,Walk_Fast,/home/kwnuk/WKIRO-Project/data/DA013/Session1/Overground_Walk/Walk_Fast/Post_Process/Walk_Fast6.csv,walk_fast,3,train
DA013,Session1,overground,walk,fast,Overground_Walk,Walk_Fast,/home/kwnuk/WKIRO-Project/data/DA013/Session1/Overground_Walk/Walk_Fast/Post_Process/Walk_Fast7.csv,walk_fast,3,train
DA013,Session1,overground,walk,fast,Overground_Walk,Walk_Fast,/home/kwnuk/WKIRO-Project/data/DA013/Session1/Overground_Walk/Walk_Fast/Post_Process/Walk_Fast8.csv,walk_fast,3,train
DA013,Session1,overground,walk,slow,Overground_Walk,Walk_Slow,/home/kwnuk/WKIRO-Project/data/DA013/Session1/Overground_Walk/Walk_Slow/Post_Process/Walk_Slow1.csv,walk_slow,4,train
DA013,Session1,overground,walk,slow,Overground_Walk,Walk_Slow,/home/kwnuk/WKIRO-Project/data/DA013/Session1/Overground_Walk/Walk_Slow/Post_Process/Walk_Slow2.csv,walk_slow,4,train
DA013,Session1,overground,walk,slow,Overground_Walk,Walk_Slow,/home/kwnuk/WKIRO-Project/data/DA013/Session1/Overground_Walk/Walk_Slow/Post_Process/Walk_Slow3.csv,walk_slow,4,train
DA013,Session1,overground,walk,slow,Overground_Walk,Walk_Slow,/home/kwnuk/WKIRO-Project/data/DA013/Session1/Overground_Walk/Walk_Slow/Post_Process/Walk_Slow4.csv,walk_slow,4,train
DA013,Session1,overground,walk,slow,Overground_Walk,Walk_Slow,/home/kwnuk/WKIRO-Project/data/DA013/Session1/Overground_Walk/Walk_Slow/Post_Process/Walk_Slow5.csv,walk_slow,4,train
DA013,Session1,overground,walk,slow,Overground_Walk,Walk_Slow,/home/kwnuk/WKIRO-Project/data/DA013/Session1/Overground_Walk/Walk_Slow/Post_Process/Walk_Slow6.csv,walk_slow,4,val
DA013,Session1,overground,walk,slow,Overground_Walk,Walk_Slow,/home/kwnuk/WKIRO-Project/data/DA013/Session1/Overground_Walk/Walk_Slow/Post_Process/Walk_Slow7.csv,walk_slow,4,test
DA013,Session1,overground,walk,slow,Overground_Walk,Walk_Slow,/home/kwnuk/WKIRO-Project/data/DA013/Session1/Overground_Walk/Walk_Slow/Post_Process/Walk_Slow8.csv,walk_slow,4,train
DA013,Session1,treadmill,run,comfortable,Treadmill_Run,Treadmill_Run_Comfortable,/home/kwnuk/WKIRO-Project/data/DA013/Session1/Treadmill_Run/Treadmill_Run_Comfortable/Post_Process/Treadmill_Run_Comfortable.csv,run_comfortable,0,train
DA013,Session1,treadmill,run,fast,Treadmill_Run,Treadmill_Run_Fast,/home/kwnuk/WKIRO-Project/data/DA013/Session1/Treadmill_Run/Treadmill_Run_Fast/Post_Process/Treadmill_Run_Fast.csv,run_fast,1,train
DA013,Session1,treadmill,walk,comfortable,Treadmill_Walk,Treadmill_Walk_Comfortable,/home/kwnuk/WKIRO-Project/data/DA013/Session1/Treadmill_Walk/Treadmill_Walk_Comfortable/Post_Process/Treadmill_Walk_Comfortable.csv,walk_comfortable,2,train
DA013,Session1,treadmill,walk,fast,Treadmill_Walk,Treadmill_Walk_Fast,/home/kwnuk/WKIRO-Project/data/DA013/Session1/Treadmill_Walk/Treadmill_Walk_Fast/Post_Process/Treadmill_Walk_Fast.csv,walk_fast,3,val
DA013,Session1,treadmill,walk,slow,Treadmill_Walk,Treadmill_Walk_Slow,/home/kwnuk/WKIRO-Project/data/DA013/Session1/Treadmill_Walk/Treadmill_Walk_Slow/Post_Process/Treadmill_Walk_Slow.csv,walk_slow,4,test
DA013,Session2,overground,run,comfortable,Overground_Run,Run_Comfortable,/home/kwnuk/WKIRO-Project/data/DA013/Session2/Overground_Run/Run_Comfortable/Post_Process/Run_Comfortable1.csv,run_comfortable,0,train
DA013,Session2,overground,run,comfortable,Overground_Run,Run_Comfortable,/home/kwnuk/WKIRO-Project/data/DA013/Session2/Overground_Run/Run_Comfortable/Post_Process/Run_Comfortable10.csv,run_comfortable,0,train
DA013,Session2,overground,run,comfortable,Overground_Run,Run_Comfortable,/home/kwnuk/WKIRO-Project/data/DA013/Session2/Overground_Run/Run_Comfortable/Post_Process/Run_Comfortable2.csv,run_comfortable,0,train
DA013,Session2,overground,run,comfortable,Overground_Run,Run_Comfortable,/home/kwnuk/WKIRO-Project/data/DA013/Session2/Overground_Run/Run_Comfortable/Post_Process/Run_Comfortable3.csv,run_comfortable,0,train
DA013,Session2,overground,run,comfortable,Overground_Run,Run_Comfortable,/home/kwnuk/WKIRO-Project/data/DA013/Session2/Overground_Run/Run_Comfortable/Post_Process/Run_Comfortable4.csv,run_comfortable,0,train
DA013,Session2,overground,run,comfortable,Overground_Run,Run_Comfortable,/home/kwnuk/WKIRO-Project/data/DA013/Session2/Overground_Run/Run_Comfortable/Post_Process/Run_Comfortable5.csv,run_comfortable,0,train
DA013,Session2,overground,run,comfortable,Overground_Run,Run_Comfortable,/home/kwnuk/WKIRO-Project/data/DA013/Session2/Overground_Run/Run_Comfortable/Post_Process/Run_Comfortable6.csv,run_comfortable,0,test
DA013,Session2,overground,run,comfortable,Overground_Run,Run_Comfortable,/home/kwnuk/WKIRO-Project/data/DA013/Session2/Overground_Run/Run_Comfortable/Post_Process/Run_Comfortable7.csv,run_comfortable,0,train
DA013,Session2,overground,run,comfortable,Overground_Run,Run_Comfortable,/home/kwnuk/WKIRO-Project/data/DA013/Session2/Overground_Run/Run_Comfortable/Post_Process/Run_Comfortable8.csv,run_comfortable,0,train
DA013,Session2,overground,run,comfortable,Overground_Run,Run_Comfortable,/home/kwnuk/WKIRO-Project/data/DA013/Session2/Overground_Run/Run_Comfortable/Post_Process/Run_Comfortable9.csv,run_comfortable,0,train
DA013,Session2,overground,run,fast,Overground_Run,Run_Fast,/home/kwnuk/WKIRO-Project/data/DA013/Session2/Overground_Run/Run_Fast/Post_Process/Run_Fast1.csv,run_fast,1,train
DA013,Session2,overground,run,fast,Overground_Run,Run_Fast,/home/kwnuk/WKIRO-Project/data/DA013/Session2/Overground_Run/Run_Fast/Post_Process/Run_Fast10.csv,run_fast,1,test
DA013,Session2,overground,run,fast,Overground_Run,Run_Fast,/home/kwnuk/WKIRO-Project/data/DA013/Session2/Overground_Run/Run_Fast/Post_Process/Run_Fast2.csv,run_fast,1,train
DA013,Session2,overground,run,fast,Overground_Run,Run_Fast,/home/kwnuk/WKIRO-Project/data/DA013/Session2/Overground_Run/Run_Fast/Post_Process/Run_Fast3.csv,run_fast,1,train
DA013,Session2,overground,run,fast,Overground_Run,Run_Fast,/home/kwnuk/WKIRO-Project/data/DA013/Session2/Overground_Run/Run_Fast/Post_Process/Run_Fast4.csv,run_fast,1,train
DA013,Session2,overground,run,fast,Overground_Run,Run_Fast,/home/kwnuk/WKIRO-Project/data/DA013/Session2/Overground_Run/Run_Fast/Post_Process/Run_Fast5.csv,run_fast,1,train
DA013,Session2,overground,run,fast,Overground_Run,Run_Fast,/home/kwnuk/WKIRO-Project/data/DA013/Session2/Overground_Run/Run_Fast/Post_Process/Run_Fast6.csv,run_fast,1,train
DA013,Session2,overground,run,fast,Overground_Run,Run_Fast,/home/kwnuk/WKIRO-Project/data/DA013/Session2/Overground_Run/Run_Fast/Post_Process/Run_Fast7.csv,run_fast,1,test
DA013,Session2,overground,run,fast,Overground_Run,Run_Fast,/home/kwnuk/WKIRO-Project/data/DA013/Session2/Overground_Run/Run_Fast/Post_Process/Run_Fast8.csv,run_fast,1,train
DA013,Session2,overground,run,fast,Overground_Run,Run_Fast,/home/kwnuk/WKIRO-Project/data/DA013/Session2/Overground_Run/Run_Fast/Post_Process/Run_Fast9.csv,run_fast,1,test
DA013,Session2,overground,walk,comfortable,Overground_Walk,Walk_Comfortable,/home/kwnuk/WKIRO-Project/data/DA013/Session2/Overground_Walk/Walk_Comfortable/Post_Process/Walk_Comfortable1.csv,walk_comfortable,2,train
DA013,Session2,overground,walk,comfortable,Overground_Walk,Walk_Comfortable,/home/kwnuk/WKIRO-Project/data/DA013/Session2/Overground_Walk/Walk_Comfortable/Post_Process/Walk_Comfortable2.csv,walk_comfortable,2,train
DA013,Session2,overground,walk,comfortable,Overground_Walk,Walk_Comfortable,/home/kwnuk/WKIRO-Project/data/DA013/Session2/Overground_Walk/Walk_Comfortable/Post_Process/Walk_Comfortable3.csv,walk_comfortable,2,train
DA013,Session2,overground,walk,comfortable,Overground_Walk,Walk_Comfortable,/home/kwnuk/WKIRO-Project/data/DA013/Session2/Overground_Walk/Walk_Comfortable/Post_Process/Walk_Comfortable4.csv,walk_comfortable,2,train
DA013,Session2,overground,walk,comfortable,Overground_Walk,Walk_Comfortable,/home/kwnuk/WKIRO-Project/data/DA013/Session2/Overground_Walk/Walk_Comfortable/Post_Process/Walk_Comfortable5.csv,walk_comfortable,2,train
DA013,Session2,overground,walk,comfortable,Overground_Walk,Walk_Comfortable,/home/kwnuk/WKIRO-Project/data/DA013/Session2/Overground_Walk/Walk_Comfortable/Post_Process/Walk_Comfortable6.csv,walk_comfortable,2,val
DA013,Session2,overground,walk,comfortable,Overground_Walk,Walk_Comfortable,/home/kwnuk/WKIRO-Project/data/DA013/Session2/Overground_Walk/Walk_Comfortable/Post_Process/Walk_Comfortable7.csv,walk_comfortable,2,train
DA013,Session2,overground,walk,comfortable,Overground_Walk,Walk_Comfortable,/home/kwnuk/WKIRO-Project/data/DA013/Session2/Overground_Walk/Walk_Comfortable/Post_Process/Walk_Comfortable8.csv,walk_comfortable,2,test
DA013,Session2,overground,walk,fast,Overground_Walk,Walk_Fast,/home/kwnuk/WKIRO-Project/data/DA013/Session2/Overground_Walk/Walk_Fast/Post_Process/Walk_Fast1.csv,walk_fast,3,train
DA013,Session2,overground,walk,fast,Overground_Walk,Walk_Fast,/home/kwnuk/WKIRO-Project/data/DA013/Session2/Overground_Walk/Walk_Fast/Post_Process/Walk_Fast2.csv,walk_fast,3,val
DA013,Session2,overground,walk,fast,Overground_Walk,Walk_Fast,/home/kwnuk/WKIRO-Project/data/DA013/Session2/Overground_Walk/Walk_Fast/Post_Process/Walk_Fast3.csv,walk_fast,3,val
DA013,Session2,overground,walk,fast,Overground_Walk,Walk_Fast,/home/kwnuk/WKIRO-Project/data/DA013/Session2/Overground_Walk/Walk_Fast/Post_Process/Walk_Fast4.csv,walk_fast,3,train
DA013,Session2,overground,walk,fast,Overground_Walk,Walk_Fast,/home/kwnuk/WKIRO-Project/data/DA013/Session2/Overground_Walk/Walk_Fast/Post_Process/Walk_Fast5.csv,walk_fast,3,train
DA013,Session2,overground,walk,fast,Overground_Walk,Walk_Fast,/home/kwnuk/WKIRO-Project/data/DA013/Session2/Overground_Walk/Walk_Fast/Post_Process/Walk_Fast6.csv,walk_fast,3,train
DA013,Session2,overground,walk,slow,Overground_Walk,Walk_Slow,/home/kwnuk/WKIRO-Project/data/DA013/Session2/Overground_Walk/Walk_Slow/Post_Process/Walk_Slow1.csv,walk_slow,4,test
DA013,Session2,overground,walk,slow,Overground_Walk,Walk_Slow,/home/kwnuk/WKIRO-Project/data/DA013/Session2/Overground_Walk/Walk_Slow/Post_Process/Walk_Slow2.csv,walk_slow,4,train
DA013,Session2,overground,walk,slow,Overground_Walk,Walk_Slow,/home/kwnuk/WKIRO-Project/data/DA013/Session2/Overground_Walk/Walk_Slow/Post_Process/Walk_Slow3.csv,walk_slow,4,train
DA013,Session2,overground,walk,slow,Overground_Walk,Walk_Slow,/home/kwnuk/WKIRO-Project/data/DA013/Session2/Overground_Walk/Walk_Slow/Post_Process/Walk_Slow4.csv,walk_slow,4,val
DA013,Session2,overground,walk,slow,Overground_Walk,Walk_Slow,/home/kwnuk/WKIRO-Project/data/DA013/Session2/Overground_Walk/Walk_Slow/Post_Process/Walk_Slow5.csv,walk_slow,4,train
DA013,Session2,overground,walk,slow,Overground_Walk,Walk_Slow,/home/kwnuk/WKIRO-Project/data/DA013/Session2/Overground_Walk/Walk_Slow/Post_Process/Walk_Slow6.csv,walk_slow,4,val
DA013,Session2,overground,walk,slow,Overground_Walk,Walk_Slow,/home/kwnuk/WKIRO-Project/data/DA013/Session2/Overground_Walk/Walk_Slow/Post_Process/Walk_Slow7.csv,walk_slow,4,train
DA013,Session2,overground,walk,slow,Overground_Walk,Walk_Slow,/home/kwnuk/WKIRO-Project/data/DA013/Session2/Overground_Walk/Walk_Slow/Post_Process/Walk_Slow8.csv,walk_slow,4,train
DA013,Session2,treadmill,run,comfortable,Treadmill_Run,Treadmill_Run_Comfortable,/home/kwnuk/WKIRO-Project/data/DA013/Session2/Treadmill_Run/Treadmill_Run_Comfortable/Post_Process/Treadmill_Run_Comfortable.csv,run_comfortable,0,val
DA013,Session2,treadmill,run,fast,Treadmill_Run,Treadmill_Run_Fast,/home/kwnuk/WKIRO-Project/data/DA013/Session2/Treadmill_Run/Treadmill_Run_Fast/Post_Process/Treadmill_Run_Fast.csv,run_fast,1,val
DA013,Session2,treadmill,walk,comfortable,Treadmill_Walk,Treadmill_Walk_Comfortable,/home/kwnuk/WKIRO-Project/data/DA013/Session2/Treadmill_Walk/Treadmill_Walk_Comfortable/Post_Process/Treadmill_Walk_Comfortable.csv,walk_comfortable,2,train
DA013,Session2,treadmill,walk,fast,Treadmill_Walk,Treadmill_Walk_Fast,/home/kwnuk/WKIRO-Project/data/DA013/Session2/Treadmill_Walk/Treadmill_Walk_Fast/Post_Process/Treadmill_Walk_Fast.csv,walk_fast,3,test
DA013,Session2,treadmill,walk,slow,Treadmill_Walk,Treadmill_Walk_Slow,/home/kwnuk/WKIRO-Project/data/DA013/Session2/Treadmill_Walk/Treadmill_Walk_Slow/Post_Process/Treadmill_Walk_Slow.csv,walk_slow,4,train
DC005,Session1,overground,run,comfortable,Overground_Run,Run_Comfortable,/home/kwnuk/WKIRO-Project/data/DC005/Session1/Overground_Run/Run_Comfortable/Post_Process/Run_Comfortable1.csv,run_comfortable,0,train
DC005,Session1,overground,run,comfortable,Overground_Run,Run_Comfortable,/home/kwnuk/WKIRO-Project/data/DC005/Session1/Overground_Run/Run_Comfortable/Post_Process/Run_Comfortable10.csv,run_comfortable,0,test
DC005,Session1,overground,run,comfortable,Overground_Run,Run_Comfortable,/home/kwnuk/WKIRO-Project/data/DC005/Session1/Overground_Run/Run_Comfortable/Post_Process/Run_Comfortable2.csv,run_comfortable,0,train
DC005,Session1,overground,run,comfortable,Overground_Run,Run_Comfortable,/home/kwnuk/WKIRO-Project/data/DC005/Session1/Overground_Run/Run_Comfortable/Post_Process/Run_Comfortable3.csv,run_comfortable,0,val
DC005,Session1,overground,run,comfortable,Overground_Run,Run_Comfortable,/home/kwnuk/WKIRO-Project/data/DC005/Session1/Overground_Run/Run_Comfortable/Post_Process/Run_Comfortable4.csv,run_comfortable,0,train
DC005,Session1,overground,run,comfortable,Overground_Run,Run_Comfortable,/home/kwnuk/WKIRO-Project/data/DC005/Session1/Overground_Run/Run_Comfortable/Post_Process/Run_Comfortable5.csv,run_comfortable,0,train
DC005,Session1,overground,run,comfortable,Overground_Run,Run_Comfortable,/home/kwnuk/WKIRO-Project/data/DC005/Session1/Overground_Run/Run_Comfortable/Post_Process/Run_Comfortable6.csv,run_comfortable,0,train
DC005,Session1,overground,run,comfortable,Overground_Run,Run_Comfortable,/home/kwnuk/WKIRO-Project/data/DC005/Session1/Overground_Run/Run_Comfortable/Post_Process/Run_Comfortable7.csv,run_comfortable,0,train
DC005,Session1,overground,run,comfortable,Overground_Run,Run_Comfortable,/home/kwnuk/WKIRO-Project/data/DC005/Session1/Overground_Run/Run_Comfortable/Post_Process/Run_Comfortable8.csv,run_comfortable,0,test
DC005,Session1,overground,run,comfortable,Overground_Run,Run_Comfortable,/home/kwnuk/WKIRO-Project/data/DC005/Session1/Overground_Run/Run_Comfortable/Post_Process/Run_Comfortable9.csv,run_comfortable,0,train
DC005,Session1,overground,run,fast,Overground_Run,Run_Fast,/home/kwnuk/WKIRO-Project/data/DC005/Session1/Overground_Run/Run_Fast/Post_Process/Run_Fast1.csv,run_fast,1,train
DC005,Session1,overground,run,fast,Overground_Run,Run_Fast,/home/kwnuk/WKIRO-Project/data/DC005/Session1/Overground_Run/Run_Fast/Post_Process/Run_Fast10.csv,run_fast,1,val
DC005,Session1,overground,run,fast,Overground_Run,Run_Fast,/home/kwnuk/WKIRO-Project/data/DC005/Session1/Overground_Run/Run_Fast/Post_Process/Run_Fast11.csv,run_fast,1,train
DC005,Session1,overground,run,fast,Overground_Run,Run_Fast,/home/kwnuk/WKIRO-Project/data/DC005/Session1/Overground_Run/Run_Fast/Post_Process/Run_Fast12.csv,run_fast,1,train
DC005,Session1,overground,run,fast,Overground_Run,Run_Fast,/home/kwnuk/WKIRO-Project/data/DC005/Session1/Overground_Run/Run_Fast/Post_Process/Run_Fast13.csv,run_fast,1,train
DC005,Session1,overground,run,fast,Overground_Run,Run_Fast,/home/kwnuk/WKIRO-Project/data/DC005/Session1/Overground_Run/Run_Fast/Post_Process/Run_Fast14.csv,run_fast,1,train
DC005,Session1,overground,run,fast,Overground_Run,Run_Fast,/home/kwnuk/WKIRO-Project/data/DC005/Session1/Overground_Run/Run_Fast/Post_Process/Run_Fast15.csv,run_fast,1,test
DC005,Session1,overground,run,fast,Overground_Run,Run_Fast,/home/kwnuk/WKIRO-Project/data/DC005/Session1/Overground_Run/Run_Fast/Post_Process/Run_Fast2.csv,run_fast,1,train
DC005,Session1,overground,run,fast,Overground_Run,Run_Fast,/home/kwnuk/WKIRO-Project/data/DC005/Session1/Overground_Run/Run_Fast/Post_Process/Run_Fast3.csv,run_fast,1,train
DC005,Session1,overground,run,fast,Overground_Run,Run_Fast,/home/kwnuk/WKIRO-Project/data/DC005/Session1/Overground_Run/Run_Fast/Post_Process/Run_Fast4.csv,run_fast,1,val
DC005,Session1,overground,run,fast,Overground_Run,Run_Fast,/home/kwnuk/WKIRO-Project/data/DC005/Session1/Overground_Run/Run_Fast/Post_Process/Run_Fast5.csv,run_fast,1,val
DC005,Session1,overground,run,fast,Overground_Run,Run_Fast,/home/kwnuk/WKIRO-Project/data/DC005/Session1/Overground_Run/Run_Fast/Post_Process/Run_Fast6.csv,run_fast,1,train
DC005,Session1,overground,run,fast,Overground_Run,Run_Fast,/home/kwnuk/WKIRO-Project/data/DC005/Session1/Overground_Run/Run_Fast/Post_Process/Run_Fast7.csv,run_fast,1,train
DC005,Session1,overground,run,fast,Overground_Run,Run_Fast,/home/kwnuk/WKIRO-Project/data/DC005/Session1/Overground_Run/Run_Fast/Post_Process/Run_Fast8.csv,run_fast,1,train
DC005,Session1,overground,run,fast,Overground_Run,Run_Fast,/home/kwnuk/WKIRO-Project/data/DC005/Session1/Overground_Run/Run_Fast/Post_Process/Run_Fast9.csv,run_fast,1,train
DC005,Session1,overground,walk,comfortable,Overground_Walk,Walk_Comfortable,/home/kwnuk/WKIRO-Project/data/DC005/Session1/Overground_Walk/Walk_Comfortable/Post_Process/Walk_Comfortable1.csv,walk_comfortable,2,train
DC005,Session1,overground,walk,comfortable,Overground_Walk,Walk_Comfortable,/home/kwnuk/WKIRO-Project/data/DC005/Session1/Overground_Walk/Walk_Comfortable/Post_Process/Walk_Comfortable2.csv,walk_comfortable,2,test
DC005,Session1,overground,walk,comfortable,Overground_Walk,Walk_Comfortable,/home/kwnuk/WKIRO-Project/data/DC005/Session1/Overground_Walk/Walk_Comfortable/Post_Process/Walk_Comfortable3.csv,walk_comfortable,2,train
DC005,Session1,overground,walk,comfortable,Overground_Walk,Walk_Comfortable,/home/kwnuk/WKIRO-Project/data/DC005/Session1/Overground_Walk/Walk_Comfortable/Post_Process/Walk_Comfortable4.csv,walk_comfortable,2,train
DC005,Session1,overground,walk,comfortable,Overground_Walk,Walk_Comfortable,/home/kwnuk/WKIRO-Project/data/DC005/Session1/Overground_Walk/Walk_Comfortable/Post_Process/Walk_Comfortable5.csv,walk_comfortable,2,train
DC005,Session1,overground,walk,comfortable,Overground_Walk,Walk_Comfortable,/home/kwnuk/WKIRO-Project/data/DC005/Session1/Overground_Walk/Walk_Comfortable/Post_Process/Walk_Comfortable6.csv,walk_comfortable,2,train
DC005,Session1,overground,walk,fast,Overground_Walk,Walk_Fast,/home/kwnuk/WKIRO-Project/data/DC005/Session1/Overground_Walk/Walk_Fast/Post_Process/Walk_Fast1.csv,walk_fast,3,train
DC005,Session1,overground,walk,fast,Overground_Walk,Walk_Fast,/home/kwnuk/WKIRO-Project/data/DC005/Session1/Overground_Walk/Walk_Fast/Post_Process/Walk_Fast10.csv,walk_fast,3,test
DC005,Session1,overground,walk,fast,Overground_Walk,Walk_Fast,/home/kwnuk/WKIRO-Project/data/DC005/Session1/Overground_Walk/Walk_Fast/Post_Process/Walk_Fast11.csv,walk_fast,3,train
DC005,Session1,overground,walk,fast,Overground_Walk,Walk_Fast,/home/kwnuk/WKIRO-Project/data/DC005/Session1/Overground_Walk/Walk_Fast/Post_Process/Walk_Fast12.csv,walk_fast,3,val
DC005,Session1,overground,walk,fast,Overground_Walk,Walk_Fast,/home/kwnuk/WKIRO-Project/data/DC005/Session1/Overground_Walk/Walk_Fast/Post_Process/Walk_Fast2.csv,walk_fast,3,train
DC005,Session1,overground,walk,fast,Overground_Walk,Walk_Fast,/home/kwnuk/WKIRO-Project/data/DC005/Session1/Overground_Walk/Walk_Fast/Post_Process/Walk_Fast3.csv,walk_fast,3,train
DC005,Session1,overground,walk,fast,Overground_Walk,Walk_Fast,/home/kwnuk/WKIRO-Project/data/DC005/Session1/Overground_Walk/Walk_Fast/Post_Process/Walk_Fast4.csv,walk_fast,3,train
DC005,Session1,overground,walk,fast,Overground_Walk,Walk_Fast,/home/kwnuk/WKIRO-Project/data/DC005/Session1/Overground_Walk/Walk_Fast/Post_Process/Walk_Fast5.csv,walk_fast,3,train
DC005,Session1,overground,walk,fast,Overground_Walk,Walk_Fast,/home/kwnuk/WKIRO-Project/data/DC005/Session1/Overground_Walk/Walk_Fast/Post_Process/Walk_Fast6.csv,walk_fast,3,train
DC005,Session1,overground,walk,fast,Overground_Walk,Walk_Fast,/home/kwnuk/WKIRO-Project/data/DC005/Session1/Overground_Walk/Walk_Fast/Post_Process/Walk_Fast7.csv,walk_fast,3,train
DC005,Session1,overground,walk,fast,Overground_Walk,Walk_Fast,/home/kwnuk/WKIRO-Project/data/DC005/Session1/Overground_Walk/Walk_Fast/Post_Process/Walk_Fast8.csv,walk_fast,3,test
DC005,Session1,overground,walk,fast,Overground_Walk,Walk_Fast,/home/kwnuk/WKIRO-Project/data/DC005/Session1/Overground_Walk/Walk_Fast/Post_Process/Walk_Fast9.csv,walk_fast,3,train
DC005,Session1,overground,walk,slow,Overground_Walk,Walk_Slow,/home/kwnuk/WKIRO-Project/data/DC005/Session1/Overground_Walk/Walk_Slow/Post_Process/Walk_Slow1.csv,walk_slow,4,train
DC005,Session1,overground,walk,slow,Overground_Walk,Walk_Slow,/home/kwnuk/WKIRO-Project/data/DC005/Session1/Overground_Walk/Walk_Slow/Post_Process/Walk_Slow2.csv,walk_slow,4,train
DC005,Session1,overground,walk,slow,Overground_Walk,Walk_Slow,/home/kwnuk/WKIRO-Project/data/DC005/Session1/Overground_Walk/Walk_Slow/Post_Process/Walk_Slow3.csv,walk_slow,4,train
DC005,Session1,overground,walk,slow,Overground_Walk,Walk_Slow,/home/kwnuk/WKIRO-Project/data/DC005/Session1/Overground_Walk/Walk_Slow/Post_Process/Walk_Slow4.csv,walk_slow,4,train
DC005,Session1,overground,walk,slow,Overground_Walk,Walk_Slow,/home/kwnuk/WKIRO-Project/data/DC005/Session1/Overground_Walk/Walk_Slow/Post_Process/Walk_Slow5.csv,walk_slow,4,train
DC005,Session1,overground,walk,slow,Overground_Walk,Walk_Slow,/home/kwnuk/WKIRO-Project/data/DC005/Session1/Overground_Walk/Walk_Slow/Post_Process/Walk_Slow6.csv,walk_slow,4,train
DC005,Session1,overground,walk,slow,Overground_Walk,Walk_Slow,/home/kwnuk/WKIRO-Project/data/DC005/Session1/Overground_Walk/Walk_Slow/Post_Process/Walk_Slow7.csv,walk_slow,4,test
DC005,Session1,treadmill,run,comfortable,Treadmill_Run,Treadmill_Run_Comfortable,/home/kwnuk/WKIRO-Project/data/DC005/Session1/Treadmill_Run/Treadmill_Run_Comfortable/Post_Process/Treadmill_Run_Comfortable.csv,run_comfortable,0,train
DC005,Session1,treadmill,run,fast,Treadmill_Run,Treadmill_Run_Fast,/home/kwnuk/WKIRO-Project/data/DC005/Session1/Treadmill_Run/Treadmill_Run_Fast/Post_Process/Treadmill_Run_Fast.csv,run_fast,1,train
DC005,Session1,treadmill,walk,comfortable,Treadmill_Walk,Treadmill_Walk_Comfortable,/home/kwnuk/WKIRO-Project/data/DC005/Session1/Treadmill_Walk/Treadmill_Walk_Comfortable/Post_Process/Treadmill_Walk_Comfortable.csv,walk_comfortable,2,val
DC005,Session1,treadmill,walk,fast,Treadmill_Walk,Treadmill_Walk_Fast,/home/kwnuk/WKIRO-Project/data/DC005/Session1/Treadmill_Walk/Treadmill_Walk_Fast/Post_Process/Treadmill_Walk_Fast.csv,walk_fast,3,train
DC005,Session1,treadmill,walk,slow,Treadmill_Walk,Treadmill_Walk_Slow,/home/kwnuk/WKIRO-Project/data/DC005/Session1/Treadmill_Walk/Treadmill_Walk_Slow/Post_Process/Treadmill_Walk_Slow.csv,walk_slow,4,train
DC005,Session2,overground,run,comfortable,Overground_Run,Run_Comfortable,/home/kwnuk/WKIRO-Project/data/DC005/Session2/Overground_Run/Run_Comfortable/Post_Process/Run_Comfortable1.csv,run_comfortable,0,train
DC005,Session2,overground,run,comfortable,Overground_Run,Run_Comfortable,/home/kwnuk/WKIRO-Project/data/DC005/Session2/Overground_Run/Run_Comfortable/Post_Process/Run_Comfortable10.csv,run_comfortable,0,train
DC005,Session2,overground,run,comfortable,Overground_Run,Run_Comfortable,/home/kwnuk/WKIRO-Project/data/DC005/Session2/Overground_Run/Run_Comfortable/Post_Process/Run_Comfortable11.csv,run_comfortable,0,train
DC005,Session2,overground,run,comfortable,Overground_Run,Run_Comfortable,/home/kwnuk/WKIRO-Project/data/DC005/Session2/Overground_Run/Run_Comfortable/Post_Process/Run_Comfortable12.csv,run_comfortable,0,val
DC005,Session2,overground,run,comfortable,Overground_Run,Run_Comfortable,/home/kwnuk/WKIRO-Project/data/DC005/Session2/Overground_Run/Run_Comfortable/Post_Process/Run_Comfortable13.csv,run_comfortable,0,test
DC005,Session2,overground,run,comfortable,Overground_Run,Run_Comfortable,/home/kwnuk/WKIRO-Project/data/DC005/Session2/Overground_Run/Run_Comfortable/Post_Process/Run_Comfortable14.csv,run_comfortable,0,train
DC005,Session2,overground,run,comfortable,Overground_Run,Run_Comfortable,/home/kwnuk/WKIRO-Project/data/DC005/Session2/Overground_Run/Run_Comfortable/Post_Process/Run_Comfortable15.csv,run_comfortable,0,train
DC005,Session2,overground,run,comfortable,Overground_Run,Run_Comfortable,/home/kwnuk/WKIRO-Project/data/DC005/Session2/Overground_Run/Run_Comfortable/Post_Process/Run_Comfortable16.csv,run_comfortable,0,train
DC005,Session2,overground,run,comfortable,Overground_Run,Run_Comfortable,/home/kwnuk/WKIRO-Project/data/DC005/Session2/Overground_Run/Run_Comfortable/Post_Process/Run_Comfortable2.csv,run_comfortable,0,train
DC005,Session2,overground,run,comfortable,Overground_Run,Run_Comfortable,/home/kwnuk/WKIRO-Project/data/DC005/Session2/Overground_Run/Run_Comfortable/Post_Process/Run_Comfortable3.csv,run_comfortable,0,train
DC005,Session2,overground,run,comfortable,Overground_Run,Run_Comfortable,/home/kwnuk/WKIRO-Project/data/DC005/Session2/Overground_Run/Run_Comfortable/Post_Process/Run_Comfortable4.csv,run_comfortable,0,val
DC005,Session2,overground,run,comfortable,Overground_Run,Run_Comfortable,/home/kwnuk/WKIRO-Project/data/DC005/Session2/Overground_Run/Run_Comfortable/Post_Process/Run_Comfortable5.csv,run_comfortable,0,test
DC005,Session2,overground,run,comfortable,Overground_Run,Run_Comfortable,/home/kwnuk/WKIRO-Project/data/DC005/Session2/Overground_Run/Run_Comfortable/Post_Process/Run_Comfortable6.csv,run_comfortable,0,train
DC005,Session2,overground,run,comfortable,Overground_Run,Run_Comfortable,/home/kwnuk/WKIRO-Project/data/DC005/Session2/Overground_Run/Run_Comfortable/Post_Process/Run_Comfortable7.csv,run_comfortable,0,val
DC005,Session2,overground,run,comfortable,Overground_Run,Run_Comfortable,/home/kwnuk/WKIRO-Project/data/DC005/Session2/Overground_Run/Run_Comfortable/Post_Process/Run_Comfortable8.csv,run_comfortable,0,train
DC005,Session2,overground,run,comfortable,Overground_Run,Run_Comfortable,/home/kwnuk/WKIRO-Project/data/DC005/Session2/Overground_Run/Run_Comfortable/Post_Process/Run_Comfortable9.csv,run_comfortable,0,train
DC005,Session2,overground,run,fast,Overground_Run,Run_Fast,/home/kwnuk/WKIRO-Project/data/DC005/Session2/Overground_Run/Run_Fast/Post_Process/Run_Fast1.csv,run_fast,1,val
DC005,Session2,overground,run,fast,Overground_Run,Run_Fast,/home/kwnuk/WKIRO-Project/data/DC005/Session2/Overground_Run/Run_Fast/Post_Process/Run_Fast10.csv,run_fast,1,train
DC005,Session2,overground,run,fast,Overground_Run,Run_Fast,/home/kwnuk/WKIRO-Project/data/DC005/Session2/Overground_Run/Run_Fast/Post_Process/Run_Fast11.csv,run_fast,1,train
DC005,Session2,overground,run,fast,Overground_Run,Run_Fast,/home/kwnuk/WKIRO-Project/data/DC005/Session2/Overground_Run/Run_Fast/Post_Process/Run_Fast12.csv,run_fast,1,train
DC005,Session2,overground,run,fast,Overground_Run,Run_Fast,/home/kwnuk/WKIRO-Project/data/DC005/Session2/Overground_Run/Run_Fast/Post_Process/Run_Fast13.csv,run_fast,1,train
DC005,Session2,overground,run,fast,Overground_Run,Run_Fast,/home/kwnuk/WKIRO-Project/data/DC005/Session2/Overground_Run/Run_Fast/Post_Process/Run_Fast14.csv,run_fast,1,train
DC005,Session2,overground,run,fast,Overground_Run,Run_Fast,/home/kwnuk/WKIRO-Project/data/DC005/Session2/Overground_Run/Run_Fast/Post_Process/Run_Fast15.csv,run_fast,1,test
DC005,Session2,overground,run,fast,Overground_Run,Run_Fast,/home/kwnuk/WKIRO-Project/data/DC005/Session2/Overground_Run/Run_Fast/Post_Process/Run_Fast16.csv,run_fast,1,test
DC005,Session2,overground,run,fast,Overground_Run,Run_Fast,/home/kwnuk/WKIRO-Project/data/DC005/Session2/Overground_Run/Run_Fast/Post_Process/Run_Fast2.csv,run_fast,1,train
DC005,Session2,overground,run,fast,Overground_Run,Run_Fast,/home/kwnuk/WKIRO-Project/data/DC005/Session2/Overground_Run/Run_Fast/Post_Process/Run_Fast3.csv,run_fast,1,train
DC005,Session2,overground,run,fast,Overground_Run,Run_Fast,/home/kwnuk/WKIRO-Project/data/DC005/Session2/Overground_Run/Run_Fast/Post_Process/Run_Fast4.csv,run_fast,1,train
DC005,Session2,overground,run,fast,Overground_Run,Run_Fast,/home/kwnuk/WKIRO-Project/data/DC005/Session2/Overground_Run/Run_Fast/Post_Process/Run_Fast5.csv,run_fast,1,test
DC005,Session2,overground,run,fast,Overground_Run,Run_Fast,/home/kwnuk/WKIRO-Project/data/DC005/Session2/Overground_Run/Run_Fast/Post_Process/Run_Fast6.csv,run_fast,1,val
DC005,Session2,overground,run,fast,Overground_Run,Run_Fast,/home/kwnuk/WKIRO-Project/data/DC005/Session2/Overground_Run/Run_Fast/Post_Process/Run_Fast7.csv,run_fast,1,train
DC005,Session2,overground,run,fast,Overground_Run,Run_Fast,/home/kwnuk/WKIRO-Project/data/DC005/Session2/Overground_Run/Run_Fast/Post_Process/Run_Fast8.csv,run_fast,1,train
DC005,Session2,overground,run,fast,Overground_Run,Run_Fast,/home/kwnuk/WKIRO-Project/data/DC005/Session2/Overground_Run/Run_Fast/Post_Process/Run_Fast9.csv,run_fast,1,train
DC005,Session2,overground,walk,comfortable,Overground_Walk,Walk_Comfortable,/home/kwnuk/WKIRO-Project/data/DC005/Session2/Overground_Walk/Walk_Comfortable/Post_Process/Walk_Comfortable1.csv,walk_comfortable,2,train
DC005,Session2,overground,walk,comfortable,Overground_Walk,Walk_Comfortable,/home/kwnuk/WKIRO-Project/data/DC005/Session2/Overground_Walk/Walk_Comfortable/Post_Process/Walk_Comfortable2.csv,walk_comfortable,2,train
DC005,Session2,overground,walk,comfortable,Overground_Walk,Walk_Comfortable,/home/kwnuk/WKIRO-Project/data/DC005/Session2/Overground_Walk/Walk_Comfortable/Post_Process/Walk_Comfortable3.csv,walk_comfortable,2,test
DC005,Session2,overground,walk,comfortable,Overground_Walk,Walk_Comfortable,/home/kwnuk/WKIRO-Project/data/DC005/Session2/Overground_Walk/Walk_Comfortable/Post_Process/Walk_Comfortable4.csv,walk_comfortable,2,val
DC005,Session2,overground,walk,comfortable,Overground_Walk,Walk_Comfortable,/home/kwnuk/WKIRO-Project/data/DC005/Session2/Overground_Walk/Walk_Comfortable/Post_Process/Walk_Comfortable5.csv,walk_comfortable,2,train
DC005,Session2,overground,walk,comfortable,Overground_Walk,Walk_Comfortable,/home/kwnuk/WKIRO-Project/data/DC005/Session2/Overground_Walk/Walk_Comfortable/Post_Process/Walk_Comfortable6.csv,walk_comfortable,2,val
DC005,Session2,overground,walk,comfortable,Overground_Walk,Walk_Comfortable,/home/kwnuk/WKIRO-Project/data/DC005/Session2/Overground_Walk/Walk_Comfortable/Post_Process/Walk_Comfortable7.csv,walk_comfortable,2,train
DC005,Session2,overground,walk,comfortable,Overground_Walk,Walk_Comfortable,/home/kwnuk/WKIRO-Project/data/DC005/Session2/Overground_Walk/Walk_Comfortable/Post_Process/Walk_Comfortable8.csv,walk_comfortable,2,train
DC005,Session2,overground,walk,fast,Overground_Walk,Walk_Fast,/home/kwnuk/WKIRO-Project/data/DC005/Session2/Overground_Walk/Walk_Fast/Post_Process/Walk_Fast1.csv,walk_fast,3,val
DC005,Session2,overground,walk,fast,Overground_Walk,Walk_Fast,/home/kwnuk/WKIRO-Project/data/DC005/Session2/Overground_Walk/Walk_Fast/Post_Process/Walk_Fast2.csv,walk_fast,3,train
DC005,Session2,overground,walk,fast,Overground_Walk,Walk_Fast,/home/kwnuk/WKIRO-Project/data/DC005/Session2/Overground_Walk/Walk_Fast/Post_Process/Walk_Fast3.csv,walk_fast,3,train
DC005,Session2,overground,walk,fast,Overground_Walk,Walk_Fast,/home/kwnuk/WKIRO-Project/data/DC005/Session2/Overground_Walk/Walk_Fast/Post_Process/Walk_Fast4.csv,walk_fast,3,train
DC005,Session2,overground,walk,fast,Overground_Walk,Walk_Fast,/home/kwnuk/WKIRO-Project/data/DC005/Session2/Overground_Walk/Walk_Fast/Post_Process/Walk_Fast5.csv,walk_fast,3,train
DC005,Session2,overground,walk,fast,Overground_Walk,Walk_Fast,/home/kwnuk/WKIRO-Project/data/DC005/Session2/Overground_Walk/Walk_Fast/Post_Process/Walk_Fast6.csv,walk_fast,3,val
DC005,Session2,overground,walk,fast,Overground_Walk,Walk_Fast,/home/kwnuk/WKIRO-Project/data/DC005/Session2/Overground_Walk/Walk_Fast/Post_Process/Walk_Fast7.csv,walk_fast,3,test
DC005,Session2,overground,walk,fast,Overground_Walk,Walk_Fast,/home/kwnuk/WKIRO-Project/data/DC005/Session2/Overground_Walk/Walk_Fast/Post_Process/Walk_Fast8.csv,walk_fast,3,train
DC005,Session2,overground,walk,slow,Overground_Walk,Walk_Slow,/home/kwnuk/WKIRO-Project/data/DC005/Session2/Overground_Walk/Walk_Slow/Post_Process/Walk_Slow1.csv,walk_slow,4,train
DC005,Session2,overground,walk,slow,Overground_Walk,Walk_Slow,/home/kwnuk/WKIRO-Project/data/DC005/Session2/Overground_Walk/Walk_Slow/Post_Process/Walk_Slow2.csv,walk_slow,4,train
DC005,Session2,overground,walk,slow,Overground_Walk,Walk_Slow,/home/kwnuk/WKIRO-Project/data/DC005/Session2/Overground_Walk/Walk_Slow/Post_Process/Walk_Slow3.csv,walk_slow,4,val
DC005,Session2,overground,walk,slow,Overground_Walk,Walk_Slow,/home/kwnuk/WKIRO-Project/data/DC005/Session2/Overground_Walk/Walk_Slow/Post_Process/Walk_Slow4.csv,walk_slow,4,train
DC005,Session2,overground,walk,slow,Overground_Walk,Walk_Slow,/home/kwnuk/WKIRO-Project/data/DC005/Session2/Overground_Walk/Walk_Slow/Post_Process/Walk_Slow5.csv,walk_slow,4,val
DC005,Session2,overground,walk,slow,Overground_Walk,Walk_Slow,/home/kwnuk/WKIRO-Project/data/DC005/Session2/Overground_Walk/Walk_Slow/Post_Process/Walk_Slow6.csv,walk_slow,4,train
DC005,Session2,treadmill,run,comfortable,Treadmill_Run,Treadmill_Run_Comfortable,/home/kwnuk/WKIRO-Project/data/DC005/Session2/Treadmill_Run/Treadmill_Run_Comfortable/Post_Process/Treadmill_Run_Comfortable.csv,run_comfortable,0,train
DC005,Session2,treadmill,run,fast,Treadmill_Run,Treadmill_Run_Fast,/home/kwnuk/WKIRO-Project/data/DC005/Session2/Treadmill_Run/Treadmill_Run_Fast/Post_Process/Treadmill_Run_Fast.csv,run_fast,1,test
DC005,Session2,treadmill,walk,comfortable,Treadmill_Walk,Treadmill_Walk_Comfortable,/home/kwnuk/WKIRO-Project/data/DC005/Session2/Treadmill_Walk/Treadmill_Walk_Comfortable/Post_Process/Treadmill_Walk_Comfortable.csv,walk_comfortable,2,train
DC005,Session2,treadmill,walk,fast,Treadmill_Walk,Treadmill_Walk_Fast,/home/kwnuk/WKIRO-Project/data/DC005/Session2/Treadmill_Walk/Treadmill_Walk_Fast/Post_Process/Treadmill_Walk_Fast.csv,walk_fast,3,train
DC005,Session2,treadmill,walk,slow,Treadmill_Walk,Treadmill_Walk_Slow,/home/kwnuk/WKIRO-Project/data/DC005/Session2/Treadmill_Walk/Treadmill_Walk_Slow/Post_Process/Treadmill_Walk_Slow.csv,walk_slow,4,test
GF022,Session1,overground,run,comfortable,Overground_Run,Run_Comfortable,/home/kwnuk/WKIRO-Project/data/GF022/Session1/Overground_Run/Run_Comfortable/Post_Process/Run_Comfortable1.csv,run_comfortable,0,train
GF022,Session1,overground,run,comfortable,Overground_Run,Run_Comfortable,/home/kwnuk/WKIRO-Project/data/GF022/Session1/Overground_Run/Run_Comfortable/Post_Process/Run_Comfortable10.csv,run_comfortable,0,val
GF022,Session1,overground,run,comfortable,Overground_Run,Run_Comfortable,/home/kwnuk/WKIRO-Project/data/GF022/Session1/Overground_Run/Run_Comfortable/Post_Process/Run_Comfortable2.csv,run_comfortable,0,train
GF022,Session1,overground,run,comfortable,Overground_Run,Run_Comfortable,/home/kwnuk/WKIRO-Project/data/GF022/Session1/Overground_Run/Run_Comfortable/Post_Process/Run_Comfortable3.csv,run_comfortable,0,train
GF022,Session1,overground,run,comfortable,Overground_Run,Run_Comfortable,/home/kwnuk/WKIRO-Project/data/GF022/Session1/Overground_Run/Run_Comfortable/Post_Process/Run_Comfortable4.csv,run_comfortable,0,test
GF022,Session1,overground,run,comfortable,Overground_Run,Run_Comfortable,/home/kwnuk/WKIRO-Project/data/GF022/Session1/Overground_Run/Run_Comfortable/Post_Process/Run_Comfortable5.csv,run_comfortable,0,train
GF022,Session1,overground,run,comfortable,Overground_Run,Run_Comfortable,/home/kwnuk/WKIRO-Project/data/GF022/Session1/Overground_Run/Run_Comfortable/Post_Process/Run_Comfortable6.csv,run_comfortable,0,val
GF022,Session1,overground,run,comfortable,Overground_Run,Run_Comfortable,/home/kwnuk/WKIRO-Project/data/GF022/Session1/Overground_Run/Run_Comfortable/Post_Process/Run_Comfortable7.csv,run_comfortable,0,train
GF022,Session1,overground,run,comfortable,Overground_Run,Run_Comfortable,/home/kwnuk/WKIRO-Project/data/GF022/Session1/Overground_Run/Run_Comfortable/Post_Process/Run_Comfortable8.csv,run_comfortable,0,val
GF022,Session1,overground,run,comfortable,Overground_Run,Run_Comfortable,/home/kwnuk/WKIRO-Project/data/GF022/Session1/Overground_Run/Run_Comfortable/Post_Process/Run_Comfortable9.csv,run_comfortable,0,train
GF022,Session1,overground,run,fast,Overground_Run,Run_Fast,/home/kwnuk/WKIRO-Project/data/GF022/Session1/Overground_Run/Run_Fast/Post_Process/Run_Fast1.csv,run_fast,1,train
GF022,Session1,overground,run,fast,Overground_Run,Run_Fast,/home/kwnuk/WKIRO-Project/data/GF022/Session1/Overground_Run/Run_Fast/Post_Process/Run_Fast10.csv,run_fast,1,val
GF022,Session1,overground,run,fast,Overground_Run,Run_Fast,/home/kwnuk/WKIRO-Project/data/GF022/Session1/Overground_Run/Run_Fast/Post_Process/Run_Fast2.csv,run_fast,1,train
GF022,Session1,overground,run,fast,Overground_Run,Run_Fast,/home/kwnuk/WKIRO-Project/data/GF022/Session1/Overground_Run/Run_Fast/Post_Process/Run_Fast3.csv,run_fast,1,test
GF022,Session1,overground,run,fast,Overground_Run,Run_Fast,/home/kwnuk/WKIRO-Project/data/GF022/Session1/Overground_Run/Run_Fast/Post_Process/Run_Fast4.csv,run_fast,1,train
GF022,Session1,overground,run,fast,Overground_Run,Run_Fast,/home/kwnuk/WKIRO-Project/data/GF022/Session1/Overground_Run/Run_Fast/Post_Process/Run_Fast5.csv,run_fast,1,train
GF022,Session1,overground,run,fast,Overground_Run,Run_Fast,/home/kwnuk/WKIRO-Project/data/GF022/Session1/Overground_Run/Run_Fast/Post_Process/Run_Fast6.csv,run_fast,1,train
GF022,Session1,overground,run,fast,Overground_Run,Run_Fast,/home/kwnuk/WKIRO-Project/data/GF022/Session1/Overground_Run/Run_Fast/Post_Process/Run_Fast7.csv,run_fast,1,train
GF022,Session1,overground,run,fast,Overground_Run,Run_Fast,/home/kwnuk/WKIRO-Project/data/GF022/Session1/Overground_Run/Run_Fast/Post_Process/Run_Fast8.csv,run_fast,1,train
GF022,Session1,overground,run,fast,Overground_Run,Run_Fast,/home/kwnuk/WKIRO-Project/data/GF022/Session1/Overground_Run/Run_Fast/Post_Process/Run_Fast9.csv,run_fast,1,train
GF022,Session1,overground,walk,comfortable,Overground_Walk,Walk_Comfortable,/home/kwnuk/WKIRO-Project/data/GF022/Session1/Overground_Walk/Walk_Comfortable/Post_Process/Walk_Comfortable1.csv,walk_comfortable,2,train
GF022,Session1,overground,walk,comfortable,Overground_Walk,Walk_Comfortable,/home/kwnuk/WKIRO-Project/data/GF022/Session1/Overground_Walk/Walk_Comfortable/Post_Process/Walk_Comfortable2.csv,walk_comfortable,2,train
GF022,Session1,overground,walk,comfortable,Overground_Walk,Walk_Comfortable,/home/kwnuk/WKIRO-Project/data/GF022/Session1/Overground_Walk/Walk_Comfortable/Post_Process/Walk_Comfortable3.csv,walk_comfortable,2,train
GF022,Session1,overground,walk,comfortable,Overground_Walk,Walk_Comfortable,/home/kwnuk/WKIRO-Project/data/GF022/Session1/Overground_Walk/Walk_Comfortable/Post_Process/Walk_Comfortable4.csv,walk_comfortable,2,test
GF022,Session1,overground,walk,comfortable,Overground_Walk,Walk_Comfortable,/home/kwnuk/WKIRO-Project/data/GF022/Session1/Overground_Walk/Walk_Comfortable/Post_Process/Walk_Comfortable5.csv,walk_comfortable,2,train
GF022,Session1,overground,walk,comfortable,Overground_Walk,Walk_Comfortable,/home/kwnuk/WKIRO-Project/data/GF022/Session1/Overground_Walk/Walk_Comfortable/Post_Process/Walk_Comfortable6.csv,walk_comfortable,2,train
GF022,Session1,overground,walk,comfortable,Overground_Walk,Walk_Comfortable,/home/kwnuk/WKIRO-Project/data/GF022/Session1/Overground_Walk/Walk_Comfortable/Post_Process/Walk_Comfortable7.csv,walk_comfortable,2,train
GF022,Session1,overground,walk,comfortable,Overground_Walk,Walk_Comfortable,/home/kwnuk/WKIRO-Project/data/GF022/Session1/Overground_Walk/Walk_Comfortable/Post_Process/Walk_Comfortable8.csv,walk_comfortable,2,train
GF022,Session1,overground,walk,fast,Overground_Walk,Walk_Fast,/home/kwnuk/WKIRO-Project/data/GF022/Session1/Overground_Walk/Walk_Fast/Post_Process/Walk_Fast1.csv,walk_fast,3,train
GF022,Session1,overground,walk,fast,Overground_Walk,Walk_Fast,/home/kwnuk/WKIRO-Project/data/GF022/Session1/Overground_Walk/Walk_Fast/Post_Process/Walk_Fast2.csv,walk_fast,3,val
GF022,Session1,overground,walk,fast,Overground_Walk,Walk_Fast,/home/kwnuk/WKIRO-Project/data/GF022/Session1/Overground_Walk/Walk_Fast/Post_Process/Walk_Fast3.csv,walk_fast,3,test
GF022,Session1,overground,walk,fast,Overground_Walk,Walk_Fast,/home/kwnuk/WKIRO-Project/data/GF022/Session1/Overground_Walk/Walk_Fast/Post_Process/Walk_Fast4.csv,walk_fast,3,train
GF022,Session1,overground,walk,fast,Overground_Walk,Walk_Fast,/home/kwnuk/WKIRO-Project/data/GF022/Session1/Overground_Walk/Walk_Fast/Post_Process/Walk_Fast5.csv,walk_fast,3,train
GF022,Session1,overground,walk,fast,Overground_Walk,Walk_Fast,/home/kwnuk/WKIRO-Project/data/GF022/Session1/Overground_Walk/Walk_Fast/Post_Process/Walk_Fast6.csv,walk_fast,3,test
GF022,Session1,overground,walk,fast,Overground_Walk,Walk_Fast,/home/kwnuk/WKIRO-Project/data/GF022/Session1/Overground_Walk/Walk_Fast/Post_Process/Walk_Fast7.csv,walk_fast,3,train
GF022,Session1,overground,walk,fast,Overground_Walk,Walk_Fast,/home/kwnuk/WKIRO-Project/data/GF022/Session1/Overground_Walk/Walk_Fast/Post_Process/Walk_Fast8.csv,walk_fast,3,test
GF022,Session1,overground,walk,slow,Overground_Walk,Walk_Slow,/home/kwnuk/WKIRO-Project/data/GF022/Session1/Overground_Walk/Walk_Slow/Post_Process/Walk_Slow1.csv,walk_slow,4,val
GF022,Session1,overground,walk,slow,Overground_Walk,Walk_Slow,/home/kwnuk/WKIRO-Project/data/GF022/Session1/Overground_Walk/Walk_Slow/Post_Process/Walk_Slow2.csv,walk_slow,4,train
GF022,Session1,overground,walk,slow,Overground_Walk,Walk_Slow,/home/kwnuk/WKIRO-Project/data/GF022/Session1/Overground_Walk/Walk_Slow/Post_Process/Walk_Slow3.csv,walk_slow,4,train
GF022,Session1,overground,walk,slow,Overground_Walk,Walk_Slow,/home/kwnuk/WKIRO-Project/data/GF022/Session1/Overground_Walk/Walk_Slow/Post_Process/Walk_Slow4.csv,walk_slow,4,train
GF022,Session1,overground,walk,slow,Overground_Walk,Walk_Slow,/home/kwnuk/WKIRO-Project/data/GF022/Session1/Overground_Walk/Walk_Slow/Post_Process/Walk_Slow5.csv,walk_slow,4,train
GF022,Session1,overground,walk,slow,Overground_Walk,Walk_Slow,/home/kwnuk/WKIRO-Project/data/GF022/Session1/Overground_Walk/Walk_Slow/Post_Process/Walk_Slow6.csv,walk_slow,4,train
GF022,Session1,treadmill,run,comfortable,Treadmill_Run,Treadmill_Run_Comfortable,/home/kwnuk/WKIRO-Project/data/GF022/Session1/Treadmill_Run/Treadmill_Run_Comfortable/Post_Process/Treadmill_Run_Comfortable.csv,run_comfortable,0,train
GF022,Session1,treadmill,run,fast,Treadmill_Run,Treadmill_Run_Fast,/home/kwnuk/WKIRO-Project/data/GF022/Session1/Treadmill_Run/Treadmill_Run_Fast/Post_Process/Treadmill_Run_Fast.csv,run_fast,1,val
GF022,Session1,treadmill,walk,comfortable,Treadmill_Walk,Treadmill_Walk_Comfortable,/home/kwnuk/WKIRO-Project/data/GF022/Session1/Treadmill_Walk/Treadmill_Walk_Comfortable/Post_Process/Treadmill_Walk_Comfortable.csv,walk_comfortable,2,test
GF022,Session1,treadmill,walk,fast,Treadmill_Walk,Treadmill_Walk_Fast,/home/kwnuk/WKIRO-Project/data/GF022/Session1/Treadmill_Walk/Treadmill_Walk_Fast/Post_Process/Treadmill_Walk_Fast.csv,walk_fast,3,train
GF022,Session1,treadmill,walk,slow,Treadmill_Walk,Treadmill_Walk_Slow,/home/kwnuk/WKIRO-Project/data/GF022/Session1/Treadmill_Walk/Treadmill_Walk_Slow/Post_Process/Treadmill_Walk_Slow.csv,walk_slow,4,train
GF022,Session2,overground,run,comfortable,Overground_Run,Run_Comfortable,/home/kwnuk/WKIRO-Project/data/GF022/Session2/Overground_Run/Run_Comfortable/Post_Process/Run_Comfortable1.csv,run_comfortable,0,train
GF022,Session2,overground,run,comfortable,Overground_Run,Run_Comfortable,/home/kwnuk/WKIRO-Project/data/GF022/Session2/Overground_Run/Run_Comfortable/Post_Process/Run_Comfortable10.csv,run_comfortable,0,train
GF022,Session2,overground,run,comfortable,Overground_Run,Run_Comfortable,/home/kwnuk/WKIRO-Project/data/GF022/Session2/Overground_Run/Run_Comfortable/Post_Process/Run_Comfortable2.csv,run_comfortable,0,train
GF022,Session2,overground,run,comfortable,Overground_Run,Run_Comfortable,/home/kwnuk/WKIRO-Project/data/GF022/Session2/Overground_Run/Run_Comfortable/Post_Process/Run_Comfortable3.csv,run_comfortable,0,train
GF022,Session2,overground,run,comfortable,Overground_Run,Run_Comfortable,/home/kwnuk/WKIRO-Project/data/GF022/Session2/Overground_Run/Run_Comfortable/Post_Process/Run_Comfortable4.csv,run_comfortable,0,train
GF022,Session2,overground,run,comfortable,Overground_Run,Run_Comfortable,/home/kwnuk/WKIRO-Project/data/GF022/Session2/Overground_Run/Run_Comfortable/Post_Process/Run_Comfortable5.csv,run_comfortable,0,test
GF022,Session2,overground,run,comfortable,Overground_Run,Run_Comfortable,/home/kwnuk/WKIRO-Project/data/GF022/Session2/Overground_Run/Run_Comfortable/Post_Process/Run_Comfortable6.csv,run_comfortable,0,train
GF022,Session2,overground,run,comfortable,Overground_Run,Run_Comfortable,/home/kwnuk/WKIRO-Project/data/GF022/Session2/Overground_Run/Run_Comfortable/Post_Process/Run_Comfortable7.csv,run_comfortable,0,train
GF022,Session2,overground,run,comfortable,Overground_Run,Run_Comfortable,/home/kwnuk/WKIRO-Project/data/GF022/Session2/Overground_Run/Run_Comfortable/Post_Process/Run_Comfortable8.csv,run_comfortable,0,test
GF022,Session2,overground,run,comfortable,Overground_Run,Run_Comfortable,/home/kwnuk/WKIRO-Project/data/GF022/Session2/Overground_Run/Run_Comfortable/Post_Process/Run_Comfortable9.csv,run_comfortable,0,train
GF022,Session2,overground,run,fast,Overground_Run,Run_Fast,/home/kwnuk/WKIRO-Project/data/GF022/Session2/Overground_Run/Run_Fast/Post_Process/Run_Fast1.csv,run_fast,1,train
GF022,Session2,overground,run,fast,Overground_Run,Run_Fast,/home/kwnuk/WKIRO-Project/data/GF022/Session2/Overground_Run/Run_Fast/Post_Process/Run_Fast10.csv,run_fast,1,val
GF022,Session2,overground,run,fast,Overground_Run,Run_Fast,/home/kwnuk/WKIRO-Project/data/GF022/Session2/Overground_Run/Run_Fast/Post_Process/Run_Fast2.csv,run_fast,1,train
GF022,Session2,overground,run,fast,Overground_Run,Run_Fast,/home/kwnuk/WKIRO-Project/data/GF022/Session2/Overground_Run/Run_Fast/Post_Process/Run_Fast3.csv,run_fast,1,test
GF022,Session2,overground,run,fast,Overground_Run,Run_Fast,/home/kwnuk/WKIRO-Project/data/GF022/Session2/Overground_Run/Run_Fast/Post_Process/Run_Fast4.csv,run_fast,1,test
GF022,Session2,overground,run,fast,Overground_Run,Run_Fast,/home/kwnuk/WKIRO-Project/data/GF022/Session2/Overground_Run/Run_Fast/Post_Process/Run_Fast5.csv,run_fast,1,train
GF022,Session2,overground,run,fast,Overground_Run,Run_Fast,/home/kwnuk/WKIRO-Project/data/GF022/Session2/Overground_Run/Run_Fast/Post_Process/Run_Fast6.csv,run_fast,1,train
GF022,Session2,overground,run,fast,Overground_Run,Run_Fast,/home/kwnuk/WKIRO-Project/data/GF022/Session2/Overground_Run/Run_Fast/Post_Process/Run_Fast7.csv,run_fast,1,train
GF022,Session2,overground,run,fast,Overground_Run,Run_Fast,/home/kwnuk/WKIRO-Project/data/GF022/Session2/Overground_Run/Run_Fast/Post_Process/Run_Fast8.csv,run_fast,1,train
GF022,Session2,overground,run,fast,Overground_Run,Run_Fast,/home/kwnuk/WKIRO-Project/data/GF022/Session2/Overground_Run/Run_Fast/Post_Process/Run_Fast9.csv,run_fast,1,train
GF022,Session2,overground,walk,comfortable,Overground_Walk,Walk_Comfortable,/home/kwnuk/WKIRO-Project/data/GF022/Session2/Overground_Walk/Walk_Comfortable/Post_Process/Walk_Comfortable1.csv,walk_comfortable,2,train
GF022,Session2,overground,walk,comfortable,Overground_Walk,Walk_Comfortable,/home/kwnuk/WKIRO-Project/data/GF022/Session2/Overground_Walk/Walk_Comfortable/Post_Process/Walk_Comfortable2.csv,walk_comfortable,2,val
GF022,Session2,overground,walk,comfortable,Overground_Walk,Walk_Comfortable,/home/kwnuk/WKIRO-Project/data/GF022/Session2/Overground_Walk/Walk_Comfortable/Post_Process/Walk_Comfortable3.csv,walk_comfortable,2,train
GF022,Session2,overground,walk,comfortable,Overground_Walk,Walk_Comfortable,/home/kwnuk/WKIRO-Project/data/GF022/Session2/Overground_Walk/Walk_Comfortable/Post_Process/Walk_Comfortable4.csv,walk_comfortable,2,test
GF022,Session2,overground,walk,comfortable,Overground_Walk,Walk_Comfortable,/home/kwnuk/WKIRO-Project/data/GF022/Session2/Overground_Walk/Walk_Comfortable/Post_Process/Walk_Comfortable5.csv,walk_comfortable,2,train
GF022,Session2,overground,walk,comfortable,Overground_Walk,Walk_Comfortable,/home/kwnuk/WKIRO-Project/data/GF022/Session2/Overground_Walk/Walk_Comfortable/Post_Process/Walk_Comfortable6.csv,walk_comfortable,2,val
GF022,Session2,overground,walk,comfortable,Overground_Walk,Walk_Comfortable,/home/kwnuk/WKIRO-Project/data/GF022/Session2/Overground_Walk/Walk_Comfortable/Post_Process/Walk_Comfortable7.csv,walk_comfortable,2,train
GF022,Session2,overground,walk,comfortable,Overground_Walk,Walk_Comfortable,/home/kwnuk/WKIRO-Project/data/GF022/Session2/Overground_Walk/Walk_Comfortable/Post_Process/Walk_Comfortable8.csv,walk_comfortable,2,train
GF022,Session2,overground,walk,fast,Overground_Walk,Walk_Fast,/home/kwnuk/WKIRO-Project/data/GF022/Session2/Overground_Walk/Walk_Fast/Post_Process/Walk_Fast1.csv,walk_fast,3,val
GF022,Session2,overground,walk,fast,Overground_Walk,Walk_Fast,/home/kwnuk/WKIRO-Project/data/GF022/Session2/Overground_Walk/Walk_Fast/Post_Process/Walk_Fast2.csv,walk_fast,3,train
GF022,Session2,overground,walk,fast,Overground_Walk,Walk_Fast,/home/kwnuk/WKIRO-Project/data/GF022/Session2/Overground_Walk/Walk_Fast/Post_Process/Walk_Fast3.csv,walk_fast,3,train
GF022,Session2,overground,walk,fast,Overground_Walk,Walk_Fast,/home/kwnuk/WKIRO-Project/data/GF022/Session2/Overground_Walk/Walk_Fast/Post_Process/Walk_Fast4.csv,walk_fast,3,train
GF022,Session2,overground,walk,fast,Overground_Walk,Walk_Fast,/home/kwnuk/WKIRO-Project/data/GF022/Session2/Overground_Walk/Walk_Fast/Post_Process/Walk_Fast5.csv,walk_fast,3,train
GF022,Session2,overground,walk,fast,Overground_Walk,Walk_Fast,/home/kwnuk/WKIRO-Project/data/GF022/Session2/Overground_Walk/Walk_Fast/Post_Process/Walk_Fast6.csv,walk_fast,3,train
GF022,Session2,overground,walk,fast,Overground_Walk,Walk_Fast,/home/kwnuk/WKIRO-Project/data/GF022/Session2/Overground_Walk/Walk_Fast/Post_Process/Walk_Fast7.csv,walk_fast,3,val
GF022,Session2,overground,walk,fast,Overground_Walk,Walk_Fast,/home/kwnuk/WKIRO-Project/data/GF022/Session2/Overground_Walk/Walk_Fast/Post_Process/Walk_Fast8.csv,walk_fast,3,train
GF022,Session2,overground,walk,slow,Overground_Walk,Walk_Slow,/home/kwnuk/WKIRO-Project/data/GF022/Session2/Overground_Walk/Walk_Slow/Post_Process/Walk_Slow1.csv,walk_slow,4,val
GF022,Session2,overground,walk,slow,Overground_Walk,Walk_Slow,/home/kwnuk/WKIRO-Project/data/GF022/Session2/Overground_Walk/Walk_Slow/Post_Process/Walk_Slow2.csv,walk_slow,4,train
GF022,Session2,overground,walk,slow,Overground_Walk,Walk_Slow,/home/kwnuk/WKIRO-Project/data/GF022/Session2/Overground_Walk/Walk_Slow/Post_Process/Walk_Slow3.csv,walk_slow,4,train
GF022,Session2,overground,walk,slow,Overground_Walk,Walk_Slow,/home/kwnuk/WKIRO-Project/data/GF022/Session2/Overground_Walk/Walk_Slow/Post_Process/Walk_Slow4.csv,walk_slow,4,train
GF022,Session2,overground,walk,slow,Overground_Walk,Walk_Slow,/home/kwnuk/WKIRO-Project/data/GF022/Session2/Overground_Walk/Walk_Slow/Post_Process/Walk_Slow5.csv,walk_slow,4,train
GF022,Session2,overground,walk,slow,Overground_Walk,Walk_Slow,/home/kwnuk/WKIRO-Project/data/GF022/Session2/Overground_Walk/Walk_Slow/Post_Process/Walk_Slow6.csv,walk_slow,4,test
GF022,Session2,treadmill,run,comfortable,Treadmill_Run,Treadmill_Run_Comfortable,/home/kwnuk/WKIRO-Project/data/GF022/Session2/Treadmill_Run/Treadmill_Run_Comfortable/Post_Process/Treadmill_Run_Comfortable.csv,run_comfortable,0,train
GF022,Session2,treadmill,run,fast,Treadmill_Run,Treadmill_Run_Fast,/home/kwnuk/WKIRO-Project/data/GF022/Session2/Treadmill_Run/Treadmill_Run_Fast/Post_Process/Treadmill_Run_Fast.csv,run_fast,1,train
GF022,Session2,treadmill,walk,comfortable,Treadmill_Walk,Treadmill_Walk_Comfortable,/home/kwnuk/WKIRO-Project/data/GF022/Session2/Treadmill_Walk/Treadmill_Walk_Comfortable/Post_Process/Treadmill_Walk_Comfortable.csv,walk_comfortable,2,val
GF022,Session2,treadmill,walk,fast,Treadmill_Walk,Treadmill_Walk_Fast,/home/kwnuk/WKIRO-Project/data/GF022/Session2/Treadmill_Walk/Treadmill_Walk_Fast/Post_Process/Treadmill_Walk_Fast.csv,walk_fast,3,train
GF022,Session2,treadmill,walk,slow,Treadmill_Walk,Treadmill_Walk_Slow,/home/kwnuk/WKIRO-Project/data/GF022/Session2/Treadmill_Walk/Treadmill_Walk_Slow/Post_Process/Treadmill_Walk_Slow.csv,walk_slow,4,test
GM001,Session1,overground,run,comfortable,Overground_Run,Run_Comfortable,/home/kwnuk/WKIRO-Project/data/GM001/Session1/Overground_Run/Run_Comfortable/Post_Process/Run_Comfortable1.csv,run_comfortable,0,train
GM001,Session1,overground,run,comfortable,Overground_Run,Run_Comfortable,/home/kwnuk/WKIRO-Project/data/GM001/Session1/Overground_Run/Run_Comfortable/Post_Process/Run_Comfortable2.csv,run_comfortable,0,test
GM001,Session1,overground,run,comfortable,Overground_Run,Run_Comfortable,/home/kwnuk/WKIRO-Project/data/GM001/Session1/Overground_Run/Run_Comfortable/Post_Process/Run_Comfortable3.csv,run_comfortable,0,train
GM001,Session1,overground,run,comfortable,Overground_Run,Run_Comfortable,/home/kwnuk/WKIRO-Project/data/GM001/Session1/Overground_Run/Run_Comfortable/Post_Process/Run_Comfortable4.csv,run_comfortable,0,train
GM001,Session1,overground,run,comfortable,Overground_Run,Run_Comfortable,/home/kwnuk/WKIRO-Project/data/GM001/Session1/Overground_Run/Run_Comfortable/Post_Process/Run_Comfortable5.csv,run_comfortable,0,val
GM001,Session1,overground,run,comfortable,Overground_Run,Run_Comfortable,/home/kwnuk/WKIRO-Project/data/GM001/Session1/Overground_Run/Run_Comfortable/Post_Process/Run_Comfortable6.csv,run_comfortable,0,train
GM001,Session1,overground,run,comfortable,Overground_Run,Run_Comfortable,/home/kwnuk/WKIRO-Project/data/GM001/Session1/Overground_Run/Run_Comfortable/Post_Process/Run_Comfortable7.csv,run_comfortable,0,train
GM001,Session1,overground,run,comfortable,Overground_Run,Run_Comfortable,/home/kwnuk/WKIRO-Project/data/GM001/Session1/Overground_Run/Run_Comfortable/Post_Process/Run_Comfortable8.csv,run_comfortable,0,test
GM001,Session1,overground,run,fast,Overground_Run,Run_Fast,/home/kwnuk/WKIRO-Project/data/GM001/Session1/Overground_Run/Run_Fast/Post_Process/Run_Fast1.csv,run_fast,1,train
GM001,Session1,overground,run,fast,Overground_Run,Run_Fast,/home/kwnuk/WKIRO-Project/data/GM001/Session1/Overground_Run/Run_Fast/Post_Process/Run_Fast10.csv,run_fast,1,train
GM001,Session1,overground,run,fast,Overground_Run,Run_Fast,/home/kwnuk/WKIRO-Project/data/GM001/Session1/Overground_Run/Run_Fast/Post_Process/Run_Fast11.csv,run_fast,1,train
GM001,Session1,overground,run,fast,Overground_Run,Run_Fast,/home/kwnuk/WKIRO-Project/data/GM001/Session1/Overground_Run/Run_Fast/Post_Process/Run_Fast12.csv,run_fast,1,train
GM001,Session1,overground,run,fast,Overground_Run,Run_Fast,/home/kwnuk/WKIRO-Project/data/GM001/Session1/Overground_Run/Run_Fast/Post_Process/Run_Fast13.csv,run_fast,1,train
GM001,Session1,overground,run,fast,Overground_Run,Run_Fast,/home/kwnuk/WKIRO-Project/data/GM001/Session1/Overground_Run/Run_Fast/Post_Process/Run_Fast2.csv,run_fast,1,train
GM001,Session1,overground,run,fast,Overground_Run,Run_Fast,/home/kwnuk/WKIRO-Project/data/GM001/Session1/Overground_Run/Run_Fast/Post_Process/Run_Fast3.csv,run_fast,1,train
GM001,Session1,overground,run,fast,Overground_Run,Run_Fast,/home/kwnuk/WKIRO-Project/data/GM001/Session1/Overground_Run/Run_Fast/Post_Process/Run_Fast4.csv,run_fast,1,train
GM001,Session1,overground,run,fast,Overground_Run,Run_Fast,/home/kwnuk/WKIRO-Project/data/GM001/Session1/Overground_Run/Run_Fast/Post_Process/Run_Fast5.csv,run_fast,1,train
GM001,Session1,overground,run,fast,Overground_Run,Run_Fast,/home/kwnuk/WKIRO-Project/data/GM001/Session1/Overground_Run/Run_Fast/Post_Process/Run_Fast6.csv,run_fast,1,test
GM001,Session1,overground,run,fast,Overground_Run,Run_Fast,/home/kwnuk/WKIRO-Project/data/GM001/Session1/Overground_Run/Run_Fast/Post_Process/Run_Fast7.csv,run_fast,1,train
GM001,Session1,overground,run,fast,Overground_Run,Run_Fast,/home/kwnuk/WKIRO-Project/data/GM001/Session1/Overground_Run/Run_Fast/Post_Process/Run_Fast8.csv,run_fast,1,val
GM001,Session1,overground,run,fast,Overground_Run,Run_Fast,/home/kwnuk/WKIRO-Project/data/GM001/Session1/Overground_Run/Run_Fast/Post_Process/Run_Fast9.csv,run_fast,1,test
GM001,Session1,overground,walk,comfortable,Overground_Walk,Walk_Comfortable,/home/kwnuk/WKIRO-Project/data/GM001/Session1/Overground_Walk/Walk_Comfortable/Post_Process/Walk_Comfortable1.csv,walk_comfortable,2,train
GM001,Session1,overground,walk,comfortable,Overground_Walk,Walk_Comfortable,/home/kwnuk/WKIRO-Project/data/GM001/Session1/Overground_Walk/Walk_Comfortable/Post_Process/Walk_Comfortable10.csv,walk_comfortable,2,train
GM001,Session1,overground,walk,comfortable,Overground_Walk,Walk_Comfortable,/home/kwnuk/WKIRO-Project/data/GM001/Session1/Overground_Walk/Walk_Comfortable/Post_Process/Walk_Comfortable11.csv,walk_comfortable,2,train
GM001,Session1,overground,walk,comfortable,Overground_Walk,Walk_Comfortable,/home/kwnuk/WKIRO-Project/data/GM001/Session1/Overground_Walk/Walk_Comfortable/Post_Process/Walk_Comfortable12.csv,walk_comfortable,2,train
GM001,Session1,overground,walk,comfortable,Overground_Walk,Walk_Comfortable,/home/kwnuk/WKIRO-Project/data/GM001/Session1/Overground_Walk/Walk_Comfortable/Post_Process/Walk_Comfortable2.csv,walk_comfortable,2,test
GM001,Session1,overground,walk,comfortable,Overground_Walk,Walk_Comfortable,/home/kwnuk/WKIRO-Project/data/GM001/Session1/Overground_Walk/Walk_Comfortable/Post_Process/Walk_Comfortable3.csv,walk_comfortable,2,train
GM001,Session1,overground,walk,comfortable,Overground_Walk,Walk_Comfortable,/home/kwnuk/WKIRO-Project/data/GM001/Session1/Overground_Walk/Walk_Comfortable/Post_Process/Walk_Comfortable4.csv,walk_comfortable,2,train
GM001,Session1,overground,walk,comfortable,Overground_Walk,Walk_Comfortable,/home/kwnuk/WKIRO-Project/data/GM001/Session1/Overground_Walk/Walk_Comfortable/Post_Process/Walk_Comfortable5.csv,walk_comfortable,2,train
GM001,Session1,overground,walk,comfortable,Overground_Walk,Walk_Comfortable,/home/kwnuk/WKIRO-Project/data/GM001/Session1/Overground_Walk/Walk_Comfortable/Post_Process/Walk_Comfortable6.csv,walk_comfortable,2,train
GM001,Session1,overground,walk,comfortable,Overground_Walk,Walk_Comfortable,/home/kwnuk/WKIRO-Project/data/GM001/Session1/Overground_Walk/Walk_Comfortable/Post_Process/Walk_Comfortable7.csv,walk_comfortable,2,train
GM001,Session1,overground,walk,comfortable,Overground_Walk,Walk_Comfortable,/home/kwnuk/WKIRO-Project/data/GM001/Session1/Overground_Walk/Walk_Comfortable/Post_Process/Walk_Comfortable8.csv,walk_comfortable,2,val
GM001,Session1,overground,walk,comfortable,Overground_Walk,Walk_Comfortable,/home/kwnuk/WKIRO-Project/data/GM001/Session1/Overground_Walk/Walk_Comfortable/Post_Process/Walk_Comfortable9.csv,walk_comfortable,2,val
GM001,Session1,overground,walk,fast,Overground_Walk,Walk_Fast,/home/kwnuk/WKIRO-Project/data/GM001/Session1/Overground_Walk/Walk_Fast/Post_Process/Walk_Fast1.csv,walk_fast,3,val
GM001,Session1,overground,walk,fast,Overground_Walk,Walk_Fast,/home/kwnuk/WKIRO-Project/data/GM001/Session1/Overground_Walk/Walk_Fast/Post_Process/Walk_Fast10.csv,walk_fast,3,train
GM001,Session1,overground,walk,fast,Overground_Walk,Walk_Fast,/home/kwnuk/WKIRO-Project/data/GM001/Session1/Overground_Walk/Walk_Fast/Post_Process/Walk_Fast11.csv,walk_fast,3,train
GM001,Session1,overground,walk,fast,Overground_Walk,Walk_Fast,/home/kwnuk/WKIRO-Project/data/GM001/Session1/Overground_Walk/Walk_Fast/Post_Process/Walk_Fast12.csv,walk_fast,3,train
GM001,Session1,overground,walk,fast,Overground_Walk,Walk_Fast,/home/kwnuk/WKIRO-Project/data/GM001/Session1/Overground_Walk/Walk_Fast/Post_Process/Walk_Fast13.csv,walk_fast,3,train
GM001,Session1,overground,walk,fast,Overground_Walk,Walk_Fast,/home/kwnuk/WKIRO-Project/data/GM001/Session1/Overground_Walk/Walk_Fast/Post_Process/Walk_Fast14.csv,walk_fast,3,val
GM001,Session1,overground,walk,fast,Overground_Walk,Walk_Fast,/home/kwnuk/WKIRO-Project/data/GM001/Session1/Overground_Walk/Walk_Fast/Post_Process/Walk_Fast2.csv,walk_fast,3,val
GM001,Session1,overground,walk,fast,Overground_Walk,Walk_Fast,/home/kwnuk/WKIRO-Project/data/GM001/Session1/Overground_Walk/Walk_Fast/Post_Process/Walk_Fast3.csv,walk_fast,3,train
GM001,Session1,overground,walk,fast,Overground_Walk,Walk_Fast,/home/kwnuk/WKIRO-Project/data/GM001/Session1/Overground_Walk/Walk_Fast/Post_Process/Walk_Fast4.csv,walk_fast,3,train
GM001,Session1,overground,walk,fast,Overground_Walk,Walk_Fast,/home/kwnuk/WKIRO-Project/data/GM001/Session1/Overground_Walk/Walk_Fast/Post_Process/Walk_Fast5.csv,walk_fast,3,train
GM001,Session1,overground,walk,fast,Overground_Walk,Walk_Fast,/home/kwnuk/WKIRO-Project/data/GM001/Session1/Overground_Walk/Walk_Fast/Post_Process/Walk_Fast6.csv,walk_fast,3,train
GM001,Session1,overground,walk,fast,Overground_Walk,Walk_Fast,/home/kwnuk/WKIRO-Project/data/GM001/Session1/Overground_Walk/Walk_Fast/Post_Process/Walk_Fast7.csv,walk_fast,3,test
GM001,Session1,overground,walk,fast,Overground_Walk,Walk_Fast,/home/kwnuk/WKIRO-Project/data/GM001/Session1/Overground_Walk/Walk_Fast/Post_Process/Walk_Fast8.csv,walk_fast,3,train
GM001,Session1,overground,walk,fast,Overground_Walk,Walk_Fast,/home/kwnuk/WKIRO-Project/data/GM001/Session1/Overground_Walk/Walk_Fast/Post_Process/Walk_Fast9.csv,walk_fast,3,train
GM001,Session1,overground,walk,slow,Overground_Walk,Walk_Slow,/home/kwnuk/WKIRO-Project/data/GM001/Session1/Overground_Walk/Walk_Slow/Post_Process/Walk_Slow1.csv,walk_slow,4,train
GM001,Session1,overground,walk,slow,Overground_Walk,Walk_Slow,/home/kwnuk/WKIRO-Project/data/GM001/Session1/Overground_Walk/Walk_Slow/Post_Process/Walk_Slow2.csv,walk_slow,4,val
GM001,Session1,overground,walk,slow,Overground_Walk,Walk_Slow,/home/kwnuk/WKIRO-Project/data/GM001/Session1/Overground_Walk/Walk_Slow/Post_Process/Walk_Slow3.csv,walk_slow,4,train
GM001,Session1,overground,walk,slow,Overground_Walk,Walk_Slow,/home/kwnuk/WKIRO-Project/data/GM001/Session1/Overground_Walk/Walk_Slow/Post_Process/Walk_Slow4.csv,walk_slow,4,train
GM001,Session1,overground,walk,slow,Overground_Walk,Walk_Slow,/home/kwnuk/WKIRO-Project/data/GM001/Session1/Overground_Walk/Walk_Slow/Post_Process/Walk_Slow5.csv,walk_slow,4,test
GM001,Session1,overground,walk,slow,Overground_Walk,Walk_Slow,/home/kwnuk/WKIRO-Project/data/GM001/Session1/Overground_Walk/Walk_Slow/Post_Process/Walk_Slow6.csv,walk_slow,4,test
GM001,Session1,treadmill,run,comfortable,Treadmill_Run,Treadmill_Run_Comfortable,/home/kwnuk/WKIRO-Project/data/GM001/Session1/Treadmill_Run/Treadmill_Run_Comfortable/Post_Process/Treadmill_Run_Comfortable.csv,run_comfortable,0,train
GM001,Session1,treadmill,run,fast,Treadmill_Run,Treadmill_Run_Fast,/home/kwnuk/WKIRO-Project/data/GM001/Session1/Treadmill_Run/Treadmill_Run_Fast/Post_Process/Treadmill_Run_Fast.csv,run_fast,1,train
GM001,Session1,treadmill,walk,comfortable,Treadmill_Walk,Treadmill_Walk_Comfortable,/home/kwnuk/WKIRO-Project/data/GM001/Session1/Treadmill_Walk/Treadmill_Walk_Comfortable/Post_Process/Treadmill_Walk_Comfortable.csv,walk_comfortable,2,train
GM001,Session1,treadmill,walk,fast,Treadmill_Walk,Treadmill_Walk_Fast,/home/kwnuk/WKIRO-Project/data/GM001/Session1/Treadmill_Walk/Treadmill_Walk_Fast/Post_Process/Treadmill_Walk_Fast.csv,walk_fast,3,train
GM001,Session1,treadmill,walk,slow,Treadmill_Walk,Treadmill_Walk_Slow,/home/kwnuk/WKIRO-Project/data/GM001/Session1/Treadmill_Walk/Treadmill_Walk_Slow/Post_Process/Treadmill_Walk_Slow.csv,walk_slow,4,train
GM001,Session2,overground,run,comfortable,Overground_Run,Run_Comfortable,/home/kwnuk/WKIRO-Project/data/GM001/Session2/Overground_Run/Run_Comfortable/Post_Process/Run_Comfortable1.csv,run_comfortable,0,train
GM001,Session2,overground,run,comfortable,Overground_Run,Run_Comfortable,/home/kwnuk/WKIRO-Project/data/GM001/Session2/Overground_Run/Run_Comfortable/Post_Process/Run_Comfortable2.csv,run_comfortable,0,train
GM001,Session2,overground,run,comfortable,Overground_Run,Run_Comfortable,/home/kwnuk/WKIRO-Project/data/GM001/Session2/Overground_Run/Run_Comfortable/Post_Process/Run_Comfortable3.csv,run_comfortable,0,train
GM001,Session2,overground,run,comfortable,Overground_Run,Run_Comfortable,/home/kwnuk/WKIRO-Project/data/GM001/Session2/Overground_Run/Run_Comfortable/Post_Process/Run_Comfortable4.csv,run_comfortable,0,train
GM001,Session2,overground,run,comfortable,Overground_Run,Run_Comfortable,/home/kwnuk/WKIRO-Project/data/GM001/Session2/Overground_Run/Run_Comfortable/Post_Process/Run_Comfortable5.csv,run_comfortable,0,test
GM001,Session2,overground,run,comfortable,Overground_Run,Run_Comfortable,/home/kwnuk/WKIRO-Project/data/GM001/Session2/Overground_Run/Run_Comfortable/Post_Process/Run_Comfortable6.csv,run_comfortable,0,val
GM001,Session2,overground,run,comfortable,Overground_Run,Run_Comfortable,/home/kwnuk/WKIRO-Project/data/GM001/Session2/Overground_Run/Run_Comfortable/Post_Process/Run_Comfortable7.csv,run_comfortable,0,train
GM001,Session2,overground,run,comfortable,Overground_Run,Run_Comfortable,/home/kwnuk/WKIRO-Project/data/GM001/Session2/Overground_Run/Run_Comfortable/Post_Process/Run_Comfortable8.csv,run_comfortable,0,val
GM001,Session2,overground,run,fast,Overground_Run,Run_Fast,/home/kwnuk/WKIRO-Project/data/GM001/Session2/Overground_Run/Run_Fast/Post_Process/Run_Fast1.csv,run_fast,1,train
GM001,Session2,overground,run,fast,Overground_Run,Run_Fast,/home/kwnuk/WKIRO-Project/data/GM001/Session2/Overground_Run/Run_Fast/Post_Process/Run_Fast10.csv,run_fast,1,train
GM001,Session2,overground,run,fast,Overground_Run,Run_Fast,/home/kwnuk/WKIRO-Project/data/GM001/Session2/Overground_Run/Run_Fast/Post_Process/Run_Fast11.csv,run_fast,1,train
GM001,Session2,overground,run,fast,Overground_Run,Run_Fast,/home/kwnuk/WKIRO-Project/data/GM001/Session2/Overground_Run/Run_Fast/Post_Process/Run_Fast12.csv,run_fast,1,train
GM001,Session2,overground,run,fast,Overground_Run,Run_Fast,/home/kwnuk/WKIRO-Project/data/GM001/Session2/Overground_Run/Run_Fast/Post_Process/Run_Fast2.csv,run_fast,1,val
GM001,Session2,overground,run,fast,Overground_Run,Run_Fast,/home/kwnuk/WKIRO-Project/data/GM001/Session2/Overground_Run/Run_Fast/Post_Process/Run_Fast3.csv,run_fast,1,train
GM001,Session2,overground,run,fast,Overground_Run,Run_Fast,/home/kwnuk/WKIRO-Project/data/GM001/Session2/Overground_Run/Run_Fast/Post_Process/Run_Fast4.csv,run_fast,1,val
GM001,Session2,overground,run,fast,Overground_Run,Run_Fast,/home/kwnuk/WKIRO-Project/data/GM001/Session2/Overground_Run/Run_Fast/Post_Process/Run_Fast5.csv,run_fast,1,test
GM001,Session2,overground,run,fast,Overground_Run,Run_Fast,/home/kwnuk/WKIRO-Project/data/GM001/Session2/Overground_Run/Run_Fast/Post_Process/Run_Fast6.csv,run_fast,1,val
GM001,Session2,overground,run,fast,Overground_Run,Run_Fast,/home/kwnuk/WKIRO-Project/data/GM001/Session2/Overground_Run/Run_Fast/Post_Process/Run_Fast7.csv,run_fast,1,test
GM001,Session2,overground,run,fast,Overground_Run,Run_Fast,/home/kwnuk/WKIRO-Project/data/GM001/Session2/Overground_Run/Run_Fast/Post_Process/Run_Fast8.csv,run_fast,1,train
GM001,Session2,overground,run,fast,Overground_Run,Run_Fast,/home/kwnuk/WKIRO-Project/data/GM001/Session2/Overground_Run/Run_Fast/Post_Process/Run_Fast9.csv,run_fast,1,train
GM001,Session2,overground,walk,comfortable,Overground_Walk,Walk_Comfortable,/home/kwnuk/WKIRO-Project/data/GM001/Session2/Overground_Walk/Walk_Comfortable/Post_Process/Walk_Comfortable1.csv,walk_comfortable,2,test
GM001,Session2,overground,walk,comfortable,Overground_Walk,Walk_Comfortable,/home/kwnuk/WKIRO-Project/data/GM001/Session2/Overground_Walk/Walk_Comfortable/Post_Process/Walk_Comfortable2.csv,walk_comfortable,2,val
GM001,Session2,overground,walk,comfortable,Overground_Walk,Walk_Comfortable,/home/kwnuk/WKIRO-Project/data/GM001/Session2/Overground_Walk/Walk_Comfortable/Post_Process/Walk_Comfortable3.csv,walk_comfortable,2,train
GM001,Session2,overground,walk,comfortable,Overground_Walk,Walk_Comfortable,/home/kwnuk/WKIRO-Project/data/GM001/Session2/Overground_Walk/Walk_Comfortable/Post_Process/Walk_Comfortable4.csv,walk_comfortable,2,train
GM001,Session2,overground,walk,comfortable,Overground_Walk,Walk_Comfortable,/home/kwnuk/WKIRO-Project/data/GM001/Session2/Overground_Walk/Walk_Comfortable/Post_Process/Walk_Comfortable5.csv,walk_comfortable,2,train
GM001,Session2,overground,walk,comfortable,Overground_Walk,Walk_Comfortable,/home/kwnuk/WKIRO-Project/data/GM001/Session2/Overground_Walk/Walk_Comfortable/Post_Process/Walk_Comfortable6.csv,walk_comfortable,2,train
GM001,Session2,overground,walk,fast,Overground_Walk,Walk_Fast,/home/kwnuk/WKIRO-Project/data/GM001/Session2/Overground_Walk/Walk_Fast/Post_Process/Walk_Fast1.csv,walk_fast,3,train
GM001,Session2,overground,walk,fast,Overground_Walk,Walk_Fast,/home/kwnuk/WKIRO-Project/data/GM001/Session2/Overground_Walk/Walk_Fast/Post_Process/Walk_Fast10.csv,walk_fast,3,val
GM001,Session2,overground,walk,fast,Overground_Walk,Walk_Fast,/home/kwnuk/WKIRO-Project/data/GM001/Session2/Overground_Walk/Walk_Fast/Post_Process/Walk_Fast11.csv,walk_fast,3,train
GM001,Session2,overground,walk,fast,Overground_Walk,Walk_Fast,/home/kwnuk/WKIRO-Project/data/GM001/Session2/Overground_Walk/Walk_Fast/Post_Process/Walk_Fast12.csv,walk_fast,3,train
GM001,Session2,overground,walk,fast,Overground_Walk,Walk_Fast,/home/kwnuk/WKIRO-Project/data/GM001/Session2/Overground_Walk/Walk_Fast/Post_Process/Walk_Fast2.csv,walk_fast,3,train
GM001,Session2,overground,walk,fast,Overground_Walk,Walk_Fast,/home/kwnuk/WKIRO-Project/data/GM001/Session2/Overground_Walk/Walk_Fast/Post_Process/Walk_Fast3.csv,walk_fast,3,train
GM001,Session2,overground,walk,fast,Overground_Walk,Walk_Fast,/home/kwnuk/WKIRO-Project/data/GM001/Session2/Overground_Walk/Walk_Fast/Post_Process/Walk_Fast4.csv,walk_fast,3,test
GM001,Session2,overground,walk,fast,Overground_Walk,Walk_Fast,/home/kwnuk/WKIRO-Project/data/GM001/Session2/Overground_Walk/Walk_Fast/Post_Process/Walk_Fast5.csv,walk_fast,3,train
GM001,Session2,overground,walk,fast,Overground_Walk,Walk_Fast,/home/kwnuk/WKIRO-Project/data/GM001/Session2/Overground_Walk/Walk_Fast/Post_Process/Walk_Fast6.csv,walk_fast,3,test
GM001,Session2,overground,walk,fast,Overground_Walk,Walk_Fast,/home/kwnuk/WKIRO-Project/data/GM001/Session2/Overground_Walk/Walk_Fast/Post_Process/Walk_Fast7.csv,walk_fast,3,train
GM001,Session2,overground,walk,fast,Overground_Walk,Walk_Fast,/home/kwnuk/WKIRO-Project/data/GM001/Session2/Overground_Walk/Walk_Fast/Post_Process/Walk_Fast8.csv,walk_fast,3,train
GM001,Session2,overground,walk,fast,Overground_Walk,Walk_Fast,/home/kwnuk/WKIRO-Project/data/GM001/Session2/Overground_Walk/Walk_Fast/Post_Process/Walk_Fast9.csv,walk_fast,3,train
GM001,Session2,overground,walk,slow,Overground_Walk,Walk_Slow,/home/kwnuk/WKIRO-Project/data/GM001/Session2/Overground_Walk/Walk_Slow/Post_Process/Walk_Slow1.csv,walk_slow,4,val
GM001,Session2,overground,walk,slow,Overground_Walk,Walk_Slow,/home/kwnuk/WKIRO-Project/data/GM001/Session2/Overground_Walk/Walk_Slow/Post_Process/Walk_Slow2.csv,walk_slow,4,train
GM001,Session2,overground,walk,slow,Overground_Walk,Walk_Slow,/home/kwnuk/WKIRO-Project/data/GM001/Session2/Overground_Walk/Walk_Slow/Post_Process/Walk_Slow3.csv,walk_slow,4,train
GM001,Session2,overground,walk,slow,Overground_Walk,Walk_Slow,/home/kwnuk/WKIRO-Project/data/GM001/Session2/Overground_Walk/Walk_Slow/Post_Process/Walk_Slow4.csv,walk_slow,4,train
GM001,Session2,treadmill,run,comfortable,Treadmill_Run,Treadmill_Run_Comfortable,/home/kwnuk/WKIRO-Project/data/GM001/Session2/Treadmill_Run/Treadmill_Run_Comfortable/Post_Process/Treadmill_Run_Comfortable.csv,run_comfortable,0,train
GM001,Session2,treadmill,run,fast,Treadmill_Run,Treadmill_Run_Fast,/home/kwnuk/WKIRO-Project/data/GM001/Session2/Treadmill_Run/Treadmill_Run_Fast/Post_Process/Treadmill_Run_Fast.csv,run_fast,1,train
GM001,Session2,treadmill,walk,comfortable,Treadmill_Walk,Treadmill_Walk_Comfortable,/home/kwnuk/WKIRO-Project/data/GM001/Session2/Treadmill_Walk/Treadmill_Walk_Comfortable/Post_Process/Treadmill_Walk_Comfortable.csv,walk_comfortable,2,test
GM001,Session2,treadmill,walk,fast,Treadmill_Walk,Treadmill_Walk_Fast,/home/kwnuk/WKIRO-Project/data/GM001/Session2/Treadmill_Walk/Treadmill_Walk_Fast/Post_Process/Treadmill_Walk_Fast.csv,walk_fast,3,test
GM001,Session2,treadmill,walk,slow,Treadmill_Walk,Treadmill_Walk_Slow,/home/kwnuk/WKIRO-Project/data/GM001/Session2/Treadmill_Walk/Treadmill_Walk_Slow/Post_Process/Treadmill_Walk_Slow.csv,walk_slow,4,train
GQ016,Session1,overground,run,comfortable,Overground_Run,Run_Comfortable,/home/kwnuk/WKIRO-Project/data/GQ016/Session1/Overground_Run/Run_Comfortable/Post_Process/Run_Comfortable1.csv,run_comfortable,0,train
GQ016,Session1,overground,run,comfortable,Overground_Run,Run_Comfortable,/home/kwnuk/WKIRO-Project/data/GQ016/Session1/Overground_Run/Run_Comfortable/Post_Process/Run_Comfortable10.csv,run_comfortable,0,train
GQ016,Session1,overground,run,comfortable,Overground_Run,Run_Comfortable,/home/kwnuk/WKIRO-Project/data/GQ016/Session1/Overground_Run/Run_Comfortable/Post_Process/Run_Comfortable2.csv,run_comfortable,0,val
GQ016,Session1,overground,run,comfortable,Overground_Run,Run_Comfortable,/home/kwnuk/WKIRO-Project/data/GQ016/Session1/Overground_Run/Run_Comfortable/Post_Process/Run_Comfortable3.csv,run_comfortable,0,train
GQ016,Session1,overground,run,comfortable,Overground_Run,Run_Comfortable,/home/kwnuk/WKIRO-Project/data/GQ016/Session1/Overground_Run/Run_Comfortable/Post_Process/Run_Comfortable4.csv,run_comfortable,0,train
GQ016,Session1,overground,run,comfortable,Overground_Run,Run_Comfortable,/home/kwnuk/WKIRO-Project/data/GQ016/Session1/Overground_Run/Run_Comfortable/Post_Process/Run_Comfortable5.csv,run_comfortable,0,train
GQ016,Session1,overground,run,comfortable,Overground_Run,Run_Comfortable,/home/kwnuk/WKIRO-Project/data/GQ016/Session1/Overground_Run/Run_Comfortable/Post_Process/Run_Comfortable6.csv,run_comfortable,0,test
GQ016,Session1,overground,run,comfortable,Overground_Run,Run_Comfortable,/home/kwnuk/WKIRO-Project/data/GQ016/Session1/Overground_Run/Run_Comfortable/Post_Process/Run_Comfortable7.csv,run_comfortable,0,train
GQ016,Session1,overground,run,comfortable,Overground_Run,Run_Comfortable,/home/kwnuk/WKIRO-Project/data/GQ016/Session1/Overground_Run/Run_Comfortable/Post_Process/Run_Comfortable8.csv,run_comfortable,0,train
GQ016,Session1,overground,run,comfortable,Overground_Run,Run_Comfortable,/home/kwnuk/WKIRO-Project/data/GQ016/Session1/Overground_Run/Run_Comfortable/Post_Process/Run_Comfortable9.csv,run_comfortable,0,test
GQ016,Session1,overground,run,fast,Overground_Run,Run_Fast,/home/kwnuk/WKIRO-Project/data/GQ016/Session1/Overground_Run/Run_Fast/Post_Process/Run_Fast1.csv,run_fast,1,train
GQ016,Session1,overground,run,fast,Overground_Run,Run_Fast,/home/kwnuk/WKIRO-Project/data/GQ016/Session1/Overground_Run/Run_Fast/Post_Process/Run_Fast10.csv,run_fast,1,train
GQ016,Session1,overground,run,fast,Overground_Run,Run_Fast,/home/kwnuk/WKIRO-Project/data/GQ016/Session1/Overground_Run/Run_Fast/Post_Process/Run_Fast2.csv,run_fast,1,train
GQ016,Session1,overground,run,fast,Overground_Run,Run_Fast,/home/kwnuk/WKIRO-Project/data/GQ016/Session1/Overground_Run/Run_Fast/Post_Process/Run_Fast3.csv,run_fast,1,test
GQ016,Session1,overground,run,fast,Overground_Run,Run_Fast,/home/kwnuk/WKIRO-Project/data/GQ016/Session1/Overground_Run/Run_Fast/Post_Process/Run_Fast4.csv,run_fast,1,train
GQ016,Session1,overground,run,fast,Overground_Run,Run_Fast,/home/kwnuk/WKIRO-Project/data/GQ016/Session1/Overground_Run/Run_Fast/Post_Process/Run_Fast5.csv,run_fast,1,val
GQ016,Session1,overground,run,fast,Overground_Run,Run_Fast,/home/kwnuk/WKIRO-Project/data/GQ016/Session1/Overground_Run/Run_Fast/Post_Process/Run_Fast6.csv,run_fast,1,train
GQ016,Session1,overground,run,fast,Overground_Run,Run_Fast,/home/kwnuk/WKIRO-Project/data/GQ016/Session1/Overground_Run/Run_Fast/Post_Process/Run_Fast7.csv,run_fast,1,train
GQ016,Session1,overground,run,fast,Overground_Run,Run_Fast,/home/kwnuk/WKIRO-Project/data/GQ016/Session1/Overground_Run/Run_Fast/Post_Process/Run_Fast8.csv,run_fast,1,val
GQ016,Session1,overground,run,fast,Overground_Run,Run_Fast,/home/kwnuk/WKIRO-Project/data/GQ016/Session1/Overground_Run/Run_Fast/Post_Process/Run_Fast9.csv,run_fast,1,train
GQ016,Session1,overground,walk,comfortable,Overground_Walk,Walk_Comfortable,/home/kwnuk/WKIRO-Project/data/GQ016/Session1/Overground_Walk/Walk_Comfortable/Post_Process/Walk_Comfortable1.csv,walk_comfortable,2,test
GQ016,Session1,overground,walk,comfortable,Overground_Walk,Walk_Comfortable,/home/kwnuk/WKIRO-Project/data/GQ016/Session1/Overground_Walk/Walk_Comfortable/Post_Process/Walk_Comfortable2.csv,walk_comfortable,2,train
GQ016,Session1,overground,walk,comfortable,Overground_Walk,Walk_Comfortable,/home/kwnuk/WKIRO-Project/data/GQ016/Session1/Overground_Walk/Walk_Comfortable/Post_Process/Walk_Comfortable3.csv,walk_comfortable,2,train
GQ016,Session1,overground,walk,comfortable,Overground_Walk,Walk_Comfortable,/home/kwnuk/WKIRO-Project/data/GQ016/Session1/Overground_Walk/Walk_Comfortable/Post_Process/Walk_Comfortable4.csv,walk_comfortable,2,train
GQ016,Session1,overground,walk,comfortable,Overground_Walk,Walk_Comfortable,/home/kwnuk/WKIRO-Project/data/GQ016/Session1/Overground_Walk/Walk_Comfortable/Post_Process/Walk_Comfortable5.csv,walk_comfortable,2,train
GQ016,Session1,overground,walk,comfortable,Overground_Walk,Walk_Comfortable,/home/kwnuk/WKIRO-Project/data/GQ016/Session1/Overground_Walk/Walk_Comfortable/Post_Process/Walk_Comfortable6.csv,walk_comfortable,2,train
GQ016,Session1,overground,walk,comfortable,Overground_Walk,Walk_Comfortable,/home/kwnuk/WKIRO-Project/data/GQ016/Session1/Overground_Walk/Walk_Comfortable/Post_Process/Walk_Comfortable7.csv,walk_comfortable,2,train
GQ016,Session1,overground,walk,comfortable,Overground_Walk,Walk_Comfortable,/home/kwnuk/WKIRO-Project/data/GQ016/Session1/Overground_Walk/Walk_Comfortable/Post_Process/Walk_Comfortable8.csv,walk_comfortable,2,val
GQ016,Session1,overground,walk,fast,Overground_Walk,Walk_Fast,/home/kwnuk/WKIRO-Project/data/GQ016/Session1/Overground_Walk/Walk_Fast/Post_Process/Walk_Fast1.csv,walk_fast,3,train
GQ016,Session1,overground,walk,fast,Overground_Walk,Walk_Fast,/home/kwnuk/WKIRO-Project/data/GQ016/Session1/Overground_Walk/Walk_Fast/Post_Process/Walk_Fast2.csv,walk_fast,3,val
GQ016,Session1,overground,walk,fast,Overground_Walk,Walk_Fast,/home/kwnuk/WKIRO-Project/data/GQ016/Session1/Overground_Walk/Walk_Fast/Post_Process/Walk_Fast3.csv,walk_fast,3,train
GQ016,Session1,overground,walk,fast,Overground_Walk,Walk_Fast,/home/kwnuk/WKIRO-Project/data/GQ016/Session1/Overground_Walk/Walk_Fast/Post_Process/Walk_Fast4.csv,walk_fast,3,val
GQ016,Session1,overground,walk,fast,Overground_Walk,Walk_Fast,/home/kwnuk/WKIRO-Project/data/GQ016/Session1/Overground_Walk/Walk_Fast/Post_Process/Walk_Fast5.csv,walk_fast,3,train
GQ016,Session1,overground,walk,fast,Overground_Walk,Walk_Fast,/home/kwnuk/WKIRO-Project/data/GQ016/Session1/Overground_Walk/Walk_Fast/Post_Process/Walk_Fast6.csv,walk_fast,3,train
GQ016,Session1,overground,walk,fast,Overground_Walk,Walk_Fast,/home/kwnuk/WKIRO-Project/data/GQ016/Session1/Overground_Walk/Walk_Fast/Post_Process/Walk_Fast7.csv,walk_fast,3,train
GQ016,Session1,overground,walk,fast,Overground_Walk,Walk_Fast,/home/kwnuk/WKIRO-Project/data/GQ016/Session1/Overground_Walk/Walk_Fast/Post_Process/Walk_Fast8.csv,walk_fast,3,test
GQ016,Session1,overground,walk,slow,Overground_Walk,Walk_Slow,/home/kwnuk/WKIRO-Project/data/GQ016/Session1/Overground_Walk/Walk_Slow/Post_Process/Walk_Slow1.csv,walk_slow,4,test
GQ016,Session1,overground,walk,slow,Overground_Walk,Walk_Slow,/home/kwnuk/WKIRO-Project/data/GQ016/Session1/Overground_Walk/Walk_Slow/Post_Process/Walk_Slow2.csv,walk_slow,4,train
GQ016,Session1,overground,walk,slow,Overground_Walk,Walk_Slow,/home/kwnuk/WKIRO-Project/data/GQ016/Session1/Overground_Walk/Walk_Slow/Post_Process/Walk_Slow3.csv,walk_slow,4,train
GQ016,Session1,overground,walk,slow,Overground_Walk,Walk_Slow,/home/kwnuk/WKIRO-Project/data/GQ016/Session1/Overground_Walk/Walk_Slow/Post_Process/Walk_Slow4.csv,walk_slow,4,train
GQ016,Session1,overground,walk,slow,Overground_Walk,Walk_Slow,/home/kwnuk/WKIRO-Project/data/GQ016/Session1/Overground_Walk/Walk_Slow/Post_Process/Walk_Slow5.csv,walk_slow,4,train
GQ016,Session1,overground,walk,slow,Overground_Walk,Walk_Slow,/home/kwnuk/WKIRO-Project/data/GQ016/Session1/Overground_Walk/Walk_Slow/Post_Process/Walk_Slow6.csv,walk_slow,4,train
GQ016,Session1,overground,walk,slow,Overground_Walk,Walk_Slow,/home/kwnuk/WKIRO-Project/data/GQ016/Session1/Overground_Walk/Walk_Slow/Post_Process/Walk_Slow7.csv,walk_slow,4,train
GQ016,Session1,overground,walk,slow,Overground_Walk,Walk_Slow,/home/kwnuk/WKIRO-Project/data/GQ016/Session1/Overground_Walk/Walk_Slow/Post_Process/Walk_Slow8.csv,walk_slow,4,val
GQ016,Session1,treadmill,run,comfortable,Treadmill_Run,Treadmill_Run_Comfortable,/home/kwnuk/WKIRO-Project/data/GQ016/Session1/Treadmill_Run/Treadmill_Run_Comfortable/Post_Process/Treadmill_Run_Comfortable.csv,run_comfortable,0,train
GQ016,Session1,treadmill,run,fast,Treadmill_Run,Treadmill_Run_Fast,/home/kwnuk/WKIRO-Project/data/GQ016/Session1/Treadmill_Run/Treadmill_Run_Fast/Post_Process/Treadmill_Run_Fast.csv,run_fast,1,train
GQ016,Session1,treadmill,walk,comfortable,Treadmill_Walk,Treadmill_Walk_Comfortable,/home/kwnuk/WKIRO-Project/data/GQ016/Session1/Treadmill_Walk/Treadmill_Walk_Comfortable/Post_Process/Treadmill_Walk_Comfortable.csv,walk_comfortable,2,train
GQ016,Session1,treadmill,walk,fast,Treadmill_Walk,Treadmill_Walk_Fast,/home/kwnuk/WKIRO-Project/data/GQ016/Session1/Treadmill_Walk/Treadmill_Walk_Fast/Post_Process/Treadmill_Walk_Fast.csv,walk_fast,3,test
GQ016,Session1,treadmill,walk,slow,Treadmill_Walk,Treadmill_Walk_Slow,/home/kwnuk/WKIRO-Project/data/GQ016/Session1/Treadmill_Walk/Treadmill_Walk_Slow/Post_Process/Treadmill_Walk_Slow.csv,walk_slow,4,train
GQ016,Session2,overground,run,comfortable,Overground_Run,Run_Comfortable,/home/kwnuk/WKIRO-Project/data/GQ016/Session2/Overground_Run/Run_Comfortable/Post_Process/Run_Comfortable1.csv,run_comfortable,0,val
GQ016,Session2,overground,run,comfortable,Overground_Run,Run_Comfortable,/home/kwnuk/WKIRO-Project/data/GQ016/Session2/Overground_Run/Run_Comfortable/Post_Process/Run_Comfortable10.csv,run_comfortable,0,train
GQ016,Session2,overground,run,comfortable,Overground_Run,Run_Comfortable,/home/kwnuk/WKIRO-Project/data/GQ016/Session2/Overground_Run/Run_Comfortable/Post_Process/Run_Comfortable2.csv,run_comfortable,0,train
GQ016,Session2,overground,run,comfortable,Overground_Run,Run_Comfortable,/home/kwnuk/WKIRO-Project/data/GQ016/Session2/Overground_Run/Run_Comfortable/Post_Process/Run_Comfortable3.csv,run_comfortable,0,train
GQ016,Session2,overground,run,comfortable,Overground_Run,Run_Comfortable,/home/kwnuk/WKIRO-Project/data/GQ016/Session2/Overground_Run/Run_Comfortable/Post_Process/Run_Comfortable4.csv,run_comfortable,0,train
GQ016,Session2,overground,run,comfortable,Overground_Run,Run_Comfortable,/home/kwnuk/WKIRO-Project/data/GQ016/Session2/Overground_Run/Run_Comfortable/Post_Process/Run_Comfortable5.csv,run_comfortable,0,train
GQ016,Session2,overground,run,comfortable,Overground_Run,Run_Comfortable,/home/kwnuk/WKIRO-Project/data/GQ016/Session2/Overground_Run/Run_Comfortable/Post_Process/Run_Comfortable6.csv,run_comfortable,0,test
GQ016,Session2,overground,run,comfortable,Overground_Run,Run_Comfortable,/home/kwnuk/WKIRO-Project/data/GQ016/Session2/Overground_Run/Run_Comfortable/Post_Process/Run_Comfortable7.csv,run_comfortable,0,train
GQ016,Session2,overground,run,comfortable,Overground_Run,Run_Comfortable,/home/kwnuk/WKIRO-Project/data/GQ016/Session2/Overground_Run/Run_Comfortable/Post_Process/Run_Comfortable8.csv,run_comfortable,0,train
GQ016,Session2,overground,run,comfortable,Overground_Run,Run_Comfortable,/home/kwnuk/WKIRO-Project/data/GQ016/Session2/Overground_Run/Run_Comfortable/Post_Process/Run_Comfortable9.csv,run_comfortable,0,train
GQ016,Session2,overground,run,fast,Overground_Run,Run_Fast,/home/kwnuk/WKIRO-Project/data/GQ016/Session2/Overground_Run/Run_Fast/Post_Process/Run_Fast1.csv,run_fast,1,test
GQ016,Session2,overground,run,fast,Overground_Run,Run_Fast,/home/kwnuk/WKIRO-Project/data/GQ016/Session2/Overground_Run/Run_Fast/Post_Process/Run_Fast10.csv,run_fast,1,val
GQ016,Session2,overground,run,fast,Overground_Run,Run_Fast,/home/kwnuk/WKIRO-Project/data/GQ016/Session2/Overground_Run/Run_Fast/Post_Process/Run_Fast2.csv,run_fast,1,train
GQ016,Session2,overground,run,fast,Overground_Run,Run_Fast,/home/kwnuk/WKIRO-Project/data/GQ016/Session2/Overground_Run/Run_Fast/Post_Process/Run_Fast3.csv,run_fast,1,train
GQ016,Session2,overground,run,fast,Overground_Run,Run_Fast,/home/kwnuk/WKIRO-Project/data/GQ016/Session2/Overground_Run/Run_Fast/Post_Process/Run_Fast4.csv,run_fast,1,train
GQ016,Session2,overground,run,fast,Overground_Run,Run_Fast,/home/kwnuk/WKIRO-Project/data/GQ016/Session2/Overground_Run/Run_Fast/Post_Process/Run_Fast5.csv,run_fast,1,train
GQ016,Session2,overground,run,fast,Overground_Run,Run_Fast,/home/kwnuk/WKIRO-Project/data/GQ016/Session2/Overground_Run/Run_Fast/Post_Process/Run_Fast6.csv,run_fast,1,test
GQ016,Session2,overground,run,fast,Overground_Run,Run_Fast,/home/kwnuk/WKIRO-Project/data/GQ016/Session2/Overground_Run/Run_Fast/Post_Process/Run_Fast7.csv,run_fast,1,train
GQ016,Session2,overground,run,fast,Overground_Run,Run_Fast,/home/kwnuk/WKIRO-Project/data/GQ016/Session2/Overground_Run/Run_Fast/Post_Process/Run_Fast8.csv,run_fast,1,train
GQ016,Session2,overground,run,fast,Overground_Run,Run_Fast,/home/kwnuk/WKIRO-Project/data/GQ016/Session2/Overground_Run/Run_Fast/Post_Process/Run_Fast9.csv,run_fast,1,train
GQ016,Session2,overground,walk,comfortable,Overground_Walk,Walk_Comfortable,/home/kwnuk/WKIRO-Project/data/GQ016/Session2/Overground_Walk/Walk_Comfortable/Post_Process/Walk_Comfortable1.csv,walk_comfortable,2,val
GQ016,Session2,overground,walk,comfortable,Overground_Walk,Walk_Comfortable,/home/kwnuk/WKIRO-Project/data/GQ016/Session2/Overground_Walk/Walk_Comfortable/Post_Process/Walk_Comfortable2.csv,walk_comfortable,2,test
GQ016,Session2,overground,walk,comfortable,Overground_Walk,Walk_Comfortable,/home/kwnuk/WKIRO-Project/data/GQ016/Session2/Overground_Walk/Walk_Comfortable/Post_Process/Walk_Comfortable3.csv,walk_comfortable,2,train
GQ016,Session2,overground,walk,comfortable,Overground_Walk,Walk_Comfortable,/home/kwnuk/WKIRO-Project/data/GQ016/Session2/Overground_Walk/Walk_Comfortable/Post_Process/Walk_Comfortable4.csv,walk_comfortable,2,train
GQ016,Session2,overground,walk,comfortable,Overground_Walk,Walk_Comfortable,/home/kwnuk/WKIRO-Project/data/GQ016/Session2/Overground_Walk/Walk_Comfortable/Post_Process/Walk_Comfortable5.csv,walk_comfortable,2,train
GQ016,Session2,overground,walk,comfortable,Overground_Walk,Walk_Comfortable,/home/kwnuk/WKIRO-Project/data/GQ016/Session2/Overground_Walk/Walk_Comfortable/Post_Process/Walk_Comfortable6.csv,walk_comfortable,2,val
GQ016,Session2,overground,walk,comfortable,Overground_Walk,Walk_Comfortable,/home/kwnuk/WKIRO-Project/data/GQ016/Session2/Overground_Walk/Walk_Comfortable/Post_Process/Walk_Comfortable7.csv,walk_comfortable,2,test
GQ016,Session2,overground,walk,comfortable,Overground_Walk,Walk_Comfortable,/home/kwnuk/WKIRO-Project/data/GQ016/Session2/Overground_Walk/Walk_Comfortable/Post_Process/Walk_Comfortable8.csv,walk_comfortable,2,train
GQ016,Session2,overground,walk,fast,Overground_Walk,Walk_Fast,/home/kwnuk/WKIRO-Project/data/GQ016/Session2/Overground_Walk/Walk_Fast/Post_Process/Walk_Fast1.csv,walk_fast,3,train
GQ016,Session2,overground,walk,fast,Overground_Walk,Walk_Fast,/home/kwnuk/WKIRO-Project/data/GQ016/Session2/Overground_Walk/Walk_Fast/Post_Process/Walk_Fast2.csv,walk_fast,3,test
GQ016,Session2,overground,walk,fast,Overground_Walk,Walk_Fast,/home/kwnuk/WKIRO-Project/data/GQ016/Session2/Overground_Walk/Walk_Fast/Post_Process/Walk_Fast3.csv,walk_fast,3,val
GQ016,Session2,overground,walk,fast,Overground_Walk,Walk_Fast,/home/kwnuk/WKIRO-Project/data/GQ016/Session2/Overground_Walk/Walk_Fast/Post_Process/Walk_Fast4.csv,walk_fast,3,train
GQ016,Session2,overground,walk,fast,Overground_Walk,Walk_Fast,/home/kwnuk/WKIRO-Project/data/GQ016/Session2/Overground_Walk/Walk_Fast/Post_Process/Walk_Fast5.csv,walk_fast,3,train
GQ016,Session2,overground,walk,fast,Overground_Walk,Walk_Fast,/home/kwnuk/WKIRO-Project/data/GQ016/Session2/Overground_Walk/Walk_Fast/Post_Process/Walk_Fast6.csv,walk_fast,3,train
GQ016,Session2,overground,walk,fast,Overground_Walk,Walk_Fast,/home/kwnuk/WKIRO-Project/data/GQ016/Session2/Overground_Walk/Walk_Fast/Post_Process/Walk_Fast7.csv,walk_fast,3,train
GQ016,Session2,overground,walk,fast,Overground_Walk,Walk_Fast,/home/kwnuk/WKIRO-Project/data/GQ016/Session2/Overground_Walk/Walk_Fast/Post_Process/Walk_Fast8.csv,walk_fast,3,train
GQ016,Session2,overground,walk,slow,Overground_Walk,Walk_Slow,/home/kwnuk/WKIRO-Project/data/GQ016/Session2/Overground_Walk/Walk_Slow/Post_Process/Walk_Slow1.csv,walk_slow,4,train
GQ016,Session2,overground,walk,slow,Overground_Walk,Walk_Slow,/home/kwnuk/WKIRO-Project/data/GQ016/Session2/Overground_Walk/Walk_Slow/Post_Process/Walk_Slow2.csv,walk_slow,4,val
GQ016,Session2,overground,walk,slow,Overground_Walk,Walk_Slow,/home/kwnuk/WKIRO-Project/data/GQ016/Session2/Overground_Walk/Walk_Slow/Post_Process/Walk_Slow3.csv,walk_slow,4,train
GQ016,Session2,overground,walk,slow,Overground_Walk,Walk_Slow,/home/kwnuk/WKIRO-Project/data/GQ016/Session2/Overground_Walk/Walk_Slow/Post_Process/Walk_Slow4.csv,walk_slow,4,train
GQ016,Session2,overground,walk,slow,Overground_Walk,Walk_Slow,/home/kwnuk/WKIRO-Project/data/GQ016/Session2/Overground_Walk/Walk_Slow/Post_Process/Walk_Slow5.csv,walk_slow,4,train
GQ016,Session2,overground,walk,slow,Overground_Walk,Walk_Slow,/home/kwnuk/WKIRO-Project/data/GQ016/Session2/Overground_Walk/Walk_Slow/Post_Process/Walk_Slow6.csv,walk_slow,4,train
GQ016,Session2,overground,walk,slow,Overground_Walk,Walk_Slow,/home/kwnuk/WKIRO-Project/data/GQ016/Session2/Overground_Walk/Walk_Slow/Post_Process/Walk_Slow7.csv,walk_slow,4,test
GQ016,Session2,overground,walk,slow,Overground_Walk,Walk_Slow,/home/kwnuk/WKIRO-Project/data/GQ016/Session2/Overground_Walk/Walk_Slow/Post_Process/Walk_Slow8.csv,walk_slow,4,val
GQ016,Session2,treadmill,run,comfortable,Treadmill_Run,Treadmill_Run_Comfortable,/home/kwnuk/WKIRO-Project/data/GQ016/Session2/Treadmill_Run/Treadmill_Run_Comfortable/Post_Process/Treadmill_Run_Comfortable.csv,run_comfortable,0,val
GQ016,Session2,treadmill,run,fast,Treadmill_Run,Treadmill_Run_Fast,/home/kwnuk/WKIRO-Project/data/GQ016/Session2/Treadmill_Run/Treadmill_Run_Fast/Post_Process/Treadmill_Run_Fast.csv,run_fast,1,train
GQ016,Session2,treadmill,walk,comfortable,Treadmill_Walk,Treadmill_Walk_Comfortable,/home/kwnuk/WKIRO-Project/data/GQ016/Session2/Treadmill_Walk/Treadmill_Walk_Comfortable/Post_Process/Treadmill_Walk_Comfortable.csv,walk_comfortable,2,train
GQ016,Session2,treadmill,walk,fast,Treadmill_Walk,Treadmill_Walk_Fast,/home/kwnuk/WKIRO-Project/data/GQ016/Session2/Treadmill_Walk/Treadmill_Walk_Fast/Post_Process/Treadmill_Walk_Fast.csv,walk_fast,3,train
GQ016,Session2,treadmill,walk,slow,Treadmill_Walk,Treadmill_Walk_Slow,/home/kwnuk/WKIRO-Project/data/GQ016/Session2/Treadmill_Walk/Treadmill_Walk_Slow/Post_Process/Treadmill_Walk_Slow.csv,walk_slow,4,test
HN021,Session1,overground,run,comfortable,Overground_Run,Run_Comfortable,/home/kwnuk/WKIRO-Project/data/HN021/Session1/Overground_Run/Run_Comfortable/Post_Process/Run_Comfortable1.csv,run_comfortable,0,test
HN021,Session1,overground,run,comfortable,Overground_Run,Run_Comfortable,/home/kwnuk/WKIRO-Project/data/HN021/Session1/Overground_Run/Run_Comfortable/Post_Process/Run_Comfortable10.csv,run_comfortable,0,train
HN021,Session1,overground,run,comfortable,Overground_Run,Run_Comfortable,/home/kwnuk/WKIRO-Project/data/HN021/Session1/Overground_Run/Run_Comfortable/Post_Process/Run_Comfortable2.csv,run_comfortable,0,train
HN021,Session1,overground,run,comfortable,Overground_Run,Run_Comfortable,/home/kwnuk/WKIRO-Project/data/HN021/Session1/Overground_Run/Run_Comfortable/Post_Process/Run_Comfortable3.csv,run_comfortable,0,train
HN021,Session1,overground,run,comfortable,Overground_Run,Run_Comfortable,/home/kwnuk/WKIRO-Project/data/HN021/Session1/Overground_Run/Run_Comfortable/Post_Process/Run_Comfortable4.csv,run_comfortable,0,train
HN021,Session1,overground,run,comfortable,Overground_Run,Run_Comfortable,/home/kwnuk/WKIRO-Project/data/HN021/Session1/Overground_Run/Run_Comfortable/Post_Process/Run_Comfortable5.csv,run_comfortable,0,train
HN021,Session1,overground,run,comfortable,Overground_Run,Run_Comfortable,/home/kwnuk/WKIRO-Project/data/HN021/Session1/Overground_Run/Run_Comfortable/Post_Process/Run_Comfortable6.csv,run_comfortable,0,val
HN021,Session1,overground,run,comfortable,Overground_Run,Run_Comfortable,/home/kwnuk/WKIRO-Project/data/HN021/Session1/Overground_Run/Run_Comfortable/Post_Process/Run_Comfortable7.csv,run_comfortable,0,val
HN021,Session1,overground,run,comfortable,Overground_Run,Run_Comfortable,/home/kwnuk/WKIRO-Project/data/HN021/Session1/Overground_Run/Run_Comfortable/Post_Process/Run_Comfortable8.csv,run_comfortable,0,train
HN021,Session1,overground,run,comfortable,Overground_Run,Run_Comfortable,/home/kwnuk/WKIRO-Project/data/HN021/Session1/Overground_Run/Run_Comfortable/Post_Process/Run_Comfortable9.csv,run_comfortable,0,val
HN021,Session1,overground,run,fast,Overground_Run,Run_Fast,/home/kwnuk/WKIRO-Project/data/HN021/Session1/Overground_Run/Run_Fast/Post_Process/Run_Fast1.csv,run_fast,1,train
HN021,Session1,overground,run,fast,Overground_Run,Run_Fast,/home/kwnuk/WKIRO-Project/data/HN021/Session1/Overground_Run/Run_Fast/Post_Process/Run_Fast10.csv,run_fast,1,val
HN021,Session1,overground,run,fast,Overground_Run,Run_Fast,/home/kwnuk/WKIRO-Project/data/HN021/Session1/Overground_Run/Run_Fast/Post_Process/Run_Fast2.csv,run_fast,1,train
HN021,Session1,overground,run,fast,Overground_Run,Run_Fast,/home/kwnuk/WKIRO-Project/data/HN021/Session1/Overground_Run/Run_Fast/Post_Process/Run_Fast3.csv,run_fast,1,test
HN021,Session1,overground,run,fast,Overground_Run,Run_Fast,/home/kwnuk/WKIRO-Project/data/HN021/Session1/Overground_Run/Run_Fast/Post_Process/Run_Fast4.csv,run_fast,1,train
HN021,Session1,overground,run,fast,Overground_Run,Run_Fast,/home/kwnuk/WKIRO-Project/data/HN021/Session1/Overground_Run/Run_Fast/Post_Process/Run_Fast5.csv,run_fast,1,train
HN021,Session1,overground,run,fast,Overground_Run,Run_Fast,/home/kwnuk/WKIRO-Project/data/HN021/Session1/Overground_Run/Run_Fast/Post_Process/Run_Fast6.csv,run_fast,1,train
HN021,Session1,overground,run,fast,Overground_Run,Run_Fast,/home/kwnuk/WKIRO-Project/data/HN021/Session1/Overground_Run/Run_Fast/Post_Process/Run_Fast7.csv,run_fast,1,train
HN021,Session1,overground,run,fast,Overground_Run,Run_Fast,/home/kwnuk/WKIRO-Project/data/HN021/Session1/Overground_Run/Run_Fast/Post_Process/Run_Fast8.csv,run_fast,1,train
HN021,Session1,overground,run,fast,Overground_Run,Run_Fast,/home/kwnuk/WKIRO-Project/data/HN021/Session1/Overground_Run/Run_Fast/Post_Process/Run_Fast9.csv,run_fast,1,train
HN021,Session1,overground,walk,comfortable,Overground_Walk,Walk_Comfortable,/home/kwnuk/WKIRO-Project/data/HN021/Session1/Overground_Walk/Walk_Comfortable/Post_Process/Walk_Comfortable1.csv,walk_comfortable,2,train
HN021,Session1,overground,walk,comfortable,Overground_Walk,Walk_Comfortable,/home/kwnuk/WKIRO-Project/data/HN021/Session1/Overground_Walk/Walk_Comfortable/Post_Process/Walk_Comfortable2.csv,walk_comfortable,2,train
HN021,Session1,overground,walk,comfortable,Overground_Walk,Walk_Comfortable,/home/kwnuk/WKIRO-Project/data/HN021/Session1/Overground_Walk/Walk_Comfortable/Post_Process/Walk_Comfortable3.csv,walk_comfortable,2,train
HN021,Session1,overground,walk,comfortable,Overground_Walk,Walk_Comfortable,/home/kwnuk/WKIRO-Project/data/HN021/Session1/Overground_Walk/Walk_Comfortable/Post_Process/Walk_Comfortable4.csv,walk_comfortable,2,val
HN021,Session1,overground,walk,comfortable,Overground_Walk,Walk_Comfortable,/home/kwnuk/WKIRO-Project/data/HN021/Session1/Overground_Walk/Walk_Comfortable/Post_Process/Walk_Comfortable5.csv,walk_comfortable,2,train
HN021,Session1,overground,walk,comfortable,Overground_Walk,Walk_Comfortable,/home/kwnuk/WKIRO-Project/data/HN021/Session1/Overground_Walk/Walk_Comfortable/Post_Process/Walk_Comfortable6.csv,walk_comfortable,2,train
HN021,Session1,overground,walk,comfortable,Overground_Walk,Walk_Comfortable,/home/kwnuk/WKIRO-Project/data/HN021/Session1/Overground_Walk/Walk_Comfortable/Post_Process/Walk_Comfortable7.csv,walk_comfortable,2,train
HN021,Session1,overground,walk,comfortable,Overground_Walk,Walk_Comfortable,/home/kwnuk/WKIRO-Project/data/HN021/Session1/Overground_Walk/Walk_Comfortable/Post_Process/Walk_Comfortable8.csv,walk_comfortable,2,val
HN021,Session1,overground,walk,fast,Overground_Walk,Walk_Fast,/home/kwnuk/WKIRO-Project/data/HN021/Session1/Overground_Walk/Walk_Fast/Post_Process/Walk_Fast1.csv,walk_fast,3,train
HN021,Session1,overground,walk,fast,Overground_Walk,Walk_Fast,/home/kwnuk/WKIRO-Project/data/HN021/Session1/Overground_Walk/Walk_Fast/Post_Process/Walk_Fast2.csv,walk_fast,3,val
HN021,Session1,overground,walk,fast,Overground_Walk,Walk_Fast,/home/kwnuk/WKIRO-Project/data/HN021/Session1/Overground_Walk/Walk_Fast/Post_Process/Walk_Fast3.csv,walk_fast,3,train
HN021,Session1,overground,walk,fast,Overground_Walk,Walk_Fast,/home/kwnuk/WKIRO-Project/data/HN021/Session1/Overground_Walk/Walk_Fast/Post_Process/Walk_Fast4.csv,walk_fast,3,test
HN021,Session1,overground,walk,fast,Overground_Walk,Walk_Fast,/home/kwnuk/WKIRO-Project/data/HN021/Session1/Overground_Walk/Walk_Fast/Post_Process/Walk_Fast5.csv,walk_fast,3,train
HN021,Session1,overground,walk,fast,Overground_Walk,Walk_Fast,/home/kwnuk/WKIRO-Project/data/HN021/Session1/Overground_Walk/Walk_Fast/Post_Process/Walk_Fast6.csv,walk_fast,3,train
HN021,Session1,overground,walk,fast,Overground_Walk,Walk_Fast,/home/kwnuk/WKIRO-Project/data/HN021/Session1/Overground_Walk/Walk_Fast/Post_Process/Walk_Fast7.csv,walk_fast,3,test
HN021,Session1,overground,walk,fast,Overground_Walk,Walk_Fast,/home/kwnuk/WKIRO-Project/data/HN021/Session1/Overground_Walk/Walk_Fast/Post_Process/Walk_Fast8.csv,walk_fast,3,train
HN021,Session1,overground,walk,slow,Overground_Walk,Walk_Slow,/home/kwnuk/WKIRO-Project/data/HN021/Session1/Overground_Walk/Walk_Slow/Post_Process/Walk_Slow1.csv,walk_slow,4,train
HN021,Session1,overground,walk,slow,Overground_Walk,Walk_Slow,/home/kwnuk/WKIRO-Project/data/HN021/Session1/Overground_Walk/Walk_Slow/Post_Process/Walk_Slow2.csv,walk_slow,4,val
HN021,Session1,overground,walk,slow,Overground_Walk,Walk_Slow,/home/kwnuk/WKIRO-Project/data/HN021/Session1/Overground_Walk/Walk_Slow/Post_Process/Walk_Slow3.csv,walk_slow,4,train
HN021,Session1,overground,walk,slow,Overground_Walk,Walk_Slow,/home/kwnuk/WKIRO-Project/data/HN021/Session1/Overground_Walk/Walk_Slow/Post_Process/Walk_Slow4.csv,walk_slow,4,val
HN021,Session1,overground,walk,slow,Overground_Walk,Walk_Slow,/home/kwnuk/WKIRO-Project/data/HN021/Session1/Overground_Walk/Walk_Slow/Post_Process/Walk_Slow5.csv,walk_slow,4,train
HN021,Session1,overground,walk,slow,Overground_Walk,Walk_Slow,/home/kwnuk/WKIRO-Project/data/HN021/Session1/Overground_Walk/Walk_Slow/Post_Process/Walk_Slow6.csv,walk_slow,4,train
HN021,Session1,overground,walk,slow,Overground_Walk,Walk_Slow,/home/kwnuk/WKIRO-Project/data/HN021/Session1/Overground_Walk/Walk_Slow/Post_Process/Walk_Slow7.csv,walk_slow,4,test
HN021,Session1,overground,walk,slow,Overground_Walk,Walk_Slow,/home/kwnuk/WKIRO-Project/data/HN021/Session1/Overground_Walk/Walk_Slow/Post_Process/Walk_Slow8.csv,walk_slow,4,test
HN021,Session1,treadmill,run,comfortable,Treadmill_Run,Treadmill_Run_Comfortable,/home/kwnuk/WKIRO-Project/data/HN021/Session1/Treadmill_Run/Treadmill_Run_Comfortable/Post_Process/Treadmill_Run_Comfortable.csv,run_comfortable,0,train
HN021,Session1,treadmill,run,fast,Treadmill_Run,Treadmill_Run_Fast,/home/kwnuk/WKIRO-Project/data/HN021/Session1/Treadmill_Run/Treadmill_Run_Fast/Post_Process/Treadmill_Run_Fast.csv,run_fast,1,train
HN021,Session1,treadmill,walk,comfortable,Treadmill_Walk,Treadmill_Walk_Comfortable,/home/kwnuk/WKIRO-Project/data/HN021/Session1/Treadmill_Walk/Treadmill_Walk_Comfortable/Post_Process/Treadmill_Walk_Comfortable.csv,walk_comfortable,2,val
HN021,Session1,treadmill,walk,fast,Treadmill_Walk,Treadmill_Walk_Fast,/home/kwnuk/WKIRO-Project/data/HN021/Session1/Treadmill_Walk/Treadmill_Walk_Fast/Post_Process/Treadmill_Walk_Fast.csv,walk_fast,3,train
HN021,Session1,treadmill,walk,slow,Treadmill_Walk,Treadmill_Walk_Slow,/home/kwnuk/WKIRO-Project/data/HN021/Session1/Treadmill_Walk/Treadmill_Walk_Slow/Post_Process/Treadmill_Walk_Slow.csv,walk_slow,4,train
HN021,Session2,overground,run,comfortable,Overground_Run,Run_Comfortable,/home/kwnuk/WKIRO-Project/data/HN021/Session2/Overground_Run/Run_Comfortable/Post_Process/Run_Comfortable1.csv,run_comfortable,0,train
HN021,Session2,overground,run,comfortable,Overground_Run,Run_Comfortable,/home/kwnuk/WKIRO-Project/data/HN021/Session2/Overground_Run/Run_Comfortable/Post_Process/Run_Comfortable2.csv,run_comfortable,0,train
HN021,Session2,overground,run,comfortable,Overground_Run,Run_Comfortable,/home/kwnuk/WKIRO-Project/data/HN021/Session2/Overground_Run/Run_Comfortable/Post_Process/Run_Comfortable3.csv,run_comfortable,0,train
HN021,Session2,overground,run,comfortable,Overground_Run,Run_Comfortable,/home/kwnuk/WKIRO-Project/data/HN021/Session2/Overground_Run/Run_Comfortable/Post_Process/Run_Comfortable4.csv,run_comfortable,0,train
HN021,Session2,overground,run,comfortable,Overground_Run,Run_Comfortable,/home/kwnuk/WKIRO-Project/data/HN021/Session2/Overground_Run/Run_Comfortable/Post_Process/Run_Comfortable5.csv,run_comfortable,0,test
HN021,Session2,overground,run,comfortable,Overground_Run,Run_Comfortable,/home/kwnuk/WKIRO-Project/data/HN021/Session2/Overground_Run/Run_Comfortable/Post_Process/Run_Comfortable6.csv,run_comfortable,0,test
HN021,Session2,overground,run,comfortable,Overground_Run,Run_Comfortable,/home/kwnuk/WKIRO-Project/data/HN021/Session2/Overground_Run/Run_Comfortable/Post_Process/Run_Comfortable7.csv,run_comfortable,0,train
HN021,Session2,overground,run,comfortable,Overground_Run,Run_Comfortable,/home/kwnuk/WKIRO-Project/data/HN021/Session2/Overground_Run/Run_Comfortable/Post_Process/Run_Comfortable8.csv,run_comfortable,0,train
HN021,Session2,overground,run,fast,Overground_Run,Run_Fast,/home/kwnuk/WKIRO-Project/data/HN021/Session2/Overground_Run/Run_Fast/Post_Process/Run_Fast1.csv,run_fast,1,train
HN021,Session2,overground,run,fast,Overground_Run,Run_Fast,/home/kwnuk/WKIRO-Project/data/HN021/Session2/Overground_Run/Run_Fast/Post_Process/Run_Fast10.csv,run_fast,1,train
HN021,Session2,overground,run,fast,Overground_Run,Run_Fast,/home/kwnuk/WKIRO-Project/data/HN021/Session2/Overground_Run/Run_Fast/Post_Process/Run_Fast2.csv,run_fast,1,train
HN021,Session2,overground,run,fast,Overground_Run,Run_Fast,/home/kwnuk/WKIRO-Project/data/HN021/Session2/Overground_Run/Run_Fast/Post_Process/Run_Fast3.csv,run_fast,1,train
HN021,Session2,overground,run,fast,Overground_Run,Run_Fast,/home/kwnuk/WKIRO-Project/data/HN021/Session2/Overground_Run/Run_Fast/Post_Process/Run_Fast4.csv,run_fast,1,test
HN021,Session2,overground,run,fast,Overground_Run,Run_Fast,/home/kwnuk/WKIRO-Project/data/HN021/Session2/Overground_Run/Run_Fast/Post_Process/Run_Fast5.csv,run_fast,1,train
HN021,Session2,overground,run,fast,Overground_Run,Run_Fast,/home/kwnuk/WKIRO-Project/data/HN021/Session2/Overground_Run/Run_Fast/Post_Process/Run_Fast6.csv,run_fast,1,train
HN021,Session2,overground,run,fast,Overground_Run,Run_Fast,/home/kwnuk/WKIRO-Project/data/HN021/Session2/Overground_Run/Run_Fast/Post_Process/Run_Fast7.csv,run_fast,1,val
HN021,Session2,overground,run,fast,Overground_Run,Run_Fast,/home/kwnuk/WKIRO-Project/data/HN021/Session2/Overground_Run/Run_Fast/Post_Process/Run_Fast8.csv,run_fast,1,train
HN021,Session2,overground,run,fast,Overground_Run,Run_Fast,/home/kwnuk/WKIRO-Project/data/HN021/Session2/Overground_Run/Run_Fast/Post_Process/Run_Fast9.csv,run_fast,1,test
HN021,Session2,overground,walk,comfortable,Overground_Walk,Walk_Comfortable,/home/kwnuk/WKIRO-Project/data/HN021/Session2/Overground_Walk/Walk_Comfortable/Post_Process/Walk_Comfortable1.csv,walk_comfortable,2,test
HN021,Session2,overground,walk,comfortable,Overground_Walk,Walk_Comfortable,/home/kwnuk/WKIRO-Project/data/HN021/Session2/Overground_Walk/Walk_Comfortable/Post_Process/Walk_Comfortable2.csv,walk_comfortable,2,train
HN021,Session2,overground,walk,comfortable,Overground_Walk,Walk_Comfortable,/home/kwnuk/WKIRO-Project/data/HN021/Session2/Overground_Walk/Walk_Comfortable/Post_Process/Walk_Comfortable3.csv,walk_comfortable,2,train
HN021,Session2,overground,walk,comfortable,Overground_Walk,Walk_Comfortable,/home/kwnuk/WKIRO-Project/data/HN021/Session2/Overground_Walk/Walk_Comfortable/Post_Process/Walk_Comfortable4.csv,walk_comfortable,2,test
HN021,Session2,overground,walk,comfortable,Overground_Walk,Walk_Comfortable,/home/kwnuk/WKIRO-Project/data/HN021/Session2/Overground_Walk/Walk_Comfortable/Post_Process/Walk_Comfortable5.csv,walk_comfortable,2,train
HN021,Session2,overground,walk,comfortable,Overground_Walk,Walk_Comfortable,/home/kwnuk/WKIRO-Project/data/HN021/Session2/Overground_Walk/Walk_Comfortable/Post_Process/Walk_Comfortable6.csv,walk_comfortable,2,train
HN021,Session2,overground,walk,fast,Overground_Walk,Walk_Fast,/home/kwnuk/WKIRO-Project/data/HN021/Session2/Overground_Walk/Walk_Fast/Post_Process/Walk_Fast1.csv,walk_fast,3,train
HN021,Session2,overground,walk,fast,Overground_Walk,Walk_Fast,/home/kwnuk/WKIRO-Project/data/HN021/Session2/Overground_Walk/Walk_Fast/Post_Process/Walk_Fast2.csv,walk_fast,3,train
HN021,Session2,overground,walk,fast,Overground_Walk,Walk_Fast,/home/kwnuk/WKIRO-Project/data/HN021/Session2/Overground_Walk/Walk_Fast/Post_Process/Walk_Fast3.csv,walk_fast,3,train
HN021,Session2,overground,walk,fast,Overground_Walk,Walk_Fast,/home/kwnuk/WKIRO-Project/data/HN021/Session2/Overground_Walk/Walk_Fast/Post_Process/Walk_Fast4.csv,walk_fast,3,train
HN021,Session2,overground,walk,fast,Overground_Walk,Walk_Fast,/home/kwnuk/WKIRO-Project/data/HN021/Session2/Overground_Walk/Walk_Fast/Post_Process/Walk_Fast5.csv,walk_fast,3,train
HN021,Session2,overground,walk,fast,Overground_Walk,Walk_Fast,/home/kwnuk/WKIRO-Project/data/HN021/Session2/Overground_Walk/Walk_Fast/Post_Process/Walk_Fast6.csv,walk_fast,3,val
HN021,Session2,overground,walk,fast,Overground_Walk,Walk_Fast,/home/kwnuk/WKIRO-Project/data/HN021/Session2/Overground_Walk/Walk_Fast/Post_Process/Walk_Fast7.csv,walk_fast,3,val
HN021,Session2,overground,walk,fast,Overground_Walk,Walk_Fast,/home/kwnuk/WKIRO-Project/data/HN021/Session2/Overground_Walk/Walk_Fast/Post_Process/Walk_Fast8.csv,walk_fast,3,train
HN021,Session2,overground,walk,slow,Overground_Walk,Walk_Slow,/home/kwnuk/WKIRO-Project/data/HN021/Session2/Overground_Walk/Walk_Slow/Post_Process/Walk_Slow1.csv,walk_slow,4,train
HN021,Session2,overground,walk,slow,Overground_Walk,Walk_Slow,/home/kwnuk/WKIRO-Project/data/HN021/Session2/Overground_Walk/Walk_Slow/Post_Process/Walk_Slow2.csv,walk_slow,4,train
HN021,Session2,overground,walk,slow,Overground_Walk,Walk_Slow,/home/kwnuk/WKIRO-Project/data/HN021/Session2/Overground_Walk/Walk_Slow/Post_Process/Walk_Slow3.csv,walk_slow,4,test
HN021,Session2,overground,walk,slow,Overground_Walk,Walk_Slow,/home/kwnuk/WKIRO-Project/data/HN021/Session2/Overground_Walk/Walk_Slow/Post_Process/Walk_Slow4.csv,walk_slow,4,val
HN021,Session2,overground,walk,slow,Overground_Walk,Walk_Slow,/home/kwnuk/WKIRO-Project/data/HN021/Session2/Overground_Walk/Walk_Slow/Post_Process/Walk_Slow5.csv,walk_slow,4,train
HN021,Session2,overground,walk,slow,Overground_Walk,Walk_Slow,/home/kwnuk/WKIRO-Project/data/HN021/Session2/Overground_Walk/Walk_Slow/Post_Process/Walk_Slow6.csv,walk_slow,4,train
HN021,Session2,overground,walk,slow,Overground_Walk,Walk_Slow,/home/kwnuk/WKIRO-Project/data/HN021/Session2/Overground_Walk/Walk_Slow/Post_Process/Walk_Slow7.csv,walk_slow,4,train
HN021,Session2,overground,walk,slow,Overground_Walk,Walk_Slow,/home/kwnuk/WKIRO-Project/data/HN021/Session2/Overground_Walk/Walk_Slow/Post_Process/Walk_Slow8.csv,walk_slow,4,train
HN021,Session2,treadmill,run,comfortable,Treadmill_Run,Treadmill_Run_Comfortable,/home/kwnuk/WKIRO-Project/data/HN021/Session2/Treadmill_Run/Treadmill_Run_Comfortable/Post_Process/Treadmill_Run_Comfortable.csv,run_comfortable,0,train
HN021,Session2,treadmill,run,fast,Treadmill_Run,Treadmill_Run_Fast,/home/kwnuk/WKIRO-Project/data/HN021/Session2/Treadmill_Run/Treadmill_Run_Fast/Post_Process/Treadmill_Run_Fast.csv,run_fast,1,val
HN021,Session2,treadmill,walk,comfortable,Treadmill_Walk,Treadmill_Walk_Comfortable,/home/kwnuk/WKIRO-Project/data/HN021/Session2/Treadmill_Walk/Treadmill_Walk_Comfortable/Post_Process/Treadmill_Walk_Comfortable.csv,walk_comfortable,2,train
HN021,Session2,treadmill,walk,fast,Treadmill_Walk,Treadmill_Walk_Fast,/home/kwnuk/WKIRO-Project/data/HN021/Session2/Treadmill_Walk/Treadmill_Walk_Fast/Post_Process/Treadmill_Walk_Fast.csv,walk_fast,3,test
HN021,Session2,treadmill,walk,slow,Treadmill_Walk,Treadmill_Walk_Slow,/home/kwnuk/WKIRO-Project/data/HN021/Session2/Treadmill_Walk/Treadmill_Walk_Slow/Post_Process/Treadmill_Walk_Slow.csv,walk_slow,4,train
HS018,Session1,overground,run,comfortable,Overground_Run,Run_Comfortable,/home/kwnuk/WKIRO-Project/data/HS018/Session1/Overground_Run/Run_Comfortable/Post_Process/Run_Comfortable1.csv,run_comfortable,0,test
HS018,Session1,overground,run,comfortable,Overground_Run,Run_Comfortable,/home/kwnuk/WKIRO-Project/data/HS018/Session1/Overground_Run/Run_Comfortable/Post_Process/Run_Comfortable10.csv,run_comfortable,0,train
HS018,Session1,overground,run,comfortable,Overground_Run,Run_Comfortable,/home/kwnuk/WKIRO-Project/data/HS018/Session1/Overground_Run/Run_Comfortable/Post_Process/Run_Comfortable2.csv,run_comfortable,0,train
HS018,Session1,overground,run,comfortable,Overground_Run,Run_Comfortable,/home/kwnuk/WKIRO-Project/data/HS018/Session1/Overground_Run/Run_Comfortable/Post_Process/Run_Comfortable3.csv,run_comfortable,0,test
HS018,Session1,overground,run,comfortable,Overground_Run,Run_Comfortable,/home/kwnuk/WKIRO-Project/data/HS018/Session1/Overground_Run/Run_Comfortable/Post_Process/Run_Comfortable4.csv,run_comfortable,0,train
HS018,Session1,overground,run,comfortable,Overground_Run,Run_Comfortable,/home/kwnuk/WKIRO-Project/data/HS018/Session1/Overground_Run/Run_Comfortable/Post_Process/Run_Comfortable5.csv,run_comfortable,0,train
HS018,Session1,overground,run,comfortable,Overground_Run,Run_Comfortable,/home/kwnuk/WKIRO-Project/data/HS018/Session1/Overground_Run/Run_Comfortable/Post_Process/Run_Comfortable6.csv,run_comfortable,0,train
HS018,Session1,overground,run,comfortable,Overground_Run,Run_Comfortable,/home/kwnuk/WKIRO-Project/data/HS018/Session1/Overground_Run/Run_Comfortable/Post_Process/Run_Comfortable7.csv,run_comfortable,0,train
HS018,Session1,overground,run,comfortable,Overground_Run,Run_Comfortable,/home/kwnuk/WKIRO-Project/data/HS018/Session1/Overground_Run/Run_Comfortable/Post_Process/Run_Comfortable8.csv,run_comfortable,0,val
HS018,Session1,overground,run,comfortable,Overground_Run,Run_Comfortable,/home/kwnuk/WKIRO-Project/data/HS018/Session1/Overground_Run/Run_Comfortable/Post_Process/Run_Comfortable9.csv,run_comfortable,0,train
HS018,Session1,overground,run,fast,Overground_Run,Run_Fast,/home/kwnuk/WKIRO-Project/data/HS018/Session1/Overground_Run/Run_Fast/Post_Process/Run_Fast1.csv,run_fast,1,train
HS018,Session1,overground,run,fast,Overground_Run,Run_Fast,/home/kwnuk/WKIRO-Project/data/HS018/Session1/Overground_Run/Run_Fast/Post_Process/Run_Fast10.csv,run_fast,1,train
HS018,Session1,overground,run,fast,Overground_Run,Run_Fast,/home/kwnuk/WKIRO-Project/data/HS018/Session1/Overground_Run/Run_Fast/Post_Process/Run_Fast2.csv,run_fast,1,train
HS018,Session1,overground,run,fast,Overground_Run,Run_Fast,/home/kwnuk/WKIRO-Project/data/HS018/Session1/Overground_Run/Run_Fast/Post_Process/Run_Fast3.csv,run_fast,1,test
HS018,Session1,overground,run,fast,Overground_Run,Run_Fast,/home/kwnuk/WKIRO-Project/data/HS018/Session1/Overground_Run/Run_Fast/Post_Process/Run_Fast4.csv,run_fast,1,train
HS018,Session1,overground,run,fast,Overground_Run,Run_Fast,/home/kwnuk/WKIRO-Project/data/HS018/Session1/Overground_Run/Run_Fast/Post_Process/Run_Fast5.csv,run_fast,1,train
HS018,Session1,overground,run,fast,Overground_Run,Run_Fast,/home/kwnuk/WKIRO-Project/data/HS018/Session1/Overground_Run/Run_Fast/Post_Process/Run_Fast6.csv,run_fast,1,train
HS018,Session1,overground,run,fast,Overground_Run,Run_Fast,/home/kwnuk/WKIRO-Project/data/HS018/Session1/Overground_Run/Run_Fast/Post_Process/Run_Fast7.csv,run_fast,1,train
HS018,Session1,overground,run,fast,Overground_Run,Run_Fast,/home/kwnuk/WKIRO-Project/data/HS018/Session1/Overground_Run/Run_Fast/Post_Process/Run_Fast8.csv,run_fast,1,val
HS018,Session1,overground,run,fast,Overground_Run,Run_Fast,/home/kwnuk/WKIRO-Project/data/HS018/Session1/Overground_Run/Run_Fast/Post_Process/Run_Fast9.csv,run_fast,1,test
HS018,Session1,overground,walk,comfortable,Overground_Walk,Walk_Comfortable,/home/kwnuk/WKIRO-Project/data/HS018/Session1/Overground_Walk/Walk_Comfortable/Post_Process/Walk_Comfortable1.csv,walk_comfortable,2,train
HS018,Session1,overground,walk,comfortable,Overground_Walk,Walk_Comfortable,/home/kwnuk/WKIRO-Project/data/HS018/Session1/Overground_Walk/Walk_Comfortable/Post_Process/Walk_Comfortable2.csv,walk_comfortable,2,train
HS018,Session1,overground,walk,comfortable,Overground_Walk,Walk_Comfortable,/home/kwnuk/WKIRO-Project/data/HS018/Session1/Overground_Walk/Walk_Comfortable/Post_Process/Walk_Comfortable3.csv,walk_comfortable,2,train
HS018,Session1,overground,walk,comfortable,Overground_Walk,Walk_Comfortable,/home/kwnuk/WKIRO-Project/data/HS018/Session1/Overground_Walk/Walk_Comfortable/Post_Process/Walk_Comfortable4.csv,walk_comfortable,2,train
HS018,Session1,overground,walk,comfortable,Overground_Walk,Walk_Comfortable,/home/kwnuk/WKIRO-Project/data/HS018/Session1/Overground_Walk/Walk_Comfortable/Post_Process/Walk_Comfortable5.csv,walk_comfortable,2,train
HS018,Session1,overground,walk,comfortable,Overground_Walk,Walk_Comfortable,/home/kwnuk/WKIRO-Project/data/HS018/Session1/Overground_Walk/Walk_Comfortable/Post_Process/Walk_Comfortable6.csv,walk_comfortable,2,train
HS018,Session1,overground,walk,fast,Overground_Walk,Walk_Fast,/home/kwnuk/WKIRO-Project/data/HS018/Session1/Overground_Walk/Walk_Fast/Post_Process/Walk_Fast1.csv,walk_fast,3,train
HS018,Session1,overground,walk,fast,Overground_Walk,Walk_Fast,/home/kwnuk/WKIRO-Project/data/HS018/Session1/Overground_Walk/Walk_Fast/Post_Process/Walk_Fast2.csv,walk_fast,3,test
HS018,Session1,overground,walk,fast,Overground_Walk,Walk_Fast,/home/kwnuk/WKIRO-Project/data/HS018/Session1/Overground_Walk/Walk_Fast/Post_Process/Walk_Fast3.csv,walk_fast,3,val
HS018,Session1,overground,walk,fast,Overground_Walk,Walk_Fast,/home/kwnuk/WKIRO-Project/data/HS018/Session1/Overground_Walk/Walk_Fast/Post_Process/Walk_Fast4.csv,walk_fast,3,train
HS018,Session1,overground,walk,fast,Overground_Walk,Walk_Fast,/home/kwnuk/WKIRO-Project/data/HS018/Session1/Overground_Walk/Walk_Fast/Post_Process/Walk_Fast5.csv,walk_fast,3,train
HS018,Session1,overground,walk,fast,Overground_Walk,Walk_Fast,/home/kwnuk/WKIRO-Project/data/HS018/Session1/Overground_Walk/Walk_Fast/Post_Process/Walk_Fast6.csv,walk_fast,3,train
HS018,Session1,overground,walk,fast,Overground_Walk,Walk_Fast,/home/kwnuk/WKIRO-Project/data/HS018/Session1/Overground_Walk/Walk_Fast/Post_Process/Walk_Fast7.csv,walk_fast,3,train
HS018,Session1,overground,walk,fast,Overground_Walk,Walk_Fast,/home/kwnuk/WKIRO-Project/data/HS018/Session1/Overground_Walk/Walk_Fast/Post_Process/Walk_Fast8.csv,walk_fast,3,test
HS018,Session1,overground,walk,slow,Overground_Walk,Walk_Slow,/home/kwnuk/WKIRO-Project/data/HS018/Session1/Overground_Walk/Walk_Slow/Post_Process/Walk_Slow1.csv,walk_slow,4,train
HS018,Session1,overground,walk,slow,Overground_Walk,Walk_Slow,/home/kwnuk/WKIRO-Project/data/HS018/Session1/Overground_Walk/Walk_Slow/Post_Process/Walk_Slow2.csv,walk_slow,4,val
HS018,Session1,overground,walk,slow,Overground_Walk,Walk_Slow,/home/kwnuk/WKIRO-Project/data/HS018/Session1/Overground_Walk/Walk_Slow/Post_Process/Walk_Slow3.csv,walk_slow,4,train
HS018,Session1,overground,walk,slow,Overground_Walk,Walk_Slow,/home/kwnuk/WKIRO-Project/data/HS018/Session1/Overground_Walk/Walk_Slow/Post_Process/Walk_Slow4.csv,walk_slow,4,test
HS018,Session1,overground,walk,slow,Overground_Walk,Walk_Slow,/home/kwnuk/WKIRO-Project/data/HS018/Session1/Overground_Walk/Walk_Slow/Post_Process/Walk_Slow5.csv,walk_slow,4,train
HS018,Session1,overground,walk,slow,Overground_Walk,Walk_Slow,/home/kwnuk/WKIRO-Project/data/HS018/Session1/Overground_Walk/Walk_Slow/Post_Process/Walk_Slow6.csv,walk_slow,4,train
HS018,Session1,treadmill,run,comfortable,Treadmill_Run,Treadmill_Run_Comfortable,/home/kwnuk/WKIRO-Project/data/HS018/Session1/Treadmill_Run/Treadmill_Run_Comfortable/Post_Process/Treadmill_Run_Comfortable.csv,run_comfortable,0,train
HS018,Session1,treadmill,run,fast,Treadmill_Run,Treadmill_Run_Fast,/home/kwnuk/WKIRO-Project/data/HS018/Session1/Treadmill_Run/Treadmill_Run_Fast/Post_Process/Treadmill_Run_Fast.csv,run_fast,1,test
HS018,Session1,treadmill,walk,comfortable,Treadmill_Walk,Treadmill_Walk_Comfortable,/home/kwnuk/WKIRO-Project/data/HS018/Session1/Treadmill_Walk/Treadmill_Walk_Comfortable/Post_Process/Treadmill_Walk_Comfortable.csv,walk_comfortable,2,val
HS018,Session1,treadmill,walk,fast,Treadmill_Walk,Treadmill_Walk_Fast,/home/kwnuk/WKIRO-Project/data/HS018/Session1/Treadmill_Walk/Treadmill_Walk_Fast/Post_Process/Treadmill_Walk_Fast.csv,walk_fast,3,train
HS018,Session1,treadmill,walk,slow,Treadmill_Walk,Treadmill_Walk_Slow,/home/kwnuk/WKIRO-Project/data/HS018/Session1/Treadmill_Walk/Treadmill_Walk_Slow/Post_Process/Treadmill_Walk_Slow.csv,walk_slow,4,train
HS018,Session2,overground,run,comfortable,Overground_Run,Run_Comfortable,/home/kwnuk/WKIRO-Project/data/HS018/Session2/Overground_Run/Run_Comfortable/Post_Process/Run_Comfortable1.csv,run_comfortable,0,train
HS018,Session2,overground,run,comfortable,Overground_Run,Run_Comfortable,/home/kwnuk/WKIRO-Project/data/HS018/Session2/Overground_Run/Run_Comfortable/Post_Process/Run_Comfortable10.csv,run_comfortable,0,train
HS018,Session2,overground,run,comfortable,Overground_Run,Run_Comfortable,/home/kwnuk/WKIRO-Project/data/HS018/Session2/Overground_Run/Run_Comfortable/Post_Process/Run_Comfortable2.csv,run_comfortable,0,train
HS018,Session2,overground,run,comfortable,Overground_Run,Run_Comfortable,/home/kwnuk/WKIRO-Project/data/HS018/Session2/Overground_Run/Run_Comfortable/Post_Process/Run_Comfortable3.csv,run_comfortable,0,train
HS018,Session2,overground,run,comfortable,Overground_Run,Run_Comfortable,/home/kwnuk/WKIRO-Project/data/HS018/Session2/Overground_Run/Run_Comfortable/Post_Process/Run_Comfortable4.csv,run_comfortable,0,val
HS018,Session2,overground,run,comfortable,Overground_Run,Run_Comfortable,/home/kwnuk/WKIRO-Project/data/HS018/Session2/Overground_Run/Run_Comfortable/Post_Process/Run_Comfortable5.csv,run_comfortable,0,train
HS018,Session2,overground,run,comfortable,Overground_Run,Run_Comfortable,/home/kwnuk/WKIRO-Project/data/HS018/Session2/Overground_Run/Run_Comfortable/Post_Process/Run_Comfortable6.csv,run_comfortable,0,train
HS018,Session2,overground,run,comfortable,Overground_Run,Run_Comfortable,/home/kwnuk/WKIRO-Project/data/HS018/Session2/Overground_Run/Run_Comfortable/Post_Process/Run_Comfortable7.csv,run_comfortable,0,train
HS018,Session2,overground,run,comfortable,Overground_Run,Run_Comfortable,/home/kwnuk/WKIRO-Project/data/HS018/Session2/Overground_Run/Run_Comfortable/Post_Process/Run_Comfortable8.csv,run_comfortable,0,test
HS018,Session2,overground,run,comfortable,Overground_Run,Run_Comfortable,/home/kwnuk/WKIRO-Project/data/HS018/Session2/Overground_Run/Run_Comfortable/Post_Process/Run_Comfortable9.csv,run_comfortable,0,val
HS018,Session2,overground,run,fast,Overground_Run,Run_Fast,/home/kwnuk/WKIRO-Project/data/HS018/Session2/Overground_Run/Run_Fast/Post_Process/Run_Fast1.csv,run_fast,1,train
HS018,Session2,overground,run,fast,Overground_Run,Run_Fast,/home/kwnuk/WKIRO-Project/data/HS018/Session2/Overground_Run/Run_Fast/Post_Process/Run_Fast10.csv,run_fast,1,val
HS018,Session2,overground,run,fast,Overground_Run,Run_Fast,/home/kwnuk/WKIRO-Project/data/HS018/Session2/Overground_Run/Run_Fast/Post_Process/Run_Fast2.csv,run_fast,1,train
HS018,Session2,overground,run,fast,Overground_Run,Run_Fast,/home/kwnuk/WKIRO-Project/data/HS018/Session2/Overground_Run/Run_Fast/Post_Process/Run_Fast3.csv,run_fast,1,train
HS018,Session2,overground,run,fast,Overground_Run,Run_Fast,/home/kwnuk/WKIRO-Project/data/HS018/Session2/Overground_Run/Run_Fast/Post_Process/Run_Fast4.csv,run_fast,1,train
HS018,Session2,overground,run,fast,Overground_Run,Run_Fast,/home/kwnuk/WKIRO-Project/data/HS018/Session2/Overground_Run/Run_Fast/Post_Process/Run_Fast5.csv,run_fast,1,train
HS018,Session2,overground,run,fast,Overground_Run,Run_Fast,/home/kwnuk/WKIRO-Project/data/HS018/Session2/Overground_Run/Run_Fast/Post_Process/Run_Fast6.csv,run_fast,1,train
HS018,Session2,overground,run,fast,Overground_Run,Run_Fast,/home/kwnuk/WKIRO-Project/data/HS018/Session2/Overground_Run/Run_Fast/Post_Process/Run_Fast7.csv,run_fast,1,train
HS018,Session2,overground,run,fast,Overground_Run,Run_Fast,/home/kwnuk/WKIRO-Project/data/HS018/Session2/Overground_Run/Run_Fast/Post_Process/Run_Fast8.csv,run_fast,1,train
HS018,Session2,overground,run,fast,Overground_Run,Run_Fast,/home/kwnuk/WKIRO-Project/data/HS018/Session2/Overground_Run/Run_Fast/Post_Process/Run_Fast9.csv,run_fast,1,train
HS018,Session2,overground,walk,comfortable,Overground_Walk,Walk_Comfortable,/home/kwnuk/WKIRO-Project/data/HS018/Session2/Overground_Walk/Walk_Comfortable/Post_Process/Walk_Comfortable1.csv,walk_comfortable,2,train
HS018,Session2,overground,walk,comfortable,Overground_Walk,Walk_Comfortable,/home/kwnuk/WKIRO-Project/data/HS018/Session2/Overground_Walk/Walk_Comfortable/Post_Process/Walk_Comfortable2.csv,walk_comfortable,2,val
HS018,Session2,overground,walk,comfortable,Overground_Walk,Walk_Comfortable,/home/kwnuk/WKIRO-Project/data/HS018/Session2/Overground_Walk/Walk_Comfortable/Post_Process/Walk_Comfortable3.csv,walk_comfortable,2,train
HS018,Session2,overground,walk,comfortable,Overground_Walk,Walk_Comfortable,/home/kwnuk/WKIRO-Project/data/HS018/Session2/Overground_Walk/Walk_Comfortable/Post_Process/Walk_Comfortable4.csv,walk_comfortable,2,train
HS018,Session2,overground,walk,comfortable,Overground_Walk,Walk_Comfortable,/home/kwnuk/WKIRO-Project/data/HS018/Session2/Overground_Walk/Walk_Comfortable/Post_Process/Walk_Comfortable5.csv,walk_comfortable,2,val
HS018,Session2,overground,walk,comfortable,Overground_Walk,Walk_Comfortable,/home/kwnuk/WKIRO-Project/data/HS018/Session2/Overground_Walk/Walk_Comfortable/Post_Process/Walk_Comfortable6.csv,walk_comfortable,2,test
HS018,Session2,overground,walk,comfortable,Overground_Walk,Walk_Comfortable,/home/kwnuk/WKIRO-Project/data/HS018/Session2/Overground_Walk/Walk_Comfortable/Post_Process/Walk_Comfortable7.csv,walk_comfortable,2,train
HS018,Session2,overground,walk,comfortable,Overground_Walk,Walk_Comfortable,/home/kwnuk/WKIRO-Project/data/HS018/Session2/Overground_Walk/Walk_Comfortable/Post_Process/Walk_Comfortable8.csv,walk_comfortable,2,test
HS018,Session2,overground,walk,fast,Overground_Walk,Walk_Fast,/home/kwnuk/WKIRO-Project/data/HS018/Session2/Overground_Walk/Walk_Fast/Post_Process/Walk_Fast1.csv,walk_fast,3,train
HS018,Session2,overground,walk,fast,Overground_Walk,Walk_Fast,/home/kwnuk/WKIRO-Project/data/HS018/Session2/Overground_Walk/Walk_Fast/Post_Process/Walk_Fast2.csv,walk_fast,3,train
HS018,Session2,overground,walk,fast,Overground_Walk,Walk_Fast,/home/kwnuk/WKIRO-Project/data/HS018/Session2/Overground_Walk/Walk_Fast/Post_Process/Walk_Fast3.csv,walk_fast,3,val
HS018,Session2,overground,walk,fast,Overground_Walk,Walk_Fast,/home/kwnuk/WKIRO-Project/data/HS018/Session2/Overground_Walk/Walk_Fast/Post_Process/Walk_Fast4.csv,walk_fast,3,val
HS018,Session2,overground,walk,fast,Overground_Walk,Walk_Fast,/home/kwnuk/WKIRO-Project/data/HS018/Session2/Overground_Walk/Walk_Fast/Post_Process/Walk_Fast5.csv,walk_fast,3,test
HS018,Session2,overground,walk,fast,Overground_Walk,Walk_Fast,/home/kwnuk/WKIRO-Project/data/HS018/Session2/Overground_Walk/Walk_Fast/Post_Process/Walk_Fast6.csv,walk_fast,3,train
HS018,Session2,overground,walk,fast,Overground_Walk,Walk_Fast,/home/kwnuk/WKIRO-Project/data/HS018/Session2/Overground_Walk/Walk_Fast/Post_Process/Walk_Fast7.csv,walk_fast,3,train
HS018,Session2,overground,walk,fast,Overground_Walk,Walk_Fast,/home/kwnuk/WKIRO-Project/data/HS018/Session2/Overground_Walk/Walk_Fast/Post_Process/Walk_Fast8.csv,walk_fast,3,train
HS018,Session2,overground,walk,slow,Overground_Walk,Walk_Slow,/home/kwnuk/WKIRO-Project/data/HS018/Session2/Overground_Walk/Walk_Slow/Post_Process/Walk_Slow1.csv,walk_slow,4,train
HS018,Session2,overground,walk,slow,Overground_Walk,Walk_Slow,/home/kwnuk/WKIRO-Project/data/HS018/Session2/Overground_Walk/Walk_Slow/Post_Process/Walk_Slow2.csv,walk_slow,4,train
HS018,Session2,overground,walk,slow,Overground_Walk,Walk_Slow,/home/kwnuk/WKIRO-Project/data/HS018/Session2/Overground_Walk/Walk_Slow/Post_Process/Walk_Slow3.csv,walk_slow,4,train
HS018,Session2,overground,walk,slow,Overground_Walk,Walk_Slow,/home/kwnuk/WKIRO-Project/data/HS018/Session2/Overground_Walk/Walk_Slow/Post_Process/Walk_Slow4.csv,walk_slow,4,train
HS018,Session2,overground,walk,slow,Overground_Walk,Walk_Slow,/home/kwnuk/WKIRO-Project/data/HS018/Session2/Overground_Walk/Walk_Slow/Post_Process/Walk_Slow5.csv,walk_slow,4,val
HS018,Session2,overground,walk,slow,Overground_Walk,Walk_Slow,/home/kwnuk/WKIRO-Project/data/HS018/Session2/Overground_Walk/Walk_Slow/Post_Process/Walk_Slow6.csv,walk_slow,4,train
HS018,Session2,overground,walk,slow,Overground_Walk,Walk_Slow,/home/kwnuk/WKIRO-Project/data/HS018/Session2/Overground_Walk/Walk_Slow/Post_Process/Walk_Slow7.csv,walk_slow,4,val
HS018,Session2,overground,walk,slow,Overground_Walk,Walk_Slow,/home/kwnuk/WKIRO-Project/data/HS018/Session2/Overground_Walk/Walk_Slow/Post_Process/Walk_Slow8.csv,walk_slow,4,train
HS018,Session2,treadmill,run,comfortable,Treadmill_Run,Treadmill_Run_Comfortable,/home/kwnuk/WKIRO-Project/data/HS018/Session2/Treadmill_Run/Treadmill_Run_Comfortable/Post_Process/Treadmill_Run_Comfortable.csv,run_comfortable,0,train
HS018,Session2,treadmill,run,fast,Treadmill_Run,Treadmill_Run_Fast,/home/kwnuk/WKIRO-Project/data/HS018/Session2/Treadmill_Run/Treadmill_Run_Fast/Post_Process/Treadmill_Run_Fast.csv,run_fast,1,val
HS018,Session2,treadmill,walk,comfortable,Treadmill_Walk,Treadmill_Walk_Comfortable,/home/kwnuk/WKIRO-Project/data/HS018/Session2/Treadmill_Walk/Treadmill_Walk_Comfortable/Post_Process/Treadmill_Walk_Comfortable.csv,walk_comfortable,2,train
HS018,Session2,treadmill,walk,fast,Treadmill_Walk,Treadmill_Walk_Fast,/home/kwnuk/WKIRO-Project/data/HS018/Session2/Treadmill_Walk/Treadmill_Walk_Fast/Post_Process/Treadmill_Walk_Fast.csv,walk_fast,3,train
HS018,Session2,treadmill,walk,slow,Treadmill_Walk,Treadmill_Walk_Slow,/home/kwnuk/WKIRO-Project/data/HS018/Session2/Treadmill_Walk/Treadmill_Walk_Slow/Post_Process/Treadmill_Walk_Slow.csv,walk_slow,4,test
JS009,Session1,overground,run,comfortable,Overground_Run,Run_Comfortable,/home/kwnuk/WKIRO-Project/data/JS009/Session1/Overground_Run/Run_Comfortable/Post_Process/Run_Comfortable1.csv,run_comfortable,0,val
JS009,Session1,overground,run,comfortable,Overground_Run,Run_Comfortable,/home/kwnuk/WKIRO-Project/data/JS009/Session1/Overground_Run/Run_Comfortable/Post_Process/Run_Comfortable10.csv,run_comfortable,0,train
JS009,Session1,overground,run,comfortable,Overground_Run,Run_Comfortable,/home/kwnuk/WKIRO-Project/data/JS009/Session1/Overground_Run/Run_Comfortable/Post_Process/Run_Comfortable11.csv,run_comfortable,0,train
JS009,Session1,overground,run,comfortable,Overground_Run,Run_Comfortable,/home/kwnuk/WKIRO-Project/data/JS009/Session1/Overground_Run/Run_Comfortable/Post_Process/Run_Comfortable12.csv,run_comfortable,0,train
JS009,Session1,overground,run,comfortable,Overground_Run,Run_Comfortable,/home/kwnuk/WKIRO-Project/data/JS009/Session1/Overground_Run/Run_Comfortable/Post_Process/Run_Comfortable13.csv,run_comfortable,0,train
JS009,Session1,overground,run,comfortable,Overground_Run,Run_Comfortable,/home/kwnuk/WKIRO-Project/data/JS009/Session1/Overground_Run/Run_Comfortable/Post_Process/Run_Comfortable14.csv,run_comfortable,0,train
JS009,Session1,overground,run,comfortable,Overground_Run,Run_Comfortable,/home/kwnuk/WKIRO-Project/data/JS009/Session1/Overground_Run/Run_Comfortable/Post_Process/Run_Comfortable15.csv,run_comfortable,0,train
JS009,Session1,overground,run,comfortable,Overground_Run,Run_Comfortable,/home/kwnuk/WKIRO-Project/data/JS009/Session1/Overground_Run/Run_Comfortable/Post_Process/Run_Comfortable16.csv,run_comfortable,0,train
JS009,Session1,overground,run,comfortable,Overground_Run,Run_Comfortable,/home/kwnuk/WKIRO-Project/data/JS009/Session1/Overground_Run/Run_Comfortable/Post_Process/Run_Comfortable17.csv,run_comfortable,0,val
JS009,Session1,overground,run,comfortable,Overground_Run,Run_Comfortable,/home/kwnuk/WKIRO-Project/data/JS009/Session1/Overground_Run/Run_Comfortable/Post_Process/Run_Comfortable18.csv,run_comfortable,0,val
JS009,Session1,overground,run,comfortable,Overground_Run,Run_Comfortable,/home/kwnuk/WKIRO-Project/data/JS009/Session1/Overground_Run/Run_Comfortable/Post_Process/Run_Comfortable2.csv,run_comfortable,0,train
JS009,Session1,overground,run,comfortable,Overground_Run,Run_Comfortable,/home/kwnuk/WKIRO-Project/data/JS009/Session1/Overground_Run/Run_Comfortable/Post_Process/Run_Comfortable3.csv,run_comfortable,0,test
JS009,Session1,overground,run,comfortable,Overground_Run,Run_Comfortable,/home/kwnuk/WKIRO-Project/data/JS009/Session1/Overground_Run/Run_Comfortable/Post_Process/Run_Comfortable4.csv,run_comfortable,0,train
JS009,Session1,overground,run,comfortable,Overground_Run,Run_Comfortable,/home/kwnuk/WKIRO-Project/data/JS009/Session1/Overground_Run/Run_Comfortable/Post_Process/Run_Comfortable5.csv,run_comfortable,0,train
JS009,Session1,overground,run,comfortable,Overground_Run,Run_Comfortable,/home/kwnuk/WKIRO-Project/data/JS009/Session1/Overground_Run/Run_Comfortable/Post_Process/Run_Comfortable6.csv,run_comfortable,0,train
JS009,Session1,overground,run,comfortable,Overground_Run,Run_Comfortable,/home/kwnuk/WKIRO-Project/data/JS009/Session1/Overground_Run/Run_Comfortable/Post_Process/Run_Comfortable7.csv,run_comfortable,0,test
JS009,Session1,overground,run,comfortable,Overground_Run,Run_Comfortable,/home/kwnuk/WKIRO-Project/data/JS009/Session1/Overground_Run/Run_Comfortable/Post_Process/Run_Comfortable8.csv,run_comfortable,0,train
JS009,Session1,overground,run,comfortable,Overground_Run,Run_Comfortable,/home/kwnuk/WKIRO-Project/data/JS009/Session1/Overground_Run/Run_Comfortable/Post_Process/Run_Comfortable9.csv,run_comfortable,0,train
JS009,Session1,overground,run,fast,Overground_Run,Run_Fast,/home/kwnuk/WKIRO-Project/data/JS009/Session1/Overground_Run/Run_Fast/Post_Process/Run_Fast1.csv,run_fast,1,train
JS009,Session1,overground,run,fast,Overground_Run,Run_Fast,/home/kwnuk/WKIRO-Project/data/JS009/Session1/Overground_Run/Run_Fast/Post_Process/Run_Fast10.csv,run_fast,1,test
JS009,Session1,overground,run,fast,Overground_Run,Run_Fast,/home/kwnuk/WKIRO-Project/data/JS009/Session1/Overground_Run/Run_Fast/Post_Process/Run_Fast11.csv,run_fast,1,test
JS009,Session1,overground,run,fast,Overground_Run,Run_Fast,/home/kwnuk/WKIRO-Project/data/JS009/Session1/Overground_Run/Run_Fast/Post_Process/Run_Fast12.csv,run_fast,1,train
JS009,Session1,overground,run,fast,Overground_Run,Run_Fast,/home/kwnuk/WKIRO-Project/data/JS009/Session1/Overground_Run/Run_Fast/Post_Process/Run_Fast13.csv,run_fast,1,val
JS009,Session1,overground,run,fast,Overground_Run,Run_Fast,/home/kwnuk/WKIRO-Project/data/JS009/Session1/Overground_Run/Run_Fast/Post_Process/Run_Fast14.csv,run_fast,1,train
JS009,Session1,overground,run,fast,Overground_Run,Run_Fast,/home/kwnuk/WKIRO-Project/data/JS009/Session1/Overground_Run/Run_Fast/Post_Process/Run_Fast15.csv,run_fast,1,val
JS009,Session1,overground,run,fast,Overground_Run,Run_Fast,/home/kwnuk/WKIRO-Project/data/JS009/Session1/Overground_Run/Run_Fast/Post_Process/Run_Fast16.csv,run_fast,1,train
JS009,Session1,overground,run,fast,Overground_Run,Run_Fast,/home/kwnuk/WKIRO-Project/data/JS009/Session1/Overground_Run/Run_Fast/Post_Process/Run_Fast17.csv,run_fast,1,test
JS009,Session1,overground,run,fast,Overground_Run,Run_Fast,/home/kwnuk/WKIRO-Project/data/JS009/Session1/Overground_Run/Run_Fast/Post_Process/Run_Fast18.csv,run_fast,1,train
JS009,Session1,overground,run,fast,Overground_Run,Run_Fast,/home/kwnuk/WKIRO-Project/data/JS009/Session1/Overground_Run/Run_Fast/Post_Process/Run_Fast19.csv,run_fast,1,train
JS009,Session1,overground,run,fast,Overground_Run,Run_Fast,/home/kwnuk/WKIRO-Project/data/JS009/Session1/Overground_Run/Run_Fast/Post_Process/Run_Fast2.csv,run_fast,1,val
JS009,Session1,overground,run,fast,Overground_Run,Run_Fast,/home/kwnuk/WKIRO-Project/data/JS009/Session1/Overground_Run/Run_Fast/Post_Process/Run_Fast3.csv,run_fast,1,train
JS009,Session1,overground,run,fast,Overground_Run,Run_Fast,/home/kwnuk/WKIRO-Project/data/JS009/Session1/Overground_Run/Run_Fast/Post_Process/Run_Fast4.csv,run_fast,1,val
JS009,Session1,overground,run,fast,Overground_Run,Run_Fast,/home/kwnuk/WKIRO-Project/data/JS009/Session1/Overground_Run/Run_Fast/Post_Process/Run_Fast5.csv,run_fast,1,train
JS009,Session1,overground,run,fast,Overground_Run,Run_Fast,/home/kwnuk/WKIRO-Project/data/JS009/Session1/Overground_Run/Run_Fast/Post_Process/Run_Fast6.csv,run_fast,1,train
JS009,Session1,overground,run,fast,Overground_Run,Run_Fast,/home/kwnuk/WKIRO-Project/data/JS009/Session1/Overground_Run/Run_Fast/Post_Process/Run_Fast7.csv,run_fast,1,train
JS009,Session1,overground,run,fast,Overground_Run,Run_Fast,/home/kwnuk/WKIRO-Project/data/JS009/Session1/Overground_Run/Run_Fast/Post_Process/Run_Fast8.csv,run_fast,1,train
JS009,Session1,overground,run,fast,Overground_Run,Run_Fast,/home/kwnuk/WKIRO-Project/data/JS009/Session1/Overground_Run/Run_Fast/Post_Process/Run_Fast9.csv,run_fast,1,train
JS009,Session1,overground,walk,comfortable,Overground_Walk,Walk_Comfortable,/home/kwnuk/WKIRO-Project/data/JS009/Session1/Overground_Walk/Walk_Comfortable/Post_Process/Walk_Comfortable1.csv,walk_comfortable,2,train
JS009,Session1,overground,walk,comfortable,Overground_Walk,Walk_Comfortable,/home/kwnuk/WKIRO-Project/data/JS009/Session1/Overground_Walk/Walk_Comfortable/Post_Process/Walk_Comfortable10.csv,walk_comfortable,2,train
JS009,Session1,overground,walk,comfortable,Overground_Walk,Walk_Comfortable,/home/kwnuk/WKIRO-Project/data/JS009/Session1/Overground_Walk/Walk_Comfortable/Post_Process/Walk_Comfortable11.csv,walk_comfortable,2,train
JS009,Session1,overground,walk,comfortable,Overground_Walk,Walk_Comfortable,/home/kwnuk/WKIRO-Project/data/JS009/Session1/Overground_Walk/Walk_Comfortable/Post_Process/Walk_Comfortable12.csv,walk_comfortable,2,train
JS009,Session1,overground,walk,comfortable,Overground_Walk,Walk_Comfortable,/home/kwnuk/WKIRO-Project/data/JS009/Session1/Overground_Walk/Walk_Comfortable/Post_Process/Walk_Comfortable13.csv,walk_comfortable,2,train
JS009,Session1,overground,walk,comfortable,Overground_Walk,Walk_Comfortable,/home/kwnuk/WKIRO-Project/data/JS009/Session1/Overground_Walk/Walk_Comfortable/Post_Process/Walk_Comfortable2.csv,walk_comfortable,2,test
JS009,Session1,overground,walk,comfortable,Overground_Walk,Walk_Comfortable,/home/kwnuk/WKIRO-Project/data/JS009/Session1/Overground_Walk/Walk_Comfortable/Post_Process/Walk_Comfortable3.csv,walk_comfortable,2,val
JS009,Session1,overground,walk,comfortable,Overground_Walk,Walk_Comfortable,/home/kwnuk/WKIRO-Project/data/JS009/Session1/Overground_Walk/Walk_Comfortable/Post_Process/Walk_Comfortable4.csv,walk_comfortable,2,train
JS009,Session1,overground,walk,comfortable,Overground_Walk,Walk_Comfortable,/home/kwnuk/WKIRO-Project/data/JS009/Session1/Overground_Walk/Walk_Comfortable/Post_Process/Walk_Comfortable5.csv,walk_comfortable,2,test
JS009,Session1,overground,walk,comfortable,Overground_Walk,Walk_Comfortable,/home/kwnuk/WKIRO-Project/data/JS009/Session1/Overground_Walk/Walk_Comfortable/Post_Process/Walk_Comfortable6.csv,walk_comfortable,2,train
JS009,Session1,overground,walk,comfortable,Overground_Walk,Walk_Comfortable,/home/kwnuk/WKIRO-Project/data/JS009/Session1/Overground_Walk/Walk_Comfortable/Post_Process/Walk_Comfortable7.csv,walk_comfortable,2,train
JS009,Session1,overground,walk,comfortable,Overground_Walk,Walk_Comfortable,/home/kwnuk/WKIRO-Project/data/JS009/Session1/Overground_Walk/Walk_Comfortable/Post_Process/Walk_Comfortable8.csv,walk_comfortable,2,train
JS009,Session1,overground,walk,comfortable,Overground_Walk,Walk_Comfortable,/home/kwnuk/WKIRO-Project/data/JS009/Session1/Overground_Walk/Walk_Comfortable/Post_Process/Walk_Comfortable9.csv,walk_comfortable,2,train
JS009,Session1,overground,walk,fast,Overground_Walk,Walk_Fast,/home/kwnuk/WKIRO-Project/data/JS009/Session1/Overground_Walk/Walk_Fast/Post_Process/Walk_Fast1.csv,walk_fast,3,train
JS009,Session1,overground,walk,fast,Overground_Walk,Walk_Fast,/home/kwnuk/WKIRO-Project/data/JS009/Session1/Overground_Walk/Walk_Fast/Post_Process/Walk_Fast2.csv,walk_fast,3,train
JS009,Session1,overground,walk,fast,Overground_Walk,Walk_Fast,/home/kwnuk/WKIRO-Project/data/JS009/Session1/Overground_Walk/Walk_Fast/Post_Process/Walk_Fast3.csv,walk_fast,3,test
JS009,Session1,overground,walk,fast,Overground_Walk,Walk_Fast,/home/kwnuk/WKIRO-Project/data/JS009/Session1/Overground_Walk/Walk_Fast/Post_Process/Walk_Fast4.csv,walk_fast,3,train
JS009,Session1,overground,walk,fast,Overground_Walk,Walk_Fast,/home/kwnuk/WKIRO-Project/data/JS009/Session1/Overground_Walk/Walk_Fast/Post_Process/Walk_Fast5.csv,walk_fast,3,train
JS009,Session1,overground,walk,fast,Overground_Walk,Walk_Fast,/home/kwnuk/WKIRO-Project/data/JS009/Session1/Overground_Walk/Walk_Fast/Post_Process/Walk_Fast6.csv,walk_fast,3,val
JS009,Session1,overground,walk,fast,Overground_Walk,Walk_Fast,/home/kwnuk/WKIRO-Project/data/JS009/Session1/Overground_Walk/Walk_Fast/Post_Process/Walk_Fast7.csv,walk_fast,3,test
JS009,Session1,overground,walk,fast,Overground_Walk,Walk_Fast,/home/kwnuk/WKIRO-Project/data/JS009/Session1/Overground_Walk/Walk_Fast/Post_Process/Walk_Fast8.csv,walk_fast,3,train
JS009,Session1,overground,walk,slow,Overground_Walk,Walk_Slow,/home/kwnuk/WKIRO-Project/data/JS009/Session1/Overground_Walk/Walk_Slow/Post_Process/Walk_Slow1.csv,walk_slow,4,train
JS009,Session1,overground,walk,slow,Overground_Walk,Walk_Slow,/home/kwnuk/WKIRO-Project/data/JS009/Session1/Overground_Walk/Walk_Slow/Post_Process/Walk_Slow2.csv,walk_slow,4,test
JS009,Session1,overground,walk,slow,Overground_Walk,Walk_Slow,/home/kwnuk/WKIRO-Project/data/JS009/Session1/Overground_Walk/Walk_Slow/Post_Process/Walk_Slow3.csv,walk_slow,4,train
JS009,Session1,overground,walk,slow,Overground_Walk,Walk_Slow,/home/kwnuk/WKIRO-Project/data/JS009/Session1/Overground_Walk/Walk_Slow/Post_Process/Walk_Slow4.csv,walk_slow,4,val
JS009,Session1,overground,walk,slow,Overground_Walk,Walk_Slow,/home/kwnuk/WKIRO-Project/data/JS009/Session1/Overground_Walk/Walk_Slow/Post_Process/Walk_Slow5.csv,walk_slow,4,train
JS009,Session1,overground,walk,slow,Overground_Walk,Walk_Slow,/home/kwnuk/WKIRO-Project/data/JS009/Session1/Overground_Walk/Walk_Slow/Post_Process/Walk_Slow6.csv,walk_slow,4,train
JS009,Session1,overground,walk,slow,Overground_Walk,Walk_Slow,/home/kwnuk/WKIRO-Project/data/JS009/Session1/Overground_Walk/Walk_Slow/Post_Process/Walk_Slow7.csv,walk_slow,4,train
JS009,Session1,overground,walk,slow,Overground_Walk,Walk_Slow,/home/kwnuk/WKIRO-Project/data/JS009/Session1/Overground_Walk/Walk_Slow/Post_Process/Walk_Slow8.csv,walk_slow,4,test
JS009,Session1,overground,walk,slow,Overground_Walk,Walk_Slow,/home/kwnuk/WKIRO-Project/data/JS009/Session1/Overground_Walk/Walk_Slow/Post_Process/Walk_Slow9.csv,walk_slow,4,val
JS009,Session1,treadmill,run,comfortable,Treadmill_Run,Treadmill_Run_Comfortable,/home/kwnuk/WKIRO-Project/data/JS009/Session1/Treadmill_Run/Treadmill_Run_Comfortable/Post_Process/Treadmill_Run_Comfortable.csv,run_comfortable,0,val
JS009,Session1,treadmill,run,fast,Treadmill_Run,Treadmill_Run_Fast,/home/kwnuk/WKIRO-Project/data/JS009/Session1/Treadmill_Run/Treadmill_Run_Fast/Post_Process/Treadmill_Run_Fast.csv,run_fast,1,train
JS009,Session1,treadmill,walk,comfortable,Treadmill_Walk,Treadmill_Walk_Comfortable,/home/kwnuk/WKIRO-Project/data/JS009/Session1/Treadmill_Walk/Treadmill_Walk_Comfortable/Post_Process/Treadmill_Walk_Comfortable.csv,walk_comfortable,2,train
JS009,Session1,treadmill,walk,fast,Treadmill_Walk,Treadmill_Walk_Fast,/home/kwnuk/WKIRO-Project/data/JS009/Session1/Treadmill_Walk/Treadmill_Walk_Fast/Post_Process/Treadmill_Walk_Fast.csv,walk_fast,3,train
JS009,Session1,treadmill,walk,slow,Treadmill_Walk,Treadmill_Walk_Slow,/home/kwnuk/WKIRO-Project/data/JS009/Session1/Treadmill_Walk/Treadmill_Walk_Slow/Post_Process/Treadmill_Walk_Slow.csv,walk_slow,4,train
JS009,Session2,overground,run,comfortable,Overground_Run,Run_Comfortable,/home/kwnuk/WKIRO-Project/data/JS009/Session2/Overground_Run/Run_Comfortable/Post_Process/Run_Comfortable1.csv,run_comfortable,0,train
JS009,Session2,overground,run,comfortable,Overground_Run,Run_Comfortable,/home/kwnuk/WKIRO-Project/data/JS009/Session2/Overground_Run/Run_Comfortable/Post_Process/Run_Comfortable10.csv,run_comfortable,0,train
JS009,Session2,overground,run,comfortable,Overground_Run,Run_Comfortable,/home/kwnuk/WKIRO-Project/data/JS009/Session2/Overground_Run/Run_Comfortable/Post_Process/Run_Comfortable11.csv,run_comfortable,0,train
JS009,Session2,overground,run,comfortable,Overground_Run,Run_Comfortable,/home/kwnuk/WKIRO-Project/data/JS009/Session2/Overground_Run/Run_Comfortable/Post_Process/Run_Comfortable12.csv,run_comfortable,0,train
JS009,Session2,overground,run,comfortable,Overground_Run,Run_Comfortable,/home/kwnuk/WKIRO-Project/data/JS009/Session2/Overground_Run/Run_Comfortable/Post_Process/Run_Comfortable13.csv,run_comfortable,0,train
JS009,Session2,overground,run,comfortable,Overground_Run,Run_Comfortable,/home/kwnuk/WKIRO-Project/data/JS009/Session2/Overground_Run/Run_Comfortable/Post_Process/Run_Comfortable14.csv,run_comfortable,0,train
JS009,Session2,overground,run,comfortable,Overground_Run,Run_Comfortable,/home/kwnuk/WKIRO-Project/data/JS009/Session2/Overground_Run/Run_Comfortable/Post_Process/Run_Comfortable2.csv,run_comfortable,0,train
JS009,Session2,overground,run,comfortable,Overground_Run,Run_Comfortable,/home/kwnuk/WKIRO-Project/data/JS009/Session2/Overground_Run/Run_Comfortable/Post_Process/Run_Comfortable3.csv,run_comfortable,0,train
JS009,Session2,overground,run,comfortable,Overground_Run,Run_Comfortable,/home/kwnuk/WKIRO-Project/data/JS009/Session2/Overground_Run/Run_Comfortable/Post_Process/Run_Comfortable4.csv,run_comfortable,0,train
JS009,Session2,overground,run,comfortable,Overground_Run,Run_Comfortable,/home/kwnuk/WKIRO-Project/data/JS009/Session2/Overground_Run/Run_Comfortable/Post_Process/Run_Comfortable5.csv,run_comfortable,0,test
JS009,Session2,overground,run,comfortable,Overground_Run,Run_Comfortable,/home/kwnuk/WKIRO-Project/data/JS009/Session2/Overground_Run/Run_Comfortable/Post_Process/Run_Comfortable6.csv,run_comfortable,0,test
JS009,Session2,overground,run,comfortable,Overground_Run,Run_Comfortable,/home/kwnuk/WKIRO-Project/data/JS009/Session2/Overground_Run/Run_Comfortable/Post_Process/Run_Comfortable7.csv,run_comfortable,0,train
JS009,Session2,overground,run,comfortable,Overground_Run,Run_Comfortable,/home/kwnuk/WKIRO-Project/data/JS009/Session2/Overground_Run/Run_Comfortable/Post_Process/Run_Comfortable8.csv,run_comfortable,0,test
JS009,Session2,overground,run,comfortable,Overground_Run,Run_Comfortable,/home/kwnuk/WKIRO-Project/data/JS009/Session2/Overground_Run/Run_Comfortable/Post_Process/Run_Comfortable9.csv,run_comfortable,0,val
JS009,Session2,overground,run,fast,Overground_Run,Run_Fast,/home/kwnuk/WKIRO-Project/data/JS009/Session2/Overground_Run/Run_Fast/Post_Process/Run_Fast1.csv,run_fast,1,train
JS009,Session2,overground,run,fast,Overground_Run,Run_Fast,/home/kwnuk/WKIRO-Project/data/JS009/Session2/Overground_Run/Run_Fast/Post_Process/Run_Fast10.csv,run_fast,1,train
JS009,Session2,overground,run,fast,Overground_Run,Run_Fast,/home/kwnuk/WKIRO-Project/data/JS009/Session2/Overground_Run/Run_Fast/Post_Process/Run_Fast11.csv,run_fast,1,train
JS009,Session2,overground,run,fast,Overground_Run,Run_Fast,/home/kwnuk/WKIRO-Project/data/JS009/Session2/Overground_Run/Run_Fast/Post_Process/Run_Fast12.csv,run_fast,1,train
JS009,Session2,overground,run,fast,Overground_Run,Run_Fast,/home/kwnuk/WKIRO-Project/data/JS009/Session2/Overground_Run/Run_Fast/Post_Process/Run_Fast2.csv,run_fast,1,train
JS009,Session2,overground,run,fast,Overground_Run,Run_Fast,/home/kwnuk/WKIRO-Project/data/JS009/Session2/Overground_Run/Run_Fast/Post_Process/Run_Fast3.csv,run_fast,1,test
JS009,Session2,overground,run,fast,Overground_Run,Run_Fast,/home/kwnuk/WKIRO-Project/data/JS009/Session2/Overground_Run/Run_Fast/Post_Process/Run_Fast4.csv,run_fast,1,train
JS009,Session2,overground,run,fast,Overground_Run,Run_Fast,/home/kwnuk/WKIRO-Project/data/JS009/Session2/Overground_Run/Run_Fast/Post_Process/Run_Fast5.csv,run_fast,1,val
JS009,Session2,overground,run,fast,Overground_Run,Run_Fast,/home/kwnuk/WKIRO-Project/data/JS009/Session2/Overground_Run/Run_Fast/Post_Process/Run_Fast6.csv,run_fast,1,train
JS009,Session2,overground,run,fast,Overground_Run,Run_Fast,/home/kwnuk/WKIRO-Project/data/JS009/Session2/Overground_Run/Run_Fast/Post_Process/Run_Fast7.csv,run_fast,1,train
JS009,Session2,overground,run,fast,Overground_Run,Run_Fast,/home/kwnuk/WKIRO-Project/data/JS009/Session2/Overground_Run/Run_Fast/Post_Process/Run_Fast8.csv,run_fast,1,train
JS009,Session2,overground,run,fast,Overground_Run,Run_Fast,/home/kwnuk/WKIRO-Project/data/JS009/Session2/Overground_Run/Run_Fast/Post_Process/Run_Fast9.csv,run_fast,1,test
JS009,Session2,overground,walk,comfortable,Overground_Walk,Walk_Comfortable,/home/kwnuk/WKIRO-Project/data/JS009/Session2/Overground_Walk/Walk_Comfortable/Post_Process/Walk_Comfortable1.csv,walk_comfortable,2,train
JS009,Session2,overground,walk,comfortable,Overground_Walk,Walk_Comfortable,/home/kwnuk/WKIRO-Project/data/JS009/Session2/Overground_Walk/Walk_Comfortable/Post_Process/Walk_Comfortable2.csv,walk_comfortable,2,val
JS009,Session2,overground,walk,comfortable,Overground_Walk,Walk_Comfortable,/home/kwnuk/WKIRO-Project/data/JS009/Session2/Overground_Walk/Walk_Comfortable/Post_Process/Walk_Comfortable3.csv,walk_comfortable,2,train
JS009,Session2,overground,walk,comfortable,Overground_Walk,Walk_Comfortable,/home/kwnuk/WKIRO-Project/data/JS009/Session2/Overground_Walk/Walk_Comfortable/Post_Process/Walk_Comfortable4.csv,walk_comfortable,2,train
JS009,Session2,overground,walk,comfortable,Overground_Walk,Walk_Comfortable,/home/kwnuk/WKIRO-Project/data/JS009/Session2/Overground_Walk/Walk_Comfortable/Post_Process/Walk_Comfortable5.csv,walk_comfortable,2,train
JS009,Session2,overground,walk,comfortable,Overground_Walk,Walk_Comfortable,/home/kwnuk/WKIRO-Project/data/JS009/Session2/Overground_Walk/Walk_Comfortable/Post_Process/Walk_Comfortable6.csv,walk_comfortable,2,val
JS009,Session2,overground,walk,fast,Overground_Walk,Walk_Fast,/home/kwnuk/WKIRO-Project/data/JS009/Session2/Overground_Walk/Walk_Fast/Post_Process/Walk_Fast1.csv,walk_fast,3,train
JS009,Session2,overground,walk,fast,Overground_Walk,Walk_Fast,/home/kwnuk/WKIRO-Project/data/JS009/Session2/Overground_Walk/Walk_Fast/Post_Process/Walk_Fast10.csv,walk_fast,3,train
JS009,Session2,overground,walk,fast,Overground_Walk,Walk_Fast,/home/kwnuk/WKIRO-Project/data/JS009/Session2/Overground_Walk/Walk_Fast/Post_Process/Walk_Fast2.csv,walk_fast,3,val
JS009,Session2,overground,walk,fast,Overground_Walk,Walk_Fast,/home/kwnuk/WKIRO-Project/data/JS009/Session2/Overground_Walk/Walk_Fast/Post_Process/Walk_Fast3.csv,walk_fast,3,train
JS009,Session2,overground,walk,fast,Overground_Walk,Walk_Fast,/home/kwnuk/WKIRO-Project/data/JS009/Session2/Overground_Walk/Walk_Fast/Post_Process/Walk_Fast4.csv,walk_fast,3,train
JS009,Session2,overground,walk,fast,Overground_Walk,Walk_Fast,/home/kwnuk/WKIRO-Project/data/JS009/Session2/Overground_Walk/Walk_Fast/Post_Process/Walk_Fast5.csv,walk_fast,3,train
JS009,Session2,overground,walk,fast,Overground_Walk,Walk_Fast,/home/kwnuk/WKIRO-Project/data/JS009/Session2/Overground_Walk/Walk_Fast/Post_Process/Walk_Fast6.csv,walk_fast,3,val
JS009,Session2,overground,walk,fast,Overground_Walk,Walk_Fast,/home/kwnuk/WKIRO-Project/data/JS009/Session2/Overground_Walk/Walk_Fast/Post_Process/Walk_Fast7.csv,walk_fast,3,train
JS009,Session2,overground,walk,fast,Overground_Walk,Walk_Fast,/home/kwnuk/WKIRO-Project/data/JS009/Session2/Overground_Walk/Walk_Fast/Post_Process/Walk_Fast8.csv,walk_fast,3,test
JS009,Session2,overground,walk,fast,Overground_Walk,Walk_Fast,/home/kwnuk/WKIRO-Project/data/JS009/Session2/Overground_Walk/Walk_Fast/Post_Process/Walk_Fast9.csv,walk_fast,3,train
JS009,Session2,overground,walk,slow,Overground_Walk,Walk_Slow,/home/kwnuk/WKIRO-Project/data/JS009/Session2/Overground_Walk/Walk_Slow/Post_Process/Walk_Slow1.csv,walk_slow,4,train
JS009,Session2,overground,walk,slow,Overground_Walk,Walk_Slow,/home/kwnuk/WKIRO-Project/data/JS009/Session2/Overground_Walk/Walk_Slow/Post_Process/Walk_Slow2.csv,walk_slow,4,train
JS009,Session2,overground,walk,slow,Overground_Walk,Walk_Slow,/home/kwnuk/WKIRO-Project/data/JS009/Session2/Overground_Walk/Walk_Slow/Post_Process/Walk_Slow3.csv,walk_slow,4,train
JS009,Session2,overground,walk,slow,Overground_Walk,Walk_Slow,/home/kwnuk/WKIRO-Project/data/JS009/Session2/Overground_Walk/Walk_Slow/Post_Process/Walk_Slow4.csv,walk_slow,4,train
JS009,Session2,overground,walk,slow,Overground_Walk,Walk_Slow,/home/kwnuk/WKIRO-Project/data/JS009/Session2/Overground_Walk/Walk_Slow/Post_Process/Walk_Slow5.csv,walk_slow,4,val
JS009,Session2,overground,walk,slow,Overground_Walk,Walk_Slow,/home/kwnuk/WKIRO-Project/data/JS009/Session2/Overground_Walk/Walk_Slow/Post_Process/Walk_Slow6.csv,walk_slow,4,train
JS009,Session2,treadmill,run,comfortable,Treadmill_Run,Treadmill_Run_Comfortable,/home/kwnuk/WKIRO-Project/data/JS009/Session2/Treadmill_Run/Treadmill_Run_Comfortable/Post_Process/Treadmill_Run_Comfortable.csv,run_comfortable,0,train
JS009,Session2,treadmill,run,fast,Treadmill_Run,Treadmill_Run_Fast,/home/kwnuk/WKIRO-Project/data/JS009/Session2/Treadmill_Run/Treadmill_Run_Fast/Post_Process/Treadmill_Run_Fast.csv,run_fast,1,train
JS009,Session2,treadmill,walk,comfortable,Treadmill_Walk,Treadmill_Walk_Comfortable,/home/kwnuk/WKIRO-Project/data/JS009/Session2/Treadmill_Walk/Treadmill_Walk_Comfortable/Post_Process/Treadmill_Walk_Comfortable.csv,walk_comfortable,2,test
JS009,Session2,treadmill,walk,fast,Treadmill_Walk,Treadmill_Walk_Fast,/home/kwnuk/WKIRO-Project/data/JS009/Session2/Treadmill_Walk/Treadmill_Walk_Fast/Post_Process/Treadmill_Walk_Fast.csv,walk_fast,3,train
JS009,Session2,treadmill,walk,slow,Treadmill_Walk,Treadmill_Walk_Slow,/home/kwnuk/WKIRO-Project/data/JS009/Session2/Treadmill_Walk/Treadmill_Walk_Slow/Post_Process/Treadmill_Walk_Slow.csv,walk_slow,4,train
LA014,Session1,overground,run,comfortable,Overground_Run,Run_Comfortable,/home/kwnuk/WKIRO-Project/data/LA014/Session1/Overground_Run/Run_Comfortable/Post_Process/Run_Comfortable1.csv,run_comfortable,0,test
LA014,Session1,overground,run,comfortable,Overground_Run,Run_Comfortable,/home/kwnuk/WKIRO-Project/data/LA014/Session1/Overground_Run/Run_Comfortable/Post_Process/Run_Comfortable10.csv,run_comfortable,0,train
LA014,Session1,overground,run,comfortable,Overground_Run,Run_Comfortable,/home/kwnuk/WKIRO-Project/data/LA014/Session1/Overground_Run/Run_Comfortable/Post_Process/Run_Comfortable2.csv,run_comfortable,0,test
LA014,Session1,overground,run,comfortable,Overground_Run,Run_Comfortable,/home/kwnuk/WKIRO-Project/data/LA014/Session1/Overground_Run/Run_Comfortable/Post_Process/Run_Comfortable3.csv,run_comfortable,0,train
LA014,Session1,overground,run,comfortable,Overground_Run,Run_Comfortable,/home/kwnuk/WKIRO-Project/data/LA014/Session1/Overground_Run/Run_Comfortable/Post_Process/Run_Comfortable4.csv,run_comfortable,0,val
LA014,Session1,overground,run,comfortable,Overground_Run,Run_Comfortable,/home/kwnuk/WKIRO-Project/data/LA014/Session1/Overground_Run/Run_Comfortable/Post_Process/Run_Comfortable5.csv,run_comfortable,0,val
LA014,Session1,overground,run,comfortable,Overground_Run,Run_Comfortable,/home/kwnuk/WKIRO-Project/data/LA014/Session1/Overground_Run/Run_Comfortable/Post_Process/Run_Comfortable6.csv,run_comfortable,0,train
LA014,Session1,overground,run,comfortable,Overground_Run,Run_Comfortable,/home/kwnuk/WKIRO-Project/data/LA014/Session1/Overground_Run/Run_Comfortable/Post_Process/Run_Comfortable7.csv,run_comfortable,0,train
LA014,Session1,overground,run,comfortable,Overground_Run,Run_Comfortable,/home/kwnuk/WKIRO-Project/data/LA014/Session1/Overground_Run/Run_Comfortable/Post_Process/Run_Comfortable8.csv,run_comfortable,0,val
LA014,Session1,overground,run,comfortable,Overground_Run,Run_Comfortable,/home/kwnuk/WKIRO-Project/data/LA014/Session1/Overground_Run/Run_Comfortable/Post_Process/Run_Comfortable9.csv,run_comfortable,0,train
LA014,Session1,overground,run,fast,Overground_Run,Run_Fast,/home/kwnuk/WKIRO-Project/data/LA014/Session1/Overground_Run/Run_Fast/Post_Process/Run_Fast1.csv,run_fast,1,train
LA014,Session1,overground,run,fast,Overground_Run,Run_Fast,/home/kwnuk/WKIRO-Project/data/LA014/Session1/Overground_Run/Run_Fast/Post_Process/Run_Fast10.csv,run_fast,1,test
LA014,Session1,overground,run,fast,Overground_Run,Run_Fast,/home/kwnuk/WKIRO-Project/data/LA014/Session1/Overground_Run/Run_Fast/Post_Process/Run_Fast2.csv,run_fast,1,train
LA014,Session1,overground,run,fast,Overground_Run,Run_Fast,/home/kwnuk/WKIRO-Project/data/LA014/Session1/Overground_Run/Run_Fast/Post_Process/Run_Fast3.csv,run_fast,1,train
LA014,Session1,overground,run,fast,Overground_Run,Run_Fast,/home/kwnuk/WKIRO-Project/data/LA014/Session1/Overground_Run/Run_Fast/Post_Process/Run_Fast4.csv,run_fast,1,val
LA014,Session1,overground,run,fast,Overground_Run,Run_Fast,/home/kwnuk/WKIRO-Project/data/LA014/Session1/Overground_Run/Run_Fast/Post_Process/Run_Fast5.csv,run_fast,1,train
LA014,Session1,overground,run,fast,Overground_Run,Run_Fast,/home/kwnuk/WKIRO-Project/data/LA014/Session1/Overground_Run/Run_Fast/Post_Process/Run_Fast6.csv,run_fast,1,train
LA014,Session1,overground,run,fast,Overground_Run,Run_Fast,/home/kwnuk/WKIRO-Project/data/LA014/Session1/Overground_Run/Run_Fast/Post_Process/Run_Fast7.csv,run_fast,1,train
LA014,Session1,overground,run,fast,Overground_Run,Run_Fast,/home/kwnuk/WKIRO-Project/data/LA014/Session1/Overground_Run/Run_Fast/Post_Process/Run_Fast8.csv,run_fast,1,train
LA014,Session1,overground,run,fast,Overground_Run,Run_Fast,/home/kwnuk/WKIRO-Project/data/LA014/Session1/Overground_Run/Run_Fast/Post_Process/Run_Fast9.csv,run_fast,1,train
LA014,Session1,overground,walk,comfortable,Overground_Walk,Walk_Comfortable,/home/kwnuk/WKIRO-Project/data/LA014/Session1/Overground_Walk/Walk_Comfortable/Post_Process/Walk_Comfortable1.csv,walk_comfortable,2,train
LA014,Session1,overground,walk,comfortable,Overground_Walk,Walk_Comfortable,/home/kwnuk/WKIRO-Project/data/LA014/Session1/Overground_Walk/Walk_Comfortable/Post_Process/Walk_Comfortable2.csv,walk_comfortable,2,val
LA014,Session1,overground,walk,comfortable,Overground_Walk,Walk_Comfortable,/home/kwnuk/WKIRO-Project/data/LA014/Session1/Overground_Walk/Walk_Comfortable/Post_Process/Walk_Comfortable3.csv,walk_comfortable,2,train
LA014,Session1,overground,walk,comfortable,Overground_Walk,Walk_Comfortable,/home/kwnuk/WKIRO-Project/data/LA014/Session1/Overground_Walk/Walk_Comfortable/Post_Process/Walk_Comfortable4.csv,walk_comfortable,2,train
LA014,Session1,overground,walk,comfortable,Overground_Walk,Walk_Comfortable,/home/kwnuk/WKIRO-Project/data/LA014/Session1/Overground_Walk/Walk_Comfortable/Post_Process/Walk_Comfortable5.csv,walk_comfortable,2,train
LA014,Session1,overground,walk,comfortable,Overground_Walk,Walk_Comfortable,/home/kwnuk/WKIRO-Project/data/LA014/Session1/Overground_Walk/Walk_Comfortable/Post_Process/Walk_Comfortable6.csv,walk_comfortable,2,val
LA014,Session1,overground,walk,comfortable,Overground_Walk,Walk_Comfortable,/home/kwnuk/WKIRO-Project/data/LA014/Session1/Overground_Walk/Walk_Comfortable/Post_Process/Walk_Comfortable7.csv,walk_comfortable,2,train
LA014,Session1,overground,walk,comfortable,Overground_Walk,Walk_Comfortable,/home/kwnuk/WKIRO-Project/data/LA014/Session1/Overground_Walk/Walk_Comfortable/Post_Process/Walk_Comfortable8.csv,walk_comfortable,2,test
LA014,Session1,overground,walk,fast,Overground_Walk,Walk_Fast,/home/kwnuk/WKIRO-Project/data/LA014/Session1/Overground_Walk/Walk_Fast/Post_Process/Walk_Fast1.csv,walk_fast,3,test
LA014,Session1,overground,walk,fast,Overground_Walk,Walk_Fast,/home/kwnuk/WKIRO-Project/data/LA014/Session1/Overground_Walk/Walk_Fast/Post_Process/Walk_Fast2.csv,walk_fast,3,train
LA014,Session1,overground,walk,fast,Overground_Walk,Walk_Fast,/home/kwnuk/WKIRO-Project/data/LA014/Session1/Overground_Walk/Walk_Fast/Post_Process/Walk_Fast3.csv,walk_fast,3,train
LA014,Session1,overground,walk,fast,Overground_Walk,Walk_Fast,/home/kwnuk/WKIRO-Project/data/LA014/Session1/Overground_Walk/Walk_Fast/Post_Process/Walk_Fast4.csv,walk_fast,3,train
LA014,Session1,overground,walk,fast,Overground_Walk,Walk_Fast,/home/kwnuk/WKIRO-Project/data/LA014/Session1/Overground_Walk/Walk_Fast/Post_Process/Walk_Fast5.csv,walk_fast,3,train
LA014,Session1,overground,walk,fast,Overground_Walk,Walk_Fast,/home/kwnuk/WKIRO-Project/data/LA014/Session1/Overground_Walk/Walk_Fast/Post_Process/Walk_Fast6.csv,walk_fast,3,train
LA014,Session1,overground,walk,fast,Overground_Walk,Walk_Fast,/home/kwnuk/WKIRO-Project/data/LA014/Session1/Overground_Walk/Walk_Fast/Post_Process/Walk_Fast7.csv,walk_fast,3,train
LA014,Session1,overground,walk,fast,Overground_Walk,Walk_Fast,/home/kwnuk/WKIRO-Project/data/LA014/Session1/Overground_Walk/Walk_Fast/Post_Process/Walk_Fast8.csv,walk_fast,3,test
LA014,Session1,overground,walk,slow,Overground_Walk,Walk_Slow,/home/kwnuk/WKIRO-Project/data/LA014/Session1/Overground_Walk/Walk_Slow/Post_Process/Walk_Slow1.csv,walk_slow,4,train
LA014,Session1,overground,walk,slow,Overground_Walk,Walk_Slow,/home/kwnuk/WKIRO-Project/data/LA014/Session1/Overground_Walk/Walk_Slow/Post_Process/Walk_Slow2.csv,walk_slow,4,train
LA014,Session1,overground,walk,slow,Overground_Walk,Walk_Slow,/home/kwnuk/WKIRO-Project/data/LA014/Session1/Overground_Walk/Walk_Slow/Post_Process/Walk_Slow3.csv,walk_slow,4,train
LA014,Session1,overground,walk,slow,Overground_Walk,Walk_Slow,/home/kwnuk/WKIRO-Project/data/LA014/Session1/Overground_Walk/Walk_Slow/Post_Process/Walk_Slow4.csv,walk_slow,4,train
LA014,Session1,overground,walk,slow,Overground_Walk,Walk_Slow,/home/kwnuk/WKIRO-Project/data/LA014/Session1/Overground_Walk/Walk_Slow/Post_Process/Walk_Slow5.csv,walk_slow,4,train
LA014,Session1,overground,walk,slow,Overground_Walk,Walk_Slow,/home/kwnuk/WKIRO-Project/data/LA014/Session1/Overground_Walk/Walk_Slow/Post_Process/Walk_Slow6.csv,walk_slow,4,val
LA014,Session1,overground,walk,slow,Overground_Walk,Walk_Slow,/home/kwnuk/WKIRO-Project/data/LA014/Session1/Overground_Walk/Walk_Slow/Post_Process/Walk_Slow7.csv,walk_slow,4,test
LA014,Session1,overground,walk,slow,Overground_Walk,Walk_Slow,/home/kwnuk/WKIRO-Project/data/LA014/Session1/Overground_Walk/Walk_Slow/Post_Process/Walk_Slow8.csv,walk_slow,4,train
LA014,Session1,treadmill,run,comfortable,Treadmill_Run,Treadmill_Run_Comfortable,/home/kwnuk/WKIRO-Project/data/LA014/Session1/Treadmill_Run/Treadmill_Run_Comfortable/Post_Process/Treadmill_Run_Comfortable.csv,run_comfortable,0,train
LA014,Session1,treadmill,run,fast,Treadmill_Run,Treadmill_Run_Fast,/home/kwnuk/WKIRO-Project/data/LA014/Session1/Treadmill_Run/Treadmill_Run_Fast/Post_Process/Treadmill_Run_Fast.csv,run_fast,1,train
LA014,Session1,treadmill,walk,comfortable,Treadmill_Walk,Treadmill_Walk_Comfortable,/home/kwnuk/WKIRO-Project/data/LA014/Session1/Treadmill_Walk/Treadmill_Walk_Comfortable/Post_Process/Treadmill_Walk_Comfortable.csv,walk_comfortable,2,val
LA014,Session1,treadmill,walk,fast,Treadmill_Walk,Treadmill_Walk_Fast,/home/kwnuk/WKIRO-Project/data/LA014/Session1/Treadmill_Walk/Treadmill_Walk_Fast/Post_Process/Treadmill_Walk_Fast.csv,walk_fast,3,val
LA014,Session1,treadmill,walk,slow,Treadmill_Walk,Treadmill_Walk_Slow,/home/kwnuk/WKIRO-Project/data/LA014/Session1/Treadmill_Walk/Treadmill_Walk_Slow/Post_Process/Treadmill_Walk_Slow.csv,walk_slow,4,test
LA014,Session2,overground,run,comfortable,Overground_Run,Run_Comfortable,/home/kwnuk/WKIRO-Project/data/LA014/Session2/Overground_Run/Run_Comfortable/Post_Process/Run_Comfortable1.csv,run_comfortable,0,train
LA014,Session2,overground,run,comfortable,Overground_Run,Run_Comfortable,/home/kwnuk/WKIRO-Project/data/LA014/Session2/Overground_Run/Run_Comfortable/Post_Process/Run_Comfortable10.csv,run_comfortable,0,train
LA014,Session2,overground,run,comfortable,Overground_Run,Run_Comfortable,/home/kwnuk/WKIRO-Project/data/LA014/Session2/Overground_Run/Run_Comfortable/Post_Process/Run_Comfortable2.csv,run_comfortable,0,test
LA014,Session2,overground,run,comfortable,Overground_Run,Run_Comfortable,/home/kwnuk/WKIRO-Project/data/LA014/Session2/Overground_Run/Run_Comfortable/Post_Process/Run_Comfortable3.csv,run_comfortable,0,train
LA014,Session2,overground,run,comfortable,Overground_Run,Run_Comfortable,/home/kwnuk/WKIRO-Project/data/LA014/Session2/Overground_Run/Run_Comfortable/Post_Process/Run_Comfortable4.csv,run_comfortable,0,train
LA014,Session2,overground,run,comfortable,Overground_Run,Run_Comfortable,/home/kwnuk/WKIRO-Project/data/LA014/Session2/Overground_Run/Run_Comfortable/Post_Process/Run_Comfortable5.csv,run_comfortable,0,train
LA014,Session2,overground,run,comfortable,Overground_Run,Run_Comfortable,/home/kwnuk/WKIRO-Project/data/LA014/Session2/Overground_Run/Run_Comfortable/Post_Process/Run_Comfortable6.csv,run_comfortable,0,train
LA014,Session2,overground,run,comfortable,Overground_Run,Run_Comfortable,/home/kwnuk/WKIRO-Project/data/LA014/Session2/Overground_Run/Run_Comfortable/Post_Process/Run_Comfortable7.csv,run_comfortable,0,train
LA014,Session2,overground,run,comfortable,Overground_Run,Run_Comfortable,/home/kwnuk/WKIRO-Project/data/LA014/Session2/Overground_Run/Run_Comfortable/Post_Process/Run_Comfortable8.csv,run_comfortable,0,train
LA014,Session2,overground,run,comfortable,Overground_Run,Run_Comfortable,/home/kwnuk/WKIRO-Project/data/LA014/Session2/Overground_Run/Run_Comfortable/Post_Process/Run_Comfortable9.csv,run_comfortable,0,train
LA014,Session2,overground,run,fast,Overground_Run,Run_Fast,/home/kwnuk/WKIRO-Project/data/LA014/Session2/Overground_Run/Run_Fast/Post_Process/Run_Fast1.csv,run_fast,1,train
LA014,Session2,overground,run,fast,Overground_Run,Run_Fast,/home/kwnuk/WKIRO-Project/data/LA014/Session2/Overground_Run/Run_Fast/Post_Process/Run_Fast10.csv,run_fast,1,val
LA014,Session2,overground,run,fast,Overground_Run,Run_Fast,/home/kwnuk/WKIRO-Project/data/LA014/Session2/Overground_Run/Run_Fast/Post_Process/Run_Fast2.csv,run_fast,1,train
LA014,Session2,overground,run,fast,Overground_Run,Run_Fast,/home/kwnuk/WKIRO-Project/data/LA014/Session2/Overground_Run/Run_Fast/Post_Process/Run_Fast3.csv,run_fast,1,val
LA014,Session2,overground,run,fast,Overground_Run,Run_Fast,/home/kwnuk/WKIRO-Project/data/LA014/Session2/Overground_Run/Run_Fast/Post_Process/Run_Fast4.csv,run_fast,1,train
LA014,Session2,overground,run,fast,Overground_Run,Run_Fast,/home/kwnuk/WKIRO-Project/data/LA014/Session2/Overground_Run/Run_Fast/Post_Process/Run_Fast5.csv,run_fast,1,test
LA014,Session2,overground,run,fast,Overground_Run,Run_Fast,/home/kwnuk/WKIRO-Project/data/LA014/Session2/Overground_Run/Run_Fast/Post_Process/Run_Fast6.csv,run_fast,1,train
LA014,Session2,overground,run,fast,Overground_Run,Run_Fast,/home/kwnuk/WKIRO-Project/data/LA014/Session2/Overground_Run/Run_Fast/Post_Process/Run_Fast7.csv,run_fast,1,train
LA014,Session2,overground,run,fast,Overground_Run,Run_Fast,/home/kwnuk/WKIRO-Project/data/LA014/Session2/Overground_Run/Run_Fast/Post_Process/Run_Fast8.csv,run_fast,1,test
LA014,Session2,overground,run,fast,Overground_Run,Run_Fast,/home/kwnuk/WKIRO-Project/data/LA014/Session2/Overground_Run/Run_Fast/Post_Process/Run_Fast9.csv,run_fast,1,train
LA014,Session2,overground,walk,comfortable,Overground_Walk,Walk_Comfortable,/home/kwnuk/WKIRO-Project/data/LA014/Session2/Overground_Walk/Walk_Comfortable/Post_Process/Walk_Comfortable1.csv,walk_comfortable,2,train
LA014,Session2,overground,walk,comfortable,Overground_Walk,Walk_Comfortable,/home/kwnuk/WKIRO-Project/data/LA014/Session2/Overground_Walk/Walk_Comfortable/Post_Process/Walk_Comfortable2.csv,walk_comfortable,2,train
LA014,Session2,overground,walk,comfortable,Overground_Walk,Walk_Comfortable,/home/kwnuk/WKIRO-Project/data/LA014/Session2/Overground_Walk/Walk_Comfortable/Post_Process/Walk_Comfortable3.csv,walk_comfortable,2,train
LA014,Session2,overground,walk,comfortable,Overground_Walk,Walk_Comfortable,/home/kwnuk/WKIRO-Project/data/LA014/Session2/Overground_Walk/Walk_Comfortable/Post_Process/Walk_Comfortable4.csv,walk_comfortable,2,train
LA014,Session2,overground,walk,comfortable,Overground_Walk,Walk_Comfortable,/home/kwnuk/WKIRO-Project/data/LA014/Session2/Overground_Walk/Walk_Comfortable/Post_Process/Walk_Comfortable5.csv,walk_comfortable,2,test
LA014,Session2,overground,walk,comfortable,Overground_Walk,Walk_Comfortable,/home/kwnuk/WKIRO-Project/data/LA014/Session2/Overground_Walk/Walk_Comfortable/Post_Process/Walk_Comfortable6.csv,walk_comfortable,2,train
LA014,Session2,overground,walk,comfortable,Overground_Walk,Walk_Comfortable,/home/kwnuk/WKIRO-Project/data/LA014/Session2/Overground_Walk/Walk_Comfortable/Post_Process/Walk_Comfortable7.csv,walk_comfortable,2,train
LA014,Session2,overground,walk,comfortable,Overground_Walk,Walk_Comfortable,/home/kwnuk/WKIRO-Project/data/LA014/Session2/Overground_Walk/Walk_Comfortable/Post_Process/Walk_Comfortable8.csv,walk_comfortable,2,train
LA014,Session2,overground,walk,fast,Overground_Walk,Walk_Fast,/home/kwnuk/WKIRO-Project/data/LA014/Session2/Overground_Walk/Walk_Fast/Post_Process/Walk_Fast1.csv,walk_fast,3,val
LA014,Session2,overground,walk,fast,Overground_Walk,Walk_Fast,/home/kwnuk/WKIRO-Project/data/LA014/Session2/Overground_Walk/Walk_Fast/Post_Process/Walk_Fast2.csv,walk_fast,3,train
LA014,Session2,overground,walk,fast,Overground_Walk,Walk_Fast,/home/kwnuk/WKIRO-Project/data/LA014/Session2/Overground_Walk/Walk_Fast/Post_Process/Walk_Fast3.csv,walk_fast,3,train
LA014,Session2,overground,walk,fast,Overground_Walk,Walk_Fast,/home/kwnuk/WKIRO-Project/data/LA014/Session2/Overground_Walk/Walk_Fast/Post_Process/Walk_Fast4.csv,walk_fast,3,train
LA014,Session2,overground,walk,fast,Overground_Walk,Walk_Fast,/home/kwnuk/WKIRO-Project/data/LA014/Session2/Overground_Walk/Walk_Fast/Post_Process/Walk_Fast5.csv,walk_fast,3,train
LA014,Session2,overground,walk,fast,Overground_Walk,Walk_Fast,/home/kwnuk/WKIRO-Project/data/LA014/Session2/Overground_Walk/Walk_Fast/Post_Process/Walk_Fast6.csv,walk_fast,3,train
LA014,Session2,overground,walk,fast,Overground_Walk,Walk_Fast,/home/kwnuk/WKIRO-Project/data/LA014/Session2/Overground_Walk/Walk_Fast/Post_Process/Walk_Fast7.csv,walk_fast,3,val
LA014,Session2,overground,walk,fast,Overground_Walk,Walk_Fast,/home/kwnuk/WKIRO-Project/data/LA014/Session2/Overground_Walk/Walk_Fast/Post_Process/Walk_Fast8.csv,walk_fast,3,test
LA014,Session2,overground,walk,slow,Overground_Walk,Walk_Slow,/home/kwnuk/WKIRO-Project/data/LA014/Session2/Overground_Walk/Walk_Slow/Post_Process/Walk_Slow1.csv,walk_slow,4,train
LA014,Session2,overground,walk,slow,Overground_Walk,Walk_Slow,/home/kwnuk/WKIRO-Project/data/LA014/Session2/Overground_Walk/Walk_Slow/Post_Process/Walk_Slow2.csv,walk_slow,4,test
LA014,Session2,overground,walk,slow,Overground_Walk,Walk_Slow,/home/kwnuk/WKIRO-Project/data/LA014/Session2/Overground_Walk/Walk_Slow/Post_Process/Walk_Slow3.csv,walk_slow,4,train
LA014,Session2,overground,walk,slow,Overground_Walk,Walk_Slow,/home/kwnuk/WKIRO-Project/data/LA014/Session2/Overground_Walk/Walk_Slow/Post_Process/Walk_Slow4.csv,walk_slow,4,train
LA014,Session2,overground,walk,slow,Overground_Walk,Walk_Slow,/home/kwnuk/WKIRO-Project/data/LA014/Session2/Overground_Walk/Walk_Slow/Post_Process/Walk_Slow5.csv,walk_slow,4,val
LA014,Session2,overground,walk,slow,Overground_Walk,Walk_Slow,/home/kwnuk/WKIRO-Project/data/LA014/Session2/Overground_Walk/Walk_Slow/Post_Process/Walk_Slow6.csv,walk_slow,4,train
LA014,Session2,overground,walk,slow,Overground_Walk,Walk_Slow,/home/kwnuk/WKIRO-Project/data/LA014/Session2/Overground_Walk/Walk_Slow/Post_Process/Walk_Slow7.csv,walk_slow,4,train
LA014,Session2,overground,walk,slow,Overground_Walk,Walk_Slow,/home/kwnuk/WKIRO-Project/data/LA014/Session2/Overground_Walk/Walk_Slow/Post_Process/Walk_Slow8.csv,walk_slow,4,val
LA014,Session2,treadmill,run,comfortable,Treadmill_Run,Treadmill_Run_Comfortable,/home/kwnuk/WKIRO-Project/data/LA014/Session2/Treadmill_Run/Treadmill_Run_Comfortable/Post_Process/Treadmill_Run_Comfortable.csv,run_comfortable,0,train
LA014,Session2,treadmill,run,fast,Treadmill_Run,Treadmill_Run_Fast,/home/kwnuk/WKIRO-Project/data/LA014/Session2/Treadmill_Run/Treadmill_Run_Fast/Post_Process/Treadmill_Run_Fast.csv,run_fast,1,train
LA014,Session2,treadmill,walk,comfortable,Treadmill_Walk,Treadmill_Walk_Comfortable,/home/kwnuk/WKIRO-Project/data/LA014/Session2/Treadmill_Walk/Treadmill_Walk_Comfortable/Post_Process/Treadmill_Walk_Comfortable.csv,walk_comfortable,2,test
LA014,Session2,treadmill,walk,fast,Treadmill_Walk,Treadmill_Walk_Fast,/home/kwnuk/WKIRO-Project/data/LA014/Session2/Treadmill_Walk/Treadmill_Walk_Fast/Post_Process/Treadmill_Walk_Fast.csv,walk_fast,3,train
LA014,Session2,treadmill,walk,slow,Treadmill_Walk,Treadmill_Walk_Slow,/home/kwnuk/WKIRO-Project/data/LA014/Session2/Treadmill_Walk/Treadmill_Walk_Slow/Post_Process/Treadmill_Walk_Slow.csv,walk_slow,4,train
LD002,Session1,overground,run,comfortable,Overground_Run,Run_Comfortable,/home/kwnuk/WKIRO-Project/data/LD002/Session1/Overground_Run/Run_Comfortable/Post_Process/Run_Comfortable1.csv,run_comfortable,0,train
LD002,Session1,overground,run,comfortable,Overground_Run,Run_Comfortable,/home/kwnuk/WKIRO-Project/data/LD002/Session1/Overground_Run/Run_Comfortable/Post_Process/Run_Comfortable2.csv,run_comfortable,0,train
LD002,Session1,overground,run,comfortable,Overground_Run,Run_Comfortable,/home/kwnuk/WKIRO-Project/data/LD002/Session1/Overground_Run/Run_Comfortable/Post_Process/Run_Comfortable3.csv,run_comfortable,0,test
LD002,Session1,overground,run,comfortable,Overground_Run,Run_Comfortable,/home/kwnuk/WKIRO-Project/data/LD002/Session1/Overground_Run/Run_Comfortable/Post_Process/Run_Comfortable4.csv,run_comfortable,0,test
LD002,Session1,overground,run,comfortable,Overground_Run,Run_Comfortable,/home/kwnuk/WKIRO-Project/data/LD002/Session1/Overground_Run/Run_Comfortable/Post_Process/Run_Comfortable5.csv,run_comfortable,0,train
LD002,Session1,overground,run,comfortable,Overground_Run,Run_Comfortable,/home/kwnuk/WKIRO-Project/data/LD002/Session1/Overground_Run/Run_Comfortable/Post_Process/Run_Comfortable6.csv,run_comfortable,0,train
LD002,Session1,overground,run,fast,Overground_Run,Run_Fast,/home/kwnuk/WKIRO-Project/data/LD002/Session1/Overground_Run/Run_Fast/Post_Process/Run_Fast1.csv,run_fast,1,val
LD002,Session1,overground,run,fast,Overground_Run,Run_Fast,/home/kwnuk/WKIRO-Project/data/LD002/Session1/Overground_Run/Run_Fast/Post_Process/Run_Fast10.csv,run_fast,1,train
LD002,Session1,overground,run,fast,Overground_Run,Run_Fast,/home/kwnuk/WKIRO-Project/data/LD002/Session1/Overground_Run/Run_Fast/Post_Process/Run_Fast11.csv,run_fast,1,val
LD002,Session1,overground,run,fast,Overground_Run,Run_Fast,/home/kwnuk/WKIRO-Project/data/LD002/Session1/Overground_Run/Run_Fast/Post_Process/Run_Fast12.csv,run_fast,1,train
LD002,Session1,overground,run,fast,Overground_Run,Run_Fast,/home/kwnuk/WKIRO-Project/data/LD002/Session1/Overground_Run/Run_Fast/Post_Process/Run_Fast2.csv,run_fast,1,train
LD002,Session1,overground,run,fast,Overground_Run,Run_Fast,/home/kwnuk/WKIRO-Project/data/LD002/Session1/Overground_Run/Run_Fast/Post_Process/Run_Fast3.csv,run_fast,1,train
LD002,Session1,overground,run,fast,Overground_Run,Run_Fast,/home/kwnuk/WKIRO-Project/data/LD002/Session1/Overground_Run/Run_Fast/Post_Process/Run_Fast4.csv,run_fast,1,train
LD002,Session1,overground,run,fast,Overground_Run,Run_Fast,/home/kwnuk/WKIRO-Project/data/LD002/Session1/Overground_Run/Run_Fast/Post_Process/Run_Fast5.csv,run_fast,1,val
LD002,Session1,overground,run,fast,Overground_Run,Run_Fast,/home/kwnuk/WKIRO-Project/data/LD002/Session1/Overground_Run/Run_Fast/Post_Process/Run_Fast6.csv,run_fast,1,train
LD002,Session1,overground,run,fast,Overground_Run,Run_Fast,/home/kwnuk/WKIRO-Project/data/LD002/Session1/Overground_Run/Run_Fast/Post_Process/Run_Fast7.csv,run_fast,1,train
LD002,Session1,overground,run,fast,Overground_Run,Run_Fast,/home/kwnuk/WKIRO-Project/data/LD002/Session1/Overground_Run/Run_Fast/Post_Process/Run_Fast8.csv,run_fast,1,train
LD002,Session1,overground,run,fast,Overground_Run,Run_Fast,/home/kwnuk/WKIRO-Project/data/LD002/Session1/Overground_Run/Run_Fast/Post_Process/Run_Fast9.csv,run_fast,1,train
LD002,Session1,overground,walk,comfortable,Overground_Walk,Walk_Comfortable,/home/kwnuk/WKIRO-Project/data/LD002/Session1/Overground_Walk/Walk_Comfortable/Post_Process/Walk_Comfortable1.csv,walk_comfortable,2,train
LD002,Session1,overground,walk,comfortable,Overground_Walk,Walk_Comfortable,/home/kwnuk/WKIRO-Project/data/LD002/Session1/Overground_Walk/Walk_Comfortable/Post_Process/Walk_Comfortable10.csv,walk_comfortable,2,val
LD002,Session1,overground,walk,comfortable,Overground_Walk,Walk_Comfortable,/home/kwnuk/WKIRO-Project/data/LD002/Session1/Overground_Walk/Walk_Comfortable/Post_Process/Walk_Comfortable11.csv,walk_comfortable,2,train
LD002,Session1,overground,walk,comfortable,Overground_Walk,Walk_Comfortable,/home/kwnuk/WKIRO-Project/data/LD002/Session1/Overground_Walk/Walk_Comfortable/Post_Process/Walk_Comfortable12.csv,walk_comfortable,2,test
LD002,Session1,overground,walk,comfortable,Overground_Walk,Walk_Comfortable,/home/kwnuk/WKIRO-Project/data/LD002/Session1/Overground_Walk/Walk_Comfortable/Post_Process/Walk_Comfortable2.csv,walk_comfortable,2,test
LD002,Session1,overground,walk,comfortable,Overground_Walk,Walk_Comfortable,/home/kwnuk/WKIRO-Project/data/LD002/Session1/Overground_Walk/Walk_Comfortable/Post_Process/Walk_Comfortable3.csv,walk_comfortable,2,val
LD002,Session1,overground,walk,comfortable,Overground_Walk,Walk_Comfortable,/home/kwnuk/WKIRO-Project/data/LD002/Session1/Overground_Walk/Walk_Comfortable/Post_Process/Walk_Comfortable4.csv,walk_comfortable,2,train
LD002,Session1,overground,walk,comfortable,Overground_Walk,Walk_Comfortable,/home/kwnuk/WKIRO-Project/data/LD002/Session1/Overground_Walk/Walk_Comfortable/Post_Process/Walk_Comfortable5.csv,walk_comfortable,2,train
LD002,Session1,overground,walk,comfortable,Overground_Walk,Walk_Comfortable,/home/kwnuk/WKIRO-Project/data/LD002/Session1/Overground_Walk/Walk_Comfortable/Post_Process/Walk_Comfortable6.csv,walk_comfortable,2,train
LD002,Session1,overground,walk,comfortable,Overground_Walk,Walk_Comfortable,/home/kwnuk/WKIRO-Project/data/LD002/Session1/Overground_Walk/Walk_Comfortable/Post_Process/Walk_Comfortable7.csv,walk_comfortable,2,train
LD002,Session1,overground,walk,comfortable,Overground_Walk,Walk_Comfortable,/home/kwnuk/WKIRO-Project/data/LD002/Session1/Overground_Walk/Walk_Comfortable/Post_Process/Walk_Comfortable8.csv,walk_comfortable,2,train
LD002,Session1,overground,walk,comfortable,Overground_Walk,Walk_Comfortable,/home/kwnuk/WKIRO-Project/data/LD002/Session1/Overground_Walk/Walk_Comfortable/Post_Process/Walk_Comfortable9.csv,walk_comfortable,2,test
LD002,Session1,overground,walk,fast,Overground_Walk,Walk_Fast,/home/kwnuk/WKIRO-Project/data/LD002/Session1/Overground_Walk/Walk_Fast/Post_Process/Walk_Fast1.csv,walk_fast,3,test
LD002,Session1,overground,walk,fast,Overground_Walk,Walk_Fast,/home/kwnuk/WKIRO-Project/data/LD002/Session1/Overground_Walk/Walk_Fast/Post_Process/Walk_Fast10.csv,walk_fast,3,train
LD002,Session1,overground,walk,fast,Overground_Walk,Walk_Fast,/home/kwnuk/WKIRO-Project/data/LD002/Session1/Overground_Walk/Walk_Fast/Post_Process/Walk_Fast2.csv,walk_fast,3,test
LD002,Session1,overground,walk,fast,Overground_Walk,Walk_Fast,/home/kwnuk/WKIRO-Project/data/LD002/Session1/Overground_Walk/Walk_Fast/Post_Process/Walk_Fast3.csv,walk_fast,3,train
LD002,Session1,overground,walk,fast,Overground_Walk,Walk_Fast,/home/kwnuk/WKIRO-Project/data/LD002/Session1/Overground_Walk/Walk_Fast/Post_Process/Walk_Fast4.csv,walk_fast,3,train
LD002,Session1,overground,walk,fast,Overground_Walk,Walk_Fast,/home/kwnuk/WKIRO-Project/data/LD002/Session1/Overground_Walk/Walk_Fast/Post_Process/Walk_Fast5.csv,walk_fast,3,train
LD002,Session1,overground,walk,fast,Overground_Walk,Walk_Fast,/home/kwnuk/WKIRO-Project/data/LD002/Session1/Overground_Walk/Walk_Fast/Post_Process/Walk_Fast6.csv,walk_fast,3,train
LD002,Session1,overground,walk,fast,Overground_Walk,Walk_Fast,/home/kwnuk/WKIRO-Project/data/LD002/Session1/Overground_Walk/Walk_Fast/Post_Process/Walk_Fast7.csv,walk_fast,3,test
LD002,Session1,overground,walk,fast,Overground_Walk,Walk_Fast,/home/kwnuk/WKIRO-Project/data/LD002/Session1/Overground_Walk/Walk_Fast/Post_Process/Walk_Fast8.csv,walk_fast,3,train
LD002,Session1,overground,walk,fast,Overground_Walk,Walk_Fast,/home/kwnuk/WKIRO-Project/data/LD002/Session1/Overground_Walk/Walk_Fast/Post_Process/Walk_Fast9.csv,walk_fast,3,train
LD002,Session1,overground,walk,slow,Overground_Walk,Walk_Slow,/home/kwnuk/WKIRO-Project/data/LD002/Session1/Overground_Walk/Walk_Slow/Post_Process/Walk_Slow1.csv,walk_slow,4,train
LD002,Session1,overground,walk,slow,Overground_Walk,Walk_Slow,/home/kwnuk/WKIRO-Project/data/LD002/Session1/Overground_Walk/Walk_Slow/Post_Process/Walk_Slow2.csv,walk_slow,4,train
LD002,Session1,overground,walk,slow,Overground_Walk,Walk_Slow,/home/kwnuk/WKIRO-Project/data/LD002/Session1/Overground_Walk/Walk_Slow/Post_Process/Walk_Slow3.csv,walk_slow,4,train
LD002,Session1,overground,walk,slow,Overground_Walk,Walk_Slow,/home/kwnuk/WKIRO-Project/data/LD002/Session1/Overground_Walk/Walk_Slow/Post_Process/Walk_Slow4.csv,walk_slow,4,train
LD002,Session1,overground,walk,slow,Overground_Walk,Walk_Slow,/home/kwnuk/WKIRO-Project/data/LD002/Session1/Overground_Walk/Walk_Slow/Post_Process/Walk_Slow5.csv,walk_slow,4,val
LD002,Session1,treadmill,run,comfortable,Treadmill_Run,Treadmill_Run_Comfortable,/home/kwnuk/WKIRO-Project/data/LD002/Session1/Treadmill_Run/Treadmill_Run_Comfortable/Post_Process/Treadmill_Run_Comfortable.csv,run_comfortable,0,train
LD002,Session1,treadmill,run,fast,Treadmill_Run,Treadmill_Run_Fast,/home/kwnuk/WKIRO-Project/data/LD002/Session1/Treadmill_Run/Treadmill_Run_Fast/Post_Process/Treadmill_Run_Fast.csv,run_fast,1,train
LD002,Session1,treadmill,walk,comfortable,Treadmill_Walk,Treadmill_Walk_Comfortable,/home/kwnuk/WKIRO-Project/data/LD002/Session1/Treadmill_Walk/Treadmill_Walk_Comfortable/Post_Process/Treadmill_Walk_Comfortable.csv,walk_comfortable,2,train
LD002,Session1,treadmill,walk,fast,Treadmill_Walk,Treadmill_Walk_Fast,/home/kwnuk/WKIRO-Project/data/LD002/Session1/Treadmill_Walk/Treadmill_Walk_Fast/Post_Process/Treadmill_Walk_Fast.csv,walk_fast,3,train
LD002,Session1,treadmill,walk,slow,Treadmill_Walk,Treadmill_Walk_Slow,/home/kwnuk/WKIRO-Project/data/LD002/Session1/Treadmill_Walk/Treadmill_Walk_Slow/Post_Process/Treadmill_Walk_Slow.csv,walk_slow,4,train
LD002,Session2,overground,run,comfortable,Overground_Run,Run_Comfortable,/home/kwnuk/WKIRO-Project/data/LD002/Session2/Overground_Run/Run_Comfortable/Post_Process/Run_Comfortable1.csv,run_comfortable,0,val
LD002,Session2,overground,run,comfortable,Overground_Run,Run_Comfortable,/home/kwnuk/WKIRO-Project/data/LD002/Session2/Overground_Run/Run_Comfortable/Post_Process/Run_Comfortable10.csv,run_comfortable,0,train
LD002,Session2,overground,run,comfortable,Overground_Run,Run_Comfortable,/home/kwnuk/WKIRO-Project/data/LD002/Session2/Overground_Run/Run_Comfortable/Post_Process/Run_Comfortable11.csv,run_comfortable,0,train
LD002,Session2,overground,run,comfortable,Overground_Run,Run_Comfortable,/home/kwnuk/WKIRO-Project/data/LD002/Session2/Overground_Run/Run_Comfortable/Post_Process/Run_Comfortable12.csv,run_comfortable,0,train
LD002,Session2,overground,run,comfortable,Overground_Run,Run_Comfortable,/home/kwnuk/WKIRO-Project/data/LD002/Session2/Overground_Run/Run_Comfortable/Post_Process/Run_Comfortable13.csv,run_comfortable,0,train
LD002,Session2,overground,run,comfortable,Overground_Run,Run_Comfortable,/home/kwnuk/WKIRO-Project/data/LD002/Session2/Overground_Run/Run_Comfortable/Post_Process/Run_Comfortable14.csv,run_comfortable,0,val
LD002,Session2,overground,run,comfortable,Overground_Run,Run_Comfortable,/home/kwnuk/WKIRO-Project/data/LD002/Session2/Overground_Run/Run_Comfortable/Post_Process/Run_Comfortable15.csv,run_comfortable,0,train
LD002,Session2,overground,run,comfortable,Overground_Run,Run_Comfortable,/home/kwnuk/WKIRO-Project/data/LD002/Session2/Overground_Run/Run_Comfortable/Post_Process/Run_Comfortable16.csv,run_comfortable,0,train
LD002,Session2,overground,run,comfortable,Overground_Run,Run_Comfortable,/home/kwnuk/WKIRO-Project/data/LD002/Session2/Overground_Run/Run_Comfortable/Post_Process/Run_Comfortable2.csv,run_comfortable,0,train
LD002,Session2,overground,run,comfortable,Overground_Run,Run_Comfortable,/home/kwnuk/WKIRO-Project/data/LD002/Session2/Overground_Run/Run_Comfortable/Post_Process/Run_Comfortable3.csv,run_comfortable,0,val
LD002,Session2,overground,run,comfortable,Overground_Run,Run_Comfortable,/home/kwnuk/WKIRO-Project/data/LD002/Session2/Overground_Run/Run_Comfortable/Post_Process/Run_Comfortable4.csv,run_comfortable,0,train
LD002,Session2,overground,run,comfortable,Overground_Run,Run_Comfortable,/home/kwnuk/WKIRO-Project/data/LD002/Session2/Overground_Run/Run_Comfortable/Post_Process/Run_Comfortable5.csv,run_comfortable,0,val
LD002,Session2,overground,run,comfortable,Overground_Run,Run_Comfortable,/home/kwnuk/WKIRO-Project/data/LD002/Session2/Overground_Run/Run_Comfortable/Post_Process/Run_Comfortable6.csv,run_comfortable,0,test
LD002,Session2,overground,run,comfortable,Overground_Run,Run_Comfortable,/home/kwnuk/WKIRO-Project/data/LD002/Session2/Overground_Run/Run_Comfortable/Post_Process/Run_Comfortable7.csv,run_comfortable,0,train
LD002,Session2,overground,run,comfortable,Overground_Run,Run_Comfortable,/home/kwnuk/WKIRO-Project/data/LD002/Session2/Overground_Run/Run_Comfortable/Post_Process/Run_Comfortable8.csv,run_comfortable,0,train
LD002,Session2,overground,run,comfortable,Overground_Run,Run_Comfortable,/home/kwnuk/WKIRO-Project/data/LD002/Session2/Overground_Run/Run_Comfortable/Post_Process/Run_Comfortable9.csv,run_comfortable,0,train
LD002,Session2,overground,run,fast,Overground_Run,Run_Fast,/home/kwnuk/WKIRO-Project/data/LD002/Session2/Overground_Run/Run_Fast/Post_Process/Run_Fast1.csv,run_fast,1,test
LD002,Session2,overground,run,fast,Overground_Run,Run_Fast,/home/kwnuk/WKIRO-Project/data/LD002/Session2/Overground_Run/Run_Fast/Post_Process/Run_Fast10.csv,run_fast,1,train
LD002,Session2,overground,run,fast,Overground_Run,Run_Fast,/home/kwnuk/WKIRO-Project/data/LD002/Session2/Overground_Run/Run_Fast/Post_Process/Run_Fast11.csv,run_fast,1,test
LD002,Session2,overground,run,fast,Overground_Run,Run_Fast,/home/kwnuk/WKIRO-Project/data/LD002/Session2/Overground_Run/Run_Fast/Post_Process/Run_Fast12.csv,run_fast,1,val
LD002,Session2,overground,run,fast,Overground_Run,Run_Fast,/home/kwnuk/WKIRO-Project/data/LD002/Session2/Overground_Run/Run_Fast/Post_Process/Run_Fast13.csv,run_fast,1,train
LD002,Session2,overground,run,fast,Overground_Run,Run_Fast,/home/kwnuk/WKIRO-Project/data/LD002/Session2/Overground_Run/Run_Fast/Post_Process/Run_Fast14.csv,run_fast,1,train
LD002,Session2,overground,run,fast,Overground_Run,Run_Fast,/home/kwnuk/WKIRO-Project/data/LD002/Session2/Overground_Run/Run_Fast/Post_Process/Run_Fast15.csv,run_fast,1,test
LD002,Session2,overground,run,fast,Overground_Run,Run_Fast,/home/kwnuk/WKIRO-Project/data/LD002/Session2/Overground_Run/Run_Fast/Post_Process/Run_Fast16.csv,run_fast,1,train
LD002,Session2,overground,run,fast,Overground_Run,Run_Fast,/home/kwnuk/WKIRO-Project/data/LD002/Session2/Overground_Run/Run_Fast/Post_Process/Run_Fast2.csv,run_fast,1,train
LD002,Session2,overground,run,fast,Overground_Run,Run_Fast,/home/kwnuk/WKIRO-Project/data/LD002/Session2/Overground_Run/Run_Fast/Post_Process/Run_Fast3.csv,run_fast,1,test
LD002,Session2,overground,run,fast,Overground_Run,Run_Fast,/home/kwnuk/WKIRO-Project/data/LD002/Session2/Overground_Run/Run_Fast/Post_Process/Run_Fast4.csv,run_fast,1,train
LD002,Session2,overground,run,fast,Overground_Run,Run_Fast,/home/kwnuk/WKIRO-Project/data/LD002/Session2/Overground_Run/Run_Fast/Post_Process/Run_Fast5.csv,run_fast,1,val
LD002,Session2,overground,run,fast,Overground_Run,Run_Fast,/home/kwnuk/WKIRO-Project/data/LD002/Session2/Overground_Run/Run_Fast/Post_Process/Run_Fast6.csv,run_fast,1,train
LD002,Session2,overground,run,fast,Overground_Run,Run_Fast,/home/kwnuk/WKIRO-Project/data/LD002/Session2/Overground_Run/Run_Fast/Post_Process/Run_Fast7.csv,run_fast,1,train
LD002,Session2,overground,run,fast,Overground_Run,Run_Fast,/home/kwnuk/WKIRO-Project/data/LD002/Session2/Overground_Run/Run_Fast/Post_Process/Run_Fast8.csv,run_fast,1,train
LD002,Session2,overground,run,fast,Overground_Run,Run_Fast,/home/kwnuk/WKIRO-Project/data/LD002/Session2/Overground_Run/Run_Fast/Post_Process/Run_Fast9.csv,run_fast,1,train
LD002,Session2,overground,walk,comfortable,Overground_Walk,Walk_Comfortable,/home/kwnuk/WKIRO-Project/data/LD002/Session2/Overground_Walk/Walk_Comfortable/Post_Process/Walk_Comfortable1.csv,walk_comfortable,2,train
LD002,Session2,overground,walk,comfortable,Overground_Walk,Walk_Comfortable,/home/kwnuk/WKIRO-Project/data/LD002/Session2/Overground_Walk/Walk_Comfortable/Post_Process/Walk_Comfortable2.csv,walk_comfortable,2,train
LD002,Session2,overground,walk,comfortable,Overground_Walk,Walk_Comfortable,/home/kwnuk/WKIRO-Project/data/LD002/Session2/Overground_Walk/Walk_Comfortable/Post_Process/Walk_Comfortable3.csv,walk_comfortable,2,train
LD002,Session2,overground,walk,comfortable,Overground_Walk,Walk_Comfortable,/home/kwnuk/WKIRO-Project/data/LD002/Session2/Overground_Walk/Walk_Comfortable/Post_Process/Walk_Comfortable4.csv,walk_comfortable,2,train
LD002,Session2,overground,walk,comfortable,Overground_Walk,Walk_Comfortable,/home/kwnuk/WKIRO-Project/data/LD002/Session2/Overground_Walk/Walk_Comfortable/Post_Process/Walk_Comfortable5.csv,walk_comfortable,2,train
LD002,Session2,overground,walk,comfortable,Overground_Walk,Walk_Comfortable,/home/kwnuk/WKIRO-Project/data/LD002/Session2/Overground_Walk/Walk_Comfortable/Post_Process/Walk_Comfortable6.csv,walk_comfortable,2,train
LD002,Session2,overground,walk,comfortable,Overground_Walk,Walk_Comfortable,/home/kwnuk/WKIRO-Project/data/LD002/Session2/Overground_Walk/Walk_Comfortable/Post_Process/Walk_Comfortable7.csv,walk_comfortable,2,train
LD002,Session2,overground,walk,fast,Overground_Walk,Walk_Fast,/home/kwnuk/WKIRO-Project/data/LD002/Session2/Overground_Walk/Walk_Fast/Post_Process/Walk_Fast1.csv,walk_fast,3,val
LD002,Session2,overground,walk,fast,Overground_Walk,Walk_Fast,/home/kwnuk/WKIRO-Project/data/LD002/Session2/Overground_Walk/Walk_Fast/Post_Process/Walk_Fast2.csv,walk_fast,3,val
LD002,Session2,overground,walk,fast,Overground_Walk,Walk_Fast,/home/kwnuk/WKIRO-Project/data/LD002/Session2/Overground_Walk/Walk_Fast/Post_Process/Walk_Fast3.csv,walk_fast,3,val
LD002,Session2,overground,walk,fast,Overground_Walk,Walk_Fast,/home/kwnuk/WKIRO-Project/data/LD002/Session2/Overground_Walk/Walk_Fast/Post_Process/Walk_Fast4.csv,walk_fast,3,train
LD002,Session2,overground,walk,fast,Overground_Walk,Walk_Fast,/home/kwnuk/WKIRO-Project/data/LD002/Session2/Overground_Walk/Walk_Fast/Post_Process/Walk_Fast5.csv,walk_fast,3,train
LD002,Session2,overground,walk,fast,Overground_Walk,Walk_Fast,/home/kwnuk/WKIRO-Project/data/LD002/Session2/Overground_Walk/Walk_Fast/Post_Process/Walk_Fast6.csv,walk_fast,3,train
LD002,Session2,overground,walk,slow,Overground_Walk,Walk_Slow,/home/kwnuk/WKIRO-Project/data/LD002/Session2/Overground_Walk/Walk_Slow/Post_Process/Walk_Slow1.csv,walk_slow,4,val
LD002,Session2,overground,walk,slow,Overground_Walk,Walk_Slow,/home/kwnuk/WKIRO-Project/data/LD002/Session2/Overground_Walk/Walk_Slow/Post_Process/Walk_Slow2.csv,walk_slow,4,test
LD002,Session2,overground,walk,slow,Overground_Walk,Walk_Slow,/home/kwnuk/WKIRO-Project/data/LD002/Session2/Overground_Walk/Walk_Slow/Post_Process/Walk_Slow3.csv,walk_slow,4,train
LD002,Session2,overground,walk,slow,Overground_Walk,Walk_Slow,/home/kwnuk/WKIRO-Project/data/LD002/Session2/Overground_Walk/Walk_Slow/Post_Process/Walk_Slow4.csv,walk_slow,4,train
LD002,Session2,overground,walk,slow,Overground_Walk,Walk_Slow,/home/kwnuk/WKIRO-Project/data/LD002/Session2/Overground_Walk/Walk_Slow/Post_Process/Walk_Slow5.csv,walk_slow,4,test
LD002,Session2,overground,walk,slow,Overground_Walk,Walk_Slow,/home/kwnuk/WKIRO-Project/data/LD002/Session2/Overground_Walk/Walk_Slow/Post_Process/Walk_Slow6.csv,walk_slow,4,train
LD002,Session2,treadmill,run,comfortable,Treadmill_Run,Treadmill_Run_Comfortable,/home/kwnuk/WKIRO-Project/data/LD002/Session2/Treadmill_Run/Treadmill_Run_Comfortable/Post_Process/Treadmill_Run_Comfortable.csv,run_comfortable,0,train
LD002,Session2,treadmill,run,fast,Treadmill_Run,Treadmill_Run_Fast,/home/kwnuk/WKIRO-Project/data/LD002/Session2/Treadmill_Run/Treadmill_Run_Fast/Post_Process/Treadmill_Run_Fast.csv,run_fast,1,train
LD002,Session2,treadmill,walk,comfortable,Treadmill_Walk,Treadmill_Walk_Comfortable,/home/kwnuk/WKIRO-Project/data/LD002/Session2/Treadmill_Walk/Treadmill_Walk_Comfortable/Post_Process/Treadmill_Walk_Comfortable.csv,walk_comfortable,2,val
LD002,Session2,treadmill,walk,fast,Treadmill_Walk,Treadmill_Walk_Fast,/home/kwnuk/WKIRO-Project/data/LD002/Session2/Treadmill_Walk/Treadmill_Walk_Fast/Post_Process/Treadmill_Walk_Fast.csv,walk_fast,3,train
LD002,Session2,treadmill,walk,slow,Treadmill_Walk,Treadmill_Walk_Slow,/home/kwnuk/WKIRO-Project/data/LD002/Session2/Treadmill_Walk/Treadmill_Walk_Slow/Post_Process/Treadmill_Walk_Slow.csv,walk_slow,4,train
LF003,Session1,overground,run,comfortable,Overground_Run,Run_Comfortable,/home/kwnuk/WKIRO-Project/data/LF003/Session1/Overground_Run/Run_Comfortable/Post_Process/Run_Comfortable1.csv,run_comfortable,0,train
LF003,Session1,overground,run,comfortable,Overground_Run,Run_Comfortable,/home/kwnuk/WKIRO-Project/data/LF003/Session1/Overground_Run/Run_Comfortable/Post_Process/Run_Comfortable10.csv,run_comfortable,0,train
LF003,Session1,overground,run,comfortable,Overground_Run,Run_Comfortable,/home/kwnuk/WKIRO-Project/data/LF003/Session1/Overground_Run/Run_Comfortable/Post_Process/Run_Comfortable11.csv,run_comfortable,0,test
LF003,Session1,overground,run,comfortable,Overground_Run,Run_Comfortable,/home/kwnuk/WKIRO-Project/data/LF003/Session1/Overground_Run/Run_Comfortable/Post_Process/Run_Comfortable12.csv,run_comfortable,0,test
LF003,Session1,overground,run,comfortable,Overground_Run,Run_Comfortable,/home/kwnuk/WKIRO-Project/data/LF003/Session1/Overground_Run/Run_Comfortable/Post_Process/Run_Comfortable13.csv,run_comfortable,0,val
LF003,Session1,overground,run,comfortable,Overground_Run,Run_Comfortable,/home/kwnuk/WKIRO-Project/data/LF003/Session1/Overground_Run/Run_Comfortable/Post_Process/Run_Comfortable14.csv,run_comfortable,0,train
LF003,Session1,overground,run,comfortable,Overground_Run,Run_Comfortable,/home/kwnuk/WKIRO-Project/data/LF003/Session1/Overground_Run/Run_Comfortable/Post_Process/Run_Comfortable15.csv,run_comfortable,0,test
LF003,Session1,overground,run,comfortable,Overground_Run,Run_Comfortable,/home/kwnuk/WKIRO-Project/data/LF003/Session1/Overground_Run/Run_Comfortable/Post_Process/Run_Comfortable16.csv,run_comfortable,0,train
LF003,Session1,overground,run,comfortable,Overground_Run,Run_Comfortable,/home/kwnuk/WKIRO-Project/data/LF003/Session1/Overground_Run/Run_Comfortable/Post_Process/Run_Comfortable2.csv,run_comfortable,0,train
LF003,Session1,overground,run,comfortable,Overground_Run,Run_Comfortable,/home/kwnuk/WKIRO-Project/data/LF003/Session1/Overground_Run/Run_Comfortable/Post_Process/Run_Comfortable3.csv,run_comfortable,0,val
LF003,Session1,overground,run,comfortable,Overground_Run,Run_Comfortable,/home/kwnuk/WKIRO-Project/data/LF003/Session1/Overground_Run/Run_Comfortable/Post_Process/Run_Comfortable4.csv,run_comfortable,0,train
LF003,Session1,overground,run,comfortable,Overground_Run,Run_Comfortable,/home/kwnuk/WKIRO-Project/data/LF003/Session1/Overground_Run/Run_Comfortable/Post_Process/Run_Comfortable5.csv,run_comfortable,0,train
LF003,Session1,overground,run,comfortable,Overground_Run,Run_Comfortable,/home/kwnuk/WKIRO-Project/data/LF003/Session1/Overground_Run/Run_Comfortable/Post_Process/Run_Comfortable6.csv,run_comfortable,0,val
LF003,Session1,overground,run,comfortable,Overground_Run,Run_Comfortable,/home/kwnuk/WKIRO-Project/data/LF003/Session1/Overground_Run/Run_Comfortable/Post_Process/Run_Comfortable7.csv,run_comfortable,0,train
LF003,Session1,overground,run,comfortable,Overground_Run,Run_Comfortable,/home/kwnuk/WKIRO-Project/data/LF003/Session1/Overground_Run/Run_Comfortable/Post_Process/Run_Comfortable8.csv,run_comfortable,0,train
LF003,Session1,overground,run,comfortable,Overground_Run,Run_Comfortable,/home/kwnuk/WKIRO-Project/data/LF003/Session1/Overground_Run/Run_Comfortable/Post_Process/Run_Comfortable9.csv,run_comfortable,0,train
LF003,Session1,overground,run,fast,Overground_Run,Run_Fast,/home/kwnuk/WKIRO-Project/data/LF003/Session1/Overground_Run/Run_Fast/Post_Process/Run_Fast1.csv,run_fast,1,train
LF003,Session1,overground,run,fast,Overground_Run,Run_Fast,/home/kwnuk/WKIRO-Project/data/LF003/Session1/Overground_Run/Run_Fast/Post_Process/Run_Fast2.csv,run_fast,1,train
LF003,Session1,overground,run,fast,Overground_Run,Run_Fast,/home/kwnuk/WKIRO-Project/data/LF003/Session1/Overground_Run/Run_Fast/Post_Process/Run_Fast3.csv,run_fast,1,test
LF003,Session1,overground,run,fast,Overground_Run,Run_Fast,/home/kwnuk/WKIRO-Project/data/LF003/Session1/Overground_Run/Run_Fast/Post_Process/Run_Fast4.csv,run_fast,1,val
LF003,Session1,overground,run,fast,Overground_Run,Run_Fast,/home/kwnuk/WKIRO-Project/data/LF003/Session1/Overground_Run/Run_Fast/Post_Process/Run_Fast5.csv,run_fast,1,train
LF003,Session1,overground,run,fast,Overground_Run,Run_Fast,/home/kwnuk/WKIRO-Project/data/LF003/Session1/Overground_Run/Run_Fast/Post_Process/Run_Fast6.csv,run_fast,1,val
LF003,Session1,overground,run,fast,Overground_Run,Run_Fast,/home/kwnuk/WKIRO-Project/data/LF003/Session1/Overground_Run/Run_Fast/Post_Process/Run_Fast7.csv,run_fast,1,train
LF003,Session1,overground,run,fast,Overground_Run,Run_Fast,/home/kwnuk/WKIRO-Project/data/LF003/Session1/Overground_Run/Run_Fast/Post_Process/Run_Fast8.csv,run_fast,1,train
LF003,Session1,overground,walk,comfortable,Overground_Walk,Walk_Comfortable,/home/kwnuk/WKIRO-Project/data/LF003/Session1/Overground_Walk/Walk_Comfortable/Post_Process/Walk_Comfortable1.csv,walk_comfortable,2,train
LF003,Session1,overground,walk,comfortable,Overground_Walk,Walk_Comfortable,/home/kwnuk/WKIRO-Project/data/LF003/Session1/Overground_Walk/Walk_Comfortable/Post_Process/Walk_Comfortable2.csv,walk_comfortable,2,train
LF003,Session1,overground,walk,comfortable,Overground_Walk,Walk_Comfortable,/home/kwnuk/WKIRO-Project/data/LF003/Session1/Overground_Walk/Walk_Comfortable/Post_Process/Walk_Comfortable3.csv,walk_comfortable,2,test
LF003,Session1,overground,walk,comfortable,Overground_Walk,Walk_Comfortable,/home/kwnuk/WKIRO-Project/data/LF003/Session1/Overground_Walk/Walk_Comfortable/Post_Process/Walk_Comfortable4.csv,walk_comfortable,2,train
LF003,Session1,overground,walk,comfortable,Overground_Walk,Walk_Comfortable,/home/kwnuk/WKIRO-Project/data/LF003/Session1/Overground_Walk/Walk_Comfortable/Post_Process/Walk_Comfortable5.csv,walk_comfortable,2,train
LF003,Session1,overground,walk,comfortable,Overground_Walk,Walk_Comfortable,/home/kwnuk/WKIRO-Project/data/LF003/Session1/Overground_Walk/Walk_Comfortable/Post_Process/Walk_Comfortable6.csv,walk_comfortable,2,train
LF003,Session1,overground,walk,fast,Overground_Walk,Walk_Fast,/home/kwnuk/WKIRO-Project/data/LF003/Session1/Overground_Walk/Walk_Fast/Post_Process/Walk_Fast1.csv,walk_fast,3,train
LF003,Session1,overground,walk,fast,Overground_Walk,Walk_Fast,/home/kwnuk/WKIRO-Project/data/LF003/Session1/Overground_Walk/Walk_Fast/Post_Process/Walk_Fast10.csv,walk_fast,3,train
LF003,Session1,overground,walk,fast,Overground_Walk,Walk_Fast,/home/kwnuk/WKIRO-Project/data/LF003/Session1/Overground_Walk/Walk_Fast/Post_Process/Walk_Fast11.csv,walk_fast,3,train
LF003,Session1,overground,walk,fast,Overground_Walk,Walk_Fast,/home/kwnuk/WKIRO-Project/data/LF003/Session1/Overground_Walk/Walk_Fast/Post_Process/Walk_Fast12.csv,walk_fast,3,train
LF003,Session1,overground,walk,fast,Overground_Walk,Walk_Fast,/home/kwnuk/WKIRO-Project/data/LF003/Session1/Overground_Walk/Walk_Fast/Post_Process/Walk_Fast2.csv,walk_fast,3,train
LF003,Session1,overground,walk,fast,Overground_Walk,Walk_Fast,/home/kwnuk/WKIRO-Project/data/LF003/Session1/Overground_Walk/Walk_Fast/Post_Process/Walk_Fast3.csv,walk_fast,3,train
LF003,Session1,overground,walk,fast,Overground_Walk,Walk_Fast,/home/kwnuk/WKIRO-Project/data/LF003/Session1/Overground_Walk/Walk_Fast/Post_Process/Walk_Fast4.csv,walk_fast,3,train
LF003,Session1,overground,walk,fast,Overground_Walk,Walk_Fast,/home/kwnuk/WKIRO-Project/data/LF003/Session1/Overground_Walk/Walk_Fast/Post_Process/Walk_Fast5.csv,walk_fast,3,test
LF003,Session1,overground,walk,fast,Overground_Walk,Walk_Fast,/home/kwnuk/WKIRO-Project/data/LF003/Session1/Overground_Walk/Walk_Fast/Post_Process/Walk_Fast6.csv,walk_fast,3,test
LF003,Session1,overground,walk,fast,Overground_Walk,Walk_Fast,/home/kwnuk/WKIRO-Project/data/LF003/Session1/Overground_Walk/Walk_Fast/Post_Process/Walk_Fast7.csv,walk_fast,3,train
LF003,Session1,overground,walk,fast,Overground_Walk,Walk_Fast,/home/kwnuk/WKIRO-Project/data/LF003/Session1/Overground_Walk/Walk_Fast/Post_Process/Walk_Fast8.csv,walk_fast,3,val
LF003,Session1,overground,walk,fast,Overground_Walk,Walk_Fast,/home/kwnuk/WKIRO-Project/data/LF003/Session1/Overground_Walk/Walk_Fast/Post_Process/Walk_Fast9.csv,walk_fast,3,train
LF003,Session1,overground,walk,slow,Overground_Walk,Walk_Slow,/home/kwnuk/WKIRO-Project/data/LF003/Session1/Overground_Walk/Walk_Slow/Post_Process/Walk_Slow1.csv,walk_slow,4,train
LF003,Session1,overground,walk,slow,Overground_Walk,Walk_Slow,/home/kwnuk/WKIRO-Project/data/LF003/Session1/Overground_Walk/Walk_Slow/Post_Process/Walk_Slow2.csv,walk_slow,4,train
LF003,Session1,overground,walk,slow,Overground_Walk,Walk_Slow,/home/kwnuk/WKIRO-Project/data/LF003/Session1/Overground_Walk/Walk_Slow/Post_Process/Walk_Slow3.csv,walk_slow,4,val
LF003,Session1,overground,walk,slow,Overground_Walk,Walk_Slow,/home/kwnuk/WKIRO-Project/data/LF003/Session1/Overground_Walk/Walk_Slow/Post_Process/Walk_Slow4.csv,walk_slow,4,test
LF003,Session1,overground,walk,slow,Overground_Walk,Walk_Slow,/home/kwnuk/WKIRO-Project/data/LF003/Session1/Overground_Walk/Walk_Slow/Post_Process/Walk_Slow5.csv,walk_slow,4,val
LF003,Session1,overground,walk,slow,Overground_Walk,Walk_Slow,/home/kwnuk/WKIRO-Project/data/LF003/Session1/Overground_Walk/Walk_Slow/Post_Process/Walk_Slow6.csv,walk_slow,4,train
LF003,Session1,treadmill,run,comfortable,Treadmill_Run,Treadmill_Run_Comfortable,/home/kwnuk/WKIRO-Project/data/LF003/Session1/Treadmill_Run/Treadmill_Run_Comfortable/Post_Process/Treadmill_Run_Comfortable.csv,run_comfortable,0,test
LF003,Session1,treadmill,run,fast,Treadmill_Run,Treadmill_Run_Fast,/home/kwnuk/WKIRO-Project/data/LF003/Session1/Treadmill_Run/Treadmill_Run_Fast/Post_Process/Treadmill_Run_Fast.csv,run_fast,1,train
LF003,Session1,treadmill,walk,comfortable,Treadmill_Walk,Treadmill_Walk_Comfortable,/home/kwnuk/WKIRO-Project/data/LF003/Session1/Treadmill_Walk/Treadmill_Walk_Comfortable/Post_Process/Treadmill_Walk_Comfortable.csv,walk_comfortable,2,test
LF003,Session1,treadmill,walk,fast,Treadmill_Walk,Treadmill_Walk_Fast,/home/kwnuk/WKIRO-Project/data/LF003/Session1/Treadmill_Walk/Treadmill_Walk_Fast/Post_Process/Treadmill_Walk_Fast.csv,walk_fast,3,train
LF003,Session1,treadmill,walk,slow,Treadmill_Walk,Treadmill_Walk_Slow,/home/kwnuk/WKIRO-Project/data/LF003/Session1/Treadmill_Walk/Treadmill_Walk_Slow/Post_Process/Treadmill_Walk_Slow.csv,walk_slow,4,train
LF003,Session2,overground,run,comfortable,Overground_Run,Run_Comfortable,/home/kwnuk/WKIRO-Project/data/LF003/Session2/Overground_Run/Run_Comfortable/Post_Process/Run_Comfortable1.csv,run_comfortable,0,train
LF003,Session2,overground,run,comfortable,Overground_Run,Run_Comfortable,/home/kwnuk/WKIRO-Project/data/LF003/Session2/Overground_Run/Run_Comfortable/Post_Process/Run_Comfortable10.csv,run_comfortable,0,train
LF003,Session2,overground,run,comfortable,Overground_Run,Run_Comfortable,/home/kwnuk/WKIRO-Project/data/LF003/Session2/Overground_Run/Run_Comfortable/Post_Process/Run_Comfortable11.csv,run_comfortable,0,val
LF003,Session2,overground,run,comfortable,Overground_Run,Run_Comfortable,/home/kwnuk/WKIRO-Project/data/LF003/Session2/Overground_Run/Run_Comfortable/Post_Process/Run_Comfortable12.csv,run_comfortable,0,train
LF003,Session2,overground,run,comfortable,Overground_Run,Run_Comfortable,/home/kwnuk/WKIRO-Project/data/LF003/Session2/Overground_Run/Run_Comfortable/Post_Process/Run_Comfortable2.csv,run_comfortable,0,train
LF003,Session2,overground,run,comfortable,Overground_Run,Run_Comfortable,/home/kwnuk/WKIRO-Project/data/LF003/Session2/Overground_Run/Run_Comfortable/Post_Process/Run_Comfortable3.csv,run_comfortable,0,train
LF003,Session2,overground,run,comfortable,Overground_Run,Run_Comfortable,/home/kwnuk/WKIRO-Project/data/LF003/Session2/Overground_Run/Run_Comfortable/Post_Process/Run_Comfortable4.csv,run_comfortable,0,train
LF003,Session2,overground,run,comfortable,Overground_Run,Run_Comfortable,/home/kwnuk/WKIRO-Project/data/LF003/Session2/Overground_Run/Run_Comfortable/Post_Process/Run_Comfortable5.csv,run_comfortable,0,train
LF003,Session2,overground,run,comfortable,Overground_Run,Run_Comfortable,/home/kwnuk/WKIRO-Project/data/LF003/Session2/Overground_Run/Run_Comfortable/Post_Process/Run_Comfortable6.csv,run_comfortable,0,val
LF003,Session2,overground,run,comfortable,Overground_Run,Run_Comfortable,/home/kwnuk/WKIRO-Project/data/LF003/Session2/Overground_Run/Run_Comfortable/Post_Process/Run_Comfortable7.csv,run_comfortable,0,train
LF003,Session2,overground,run,comfortable,Overground_Run,Run_Comfortable,/home/kwnuk/WKIRO-Project/data/LF003/Session2/Overground_Run/Run_Comfortable/Post_Process/Run_Comfortable8.csv,run_comfortable,0,train
LF003,Session2,overground,run,comfortable,Overground_Run,Run_Comfortable,/home/kwnuk/WKIRO-Project/data/LF003/Session2/Overground_Run/Run_Comfortable/Post_Process/Run_Comfortable9.csv,run_comfortable,0,train
LF003,Session2,overground,run,fast,Overground_Run,Run_Fast,/home/kwnuk/WKIRO-Project/data/LF003/Session2/Overground_Run/Run_Fast/Post_Process/Run_Fast1.csv,run_fast,1,train
LF003,Session2,overground,run,fast,Overground_Run,Run_Fast,/home/kwnuk/WKIRO-Project/data/LF003/Session2/Overground_Run/Run_Fast/Post_Process/Run_Fast10.csv,run_fast,1,test
LF003,Session2,overground,run,fast,Overground_Run,Run_Fast,/home/kwnuk/WKIRO-Project/data/LF003/Session2/Overground_Run/Run_Fast/Post_Process/Run_Fast11.csv,run_fast,1,train
LF003,Session2,overground,run,fast,Overground_Run,Run_Fast,/home/kwnuk/WKIRO-Project/data/LF003/Session2/Overground_Run/Run_Fast/Post_Process/Run_Fast12.csv,run_fast,1,val
LF003,Session2,overground,run,fast,Overground_Run,Run_Fast,/home/kwnuk/WKIRO-Project/data/LF003/Session2/Overground_Run/Run_Fast/Post_Process/Run_Fast13.csv,run_fast,1,train
LF003,Session2,overground,run,fast,Overground_Run,Run_Fast,/home/kwnuk/WKIRO-Project/data/LF003/Session2/Overground_Run/Run_Fast/Post_Process/Run_Fast14.csv,run_fast,1,train
LF003,Session2,overground,run,fast,Overground_Run,Run_Fast,/home/kwnuk/WKIRO-Project/data/LF003/Session2/Overground_Run/Run_Fast/Post_Process/Run_Fast2.csv,run_fast,1,train
LF003,Session2,overground,run,fast,Overground_Run,Run_Fast,/home/kwnuk/WKIRO-Project/data/LF003/Session2/Overground_Run/Run_Fast/Post_Process/Run_Fast3.csv,run_fast,1,train
LF003,Session2,overground,run,fast,Overground_Run,Run_Fast,/home/kwnuk/WKIRO-Project/data/LF003/Session2/Overground_Run/Run_Fast/Post_Process/Run_Fast4.csv,run_fast,1,val
LF003,Session2,overground,run,fast,Overground_Run,Run_Fast,/home/kwnuk/WKIRO-Project/data/LF003/Session2/Overground_Run/Run_Fast/Post_Process/Run_Fast5.csv,run_fast,1,train
LF003,Session2,overground,run,fast,Overground_Run,Run_Fast,/home/kwnuk/WKIRO-Project/data/LF003/Session2/Overground_Run/Run_Fast/Post_Process/Run_Fast6.csv,run_fast,1,train
LF003,Session2,overground,run,fast,Overground_Run,Run_Fast,/home/kwnuk/WKIRO-Project/data/LF003/Session2/Overground_Run/Run_Fast/Post_Process/Run_Fast7.csv,run_fast,1,train
LF003,Session2,overground,run,fast,Overground_Run,Run_Fast,/home/kwnuk/WKIRO-Project/data/LF003/Session2/Overground_Run/Run_Fast/Post_Process/Run_Fast8.csv,run_fast,1,train
LF003,Session2,overground,run,fast,Overground_Run,Run_Fast,/home/kwnuk/WKIRO-Project/data/LF003/Session2/Overground_Run/Run_Fast/Post_Process/Run_Fast9.csv,run_fast,1,train
LF003,Session2,overground,walk,comfortable,Overground_Walk,Walk_Comfortable,/home/kwnuk/WKIRO-Project/data/LF003/Session2/Overground_Walk/Walk_Comfortable/Post_Process/Walk_Comfortable1.csv,walk_comfortable,2,train
LF003,Session2,overground,walk,comfortable,Overground_Walk,Walk_Comfortable,/home/kwnuk/WKIRO-Project/data/LF003/Session2/Overground_Walk/Walk_Comfortable/Post_Process/Walk_Comfortable10.csv,walk_comfortable,2,train
LF003,Session2,overground,walk,comfortable,Overground_Walk,Walk_Comfortable,/home/kwnuk/WKIRO-Project/data/LF003/Session2/Overground_Walk/Walk_Comfortable/Post_Process/Walk_Comfortable2.csv,walk_comfortable,2,train
LF003,Session2,overground,walk,comfortable,Overground_Walk,Walk_Comfortable,/home/kwnuk/WKIRO-Project/data/LF003/Session2/Overground_Walk/Walk_Comfortable/Post_Process/Walk_Comfortable3.csv,walk_comfortable,2,val
LF003,Session2,overground,walk,comfortable,Overground_Walk,Walk_Comfortable,/home/kwnuk/WKIRO-Project/data/LF003/Session2/Overground_Walk/Walk_Comfortable/Post_Process/Walk_Comfortable4.csv,walk_comfortable,2,val
LF003,Session2,overground,walk,comfortable,Overground_Walk,Walk_Comfortable,/home/kwnuk/WKIRO-Project/data/LF003/Session2/Overground_Walk/Walk_Comfortable/Post_Process/Walk_Comfortable5.csv,walk_comfortable,2,val
LF003,Session2,overground,walk,comfortable,Overground_Walk,Walk_Comfortable,/home/kwnuk/WKIRO-Project/data/LF003/Session2/Overground_Walk/Walk_Comfortable/Post_Process/Walk_Comfortable6.csv,walk_comfortable,2,test
LF003,Session2,overground,walk,comfortable,Overground_Walk,Walk_Comfortable,/home/kwnuk/WKIRO-Project/data/LF003/Session2/Overground_Walk/Walk_Comfortable/Post_Process/Walk_Comfortable7.csv,walk_comfortable,2,train
LF003,Session2,overground,walk,comfortable,Overground_Walk,Walk_Comfortable,/home/kwnuk/WKIRO-Project/data/LF003/Session2/Overground_Walk/Walk_Comfortable/Post_Process/Walk_Comfortable8.csv,walk_comfortable,2,train
LF003,Session2,overground,walk,comfortable,Overground_Walk,Walk_Comfortable,/home/kwnuk/WKIRO-Project/data/LF003/Session2/Overground_Walk/Walk_Comfortable/Post_Process/Walk_Comfortable9.csv,walk_comfortable,2,train
LF003,Session2,overground,walk,fast,Overground_Walk,Walk_Fast,/home/kwnuk/WKIRO-Project/data/LF003/Session2/Overground_Walk/Walk_Fast/Post_Process/Walk_Fast1.csv,walk_fast,3,train
LF003,Session2,overground,walk,fast,Overground_Walk,Walk_Fast,/home/kwnuk/WKIRO-Project/data/LF003/Session2/Overground_Walk/Walk_Fast/Post_Process/Walk_Fast10.csv,walk_fast,3,train
LF003,Session2,overground,walk,fast,Overground_Walk,Walk_Fast,/home/kwnuk/WKIRO-Project/data/LF003/Session2/Overground_Walk/Walk_Fast/Post_Process/Walk_Fast11.csv,walk_fast,3,val
LF003,Session2,overground,walk,fast,Overground_Walk,Walk_Fast,/home/kwnuk/WKIRO-Project/data/LF003/Session2/Overground_Walk/Walk_Fast/Post_Process/Walk_Fast12.csv,walk_fast,3,test
LF003,Session2,overground,walk,fast,Overground_Walk,Walk_Fast,/home/kwnuk/WKIRO-Project/data/LF003/Session2/Overground_Walk/Walk_Fast/Post_Process/Walk_Fast2.csv,walk_fast,3,val
LF003,Session2,overground,walk,fast,Overground_Walk,Walk_Fast,/home/kwnuk/WKIRO-Project/data/LF003/Session2/Overground_Walk/Walk_Fast/Post_Process/Walk_Fast3.csv,walk_fast,3,train
LF003,Session2,overground,walk,fast,Overground_Walk,Walk_Fast,/home/kwnuk/WKIRO-Project/data/LF003/Session2/Overground_Walk/Walk_Fast/Post_Process/Walk_Fast4.csv,walk_fast,3,train
LF003,Session2,overground,walk,fast,Overground_Walk,Walk_Fast,/home/kwnuk/WKIRO-Project/data/LF003/Session2/Overground_Walk/Walk_Fast/Post_Process/Walk_Fast5.csv,walk_fast,3,train
LF003,Session2,overground,walk,fast,Overground_Walk,Walk_Fast,/home/kwnuk/WKIRO-Project/data/LF003/Session2/Overground_Walk/Walk_Fast/Post_Process/Walk_Fast6.csv,walk_fast,3,train
LF003,Session2,overground,walk,fast,Overground_Walk,Walk_Fast,/home/kwnuk/WKIRO-Project/data/LF003/Session2/Overground_Walk/Walk_Fast/Post_Process/Walk_Fast7.csv,walk_fast,3,train
LF003,Session2,overground,walk,fast,Overground_Walk,Walk_Fast,/home/kwnuk/WKIRO-Project/data/LF003/Session2/Overground_Walk/Walk_Fast/Post_Process/Walk_Fast8.csv,walk_fast,3,test
LF003,Session2,overground,walk,fast,Overground_Walk,Walk_Fast,/home/kwnuk/WKIRO-Project/data/LF003/Session2/Overground_Walk/Walk_Fast/Post_Process/Walk_Fast9.csv,walk_fast,3,val
LF003,Session2,overground,walk,slow,Overground_Walk,Walk_Slow,/home/kwnuk/WKIRO-Project/data/LF003/Session2/Overground_Walk/Walk_Slow/Post_Process/Walk_Slow1.csv,walk_slow,4,train
LF003,Session2,overground,walk,slow,Overground_Walk,Walk_Slow,/home/kwnuk/WKIRO-Project/data/LF003/Session2/Overground_Walk/Walk_Slow/Post_Process/Walk_Slow2.csv,walk_slow,4,train
LF003,Session2,overground,walk,slow,Overground_Walk,Walk_Slow,/home/kwnuk/WKIRO-Project/data/LF003/Session2/Overground_Walk/Walk_Slow/Post_Process/Walk_Slow3.csv,walk_slow,4,train
LF003,Session2,overground,walk,slow,Overground_Walk,Walk_Slow,/home/kwnuk/WKIRO-Project/data/LF003/Session2/Overground_Walk/Walk_Slow/Post_Process/Walk_Slow4.csv,walk_slow,4,train
LF003,Session2,treadmill,run,comfortable,Treadmill_Run,Treadmill_Run_Comfortable,/home/kwnuk/WKIRO-Project/data/LF003/Session2/Treadmill_Run/Treadmill_Run_Comfortable/Post_Process/Treadmill_Run_Comfortable.csv,run_comfortable,0,train
LF003,Session2,treadmill,run,fast,Treadmill_Run,Treadmill_Run_Fast,/home/kwnuk/WKIRO-Project/data/LF003/Session2/Treadmill_Run/Treadmill_Run_Fast/Post_Process/Treadmill_Run_Fast.csv,run_fast,1,test
LF003,Session2,treadmill,walk,comfortable,Treadmill_Walk,Treadmill_Walk_Comfortable,/home/kwnuk/WKIRO-Project/data/LF003/Session2/Treadmill_Walk/Treadmill_Walk_Comfortable/Post_Process/Treadmill_Walk_Comfortable.csv,walk_comfortable,2,train
LF003,Session2,treadmill,walk,fast,Treadmill_Walk,Treadmill_Walk_Fast,/home/kwnuk/WKIRO-Project/data/LF003/Session2/Treadmill_Walk/Treadmill_Walk_Fast/Post_Process/Treadmill_Walk_Fast.csv,walk_fast,3,train
LF003,Session2,treadmill,walk,slow,Treadmill_Walk,Treadmill_Walk_Slow,/home/kwnuk/WKIRO-Project/data/LF003/Session2/Treadmill_Walk/Treadmill_Walk_Slow/Post_Process/Treadmill_Walk_Slow.csv,walk_slow,4,test
LL011,Session1,overground,run,comfortable,Overground_Run,Run_Comfortable,/home/kwnuk/WKIRO-Project/data/LL011/Session1/Overground_Run/Run_Comfortable/Post_Process/Run_Comfortable1.csv,run_comfortable,0,val
LL011,Session1,overground,run,comfortable,Overground_Run,Run_Comfortable,/home/kwnuk/WKIRO-Project/data/LL011/Session1/Overground_Run/Run_Comfortable/Post_Process/Run_Comfortable10.csv,run_comfortable,0,train
LL011,Session1,overground,run,comfortable,Overground_Run,Run_Comfortable,/home/kwnuk/WKIRO-Project/data/LL011/Session1/Overground_Run/Run_Comfortable/Post_Process/Run_Comfortable2.csv,run_comfortable,0,train
LL011,Session1,overground,run,comfortable,Overground_Run,Run_Comfortable,/home/kwnuk/WKIRO-Project/data/LL011/Session1/Overground_Run/Run_Comfortable/Post_Process/Run_Comfortable3.csv,run_comfortable,0,train
LL011,Session1,overground,run,comfortable,Overground_Run,Run_Comfortable,/home/kwnuk/WKIRO-Project/data/LL011/Session1/Overground_Run/Run_Comfortable/Post_Process/Run_Comfortable4.csv,run_comfortable,0,train
LL011,Session1,overground,run,comfortable,Overground_Run,Run_Comfortable,/home/kwnuk/WKIRO-Project/data/LL011/Session1/Overground_Run/Run_Comfortable/Post_Process/Run_Comfortable5.csv,run_comfortable,0,train
LL011,Session1,overground,run,comfortable,Overground_Run,Run_Comfortable,/home/kwnuk/WKIRO-Project/data/LL011/Session1/Overground_Run/Run_Comfortable/Post_Process/Run_Comfortable6.csv,run_comfortable,0,test
LL011,Session1,overground,run,comfortable,Overground_Run,Run_Comfortable,/home/kwnuk/WKIRO-Project/data/LL011/Session1/Overground_Run/Run_Comfortable/Post_Process/Run_Comfortable7.csv,run_comfortable,0,train
LL011,Session1,overground,run,comfortable,Overground_Run,Run_Comfortable,/home/kwnuk/WKIRO-Project/data/LL011/Session1/Overground_Run/Run_Comfortable/Post_Process/Run_Comfortable8.csv,run_comfortable,0,train
LL011,Session1,overground,run,comfortable,Overground_Run,Run_Comfortable,/home/kwnuk/WKIRO-Project/data/LL011/Session1/Overground_Run/Run_Comfortable/Post_Process/Run_Comfortable9.csv,run_comfortable,0,val
LL011,Session1,overground,run,fast,Overground_Run,Run_Fast,/home/kwnuk/WKIRO-Project/data/LL011/Session1/Overground_Run/Run_Fast/Post_Process/Run_Fast1.csv,run_fast,1,train
LL011,Session1,overground,run,fast,Overground_Run,Run_Fast,/home/kwnuk/WKIRO-Project/data/LL011/Session1/Overground_Run/Run_Fast/Post_Process/Run_Fast2.csv,run_fast,1,train
LL011,Session1,overground,run,fast,Overground_Run,Run_Fast,/home/kwnuk/WKIRO-Project/data/LL011/Session1/Overground_Run/Run_Fast/Post_Process/Run_Fast3.csv,run_fast,1,train
LL011,Session1,overground,run,fast,Overground_Run,Run_Fast,/home/kwnuk/WKIRO-Project/data/LL011/Session1/Overground_Run/Run_Fast/Post_Process/Run_Fast4.csv,run_fast,1,test
LL011,Session1,overground,run,fast,Overground_Run,Run_Fast,/home/kwnuk/WKIRO-Project/data/LL011/Session1/Overground_Run/Run_Fast/Post_Process/Run_Fast5.csv,run_fast,1,test
LL011,Session1,overground,run,fast,Overground_Run,Run_Fast,/home/kwnuk/WKIRO-Project/data/LL011/Session1/Overground_Run/Run_Fast/Post_Process/Run_Fast6.csv,run_fast,1,train
LL011,Session1,overground,walk,comfortable,Overground_Walk,Walk_Comfortable,/home/kwnuk/WKIRO-Project/data/LL011/Session1/Overground_Walk/Walk_Comfortable/Post_Process/Walk_Comfortable1.csv,walk_comfortable,2,train
LL011,Session1,overground,walk,comfortable,Overground_Walk,Walk_Comfortable,/home/kwnuk/WKIRO-Project/data/LL011/Session1/Overground_Walk/Walk_Comfortable/Post_Process/Walk_Comfortable10.csv,walk_comfortable,2,train
LL011,Session1,overground,walk,comfortable,Overground_Walk,Walk_Comfortable,/home/kwnuk/WKIRO-Project/data/LL011/Session1/Overground_Walk/Walk_Comfortable/Post_Process/Walk_Comfortable11.csv,walk_comfortable,2,train
LL011,Session1,overground,walk,comfortable,Overground_Walk,Walk_Comfortable,/home/kwnuk/WKIRO-Project/data/LL011/Session1/Overground_Walk/Walk_Comfortable/Post_Process/Walk_Comfortable12.csv,walk_comfortable,2,train
LL011,Session1,overground,walk,comfortable,Overground_Walk,Walk_Comfortable,/home/kwnuk/WKIRO-Project/data/LL011/Session1/Overground_Walk/Walk_Comfortable/Post_Process/Walk_Comfortable13.csv,walk_comfortable,2,train
LL011,Session1,overground,walk,comfortable,Overground_Walk,Walk_Comfortable,/home/kwnuk/WKIRO-Project/data/LL011/Session1/Overground_Walk/Walk_Comfortable/Post_Process/Walk_Comfortable14.csv,walk_comfortable,2,train
LL011,Session1,overground,walk,comfortable,Overground_Walk,Walk_Comfortable,/home/kwnuk/WKIRO-Project/data/LL011/Session1/Overground_Walk/Walk_Comfortable/Post_Process/Walk_Comfortable15.csv,walk_comfortable,2,train
LL011,Session1,overground,walk,comfortable,Overground_Walk,Walk_Comfortable,/home/kwnuk/WKIRO-Project/data/LL011/Session1/Overground_Walk/Walk_Comfortable/Post_Process/Walk_Comfortable16.csv,walk_comfortable,2,train
LL011,Session1,overground,walk,comfortable,Overground_Walk,Walk_Comfortable,/home/kwnuk/WKIRO-Project/data/LL011/Session1/Overground_Walk/Walk_Comfortable/Post_Process/Walk_Comfortable17.csv,walk_comfortable,2,train
LL011,Session1,overground,walk,comfortable,Overground_Walk,Walk_Comfortable,/home/kwnuk/WKIRO-Project/data/LL011/Session1/Overground_Walk/Walk_Comfortable/Post_Process/Walk_Comfortable18.csv,walk_comfortable,2,train
LL011,Session1,overground,walk,comfortable,Overground_Walk,Walk_Comfortable,/home/kwnuk/WKIRO-Project/data/LL011/Session1/Overground_Walk/Walk_Comfortable/Post_Process/Walk_Comfortable19.csv,walk_comfortable,2,val
LL011,Session1,overground,walk,comfortable,Overground_Walk,Walk_Comfortable,/home/kwnuk/WKIRO-Project/data/LL011/Session1/Overground_Walk/Walk_Comfortable/Post_Process/Walk_Comfortable2.csv,walk_comfortable,2,val
LL011,Session1,overground,walk,comfortable,Overground_Walk,Walk_Comfortable,/home/kwnuk/WKIRO-Project/data/LL011/Session1/Overground_Walk/Walk_Comfortable/Post_Process/Walk_Comfortable20.csv,walk_comfortable,2,val
LL011,Session1,overground,walk,comfortable,Overground_Walk,Walk_Comfortable,/home/kwnuk/WKIRO-Project/data/LL011/Session1/Overground_Walk/Walk_Comfortable/Post_Process/Walk_Comfortable21.csv,walk_comfortable,2,val
LL011,Session1,overground,walk,comfortable,Overground_Walk,Walk_Comfortable,/home/kwnuk/WKIRO-Project/data/LL011/Session1/Overground_Walk/Walk_Comfortable/Post_Process/Walk_Comfortable22.csv,walk_comfortable,2,train
LL011,Session1,overground,walk,comfortable,Overground_Walk,Walk_Comfortable,/home/kwnuk/WKIRO-Project/data/LL011/Session1/Overground_Walk/Walk_Comfortable/Post_Process/Walk_Comfortable3.csv,walk_comfortable,2,train
LL011,Session1,overground,walk,comfortable,Overground_Walk,Walk_Comfortable,/home/kwnuk/WKIRO-Project/data/LL011/Session1/Overground_Walk/Walk_Comfortable/Post_Process/Walk_Comfortable4.csv,walk_comfortable,2,train
LL011,Session1,overground,walk,comfortable,Overground_Walk,Walk_Comfortable,/home/kwnuk/WKIRO-Project/data/LL011/Session1/Overground_Walk/Walk_Comfortable/Post_Process/Walk_Comfortable5.csv,walk_comfortable,2,train
LL011,Session1,overground,walk,comfortable,Overground_Walk,Walk_Comfortable,/home/kwnuk/WKIRO-Project/data/LL011/Session1/Overground_Walk/Walk_Comfortable/Post_Process/Walk_Comfortable6.csv,walk_comfortable,2,train
LL011,Session1,overground,walk,comfortable,Overground_Walk,Walk_Comfortable,/home/kwnuk/WKIRO-Project/data/LL011/Session1/Overground_Walk/Walk_Comfortable/Post_Process/Walk_Comfortable7.csv,walk_comfortable,2,train
LL011,Session1,overground,walk,comfortable,Overground_Walk,Walk_Comfortable,/home/kwnuk/WKIRO-Project/data/LL011/Session1/Overground_Walk/Walk_Comfortable/Post_Process/Walk_Comfortable8.csv,walk_comfortable,2,train
LL011,Session1,overground,walk,comfortable,Overground_Walk,Walk_Comfortable,/home/kwnuk/WKIRO-Project/data/LL011/Session1/Overground_Walk/Walk_Comfortable/Post_Process/Walk_Comfortable9.csv,walk_comfortable,2,train
LL011,Session1,overground,walk,fast,Overground_Walk,Walk_Fast,/home/kwnuk/WKIRO-Project/data/LL011/Session1/Overground_Walk/Walk_Fast/Post_Process/Walk_Fast1.csv,walk_fast,3,train
LL011,Session1,overground,walk,fast,Overground_Walk,Walk_Fast,/home/kwnuk/WKIRO-Project/data/LL011/Session1/Overground_Walk/Walk_Fast/Post_Process/Walk_Fast10.csv,walk_fast,3,train
LL011,Session1,overground,walk,fast,Overground_Walk,Walk_Fast,/home/kwnuk/WKIRO-Project/data/LL011/Session1/Overground_Walk/Walk_Fast/Post_Process/Walk_Fast2.csv,walk_fast,3,test
LL011,Session1,overground,walk,fast,Overground_Walk,Walk_Fast,/home/kwnuk/WKIRO-Project/data/LL011/Session1/Overground_Walk/Walk_Fast/Post_Process/Walk_Fast3.csv,walk_fast,3,train
LL011,Session1,overground,walk,fast,Overground_Walk,Walk_Fast,/home/kwnuk/WKIRO-Project/data/LL011/Session1/Overground_Walk/Walk_Fast/Post_Process/Walk_Fast4.csv,walk_fast,3,train
LL011,Session1,overground,walk,fast,Overground_Walk,Walk_Fast,/home/kwnuk/WKIRO-Project/data/LL011/Session1/Overground_Walk/Walk_Fast/Post_Process/Walk_Fast5.csv,walk_fast,3,train
LL011,Session1,overground,walk,fast,Overground_Walk,Walk_Fast,/home/kwnuk/WKIRO-Project/data/LL011/Session1/Overground_Walk/Walk_Fast/Post_Process/Walk_Fast6.csv,walk_fast,3,train
LL011,Session1,overground,walk,fast,Overground_Walk,Walk_Fast,/home/kwnuk/WKIRO-Project/data/LL011/Session1/Overground_Walk/Walk_Fast/Post_Process/Walk_Fast7.csv,walk_fast,3,train
LL011,Session1,overground,walk,fast,Overground_Walk,Walk_Fast,/home/kwnuk/WKIRO-Project/data/LL011/Session1/Overground_Walk/Walk_Fast/Post_Process/Walk_Fast8.csv,walk_fast,3,train
LL011,Session1,overground,walk,fast,Overground_Walk,Walk_Fast,/home/kwnuk/WKIRO-Project/data/LL011/Session1/Overground_Walk/Walk_Fast/Post_Process/Walk_Fast9.csv,walk_fast,3,test
LL011,Session1,overground,walk,slow,Overground_Walk,Walk_Slow,/home/kwnuk/WKIRO-Project/data/LL011/Session1/Overground_Walk/Walk_Slow/Post_Process/Walk_Slow1.csv,walk_slow,4,test
LL011,Session1,overground,walk,slow,Overground_Walk,Walk_Slow,/home/kwnuk/WKIRO-Project/data/LL011/Session1/Overground_Walk/Walk_Slow/Post_Process/Walk_Slow2.csv,walk_slow,4,train
LL011,Session1,overground,walk,slow,Overground_Walk,Walk_Slow,/home/kwnuk/WKIRO-Project/data/LL011/Session1/Overground_Walk/Walk_Slow/Post_Process/Walk_Slow3.csv,walk_slow,4,train
LL011,Session1,overground,walk,slow,Overground_Walk,Walk_Slow,/home/kwnuk/WKIRO-Project/data/LL011/Session1/Overground_Walk/Walk_Slow/Post_Process/Walk_Slow4.csv,walk_slow,4,val
LL011,Session1,overground,walk,slow,Overground_Walk,Walk_Slow,/home/kwnuk/WKIRO-Project/data/LL011/Session1/Overground_Walk/Walk_Slow/Post_Process/Walk_Slow5.csv,walk_slow,4,val
LL011,Session1,overground,walk,slow,Overground_Walk,Walk_Slow,/home/kwnuk/WKIRO-Project/data/LL011/Session1/Overground_Walk/Walk_Slow/Post_Process/Walk_Slow6.csv,walk_slow,4,train
LL011,Session1,overground,walk,slow,Overground_Walk,Walk_Slow,/home/kwnuk/WKIRO-Project/data/LL011/Session1/Overground_Walk/Walk_Slow/Post_Process/Walk_Slow7.csv,walk_slow,4,train
LL011,Session1,overground,walk,slow,Overground_Walk,Walk_Slow,/home/kwnuk/WKIRO-Project/data/LL011/Session1/Overground_Walk/Walk_Slow/Post_Process/Walk_Slow8.csv,walk_slow,4,train
LL011,Session1,treadmill,run,comfortable,Treadmill_Run,Treadmill_Run_Comfortable,/home/kwnuk/WKIRO-Project/data/LL011/Session1/Treadmill_Run/Treadmill_Run_Comfortable/Post_Process/Treadmill_Run_Comfortable.csv,run_comfortable,0,train
LL011,Session1,treadmill,run,fast,Treadmill_Run,Treadmill_Run_Fast,/home/kwnuk/WKIRO-Project/data/LL011/Session1/Treadmill_Run/Treadmill_Run_Fast/Post_Process/Treadmill_Run_Fast.csv,run_fast,1,train
LL011,Session1,treadmill,walk,comfortable,Treadmill_Walk,Treadmill_Walk_Comfortable,/home/kwnuk/WKIRO-Project/data/LL011/Session1/Treadmill_Walk/Treadmill_Walk_Comfortable/Post_Process/Treadmill_Walk_Comfortable.csv,walk_comfortable,2,test
LL011,Session1,treadmill,walk,fast,Treadmill_Walk,Treadmill_Walk_Fast,/home/kwnuk/WKIRO-Project/data/LL011/Session1/Treadmill_Walk/Treadmill_Walk_Fast/Post_Process/Treadmill_Walk_Fast.csv,walk_fast,3,train
LL011,Session1,treadmill,walk,slow,Treadmill_Walk,Treadmill_Walk_Slow,/home/kwnuk/WKIRO-Project/data/LL011/Session1/Treadmill_Walk/Treadmill_Walk_Slow/Post_Process/Treadmill_Walk_Slow.csv,walk_slow,4,train
LL011,Session2,overground,run,comfortable,Overground_Run,Run_Comfortable,/home/kwnuk/WKIRO-Project/data/LL011/Session2/Overground_Run/Run_Comfortable/Post_Process/Run_Comfortable1.csv,run_comfortable,0,train
LL011,Session2,overground,run,comfortable,Overground_Run,Run_Comfortable,/home/kwnuk/WKIRO-Project/data/LL011/Session2/Overground_Run/Run_Comfortable/Post_Process/Run_Comfortable2.csv,run_comfortable,0,val
LL011,Session2,overground,run,comfortable,Overground_Run,Run_Comfortable,/home/kwnuk/WKIRO-Project/data/LL011/Session2/Overground_Run/Run_Comfortable/Post_Process/Run_Comfortable3.csv,run_comfortable,0,train
LL011,Session2,overground,run,comfortable,Overground_Run,Run_Comfortable,/home/kwnuk/WKIRO-Project/data/LL011/Session2/Overground_Run/Run_Comfortable/Post_Process/Run_Comfortable4.csv,run_comfortable,0,train
LL011,Session2,overground,run,comfortable,Overground_Run,Run_Comfortable,/home/kwnuk/WKIRO-Project/data/LL011/Session2/Overground_Run/Run_Comfortable/Post_Process/Run_Comfortable5.csv,run_comfortable,0,train
LL011,Session2,overground,run,comfortable,Overground_Run,Run_Comfortable,/home/kwnuk/WKIRO-Project/data/LL011/Session2/Overground_Run/Run_Comfortable/Post_Process/Run_Comfortable6.csv,run_comfortable,0,test
LL011,Session2,overground,run,fast,Overground_Run,Run_Fast,/home/kwnuk/WKIRO-Project/data/LL011/Session2/Overground_Run/Run_Fast/Post_Process/Run_Fast1.csv,run_fast,1,train
LL011,Session2,overground,run,fast,Overground_Run,Run_Fast,/home/kwnuk/WKIRO-Project/data/LL011/Session2/Overground_Run/Run_Fast/Post_Process/Run_Fast10.csv,run_fast,1,train
LL011,Session2,overground,run,fast,Overground_Run,Run_Fast,/home/kwnuk/WKIRO-Project/data/LL011/Session2/Overground_Run/Run_Fast/Post_Process/Run_Fast2.csv,run_fast,1,train
LL011,Session2,overground,run,fast,Overground_Run,Run_Fast,/home/kwnuk/WKIRO-Project/data/LL011/Session2/Overground_Run/Run_Fast/Post_Process/Run_Fast3.csv,run_fast,1,train
LL011,Session2,overground,run,fast,Overground_Run,Run_Fast,/home/kwnuk/WKIRO-Project/data/LL011/Session2/Overground_Run/Run_Fast/Post_Process/Run_Fast4.csv,run_fast,1,train
LL011,Session2,overground,run,fast,Overground_Run,Run_Fast,/home/kwnuk/WKIRO-Project/data/LL011/Session2/Overground_Run/Run_Fast/Post_Process/Run_Fast5.csv,run_fast,1,val
LL011,Session2,overground,run,fast,Overground_Run,Run_Fast,/home/kwnuk/WKIRO-Project/data/LL011/Session2/Overground_Run/Run_Fast/Post_Process/Run_Fast6.csv,run_fast,1,val
LL011,Session2,overground,run,fast,Overground_Run,Run_Fast,/home/kwnuk/WKIRO-Project/data/LL011/Session2/Overground_Run/Run_Fast/Post_Process/Run_Fast7.csv,run_fast,1,test
LL011,Session2,overground,run,fast,Overground_Run,Run_Fast,/home/kwnuk/WKIRO-Project/data/LL011/Session2/Overground_Run/Run_Fast/Post_Process/Run_Fast8.csv,run_fast,1,val
LL011,Session2,overground,run,fast,Overground_Run,Run_Fast,/home/kwnuk/WKIRO-Project/data/LL011/Session2/Overground_Run/Run_Fast/Post_Process/Run_Fast9.csv,run_fast,1,train
LL011,Session2,overground,walk,comfortable,Overground_Walk,Walk_Comfortable,/home/kwnuk/WKIRO-Project/data/LL011/Session2/Overground_Walk/Walk_Comfortable/Post_Process/Walk_Comfortable1.csv,walk_comfortable,2,test
LL011,Session2,overground,walk,comfortable,Overground_Walk,Walk_Comfortable,/home/kwnuk/WKIRO-Project/data/LL011/Session2/Overground_Walk/Walk_Comfortable/Post_Process/Walk_Comfortable2.csv,walk_comfortable,2,test
LL011,Session2,overground,walk,comfortable,Overground_Walk,Walk_Comfortable,/home/kwnuk/WKIRO-Project/data/LL011/Session2/Overground_Walk/Walk_Comfortable/Post_Process/Walk_Comfortable3.csv,walk_comfortable,2,test
LL011,Session2,overground,walk,comfortable,Overground_Walk,Walk_Comfortable,/home/kwnuk/WKIRO-Project/data/LL011/Session2/Overground_Walk/Walk_Comfortable/Post_Process/Walk_Comfortable4.csv,walk_comfortable,2,test
LL011,Session2,overground,walk,comfortable,Overground_Walk,Walk_Comfortable,/home/kwnuk/WKIRO-Project/data/LL011/Session2/Overground_Walk/Walk_Comfortable/Post_Process/Walk_Comfortable5.csv,walk_comfortable,2,train
LL011,Session2,overground,walk,comfortable,Overground_Walk,Walk_Comfortable,/home/kwnuk/WKIRO-Project/data/LL011/Session2/Overground_Walk/Walk_Comfortable/Post_Process/Walk_Comfortable6.csv,walk_comfortable,2,train
LL011,Session2,overground,walk,comfortable,Overground_Walk,Walk_Comfortable,/home/kwnuk/WKIRO-Project/data/LL011/Session2/Overground_Walk/Walk_Comfortable/Post_Process/Walk_Comfortable7.csv,walk_comfortable,2,train
LL011,Session2,overground,walk,comfortable,Overground_Walk,Walk_Comfortable,/home/kwnuk/WKIRO-Project/data/LL011/Session2/Overground_Walk/Walk_Comfortable/Post_Process/Walk_Comfortable8.csv,walk_comfortable,2,val
LL011,Session2,overground,walk,fast,Overground_Walk,Walk_Fast,/home/kwnuk/WKIRO-Project/data/LL011/Session2/Overground_Walk/Walk_Fast/Post_Process/Walk_Fast1.csv,walk_fast,3,train
LL011,Session2,overground,walk,fast,Overground_Walk,Walk_Fast,/home/kwnuk/WKIRO-Project/data/LL011/Session2/Overground_Walk/Walk_Fast/Post_Process/Walk_Fast2.csv,walk_fast,3,train
LL011,Session2,overground,walk,fast,Overground_Walk,Walk_Fast,/home/kwnuk/WKIRO-Project/data/LL011/Session2/Overground_Walk/Walk_Fast/Post_Process/Walk_Fast3.csv,walk_fast,3,train
LL011,Session2,overground,walk,fast,Overground_Walk,Walk_Fast,/home/kwnuk/WKIRO-Project/data/LL011/Session2/Overground_Walk/Walk_Fast/Post_Process/Walk_Fast4.csv,walk_fast,3,train
LL011,Session2,overground,walk,fast,Overground_Walk,Walk_Fast,/home/kwnuk/WKIRO-Project/data/LL011/Session2/Overground_Walk/Walk_Fast/Post_Process/Walk_Fast5.csv,walk_fast,3,val
LL011,Session2,overground,walk,fast,Overground_Walk,Walk_Fast,/home/kwnuk/WKIRO-Project/data/LL011/Session2/Overground_Walk/Walk_Fast/Post_Process/Walk_Fast6.csv,walk_fast,3,val
LL011,Session2,overground,walk,fast,Overground_Walk,Walk_Fast,/home/kwnuk/WKIRO-Project/data/LL011/Session2/Overground_Walk/Walk_Fast/Post_Process/Walk_Fast7.csv,walk_fast,3,test
LL011,Session2,overground,walk,fast,Overground_Walk,Walk_Fast,/home/kwnuk/WKIRO-Project/data/LL011/Session2/Overground_Walk/Walk_Fast/Post_Process/Walk_Fast8.csv,walk_fast,3,val
LL011,Session2,overground,walk,slow,Overground_Walk,Walk_Slow,/home/kwnuk/WKIRO-Project/data/LL011/Session2/Overground_Walk/Walk_Slow/Post_Process/Walk_Slow1.csv,walk_slow,4,train
LL011,Session2,overground,walk,slow,Overground_Walk,Walk_Slow,/home/kwnuk/WKIRO-Project/data/LL011/Session2/Overground_Walk/Walk_Slow/Post_Process/Walk_Slow2.csv,walk_slow,4,train
LL011,Session2,overground,walk,slow,Overground_Walk,Walk_Slow,/home/kwnuk/WKIRO-Project/data/LL011/Session2/Overground_Walk/Walk_Slow/Post_Process/Walk_Slow3.csv,walk_slow,4,train
LL011,Session2,overground,walk,slow,Overground_Walk,Walk_Slow,/home/kwnuk/WKIRO-Project/data/LL011/Session2/Overground_Walk/Walk_Slow/Post_Process/Walk_Slow4.csv,walk_slow,4,val
LL011,Session2,overground,walk,slow,Overground_Walk,Walk_Slow,/home/kwnuk/WKIRO-Project/data/LL011/Session2/Overground_Walk/Walk_Slow/Post_Process/Walk_Slow5.csv,walk_slow,4,train
LL011,Session2,overground,walk,slow,Overground_Walk,Walk_Slow,/home/kwnuk/WKIRO-Project/data/LL011/Session2/Overground_Walk/Walk_Slow/Post_Process/Walk_Slow6.csv,walk_slow,4,train
LL011,Session2,treadmill,run,comfortable,Treadmill_Run,Treadmill_Run_Comfortable,/home/kwnuk/WKIRO-Project/data/LL011/Session2/Treadmill_Run/Treadmill_Run_Comfortable/Post_Process/Treadmill_Run_Comfortable.csv,run_comfortable,0,test
LL011,Session2,treadmill,run,fast,Treadmill_Run,Treadmill_Run_Fast,/home/kwnuk/WKIRO-Project/data/LL011/Session2/Treadmill_Run/Treadmill_Run_Fast/Post_Process/Treadmill_Run_Fast.csv,run_fast,1,train
LL011,Session2,treadmill,walk,comfortable,Treadmill_Walk,Treadmill_Walk_Comfortable,/home/kwnuk/WKIRO-Project/data/LL011/Session2/Treadmill_Walk/Treadmill_Walk_Comfortable/Post_Process/Treadmill_Walk_Comfortable.csv,walk_comfortable,2,train
LL011,Session2,treadmill,walk,fast,Treadmill_Walk,Treadmill_Walk_Fast,/home/kwnuk/WKIRO-Project/data/LL011/Session2/Treadmill_Walk/Treadmill_Walk_Fast/Post_Process/Treadmill_Walk_Fast.csv,walk_fast,3,train
LL011,Session2,treadmill,walk,slow,Treadmill_Walk,Treadmill_Walk_Slow,/home/kwnuk/WKIRO-Project/data/LL011/Session2/Treadmill_Walk/Treadmill_Walk_Slow/Post_Process/Treadmill_Walk_Slow.csv,walk_slow,4,test
LM012,Session1,overground,run,comfortable,Overground_Run,Run_Comfortable,/home/kwnuk/WKIRO-Project/data/LM012/Session1/Overground_Run/Run_Comfortable/Post_Process/Run_Comfortable1.csv,run_comfortable,0,train
LM012,Session1,overground,run,comfortable,Overground_Run,Run_Comfortable,/home/kwnuk/WKIRO-Project/data/LM012/Session1/Overground_Run/Run_Comfortable/Post_Process/Run_Comfortable10.csv,run_comfortable,0,val
LM012,Session1,overground,run,comfortable,Overground_Run,Run_Comfortable,/home/kwnuk/WKIRO-Project/data/LM012/Session1/Overground_Run/Run_Comfortable/Post_Process/Run_Comfortable2.csv,run_comfortable,0,train
LM012,Session1,overground,run,comfortable,Overground_Run,Run_Comfortable,/home/kwnuk/WKIRO-Project/data/LM012/Session1/Overground_Run/Run_Comfortable/Post_Process/Run_Comfortable3.csv,run_comfortable,0,train
LM012,Session1,overground,run,comfortable,Overground_Run,Run_Comfortable,/home/kwnuk/WKIRO-Project/data/LM012/Session1/Overground_Run/Run_Comfortable/Post_Process/Run_Comfortable4.csv,run_comfortable,0,train
LM012,Session1,overground,run,comfortable,Overground_Run,Run_Comfortable,/home/kwnuk/WKIRO-Project/data/LM012/Session1/Overground_Run/Run_Comfortable/Post_Process/Run_Comfortable5.csv,run_comfortable,0,train
LM012,Session1,overground,run,comfortable,Overground_Run,Run_Comfortable,/home/kwnuk/WKIRO-Project/data/LM012/Session1/Overground_Run/Run_Comfortable/Post_Process/Run_Comfortable6.csv,run_comfortable,0,train
LM012,Session1,overground,run,comfortable,Overground_Run,Run_Comfortable,/home/kwnuk/WKIRO-Project/data/LM012/Session1/Overground_Run/Run_Comfortable/Post_Process/Run_Comfortable7.csv,run_comfortable,0,val
LM012,Session1,overground,run,comfortable,Overground_Run,Run_Comfortable,/home/kwnuk/WKIRO-Project/data/LM012/Session1/Overground_Run/Run_Comfortable/Post_Process/Run_Comfortable8.csv,run_comfortable,0,test
LM012,Session1,overground,run,comfortable,Overground_Run,Run_Comfortable,/home/kwnuk/WKIRO-Project/data/LM012/Session1/Overground_Run/Run_Comfortable/Post_Process/Run_Comfortable9.csv,run_comfortable,0,train
LM012,Session1,overground,run,fast,Overground_Run,Run_Fast,/home/kwnuk/WKIRO-Project/data/LM012/Session1/Overground_Run/Run_Fast/Post_Process/Run_Fast1.csv,run_fast,1,train
LM012,Session1,overground,run,fast,Overground_Run,Run_Fast,/home/kwnuk/WKIRO-Project/data/LM012/Session1/Overground_Run/Run_Fast/Post_Process/Run_Fast10.csv,run_fast,1,test
LM012,Session1,overground,run,fast,Overground_Run,Run_Fast,/home/kwnuk/WKIRO-Project/data/LM012/Session1/Overground_Run/Run_Fast/Post_Process/Run_Fast2.csv,run_fast,1,train
LM012,Session1,overground,run,fast,Overground_Run,Run_Fast,/home/kwnuk/WKIRO-Project/data/LM012/Session1/Overground_Run/Run_Fast/Post_Process/Run_Fast3.csv,run_fast,1,val
LM012,Session1,overground,run,fast,Overground_Run,Run_Fast,/home/kwnuk/WKIRO-Project/data/LM012/Session1/Overground_Run/Run_Fast/Post_Process/Run_Fast4.csv,run_fast,1,test
LM012,Session1,overground,run,fast,Overground_Run,Run_Fast,/home/kwnuk/WKIRO-Project/data/LM012/Session1/Overground_Run/Run_Fast/Post_Process/Run_Fast5.csv,run_fast,1,train
LM012,Session1,overground,run,fast,Overground_Run,Run_Fast,/home/kwnuk/WKIRO-Project/data/LM012/Session1/Overground_Run/Run_Fast/Post_Process/Run_Fast6.csv,run_fast,1,train
LM012,Session1,overground,run,fast,Overground_Run,Run_Fast,/home/kwnuk/WKIRO-Project/data/LM012/Session1/Overground_Run/Run_Fast/Post_Process/Run_Fast7.csv,run_fast,1,train
LM012,Session1,overground,run,fast,Overground_Run,Run_Fast,/home/kwnuk/WKIRO-Project/data/LM012/Session1/Overground_Run/Run_Fast/Post_Process/Run_Fast8.csv,run_fast,1,test
LM012,Session1,overground,run,fast,Overground_Run,Run_Fast,/home/kwnuk/WKIRO-Project/data/LM012/Session1/Overground_Run/Run_Fast/Post_Process/Run_Fast9.csv,run_fast,1,train
LM012,Session1,overground,walk,comfortable,Overground_Walk,Walk_Comfortable,/home/kwnuk/WKIRO-Project/data/LM012/Session1/Overground_Walk/Walk_Comfortable/Post_Process/Walk_Comfortable1.csv,walk_comfortable,2,train
LM012,Session1,overground,walk,comfortable,Overground_Walk,Walk_Comfortable,/home/kwnuk/WKIRO-Project/data/LM012/Session1/Overground_Walk/Walk_Comfortable/Post_Process/Walk_Comfortable2.csv,walk_comfortable,2,test
LM012,Session1,overground,walk,comfortable,Overground_Walk,Walk_Comfortable,/home/kwnuk/WKIRO-Project/data/LM012/Session1/Overground_Walk/Walk_Comfortable/Post_Process/Walk_Comfortable3.csv,walk_comfortable,2,train
LM012,Session1,overground,walk,comfortable,Overground_Walk,Walk_Comfortable,/home/kwnuk/WKIRO-Project/data/LM012/Session1/Overground_Walk/Walk_Comfortable/Post_Process/Walk_Comfortable4.csv,walk_comfortable,2,val
LM012,Session1,overground,walk,comfortable,Overground_Walk,Walk_Comfortable,/home/kwnuk/WKIRO-Project/data/LM012/Session1/Overground_Walk/Walk_Comfortable/Post_Process/Walk_Comfortable5.csv,walk_comfortable,2,val
LM012,Session1,overground,walk,comfortable,Overground_Walk,Walk_Comfortable,/home/kwnuk/WKIRO-Project/data/LM012/Session1/Overground_Walk/Walk_Comfortable/Post_Process/Walk_Comfortable6.csv,walk_comfortable,2,train
LM012,Session1,overground,walk,fast,Overground_Walk,Walk_Fast,/home/kwnuk/WKIRO-Project/data/LM012/Session1/Overground_Walk/Walk_Fast/Post_Process/Walk_Fast1.csv,walk_fast,3,train
LM012,Session1,overground,walk,fast,Overground_Walk,Walk_Fast,/home/kwnuk/WKIRO-Project/data/LM012/Session1/Overground_Walk/Walk_Fast/Post_Process/Walk_Fast2.csv,walk_fast,3,test
LM012,Session1,overground,walk,fast,Overground_Walk,Walk_Fast,/home/kwnuk/WKIRO-Project/data/LM012/Session1/Overground_Walk/Walk_Fast/Post_Process/Walk_Fast3.csv,walk_fast,3,val
LM012,Session1,overground,walk,fast,Overground_Walk,Walk_Fast,/home/kwnuk/WKIRO-Project/data/LM012/Session1/Overground_Walk/Walk_Fast/Post_Process/Walk_Fast4.csv,walk_fast,3,test
LM012,Session1,overground,walk,fast,Overground_Walk,Walk_Fast,/home/kwnuk/WKIRO-Project/data/LM012/Session1/Overground_Walk/Walk_Fast/Post_Process/Walk_Fast5.csv,walk_fast,3,train
LM012,Session1,overground,walk,fast,Overground_Walk,Walk_Fast,/home/kwnuk/WKIRO-Project/data/LM012/Session1/Overground_Walk/Walk_Fast/Post_Process/Walk_Fast6.csv,walk_fast,3,train
LM012,Session1,overground,walk,fast,Overground_Walk,Walk_Fast,/home/kwnuk/WKIRO-Project/data/LM012/Session1/Overground_Walk/Walk_Fast/Post_Process/Walk_Fast7.csv,walk_fast,3,train
LM012,Session1,overground,walk,fast,Overground_Walk,Walk_Fast,/home/kwnuk/WKIRO-Project/data/LM012/Session1/Overground_Walk/Walk_Fast/Post_Process/Walk_Fast8.csv,walk_fast,3,val
LM012,Session1,overground,walk,slow,Overground_Walk,Walk_Slow,/home/kwnuk/WKIRO-Project/data/LM012/Session1/Overground_Walk/Walk_Slow/Post_Process/Walk_Slow1.csv,walk_slow,4,val
LM012,Session1,overground,walk,slow,Overground_Walk,Walk_Slow,/home/kwnuk/WKIRO-Project/data/LM012/Session1/Overground_Walk/Walk_Slow/Post_Process/Walk_Slow2.csv,walk_slow,4,train
LM012,Session1,overground,walk,slow,Overground_Walk,Walk_Slow,/home/kwnuk/WKIRO-Project/data/LM012/Session1/Overground_Walk/Walk_Slow/Post_Process/Walk_Slow3.csv,walk_slow,4,test
LM012,Session1,overground,walk,slow,Overground_Walk,Walk_Slow,/home/kwnuk/WKIRO-Project/data/LM012/Session1/Overground_Walk/Walk_Slow/Post_Process/Walk_Slow4.csv,walk_slow,4,train
LM012,Session1,overground,walk,slow,Overground_Walk,Walk_Slow,/home/kwnuk/WKIRO-Project/data/LM012/Session1/Overground_Walk/Walk_Slow/Post_Process/Walk_Slow5.csv,walk_slow,4,val
LM012,Session1,overground,walk,slow,Overground_Walk,Walk_Slow,/home/kwnuk/WKIRO-Project/data/LM012/Session1/Overground_Walk/Walk_Slow/Post_Process/Walk_Slow6.csv,walk_slow,4,train
LM012,Session1,overground,walk,slow,Overground_Walk,Walk_Slow,/home/kwnuk/WKIRO-Project/data/LM012/Session1/Overground_Walk/Walk_Slow/Post_Process/Walk_Slow7.csv,walk_slow,4,train
LM012,Session1,overground,walk,slow,Overground_Walk,Walk_Slow,/home/kwnuk/WKIRO-Project/data/LM012/Session1/Overground_Walk/Walk_Slow/Post_Process/Walk_Slow8.csv,walk_slow,4,val
LM012,Session1,treadmill,run,comfortable,Treadmill_Run,Treadmill_Run_Comfortable,/home/kwnuk/WKIRO-Project/data/LM012/Session1/Treadmill_Run/Treadmill_Run_Comfortable/Post_Process/Treadmill_Run_Comfortable.csv,run_comfortable,0,train
LM012,Session1,treadmill,run,fast,Treadmill_Run,Treadmill_Run_Fast,/home/kwnuk/WKIRO-Project/data/LM012/Session1/Treadmill_Run/Treadmill_Run_Fast/Post_Process/Treadmill_Run_Fast.csv,run_fast,1,train
LM012,Session1,treadmill,walk,comfortable,Treadmill_Walk,Treadmill_Walk_Comfortable,/home/kwnuk/WKIRO-Project/data/LM012/Session1/Treadmill_Walk/Treadmill_Walk_Comfortable/Post_Process/Treadmill_Walk_Comfortable.csv,walk_comfortable,2,train
LM012,Session1,treadmill,walk,fast,Treadmill_Walk,Treadmill_Walk_Fast,/home/kwnuk/WKIRO-Project/data/LM012/Session1/Treadmill_Walk/Treadmill_Walk_Fast/Post_Process/Treadmill_Walk_Fast.csv,walk_fast,3,train
LM012,Session1,treadmill,walk,slow,Treadmill_Walk,Treadmill_Walk_Slow,/home/kwnuk/WKIRO-Project/data/LM012/Session1/Treadmill_Walk/Treadmill_Walk_Slow/Post_Process/Treadmill_Walk_Slow.csv,walk_slow,4,train
LM012,Session2,overground,run,comfortable,Overground_Run,Run_Comfortable,/home/kwnuk/WKIRO-Project/data/LM012/Session2/Overground_Run/Run_Comfortable/Post_Process/Run_Comfortable1.csv,run_comfortable,0,test
LM012,Session2,overground,run,comfortable,Overground_Run,Run_Comfortable,/home/kwnuk/WKIRO-Project/data/LM012/Session2/Overground_Run/Run_Comfortable/Post_Process/Run_Comfortable10.csv,run_comfortable,0,train
LM012,Session2,overground,run,comfortable,Overground_Run,Run_Comfortable,/home/kwnuk/WKIRO-Project/data/LM012/Session2/Overground_Run/Run_Comfortable/Post_Process/Run_Comfortable2.csv,run_comfortable,0,train
LM012,Session2,overground,run,comfortable,Overground_Run,Run_Comfortable,/home/kwnuk/WKIRO-Project/data/LM012/Session2/Overground_Run/Run_Comfortable/Post_Process/Run_Comfortable3.csv,run_comfortable,0,train
LM012,Session2,overground,run,comfortable,Overground_Run,Run_Comfortable,/home/kwnuk/WKIRO-Project/data/LM012/Session2/Overground_Run/Run_Comfortable/Post_Process/Run_Comfortable4.csv,run_comfortable,0,train
LM012,Session2,overground,run,comfortable,Overground_Run,Run_Comfortable,/home/kwnuk/WKIRO-Project/data/LM012/Session2/Overground_Run/Run_Comfortable/Post_Process/Run_Comfortable5.csv,run_comfortable,0,train
LM012,Session2,overground,run,comfortable,Overground_Run,Run_Comfortable,/home/kwnuk/WKIRO-Project/data/LM012/Session2/Overground_Run/Run_Comfortable/Post_Process/Run_Comfortable6.csv,run_comfortable,0,val
LM012,Session2,overground,run,comfortable,Overground_Run,Run_Comfortable,/home/kwnuk/WKIRO-Project/data/LM012/Session2/Overground_Run/Run_Comfortable/Post_Process/Run_Comfortable7.csv,run_comfortable,0,train
LM012,Session2,overground,run,comfortable,Overground_Run,Run_Comfortable,/home/kwnuk/WKIRO-Project/data/LM012/Session2/Overground_Run/Run_Comfortable/Post_Process/Run_Comfortable8.csv,run_comfortable,0,train
LM012,Session2,overground,run,comfortable,Overground_Run,Run_Comfortable,/home/kwnuk/WKIRO-Project/data/LM012/Session2/Overground_Run/Run_Comfortable/Post_Process/Run_Comfortable9.csv,run_comfortable,0,test
LM012,Session2,overground,run,fast,Overground_Run,Run_Fast,/home/kwnuk/WKIRO-Project/data/LM012/Session2/Overground_Run/Run_Fast/Post_Process/Run_Fast1.csv,run_fast,1,train
LM012,Session2,overground,run,fast,Overground_Run,Run_Fast,/home/kwnuk/WKIRO-Project/data/LM012/Session2/Overground_Run/Run_Fast/Post_Process/Run_Fast10.csv,run_fast,1,train
LM012,Session2,overground,run,fast,Overground_Run,Run_Fast,/home/kwnuk/WKIRO-Project/data/LM012/Session2/Overground_Run/Run_Fast/Post_Process/Run_Fast2.csv,run_fast,1,train
LM012,Session2,overground,run,fast,Overground_Run,Run_Fast,/home/kwnuk/WKIRO-Project/data/LM012/Session2/Overground_Run/Run_Fast/Post_Process/Run_Fast3.csv,run_fast,1,train
LM012,Session2,overground,run,fast,Overground_Run,Run_Fast,/home/kwnuk/WKIRO-Project/data/LM012/Session2/Overground_Run/Run_Fast/Post_Process/Run_Fast4.csv,run_fast,1,train
LM012,Session2,overground,run,fast,Overground_Run,Run_Fast,/home/kwnuk/WKIRO-Project/data/LM012/Session2/Overground_Run/Run_Fast/Post_Process/Run_Fast5.csv,run_fast,1,val
LM012,Session2,overground,run,fast,Overground_Run,Run_Fast,/home/kwnuk/WKIRO-Project/data/LM012/Session2/Overground_Run/Run_Fast/Post_Process/Run_Fast6.csv,run_fast,1,train
LM012,Session2,overground,run,fast,Overground_Run,Run_Fast,/home/kwnuk/WKIRO-Project/data/LM012/Session2/Overground_Run/Run_Fast/Post_Process/Run_Fast7.csv,run_fast,1,train
LM012,Session2,overground,run,fast,Overground_Run,Run_Fast,/home/kwnuk/WKIRO-Project/data/LM012/Session2/Overground_Run/Run_Fast/Post_Process/Run_Fast8.csv,run_fast,1,val
LM012,Session2,overground,run,fast,Overground_Run,Run_Fast,/home/kwnuk/WKIRO-Project/data/LM012/Session2/Overground_Run/Run_Fast/Post_Process/Run_Fast9.csv,run_fast,1,train
LM012,Session2,overground,walk,comfortable,Overground_Walk,Walk_Comfortable,/home/kwnuk/WKIRO-Project/data/LM012/Session2/Overground_Walk/Walk_Comfortable/Post_Process/Walk_Comfortable1.csv,walk_comfortable,2,train
LM012,Session2,overground,walk,comfortable,Overground_Walk,Walk_Comfortable,/home/kwnuk/WKIRO-Project/data/LM012/Session2/Overground_Walk/Walk_Comfortable/Post_Process/Walk_Comfortable2.csv,walk_comfortable,2,val
LM012,Session2,overground,walk,comfortable,Overground_Walk,Walk_Comfortable,/home/kwnuk/WKIRO-Project/data/LM012/Session2/Overground_Walk/Walk_Comfortable/Post_Process/Walk_Comfortable3.csv,walk_comfortable,2,test
LM012,Session2,overground,walk,comfortable,Overground_Walk,Walk_Comfortable,/home/kwnuk/WKIRO-Project/data/LM012/Session2/Overground_Walk/Walk_Comfortable/Post_Process/Walk_Comfortable4.csv,walk_comfortable,2,train
LM012,Session2,overground,walk,comfortable,Overground_Walk,Walk_Comfortable,/home/kwnuk/WKIRO-Project/data/LM012/Session2/Overground_Walk/Walk_Comfortable/Post_Process/Walk_Comfortable5.csv,walk_comfortable,2,train
LM012,Session2,overground,walk,comfortable,Overground_Walk,Walk_Comfortable,/home/kwnuk/WKIRO-Project/data/LM012/Session2/Overground_Walk/Walk_Comfortable/Post_Process/Walk_Comfortable6.csv,walk_comfortable,2,train
LM012,Session2,overground,walk,comfortable,Overground_Walk,Walk_Comfortable,/home/kwnuk/WKIRO-Project/data/LM012/Session2/Overground_Walk/Walk_Comfortable/Post_Process/Walk_Comfortable7.csv,walk_comfortable,2,train
LM012,Session2,overground,walk,comfortable,Overground_Walk,Walk_Comfortable,/home/kwnuk/WKIRO-Project/data/LM012/Session2/Overground_Walk/Walk_Comfortable/Post_Process/Walk_Comfortable8.csv,walk_comfortable,2,train
LM012,Session2,overground,walk,fast,Overground_Walk,Walk_Fast,/home/kwnuk/WKIRO-Project/data/LM012/Session2/Overground_Walk/Walk_Fast/Post_Process/Walk_Fast1.csv,walk_fast,3,train
LM012,Session2,overground,walk,fast,Overground_Walk,Walk_Fast,/home/kwnuk/WKIRO-Project/data/LM012/Session2/Overground_Walk/Walk_Fast/Post_Process/Walk_Fast2.csv,walk_fast,3,test
LM012,Session2,overground,walk,fast,Overground_Walk,Walk_Fast,/home/kwnuk/WKIRO-Project/data/LM012/Session2/Overground_Walk/Walk_Fast/Post_Process/Walk_Fast3.csv,walk_fast,3,train
LM012,Session2,overground,walk,fast,Overground_Walk,Walk_Fast,/home/kwnuk/WKIRO-Project/data/LM012/Session2/Overground_Walk/Walk_Fast/Post_Process/Walk_Fast4.csv,walk_fast,3,train
LM012,Session2,overground,walk,fast,Overground_Walk,Walk_Fast,/home/kwnuk/WKIRO-Project/data/LM012/Session2/Overground_Walk/Walk_Fast/Post_Process/Walk_Fast5.csv,walk_fast,3,train
LM012,Session2,overground,walk,fast,Overground_Walk,Walk_Fast,/home/kwnuk/WKIRO-Project/data/LM012/Session2/Overground_Walk/Walk_Fast/Post_Process/Walk_Fast6.csv,walk_fast,3,train
LM012,Session2,overground,walk,fast,Overground_Walk,Walk_Fast,/home/kwnuk/WKIRO-Project/data/LM012/Session2/Overground_Walk/Walk_Fast/Post_Process/Walk_Fast7.csv,walk_fast,3,val
LM012,Session2,overground,walk,fast,Overground_Walk,Walk_Fast,/home/kwnuk/WKIRO-Project/data/LM012/Session2/Overground_Walk/Walk_Fast/Post_Process/Walk_Fast8.csv,walk_fast,3,train
LM012,Session2,overground,walk,slow,Overground_Walk,Walk_Slow,/home/kwnuk/WKIRO-Project/data/LM012/Session2/Overground_Walk/Walk_Slow/Post_Process/Walk_Slow1.csv,walk_slow,4,train
LM012,Session2,overground,walk,slow,Overground_Walk,Walk_Slow,/home/kwnuk/WKIRO-Project/data/LM012/Session2/Overground_Walk/Walk_Slow/Post_Process/Walk_Slow2.csv,walk_slow,4,train
LM012,Session2,overground,walk,slow,Overground_Walk,Walk_Slow,/home/kwnuk/WKIRO-Project/data/LM012/Session2/Overground_Walk/Walk_Slow/Post_Process/Walk_Slow3.csv,walk_slow,4,train
LM012,Session2,overground,walk,slow,Overground_Walk,Walk_Slow,/home/kwnuk/WKIRO-Project/data/LM012/Session2/Overground_Walk/Walk_Slow/Post_Process/Walk_Slow4.csv,walk_slow,4,test
LM012,Session2,overground,walk,slow,Overground_Walk,Walk_Slow,/home/kwnuk/WKIRO-Project/data/LM012/Session2/Overground_Walk/Walk_Slow/Post_Process/Walk_Slow5.csv,walk_slow,4,train
LM012,Session2,overground,walk,slow,Overground_Walk,Walk_Slow,/home/kwnuk/WKIRO-Project/data/LM012/Session2/Overground_Walk/Walk_Slow/Post_Process/Walk_Slow6.csv,walk_slow,4,test
LM012,Session2,overground,walk,slow,Overground_Walk,Walk_Slow,/home/kwnuk/WKIRO-Project/data/LM012/Session2/Overground_Walk/Walk_Slow/Post_Process/Walk_Slow7.csv,walk_slow,4,train
LM012,Session2,overground,walk,slow,Overground_Walk,Walk_Slow,/home/kwnuk/WKIRO-Project/data/LM012/Session2/Overground_Walk/Walk_Slow/Post_Process/Walk_Slow8.csv,walk_slow,4,train
LM012,Session2,treadmill,run,comfortable,Treadmill_Run,Treadmill_Run_Comfortable,/home/kwnuk/WKIRO-Project/data/LM012/Session2/Treadmill_Run/Treadmill_Run_Comfortable/Post_Process/Treadmill_Run_Comfortable.csv,run_comfortable,0,train
LM012,Session2,treadmill,run,fast,Treadmill_Run,Treadmill_Run_Fast,/home/kwnuk/WKIRO-Project/data/LM012/Session2/Treadmill_Run/Treadmill_Run_Fast/Post_Process/Treadmill_Run_Fast.csv,run_fast,1,train
LM012,Session2,treadmill,walk,comfortable,Treadmill_Walk,Treadmill_Walk_Comfortable,/home/kwnuk/WKIRO-Project/data/LM012/Session2/Treadmill_Walk/Treadmill_Walk_Comfortable/Post_Process/Treadmill_Walk_Comfortable.csv,walk_comfortable,2,train
LM012,Session2,treadmill,walk,fast,Treadmill_Walk,Treadmill_Walk_Fast,/home/kwnuk/WKIRO-Project/data/LM012/Session2/Treadmill_Walk/Treadmill_Walk_Fast/Post_Process/Treadmill_Walk_Fast.csv,walk_fast,3,train
LM012,Session2,treadmill,walk,slow,Treadmill_Walk,Treadmill_Walk_Slow,/home/kwnuk/WKIRO-Project/data/LM012/Session2/Treadmill_Walk/Treadmill_Walk_Slow/Post_Process/Treadmill_Walk_Slow.csv,walk_slow,4,train
MR015,Session1,overground,run,comfortable,Overground_Run,Run_Comfortable,/home/kwnuk/WKIRO-Project/data/MR015/Session1/Overground_Run/Run_Comfortable/Post_Process/Run_Comfortable1.csv,run_comfortable,0,val
MR015,Session1,overground,run,comfortable,Overground_Run,Run_Comfortable,/home/kwnuk/WKIRO-Project/data/MR015/Session1/Overground_Run/Run_Comfortable/Post_Process/Run_Comfortable10.csv,run_comfortable,0,test
MR015,Session1,overground,run,comfortable,Overground_Run,Run_Comfortable,/home/kwnuk/WKIRO-Project/data/MR015/Session1/Overground_Run/Run_Comfortable/Post_Process/Run_Comfortable2.csv,run_comfortable,0,train
MR015,Session1,overground,run,comfortable,Overground_Run,Run_Comfortable,/home/kwnuk/WKIRO-Project/data/MR015/Session1/Overground_Run/Run_Comfortable/Post_Process/Run_Comfortable3.csv,run_comfortable,0,val
MR015,Session1,overground,run,comfortable,Overground_Run,Run_Comfortable,/home/kwnuk/WKIRO-Project/data/MR015/Session1/Overground_Run/Run_Comfortable/Post_Process/Run_Comfortable4.csv,run_comfortable,0,train
MR015,Session1,overground,run,comfortable,Overground_Run,Run_Comfortable,/home/kwnuk/WKIRO-Project/data/MR015/Session1/Overground_Run/Run_Comfortable/Post_Process/Run_Comfortable5.csv,run_comfortable,0,train
MR015,Session1,overground,run,comfortable,Overground_Run,Run_Comfortable,/home/kwnuk/WKIRO-Project/data/MR015/Session1/Overground_Run/Run_Comfortable/Post_Process/Run_Comfortable6.csv,run_comfortable,0,train
MR015,Session1,overground,run,comfortable,Overground_Run,Run_Comfortable,/home/kwnuk/WKIRO-Project/data/MR015/Session1/Overground_Run/Run_Comfortable/Post_Process/Run_Comfortable7.csv,run_comfortable,0,train
MR015,Session1,overground,run,comfortable,Overground_Run,Run_Comfortable,/home/kwnuk/WKIRO-Project/data/MR015/Session1/Overground_Run/Run_Comfortable/Post_Process/Run_Comfortable8.csv,run_comfortable,0,train
MR015,Session1,overground,run,comfortable,Overground_Run,Run_Comfortable,/home/kwnuk/WKIRO-Project/data/MR015/Session1/Overground_Run/Run_Comfortable/Post_Process/Run_Comfortable9.csv,run_comfortable,0,val
MR015,Session1,overground,run,fast,Overground_Run,Run_Fast,/home/kwnuk/WKIRO-Project/data/MR015/Session1/Overground_Run/Run_Fast/Post_Process/Run_Fast1.csv,run_fast,1,test
MR015,Session1,overground,run,fast,Overground_Run,Run_Fast,/home/kwnuk/WKIRO-Project/data/MR015/Session1/Overground_Run/Run_Fast/Post_Process/Run_Fast10.csv,run_fast,1,test
MR015,Session1,overground,run,fast,Overground_Run,Run_Fast,/home/kwnuk/WKIRO-Project/data/MR015/Session1/Overground_Run/Run_Fast/Post_Process/Run_Fast2.csv,run_fast,1,train
MR015,Session1,overground,run,fast,Overground_Run,Run_Fast,/home/kwnuk/WKIRO-Project/data/MR015/Session1/Overground_Run/Run_Fast/Post_Process/Run_Fast3.csv,run_fast,1,train
MR015,Session1,overground,run,fast,Overground_Run,Run_Fast,/home/kwnuk/WKIRO-Project/data/MR015/Session1/Overground_Run/Run_Fast/Post_Process/Run_Fast4.csv,run_fast,1,val
MR015,Session1,overground,run,fast,Overground_Run,Run_Fast,/home/kwnuk/WKIRO-Project/data/MR015/Session1/Overground_Run/Run_Fast/Post_Process/Run_Fast5.csv,run_fast,1,train
MR015,Session1,overground,run,fast,Overground_Run,Run_Fast,/home/kwnuk/WKIRO-Project/data/MR015/Session1/Overground_Run/Run_Fast/Post_Process/Run_Fast6.csv,run_fast,1,train
MR015,Session1,overground,run,fast,Overground_Run,Run_Fast,/home/kwnuk/WKIRO-Project/data/MR015/Session1/Overground_Run/Run_Fast/Post_Process/Run_Fast7.csv,run_fast,1,train
MR015,Session1,overground,run,fast,Overground_Run,Run_Fast,/home/kwnuk/WKIRO-Project/data/MR015/Session1/Overground_Run/Run_Fast/Post_Process/Run_Fast8.csv,run_fast,1,val
MR015,Session1,overground,run,fast,Overground_Run,Run_Fast,/home/kwnuk/WKIRO-Project/data/MR015/Session1/Overground_Run/Run_Fast/Post_Process/Run_Fast9.csv,run_fast,1,train
MR015,Session1,overground,walk,comfortable,Overground_Walk,Walk_Comfortable,/home/kwnuk/WKIRO-Project/data/MR015/Session1/Overground_Walk/Walk_Comfortable/Post_Process/Walk_Comfortable1.csv,walk_comfortable,2,val
MR015,Session1,overground,walk,comfortable,Overground_Walk,Walk_Comfortable,/home/kwnuk/WKIRO-Project/data/MR015/Session1/Overground_Walk/Walk_Comfortable/Post_Process/Walk_Comfortable2.csv,walk_comfortable,2,train
MR015,Session1,overground,walk,comfortable,Overground_Walk,Walk_Comfortable,/home/kwnuk/WKIRO-Project/data/MR015/Session1/Overground_Walk/Walk_Comfortable/Post_Process/Walk_Comfortable3.csv,walk_comfortable,2,train
MR015,Session1,overground,walk,comfortable,Overground_Walk,Walk_Comfortable,/home/kwnuk/WKIRO-Project/data/MR015/Session1/Overground_Walk/Walk_Comfortable/Post_Process/Walk_Comfortable4.csv,walk_comfortable,2,train
MR015,Session1,overground,walk,comfortable,Overground_Walk,Walk_Comfortable,/home/kwnuk/WKIRO-Project/data/MR015/Session1/Overground_Walk/Walk_Comfortable/Post_Process/Walk_Comfortable5.csv,walk_comfortable,2,train
MR015,Session1,overground,walk,comfortable,Overground_Walk,Walk_Comfortable,/home/kwnuk/WKIRO-Project/data/MR015/Session1/Overground_Walk/Walk_Comfortable/Post_Process/Walk_Comfortable6.csv,walk_comfortable,2,train
MR015,Session1,overground,walk,comfortable,Overground_Walk,Walk_Comfortable,/home/kwnuk/WKIRO-Project/data/MR015/Session1/Overground_Walk/Walk_Comfortable/Post_Process/Walk_Comfortable7.csv,walk_comfortable,2,train
MR015,Session1,overground,walk,comfortable,Overground_Walk,Walk_Comfortable,/home/kwnuk/WKIRO-Project/data/MR015/Session1/Overground_Walk/Walk_Comfortable/Post_Process/Walk_Comfortable8.csv,walk_comfortable,2,val
MR015,Session1,overground,walk,fast,Overground_Walk,Walk_Fast,/home/kwnuk/WKIRO-Project/data/MR015/Session1/Overground_Walk/Walk_Fast/Post_Process/Walk_Fast1.csv,walk_fast,3,test
MR015,Session1,overground,walk,fast,Overground_Walk,Walk_Fast,/home/kwnuk/WKIRO-Project/data/MR015/Session1/Overground_Walk/Walk_Fast/Post_Process/Walk_Fast2.csv,walk_fast,3,train
MR015,Session1,overground,walk,fast,Overground_Walk,Walk_Fast,/home/kwnuk/WKIRO-Project/data/MR015/Session1/Overground_Walk/Walk_Fast/Post_Process/Walk_Fast3.csv,walk_fast,3,val
MR015,Session1,overground,walk,fast,Overground_Walk,Walk_Fast,/home/kwnuk/WKIRO-Project/data/MR015/Session1/Overground_Walk/Walk_Fast/Post_Process/Walk_Fast4.csv,walk_fast,3,test
MR015,Session1,overground,walk,fast,Overground_Walk,Walk_Fast,/home/kwnuk/WKIRO-Project/data/MR015/Session1/Overground_Walk/Walk_Fast/Post_Process/Walk_Fast5.csv,walk_fast,3,train
MR015,Session1,overground,walk,fast,Overground_Walk,Walk_Fast,/home/kwnuk/WKIRO-Project/data/MR015/Session1/Overground_Walk/Walk_Fast/Post_Process/Walk_Fast6.csv,walk_fast,3,train
MR015,Session1,overground,walk,fast,Overground_Walk,Walk_Fast,/home/kwnuk/WKIRO-Project/data/MR015/Session1/Overground_Walk/Walk_Fast/Post_Process/Walk_Fast7.csv,walk_fast,3,train
MR015,Session1,overground,walk,fast,Overground_Walk,Walk_Fast,/home/kwnuk/WKIRO-Project/data/MR015/Session1/Overground_Walk/Walk_Fast/Post_Process/Walk_Fast8.csv,walk_fast,3,train
MR015,Session1,overground,walk,slow,Overground_Walk,Walk_Slow,/home/kwnuk/WKIRO-Project/data/MR015/Session1/Overground_Walk/Walk_Slow/Post_Process/Walk_Slow1.csv,walk_slow,4,test
MR015,Session1,overground,walk,slow,Overground_Walk,Walk_Slow,/home/kwnuk/WKIRO-Project/data/MR015/Session1/Overground_Walk/Walk_Slow/Post_Process/Walk_Slow2.csv,walk_slow,4,train
MR015,Session1,overground,walk,slow,Overground_Walk,Walk_Slow,/home/kwnuk/WKIRO-Project/data/MR015/Session1/Overground_Walk/Walk_Slow/Post_Process/Walk_Slow3.csv,walk_slow,4,train
MR015,Session1,overground,walk,slow,Overground_Walk,Walk_Slow,/home/kwnuk/WKIRO-Project/data/MR015/Session1/Overground_Walk/Walk_Slow/Post_Process/Walk_Slow4.csv,walk_slow,4,train
MR015,Session1,overground,walk,slow,Overground_Walk,Walk_Slow,/home/kwnuk/WKIRO-Project/data/MR015/Session1/Overground_Walk/Walk_Slow/Post_Process/Walk_Slow5.csv,walk_slow,4,train
MR015,Session1,overground,walk,slow,Overground_Walk,Walk_Slow,/home/kwnuk/WKIRO-Project/data/MR015/Session1/Overground_Walk/Walk_Slow/Post_Process/Walk_Slow6.csv,walk_slow,4,train
MR015,Session1,treadmill,run,comfortable,Treadmill_Run,Treadmill_Run_Comfortable,/home/kwnuk/WKIRO-Project/data/MR015/Session1/Treadmill_Run/Treadmill_Run_Comfortable/Post_Process/Treadmill_Run_Comfortable.csv,run_comfortable,0,train
MR015,Session1,treadmill,run,fast,Treadmill_Run,Treadmill_Run_Fast,/home/kwnuk/WKIRO-Project/data/MR015/Session1/Treadmill_Run/Treadmill_Run_Fast/Post_Process/Treadmill_Run_Fast.csv,run_fast,1,train
MR015,Session1,treadmill,walk,comfortable,Treadmill_Walk,Treadmill_Walk_Comfortable,/home/kwnuk/WKIRO-Project/data/MR015/Session1/Treadmill_Walk/Treadmill_Walk_Comfortable/Post_Process/Treadmill_Walk_Comfortable.csv,walk_comfortable,2,train
MR015,Session1,treadmill,walk,fast,Treadmill_Walk,Treadmill_Walk_Fast,/home/kwnuk/WKIRO-Project/data/MR015/Session1/Treadmill_Walk/Treadmill_Walk_Fast/Post_Process/Treadmill_Walk_Fast.csv,walk_fast,3,train
MR015,Session1,treadmill,walk,slow,Treadmill_Walk,Treadmill_Walk_Slow,/home/kwnuk/WKIRO-Project/data/MR015/Session1/Treadmill_Walk/Treadmill_Walk_Slow/Post_Process/Treadmill_Walk_Slow.csv,walk_slow,4,train
MR015,Session2,overground,run,comfortable,Overground_Run,Run_Comfortable,/home/kwnuk/WKIRO-Project/data/MR015/Session2/Overground_Run/Run_Comfortable/Post_Process/Run_Comfortable1.csv,run_comfortable,0,train
MR015,Session2,overground,run,comfortable,Overground_Run,Run_Comfortable,/home/kwnuk/WKIRO-Project/data/MR015/Session2/Overground_Run/Run_Comfortable/Post_Process/Run_Comfortable10.csv,run_comfortable,0,train
MR015,Session2,overground,run,comfortable,Overground_Run,Run_Comfortable,/home/kwnuk/WKIRO-Project/data/MR015/Session2/Overground_Run/Run_Comfortable/Post_Process/Run_Comfortable2.csv,run_comfortable,0,train
MR015,Session2,overground,run,comfortable,Overground_Run,Run_Comfortable,/home/kwnuk/WKIRO-Project/data/MR015/Session2/Overground_Run/Run_Comfortable/Post_Process/Run_Comfortable3.csv,run_comfortable,0,test
MR015,Session2,overground,run,comfortable,Overground_Run,Run_Comfortable,/home/kwnuk/WKIRO-Project/data/MR015/Session2/Overground_Run/Run_Comfortable/Post_Process/Run_Comfortable4.csv,run_comfortable,0,train
MR015,Session2,overground,run,comfortable,Overground_Run,Run_Comfortable,/home/kwnuk/WKIRO-Project/data/MR015/Session2/Overground_Run/Run_Comfortable/Post_Process/Run_Comfortable5.csv,run_comfortable,0,train
MR015,Session2,overground,run,comfortable,Overground_Run,Run_Comfortable,/home/kwnuk/WKIRO-Project/data/MR015/Session2/Overground_Run/Run_Comfortable/Post_Process/Run_Comfortable6.csv,run_comfortable,0,train
MR015,Session2,overground,run,comfortable,Overground_Run,Run_Comfortable,/home/kwnuk/WKIRO-Project/data/MR015/Session2/Overground_Run/Run_Comfortable/Post_Process/Run_Comfortable7.csv,run_comfortable,0,train
MR015,Session2,overground,run,comfortable,Overground_Run,Run_Comfortable,/home/kwnuk/WKIRO-Project/data/MR015/Session2/Overground_Run/Run_Comfortable/Post_Process/Run_Comfortable8.csv,run_comfortable,0,test
MR015,Session2,overground,run,comfortable,Overground_Run,Run_Comfortable,/home/kwnuk/WKIRO-Project/data/MR015/Session2/Overground_Run/Run_Comfortable/Post_Process/Run_Comfortable9.csv,run_comfortable,0,train
MR015,Session2,overground,run,fast,Overground_Run,Run_Fast,/home/kwnuk/WKIRO-Project/data/MR015/Session2/Overground_Run/Run_Fast/Post_Process/Run_Fast1.csv,run_fast,1,train
MR015,Session2,overground,run,fast,Overground_Run,Run_Fast,/home/kwnuk/WKIRO-Project/data/MR015/Session2/Overground_Run/Run_Fast/Post_Process/Run_Fast10.csv,run_fast,1,train
MR015,Session2,overground,run,fast,Overground_Run,Run_Fast,/home/kwnuk/WKIRO-Project/data/MR015/Session2/Overground_Run/Run_Fast/Post_Process/Run_Fast2.csv,run_fast,1,train
MR015,Session2,overground,run,fast,Overground_Run,Run_Fast,/home/kwnuk/WKIRO-Project/data/MR015/Session2/Overground_Run/Run_Fast/Post_Process/Run_Fast3.csv,run_fast,1,train
MR015,Session2,overground,run,fast,Overground_Run,Run_Fast,/home/kwnuk/WKIRO-Project/data/MR015/Session2/Overground_Run/Run_Fast/Post_Process/Run_Fast4.csv,run_fast,1,train
MR015,Session2,overground,run,fast,Overground_Run,Run_Fast,/home/kwnuk/WKIRO-Project/data/MR015/Session2/Overground_Run/Run_Fast/Post_Process/Run_Fast5.csv,run_fast,1,train
MR015,Session2,overground,run,fast,Overground_Run,Run_Fast,/home/kwnuk/WKIRO-Project/data/MR015/Session2/Overground_Run/Run_Fast/Post_Process/Run_Fast6.csv,run_fast,1,test
MR015,Session2,overground,run,fast,Overground_Run,Run_Fast,/home/kwnuk/WKIRO-Project/data/MR015/Session2/Overground_Run/Run_Fast/Post_Process/Run_Fast7.csv,run_fast,1,val
MR015,Session2,overground,run,fast,Overground_Run,Run_Fast,/home/kwnuk/WKIRO-Project/data/MR015/Session2/Overground_Run/Run_Fast/Post_Process/Run_Fast8.csv,run_fast,1,train
MR015,Session2,overground,run,fast,Overground_Run,Run_Fast,/home/kwnuk/WKIRO-Project/data/MR015/Session2/Overground_Run/Run_Fast/Post_Process/Run_Fast9.csv,run_fast,1,train
MR015,Session2,overground,walk,comfortable,Overground_Walk,Walk_Comfortable,/home/kwnuk/WKIRO-Project/data/MR015/Session2/Overground_Walk/Walk_Comfortable/Post_Process/Walk_Comfortable1.csv,walk_comfortable,2,val
MR015,Session2,overground,walk,comfortable,Overground_Walk,Walk_Comfortable,/home/kwnuk/WKIRO-Project/data/MR015/Session2/Overground_Walk/Walk_Comfortable/Post_Process/Walk_Comfortable2.csv,walk_comfortable,2,train
MR015,Session2,overground,walk,comfortable,Overground_Walk,Walk_Comfortable,/home/kwnuk/WKIRO-Project/data/MR015/Session2/Overground_Walk/Walk_Comfortable/Post_Process/Walk_Comfortable3.csv,walk_comfortable,2,test
MR015,Session2,overground,walk,comfortable,Overground_Walk,Walk_Comfortable,/home/kwnuk/WKIRO-Project/data/MR015/Session2/Overground_Walk/Walk_Comfortable/Post_Process/Walk_Comfortable4.csv,walk_comfortable,2,test
MR015,Session2,overground,walk,comfortable,Overground_Walk,Walk_Comfortable,/home/kwnuk/WKIRO-Project/data/MR015/Session2/Overground_Walk/Walk_Comfortable/Post_Process/Walk_Comfortable5.csv,walk_comfortable,2,train
MR015,Session2,overground,walk,comfortable,Overground_Walk,Walk_Comfortable,/home/kwnuk/WKIRO-Project/data/MR015/Session2/Overground_Walk/Walk_Comfortable/Post_Process/Walk_Comfortable6.csv,walk_comfortable,2,train
MR015,Session2,overground,walk,comfortable,Overground_Walk,Walk_Comfortable,/home/kwnuk/WKIRO-Project/data/MR015/Session2/Overground_Walk/Walk_Comfortable/Post_Process/Walk_Comfortable7.csv,walk_comfortable,2,train
MR015,Session2,overground,walk,comfortable,Overground_Walk,Walk_Comfortable,/home/kwnuk/WKIRO-Project/data/MR015/Session2/Overground_Walk/Walk_Comfortable/Post_Process/Walk_Comfortable8.csv,walk_comfortable,2,test
MR015,Session2,overground,walk,fast,Overground_Walk,Walk_Fast,/home/kwnuk/WKIRO-Project/data/MR015/Session2/Overground_Walk/Walk_Fast/Post_Process/Walk_Fast1.csv,walk_fast,3,train
MR015,Session2,overground,walk,fast,Overground_Walk,Walk_Fast,/home/kwnuk/WKIRO-Project/data/MR015/Session2/Overground_Walk/Walk_Fast/Post_Process/Walk_Fast2.csv,walk_fast,3,train
MR015,Session2,overground,walk,fast,Overground_Walk,Walk_Fast,/home/kwnuk/WKIRO-Project/data/MR015/Session2/Overground_Walk/Walk_Fast/Post_Process/Walk_Fast3.csv,walk_fast,3,train
MR015,Session2,overground,walk,fast,Overground_Walk,Walk_Fast,/home/kwnuk/WKIRO-Project/data/MR015/Session2/Overground_Walk/Walk_Fast/Post_Process/Walk_Fast4.csv,walk_fast,3,test
MR015,Session2,overground,walk,fast,Overground_Walk,Walk_Fast,/home/kwnuk/WKIRO-Project/data/MR015/Session2/Overground_Walk/Walk_Fast/Post_Process/Walk_Fast5.csv,walk_fast,3,val
MR015,Session2,overground,walk,fast,Overground_Walk,Walk_Fast,/home/kwnuk/WKIRO-Project/data/MR015/Session2/Overground_Walk/Walk_Fast/Post_Process/Walk_Fast6.csv,walk_fast,3,train
MR015,Session2,overground,walk,fast,Overground_Walk,Walk_Fast,/home/kwnuk/WKIRO-Project/data/MR015/Session2/Overground_Walk/Walk_Fast/Post_Process/Walk_Fast7.csv,walk_fast,3,train
MR015,Session2,overground,walk,fast,Overground_Walk,Walk_Fast,/home/kwnuk/WKIRO-Project/data/MR015/Session2/Overground_Walk/Walk_Fast/Post_Process/Walk_Fast8.csv,walk_fast,3,train
MR015,Session2,overground,walk,slow,Overground_Walk,Walk_Slow,/home/kwnuk/WKIRO-Project/data/MR015/Session2/Overground_Walk/Walk_Slow/Post_Process/Walk_Slow1.csv,walk_slow,4,val
MR015,Session2,overground,walk,slow,Overground_Walk,Walk_Slow,/home/kwnuk/WKIRO-Project/data/MR015/Session2/Overground_Walk/Walk_Slow/Post_Process/Walk_Slow2.csv,walk_slow,4,train
MR015,Session2,overground,walk,slow,Overground_Walk,Walk_Slow,/home/kwnuk/WKIRO-Project/data/MR015/Session2/Overground_Walk/Walk_Slow/Post_Process/Walk_Slow3.csv,walk_slow,4,train
MR015,Session2,overground,walk,slow,Overground_Walk,Walk_Slow,/home/kwnuk/WKIRO-Project/data/MR015/Session2/Overground_Walk/Walk_Slow/Post_Process/Walk_Slow4.csv,walk_slow,4,train
MR015,Session2,overground,walk,slow,Overground_Walk,Walk_Slow,/home/kwnuk/WKIRO-Project/data/MR015/Session2/Overground_Walk/Walk_Slow/Post_Process/Walk_Slow5.csv,walk_slow,4,val
MR015,Session2,overground,walk,slow,Overground_Walk,Walk_Slow,/home/kwnuk/WKIRO-Project/data/MR015/Session2/Overground_Walk/Walk_Slow/Post_Process/Walk_Slow6.csv,walk_slow,4,test
MR015,Session2,treadmill,run,comfortable,Treadmill_Run,Treadmill_Run_Comfortable,/home/kwnuk/WKIRO-Project/data/MR015/Session2/Treadmill_Run/Treadmill_Run_Comfortable/Post_Process/Treadmill_Run_Comfortable.csv,run_comfortable,0,train
MR015,Session2,treadmill,run,fast,Treadmill_Run,Treadmill_Run_Fast,/home/kwnuk/WKIRO-Project/data/MR015/Session2/Treadmill_Run/Treadmill_Run_Fast/Post_Process/Treadmill_Run_Fast.csv,run_fast,1,train
MR015,Session2,treadmill,walk,comfortable,Treadmill_Walk,Treadmill_Walk_Comfortable,/home/kwnuk/WKIRO-Project/data/MR015/Session2/Treadmill_Walk/Treadmill_Walk_Comfortable/Post_Process/Treadmill_Walk_Comfortable.csv,walk_comfortable,2,train
MR015,Session2,treadmill,walk,fast,Treadmill_Walk,Treadmill_Walk_Fast,/home/kwnuk/WKIRO-Project/data/MR015/Session2/Treadmill_Walk/Treadmill_Walk_Fast/Post_Process/Treadmill_Walk_Fast.csv,walk_fast,3,val
MR015,Session2,treadmill,walk,slow,Treadmill_Walk,Treadmill_Walk_Slow,/home/kwnuk/WKIRO-Project/data/MR015/Session2/Treadmill_Walk/Treadmill_Walk_Slow/Post_Process/Treadmill_Walk_Slow.csv,walk_slow,4,train
OB010,Session1,overground,run,comfortable,Overground_Run,Run_Comfortable,/home/kwnuk/WKIRO-Project/data/OB010/Session1/Overground_Run/Run_Comfortable/Post_Process/Run_Comfortable1.csv,run_comfortable,0,train
OB010,Session1,overground,run,comfortable,Overground_Run,Run_Comfortable,/home/kwnuk/WKIRO-Project/data/OB010/Session1/Overground_Run/Run_Comfortable/Post_Process/Run_Comfortable10.csv,run_comfortable,0,train
OB010,Session1,overground,run,comfortable,Overground_Run,Run_Comfortable,/home/kwnuk/WKIRO-Project/data/OB010/Session1/Overground_Run/Run_Comfortable/Post_Process/Run_Comfortable2.csv,run_comfortable,0,train
OB010,Session1,overground,run,comfortable,Overground_Run,Run_Comfortable,/home/kwnuk/WKIRO-Project/data/OB010/Session1/Overground_Run/Run_Comfortable/Post_Process/Run_Comfortable3.csv,run_comfortable,0,train
OB010,Session1,overground,run,comfortable,Overground_Run,Run_Comfortable,/home/kwnuk/WKIRO-Project/data/OB010/Session1/Overground_Run/Run_Comfortable/Post_Process/Run_Comfortable4.csv,run_comfortable,0,test
OB010,Session1,overground,run,comfortable,Overground_Run,Run_Comfortable,/home/kwnuk/WKIRO-Project/data/OB010/Session1/Overground_Run/Run_Comfortable/Post_Process/Run_Comfortable5.csv,run_comfortable,0,val
OB010,Session1,overground,run,comfortable,Overground_Run,Run_Comfortable,/home/kwnuk/WKIRO-Project/data/OB010/Session1/Overground_Run/Run_Comfortable/Post_Process/Run_Comfortable6.csv,run_comfortable,0,train
OB010,Session1,overground,run,comfortable,Overground_Run,Run_Comfortable,/home/kwnuk/WKIRO-Project/data/OB010/Session1/Overground_Run/Run_Comfortable/Post_Process/Run_Comfortable7.csv,run_comfortable,0,train
OB010,Session1,overground,run,comfortable,Overground_Run,Run_Comfortable,/home/kwnuk/WKIRO-Project/data/OB010/Session1/Overground_Run/Run_Comfortable/Post_Process/Run_Comfortable8.csv,run_comfortable,0,train
OB010,Session1,overground,run,comfortable,Overground_Run,Run_Comfortable,/home/kwnuk/WKIRO-Project/data/OB010/Session1/Overground_Run/Run_Comfortable/Post_Process/Run_Comfortable9.csv,run_comfortable,0,train
OB010,Session1,overground,run,fast,Overground_Run,Run_Fast,/home/kwnuk/WKIRO-Project/data/OB010/Session1/Overground_Run/Run_Fast/Post_Process/Run_Fast1.csv,run_fast,1,train
OB010,Session1,overground,run,fast,Overground_Run,Run_Fast,/home/kwnuk/WKIRO-Project/data/OB010/Session1/Overground_Run/Run_Fast/Post_Process/Run_Fast10.csv,run_fast,1,train
OB010,Session1,overground,run,fast,Overground_Run,Run_Fast,/home/kwnuk/WKIRO-Project/data/OB010/Session1/Overground_Run/Run_Fast/Post_Process/Run_Fast11.csv,run_fast,1,train
OB010,Session1,overground,run,fast,Overground_Run,Run_Fast,/home/kwnuk/WKIRO-Project/data/OB010/Session1/Overground_Run/Run_Fast/Post_Process/Run_Fast12.csv,run_fast,1,val
OB010,Session1,overground,run,fast,Overground_Run,Run_Fast,/home/kwnuk/WKIRO-Project/data/OB010/Session1/Overground_Run/Run_Fast/Post_Process/Run_Fast13.csv,run_fast,1,train
OB010,Session1,overground,run,fast,Overground_Run,Run_Fast,/home/kwnuk/WKIRO-Project/data/OB010/Session1/Overground_Run/Run_Fast/Post_Process/Run_Fast14.csv,run_fast,1,train
OB010,Session1,overground,run,fast,Overground_Run,Run_Fast,/home/kwnuk/WKIRO-Project/data/OB010/Session1/Overground_Run/Run_Fast/Post_Process/Run_Fast15.csv,run_fast,1,train
OB010,Session1,overground,run,fast,Overground_Run,Run_Fast,/home/kwnuk/WKIRO-Project/data/OB010/Session1/Overground_Run/Run_Fast/Post_Process/Run_Fast2.csv,run_fast,1,test
OB010,Session1,overground,run,fast,Overground_Run,Run_Fast,/home/kwnuk/WKIRO-Project/data/OB010/Session1/Overground_Run/Run_Fast/Post_Process/Run_Fast3.csv,run_fast,1,train
OB010,Session1,overground,run,fast,Overground_Run,Run_Fast,/home/kwnuk/WKIRO-Project/data/OB010/Session1/Overground_Run/Run_Fast/Post_Process/Run_Fast4.csv,run_fast,1,train
OB010,Session1,overground,run,fast,Overground_Run,Run_Fast,/home/kwnuk/WKIRO-Project/data/OB010/Session1/Overground_Run/Run_Fast/Post_Process/Run_Fast5.csv,run_fast,1,train
OB010,Session1,overground,run,fast,Overground_Run,Run_Fast,/home/kwnuk/WKIRO-Project/data/OB010/Session1/Overground_Run/Run_Fast/Post_Process/Run_Fast6.csv,run_fast,1,train
OB010,Session1,overground,run,fast,Overground_Run,Run_Fast,/home/kwnuk/WKIRO-Project/data/OB010/Session1/Overground_Run/Run_Fast/Post_Process/Run_Fast7.csv,run_fast,1,train
OB010,Session1,overground,run,fast,Overground_Run,Run_Fast,/home/kwnuk/WKIRO-Project/data/OB010/Session1/Overground_Run/Run_Fast/Post_Process/Run_Fast8.csv,run_fast,1,train
OB010,Session1,overground,run,fast,Overground_Run,Run_Fast,/home/kwnuk/WKIRO-Project/data/OB010/Session1/Overground_Run/Run_Fast/Post_Process/Run_Fast9.csv,run_fast,1,val
OB010,Session1,overground,walk,comfortable,Overground_Walk,Walk_Comfortable,/home/kwnuk/WKIRO-Project/data/OB010/Session1/Overground_Walk/Walk_Comfortable/Post_Process/Walk_Comfortable1.csv,walk_comfortable,2,train
OB010,Session1,overground,walk,comfortable,Overground_Walk,Walk_Comfortable,/home/kwnuk/WKIRO-Project/data/OB010/Session1/Overground_Walk/Walk_Comfortable/Post_Process/Walk_Comfortable2.csv,walk_comfortable,2,train
OB010,Session1,overground,walk,comfortable,Overground_Walk,Walk_Comfortable,/home/kwnuk/WKIRO-Project/data/OB010/Session1/Overground_Walk/Walk_Comfortable/Post_Process/Walk_Comfortable3.csv,walk_comfortable,2,val
OB010,Session1,overground,walk,comfortable,Overground_Walk,Walk_Comfortable,/home/kwnuk/WKIRO-Project/data/OB010/Session1/Overground_Walk/Walk_Comfortable/Post_Process/Walk_Comfortable4.csv,walk_comfortable,2,train
OB010,Session1,overground,walk,comfortable,Overground_Walk,Walk_Comfortable,/home/kwnuk/WKIRO-Project/data/OB010/Session1/Overground_Walk/Walk_Comfortable/Post_Process/Walk_Comfortable5.csv,walk_comfortable,2,val
OB010,Session1,overground,walk,comfortable,Overground_Walk,Walk_Comfortable,/home/kwnuk/WKIRO-Project/data/OB010/Session1/Overground_Walk/Walk_Comfortable/Post_Process/Walk_Comfortable6.csv,walk_comfortable,2,test
OB010,Session1,overground,walk,fast,Overground_Walk,Walk_Fast,/home/kwnuk/WKIRO-Project/data/OB010/Session1/Overground_Walk/Walk_Fast/Post_Process/Walk_Fast1.csv,walk_fast,3,train
OB010,Session1,overground,walk,fast,Overground_Walk,Walk_Fast,/home/kwnuk/WKIRO-Project/data/OB010/Session1/Overground_Walk/Walk_Fast/Post_Process/Walk_Fast2.csv,walk_fast,3,train
OB010,Session1,overground,walk,fast,Overground_Walk,Walk_Fast,/home/kwnuk/WKIRO-Project/data/OB010/Session1/Overground_Walk/Walk_Fast/Post_Process/Walk_Fast3.csv,walk_fast,3,val
OB010,Session1,overground,walk,fast,Overground_Walk,Walk_Fast,/home/kwnuk/WKIRO-Project/data/OB010/Session1/Overground_Walk/Walk_Fast/Post_Process/Walk_Fast4.csv,walk_fast,3,train
OB010,Session1,overground,walk,fast,Overground_Walk,Walk_Fast,/home/kwnuk/WKIRO-Project/data/OB010/Session1/Overground_Walk/Walk_Fast/Post_Process/Walk_Fast5.csv,walk_fast,3,train
OB010,Session1,overground,walk,fast,Overground_Walk,Walk_Fast,/home/kwnuk/WKIRO-Project/data/OB010/Session1/Overground_Walk/Walk_Fast/Post_Process/Walk_Fast6.csv,walk_fast,3,test
OB010,Session1,overground,walk,fast,Overground_Walk,Walk_Fast,/home/kwnuk/WKIRO-Project/data/OB010/Session1/Overground_Walk/Walk_Fast/Post_Process/Walk_Fast7.csv,walk_fast,3,train
OB010,Session1,overground,walk,fast,Overground_Walk,Walk_Fast,/home/kwnuk/WKIRO-Project/data/OB010/Session1/Overground_Walk/Walk_Fast/Post_Process/Walk_Fast8.csv,walk_fast,3,train
OB010,Session1,overground,walk,slow,Overground_Walk,Walk_Slow,/home/kwnuk/WKIRO-Project/data/OB010/Session1/Overground_Walk/Walk_Slow/Post_Process/Walk_Slow1.csv,walk_slow,4,test
OB010,Session1,overground,walk,slow,Overground_Walk,Walk_Slow,/home/kwnuk/WKIRO-Project/data/OB010/Session1/Overground_Walk/Walk_Slow/Post_Process/Walk_Slow2.csv,walk_slow,4,train
OB010,Session1,overground,walk,slow,Overground_Walk,Walk_Slow,/home/kwnuk/WKIRO-Project/data/OB010/Session1/Overground_Walk/Walk_Slow/Post_Process/Walk_Slow3.csv,walk_slow,4,train
OB010,Session1,overground,walk,slow,Overground_Walk,Walk_Slow,/home/kwnuk/WKIRO-Project/data/OB010/Session1/Overground_Walk/Walk_Slow/Post_Process/Walk_Slow4.csv,walk_slow,4,test
OB010,Session1,overground,walk,slow,Overground_Walk,Walk_Slow,/home/kwnuk/WKIRO-Project/data/OB010/Session1/Overground_Walk/Walk_Slow/Post_Process/Walk_Slow5.csv,walk_slow,4,train
OB010,Session1,overground,walk,slow,Overground_Walk,Walk_Slow,/home/kwnuk/WKIRO-Project/data/OB010/Session1/Overground_Walk/Walk_Slow/Post_Process/Walk_Slow6.csv,walk_slow,4,train
OB010,Session1,treadmill,run,comfortable,Treadmill_Run,Treadmill_Run_Comfortable,/home/kwnuk/WKIRO-Project/data/OB010/Session1/Treadmill_Run/Treadmill_Run_Comfortable/Post_Process/Treadmill_Run_Comfortable.csv,run_comfortable,0,val
OB010,Session1,treadmill,run,fast,Treadmill_Run,Treadmill_Run_Fast,/home/kwnuk/WKIRO-Project/data/OB010/Session1/Treadmill_Run/Treadmill_Run_Fast/Post_Process/Treadmill_Run_Fast.csv,run_fast,1,train
OB010,Session1,treadmill,walk,comfortable,Treadmill_Walk,Treadmill_Walk_Comfortable,/home/kwnuk/WKIRO-Project/data/OB010/Session1/Treadmill_Walk/Treadmill_Walk_Comfortable/Post_Process/Treadmill_Walk_Comfortable.csv,walk_comfortable,2,train
OB010,Session1,treadmill,walk,fast,Treadmill_Walk,Treadmill_Walk_Fast,/home/kwnuk/WKIRO-Project/data/OB010/Session1/Treadmill_Walk/Treadmill_Walk_Fast/Post_Process/Treadmill_Walk_Fast.csv,walk_fast,3,test
OB010,Session1,treadmill,walk,slow,Treadmill_Walk,Treadmill_Walk_Slow,/home/kwnuk/WKIRO-Project/data/OB010/Session1/Treadmill_Walk/Treadmill_Walk_Slow/Post_Process/Treadmill_Walk_Slow.csv,walk_slow,4,train
OB010,Session2,overground,run,comfortable,Overground_Run,Run_Comfortable,/home/kwnuk/WKIRO-Project/data/OB010/Session2/Overground_Run/Run_Comfortable/Post_Process/Run_Comfortable1.csv,run_comfortable,0,train
OB010,Session2,overground,run,comfortable,Overground_Run,Run_Comfortable,/home/kwnuk/WKIRO-Project/data/OB010/Session2/Overground_Run/Run_Comfortable/Post_Process/Run_Comfortable10.csv,run_comfortable,0,val
OB010,Session2,overground,run,comfortable,Overground_Run,Run_Comfortable,/home/kwnuk/WKIRO-Project/data/OB010/Session2/Overground_Run/Run_Comfortable/Post_Process/Run_Comfortable11.csv,run_comfortable,0,train
OB010,Session2,overground,run,comfortable,Overground_Run,Run_Comfortable,/home/kwnuk/WKIRO-Project/data/OB010/Session2/Overground_Run/Run_Comfortable/Post_Process/Run_Comfortable12.csv,run_comfortable,0,train
OB010,Session2,overground,run,comfortable,Overground_Run,Run_Comfortable,/home/kwnuk/WKIRO-Project/data/OB010/Session2/Overground_Run/Run_Comfortable/Post_Process/Run_Comfortable13.csv,run_comfortable,0,test
OB010,Session2,overground,run,comfortable,Overground_Run,Run_Comfortable,/home/kwnuk/WKIRO-Project/data/OB010/Session2/Overground_Run/Run_Comfortable/Post_Process/Run_Comfortable14.csv,run_comfortable,0,train
OB010,Session2,overground,run,comfortable,Overground_Run,Run_Comfortable,/home/kwnuk/WKIRO-Project/data/OB010/Session2/Overground_Run/Run_Comfortable/Post_Process/Run_Comfortable2.csv,run_comfortable,0,train
OB010,Session2,overground,run,comfortable,Overground_Run,Run_Comfortable,/home/kwnuk/WKIRO-Project/data/OB010/Session2/Overground_Run/Run_Comfortable/Post_Process/Run_Comfortable3.csv,run_comfortable,0,train
OB010,Session2,overground,run,comfortable,Overground_Run,Run_Comfortable,/home/kwnuk/WKIRO-Project/data/OB010/Session2/Overground_Run/Run_Comfortable/Post_Process/Run_Comfortable4.csv,run_comfortable,0,train
OB010,Session2,overground,run,comfortable,Overground_Run,Run_Comfortable,/home/kwnuk/WKIRO-Project/data/OB010/Session2/Overground_Run/Run_Comfortable/Post_Process/Run_Comfortable5.csv,run_comfortable,0,train
OB010,Session2,overground,run,comfortable,Overground_Run,Run_Comfortable,/home/kwnuk/WKIRO-Project/data/OB010/Session2/Overground_Run/Run_Comfortable/Post_Process/Run_Comfortable6.csv,run_comfortable,0,test
OB010,Session2,overground,run,comfortable,Overground_Run,Run_Comfortable,/home/kwnuk/WKIRO-Project/data/OB010/Session2/Overground_Run/Run_Comfortable/Post_Process/Run_Comfortable7.csv,run_comfortable,0,train
OB010,Session2,overground,run,comfortable,Overground_Run,Run_Comfortable,/home/kwnuk/WKIRO-Project/data/OB010/Session2/Overground_Run/Run_Comfortable/Post_Process/Run_Comfortable8.csv,run_comfortable,0,train
OB010,Session2,overground,run,comfortable,Overground_Run,Run_Comfortable,/home/kwnuk/WKIRO-Project/data/OB010/Session2/Overground_Run/Run_Comfortable/Post_Process/Run_Comfortable9.csv,run_comfortable,0,val
OB010,Session2,overground,run,fast,Overground_Run,Run_Fast,/home/kwnuk/WKIRO-Project/data/OB010/Session2/Overground_Run/Run_Fast/Post_Process/Run_Fast1.csv,run_fast,1,train
OB010,Session2,overground,run,fast,Overground_Run,Run_Fast,/home/kwnuk/WKIRO-Project/data/OB010/Session2/Overground_Run/Run_Fast/Post_Process/Run_Fast10.csv,run_fast,1,train
OB010,Session2,overground,run,fast,Overground_Run,Run_Fast,/home/kwnuk/WKIRO-Project/data/OB010/Session2/Overground_Run/Run_Fast/Post_Process/Run_Fast11.csv,run_fast,1,train
OB010,Session2,overground,run,fast,Overground_Run,Run_Fast,/home/kwnuk/WKIRO-Project/data/OB010/Session2/Overground_Run/Run_Fast/Post_Process/Run_Fast12.csv,run_fast,1,train
OB010,Session2,overground,run,fast,Overground_Run,Run_Fast,/home/kwnuk/WKIRO-Project/data/OB010/Session2/Overground_Run/Run_Fast/Post_Process/Run_Fast13.csv,run_fast,1,test
OB010,Session2,overground,run,fast,Overground_Run,Run_Fast,/home/kwnuk/WKIRO-Project/data/OB010/Session2/Overground_Run/Run_Fast/Post_Process/Run_Fast14.csv,run_fast,1,val
OB010,Session2,overground,run,fast,Overground_Run,Run_Fast,/home/kwnuk/WKIRO-Project/data/OB010/Session2/Overground_Run/Run_Fast/Post_Process/Run_Fast2.csv,run_fast,1,test
OB010,Session2,overground,run,fast,Overground_Run,Run_Fast,/home/kwnuk/WKIRO-Project/data/OB010/Session2/Overground_Run/Run_Fast/Post_Process/Run_Fast3.csv,run_fast,1,val
OB010,Session2,overground,run,fast,Overground_Run,Run_Fast,/home/kwnuk/WKIRO-Project/data/OB010/Session2/Overground_Run/Run_Fast/Post_Process/Run_Fast4.csv,run_fast,1,train
OB010,Session2,overground,run,fast,Overground_Run,Run_Fast,/home/kwnuk/WKIRO-Project/data/OB010/Session2/Overground_Run/Run_Fast/Post_Process/Run_Fast5.csv,run_fast,1,train
OB010,Session2,overground,run,fast,Overground_Run,Run_Fast,/home/kwnuk/WKIRO-Project/data/OB010/Session2/Overground_Run/Run_Fast/Post_Process/Run_Fast6.csv,run_fast,1,val
OB010,Session2,overground,run,fast,Overground_Run,Run_Fast,/home/kwnuk/WKIRO-Project/data/OB010/Session2/Overground_Run/Run_Fast/Post_Process/Run_Fast7.csv,run_fast,1,train
OB010,Session2,overground,run,fast,Overground_Run,Run_Fast,/home/kwnuk/WKIRO-Project/data/OB010/Session2/Overground_Run/Run_Fast/Post_Process/Run_Fast8.csv,run_fast,1,train
OB010,Session2,overground,run,fast,Overground_Run,Run_Fast,/home/kwnuk/WKIRO-Project/data/OB010/Session2/Overground_Run/Run_Fast/Post_Process/Run_Fast9.csv,run_fast,1,test
OB010,Session2,overground,walk,comfortable,Overground_Walk,Walk_Comfortable,/home/kwnuk/WKIRO-Project/data/OB010/Session2/Overground_Walk/Walk_Comfortable/Post_Process/Walk_Comfortable1.csv,walk_comfortable,2,train
OB010,Session2,overground,walk,comfortable,Overground_Walk,Walk_Comfortable,/home/kwnuk/WKIRO-Project/data/OB010/Session2/Overground_Walk/Walk_Comfortable/Post_Process/Walk_Comfortable2.csv,walk_comfortable,2,train
OB010,Session2,overground,walk,comfortable,Overground_Walk,Walk_Comfortable,/home/kwnuk/WKIRO-Project/data/OB010/Session2/Overground_Walk/Walk_Comfortable/Post_Process/Walk_Comfortable3.csv,walk_comfortable,2,train
OB010,Session2,overground,walk,comfortable,Overground_Walk,Walk_Comfortable,/home/kwnuk/WKIRO-Project/data/OB010/Session2/Overground_Walk/Walk_Comfortable/Post_Process/Walk_Comfortable4.csv,walk_comfortable,2,test
OB010,Session2,overground,walk,fast,Overground_Walk,Walk_Fast,/home/kwnuk/WKIRO-Project/data/OB010/Session2/Overground_Walk/Walk_Fast/Post_Process/Walk_Fast1.csv,walk_fast,3,train
OB010,Session2,overground,walk,fast,Overground_Walk,Walk_Fast,/home/kwnuk/WKIRO-Project/data/OB010/Session2/Overground_Walk/Walk_Fast/Post_Process/Walk_Fast2.csv,walk_fast,3,train
OB010,Session2,overground,walk,fast,Overground_Walk,Walk_Fast,/home/kwnuk/WKIRO-Project/data/OB010/Session2/Overground_Walk/Walk_Fast/Post_Process/Walk_Fast3.csv,walk_fast,3,train
OB010,Session2,overground,walk,fast,Overground_Walk,Walk_Fast,/home/kwnuk/WKIRO-Project/data/OB010/Session2/Overground_Walk/Walk_Fast/Post_Process/Walk_Fast4.csv,walk_fast,3,val
OB010,Session2,overground,walk,fast,Overground_Walk,Walk_Fast,/home/kwnuk/WKIRO-Project/data/OB010/Session2/Overground_Walk/Walk_Fast/Post_Process/Walk_Fast5.csv,walk_fast,3,train
OB010,Session2,overground,walk,fast,Overground_Walk,Walk_Fast,/home/kwnuk/WKIRO-Project/data/OB010/Session2/Overground_Walk/Walk_Fast/Post_Process/Walk_Fast6.csv,walk_fast,3,test
OB010,Session2,overground,walk,fast,Overground_Walk,Walk_Fast,/home/kwnuk/WKIRO-Project/data/OB010/Session2/Overground_Walk/Walk_Fast/Post_Process/Walk_Fast7.csv,walk_fast,3,train
OB010,Session2,overground,walk,fast,Overground_Walk,Walk_Fast,/home/kwnuk/WKIRO-Project/data/OB010/Session2/Overground_Walk/Walk_Fast/Post_Process/Walk_Fast8.csv,walk_fast,3,val
OB010,Session2,overground,walk,slow,Overground_Walk,Walk_Slow,/home/kwnuk/WKIRO-Project/data/OB010/Session2/Overground_Walk/Walk_Slow/Post_Process/Walk_Slow1.csv,walk_slow,4,train
OB010,Session2,overground,walk,slow,Overground_Walk,Walk_Slow,/home/kwnuk/WKIRO-Project/data/OB010/Session2/Overground_Walk/Walk_Slow/Post_Process/Walk_Slow2.csv,walk_slow,4,val
OB010,Session2,overground,walk,slow,Overground_Walk,Walk_Slow,/home/kwnuk/WKIRO-Project/data/OB010/Session2/Overground_Walk/Walk_Slow/Post_Process/Walk_Slow3.csv,walk_slow,4,train
OB010,Session2,overground,walk,slow,Overground_Walk,Walk_Slow,/home/kwnuk/WKIRO-Project/data/OB010/Session2/Overground_Walk/Walk_Slow/Post_Process/Walk_Slow4.csv,walk_slow,4,train
OB010,Session2,overground,walk,slow,Overground_Walk,Walk_Slow,/home/kwnuk/WKIRO-Project/data/OB010/Session2/Overground_Walk/Walk_Slow/Post_Process/Walk_Slow5.csv,walk_slow,4,train
OB010,Session2,overground,walk,slow,Overground_Walk,Walk_Slow,/home/kwnuk/WKIRO-Project/data/OB010/Session2/Overground_Walk/Walk_Slow/Post_Process/Walk_Slow6.csv,walk_slow,4,val
OB010,Session2,treadmill,run,comfortable,Treadmill_Run,Treadmill_Run_Comfortable,/home/kwnuk/WKIRO-Project/data/OB010/Session2/Treadmill_Run/Treadmill_Run_Comfortable/Post_Process/Treadmill_Run_Comfortable.csv,run_comfortable,0,test
OB010,Session2,treadmill,run,fast,Treadmill_Run,Treadmill_Run_Fast,/home/kwnuk/WKIRO-Project/data/OB010/Session2/Treadmill_Run/Treadmill_Run_Fast/Post_Process/Treadmill_Run_Fast.csv,run_fast,1,train
OB010,Session2,treadmill,walk,comfortable,Treadmill_Walk,Treadmill_Walk_Comfortable,/home/kwnuk/WKIRO-Project/data/OB010/Session2/Treadmill_Walk/Treadmill_Walk_Comfortable/Post_Process/Treadmill_Walk_Comfortable.csv,walk_comfortable,2,train
OB010,Session2,treadmill,walk,fast,Treadmill_Walk,Treadmill_Walk_Fast,/home/kwnuk/WKIRO-Project/data/OB010/Session2/Treadmill_Walk/Treadmill_Walk_Fast/Post_Process/Treadmill_Walk_Fast.csv,walk_fast,3,train
OB010,Session2,treadmill,walk,slow,Treadmill_Walk,Treadmill_Walk_Slow,/home/kwnuk/WKIRO-Project/data/OB010/Session2/Treadmill_Walk/Treadmill_Walk_Slow/Post_Process/Treadmill_Walk_Slow.csv,walk_slow,4,train
PC008,Session1,overground,run,comfortable,Overground_Run,Run_Comfortable,/home/kwnuk/WKIRO-Project/data/PC008/Session1/Overground_Run/Run_Comfortable/Post_Process/Run_Comfortable1.csv,run_comfortable,0,test
PC008,Session1,overground,run,comfortable,Overground_Run,Run_Comfortable,/home/kwnuk/WKIRO-Project/data/PC008/Session1/Overground_Run/Run_Comfortable/Post_Process/Run_Comfortable10.csv,run_comfortable,0,train
PC008,Session1,overground,run,comfortable,Overground_Run,Run_Comfortable,/home/kwnuk/WKIRO-Project/data/PC008/Session1/Overground_Run/Run_Comfortable/Post_Process/Run_Comfortable2.csv,run_comfortable,0,train
PC008,Session1,overground,run,comfortable,Overground_Run,Run_Comfortable,/home/kwnuk/WKIRO-Project/data/PC008/Session1/Overground_Run/Run_Comfortable/Post_Process/Run_Comfortable3.csv,run_comfortable,0,test
PC008,Session1,overground,run,comfortable,Overground_Run,Run_Comfortable,/home/kwnuk/WKIRO-Project/data/PC008/Session1/Overground_Run/Run_Comfortable/Post_Process/Run_Comfortable4.csv,run_comfortable,0,train
PC008,Session1,overground,run,comfortable,Overground_Run,Run_Comfortable,/home/kwnuk/WKIRO-Project/data/PC008/Session1/Overground_Run/Run_Comfortable/Post_Process/Run_Comfortable5.csv,run_comfortable,0,train
PC008,Session1,overground,run,comfortable,Overground_Run,Run_Comfortable,/home/kwnuk/WKIRO-Project/data/PC008/Session1/Overground_Run/Run_Comfortable/Post_Process/Run_Comfortable6.csv,run_comfortable,0,train
PC008,Session1,overground,run,comfortable,Overground_Run,Run_Comfortable,/home/kwnuk/WKIRO-Project/data/PC008/Session1/Overground_Run/Run_Comfortable/Post_Process/Run_Comfortable7.csv,run_comfortable,0,test
PC008,Session1,overground,run,comfortable,Overground_Run,Run_Comfortable,/home/kwnuk/WKIRO-Project/data/PC008/Session1/Overground_Run/Run_Comfortable/Post_Process/Run_Comfortable8.csv,run_comfortable,0,train
PC008,Session1,overground,run,comfortable,Overground_Run,Run_Comfortable,/home/kwnuk/WKIRO-Project/data/PC008/Session1/Overground_Run/Run_Comfortable/Post_Process/Run_Comfortable9.csv,run_comfortable,0,train
PC008,Session1,overground,run,fast,Overground_Run,Run_Fast,/home/kwnuk/WKIRO-Project/data/PC008/Session1/Overground_Run/Run_Fast/Post_Process/Run_Fast1.csv,run_fast,1,train
PC008,Session1,overground,run,fast,Overground_Run,Run_Fast,/home/kwnuk/WKIRO-Project/data/PC008/Session1/Overground_Run/Run_Fast/Post_Process/Run_Fast10.csv,run_fast,1,train
PC008,Session1,overground,run,fast,Overground_Run,Run_Fast,/home/kwnuk/WKIRO-Project/data/PC008/Session1/Overground_Run/Run_Fast/Post_Process/Run_Fast11.csv,run_fast,1,train
PC008,Session1,overground,run,fast,Overground_Run,Run_Fast,/home/kwnuk/WKIRO-Project/data/PC008/Session1/Overground_Run/Run_Fast/Post_Process/Run_Fast12.csv,run_fast,1,train
PC008,Session1,overground,run,fast,Overground_Run,Run_Fast,/home/kwnuk/WKIRO-Project/data/PC008/Session1/Overground_Run/Run_Fast/Post_Process/Run_Fast13.csv,run_fast,1,train
PC008,Session1,overground,run,fast,Overground_Run,Run_Fast,/home/kwnuk/WKIRO-Project/data/PC008/Session1/Overground_Run/Run_Fast/Post_Process/Run_Fast14.csv,run_fast,1,val
PC008,Session1,overground,run,fast,Overground_Run,Run_Fast,/home/kwnuk/WKIRO-Project/data/PC008/Session1/Overground_Run/Run_Fast/Post_Process/Run_Fast15.csv,run_fast,1,train
PC008,Session1,overground,run,fast,Overground_Run,Run_Fast,/home/kwnuk/WKIRO-Project/data/PC008/Session1/Overground_Run/Run_Fast/Post_Process/Run_Fast2.csv,run_fast,1,train
PC008,Session1,overground,run,fast,Overground_Run,Run_Fast,/home/kwnuk/WKIRO-Project/data/PC008/Session1/Overground_Run/Run_Fast/Post_Process/Run_Fast3.csv,run_fast,1,train
PC008,Session1,overground,run,fast,Overground_Run,Run_Fast,/home/kwnuk/WKIRO-Project/data/PC008/Session1/Overground_Run/Run_Fast/Post_Process/Run_Fast4.csv,run_fast,1,train
PC008,Session1,overground,run,fast,Overground_Run,Run_Fast,/home/kwnuk/WKIRO-Project/data/PC008/Session1/Overground_Run/Run_Fast/Post_Process/Run_Fast5.csv,run_fast,1,train
PC008,Session1,overground,run,fast,Overground_Run,Run_Fast,/home/kwnuk/WKIRO-Project/data/PC008/Session1/Overground_Run/Run_Fast/Post_Process/Run_Fast6.csv,run_fast,1,train
PC008,Session1,overground,run,fast,Overground_Run,Run_Fast,/home/kwnuk/WKIRO-Project/data/PC008/Session1/Overground_Run/Run_Fast/Post_Process/Run_Fast7.csv,run_fast,1,train
PC008,Session1,overground,run,fast,Overground_Run,Run_Fast,/home/kwnuk/WKIRO-Project/data/PC008/Session1/Overground_Run/Run_Fast/Post_Process/Run_Fast8.csv,run_fast,1,val
PC008,Session1,overground,run,fast,Overground_Run,Run_Fast,/home/kwnuk/WKIRO-Project/data/PC008/Session1/Overground_Run/Run_Fast/Post_Process/Run_Fast9.csv,run_fast,1,train
PC008,Session1,overground,walk,comfortable,Overground_Walk,Walk_Comfortable,/home/kwnuk/WKIRO-Project/data/PC008/Session1/Overground_Walk/Walk_Comfortable/Post_Process/Walk_Comfortable1.csv,walk_comfortable,2,val
PC008,Session1,overground,walk,comfortable,Overground_Walk,Walk_Comfortable,/home/kwnuk/WKIRO-Project/data/PC008/Session1/Overground_Walk/Walk_Comfortable/Post_Process/Walk_Comfortable2.csv,walk_comfortable,2,train
PC008,Session1,overground,walk,comfortable,Overground_Walk,Walk_Comfortable,/home/kwnuk/WKIRO-Project/data/PC008/Session1/Overground_Walk/Walk_Comfortable/Post_Process/Walk_Comfortable3.csv,walk_comfortable,2,train
PC008,Session1,overground,walk,comfortable,Overground_Walk,Walk_Comfortable,/home/kwnuk/WKIRO-Project/data/PC008/Session1/Overground_Walk/Walk_Comfortable/Post_Process/Walk_Comfortable4.csv,walk_comfortable,2,train
PC008,Session1,overground,walk,comfortable,Overground_Walk,Walk_Comfortable,/home/kwnuk/WKIRO-Project/data/PC008/Session1/Overground_Walk/Walk_Comfortable/Post_Process/Walk_Comfortable5.csv,walk_comfortable,2,train
PC008,Session1,overground,walk,comfortable,Overground_Walk,Walk_Comfortable,/home/kwnuk/WKIRO-Project/data/PC008/Session1/Overground_Walk/Walk_Comfortable/Post_Process/Walk_Comfortable6.csv,walk_comfortable,2,train
PC008,Session1,overground,walk,comfortable,Overground_Walk,Walk_Comfortable,/home/kwnuk/WKIRO-Project/data/PC008/Session1/Overground_Walk/Walk_Comfortable/Post_Process/Walk_Comfortable7.csv,walk_comfortable,2,test
PC008,Session1,overground,walk,comfortable,Overground_Walk,Walk_Comfortable,/home/kwnuk/WKIRO-Project/data/PC008/Session1/Overground_Walk/Walk_Comfortable/Post_Process/Walk_Comfortable8.csv,walk_comfortable,2,test
PC008,Session1,overground,walk,fast,Overground_Walk,Walk_Fast,/home/kwnuk/WKIRO-Project/data/PC008/Session1/Overground_Walk/Walk_Fast/Post_Process/Walk_Fast1.csv,walk_fast,3,train
PC008,Session1,overground,walk,fast,Overground_Walk,Walk_Fast,/home/kwnuk/WKIRO-Project/data/PC008/Session1/Overground_Walk/Walk_Fast/Post_Process/Walk_Fast2.csv,walk_fast,3,train
PC008,Session1,overground,walk,fast,Overground_Walk,Walk_Fast,/home/kwnuk/WKIRO-Project/data/PC008/Session1/Overground_Walk/Walk_Fast/Post_Process/Walk_Fast3.csv,walk_fast,3,train
PC008,Session1,overground,walk,fast,Overground_Walk,Walk_Fast,/home/kwnuk/WKIRO-Project/data/PC008/Session1/Overground_Walk/Walk_Fast/Post_Process/Walk_Fast4.csv,walk_fast,3,train
PC008,Session1,overground,walk,fast,Overground_Walk,Walk_Fast,/home/kwnuk/WKIRO-Project/data/PC008/Session1/Overground_Walk/Walk_Fast/Post_Process/Walk_Fast5.csv,walk_fast,3,train
PC008,Session1,overground,walk,fast,Overground_Walk,Walk_Fast,/home/kwnuk/WKIRO-Project/data/PC008/Session1/Overground_Walk/Walk_Fast/Post_Process/Walk_Fast6.csv,walk_fast,3,train
PC008,Session1,overground,walk,fast,Overground_Walk,Walk_Fast,/home/kwnuk/WKIRO-Project/data/PC008/Session1/Overground_Walk/Walk_Fast/Post_Process/Walk_Fast7.csv,walk_fast,3,train
PC008,Session1,overground,walk,fast,Overground_Walk,Walk_Fast,/home/kwnuk/WKIRO-Project/data/PC008/Session1/Overground_Walk/Walk_Fast/Post_Process/Walk_Fast8.csv,walk_fast,3,test
PC008,Session1,overground,walk,slow,Overground_Walk,Walk_Slow,/home/kwnuk/WKIRO-Project/data/PC008/Session1/Overground_Walk/Walk_Slow/Post_Process/Walk_Slow1.csv,walk_slow,4,train
PC008,Session1,overground,walk,slow,Overground_Walk,Walk_Slow,/home/kwnuk/WKIRO-Project/data/PC008/Session1/Overground_Walk/Walk_Slow/Post_Process/Walk_Slow2.csv,walk_slow,4,train
PC008,Session1,overground,walk,slow,Overground_Walk,Walk_Slow,/home/kwnuk/WKIRO-Project/data/PC008/Session1/Overground_Walk/Walk_Slow/Post_Process/Walk_Slow3.csv,walk_slow,4,train
PC008,Session1,overground,walk,slow,Overground_Walk,Walk_Slow,/home/kwnuk/WKIRO-Project/data/PC008/Session1/Overground_Walk/Walk_Slow/Post_Process/Walk_Slow4.csv,walk_slow,4,train
PC008,Session1,overground,walk,slow,Overground_Walk,Walk_Slow,/home/kwnuk/WKIRO-Project/data/PC008/Session1/Overground_Walk/Walk_Slow/Post_Process/Walk_Slow5.csv,walk_slow,4,test
PC008,Session1,overground,walk,slow,Overground_Walk,Walk_Slow,/home/kwnuk/WKIRO-Project/data/PC008/Session1/Overground_Walk/Walk_Slow/Post_Process/Walk_Slow6.csv,walk_slow,4,train
PC008,Session1,treadmill,run,comfortable,Treadmill_Run,Treadmill_Run_Comfortable,/home/kwnuk/WKIRO-Project/data/PC008/Session1/Treadmill_Run/Treadmill_Run_Comfortable/Post_Process/Treadmill_Run_Comfortable.csv,run_comfortable,0,train
PC008,Session1,treadmill,run,fast,Treadmill_Run,Treadmill_Run_Fast,/home/kwnuk/WKIRO-Project/data/PC008/Session1/Treadmill_Run/Treadmill_Run_Fast/Post_Process/Treadmill_Run_Fast.csv,run_fast,1,train
PC008,Session1,treadmill,walk,comfortable,Treadmill_Walk,Treadmill_Walk_Comfortable,/home/kwnuk/WKIRO-Project/data/PC008/Session1/Treadmill_Walk/Treadmill_Walk_Comfortable/Post_Process/Treadmill_Walk_Comfortable.csv,walk_comfortable,2,train
PC008,Session1,treadmill,walk,fast,Treadmill_Walk,Treadmill_Walk_Fast,/home/kwnuk/WKIRO-Project/data/PC008/Session1/Treadmill_Walk/Treadmill_Walk_Fast/Post_Process/Treadmill_Walk_Fast.csv,walk_fast,3,val
PC008,Session1,treadmill,walk,slow,Treadmill_Walk,Treadmill_Walk_Slow,/home/kwnuk/WKIRO-Project/data/PC008/Session1/Treadmill_Walk/Treadmill_Walk_Slow/Post_Process/Treadmill_Walk_Slow.csv,walk_slow,4,val
PC008,Session2,overground,run,comfortable,Overground_Run,Run_Comfortable,/home/kwnuk/WKIRO-Project/data/PC008/Session2/Overground_Run/Run_Comfortable/Post_Process/Run_Comfortable1.csv,run_comfortable,0,train
PC008,Session2,overground,run,comfortable,Overground_Run,Run_Comfortable,/home/kwnuk/WKIRO-Project/data/PC008/Session2/Overground_Run/Run_Comfortable/Post_Process/Run_Comfortable10.csv,run_comfortable,0,train
PC008,Session2,overground,run,comfortable,Overground_Run,Run_Comfortable,/home/kwnuk/WKIRO-Project/data/PC008/Session2/Overground_Run/Run_Comfortable/Post_Process/Run_Comfortable11.csv,run_comfortable,0,train
PC008,Session2,overground,run,comfortable,Overground_Run,Run_Comfortable,/home/kwnuk/WKIRO-Project/data/PC008/Session2/Overground_Run/Run_Comfortable/Post_Process/Run_Comfortable12.csv,run_comfortable,0,train
PC008,Session2,overground,run,comfortable,Overground_Run,Run_Comfortable,/home/kwnuk/WKIRO-Project/data/PC008/Session2/Overground_Run/Run_Comfortable/Post_Process/Run_Comfortable13.csv,run_comfortable,0,train
PC008,Session2,overground,run,comfortable,Overground_Run,Run_Comfortable,/home/kwnuk/WKIRO-Project/data/PC008/Session2/Overground_Run/Run_Comfortable/Post_Process/Run_Comfortable14.csv,run_comfortable,0,train
PC008,Session2,overground,run,comfortable,Overground_Run,Run_Comfortable,/home/kwnuk/WKIRO-Project/data/PC008/Session2/Overground_Run/Run_Comfortable/Post_Process/Run_Comfortable15.csv,run_comfortable,0,train
PC008,Session2,overground,run,comfortable,Overground_Run,Run_Comfortable,/home/kwnuk/WKIRO-Project/data/PC008/Session2/Overground_Run/Run_Comfortable/Post_Process/Run_Comfortable16.csv,run_comfortable,0,train
PC008,Session2,overground,run,comfortable,Overground_Run,Run_Comfortable,/home/kwnuk/WKIRO-Project/data/PC008/Session2/Overground_Run/Run_Comfortable/Post_Process/Run_Comfortable2.csv,run_comfortable,0,val
PC008,Session2,overground,run,comfortable,Overground_Run,Run_Comfortable,/home/kwnuk/WKIRO-Project/data/PC008/Session2/Overground_Run/Run_Comfortable/Post_Process/Run_Comfortable3.csv,run_comfortable,0,train
PC008,Session2,overground,run,comfortable,Overground_Run,Run_Comfortable,/home/kwnuk/WKIRO-Project/data/PC008/Session2/Overground_Run/Run_Comfortable/Post_Process/Run_Comfortable4.csv,run_comfortable,0,test
PC008,Session2,overground,run,comfortable,Overground_Run,Run_Comfortable,/home/kwnuk/WKIRO-Project/data/PC008/Session2/Overground_Run/Run_Comfortable/Post_Process/Run_Comfortable5.csv,run_comfortable,0,val
PC008,Session2,overground,run,comfortable,Overground_Run,Run_Comfortable,/home/kwnuk/WKIRO-Project/data/PC008/Session2/Overground_Run/Run_Comfortable/Post_Process/Run_Comfortable6.csv,run_comfortable,0,train
PC008,Session2,overground,run,comfortable,Overground_Run,Run_Comfortable,/home/kwnuk/WKIRO-Project/data/PC008/Session2/Overground_Run/Run_Comfortable/Post_Process/Run_Comfortable7.csv,run_comfortable,0,train
PC008,Session2,overground,run,comfortable,Overground_Run,Run_Comfortable,/home/kwnuk/WKIRO-Project/data/PC008/Session2/Overground_Run/Run_Comfortable/Post_Process/Run_Comfortable8.csv,run_comfortable,0,val
PC008,Session2,overground,run,comfortable,Overground_Run,Run_Comfortable,/home/kwnuk/WKIRO-Project/data/PC008/Session2/Overground_Run/Run_Comfortable/Post_Process/Run_Comfortable9.csv,run_comfortable,0,val
PC008,Session2,overground,run,fast,Overground_Run,Run_Fast,/home/kwnuk/WKIRO-Project/data/PC008/Session2/Overground_Run/Run_Fast/Post_Process/Run_Fast1.csv,run_fast,1,test
PC008,Session2,overground,run,fast,Overground_Run,Run_Fast,/home/kwnuk/WKIRO-Project/data/PC008/Session2/Overground_Run/Run_Fast/Post_Process/Run_Fast10.csv,run_fast,1,train
PC008,Session2,overground,run,fast,Overground_Run,Run_Fast,/home/kwnuk/WKIRO-Project/data/PC008/Session2/Overground_Run/Run_Fast/Post_Process/Run_Fast11.csv,run_fast,1,test
PC008,Session2,overground,run,fast,Overground_Run,Run_Fast,/home/kwnuk/WKIRO-Project/data/PC008/Session2/Overground_Run/Run_Fast/Post_Process/Run_Fast12.csv,run_fast,1,train
PC008,Session2,overground,run,fast,Overground_Run,Run_Fast,/home/kwnuk/WKIRO-Project/data/PC008/Session2/Overground_Run/Run_Fast/Post_Process/Run_Fast13.csv,run_fast,1,train
PC008,Session2,overground,run,fast,Overground_Run,Run_Fast,/home/kwnuk/WKIRO-Project/data/PC008/Session2/Overground_Run/Run_Fast/Post_Process/Run_Fast14.csv,run_fast,1,test
PC008,Session2,overground,run,fast,Overground_Run,Run_Fast,/home/kwnuk/WKIRO-Project/data/PC008/Session2/Overground_Run/Run_Fast/Post_Process/Run_Fast2.csv,run_fast,1,train
PC008,Session2,overground,run,fast,Overground_Run,Run_Fast,/home/kwnuk/WKIRO-Project/data/PC008/Session2/Overground_Run/Run_Fast/Post_Process/Run_Fast3.csv,run_fast,1,val
PC008,Session2,overground,run,fast,Overground_Run,Run_Fast,/home/kwnuk/WKIRO-Project/data/PC008/Session2/Overground_Run/Run_Fast/Post_Process/Run_Fast4.csv,run_fast,1,train
PC008,Session2,overground,run,fast,Overground_Run,Run_Fast,/home/kwnuk/WKIRO-Project/data/PC008/Session2/Overground_Run/Run_Fast/Post_Process/Run_Fast5.csv,run_fast,1,train
PC008,Session2,overground,run,fast,Overground_Run,Run_Fast,/home/kwnuk/WKIRO-Project/data/PC008/Session2/Overground_Run/Run_Fast/Post_Process/Run_Fast6.csv,run_fast,1,val
PC008,Session2,overground,run,fast,Overground_Run,Run_Fast,/home/kwnuk/WKIRO-Project/data/PC008/Session2/Overground_Run/Run_Fast/Post_Process/Run_Fast7.csv,run_fast,1,train
PC008,Session2,overground,run,fast,Overground_Run,Run_Fast,/home/kwnuk/WKIRO-Project/data/PC008/Session2/Overground_Run/Run_Fast/Post_Process/Run_Fast8.csv,run_fast,1,train
PC008,Session2,overground,run,fast,Overground_Run,Run_Fast,/home/kwnuk/WKIRO-Project/data/PC008/Session2/Overground_Run/Run_Fast/Post_Process/Run_Fast9.csv,run_fast,1,val
PC008,Session2,overground,walk,comfortable,Overground_Walk,Walk_Comfortable,/home/kwnuk/WKIRO-Project/data/PC008/Session2/Overground_Walk/Walk_Comfortable/Post_Process/Walk_Comfortable1.csv,walk_comfortable,2,train
PC008,Session2,overground,walk,comfortable,Overground_Walk,Walk_Comfortable,/home/kwnuk/WKIRO-Project/data/PC008/Session2/Overground_Walk/Walk_Comfortable/Post_Process/Walk_Comfortable10.csv,walk_comfortable,2,test
PC008,Session2,overground,walk,comfortable,Overground_Walk,Walk_Comfortable,/home/kwnuk/WKIRO-Project/data/PC008/Session2/Overground_Walk/Walk_Comfortable/Post_Process/Walk_Comfortable11.csv,walk_comfortable,2,train
PC008,Session2,overground,walk,comfortable,Overground_Walk,Walk_Comfortable,/home/kwnuk/WKIRO-Project/data/PC008/Session2/Overground_Walk/Walk_Comfortable/Post_Process/Walk_Comfortable12.csv,walk_comfortable,2,train
PC008,Session2,overground,walk,comfortable,Overground_Walk,Walk_Comfortable,/home/kwnuk/WKIRO-Project/data/PC008/Session2/Overground_Walk/Walk_Comfortable/Post_Process/Walk_Comfortable13.csv,walk_comfortable,2,train
PC008,Session2,overground,walk,comfortable,Overground_Walk,Walk_Comfortable,/home/kwnuk/WKIRO-Project/data/PC008/Session2/Overground_Walk/Walk_Comfortable/Post_Process/Walk_Comfortable14.csv,walk_comfortable,2,train
PC008,Session2,overground,walk,comfortable,Overground_Walk,Walk_Comfortable,/home/kwnuk/WKIRO-Project/data/PC008/Session2/Overground_Walk/Walk_Comfortable/Post_Process/Walk_Comfortable2.csv,walk_comfortable,2,train
PC008,Session2,overground,walk,comfortable,Overground_Walk,Walk_Comfortable,/home/kwnuk/WKIRO-Project/data/PC008/Session2/Overground_Walk/Walk_Comfortable/Post_Process/Walk_Comfortable3.csv,walk_comfortable,2,train
PC008,Session2,overground,walk,comfortable,Overground_Walk,Walk_Comfortable,/home/kwnuk/WKIRO-Project/data/PC008/Session2/Overground_Walk/Walk_Comfortable/Post_Process/Walk_Comfortable4.csv,walk_comfortable,2,val
PC008,Session2,overground,walk,comfortable,Overground_Walk,Walk_Comfortable,/home/kwnuk/WKIRO-Project/data/PC008/Session2/Overground_Walk/Walk_Comfortable/Post_Process/Walk_Comfortable5.csv,walk_comfortable,2,val
PC008,Session2,overground,walk,comfortable,Overground_Walk,Walk_Comfortable,/home/kwnuk/WKIRO-Project/data/PC008/Session2/Overground_Walk/Walk_Comfortable/Post_Process/Walk_Comfortable6.csv,walk_comfortable,2,val
PC008,Session2,overground,walk,comfortable,Overground_Walk,Walk_Comfortable,/home/kwnuk/WKIRO-Project/data/PC008/Session2/Overground_Walk/Walk_Comfortable/Post_Process/Walk_Comfortable7.csv,walk_comfortable,2,train
PC008,Session2,overground,walk,comfortable,Overground_Walk,Walk_Comfortable,/home/kwnuk/WKIRO-Project/data/PC008/Session2/Overground_Walk/Walk_Comfortable/Post_Process/Walk_Comfortable8.csv,walk_comfortable,2,train
PC008,Session2,overground,walk,comfortable,Overground_Walk,Walk_Comfortable,/home/kwnuk/WKIRO-Project/data/PC008/Session2/Overground_Walk/Walk_Comfortable/Post_Process/Walk_Comfortable9.csv,walk_comfortable,2,train
PC008,Session2,overground,walk,fast,Overground_Walk,Walk_Fast,/home/kwnuk/WKIRO-Project/data/PC008/Session2/Overground_Walk/Walk_Fast/Post_Process/Walk_Fast1.csv,walk_fast,3,train
PC008,Session2,overground,walk,fast,Overground_Walk,Walk_Fast,/home/kwnuk/WKIRO-Project/data/PC008/Session2/Overground_Walk/Walk_Fast/Post_Process/Walk_Fast10.csv,walk_fast,3,train
PC008,Session2,overground,walk,fast,Overground_Walk,Walk_Fast,/home/kwnuk/WKIRO-Project/data/PC008/Session2/Overground_Walk/Walk_Fast/Post_Process/Walk_Fast11.csv,walk_fast,3,train
PC008,Session2,overground,walk,fast,Overground_Walk,Walk_Fast,/home/kwnuk/WKIRO-Project/data/PC008/Session2/Overground_Walk/Walk_Fast/Post_Process/Walk_Fast12.csv,walk_fast,3,train
PC008,Session2,overground,walk,fast,Overground_Walk,Walk_Fast,/home/kwnuk/WKIRO-Project/data/PC008/Session2/Overground_Walk/Walk_Fast/Post_Process/Walk_Fast13.csv,walk_fast,3,val
PC008,Session2,overground,walk,fast,Overground_Walk,Walk_Fast,/home/kwnuk/WKIRO-Project/data/PC008/Session2/Overground_Walk/Walk_Fast/Post_Process/Walk_Fast14.csv,walk_fast,3,train
PC008,Session2,overground,walk,fast,Overground_Walk,Walk_Fast,/home/kwnuk/WKIRO-Project/data/PC008/Session2/Overground_Walk/Walk_Fast/Post_Process/Walk_Fast15.csv,walk_fast,3,val
PC008,Session2,overground,walk,fast,Overground_Walk,Walk_Fast,/home/kwnuk/WKIRO-Project/data/PC008/Session2/Overground_Walk/Walk_Fast/Post_Process/Walk_Fast16.csv,walk_fast,3,train
PC008,Session2,overground,walk,fast,Overground_Walk,Walk_Fast,/home/kwnuk/WKIRO-Project/data/PC008/Session2/Overground_Walk/Walk_Fast/Post_Process/Walk_Fast2.csv,walk_fast,3,train
PC008,Session2,overground,walk,fast,Overground_Walk,Walk_Fast,/home/kwnuk/WKIRO-Project/data/PC008/Session2/Overground_Walk/Walk_Fast/Post_Process/Walk_Fast3.csv,walk_fast,3,train
PC008,Session2,overground,walk,fast,Overground_Walk,Walk_Fast,/home/kwnuk/WKIRO-Project/data/PC008/Session2/Overground_Walk/Walk_Fast/Post_Process/Walk_Fast4.csv,walk_fast,3,train
PC008,Session2,overground,walk,fast,Overground_Walk,Walk_Fast,/home/kwnuk/WKIRO-Project/data/PC008/Session2/Overground_Walk/Walk_Fast/Post_Process/Walk_Fast5.csv,walk_fast,3,test
PC008,Session2,overground,walk,fast,Overground_Walk,Walk_Fast,/home/kwnuk/WKIRO-Project/data/PC008/Session2/Overground_Walk/Walk_Fast/Post_Process/Walk_Fast6.csv,walk_fast,3,val
PC008,Session2,overground,walk,fast,Overground_Walk,Walk_Fast,/home/kwnuk/WKIRO-Project/data/PC008/Session2/Overground_Walk/Walk_Fast/Post_Process/Walk_Fast7.csv,walk_fast,3,test
PC008,Session2,overground,walk,fast,Overground_Walk,Walk_Fast,/home/kwnuk/WKIRO-Project/data/PC008/Session2/Overground_Walk/Walk_Fast/Post_Process/Walk_Fast8.csv,walk_fast,3,train
PC008,Session2,overground,walk,fast,Overground_Walk,Walk_Fast,/home/kwnuk/WKIRO-Project/data/PC008/Session2/Overground_Walk/Walk_Fast/Post_Process/Walk_Fast9.csv,walk_fast,3,train
PC008,Session2,overground,walk,slow,Overground_Walk,Walk_Slow,/home/kwnuk/WKIRO-Project/data/PC008/Session2/Overground_Walk/Walk_Slow/Post_Process/Walk_Slow1.csv,walk_slow,4,train
PC008,Session2,overground,walk,slow,Overground_Walk,Walk_Slow,/home/kwnuk/WKIRO-Project/data/PC008/Session2/Overground_Walk/Walk_Slow/Post_Process/Walk_Slow10.csv,walk_slow,4,train
PC008,Session2,overground,walk,slow,Overground_Walk,Walk_Slow,/home/kwnuk/WKIRO-Project/data/PC008/Session2/Overground_Walk/Walk_Slow/Post_Process/Walk_Slow11.csv,walk_slow,4,train
PC008,Session2,overground,walk,slow,Overground_Walk,Walk_Slow,/home/kwnuk/WKIRO-Project/data/PC008/Session2/Overground_Walk/Walk_Slow/Post_Process/Walk_Slow12.csv,walk_slow,4,train
PC008,Session2,overground,walk,slow,Overground_Walk,Walk_Slow,/home/kwnuk/WKIRO-Project/data/PC008/Session2/Overground_Walk/Walk_Slow/Post_Process/Walk_Slow13.csv,walk_slow,4,test
PC008,Session2,overground,walk,slow,Overground_Walk,Walk_Slow,/home/kwnuk/WKIRO-Project/data/PC008/Session2/Overground_Walk/Walk_Slow/Post_Process/Walk_Slow14.csv,walk_slow,4,train
PC008,Session2,overground,walk,slow,Overground_Walk,Walk_Slow,/home/kwnuk/WKIRO-Project/data/PC008/Session2/Overground_Walk/Walk_Slow/Post_Process/Walk_Slow2.csv,walk_slow,4,val
PC008,Session2,overground,walk,slow,Overground_Walk,Walk_Slow,/home/kwnuk/WKIRO-Project/data/PC008/Session2/Overground_Walk/Walk_Slow/Post_Process/Walk_Slow3.csv,walk_slow,4,train
PC008,Session2,overground,walk,slow,Overground_Walk,Walk_Slow,/home/kwnuk/WKIRO-Project/data/PC008/Session2/Overground_Walk/Walk_Slow/Post_Process/Walk_Slow4.csv,walk_slow,4,train
PC008,Session2,overground,walk,slow,Overground_Walk,Walk_Slow,/home/kwnuk/WKIRO-Project/data/PC008/Session2/Overground_Walk/Walk_Slow/Post_Process/Walk_Slow5.csv,walk_slow,4,val
PC008,Session2,overground,walk,slow,Overground_Walk,Walk_Slow,/home/kwnuk/WKIRO-Project/data/PC008/Session2/Overground_Walk/Walk_Slow/Post_Process/Walk_Slow6.csv,walk_slow,4,train
PC008,Session2,overground,walk,slow,Overground_Walk,Walk_Slow,/home/kwnuk/WKIRO-Project/data/PC008/Session2/Overground_Walk/Walk_Slow/Post_Process/Walk_Slow7.csv,walk_slow,4,train
PC008,Session2,overground,walk,slow,Overground_Walk,Walk_Slow,/home/kwnuk/WKIRO-Project/data/PC008/Session2/Overground_Walk/Walk_Slow/Post_Process/Walk_Slow8.csv,walk_slow,4,train
PC008,Session2,overground,walk,slow,Overground_Walk,Walk_Slow,/home/kwnuk/WKIRO-Project/data/PC008/Session2/Overground_Walk/Walk_Slow/Post_Process/Walk_Slow9.csv,walk_slow,4,test
PC008,Session2,treadmill,run,comfortable,Treadmill_Run,Treadmill_Run_Comfortable,/home/kwnuk/WKIRO-Project/data/PC008/Session2/Treadmill_Run/Treadmill_Run_Comfortable/Post_Process/Treadmill_Run_Comfortable.csv,run_comfortable,0,train
PC008,Session2,treadmill,run,fast,Treadmill_Run,Treadmill_Run_Fast,/home/kwnuk/WKIRO-Project/data/PC008/Session2/Treadmill_Run/Treadmill_Run_Fast/Post_Process/Treadmill_Run_Fast.csv,run_fast,1,test
PC008,Session2,treadmill,walk,comfortable,Treadmill_Walk,Treadmill_Walk_Comfortable,/home/kwnuk/WKIRO-Project/data/PC008/Session2/Treadmill_Walk/Treadmill_Walk_Comfortable/Post_Process/Treadmill_Walk_Comfortable.csv,walk_comfortable,2,train
PC008,Session2,treadmill,walk,fast,Treadmill_Walk,Treadmill_Walk_Fast,/home/kwnuk/WKIRO-Project/data/PC008/Session2/Treadmill_Walk/Treadmill_Walk_Fast/Post_Process/Treadmill_Walk_Fast.csv,walk_fast,3,test
PC008,Session2,treadmill,walk,slow,Treadmill_Walk,Treadmill_Walk_Slow,/home/kwnuk/WKIRO-Project/data/PC008/Session2/Treadmill_Walk/Treadmill_Walk_Slow/Post_Process/Treadmill_Walk_Slow.csv,walk_slow,4,train
PQ006,Session1,overground,run,comfortable,Overground_Run,Run_Comfortable,/home/kwnuk/WKIRO-Project/data/PQ006/Session1/Overground_Run/Run_Comfortable/Post_Process/Run_Comfortable1.csv,run_comfortable,0,train
PQ006,Session1,overground,run,comfortable,Overground_Run,Run_Comfortable,/home/kwnuk/WKIRO-Project/data/PQ006/Session1/Overground_Run/Run_Comfortable/Post_Process/Run_Comfortable10.csv,run_comfortable,0,train
PQ006,Session1,overground,run,comfortable,Overground_Run,Run_Comfortable,/home/kwnuk/WKIRO-Project/data/PQ006/Session1/Overground_Run/Run_Comfortable/Post_Process/Run_Comfortable11.csv,run_comfortable,0,train
PQ006,Session1,overground,run,comfortable,Overground_Run,Run_Comfortable,/home/kwnuk/WKIRO-Project/data/PQ006/Session1/Overground_Run/Run_Comfortable/Post_Process/Run_Comfortable12.csv,run_comfortable,0,train
PQ006,Session1,overground,run,comfortable,Overground_Run,Run_Comfortable,/home/kwnuk/WKIRO-Project/data/PQ006/Session1/Overground_Run/Run_Comfortable/Post_Process/Run_Comfortable13.csv,run_comfortable,0,train
PQ006,Session1,overground,run,comfortable,Overground_Run,Run_Comfortable,/home/kwnuk/WKIRO-Project/data/PQ006/Session1/Overground_Run/Run_Comfortable/Post_Process/Run_Comfortable14.csv,run_comfortable,0,train
PQ006,Session1,overground,run,comfortable,Overground_Run,Run_Comfortable,/home/kwnuk/WKIRO-Project/data/PQ006/Session1/Overground_Run/Run_Comfortable/Post_Process/Run_Comfortable15.csv,run_comfortable,0,train
PQ006,Session1,overground,run,comfortable,Overground_Run,Run_Comfortable,/home/kwnuk/WKIRO-Project/data/PQ006/Session1/Overground_Run/Run_Comfortable/Post_Process/Run_Comfortable2.csv,run_comfortable,0,val
PQ006,Session1,overground,run,comfortable,Overground_Run,Run_Comfortable,/home/kwnuk/WKIRO-Project/data/PQ006/Session1/Overground_Run/Run_Comfortable/Post_Process/Run_Comfortable3.csv,run_comfortable,0,test
PQ006,Session1,overground,run,comfortable,Overground_Run,Run_Comfortable,/home/kwnuk/WKIRO-Project/data/PQ006/Session1/Overground_Run/Run_Comfortable/Post_Process/Run_Comfortable4.csv,run_comfortable,0,train
PQ006,Session1,overground,run,comfortable,Overground_Run,Run_Comfortable,/home/kwnuk/WKIRO-Project/data/PQ006/Session1/Overground_Run/Run_Comfortable/Post_Process/Run_Comfortable5.csv,run_comfortable,0,val
PQ006,Session1,overground,run,comfortable,Overground_Run,Run_Comfortable,/home/kwnuk/WKIRO-Project/data/PQ006/Session1/Overground_Run/Run_Comfortable/Post_Process/Run_Comfortable6.csv,run_comfortable,0,test
PQ006,Session1,overground,run,comfortable,Overground_Run,Run_Comfortable,/home/kwnuk/WKIRO-Project/data/PQ006/Session1/Overground_Run/Run_Comfortable/Post_Process/Run_Comfortable7.csv,run_comfortable,0,train
PQ006,Session1,overground,run,comfortable,Overground_Run,Run_Comfortable,/home/kwnuk/WKIRO-Project/data/PQ006/Session1/Overground_Run/Run_Comfortable/Post_Process/Run_Comfortable8.csv,run_comfortable,0,train
PQ006,Session1,overground,run,comfortable,Overground_Run,Run_Comfortable,/home/kwnuk/WKIRO-Project/data/PQ006/Session1/Overground_Run/Run_Comfortable/Post_Process/Run_Comfortable9.csv,run_comfortable,0,test
PQ006,Session1,overground,run,fast,Overground_Run,Run_Fast,/home/kwnuk/WKIRO-Project/data/PQ006/Session1/Overground_Run/Run_Fast/Post_Process/Run_Fast1.csv,run_fast,1,train
PQ006,Session1,overground,run,fast,Overground_Run,Run_Fast,/home/kwnuk/WKIRO-Project/data/PQ006/Session1/Overground_Run/Run_Fast/Post_Process/Run_Fast10.csv,run_fast,1,train
PQ006,Session1,overground,run,fast,Overground_Run,Run_Fast,/home/kwnuk/WKIRO-Project/data/PQ006/Session1/Overground_Run/Run_Fast/Post_Process/Run_Fast11.csv,run_fast,1,val
PQ006,Session1,overground,run,fast,Overground_Run,Run_Fast,/home/kwnuk/WKIRO-Project/data/PQ006/Session1/Overground_Run/Run_Fast/Post_Process/Run_Fast12.csv,run_fast,1,train
PQ006,Session1,overground,run,fast,Overground_Run,Run_Fast,/home/kwnuk/WKIRO-Project/data/PQ006/Session1/Overground_Run/Run_Fast/Post_Process/Run_Fast13.csv,run_fast,1,train
PQ006,Session1,overground,run,fast,Overground_Run,Run_Fast,/home/kwnuk/WKIRO-Project/data/PQ006/Session1/Overground_Run/Run_Fast/Post_Process/Run_Fast2.csv,run_fast,1,train
PQ006,Session1,overground,run,fast,Overground_Run,Run_Fast,/home/kwnuk/WKIRO-Project/data/PQ006/Session1/Overground_Run/Run_Fast/Post_Process/Run_Fast3.csv,run_fast,1,test
PQ006,Session1,overground,run,fast,Overground_Run,Run_Fast,/home/kwnuk/WKIRO-Project/data/PQ006/Session1/Overground_Run/Run_Fast/Post_Process/Run_Fast4.csv,run_fast,1,val
PQ006,Session1,overground,run,fast,Overground_Run,Run_Fast,/home/kwnuk/WKIRO-Project/data/PQ006/Session1/Overground_Run/Run_Fast/Post_Process/Run_Fast5.csv,run_fast,1,train
PQ006,Session1,overground,run,fast,Overground_Run,Run_Fast,/home/kwnuk/WKIRO-Project/data/PQ006/Session1/Overground_Run/Run_Fast/Post_Process/Run_Fast6.csv,run_fast,1,train
PQ006,Session1,overground,run,fast,Overground_Run,Run_Fast,/home/kwnuk/WKIRO-Project/data/PQ006/Session1/Overground_Run/Run_Fast/Post_Process/Run_Fast7.csv,run_fast,1,train
PQ006,Session1,overground,run,fast,Overground_Run,Run_Fast,/home/kwnuk/WKIRO-Project/data/PQ006/Session1/Overground_Run/Run_Fast/Post_Process/Run_Fast8.csv,run_fast,1,train
PQ006,Session1,overground,run,fast,Overground_Run,Run_Fast,/home/kwnuk/WKIRO-Project/data/PQ006/Session1/Overground_Run/Run_Fast/Post_Process/Run_Fast9.csv,run_fast,1,train
PQ006,Session1,overground,walk,comfortable,Overground_Walk,Walk_Comfortable,/home/kwnuk/WKIRO-Project/data/PQ006/Session1/Overground_Walk/Walk_Comfortable/Post_Process/Walk_Comfortable1.csv,walk_comfortable,2,train
PQ006,Session1,overground,walk,comfortable,Overground_Walk,Walk_Comfortable,/home/kwnuk/WKIRO-Project/data/PQ006/Session1/Overground_Walk/Walk_Comfortable/Post_Process/Walk_Comfortable10.csv,walk_comfortable,2,train
PQ006,Session1,overground,walk,comfortable,Overground_Walk,Walk_Comfortable,/home/kwnuk/WKIRO-Project/data/PQ006/Session1/Overground_Walk/Walk_Comfortable/Post_Process/Walk_Comfortable2.csv,walk_comfortable,2,train
PQ006,Session1,overground,walk,comfortable,Overground_Walk,Walk_Comfortable,/home/kwnuk/WKIRO-Project/data/PQ006/Session1/Overground_Walk/Walk_Comfortable/Post_Process/Walk_Comfortable3.csv,walk_comfortable,2,val
PQ006,Session1,overground,walk,comfortable,Overground_Walk,Walk_Comfortable,/home/kwnuk/WKIRO-Project/data/PQ006/Session1/Overground_Walk/Walk_Comfortable/Post_Process/Walk_Comfortable4.csv,walk_comfortable,2,train
PQ006,Session1,overground,walk,comfortable,Overground_Walk,Walk_Comfortable,/home/kwnuk/WKIRO-Project/data/PQ006/Session1/Overground_Walk/Walk_Comfortable/Post_Process/Walk_Comfortable5.csv,walk_comfortable,2,train
PQ006,Session1,overground,walk,comfortable,Overground_Walk,Walk_Comfortable,/home/kwnuk/WKIRO-Project/data/PQ006/Session1/Overground_Walk/Walk_Comfortable/Post_Process/Walk_Comfortable6.csv,walk_comfortable,2,train
PQ006,Session1,overground,walk,comfortable,Overground_Walk,Walk_Comfortable,/home/kwnuk/WKIRO-Project/data/PQ006/Session1/Overground_Walk/Walk_Comfortable/Post_Process/Walk_Comfortable7.csv,walk_comfortable,2,val
PQ006,Session1,overground,walk,comfortable,Overground_Walk,Walk_Comfortable,/home/kwnuk/WKIRO-Project/data/PQ006/Session1/Overground_Walk/Walk_Comfortable/Post_Process/Walk_Comfortable8.csv,walk_comfortable,2,test
PQ006,Session1,overground,walk,comfortable,Overground_Walk,Walk_Comfortable,/home/kwnuk/WKIRO-Project/data/PQ006/Session1/Overground_Walk/Walk_Comfortable/Post_Process/Walk_Comfortable9.csv,walk_comfortable,2,train
PQ006,Session1,overground,walk,fast,Overground_Walk,Walk_Fast,/home/kwnuk/WKIRO-Project/data/PQ006/Session1/Overground_Walk/Walk_Fast/Post_Process/Walk_Fast1.csv,walk_fast,3,train
PQ006,Session1,overground,walk,fast,Overground_Walk,Walk_Fast,/home/kwnuk/WKIRO-Project/data/PQ006/Session1/Overground_Walk/Walk_Fast/Post_Process/Walk_Fast10.csv,walk_fast,3,train
PQ006,Session1,overground,walk,fast,Overground_Walk,Walk_Fast,/home/kwnuk/WKIRO-Project/data/PQ006/Session1/Overground_Walk/Walk_Fast/Post_Process/Walk_Fast11.csv,walk_fast,3,test
PQ006,Session1,overground,walk,fast,Overground_Walk,Walk_Fast,/home/kwnuk/WKIRO-Project/data/PQ006/Session1/Overground_Walk/Walk_Fast/Post_Process/Walk_Fast12.csv,walk_fast,3,train
PQ006,Session1,overground,walk,fast,Overground_Walk,Walk_Fast,/home/kwnuk/WKIRO-Project/data/PQ006/Session1/Overground_Walk/Walk_Fast/Post_Process/Walk_Fast13.csv,walk_fast,3,train
PQ006,Session1,overground,walk,fast,Overground_Walk,Walk_Fast,/home/kwnuk/WKIRO-Project/data/PQ006/Session1/Overground_Walk/Walk_Fast/Post_Process/Walk_Fast14.csv,walk_fast,3,train
PQ006,Session1,overground,walk,fast,Overground_Walk,Walk_Fast,/home/kwnuk/WKIRO-Project/data/PQ006/Session1/Overground_Walk/Walk_Fast/Post_Process/Walk_Fast15.csv,walk_fast,3,train
PQ006,Session1,overground,walk,fast,Overground_Walk,Walk_Fast,/home/kwnuk/WKIRO-Project/data/PQ006/Session1/Overground_Walk/Walk_Fast/Post_Process/Walk_Fast2.csv,walk_fast,3,train
PQ006,Session1,overground,walk,fast,Overground_Walk,Walk_Fast,/home/kwnuk/WKIRO-Project/data/PQ006/Session1/Overground_Walk/Walk_Fast/Post_Process/Walk_Fast3.csv,walk_fast,3,train
PQ006,Session1,overground,walk,fast,Overground_Walk,Walk_Fast,/home/kwnuk/WKIRO-Project/data/PQ006/Session1/Overground_Walk/Walk_Fast/Post_Process/Walk_Fast4.csv,walk_fast,3,train
PQ006,Session1,overground,walk,fast,Overground_Walk,Walk_Fast,/home/kwnuk/WKIRO-Project/data/PQ006/Session1/Overground_Walk/Walk_Fast/Post_Process/Walk_Fast5.csv,walk_fast,3,test
PQ006,Session1,overground,walk,fast,Overground_Walk,Walk_Fast,/home/kwnuk/WKIRO-Project/data/PQ006/Session1/Overground_Walk/Walk_Fast/Post_Process/Walk_Fast6.csv,walk_fast,3,val
PQ006,Session1,overground,walk,fast,Overground_Walk,Walk_Fast,/home/kwnuk/WKIRO-Project/data/PQ006/Session1/Overground_Walk/Walk_Fast/Post_Process/Walk_Fast7.csv,walk_fast,3,train
PQ006,Session1,overground,walk,fast,Overground_Walk,Walk_Fast,/home/kwnuk/WKIRO-Project/data/PQ006/Session1/Overground_Walk/Walk_Fast/Post_Process/Walk_Fast8.csv,walk_fast,3,test
PQ006,Session1,overground,walk,fast,Overground_Walk,Walk_Fast,/home/kwnuk/WKIRO-Project/data/PQ006/Session1/Overground_Walk/Walk_Fast/Post_Process/Walk_Fast9.csv,walk_fast,3,train
PQ006,Session1,overground,walk,slow,Overground_Walk,Walk_Slow,/home/kwnuk/WKIRO-Project/data/PQ006/Session1/Overground_Walk/Walk_Slow/Post_Process/Walk_Slow1.csv,walk_slow,4,train
PQ006,Session1,overground,walk,slow,Overground_Walk,Walk_Slow,/home/kwnuk/WKIRO-Project/data/PQ006/Session1/Overground_Walk/Walk_Slow/Post_Process/Walk_Slow10.csv,walk_slow,4,test
PQ006,Session1,overground,walk,slow,Overground_Walk,Walk_Slow,/home/kwnuk/WKIRO-Project/data/PQ006/Session1/Overground_Walk/Walk_Slow/Post_Process/Walk_Slow11.csv,walk_slow,4,test
PQ006,Session1,overground,walk,slow,Overground_Walk,Walk_Slow,/home/kwnuk/WKIRO-Project/data/PQ006/Session1/Overground_Walk/Walk_Slow/Post_Process/Walk_Slow12.csv,walk_slow,4,train
PQ006,Session1,overground,walk,slow,Overground_Walk,Walk_Slow,/home/kwnuk/WKIRO-Project/data/PQ006/Session1/Overground_Walk/Walk_Slow/Post_Process/Walk_Slow13.csv,walk_slow,4,train
PQ006,Session1,overground,walk,slow,Overground_Walk,Walk_Slow,/home/kwnuk/WKIRO-Project/data/PQ006/Session1/Overground_Walk/Walk_Slow/Post_Process/Walk_Slow14.csv,walk_slow,4,train
PQ006,Session1,overground,walk,slow,Overground_Walk,Walk_Slow,/home/kwnuk/WKIRO-Project/data/PQ006/Session1/Overground_Walk/Walk_Slow/Post_Process/Walk_Slow15.csv,walk_slow,4,train
PQ006,Session1,overground,walk,slow,Overground_Walk,Walk_Slow,/home/kwnuk/WKIRO-Project/data/PQ006/Session1/Overground_Walk/Walk_Slow/Post_Process/Walk_Slow2.csv,walk_slow,4,train
PQ006,Session1,overground,walk,slow,Overground_Walk,Walk_Slow,/home/kwnuk/WKIRO-Project/data/PQ006/Session1/Overground_Walk/Walk_Slow/Post_Process/Walk_Slow3.csv,walk_slow,4,train
PQ006,Session1,overground,walk,slow,Overground_Walk,Walk_Slow,/home/kwnuk/WKIRO-Project/data/PQ006/Session1/Overground_Walk/Walk_Slow/Post_Process/Walk_Slow4.csv,walk_slow,4,train
PQ006,Session1,overground,walk,slow,Overground_Walk,Walk_Slow,/home/kwnuk/WKIRO-Project/data/PQ006/Session1/Overground_Walk/Walk_Slow/Post_Process/Walk_Slow5.csv,walk_slow,4,train
PQ006,Session1,overground,walk,slow,Overground_Walk,Walk_Slow,/home/kwnuk/WKIRO-Project/data/PQ006/Session1/Overground_Walk/Walk_Slow/Post_Process/Walk_Slow6.csv,walk_slow,4,val
PQ006,Session1,overground,walk,slow,Overground_Walk,Walk_Slow,/home/kwnuk/WKIRO-Project/data/PQ006/Session1/Overground_Walk/Walk_Slow/Post_Process/Walk_Slow7.csv,walk_slow,4,train
PQ006,Session1,overground,walk,slow,Overground_Walk,Walk_Slow,/home/kwnuk/WKIRO-Project/data/PQ006/Session1/Overground_Walk/Walk_Slow/Post_Process/Walk_Slow8.csv,walk_slow,4,train
PQ006,Session1,overground,walk,slow,Overground_Walk,Walk_Slow,/home/kwnuk/WKIRO-Project/data/PQ006/Session1/Overground_Walk/Walk_Slow/Post_Process/Walk_Slow9.csv,walk_slow,4,val
PQ006,Session1,treadmill,run,comfortable,Treadmill_Run,Treadmill_Run_Comfortable,/home/kwnuk/WKIRO-Project/data/PQ006/Session1/Treadmill_Run/Treadmill_Run_Comfortable/Post_Process/Treadmill_Run_Comfortable.csv,run_comfortable,0,train
PQ006,Session1,treadmill,run,fast,Treadmill_Run,Treadmill_Run_Fast,/home/kwnuk/WKIRO-Project/data/PQ006/Session1/Treadmill_Run/Treadmill_Run_Fast/Post_Process/Treadmill_Run_Fast.csv,run_fast,1,train
PQ006,Session1,treadmill,walk,comfortable,Treadmill_Walk,Treadmill_Walk_Comfortable,/home/kwnuk/WKIRO-Project/data/PQ006/Session1/Treadmill_Walk/Treadmill_Walk_Comfortable/Post_Process/Treadmill_Walk_Comfortable.csv,walk_comfortable,2,test
PQ006,Session1,treadmill,walk,fast,Treadmill_Walk,Treadmill_Walk_Fast,/home/kwnuk/WKIRO-Project/data/PQ006/Session1/Treadmill_Walk/Treadmill_Walk_Fast/Post_Process/Treadmill_Walk_Fast.csv,walk_fast,3,train
PQ006,Session1,treadmill,walk,slow,Treadmill_Walk,Treadmill_Walk_Slow,/home/kwnuk/WKIRO-Project/data/PQ006/Session1/Treadmill_Walk/Treadmill_Walk_Slow/Post_Process/Treadmill_Walk_Slow.csv,walk_slow,4,train
PQ006,Session2,overground,run,comfortable,Overground_Run,Run_Comfortable,/home/kwnuk/WKIRO-Project/data/PQ006/Session2/Overground_Run/Run_Comfortable/Post_Process/Run_Comfortable1.csv,run_comfortable,0,train
PQ006,Session2,overground,run,comfortable,Overground_Run,Run_Comfortable,/home/kwnuk/WKIRO-Project/data/PQ006/Session2/Overground_Run/Run_Comfortable/Post_Process/Run_Comfortable10.csv,run_comfortable,0,train
PQ006,Session2,overground,run,comfortable,Overground_Run,Run_Comfortable,/home/kwnuk/WKIRO-Project/data/PQ006/Session2/Overground_Run/Run_Comfortable/Post_Process/Run_Comfortable11.csv,run_comfortable,0,val
PQ006,Session2,overground,run,comfortable,Overground_Run,Run_Comfortable,/home/kwnuk/WKIRO-Project/data/PQ006/Session2/Overground_Run/Run_Comfortable/Post_Process/Run_Comfortable12.csv,run_comfortable,0,train
PQ006,Session2,overground,run,comfortable,Overground_Run,Run_Comfortable,/home/kwnuk/WKIRO-Project/data/PQ006/Session2/Overground_Run/Run_Comfortable/Post_Process/Run_Comfortable13.csv,run_comfortable,0,train
PQ006,Session2,overground,run,comfortable,Overground_Run,Run_Comfortable,/home/kwnuk/WKIRO-Project/data/PQ006/Session2/Overground_Run/Run_Comfortable/Post_Process/Run_Comfortable14.csv,run_comfortable,0,val
PQ006,Session2,overground,run,comfortable,Overground_Run,Run_Comfortable,/home/kwnuk/WKIRO-Project/data/PQ006/Session2/Overground_Run/Run_Comfortable/Post_Process/Run_Comfortable2.csv,run_comfortable,0,val
PQ006,Session2,overground,run,comfortable,Overground_Run,Run_Comfortable,/home/kwnuk/WKIRO-Project/data/PQ006/Session2/Overground_Run/Run_Comfortable/Post_Process/Run_Comfortable3.csv,run_comfortable,0,test
PQ006,Session2,overground,run,comfortable,Overground_Run,Run_Comfortable,/home/kwnuk/WKIRO-Project/data/PQ006/Session2/Overground_Run/Run_Comfortable/Post_Process/Run_Comfortable4.csv,run_comfortable,0,train
PQ006,Session2,overground,run,comfortable,Overground_Run,Run_Comfortable,/home/kwnuk/WKIRO-Project/data/PQ006/Session2/Overground_Run/Run_Comfortable/Post_Process/Run_Comfortable5.csv,run_comfortable,0,train
PQ006,Session2,overground,run,comfortable,Overground_Run,Run_Comfortable,/home/kwnuk/WKIRO-Project/data/PQ006/Session2/Overground_Run/Run_Comfortable/Post_Process/Run_Comfortable6.csv,run_comfortable,0,train
PQ006,Session2,overground,run,comfortable,Overground_Run,Run_Comfortable,/home/kwnuk/WKIRO-Project/data/PQ006/Session2/Overground_Run/Run_Comfortable/Post_Process/Run_Comfortable7.csv,run_comfortable,0,train
PQ006,Session2,overground,run,comfortable,Overground_Run,Run_Comfortable,/home/kwnuk/WKIRO-Project/data/PQ006/Session2/Overground_Run/Run_Comfortable/Post_Process/Run_Comfortable8.csv,run_comfortable,0,train
PQ006,Session2,overground,run,comfortable,Overground_Run,Run_Comfortable,/home/kwnuk/WKIRO-Project/data/PQ006/Session2/Overground_Run/Run_Comfortable/Post_Process/Run_Comfortable9.csv,run_comfortable,0,train
PQ006,Session2,overground,run,fast,Overground_Run,Run_Fast,/home/kwnuk/WKIRO-Project/data/PQ006/Session2/Overground_Run/Run_Fast/Post_Process/Run_Fast1.csv,run_fast,1,train
PQ006,Session2,overground,run,fast,Overground_Run,Run_Fast,/home/kwnuk/WKIRO-Project/data/PQ006/Session2/Overground_Run/Run_Fast/Post_Process/Run_Fast10.csv,run_fast,1,train
PQ006,Session2,overground,run,fast,Overground_Run,Run_Fast,/home/kwnuk/WKIRO-Project/data/PQ006/Session2/Overground_Run/Run_Fast/Post_Process/Run_Fast11.csv,run_fast,1,test
PQ006,Session2,overground,run,fast,Overground_Run,Run_Fast,/home/kwnuk/WKIRO-Project/data/PQ006/Session2/Overground_Run/Run_Fast/Post_Process/Run_Fast12.csv,run_fast,1,train
PQ006,Session2,overground,run,fast,Overground_Run,Run_Fast,/home/kwnuk/WKIRO-Project/data/PQ006/Session2/Overground_Run/Run_Fast/Post_Process/Run_Fast13.csv,run_fast,1,val
PQ006,Session2,overground,run,fast,Overground_Run,Run_Fast,/home/kwnuk/WKIRO-Project/data/PQ006/Session2/Overground_Run/Run_Fast/Post_Process/Run_Fast14.csv,run_fast,1,test
PQ006,Session2,overground,run,fast,Overground_Run,Run_Fast,/home/kwnuk/WKIRO-Project/data/PQ006/Session2/Overground_Run/Run_Fast/Post_Process/Run_Fast2.csv,run_fast,1,train
PQ006,Session2,overground,run,fast,Overground_Run,Run_Fast,/home/kwnuk/WKIRO-Project/data/PQ006/Session2/Overground_Run/Run_Fast/Post_Process/Run_Fast3.csv,run_fast,1,train
PQ006,Session2,overground,run,fast,Overground_Run,Run_Fast,/home/kwnuk/WKIRO-Project/data/PQ006/Session2/Overground_Run/Run_Fast/Post_Process/Run_Fast4.csv,run_fast,1,train
PQ006,Session2,overground,run,fast,Overground_Run,Run_Fast,/home/kwnuk/WKIRO-Project/data/PQ006/Session2/Overground_Run/Run_Fast/Post_Process/Run_Fast5.csv,run_fast,1,train
PQ006,Session2,overground,run,fast,Overground_Run,Run_Fast,/home/kwnuk/WKIRO-Project/data/PQ006/Session2/Overground_Run/Run_Fast/Post_Process/Run_Fast6.csv,run_fast,1,val
PQ006,Session2,overground,run,fast,Overground_Run,Run_Fast,/home/kwnuk/WKIRO-Project/data/PQ006/Session2/Overground_Run/Run_Fast/Post_Process/Run_Fast7.csv,run_fast,1,test
PQ006,Session2,overground,run,fast,Overground_Run,Run_Fast,/home/kwnuk/WKIRO-Project/data/PQ006/Session2/Overground_Run/Run_Fast/Post_Process/Run_Fast8.csv,run_fast,1,val
PQ006,Session2,overground,run,fast,Overground_Run,Run_Fast,/home/kwnuk/WKIRO-Project/data/PQ006/Session2/Overground_Run/Run_Fast/Post_Process/Run_Fast9.csv,run_fast,1,train
PQ006,Session2,overground,walk,comfortable,Overground_Walk,Walk_Comfortable,/home/kwnuk/WKIRO-Project/data/PQ006/Session2/Overground_Walk/Walk_Comfortable/Post_Process/Walk_Comfortable1.csv,walk_comfortable,2,val
PQ006,Session2,overground,walk,comfortable,Overground_Walk,Walk_Comfortable,/home/kwnuk/WKIRO-Project/data/PQ006/Session2/Overground_Walk/Walk_Comfortable/Post_Process/Walk_Comfortable2.csv,walk_comfortable,2,test
PQ006,Session2,overground,walk,comfortable,Overground_Walk,Walk_Comfortable,/home/kwnuk/WKIRO-Project/data/PQ006/Session2/Overground_Walk/Walk_Comfortable/Post_Process/Walk_Comfortable3.csv,walk_comfortable,2,train
PQ006,Session2,overground,walk,comfortable,Overground_Walk,Walk_Comfortable,/home/kwnuk/WKIRO-Project/data/PQ006/Session2/Overground_Walk/Walk_Comfortable/Post_Process/Walk_Comfortable4.csv,walk_comfortable,2,train
PQ006,Session2,overground,walk,comfortable,Overground_Walk,Walk_Comfortable,/home/kwnuk/WKIRO-Project/data/PQ006/Session2/Overground_Walk/Walk_Comfortable/Post_Process/Walk_Comfortable5.csv,walk_comfortable,2,train
PQ006,Session2,overground,walk,comfortable,Overground_Walk,Walk_Comfortable,/home/kwnuk/WKIRO-Project/data/PQ006/Session2/Overground_Walk/Walk_Comfortable/Post_Process/Walk_Comfortable6.csv,walk_comfortable,2,train
PQ006,Session2,overground,walk,fast,Overground_Walk,Walk_Fast,/home/kwnuk/WKIRO-Project/data/PQ006/Session2/Overground_Walk/Walk_Fast/Post_Process/Walk_Fast1.csv,walk_fast,3,train
PQ006,Session2,overground,walk,fast,Overground_Walk,Walk_Fast,/home/kwnuk/WKIRO-Project/data/PQ006/Session2/Overground_Walk/Walk_Fast/Post_Process/Walk_Fast2.csv,walk_fast,3,train
PQ006,Session2,overground,walk,fast,Overground_Walk,Walk_Fast,/home/kwnuk/WKIRO-Project/data/PQ006/Session2/Overground_Walk/Walk_Fast/Post_Process/Walk_Fast3.csv,walk_fast,3,train
PQ006,Session2,overground,walk,fast,Overground_Walk,Walk_Fast,/home/kwnuk/WKIRO-Project/data/PQ006/Session2/Overground_Walk/Walk_Fast/Post_Process/Walk_Fast4.csv,walk_fast,3,val
PQ006,Session2,overground,walk,fast,Overground_Walk,Walk_Fast,/home/kwnuk/WKIRO-Project/data/PQ006/Session2/Overground_Walk/Walk_Fast/Post_Process/Walk_Fast5.csv,walk_fast,3,train
PQ006,Session2,overground,walk,fast,Overground_Walk,Walk_Fast,/home/kwnuk/WKIRO-Project/data/PQ006/Session2/Overground_Walk/Walk_Fast/Post_Process/Walk_Fast6.csv,walk_fast,3,val
PQ006,Session2,overground,walk,fast,Overground_Walk,Walk_Fast,/home/kwnuk/WKIRO-Project/data/PQ006/Session2/Overground_Walk/Walk_Fast/Post_Process/Walk_Fast7.csv,walk_fast,3,test
PQ006,Session2,overground,walk,fast,Overground_Walk,Walk_Fast,/home/kwnuk/WKIRO-Project/data/PQ006/Session2/Overground_Walk/Walk_Fast/Post_Process/Walk_Fast8.csv,walk_fast,3,val
PQ006,Session2,overground,walk,slow,Overground_Walk,Walk_Slow,/home/kwnuk/WKIRO-Project/data/PQ006/Session2/Overground_Walk/Walk_Slow/Post_Process/Walk_Slow1.csv,walk_slow,4,train
PQ006,Session2,overground,walk,slow,Overground_Walk,Walk_Slow,/home/kwnuk/WKIRO-Project/data/PQ006/Session2/Overground_Walk/Walk_Slow/Post_Process/Walk_Slow2.csv,walk_slow,4,train
PQ006,Session2,overground,walk,slow,Overground_Walk,Walk_Slow,/home/kwnuk/WKIRO-Project/data/PQ006/Session2/Overground_Walk/Walk_Slow/Post_Process/Walk_Slow3.csv,walk_slow,4,train
PQ006,Session2,overground,walk,slow,Overground_Walk,Walk_Slow,/home/kwnuk/WKIRO-Project/data/PQ006/Session2/Overground_Walk/Walk_Slow/Post_Process/Walk_Slow4.csv,walk_slow,4,val
PQ006,Session2,overground,walk,slow,Overground_Walk,Walk_Slow,/home/kwnuk/WKIRO-Project/data/PQ006/Session2/Overground_Walk/Walk_Slow/Post_Process/Walk_Slow5.csv,walk_slow,4,val
PQ006,Session2,overground,walk,slow,Overground_Walk,Walk_Slow,/home/kwnuk/WKIRO-Project/data/PQ006/Session2/Overground_Walk/Walk_Slow/Post_Process/Walk_Slow6.csv,walk_slow,4,test
PQ006,Session2,treadmill,run,comfortable,Treadmill_Run,Treadmill_Run_Comfortable,/home/kwnuk/WKIRO-Project/data/PQ006/Session2/Treadmill_Run/Treadmill_Run_Comfortable/Post_Process/Treadmill_Run_Comfortable.csv,run_comfortable,0,train
PQ006,Session2,treadmill,run,fast,Treadmill_Run,Treadmill_Run_Fast,/home/kwnuk/WKIRO-Project/data/PQ006/Session2/Treadmill_Run/Treadmill_Run_Fast/Post_Process/Treadmill_Run_Fast.csv,run_fast,1,train
PQ006,Session2,treadmill,walk,comfortable,Treadmill_Walk,Treadmill_Walk_Comfortable,/home/kwnuk/WKIRO-Project/data/PQ006/Session2/Treadmill_Walk/Treadmill_Walk_Comfortable/Post_Process/Treadmill_Walk_Comfortable.csv,walk_comfortable,2,train
PQ006,Session2,treadmill,walk,fast,Treadmill_Walk,Treadmill_Walk_Fast,/home/kwnuk/WKIRO-Project/data/PQ006/Session2/Treadmill_Walk/Treadmill_Walk_Fast/Post_Process/Treadmill_Walk_Fast.csv,walk_fast,3,train
PQ006,Session2,treadmill,walk,slow,Treadmill_Walk,Treadmill_Walk_Slow,/home/kwnuk/WKIRO-Project/data/PQ006/Session2/Treadmill_Walk/Treadmill_Walk_Slow/Post_Process/Treadmill_Walk_Slow.csv,walk_slow,4,train
RC020,Session1,overground,run,comfortable,Overground_Run,Run_Comfortable,/home/kwnuk/WKIRO-Project/data/RC020/Session1/Overground_Run/Run_Comfortable/Post_Process/Run_Comfortable1.csv,run_comfortable,0,train
RC020,Session1,overground,run,comfortable,Overground_Run,Run_Comfortable,/home/kwnuk/WKIRO-Project/data/RC020/Session1/Overground_Run/Run_Comfortable/Post_Process/Run_Comfortable10.csv,run_comfortable,0,train
RC020,Session1,overground,run,comfortable,Overground_Run,Run_Comfortable,/home/kwnuk/WKIRO-Project/data/RC020/Session1/Overground_Run/Run_Comfortable/Post_Process/Run_Comfortable2.csv,run_comfortable,0,test
RC020,Session1,overground,run,comfortable,Overground_Run,Run_Comfortable,/home/kwnuk/WKIRO-Project/data/RC020/Session1/Overground_Run/Run_Comfortable/Post_Process/Run_Comfortable3.csv,run_comfortable,0,train
RC020,Session1,overground,run,comfortable,Overground_Run,Run_Comfortable,/home/kwnuk/WKIRO-Project/data/RC020/Session1/Overground_Run/Run_Comfortable/Post_Process/Run_Comfortable4.csv,run_comfortable,0,train
RC020,Session1,overground,run,comfortable,Overground_Run,Run_Comfortable,/home/kwnuk/WKIRO-Project/data/RC020/Session1/Overground_Run/Run_Comfortable/Post_Process/Run_Comfortable5.csv,run_comfortable,0,train
RC020,Session1,overground,run,comfortable,Overground_Run,Run_Comfortable,/home/kwnuk/WKIRO-Project/data/RC020/Session1/Overground_Run/Run_Comfortable/Post_Process/Run_Comfortable6.csv,run_comfortable,0,train
RC020,Session1,overground,run,comfortable,Overground_Run,Run_Comfortable,/home/kwnuk/WKIRO-Project/data/RC020/Session1/Overground_Run/Run_Comfortable/Post_Process/Run_Comfortable7.csv,run_comfortable,0,train
RC020,Session1,overground,run,comfortable,Overground_Run,Run_Comfortable,/home/kwnuk/WKIRO-Project/data/RC020/Session1/Overground_Run/Run_Comfortable/Post_Process/Run_Comfortable8.csv,run_comfortable,0,train
RC020,Session1,overground,run,comfortable,Overground_Run,Run_Comfortable,/home/kwnuk/WKIRO-Project/data/RC020/Session1/Overground_Run/Run_Comfortable/Post_Process/Run_Comfortable9.csv,run_comfortable,0,test
RC020,Session1,overground,run,fast,Overground_Run,Run_Fast,/home/kwnuk/WKIRO-Project/data/RC020/Session1/Overground_Run/Run_Fast/Post_Process/Run_Fast1.csv,run_fast,1,val
RC020,Session1,overground,run,fast,Overground_Run,Run_Fast,/home/kwnuk/WKIRO-Project/data/RC020/Session1/Overground_Run/Run_Fast/Post_Process/Run_Fast10.csv,run_fast,1,train
RC020,Session1,overground,run,fast,Overground_Run,Run_Fast,/home/kwnuk/WKIRO-Project/data/RC020/Session1/Overground_Run/Run_Fast/Post_Process/Run_Fast2.csv,run_fast,1,train
RC020,Session1,overground,run,fast,Overground_Run,Run_Fast,/home/kwnuk/WKIRO-Project/data/RC020/Session1/Overground_Run/Run_Fast/Post_Process/Run_Fast3.csv,run_fast,1,train
RC020,Session1,overground,run,fast,Overground_Run,Run_Fast,/home/kwnuk/WKIRO-Project/data/RC020/Session1/Overground_Run/Run_Fast/Post_Process/Run_Fast4.csv,run_fast,1,train
RC020,Session1,overground,run,fast,Overground_Run,Run_Fast,/home/kwnuk/WKIRO-Project/data/RC020/Session1/Overground_Run/Run_Fast/Post_Process/Run_Fast5.csv,run_fast,1,train
RC020,Session1,overground,run,fast,Overground_Run,Run_Fast,/home/kwnuk/WKIRO-Project/data/RC020/Session1/Overground_Run/Run_Fast/Post_Process/Run_Fast6.csv,run_fast,1,train
RC020,Session1,overground,run,fast,Overground_Run,Run_Fast,/home/kwnuk/WKIRO-Project/data/RC020/Session1/Overground_Run/Run_Fast/Post_Process/Run_Fast7.csv,run_fast,1,train
RC020,Session1,overground,run,fast,Overground_Run,Run_Fast,/home/kwnuk/WKIRO-Project/data/RC020/Session1/Overground_Run/Run_Fast/Post_Process/Run_Fast8.csv,run_fast,1,train
RC020,Session1,overground,run,fast,Overground_Run,Run_Fast,/home/kwnuk/WKIRO-Project/data/RC020/Session1/Overground_Run/Run_Fast/Post_Process/Run_Fast9.csv,run_fast,1,train
RC020,Session1,overground,walk,comfortable,Overground_Walk,Walk_Comfortable,/home/kwnuk/WKIRO-Project/data/RC020/Session1/Overground_Walk/Walk_Comfortable/Post_Process/Walk_Comfortable1.csv,walk_comfortable,2,val
RC020,Session1,overground,walk,comfortable,Overground_Walk,Walk_Comfortable,/home/kwnuk/WKIRO-Project/data/RC020/Session1/Overground_Walk/Walk_Comfortable/Post_Process/Walk_Comfortable2.csv,walk_comfortable,2,test
RC020,Session1,overground,walk,comfortable,Overground_Walk,Walk_Comfortable,/home/kwnuk/WKIRO-Project/data/RC020/Session1/Overground_Walk/Walk_Comfortable/Post_Process/Walk_Comfortable3.csv,walk_comfortable,2,train
RC020,Session1,overground,walk,comfortable,Overground_Walk,Walk_Comfortable,/home/kwnuk/WKIRO-Project/data/RC020/Session1/Overground_Walk/Walk_Comfortable/Post_Process/Walk_Comfortable4.csv,walk_comfortable,2,train
RC020,Session1,overground,walk,comfortable,Overground_Walk,Walk_Comfortable,/home/kwnuk/WKIRO-Project/data/RC020/Session1/Overground_Walk/Walk_Comfortable/Post_Process/Walk_Comfortable5.csv,walk_comfortable,2,train
RC020,Session1,overground,walk,comfortable,Overground_Walk,Walk_Comfortable,/home/kwnuk/WKIRO-Project/data/RC020/Session1/Overground_Walk/Walk_Comfortable/Post_Process/Walk_Comfortable6.csv,walk_comfortable,2,train
RC020,Session1,overground,walk,comfortable,Overground_Walk,Walk_Comfortable,/home/kwnuk/WKIRO-Project/data/RC020/Session1/Overground_Walk/Walk_Comfortable/Post_Process/Walk_Comfortable7.csv,walk_comfortable,2,train
RC020,Session1,overground,walk,comfortable,Overground_Walk,Walk_Comfortable,/home/kwnuk/WKIRO-Project/data/RC020/Session1/Overground_Walk/Walk_Comfortable/Post_Process/Walk_Comfortable8.csv,walk_comfortable,2,train
RC020,Session1,overground,walk,fast,Overground_Walk,Walk_Fast,/home/kwnuk/WKIRO-Project/data/RC020/Session1/Overground_Walk/Walk_Fast/Post_Process/Walk_Fast1.csv,walk_fast,3,train
RC020,Session1,overground,walk,fast,Overground_Walk,Walk_Fast,/home/kwnuk/WKIRO-Project/data/RC020/Session1/Overground_Walk/Walk_Fast/Post_Process/Walk_Fast2.csv,walk_fast,3,train
RC020,Session1,overground,walk,fast,Overground_Walk,Walk_Fast,/home/kwnuk/WKIRO-Project/data/RC020/Session1/Overground_Walk/Walk_Fast/Post_Process/Walk_Fast3.csv,walk_fast,3,test
RC020,Session1,overground,walk,fast,Overground_Walk,Walk_Fast,/home/kwnuk/WKIRO-Project/data/RC020/Session1/Overground_Walk/Walk_Fast/Post_Process/Walk_Fast4.csv,walk_fast,3,val
RC020,Session1,overground,walk,fast,Overground_Walk,Walk_Fast,/home/kwnuk/WKIRO-Project/data/RC020/Session1/Overground_Walk/Walk_Fast/Post_Process/Walk_Fast5.csv,walk_fast,3,train
RC020,Session1,overground,walk,fast,Overground_Walk,Walk_Fast,/home/kwnuk/WKIRO-Project/data/RC020/Session1/Overground_Walk/Walk_Fast/Post_Process/Walk_Fast6.csv,walk_fast,3,val
RC020,Session1,overground,walk,fast,Overground_Walk,Walk_Fast,/home/kwnuk/WKIRO-Project/data/RC020/Session1/Overground_Walk/Walk_Fast/Post_Process/Walk_Fast7.csv,walk_fast,3,train
RC020,Session1,overground,walk,fast,Overground_Walk,Walk_Fast,/home/kwnuk/WKIRO-Project/data/RC020/Session1/Overground_Walk/Walk_Fast/Post_Process/Walk_Fast8.csv,walk_fast,3,train
RC020,Session1,overground,walk,slow,Overground_Walk,Walk_Slow,/home/kwnuk/WKIRO-Project/data/RC020/Session1/Overground_Walk/Walk_Slow/Post_Process/Walk_Slow1.csv,walk_slow,4,val
RC020,Session1,overground,walk,slow,Overground_Walk,Walk_Slow,/home/kwnuk/WKIRO-Project/data/RC020/Session1/Overground_Walk/Walk_Slow/Post_Process/Walk_Slow2.csv,walk_slow,4,train
RC020,Session1,overground,walk,slow,Overground_Walk,Walk_Slow,/home/kwnuk/WKIRO-Project/data/RC020/Session1/Overground_Walk/Walk_Slow/Post_Process/Walk_Slow3.csv,walk_slow,4,train
RC020,Session1,overground,walk,slow,Overground_Walk,Walk_Slow,/home/kwnuk/WKIRO-Project/data/RC020/Session1/Overground_Walk/Walk_Slow/Post_Process/Walk_Slow4.csv,walk_slow,4,train
RC020,Session1,overground,walk,slow,Overground_Walk,Walk_Slow,/home/kwnuk/WKIRO-Project/data/RC020/Session1/Overground_Walk/Walk_Slow/Post_Process/Walk_Slow5.csv,walk_slow,4,train
RC020,Session1,overground,walk,slow,Overground_Walk,Walk_Slow,/home/kwnuk/WKIRO-Project/data/RC020/Session1/Overground_Walk/Walk_Slow/Post_Process/Walk_Slow6.csv,walk_slow,4,train
RC020,Session1,treadmill,run,comfortable,Treadmill_Run,Treadmill_Run_Comfortable,/home/kwnuk/WKIRO-Project/data/RC020/Session1/Treadmill_Run/Treadmill_Run_Comfortable/Post_Process/Treadmill_Run_Comfortable.csv,run_comfortable,0,val
RC020,Session1,treadmill,run,fast,Treadmill_Run,Treadmill_Run_Fast,/home/kwnuk/WKIRO-Project/data/RC020/Session1/Treadmill_Run/Treadmill_Run_Fast/Post_Process/Treadmill_Run_Fast.csv,run_fast,1,train
RC020,Session1,treadmill,walk,comfortable,Treadmill_Walk,Treadmill_Walk_Comfortable,/home/kwnuk/WKIRO-Project/data/RC020/Session1/Treadmill_Walk/Treadmill_Walk_Comfortable/Post_Process/Treadmill_Walk_Comfortable.csv,walk_comfortable,2,val
RC020,Session1,treadmill,walk,fast,Treadmill_Walk,Treadmill_Walk_Fast,/home/kwnuk/WKIRO-Project/data/RC020/Session1/Treadmill_Walk/Treadmill_Walk_Fast/Post_Process/Treadmill_Walk_Fast.csv,walk_fast,3,train
RC020,Session1,treadmill,walk,slow,Treadmill_Walk,Treadmill_Walk_Slow,/home/kwnuk/WKIRO-Project/data/RC020/Session1/Treadmill_Walk/Treadmill_Walk_Slow/Post_Process/Treadmill_Walk_Slow.csv,walk_slow,4,test
RC020,Session2,overground,run,comfortable,Overground_Run,Run_Comfortable,/home/kwnuk/WKIRO-Project/data/RC020/Session2/Overground_Run/Run_Comfortable/Post_Process/Run_Comfortable1.csv,run_comfortable,0,val
RC020,Session2,overground,run,comfortable,Overground_Run,Run_Comfortable,/home/kwnuk/WKIRO-Project/data/RC020/Session2/Overground_Run/Run_Comfortable/Post_Process/Run_Comfortable10.csv,run_comfortable,0,train
RC020,Session2,overground,run,comfortable,Overground_Run,Run_Comfortable,/home/kwnuk/WKIRO-Project/data/RC020/Session2/Overground_Run/Run_Comfortable/Post_Process/Run_Comfortable2.csv,run_comfortable,0,train
RC020,Session2,overground,run,comfortable,Overground_Run,Run_Comfortable,/home/kwnuk/WKIRO-Project/data/RC020/Session2/Overground_Run/Run_Comfortable/Post_Process/Run_Comfortable3.csv,run_comfortable,0,test
RC020,Session2,overground,run,comfortable,Overground_Run,Run_Comfortable,/home/kwnuk/WKIRO-Project/data/RC020/Session2/Overground_Run/Run_Comfortable/Post_Process/Run_Comfortable4.csv,run_comfortable,0,train
RC020,Session2,overground,run,comfortable,Overground_Run,Run_Comfortable,/home/kwnuk/WKIRO-Project/data/RC020/Session2/Overground_Run/Run_Comfortable/Post_Process/Run_Comfortable5.csv,run_comfortable,0,train
RC020,Session2,overground,run,comfortable,Overground_Run,Run_Comfortable,/home/kwnuk/WKIRO-Project/data/RC020/Session2/Overground_Run/Run_Comfortable/Post_Process/Run_Comfortable6.csv,run_comfortable,0,train
RC020,Session2,overground,run,comfortable,Overground_Run,Run_Comfortable,/home/kwnuk/WKIRO-Project/data/RC020/Session2/Overground_Run/Run_Comfortable/Post_Process/Run_Comfortable7.csv,run_comfortable,0,train
RC020,Session2,overground,run,comfortable,Overground_Run,Run_Comfortable,/home/kwnuk/WKIRO-Project/data/RC020/Session2/Overground_Run/Run_Comfortable/Post_Process/Run_Comfortable8.csv,run_comfortable,0,train
RC020,Session2,overground,run,comfortable,Overground_Run,Run_Comfortable,/home/kwnuk/WKIRO-Project/data/RC020/Session2/Overground_Run/Run_Comfortable/Post_Process/Run_Comfortable9.csv,run_comfortable,0,val
RC020,Session2,overground,run,fast,Overground_Run,Run_Fast,/home/kwnuk/WKIRO-Project/data/RC020/Session2/Overground_Run/Run_Fast/Post_Process/Run_Fast1.csv,run_fast,1,train
RC020,Session2,overground,run,fast,Overground_Run,Run_Fast,/home/kwnuk/WKIRO-Project/data/RC020/Session2/Overground_Run/Run_Fast/Post_Process/Run_Fast10.csv,run_fast,1,train
RC020,Session2,overground,run,fast,Overground_Run,Run_Fast,/home/kwnuk/WKIRO-Project/data/RC020/Session2/Overground_Run/Run_Fast/Post_Process/Run_Fast2.csv,run_fast,1,train
RC020,Session2,overground,run,fast,Overground_Run,Run_Fast,/home/kwnuk/WKIRO-Project/data/RC020/Session2/Overground_Run/Run_Fast/Post_Process/Run_Fast3.csv,run_fast,1,test
RC020,Session2,overground,run,fast,Overground_Run,Run_Fast,/home/kwnuk/WKIRO-Project/data/RC020/Session2/Overground_Run/Run_Fast/Post_Process/Run_Fast4.csv,run_fast,1,train
RC020,Session2,overground,run,fast,Overground_Run,Run_Fast,/home/kwnuk/WKIRO-Project/data/RC020/Session2/Overground_Run/Run_Fast/Post_Process/Run_Fast5.csv,run_fast,1,val
RC020,Session2,overground,run,fast,Overground_Run,Run_Fast,/home/kwnuk/WKIRO-Project/data/RC020/Session2/Overground_Run/Run_Fast/Post_Process/Run_Fast6.csv,run_fast,1,train
RC020,Session2,overground,run,fast,Overground_Run,Run_Fast,/home/kwnuk/WKIRO-Project/data/RC020/Session2/Overground_Run/Run_Fast/Post_Process/Run_Fast7.csv,run_fast,1,train
RC020,Session2,overground,run,fast,Overground_Run,Run_Fast,/home/kwnuk/WKIRO-Project/data/RC020/Session2/Overground_Run/Run_Fast/Post_Process/Run_Fast8.csv,run_fast,1,test
RC020,Session2,overground,run,fast,Overground_Run,Run_Fast,/home/kwnuk/WKIRO-Project/data/RC020/Session2/Overground_Run/Run_Fast/Post_Process/Run_Fast9.csv,run_fast,1,val
RC020,Session2,overground,walk,comfortable,Overground_Walk,Walk_Comfortable,/home/kwnuk/WKIRO-Project/data/RC020/Session2/Overground_Walk/Walk_Comfortable/Post_Process/Walk_Comfortable1.csv,walk_comfortable,2,train
RC020,Session2,overground,walk,comfortable,Overground_Walk,Walk_Comfortable,/home/kwnuk/WKIRO-Project/data/RC020/Session2/Overground_Walk/Walk_Comfortable/Post_Process/Walk_Comfortable2.csv,walk_comfortable,2,train
RC020,Session2,overground,walk,comfortable,Overground_Walk,Walk_Comfortable,/home/kwnuk/WKIRO-Project/data/RC020/Session2/Overground_Walk/Walk_Comfortable/Post_Process/Walk_Comfortable3.csv,walk_comfortable,2,train
RC020,Session2,overground,walk,comfortable,Overground_Walk,Walk_Comfortable,/home/kwnuk/WKIRO-Project/data/RC020/Session2/Overground_Walk/Walk_Comfortable/Post_Process/Walk_Comfortable4.csv,walk_comfortable,2,train
RC020,Session2,overground,walk,comfortable,Overground_Walk,Walk_Comfortable,/home/kwnuk/WKIRO-Project/data/RC020/Session2/Overground_Walk/Walk_Comfortable/Post_Process/Walk_Comfortable5.csv,walk_comfortable,2,test
RC020,Session2,overground,walk,comfortable,Overground_Walk,Walk_Comfortable,/home/kwnuk/WKIRO-Project/data/RC020/Session2/Overground_Walk/Walk_Comfortable/Post_Process/Walk_Comfortable6.csv,walk_comfortable,2,train
RC020,Session2,overground,walk,fast,Overground_Walk,Walk_Fast,/home/kwnuk/WKIRO-Project/data/RC020/Session2/Overground_Walk/Walk_Fast/Post_Process/Walk_Fast1.csv,walk_fast,3,train
RC020,Session2,overground,walk,fast,Overground_Walk,Walk_Fast,/home/kwnuk/WKIRO-Project/data/RC020/Session2/Overground_Walk/Walk_Fast/Post_Process/Walk_Fast2.csv,walk_fast,3,test
RC020,Session2,overground,walk,fast,Overground_Walk,Walk_Fast,/home/kwnuk/WKIRO-Project/data/RC020/Session2/Overground_Walk/Walk_Fast/Post_Process/Walk_Fast3.csv,walk_fast,3,train
RC020,Session2,overground,walk,fast,Overground_Walk,Walk_Fast,/home/kwnuk/WKIRO-Project/data/RC020/Session2/Overground_Walk/Walk_Fast/Post_Process/Walk_Fast4.csv,walk_fast,3,train
RC020,Session2,overground,walk,fast,Overground_Walk,Walk_Fast,/home/kwnuk/WKIRO-Project/data/RC020/Session2/Overground_Walk/Walk_Fast/Post_Process/Walk_Fast5.csv,walk_fast,3,train
RC020,Session2,overground,walk,fast,Overground_Walk,Walk_Fast,/home/kwnuk/WKIRO-Project/data/RC020/Session2/Overground_Walk/Walk_Fast/Post_Process/Walk_Fast6.csv,walk_fast,3,train
RC020,Session2,overground,walk,fast,Overground_Walk,Walk_Fast,/home/kwnuk/WKIRO-Project/data/RC020/Session2/Overground_Walk/Walk_Fast/Post_Process/Walk_Fast7.csv,walk_fast,3,val
RC020,Session2,overground,walk,fast,Overground_Walk,Walk_Fast,/home/kwnuk/WKIRO-Project/data/RC020/Session2/Overground_Walk/Walk_Fast/Post_Process/Walk_Fast8.csv,walk_fast,3,test
RC020,Session2,overground,walk,slow,Overground_Walk,Walk_Slow,/home/kwnuk/WKIRO-Project/data/RC020/Session2/Overground_Walk/Walk_Slow/Post_Process/Walk_Slow1.csv,walk_slow,4,train
RC020,Session2,overground,walk,slow,Overground_Walk,Walk_Slow,/home/kwnuk/WKIRO-Project/data/RC020/Session2/Overground_Walk/Walk_Slow/Post_Process/Walk_Slow2.csv,walk_slow,4,test
RC020,Session2,overground,walk,slow,Overground_Walk,Walk_Slow,/home/kwnuk/WKIRO-Project/data/RC020/Session2/Overground_Walk/Walk_Slow/Post_Process/Walk_Slow3.csv,walk_slow,4,train
RC020,Session2,overground,walk,slow,Overground_Walk,Walk_Slow,/home/kwnuk/WKIRO-Project/data/RC020/Session2/Overground_Walk/Walk_Slow/Post_Process/Walk_Slow4.csv,walk_slow,4,train
RC020,Session2,overground,walk,slow,Overground_Walk,Walk_Slow,/home/kwnuk/WKIRO-Project/data/RC020/Session2/Overground_Walk/Walk_Slow/Post_Process/Walk_Slow5.csv,walk_slow,4,val
RC020,Session2,overground,walk,slow,Overground_Walk,Walk_Slow,/home/kwnuk/WKIRO-Project/data/RC020/Session2/Overground_Walk/Walk_Slow/Post_Process/Walk_Slow6.csv,walk_slow,4,train
RC020,Session2,treadmill,run,comfortable,Treadmill_Run,Treadmill_Run_Comfortable,/home/kwnuk/WKIRO-Project/data/RC020/Session2/Treadmill_Run/Treadmill_Run_Comfortable/Post_Process/Treadmill_Run_Comfortable.csv,run_comfortable,0,train
RC020,Session2,treadmill,run,fast,Treadmill_Run,Treadmill_Run_Fast,/home/kwnuk/WKIRO-Project/data/RC020/Session2/Treadmill_Run/Treadmill_Run_Fast/Post_Process/Treadmill_Run_Fast.csv,run_fast,1,test
RC020,Session2,treadmill,walk,comfortable,Treadmill_Walk,Treadmill_Walk_Comfortable,/home/kwnuk/WKIRO-Project/data/RC020/Session2/Treadmill_Walk/Treadmill_Walk_Comfortable/Post_Process/Treadmill_Walk_Comfortable.csv,walk_comfortable,2,val
RC020,Session2,treadmill,walk,fast,Treadmill_Walk,Treadmill_Walk_Fast,/home/kwnuk/WKIRO-Project/data/RC020/Session2/Treadmill_Walk/Treadmill_Walk_Fast/Post_Process/Treadmill_Walk_Fast.csv,walk_fast,3,train
RC020,Session2,treadmill,walk,slow,Treadmill_Walk,Treadmill_Walk_Slow,/home/kwnuk/WKIRO-Project/data/RC020/Session2/Treadmill_Walk/Treadmill_Walk_Slow/Post_Process/Treadmill_Walk_Slow.csv,walk_slow,4,train
RC023,Session1,overground,run,comfortable,Overground_Run,Run_Comfortable,/home/kwnuk/WKIRO-Project/data/RC023/Session1/Overground_Run/Run_Comfortable/Post_Process/Run_Comfortable1.csv,run_comfortable,0,val
RC023,Session1,overground,run,comfortable,Overground_Run,Run_Comfortable,/home/kwnuk/WKIRO-Project/data/RC023/Session1/Overground_Run/Run_Comfortable/Post_Process/Run_Comfortable10.csv,run_comfortable,0,train
RC023,Session1,overground,run,comfortable,Overground_Run,Run_Comfortable,/home/kwnuk/WKIRO-Project/data/RC023/Session1/Overground_Run/Run_Comfortable/Post_Process/Run_Comfortable2.csv,run_comfortable,0,train
RC023,Session1,overground,run,comfortable,Overground_Run,Run_Comfortable,/home/kwnuk/WKIRO-Project/data/RC023/Session1/Overground_Run/Run_Comfortable/Post_Process/Run_Comfortable3.csv,run_comfortable,0,train
RC023,Session1,overground,run,comfortable,Overground_Run,Run_Comfortable,/home/kwnuk/WKIRO-Project/data/RC023/Session1/Overground_Run/Run_Comfortable/Post_Process/Run_Comfortable4.csv,run_comfortable,0,train
RC023,Session1,overground,run,comfortable,Overground_Run,Run_Comfortable,/home/kwnuk/WKIRO-Project/data/RC023/Session1/Overground_Run/Run_Comfortable/Post_Process/Run_Comfortable5.csv,run_comfortable,0,train
RC023,Session1,overground,run,comfortable,Overground_Run,Run_Comfortable,/home/kwnuk/WKIRO-Project/data/RC023/Session1/Overground_Run/Run_Comfortable/Post_Process/Run_Comfortable6.csv,run_comfortable,0,train
RC023,Session1,overground,run,comfortable,Overground_Run,Run_Comfortable,/home/kwnuk/WKIRO-Project/data/RC023/Session1/Overground_Run/Run_Comfortable/Post_Process/Run_Comfortable7.csv,run_comfortable,0,test
RC023,Session1,overground,run,comfortable,Overground_Run,Run_Comfortable,/home/kwnuk/WKIRO-Project/data/RC023/Session1/Overground_Run/Run_Comfortable/Post_Process/Run_Comfortable8.csv,run_comfortable,0,train
RC023,Session1,overground,run,comfortable,Overground_Run,Run_Comfortable,/home/kwnuk/WKIRO-Project/data/RC023/Session1/Overground_Run/Run_Comfortable/Post_Process/Run_Comfortable9.csv,run_comfortable,0,test
RC023,Session1,overground,run,fast,Overground_Run,Run_Fast,/home/kwnuk/WKIRO-Project/data/RC023/Session1/Overground_Run/Run_Fast/Post_Process/Run_Fast1.csv,run_fast,1,train
RC023,Session1,overground,run,fast,Overground_Run,Run_Fast,/home/kwnuk/WKIRO-Project/data/RC023/Session1/Overground_Run/Run_Fast/Post_Process/Run_Fast10.csv,run_fast,1,train
RC023,Session1,overground,run,fast,Overground_Run,Run_Fast,/home/kwnuk/WKIRO-Project/data/RC023/Session1/Overground_Run/Run_Fast/Post_Process/Run_Fast2.csv,run_fast,1,val
RC023,Session1,overground,run,fast,Overground_Run,Run_Fast,/home/kwnuk/WKIRO-Project/data/RC023/Session1/Overground_Run/Run_Fast/Post_Process/Run_Fast3.csv,run_fast,1,train
RC023,Session1,overground,run,fast,Overground_Run,Run_Fast,/home/kwnuk/WKIRO-Project/data/RC023/Session1/Overground_Run/Run_Fast/Post_Process/Run_Fast4.csv,run_fast,1,train
RC023,Session1,overground,run,fast,Overground_Run,Run_Fast,/home/kwnuk/WKIRO-Project/data/RC023/Session1/Overground_Run/Run_Fast/Post_Process/Run_Fast5.csv,run_fast,1,train
RC023,Session1,overground,run,fast,Overground_Run,Run_Fast,/home/kwnuk/WKIRO-Project/data/RC023/Session1/Overground_Run/Run_Fast/Post_Process/Run_Fast6.csv,run_fast,1,train
RC023,Session1,overground,run,fast,Overground_Run,Run_Fast,/home/kwnuk/WKIRO-Project/data/RC023/Session1/Overground_Run/Run_Fast/Post_Process/Run_Fast7.csv,run_fast,1,val
RC023,Session1,overground,run,fast,Overground_Run,Run_Fast,/home/kwnuk/WKIRO-Project/data/RC023/Session1/Overground_Run/Run_Fast/Post_Process/Run_Fast8.csv,run_fast,1,train
RC023,Session1,overground,run,fast,Overground_Run,Run_Fast,/home/kwnuk/WKIRO-Project/data/RC023/Session1/Overground_Run/Run_Fast/Post_Process/Run_Fast9.csv,run_fast,1,train
RC023,Session1,overground,walk,comfortable,Overground_Walk,Walk_Comfortable,/home/kwnuk/WKIRO-Project/data/RC023/Session1/Overground_Walk/Walk_Comfortable/Post_Process/Walk_Comfortable1.csv,walk_comfortable,2,train
RC023,Session1,overground,walk,comfortable,Overground_Walk,Walk_Comfortable,/home/kwnuk/WKIRO-Project/data/RC023/Session1/Overground_Walk/Walk_Comfortable/Post_Process/Walk_Comfortable2.csv,walk_comfortable,2,train
RC023,Session1,overground,walk,comfortable,Overground_Walk,Walk_Comfortable,/home/kwnuk/WKIRO-Project/data/RC023/Session1/Overground_Walk/Walk_Comfortable/Post_Process/Walk_Comfortable3.csv,walk_comfortable,2,val
RC023,Session1,overground,walk,comfortable,Overground_Walk,Walk_Comfortable,/home/kwnuk/WKIRO-Project/data/RC023/Session1/Overground_Walk/Walk_Comfortable/Post_Process/Walk_Comfortable4.csv,walk_comfortable,2,train
RC023,Session1,overground,walk,comfortable,Overground_Walk,Walk_Comfortable,/home/kwnuk/WKIRO-Project/data/RC023/Session1/Overground_Walk/Walk_Comfortable/Post_Process/Walk_Comfortable5.csv,walk_comfortable,2,train
RC023,Session1,overground,walk,comfortable,Overground_Walk,Walk_Comfortable,/home/kwnuk/WKIRO-Project/data/RC023/Session1/Overground_Walk/Walk_Comfortable/Post_Process/Walk_Comfortable6.csv,walk_comfortable,2,train
RC023,Session1,overground,walk,fast,Overground_Walk,Walk_Fast,/home/kwnuk/WKIRO-Project/data/RC023/Session1/Overground_Walk/Walk_Fast/Post_Process/Walk_Fast1.csv,walk_fast,3,test
RC023,Session1,overground,walk,fast,Overground_Walk,Walk_Fast,/home/kwnuk/WKIRO-Project/data/RC023/Session1/Overground_Walk/Walk_Fast/Post_Process/Walk_Fast2.csv,walk_fast,3,train
RC023,Session1,overground,walk,fast,Overground_Walk,Walk_Fast,/home/kwnuk/WKIRO-Project/data/RC023/Session1/Overground_Walk/Walk_Fast/Post_Process/Walk_Fast3.csv,walk_fast,3,val
RC023,Session1,overground,walk,fast,Overground_Walk,Walk_Fast,/home/kwnuk/WKIRO-Project/data/RC023/Session1/Overground_Walk/Walk_Fast/Post_Process/Walk_Fast4.csv,walk_fast,3,train
RC023,Session1,overground,walk,fast,Overground_Walk,Walk_Fast,/home/kwnuk/WKIRO-Project/data/RC023/Session1/Overground_Walk/Walk_Fast/Post_Process/Walk_Fast5.csv,walk_fast,3,train
RC023,Session1,overground,walk,fast,Overground_Walk,Walk_Fast,/home/kwnuk/WKIRO-Project/data/RC023/Session1/Overground_Walk/Walk_Fast/Post_Process/Walk_Fast6.csv,walk_fast,3,val
RC023,Session1,overground,walk,slow,Overground_Walk,Walk_Slow,/home/kwnuk/WKIRO-Project/data/RC023/Session1/Overground_Walk/Walk_Slow/Post_Process/Walk_Slow1.csv,walk_slow,4,test
RC023,Session1,overground,walk,slow,Overground_Walk,Walk_Slow,/home/kwnuk/WKIRO-Project/data/RC023/Session1/Overground_Walk/Walk_Slow/Post_Process/Walk_Slow2.csv,walk_slow,4,train
RC023,Session1,overground,walk,slow,Overground_Walk,Walk_Slow,/home/kwnuk/WKIRO-Project/data/RC023/Session1/Overground_Walk/Walk_Slow/Post_Process/Walk_Slow3.csv,walk_slow,4,val
RC023,Session1,overground,walk,slow,Overground_Walk,Walk_Slow,/home/kwnuk/WKIRO-Project/data/RC023/Session1/Overground_Walk/Walk_Slow/Post_Process/Walk_Slow4.csv,walk_slow,4,train
RC023,Session1,overground,walk,slow,Overground_Walk,Walk_Slow,/home/kwnuk/WKIRO-Project/data/RC023/Session1/Overground_Walk/Walk_Slow/Post_Process/Walk_Slow5.csv,walk_slow,4,train
RC023,Session1,overground,walk,slow,Overground_Walk,Walk_Slow,/home/kwnuk/WKIRO-Project/data/RC023/Session1/Overground_Walk/Walk_Slow/Post_Process/Walk_Slow6.csv,walk_slow,4,test
RC023,Session1,overground,walk,slow,Overground_Walk,Walk_Slow,/home/kwnuk/WKIRO-Project/data/RC023/Session1/Overground_Walk/Walk_Slow/Post_Process/Walk_Slow7.csv,walk_slow,4,train
RC023,Session1,overground,walk,slow,Overground_Walk,Walk_Slow,/home/kwnuk/WKIRO-Project/data/RC023/Session1/Overground_Walk/Walk_Slow/Post_Process/Walk_Slow8.csv,walk_slow,4,train
RC023,Session1,treadmill,run,comfortable,Treadmill_Run,Treadmill_Run_Comfortable,/home/kwnuk/WKIRO-Project/data/RC023/Session1/Treadmill_Run/Treadmill_Run_Comfortable/Post_Process/Treadmill_Run_Comfortable.csv,run_comfortable,0,train
RC023,Session1,treadmill,run,fast,Treadmill_Run,Treadmill_Run_Fast,/home/kwnuk/WKIRO-Project/data/RC023/Session1/Treadmill_Run/Treadmill_Run_Fast/Post_Process/Treadmill_Run_Fast.csv,run_fast,1,test
RC023,Session1,treadmill,walk,comfortable,Treadmill_Walk,Treadmill_Walk_Comfortable,/home/kwnuk/WKIRO-Project/data/RC023/Session1/Treadmill_Walk/Treadmill_Walk_Comfortable/Post_Process/Treadmill_Walk_Comfortable.csv,walk_comfortable,2,train
RC023,Session1,treadmill,walk,fast,Treadmill_Walk,Treadmill_Walk_Fast,/home/kwnuk/WKIRO-Project/data/RC023/Session1/Treadmill_Walk/Treadmill_Walk_Fast/Post_Process/Treadmill_Walk_Fast.csv,walk_fast,3,train
RC023,Session1,treadmill,walk,slow,Treadmill_Walk,Treadmill_Walk_Slow,/home/kwnuk/WKIRO-Project/data/RC023/Session1/Treadmill_Walk/Treadmill_Walk_Slow/Post_Process/Treadmill_Walk_Slow.csv,walk_slow,4,train
RC023,Session2,overground,run,comfortable,Overground_Run,Run_Comfortable,/home/kwnuk/WKIRO-Project/data/RC023/Session2/Overground_Run/Run_Comfortable/Post_Process/Run_Comfortable1.csv,run_comfortable,0,train
RC023,Session2,overground,run,comfortable,Overground_Run,Run_Comfortable,/home/kwnuk/WKIRO-Project/data/RC023/Session2/Overground_Run/Run_Comfortable/Post_Process/Run_Comfortable10.csv,run_comfortable,0,val
RC023,Session2,overground,run,comfortable,Overground_Run,Run_Comfortable,/home/kwnuk/WKIRO-Project/data/RC023/Session2/Overground_Run/Run_Comfortable/Post_Process/Run_Comfortable2.csv,run_comfortable,0,train
RC023,Session2,overground,run,comfortable,Overground_Run,Run_Comfortable,/home/kwnuk/WKIRO-Project/data/RC023/Session2/Overground_Run/Run_Comfortable/Post_Process/Run_Comfortable3.csv,run_comfortable,0,val
RC023,Session2,overground,run,comfortable,Overground_Run,Run_Comfortable,/home/kwnuk/WKIRO-Project/data/RC023/Session2/Overground_Run/Run_Comfortable/Post_Process/Run_Comfortable4.csv,run_comfortable,0,train
RC023,Session2,overground,run,comfortable,Overground_Run,Run_Comfortable,/home/kwnuk/WKIRO-Project/data/RC023/Session2/Overground_Run/Run_Comfortable/Post_Process/Run_Comfortable5.csv,run_comfortable,0,test
RC023,Session2,overground,run,comfortable,Overground_Run,Run_Comfortable,/home/kwnuk/WKIRO-Project/data/RC023/Session2/Overground_Run/Run_Comfortable/Post_Process/Run_Comfortable6.csv,run_comfortable,0,train
RC023,Session2,overground,run,comfortable,Overground_Run,Run_Comfortable,/home/kwnuk/WKIRO-Project/data/RC023/Session2/Overground_Run/Run_Comfortable/Post_Process/Run_Comfortable7.csv,run_comfortable,0,train
RC023,Session2,overground,run,comfortable,Overground_Run,Run_Comfortable,/home/kwnuk/WKIRO-Project/data/RC023/Session2/Overground_Run/Run_Comfortable/Post_Process/Run_Comfortable8.csv,run_comfortable,0,train
RC023,Session2,overground,run,comfortable,Overground_Run,Run_Comfortable,/home/kwnuk/WKIRO-Project/data/RC023/Session2/Overground_Run/Run_Comfortable/Post_Process/Run_Comfortable9.csv,run_comfortable,0,train
RC023,Session2,overground,run,fast,Overground_Run,Run_Fast,/home/kwnuk/WKIRO-Project/data/RC023/Session2/Overground_Run/Run_Fast/Post_Process/Run_Fast1.csv,run_fast,1,train
RC023,Session2,overground,run,fast,Overground_Run,Run_Fast,/home/kwnuk/WKIRO-Project/data/RC023/Session2/Overground_Run/Run_Fast/Post_Process/Run_Fast10.csv,run_fast,1,test
RC023,Session2,overground,run,fast,Overground_Run,Run_Fast,/home/kwnuk/WKIRO-Project/data/RC023/Session2/Overground_Run/Run_Fast/Post_Process/Run_Fast2.csv,run_fast,1,train
RC023,Session2,overground,run,fast,Overground_Run,Run_Fast,/home/kwnuk/WKIRO-Project/data/RC023/Session2/Overground_Run/Run_Fast/Post_Process/Run_Fast3.csv,run_fast,1,val
RC023,Session2,overground,run,fast,Overground_Run,Run_Fast,/home/kwnuk/WKIRO-Project/data/RC023/Session2/Overground_Run/Run_Fast/Post_Process/Run_Fast4.csv,run_fast,1,train
RC023,Session2,overground,run,fast,Overground_Run,Run_Fast,/home/kwnuk/WKIRO-Project/data/RC023/Session2/Overground_Run/Run_Fast/Post_Process/Run_Fast5.csv,run_fast,1,train
RC023,Session2,overground,run,fast,Overground_Run,Run_Fast,/home/kwnuk/WKIRO-Project/data/RC023/Session2/Overground_Run/Run_Fast/Post_Process/Run_Fast6.csv,run_fast,1,train
RC023,Session2,overground,run,fast,Overground_Run,Run_Fast,/home/kwnuk/WKIRO-Project/data/RC023/Session2/Overground_Run/Run_Fast/Post_Process/Run_Fast7.csv,run_fast,1,train
RC023,Session2,overground,run,fast,Overground_Run,Run_Fast,/home/kwnuk/WKIRO-Project/data/RC023/Session2/Overground_Run/Run_Fast/Post_Process/Run_Fast8.csv,run_fast,1,train
RC023,Session2,overground,run,fast,Overground_Run,Run_Fast,/home/kwnuk/WKIRO-Project/data/RC023/Session2/Overground_Run/Run_Fast/Post_Process/Run_Fast9.csv,run_fast,1,test
RC023,Session2,overground,walk,comfortable,Overground_Walk,Walk_Comfortable,/home/kwnuk/WKIRO-Project/data/RC023/Session2/Overground_Walk/Walk_Comfortable/Post_Process/Walk_Comfortable1.csv,walk_comfortable,2,train
RC023,Session2,overground,walk,comfortable,Overground_Walk,Walk_Comfortable,/home/kwnuk/WKIRO-Project/data/RC023/Session2/Overground_Walk/Walk_Comfortable/Post_Process/Walk_Comfortable2.csv,walk_comfortable,2,train
RC023,Session2,overground,walk,comfortable,Overground_Walk,Walk_Comfortable,/home/kwnuk/WKIRO-Project/data/RC023/Session2/Overground_Walk/Walk_Comfortable/Post_Process/Walk_Comfortable3.csv,walk_comfortable,2,train
RC023,Session2,overground,walk,comfortable,Overground_Walk,Walk_Comfortable,/home/kwnuk/WKIRO-Project/data/RC023/Session2/Overground_Walk/Walk_Comfortable/Post_Process/Walk_Comfortable4.csv,walk_comfortable,2,val
RC023,Session2,overground,walk,comfortable,Overground_Walk,Walk_Comfortable,/home/kwnuk/WKIRO-Project/data/RC023/Session2/Overground_Walk/Walk_Comfortable/Post_Process/Walk_Comfortable5.csv,walk_comfortable,2,train
RC023,Session2,overground,walk,comfortable,Overground_Walk,Walk_Comfortable,/home/kwnuk/WKIRO-Project/data/RC023/Session2/Overground_Walk/Walk_Comfortable/Post_Process/Walk_Comfortable6.csv,walk_comfortable,2,test
RC023,Session2,overground,walk,comfortable,Overground_Walk,Walk_Comfortable,/home/kwnuk/WKIRO-Project/data/RC023/Session2/Overground_Walk/Walk_Comfortable/Post_Process/Walk_Comfortable7.csv,walk_comfortable,2,test
RC023,Session2,overground,walk,comfortable,Overground_Walk,Walk_Comfortable,/home/kwnuk/WKIRO-Project/data/RC023/Session2/Overground_Walk/Walk_Comfortable/Post_Process/Walk_Comfortable8.csv,walk_comfortable,2,val
RC023,Session2,overground,walk,fast,Overground_Walk,Walk_Fast,/home/kwnuk/WKIRO-Project/data/RC023/Session2/Overground_Walk/Walk_Fast/Post_Process/Walk_Fast1.csv,walk_fast,3,train
RC023,Session2,overground,walk,fast,Overground_Walk,Walk_Fast,/home/kwnuk/WKIRO-Project/data/RC023/Session2/Overground_Walk/Walk_Fast/Post_Process/Walk_Fast2.csv,walk_fast,3,train
RC023,Session2,overground,walk,fast,Overground_Walk,Walk_Fast,/home/kwnuk/WKIRO-Project/data/RC023/Session2/Overground_Walk/Walk_Fast/Post_Process/Walk_Fast3.csv,walk_fast,3,train
RC023,Session2,overground,walk,fast,Overground_Walk,Walk_Fast,/home/kwnuk/WKIRO-Project/data/RC023/Session2/Overground_Walk/Walk_Fast/Post_Process/Walk_Fast4.csv,walk_fast,3,test
RC023,Session2,overground,walk,fast,Overground_Walk,Walk_Fast,/home/kwnuk/WKIRO-Project/data/RC023/Session2/Overground_Walk/Walk_Fast/Post_Process/Walk_Fast5.csv,walk_fast,3,val
RC023,Session2,overground,walk,fast,Overground_Walk,Walk_Fast,/home/kwnuk/WKIRO-Project/data/RC023/Session2/Overground_Walk/Walk_Fast/Post_Process/Walk_Fast6.csv,walk_fast,3,train
RC023,Session2,overground,walk,fast,Overground_Walk,Walk_Fast,/home/kwnuk/WKIRO-Project/data/RC023/Session2/Overground_Walk/Walk_Fast/Post_Process/Walk_Fast7.csv,walk_fast,3,train
RC023,Session2,overground,walk,fast,Overground_Walk,Walk_Fast,/home/kwnuk/WKIRO-Project/data/RC023/Session2/Overground_Walk/Walk_Fast/Post_Process/Walk_Fast8.csv,walk_fast,3,train
RC023,Session2,overground,walk,slow,Overground_Walk,Walk_Slow,/home/kwnuk/WKIRO-Project/data/RC023/Session2/Overground_Walk/Walk_Slow/Post_Process/Walk_Slow1.csv,walk_slow,4,train
RC023,Session2,overground,walk,slow,Overground_Walk,Walk_Slow,/home/kwnuk/WKIRO-Project/data/RC023/Session2/Overground_Walk/Walk_Slow/Post_Process/Walk_Slow2.csv,walk_slow,4,val
RC023,Session2,overground,walk,slow,Overground_Walk,Walk_Slow,/home/kwnuk/WKIRO-Project/data/RC023/Session2/Overground_Walk/Walk_Slow/Post_Process/Walk_Slow3.csv,walk_slow,4,train
RC023,Session2,overground,walk,slow,Overground_Walk,Walk_Slow,/home/kwnuk/WKIRO-Project/data/RC023/Session2/Overground_Walk/Walk_Slow/Post_Process/Walk_Slow4.csv,walk_slow,4,train
RC023,Session2,overground,walk,slow,Overground_Walk,Walk_Slow,/home/kwnuk/WKIRO-Project/data/RC023/Session2/Overground_Walk/Walk_Slow/Post_Process/Walk_Slow5.csv,walk_slow,4,train
RC023,Session2,overground,walk,slow,Overground_Walk,Walk_Slow,/home/kwnuk/WKIRO-Project/data/RC023/Session2/Overground_Walk/Walk_Slow/Post_Process/Walk_Slow6.csv,walk_slow,4,train
RC023,Session2,overground,walk,slow,Overground_Walk,Walk_Slow,/home/kwnuk/WKIRO-Project/data/RC023/Session2/Overground_Walk/Walk_Slow/Post_Process/Walk_Slow7.csv,walk_slow,4,train
RC023,Session2,overground,walk,slow,Overground_Walk,Walk_Slow,/home/kwnuk/WKIRO-Project/data/RC023/Session2/Overground_Walk/Walk_Slow/Post_Process/Walk_Slow8.csv,walk_slow,4,test
RC023,Session2,treadmill,run,comfortable,Treadmill_Run,Treadmill_Run_Comfortable,/home/kwnuk/WKIRO-Project/data/RC023/Session2/Treadmill_Run/Treadmill_Run_Comfortable/Post_Process/Treadmill_Run_Comfortable.csv,run_comfortable,0,train
RC023,Session2,treadmill,run,fast,Treadmill_Run,Treadmill_Run_Fast,/home/kwnuk/WKIRO-Project/data/RC023/Session2/Treadmill_Run/Treadmill_Run_Fast/Post_Process/Treadmill_Run_Fast.csv,run_fast,1,train
RC023,Session2,treadmill,walk,comfortable,Treadmill_Walk,Treadmill_Walk_Comfortable,/home/kwnuk/WKIRO-Project/data/RC023/Session2/Treadmill_Walk/Treadmill_Walk_Comfortable/Post_Process/Treadmill_Walk_Comfortable.csv,walk_comfortable,2,train
RC023,Session2,treadmill,walk,fast,Treadmill_Walk,Treadmill_Walk_Fast,/home/kwnuk/WKIRO-Project/data/RC023/Session2/Treadmill_Walk/Treadmill_Walk_Fast/Post_Process/Treadmill_Walk_Fast.csv,walk_fast,3,train
RC023,Session2,treadmill,walk,slow,Treadmill_Walk,Treadmill_Walk_Slow,/home/kwnuk/WKIRO-Project/data/RC023/Session2/Treadmill_Walk/Treadmill_Walk_Slow/Post_Process/Treadmill_Walk_Slow.csv,walk_slow,4,val
RV028,Session1,overground,run,comfortable,Overground_Run,Run_Comfortable,/home/kwnuk/WKIRO-Project/data/RV028/Session1/Overground_Run/Run_Comfortable/Post_Process/Run_Comfortable1.csv,run_comfortable,0,val
RV028,Session1,overground,run,comfortable,Overground_Run,Run_Comfortable,/home/kwnuk/WKIRO-Project/data/RV028/Session1/Overground_Run/Run_Comfortable/Post_Process/Run_Comfortable10.csv,run_comfortable,0,val
RV028,Session1,overground,run,comfortable,Overground_Run,Run_Comfortable,/home/kwnuk/WKIRO-Project/data/RV028/Session1/Overground_Run/Run_Comfortable/Post_Process/Run_Comfortable2.csv,run_comfortable,0,test
RV028,Session1,overground,run,comfortable,Overground_Run,Run_Comfortable,/home/kwnuk/WKIRO-Project/data/RV028/Session1/Overground_Run/Run_Comfortable/Post_Process/Run_Comfortable3.csv,run_comfortable,0,train
RV028,Session1,overground,run,comfortable,Overground_Run,Run_Comfortable,/home/kwnuk/WKIRO-Project/data/RV028/Session1/Overground_Run/Run_Comfortable/Post_Process/Run_Comfortable4.csv,run_comfortable,0,train
RV028,Session1,overground,run,comfortable,Overground_Run,Run_Comfortable,/home/kwnuk/WKIRO-Project/data/RV028/Session1/Overground_Run/Run_Comfortable/Post_Process/Run_Comfortable5.csv,run_comfortable,0,train
RV028,Session1,overground,run,comfortable,Overground_Run,Run_Comfortable,/home/kwnuk/WKIRO-Project/data/RV028/Session1/Overground_Run/Run_Comfortable/Post_Process/Run_Comfortable6.csv,run_comfortable,0,val
RV028,Session1,overground,run,comfortable,Overground_Run,Run_Comfortable,/home/kwnuk/WKIRO-Project/data/RV028/Session1/Overground_Run/Run_Comfortable/Post_Process/Run_Comfortable7.csv,run_comfortable,0,test
RV028,Session1,overground,run,comfortable,Overground_Run,Run_Comfortable,/home/kwnuk/WKIRO-Project/data/RV028/Session1/Overground_Run/Run_Comfortable/Post_Process/Run_Comfortable8.csv,run_comfortable,0,train
RV028,Session1,overground,run,comfortable,Overground_Run,Run_Comfortable,/home/kwnuk/WKIRO-Project/data/RV028/Session1/Overground_Run/Run_Comfortable/Post_Process/Run_Comfortable9.csv,run_comfortable,0,train
RV028,Session1,overground,run,fast,Overground_Run,Run_Fast,/home/kwnuk/WKIRO-Project/data/RV028/Session1/Overground_Run/Run_Fast/Post_Process/Run_Fast1.csv,run_fast,1,train
RV028,Session1,overground,run,fast,Overground_Run,Run_Fast,/home/kwnuk/WKIRO-Project/data/RV028/Session1/Overground_Run/Run_Fast/Post_Process/Run_Fast10.csv,run_fast,1,train
RV028,Session1,overground,run,fast,Overground_Run,Run_Fast,/home/kwnuk/WKIRO-Project/data/RV028/Session1/Overground_Run/Run_Fast/Post_Process/Run_Fast2.csv,run_fast,1,train
RV028,Session1,overground,run,fast,Overground_Run,Run_Fast,/home/kwnuk/WKIRO-Project/data/RV028/Session1/Overground_Run/Run_Fast/Post_Process/Run_Fast3.csv,run_fast,1,train
RV028,Session1,overground,run,fast,Overground_Run,Run_Fast,/home/kwnuk/WKIRO-Project/data/RV028/Session1/Overground_Run/Run_Fast/Post_Process/Run_Fast4.csv,run_fast,1,val
RV028,Session1,overground,run,fast,Overground_Run,Run_Fast,/home/kwnuk/WKIRO-Project/data/RV028/Session1/Overground_Run/Run_Fast/Post_Process/Run_Fast5.csv,run_fast,1,train
RV028,Session1,overground,run,fast,Overground_Run,Run_Fast,/home/kwnuk/WKIRO-Project/data/RV028/Session1/Overground_Run/Run_Fast/Post_Process/Run_Fast6.csv,run_fast,1,val
RV028,Session1,overground,run,fast,Overground_Run,Run_Fast,/home/kwnuk/WKIRO-Project/data/RV028/Session1/Overground_Run/Run_Fast/Post_Process/Run_Fast7.csv,run_fast,1,train
RV028,Session1,overground,run,fast,Overground_Run,Run_Fast,/home/kwnuk/WKIRO-Project/data/RV028/Session1/Overground_Run/Run_Fast/Post_Process/Run_Fast8.csv,run_fast,1,train
RV028,Session1,overground,run,fast,Overground_Run,Run_Fast,/home/kwnuk/WKIRO-Project/data/RV028/Session1/Overground_Run/Run_Fast/Post_Process/Run_Fast9.csv,run_fast,1,test
RV028,Session1,overground,walk,comfortable,Overground_Walk,Walk_Comfortable,/home/kwnuk/WKIRO-Project/data/RV028/Session1/Overground_Walk/Walk_Comfortable/Post_Process/Walk_Comfortable1.csv,walk_comfortable,2,train
RV028,Session1,overground,walk,comfortable,Overground_Walk,Walk_Comfortable,/home/kwnuk/WKIRO-Project/data/RV028/Session1/Overground_Walk/Walk_Comfortable/Post_Process/Walk_Comfortable10.csv,walk_comfortable,2,train
RV028,Session1,overground,walk,comfortable,Overground_Walk,Walk_Comfortable,/home/kwnuk/WKIRO-Project/data/RV028/Session1/Overground_Walk/Walk_Comfortable/Post_Process/Walk_Comfortable11.csv,walk_comfortable,2,train
RV028,Session1,overground,walk,comfortable,Overground_Walk,Walk_Comfortable,/home/kwnuk/WKIRO-Project/data/RV028/Session1/Overground_Walk/Walk_Comfortable/Post_Process/Walk_Comfortable12.csv,walk_comfortable,2,val
RV028,Session1,overground,walk,comfortable,Overground_Walk,Walk_Comfortable,/home/kwnuk/WKIRO-Project/data/RV028/Session1/Overground_Walk/Walk_Comfortable/Post_Process/Walk_Comfortable2.csv,walk_comfortable,2,test
RV028,Session1,overground,walk,comfortable,Overground_Walk,Walk_Comfortable,/home/kwnuk/WKIRO-Project/data/RV028/Session1/Overground_Walk/Walk_Comfortable/Post_Process/Walk_Comfortable3.csv,walk_comfortable,2,train
RV028,Session1,overground,walk,comfortable,Overground_Walk,Walk_Comfortable,/home/kwnuk/WKIRO-Project/data/RV028/Session1/Overground_Walk/Walk_Comfortable/Post_Process/Walk_Comfortable4.csv,walk_comfortable,2,train
RV028,Session1,overground,walk,comfortable,Overground_Walk,Walk_Comfortable,/home/kwnuk/WKIRO-Project/data/RV028/Session1/Overground_Walk/Walk_Comfortable/Post_Process/Walk_Comfortable5.csv,walk_comfortable,2,train
RV028,Session1,overground,walk,comfortable,Overground_Walk,Walk_Comfortable,/home/kwnuk/WKIRO-Project/data/RV028/Session1/Overground_Walk/Walk_Comfortable/Post_Process/Walk_Comfortable6.csv,walk_comfortable,2,test
RV028,Session1,overground,walk,comfortable,Overground_Walk,Walk_Comfortable,/home/kwnuk/WKIRO-Project/data/RV028/Session1/Overground_Walk/Walk_Comfortable/Post_Process/Walk_Comfortable7.csv,walk_comfortable,2,train
RV028,Session1,overground,walk,comfortable,Overground_Walk,Walk_Comfortable,/home/kwnuk/WKIRO-Project/data/RV028/Session1/Overground_Walk/Walk_Comfortable/Post_Process/Walk_Comfortable8.csv,walk_comfortable,2,train
RV028,Session1,overground,walk,comfortable,Overground_Walk,Walk_Comfortable,/home/kwnuk/WKIRO-Project/data/RV028/Session1/Overground_Walk/Walk_Comfortable/Post_Process/Walk_Comfortable9.csv,walk_comfortable,2,test
RV028,Session1,overground,walk,fast,Overground_Walk,Walk_Fast,/home/kwnuk/WKIRO-Project/data/RV028/Session1/Overground_Walk/Walk_Fast/Post_Process/Walk_Fast1.csv,walk_fast,3,train
RV028,Session1,overground,walk,fast,Overground_Walk,Walk_Fast,/home/kwnuk/WKIRO-Project/data/RV028/Session1/Overground_Walk/Walk_Fast/Post_Process/Walk_Fast2.csv,walk_fast,3,test
RV028,Session1,overground,walk,fast,Overground_Walk,Walk_Fast,/home/kwnuk/WKIRO-Project/data/RV028/Session1/Overground_Walk/Walk_Fast/Post_Process/Walk_Fast3.csv,walk_fast,3,train
RV028,Session1,overground,walk,fast,Overground_Walk,Walk_Fast,/home/kwnuk/WKIRO-Project/data/RV028/Session1/Overground_Walk/Walk_Fast/Post_Process/Walk_Fast4.csv,walk_fast,3,train
RV028,Session1,overground,walk,fast,Overground_Walk,Walk_Fast,/home/kwnuk/WKIRO-Project/data/RV028/Session1/Overground_Walk/Walk_Fast/Post_Process/Walk_Fast5.csv,walk_fast,3,train
RV028,Session1,overground,walk,fast,Overground_Walk,Walk_Fast,/home/kwnuk/WKIRO-Project/data/RV028/Session1/Overground_Walk/Walk_Fast/Post_Process/Walk_Fast6.csv,walk_fast,3,train
RV028,Session1,overground,walk,fast,Overground_Walk,Walk_Fast,/home/kwnuk/WKIRO-Project/data/RV028/Session1/Overground_Walk/Walk_Fast/Post_Process/Walk_Fast7.csv,walk_fast,3,train
RV028,Session1,overground,walk,fast,Overground_Walk,Walk_Fast,/home/kwnuk/WKIRO-Project/data/RV028/Session1/Overground_Walk/Walk_Fast/Post_Process/Walk_Fast8.csv,walk_fast,3,train
RV028,Session1,overground,walk,slow,Overground_Walk,Walk_Slow,/home/kwnuk/WKIRO-Project/data/RV028/Session1/Overground_Walk/Walk_Slow/Post_Process/Walk_Slow1.csv,walk_slow,4,train
RV028,Session1,overground,walk,slow,Overground_Walk,Walk_Slow,/home/kwnuk/WKIRO-Project/data/RV028/Session1/Overground_Walk/Walk_Slow/Post_Process/Walk_Slow2.csv,walk_slow,4,train
RV028,Session1,overground,walk,slow,Overground_Walk,Walk_Slow,/home/kwnuk/WKIRO-Project/data/RV028/Session1/Overground_Walk/Walk_Slow/Post_Process/Walk_Slow3.csv,walk_slow,4,train
RV028,Session1,overground,walk,slow,Overground_Walk,Walk_Slow,/home/kwnuk/WKIRO-Project/data/RV028/Session1/Overground_Walk/Walk_Slow/Post_Process/Walk_Slow4.csv,walk_slow,4,train
RV028,Session1,overground,walk,slow,Overground_Walk,Walk_Slow,/home/kwnuk/WKIRO-Project/data/RV028/Session1/Overground_Walk/Walk_Slow/Post_Process/Walk_Slow5.csv,walk_slow,4,train
RV028,Session1,overground,walk,slow,Overground_Walk,Walk_Slow,/home/kwnuk/WKIRO-Project/data/RV028/Session1/Overground_Walk/Walk_Slow/Post_Process/Walk_Slow6.csv,walk_slow,4,test
RV028,Session1,overground,walk,slow,Overground_Walk,Walk_Slow,/home/kwnuk/WKIRO-Project/data/RV028/Session1/Overground_Walk/Walk_Slow/Post_Process/Walk_Slow7.csv,walk_slow,4,val
RV028,Session1,overground,walk,slow,Overground_Walk,Walk_Slow,/home/kwnuk/WKIRO-Project/data/RV028/Session1/Overground_Walk/Walk_Slow/Post_Process/Walk_Slow8.csv,walk_slow,4,train
RV028,Session1,treadmill,run,comfortable,Treadmill_Run,Treadmill_Run_Comfortable,/home/kwnuk/WKIRO-Project/data/RV028/Session1/Treadmill_Run/Treadmill_Run_Comfortable/Post_Process/Treadmill_Run_Comfortable.csv,run_comfortable,0,test
RV028,Session1,treadmill,run,fast,Treadmill_Run,Treadmill_Run_Fast,/home/kwnuk/WKIRO-Project/data/RV028/Session1/Treadmill_Run/Treadmill_Run_Fast/Post_Process/Treadmill_Run_Fast.csv,run_fast,1,train
RV028,Session1,treadmill,walk,comfortable,Treadmill_Walk,Treadmill_Walk_Comfortable,/home/kwnuk/WKIRO-Project/data/RV028/Session1/Treadmill_Walk/Treadmill_Walk_Comfortable/Post_Process/Treadmill_Walk_Comfortable.csv,walk_comfortable,2,train
RV028,Session1,treadmill,walk,fast,Treadmill_Walk,Treadmill_Walk_Fast,/home/kwnuk/WKIRO-Project/data/RV028/Session1/Treadmill_Walk/Treadmill_Walk_Fast/Post_Process/Treadmill_Walk_Fast.csv,walk_fast,3,train
RV028,Session1,treadmill,walk,slow,Treadmill_Walk,Treadmill_Walk_Slow,/home/kwnuk/WKIRO-Project/data/RV028/Session1/Treadmill_Walk/Treadmill_Walk_Slow/Post_Process/Treadmill_Walk_Slow.csv,walk_slow,4,train
RV028,Session2,overground,run,comfortable,Overground_Run,Run_Comfortable,/home/kwnuk/WKIRO-Project/data/RV028/Session2/Overground_Run/Run_Comfortable/Post_Process/Run_Comfortable1.csv,run_comfortable,0,train
RV028,Session2,overground,run,comfortable,Overground_Run,Run_Comfortable,/home/kwnuk/WKIRO-Project/data/RV028/Session2/Overground_Run/Run_Comfortable/Post_Process/Run_Comfortable10.csv,run_comfortable,0,train
RV028,Session2,overground,run,comfortable,Overground_Run,Run_Comfortable,/home/kwnuk/WKIRO-Project/data/RV028/Session2/Overground_Run/Run_Comfortable/Post_Process/Run_Comfortable2.csv,run_comfortable,0,train
RV028,Session2,overground,run,comfortable,Overground_Run,Run_Comfortable,/home/kwnuk/WKIRO-Project/data/RV028/Session2/Overground_Run/Run_Comfortable/Post_Process/Run_Comfortable3.csv,run_comfortable,0,train
RV028,Session2,overground,run,comfortable,Overground_Run,Run_Comfortable,/home/kwnuk/WKIRO-Project/data/RV028/Session2/Overground_Run/Run_Comfortable/Post_Process/Run_Comfortable4.csv,run_comfortable,0,train
RV028,Session2,overground,run,comfortable,Overground_Run,Run_Comfortable,/home/kwnuk/WKIRO-Project/data/RV028/Session2/Overground_Run/Run_Comfortable/Post_Process/Run_Comfortable5.csv,run_comfortable,0,train
RV028,Session2,overground,run,comfortable,Overground_Run,Run_Comfortable,/home/kwnuk/WKIRO-Project/data/RV028/Session2/Overground_Run/Run_Comfortable/Post_Process/Run_Comfortable6.csv,run_comfortable,0,train
RV028,Session2,overground,run,comfortable,Overground_Run,Run_Comfortable,/home/kwnuk/WKIRO-Project/data/RV028/Session2/Overground_Run/Run_Comfortable/Post_Process/Run_Comfortable7.csv,run_comfortable,0,train
RV028,Session2,overground,run,comfortable,Overground_Run,Run_Comfortable,/home/kwnuk/WKIRO-Project/data/RV028/Session2/Overground_Run/Run_Comfortable/Post_Process/Run_Comfortable8.csv,run_comfortable,0,train
RV028,Session2,overground,run,comfortable,Overground_Run,Run_Comfortable,/home/kwnuk/WKIRO-Project/data/RV028/Session2/Overground_Run/Run_Comfortable/Post_Process/Run_Comfortable9.csv,run_comfortable,0,train
RV028,Session2,overground,run,fast,Overground_Run,Run_Fast,/home/kwnuk/WKIRO-Project/data/RV028/Session2/Overground_Run/Run_Fast/Post_Process/Run_Fast1.csv,run_fast,1,test
RV028,Session2,overground,run,fast,Overground_Run,Run_Fast,/home/kwnuk/WKIRO-Project/data/RV028/Session2/Overground_Run/Run_Fast/Post_Process/Run_Fast10.csv,run_fast,1,train
RV028,Session2,overground,run,fast,Overground_Run,Run_Fast,/home/kwnuk/WKIRO-Project/data/RV028/Session2/Overground_Run/Run_Fast/Post_Process/Run_Fast2.csv,run_fast,1,train
RV028,Session2,overground,run,fast,Overground_Run,Run_Fast,/home/kwnuk/WKIRO-Project/data/RV028/Session2/Overground_Run/Run_Fast/Post_Process/Run_Fast3.csv,run_fast,1,train
RV028,Session2,overground,run,fast,Overground_Run,Run_Fast,/home/kwnuk/WKIRO-Project/data/RV028/Session2/Overground_Run/Run_Fast/Post_Process/Run_Fast4.csv,run_fast,1,val
RV028,Session2,overground,run,fast,Overground_Run,Run_Fast,/home/kwnuk/WKIRO-Project/data/RV028/Session2/Overground_Run/Run_Fast/Post_Process/Run_Fast5.csv,run_fast,1,train
RV028,Session2,overground,run,fast,Overground_Run,Run_Fast,/home/kwnuk/WKIRO-Project/data/RV028/Session2/Overground_Run/Run_Fast/Post_Process/Run_Fast6.csv,run_fast,1,train
RV028,Session2,overground,run,fast,Overground_Run,Run_Fast,/home/kwnuk/WKIRO-Project/data/RV028/Session2/Overground_Run/Run_Fast/Post_Process/Run_Fast7.csv,run_fast,1,train
RV028,Session2,overground,run,fast,Overground_Run,Run_Fast,/home/kwnuk/WKIRO-Project/data/RV028/Session2/Overground_Run/Run_Fast/Post_Process/Run_Fast8.csv,run_fast,1,train
RV028,Session2,overground,run,fast,Overground_Run,Run_Fast,/home/kwnuk/WKIRO-Project/data/RV028/Session2/Overground_Run/Run_Fast/Post_Process/Run_Fast9.csv,run_fast,1,train
RV028,Session2,overground,walk,comfortable,Overground_Walk,Walk_Comfortable,/home/kwnuk/WKIRO-Project/data/RV028/Session2/Overground_Walk/Walk_Comfortable/Post_Process/Walk_Comfortable1.csv,walk_comfortable,2,val
RV028,Session2,overground,walk,comfortable,Overground_Walk,Walk_Comfortable,/home/kwnuk/WKIRO-Project/data/RV028/Session2/Overground_Walk/Walk_Comfortable/Post_Process/Walk_Comfortable2.csv,walk_comfortable,2,train
RV028,Session2,overground,walk,comfortable,Overground_Walk,Walk_Comfortable,/home/kwnuk/WKIRO-Project/data/RV028/Session2/Overground_Walk/Walk_Comfortable/Post_Process/Walk_Comfortable3.csv,walk_comfortable,2,train
RV028,Session2,overground,walk,comfortable,Overground_Walk,Walk_Comfortable,/home/kwnuk/WKIRO-Project/data/RV028/Session2/Overground_Walk/Walk_Comfortable/Post_Process/Walk_Comfortable4.csv,walk_comfortable,2,train
RV028,Session2,overground,walk,comfortable,Overground_Walk,Walk_Comfortable,/home/kwnuk/WKIRO-Project/data/RV028/Session2/Overground_Walk/Walk_Comfortable/Post_Process/Walk_Comfortable5.csv,walk_comfortable,2,train
RV028,Session2,overground,walk,comfortable,Overground_Walk,Walk_Comfortable,/home/kwnuk/WKIRO-Project/data/RV028/Session2/Overground_Walk/Walk_Comfortable/Post_Process/Walk_Comfortable6.csv,walk_comfortable,2,val
RV028,Session2,overground,walk,comfortable,Overground_Walk,Walk_Comfortable,/home/kwnuk/WKIRO-Project/data/RV028/Session2/Overground_Walk/Walk_Comfortable/Post_Process/Walk_Comfortable7.csv,walk_comfortable,2,train
RV028,Session2,overground,walk,comfortable,Overground_Walk,Walk_Comfortable,/home/kwnuk/WKIRO-Project/data/RV028/Session2/Overground_Walk/Walk_Comfortable/Post_Process/Walk_Comfortable8.csv,walk_comfortable,2,train
RV028,Session2,overground,walk,fast,Overground_Walk,Walk_Fast,/home/kwnuk/WKIRO-Project/data/RV028/Session2/Overground_Walk/Walk_Fast/Post_Process/Walk_Fast1.csv,walk_fast,3,test
RV028,Session2,overground,walk,fast,Overground_Walk,Walk_Fast,/home/kwnuk/WKIRO-Project/data/RV028/Session2/Overground_Walk/Walk_Fast/Post_Process/Walk_Fast2.csv,walk_fast,3,val
RV028,Session2,overground,walk,fast,Overground_Walk,Walk_Fast,/home/kwnuk/WKIRO-Project/data/RV028/Session2/Overground_Walk/Walk_Fast/Post_Process/Walk_Fast3.csv,walk_fast,3,test
RV028,Session2,overground,walk,fast,Overground_Walk,Walk_Fast,/home/kwnuk/WKIRO-Project/data/RV028/Session2/Overground_Walk/Walk_Fast/Post_Process/Walk_Fast4.csv,walk_fast,3,train
RV028,Session2,overground,walk,fast,Overground_Walk,Walk_Fast,/home/kwnuk/WKIRO-Project/data/RV028/Session2/Overground_Walk/Walk_Fast/Post_Process/Walk_Fast5.csv,walk_fast,3,train
RV028,Session2,overground,walk,fast,Overground_Walk,Walk_Fast,/home/kwnuk/WKIRO-Project/data/RV028/Session2/Overground_Walk/Walk_Fast/Post_Process/Walk_Fast6.csv,walk_fast,3,train
RV028,Session2,overground,walk,fast,Overground_Walk,Walk_Fast,/home/kwnuk/WKIRO-Project/data/RV028/Session2/Overground_Walk/Walk_Fast/Post_Process/Walk_Fast7.csv,walk_fast,3,train
RV028,Session2,overground,walk,fast,Overground_Walk,Walk_Fast,/home/kwnuk/WKIRO-Project/data/RV028/Session2/Overground_Walk/Walk_Fast/Post_Process/Walk_Fast8.csv,walk_fast,3,val
RV028,Session2,overground,walk,slow,Overground_Walk,Walk_Slow,/home/kwnuk/WKIRO-Project/data/RV028/Session2/Overground_Walk/Walk_Slow/Post_Process/Walk_Slow1.csv,walk_slow,4,val
RV028,Session2,overground,walk,slow,Overground_Walk,Walk_Slow,/home/kwnuk/WKIRO-Project/data/RV028/Session2/Overground_Walk/Walk_Slow/Post_Process/Walk_Slow2.csv,walk_slow,4,train
RV028,Session2,overground,walk,slow,Overground_Walk,Walk_Slow,/home/kwnuk/WKIRO-Project/data/RV028/Session2/Overground_Walk/Walk_Slow/Post_Process/Walk_Slow3.csv,walk_slow,4,train
RV028,Session2,overground,walk,slow,Overground_Walk,Walk_Slow,/home/kwnuk/WKIRO-Project/data/RV028/Session2/Overground_Walk/Walk_Slow/Post_Process/Walk_Slow4.csv,walk_slow,4,train
RV028,Session2,overground,walk,slow,Overground_Walk,Walk_Slow,/home/kwnuk/WKIRO-Project/data/RV028/Session2/Overground_Walk/Walk_Slow/Post_Process/Walk_Slow5.csv,walk_slow,4,train
RV028,Session2,overground,walk,slow,Overground_Walk,Walk_Slow,/home/kwnuk/WKIRO-Project/data/RV028/Session2/Overground_Walk/Walk_Slow/Post_Process/Walk_Slow6.csv,walk_slow,4,val
RV028,Session2,treadmill,run,comfortable,Treadmill_Run,Treadmill_Run_Comfortable,/home/kwnuk/WKIRO-Project/data/RV028/Session2/Treadmill_Run/Treadmill_Run_Comfortable/Post_Process/Treadmill_Run_Comfortable.csv,run_comfortable,0,train
RV028,Session2,treadmill,run,fast,Treadmill_Run,Treadmill_Run_Fast,/home/kwnuk/WKIRO-Project/data/RV028/Session2/Treadmill_Run/Treadmill_Run_Fast/Post_Process/Treadmill_Run_Fast.csv,run_fast,1,test
RV028,Session2,treadmill,walk,comfortable,Treadmill_Walk,Treadmill_Walk_Comfortable,/home/kwnuk/WKIRO-Project/data/RV028/Session2/Treadmill_Walk/Treadmill_Walk_Comfortable/Post_Process/Treadmill_Walk_Comfortable.csv,walk_comfortable,2,train
RV028,Session2,treadmill,walk,fast,Treadmill_Walk,Treadmill_Walk_Fast,/home/kwnuk/WKIRO-Project/data/RV028/Session2/Treadmill_Walk/Treadmill_Walk_Fast/Post_Process/Treadmill_Walk_Fast.csv,walk_fast,3,val
RV028,Session2,treadmill,walk,slow,Treadmill_Walk,Treadmill_Walk_Slow,/home/kwnuk/WKIRO-Project/data/RV028/Session2/Treadmill_Walk/Treadmill_Walk_Slow/Post_Process/Treadmill_Walk_Slow.csv,walk_slow,4,test
SA017,Session1,overground,run,comfortable,Overground_Run,Run_Comfortable,/home/kwnuk/WKIRO-Project/data/SA017/Session1/Overground_Run/Run_Comfortable/Post_Process/Run_Comfortable1.csv,run_comfortable,0,train
SA017,Session1,overground,run,comfortable,Overground_Run,Run_Comfortable,/home/kwnuk/WKIRO-Project/data/SA017/Session1/Overground_Run/Run_Comfortable/Post_Process/Run_Comfortable10.csv,run_comfortable,0,test
SA017,Session1,overground,run,comfortable,Overground_Run,Run_Comfortable,/home/kwnuk/WKIRO-Project/data/SA017/Session1/Overground_Run/Run_Comfortable/Post_Process/Run_Comfortable2.csv,run_comfortable,0,train
SA017,Session1,overground,run,comfortable,Overground_Run,Run_Comfortable,/home/kwnuk/WKIRO-Project/data/SA017/Session1/Overground_Run/Run_Comfortable/Post_Process/Run_Comfortable3.csv,run_comfortable,0,train
SA017,Session1,overground,run,comfortable,Overground_Run,Run_Comfortable,/home/kwnuk/WKIRO-Project/data/SA017/Session1/Overground_Run/Run_Comfortable/Post_Process/Run_Comfortable4.csv,run_comfortable,0,train
SA017,Session1,overground,run,comfortable,Overground_Run,Run_Comfortable,/home/kwnuk/WKIRO-Project/data/SA017/Session1/Overground_Run/Run_Comfortable/Post_Process/Run_Comfortable5.csv,run_comfortable,0,train
SA017,Session1,overground,run,comfortable,Overground_Run,Run_Comfortable,/home/kwnuk/WKIRO-Project/data/SA017/Session1/Overground_Run/Run_Comfortable/Post_Process/Run_Comfortable6.csv,run_comfortable,0,train
SA017,Session1,overground,run,comfortable,Overground_Run,Run_Comfortable,/home/kwnuk/WKIRO-Project/data/SA017/Session1/Overground_Run/Run_Comfortable/Post_Process/Run_Comfortable7.csv,run_comfortable,0,train
SA017,Session1,overground,run,comfortable,Overground_Run,Run_Comfortable,/home/kwnuk/WKIRO-Project/data/SA017/Session1/Overground_Run/Run_Comfortable/Post_Process/Run_Comfortable8.csv,run_comfortable,0,train
SA017,Session1,overground,run,comfortable,Overground_Run,Run_Comfortable,/home/kwnuk/WKIRO-Project/data/SA017/Session1/Overground_Run/Run_Comfortable/Post_Process/Run_Comfortable9.csv,run_comfortable,0,val
SA017,Session1,overground,run,fast,Overground_Run,Run_Fast,/home/kwnuk/WKIRO-Project/data/SA017/Session1/Overground_Run/Run_Fast/Post_Process/Run_Fast1.csv,run_fast,1,train
SA017,Session1,overground,run,fast,Overground_Run,Run_Fast,/home/kwnuk/WKIRO-Project/data/SA017/Session1/Overground_Run/Run_Fast/Post_Process/Run_Fast10.csv,run_fast,1,train
SA017,Session1,overground,run,fast,Overground_Run,Run_Fast,/home/kwnuk/WKIRO-Project/data/SA017/Session1/Overground_Run/Run_Fast/Post_Process/Run_Fast2.csv,run_fast,1,train
SA017,Session1,overground,run,fast,Overground_Run,Run_Fast,/home/kwnuk/WKIRO-Project/data/SA017/Session1/Overground_Run/Run_Fast/Post_Process/Run_Fast3.csv,run_fast,1,train
SA017,Session1,overground,run,fast,Overground_Run,Run_Fast,/home/kwnuk/WKIRO-Project/data/SA017/Session1/Overground_Run/Run_Fast/Post_Process/Run_Fast4.csv,run_fast,1,test
SA017,Session1,overground,run,fast,Overground_Run,Run_Fast,/home/kwnuk/WKIRO-Project/data/SA017/Session1/Overground_Run/Run_Fast/Post_Process/Run_Fast5.csv,run_fast,1,test
SA017,Session1,overground,run,fast,Overground_Run,Run_Fast,/home/kwnuk/WKIRO-Project/data/SA017/Session1/Overground_Run/Run_Fast/Post_Process/Run_Fast6.csv,run_fast,1,train
SA017,Session1,overground,run,fast,Overground_Run,Run_Fast,/home/kwnuk/WKIRO-Project/data/SA017/Session1/Overground_Run/Run_Fast/Post_Process/Run_Fast7.csv,run_fast,1,train
SA017,Session1,overground,run,fast,Overground_Run,Run_Fast,/home/kwnuk/WKIRO-Project/data/SA017/Session1/Overground_Run/Run_Fast/Post_Process/Run_Fast8.csv,run_fast,1,train
SA017,Session1,overground,run,fast,Overground_Run,Run_Fast,/home/kwnuk/WKIRO-Project/data/SA017/Session1/Overground_Run/Run_Fast/Post_Process/Run_Fast9.csv,run_fast,1,test
SA017,Session1,overground,walk,comfortable,Overground_Walk,Walk_Comfortable,/home/kwnuk/WKIRO-Project/data/SA017/Session1/Overground_Walk/Walk_Comfortable/Post_Process/Walk_Comfortable1.csv,walk_comfortable,2,train
SA017,Session1,overground,walk,comfortable,Overground_Walk,Walk_Comfortable,/home/kwnuk/WKIRO-Project/data/SA017/Session1/Overground_Walk/Walk_Comfortable/Post_Process/Walk_Comfortable2.csv,walk_comfortable,2,train
SA017,Session1,overground,walk,comfortable,Overground_Walk,Walk_Comfortable,/home/kwnuk/WKIRO-Project/data/SA017/Session1/Overground_Walk/Walk_Comfortable/Post_Process/Walk_Comfortable3.csv,walk_comfortable,2,train
SA017,Session1,overground,walk,comfortable,Overground_Walk,Walk_Comfortable,/home/kwnuk/WKIRO-Project/data/SA017/Session1/Overground_Walk/Walk_Comfortable/Post_Process/Walk_Comfortable4.csv,walk_comfortable,2,train
SA017,Session1,overground,walk,comfortable,Overground_Walk,Walk_Comfortable,/home/kwnuk/WKIRO-Project/data/SA017/Session1/Overground_Walk/Walk_Comfortable/Post_Process/Walk_Comfortable5.csv,walk_comfortable,2,train
SA017,Session1,overground,walk,comfortable,Overground_Walk,Walk_Comfortable,/home/kwnuk/WKIRO-Project/data/SA017/Session1/Overground_Walk/Walk_Comfortable/Post_Process/Walk_Comfortable6.csv,walk_comfortable,2,train
SA017,Session1,overground,walk,comfortable,Overground_Walk,Walk_Comfortable,/home/kwnuk/WKIRO-Project/data/SA017/Session1/Overground_Walk/Walk_Comfortable/Post_Process/Walk_Comfortable7.csv,walk_comfortable,2,train
SA017,Session1,overground,walk,comfortable,Overground_Walk,Walk_Comfortable,/home/kwnuk/WKIRO-Project/data/SA017/Session1/Overground_Walk/Walk_Comfortable/Post_Process/Walk_Comfortable8.csv,walk_comfortable,2,test
SA017,Session1,overground,walk,fast,Overground_Walk,Walk_Fast,/home/kwnuk/WKIRO-Project/data/SA017/Session1/Overground_Walk/Walk_Fast/Post_Process/Walk_Fast1.csv,walk_fast,3,val
SA017,Session1,overground,walk,fast,Overground_Walk,Walk_Fast,/home/kwnuk/WKIRO-Project/data/SA017/Session1/Overground_Walk/Walk_Fast/Post_Process/Walk_Fast2.csv,walk_fast,3,val
SA017,Session1,overground,walk,fast,Overground_Walk,Walk_Fast,/home/kwnuk/WKIRO-Project/data/SA017/Session1/Overground_Walk/Walk_Fast/Post_Process/Walk_Fast3.csv,walk_fast,3,train
SA017,Session1,overground,walk,fast,Overground_Walk,Walk_Fast,/home/kwnuk/WKIRO-Project/data/SA017/Session1/Overground_Walk/Walk_Fast/Post_Process/Walk_Fast4.csv,walk_fast,3,train
SA017,Session1,overground,walk,fast,Overground_Walk,Walk_Fast,/home/kwnuk/WKIRO-Project/data/SA017/Session1/Overground_Walk/Walk_Fast/Post_Process/Walk_Fast5.csv,walk_fast,3,test
SA017,Session1,overground,walk,fast,Overground_Walk,Walk_Fast,/home/kwnuk/WKIRO-Project/data/SA017/Session1/Overground_Walk/Walk_Fast/Post_Process/Walk_Fast6.csv,walk_fast,3,train
SA017,Session1,overground,walk,fast,Overground_Walk,Walk_Fast,/home/kwnuk/WKIRO-Project/data/SA017/Session1/Overground_Walk/Walk_Fast/Post_Process/Walk_Fast7.csv,walk_fast,3,train
SA017,Session1,overground,walk,fast,Overground_Walk,Walk_Fast,/home/kwnuk/WKIRO-Project/data/SA017/Session1/Overground_Walk/Walk_Fast/Post_Process/Walk_Fast8.csv,walk_fast,3,train
SA017,Session1,overground,walk,slow,Overground_Walk,Walk_Slow,/home/kwnuk/WKIRO-Project/data/SA017/Session1/Overground_Walk/Walk_Slow/Post_Process/Walk_Slow1.csv,walk_slow,4,val
SA017,Session1,overground,walk,slow,Overground_Walk,Walk_Slow,/home/kwnuk/WKIRO-Project/data/SA017/Session1/Overground_Walk/Walk_Slow/Post_Process/Walk_Slow2.csv,walk_slow,4,train
SA017,Session1,overground,walk,slow,Overground_Walk,Walk_Slow,/home/kwnuk/WKIRO-Project/data/SA017/Session1/Overground_Walk/Walk_Slow/Post_Process/Walk_Slow3.csv,walk_slow,4,train
SA017,Session1,overground,walk,slow,Overground_Walk,Walk_Slow,/home/kwnuk/WKIRO-Project/data/SA017/Session1/Overground_Walk/Walk_Slow/Post_Process/Walk_Slow4.csv,walk_slow,4,train
SA017,Session1,overground,walk,slow,Overground_Walk,Walk_Slow,/home/kwnuk/WKIRO-Project/data/SA017/Session1/Overground_Walk/Walk_Slow/Post_Process/Walk_Slow5.csv,walk_slow,4,train
SA017,Session1,overground,walk,slow,Overground_Walk,Walk_Slow,/home/kwnuk/WKIRO-Project/data/SA017/Session1/Overground_Walk/Walk_Slow/Post_Process/Walk_Slow6.csv,walk_slow,4,train
SA017,Session1,treadmill,run,comfortable,Treadmill_Run,Treadmill_Run_Comfortable,/home/kwnuk/WKIRO-Project/data/SA017/Session1/Treadmill_Run/Treadmill_Run_Comfortable/Post_Process/Treadmill_Run_Comfortable.csv,run_comfortable,0,train
SA017,Session1,treadmill,run,fast,Treadmill_Run,Treadmill_Run_Fast,/home/kwnuk/WKIRO-Project/data/SA017/Session1/Treadmill_Run/Treadmill_Run_Fast/Post_Process/Treadmill_Run_Fast.csv,run_fast,1,train
SA017,Session1,treadmill,walk,comfortable,Treadmill_Walk,Treadmill_Walk_Comfortable,/home/kwnuk/WKIRO-Project/data/SA017/Session1/Treadmill_Walk/Treadmill_Walk_Comfortable/Post_Process/Treadmill_Walk_Comfortable.csv,walk_comfortable,2,train
SA017,Session1,treadmill,walk,fast,Treadmill_Walk,Treadmill_Walk_Fast,/home/kwnuk/WKIRO-Project/data/SA017/Session1/Treadmill_Walk/Treadmill_Walk_Fast/Post_Process/Treadmill_Walk_Fast.csv,walk_fast,3,train
SA017,Session1,treadmill,walk,slow,Treadmill_Walk,Treadmill_Walk_Slow,/home/kwnuk/WKIRO-Project/data/SA017/Session1/Treadmill_Walk/Treadmill_Walk_Slow/Post_Process/Treadmill_Walk_Slow.csv,walk_slow,4,train
SA017,Session2,overground,run,comfortable,Overground_Run,Run_Comfortable,/home/kwnuk/WKIRO-Project/data/SA017/Session2/Overground_Run/Run_Comfortable/Post_Process/Run_Comfortable1.csv,run_comfortable,0,train
SA017,Session2,overground,run,comfortable,Overground_Run,Run_Comfortable,/home/kwnuk/WKIRO-Project/data/SA017/Session2/Overground_Run/Run_Comfortable/Post_Process/Run_Comfortable10.csv,run_comfortable,0,train
SA017,Session2,overground,run,comfortable,Overground_Run,Run_Comfortable,/home/kwnuk/WKIRO-Project/data/SA017/Session2/Overground_Run/Run_Comfortable/Post_Process/Run_Comfortable2.csv,run_comfortable,0,train
SA017,Session2,overground,run,comfortable,Overground_Run,Run_Comfortable,/home/kwnuk/WKIRO-Project/data/SA017/Session2/Overground_Run/Run_Comfortable/Post_Process/Run_Comfortable3.csv,run_comfortable,0,test
SA017,Session2,overground,run,comfortable,Overground_Run,Run_Comfortable,/home/kwnuk/WKIRO-Project/data/SA017/Session2/Overground_Run/Run_Comfortable/Post_Process/Run_Comfortable4.csv,run_comfortable,0,val
SA017,Session2,overground,run,comfortable,Overground_Run,Run_Comfortable,/home/kwnuk/WKIRO-Project/data/SA017/Session2/Overground_Run/Run_Comfortable/Post_Process/Run_Comfortable5.csv,run_comfortable,0,train
SA017,Session2,overground,run,comfortable,Overground_Run,Run_Comfortable,/home/kwnuk/WKIRO-Project/data/SA017/Session2/Overground_Run/Run_Comfortable/Post_Process/Run_Comfortable6.csv,run_comfortable,0,train
SA017,Session2,overground,run,comfortable,Overground_Run,Run_Comfortable,/home/kwnuk/WKIRO-Project/data/SA017/Session2/Overground_Run/Run_Comfortable/Post_Process/Run_Comfortable7.csv,run_comfortable,0,val
SA017,Session2,overground,run,comfortable,Overground_Run,Run_Comfortable,/home/kwnuk/WKIRO-Project/data/SA017/Session2/Overground_Run/Run_Comfortable/Post_Process/Run_Comfortable8.csv,run_comfortable,0,train
SA017,Session2,overground,run,comfortable,Overground_Run,Run_Comfortable,/home/kwnuk/WKIRO-Project/data/SA017/Session2/Overground_Run/Run_Comfortable/Post_Process/Run_Comfortable9.csv,run_comfortable,0,test
SA017,Session2,overground,run,fast,Overground_Run,Run_Fast,/home/kwnuk/WKIRO-Project/data/SA017/Session2/Overground_Run/Run_Fast/Post_Process/Run_Fast1.csv,run_fast,1,train
SA017,Session2,overground,run,fast,Overground_Run,Run_Fast,/home/kwnuk/WKIRO-Project/data/SA017/Session2/Overground_Run/Run_Fast/Post_Process/Run_Fast10.csv,run_fast,1,val
SA017,Session2,overground,run,fast,Overground_Run,Run_Fast,/home/kwnuk/WKIRO-Project/data/SA017/Session2/Overground_Run/Run_Fast/Post_Process/Run_Fast2.csv,run_fast,1,train
SA017,Session2,overground,run,fast,Overground_Run,Run_Fast,/home/kwnuk/WKIRO-Project/data/SA017/Session2/Overground_Run/Run_Fast/Post_Process/Run_Fast3.csv,run_fast,1,train
SA017,Session2,overground,run,fast,Overground_Run,Run_Fast,/home/kwnuk/WKIRO-Project/data/SA017/Session2/Overground_Run/Run_Fast/Post_Process/Run_Fast4.csv,run_fast,1,train
SA017,Session2,overground,run,fast,Overground_Run,Run_Fast,/home/kwnuk/WKIRO-Project/data/SA017/Session2/Overground_Run/Run_Fast/Post_Process/Run_Fast5.csv,run_fast,1,train
SA017,Session2,overground,run,fast,Overground_Run,Run_Fast,/home/kwnuk/WKIRO-Project/data/SA017/Session2/Overground_Run/Run_Fast/Post_Process/Run_Fast6.csv,run_fast,1,val
SA017,Session2,overground,run,fast,Overground_Run,Run_Fast,/home/kwnuk/WKIRO-Project/data/SA017/Session2/Overground_Run/Run_Fast/Post_Process/Run_Fast7.csv,run_fast,1,val
SA017,Session2,overground,run,fast,Overground_Run,Run_Fast,/home/kwnuk/WKIRO-Project/data/SA017/Session2/Overground_Run/Run_Fast/Post_Process/Run_Fast8.csv,run_fast,1,train
SA017,Session2,overground,run,fast,Overground_Run,Run_Fast,/home/kwnuk/WKIRO-Project/data/SA017/Session2/Overground_Run/Run_Fast/Post_Process/Run_Fast9.csv,run_fast,1,train
SA017,Session2,overground,walk,comfortable,Overground_Walk,Walk_Comfortable,/home/kwnuk/WKIRO-Project/data/SA017/Session2/Overground_Walk/Walk_Comfortable/Post_Process/Walk_Comfortable1.csv,walk_comfortable,2,train
SA017,Session2,overground,walk,comfortable,Overground_Walk,Walk_Comfortable,/home/kwnuk/WKIRO-Project/data/SA017/Session2/Overground_Walk/Walk_Comfortable/Post_Process/Walk_Comfortable2.csv,walk_comfortable,2,train
SA017,Session2,overground,walk,comfortable,Overground_Walk,Walk_Comfortable,/home/kwnuk/WKIRO-Project/data/SA017/Session2/Overground_Walk/Walk_Comfortable/Post_Process/Walk_Comfortable3.csv,walk_comfortable,2,val
SA017,Session2,overground,walk,comfortable,Overground_Walk,Walk_Comfortable,/home/kwnuk/WKIRO-Project/data/SA017/Session2/Overground_Walk/Walk_Comfortable/Post_Process/Walk_Comfortable4.csv,walk_comfortable,2,test
SA017,Session2,overground,walk,comfortable,Overground_Walk,Walk_Comfortable,/home/kwnuk/WKIRO-Project/data/SA017/Session2/Overground_Walk/Walk_Comfortable/Post_Process/Walk_Comfortable5.csv,walk_comfortable,2,val
SA017,Session2,overground,walk,comfortable,Overground_Walk,Walk_Comfortable,/home/kwnuk/WKIRO-Project/data/SA017/Session2/Overground_Walk/Walk_Comfortable/Post_Process/Walk_Comfortable6.csv,walk_comfortable,2,train
SA017,Session2,overground,walk,fast,Overground_Walk,Walk_Fast,/home/kwnuk/WKIRO-Project/data/SA017/Session2/Overground_Walk/Walk_Fast/Post_Process/Walk_Fast1.csv,walk_fast,3,val
SA017,Session2,overground,walk,fast,Overground_Walk,Walk_Fast,/home/kwnuk/WKIRO-Project/data/SA017/Session2/Overground_Walk/Walk_Fast/Post_Process/Walk_Fast2.csv,walk_fast,3,train
SA017,Session2,overground,walk,fast,Overground_Walk,Walk_Fast,/home/kwnuk/WKIRO-Project/data/SA017/Session2/Overground_Walk/Walk_Fast/Post_Process/Walk_Fast3.csv,walk_fast,3,train
SA017,Session2,overground,walk,fast,Overground_Walk,Walk_Fast,/home/kwnuk/WKIRO-Project/data/SA017/Session2/Overground_Walk/Walk_Fast/Post_Process/Walk_Fast4.csv,walk_fast,3,train
SA017,Session2,overground,walk,fast,Overground_Walk,Walk_Fast,/home/kwnuk/WKIRO-Project/data/SA017/Session2/Overground_Walk/Walk_Fast/Post_Process/Walk_Fast5.csv,walk_fast,3,train
SA017,Session2,overground,walk,fast,Overground_Walk,Walk_Fast,/home/kwnuk/WKIRO-Project/data/SA017/Session2/Overground_Walk/Walk_Fast/Post_Process/Walk_Fast6.csv,walk_fast,3,train
SA017,Session2,overground,walk,fast,Overground_Walk,Walk_Fast,/home/kwnuk/WKIRO-Project/data/SA017/Session2/Overground_Walk/Walk_Fast/Post_Process/Walk_Fast7.csv,walk_fast,3,train
SA017,Session2,overground,walk,fast,Overground_Walk,Walk_Fast,/home/kwnuk/WKIRO-Project/data/SA017/Session2/Overground_Walk/Walk_Fast/Post_Process/Walk_Fast8.csv,walk_fast,3,test
SA017,Session2,overground,walk,slow,Overground_Walk,Walk_Slow,/home/kwnuk/WKIRO-Project/data/SA017/Session2/Overground_Walk/Walk_Slow/Post_Process/Walk_Slow1.csv,walk_slow,4,train
SA017,Session2,overground,walk,slow,Overground_Walk,Walk_Slow,/home/kwnuk/WKIRO-Project/data/SA017/Session2/Overground_Walk/Walk_Slow/Post_Process/Walk_Slow2.csv,walk_slow,4,train
SA017,Session2,overground,walk,slow,Overground_Walk,Walk_Slow,/home/kwnuk/WKIRO-Project/data/SA017/Session2/Overground_Walk/Walk_Slow/Post_Process/Walk_Slow3.csv,walk_slow,4,train
SA017,Session2,overground,walk,slow,Overground_Walk,Walk_Slow,/home/kwnuk/WKIRO-Project/data/SA017/Session2/Overground_Walk/Walk_Slow/Post_Process/Walk_Slow4.csv,walk_slow,4,test
SA017,Session2,overground,walk,slow,Overground_Walk,Walk_Slow,/home/kwnuk/WKIRO-Project/data/SA017/Session2/Overground_Walk/Walk_Slow/Post_Process/Walk_Slow5.csv,walk_slow,4,train
SA017,Session2,overground,walk,slow,Overground_Walk,Walk_Slow,/home/kwnuk/WKIRO-Project/data/SA017/Session2/Overground_Walk/Walk_Slow/Post_Process/Walk_Slow6.csv,walk_slow,4,val
SA017,Session2,overground,walk,slow,Overground_Walk,Walk_Slow,/home/kwnuk/WKIRO-Project/data/SA017/Session2/Overground_Walk/Walk_Slow/Post_Process/Walk_Slow7.csv,walk_slow,4,test
SA017,Session2,overground,walk,slow,Overground_Walk,Walk_Slow,/home/kwnuk/WKIRO-Project/data/SA017/Session2/Overground_Walk/Walk_Slow/Post_Process/Walk_Slow8.csv,walk_slow,4,train
SA017,Session2,treadmill,run,comfortable,Treadmill_Run,Treadmill_Run_Comfortable,/home/kwnuk/WKIRO-Project/data/SA017/Session2/Treadmill_Run/Treadmill_Run_Comfortable/Post_Process/Treadmill_Run_Comfortable.csv,run_comfortable,0,train
SA017,Session2,treadmill,run,fast,Treadmill_Run,Treadmill_Run_Fast,/home/kwnuk/WKIRO-Project/data/SA017/Session2/Treadmill_Run/Treadmill_Run_Fast/Post_Process/Treadmill_Run_Fast.csv,run_fast,1,train
SA017,Session2,treadmill,walk,comfortable,Treadmill_Walk,Treadmill_Walk_Comfortable,/home/kwnuk/WKIRO-Project/data/SA017/Session2/Treadmill_Walk/Treadmill_Walk_Comfortable/Post_Process/Treadmill_Walk_Comfortable.csv,walk_comfortable,2,val
SA017,Session2,treadmill,walk,fast,Treadmill_Walk,Treadmill_Walk_Fast,/home/kwnuk/WKIRO-Project/data/SA017/Session2/Treadmill_Walk/Treadmill_Walk_Fast/Post_Process/Treadmill_Walk_Fast.csv,walk_fast,3,test
SA017,Session2,treadmill,walk,slow,Treadmill_Walk,Treadmill_Walk_Slow,/home/kwnuk/WKIRO-Project/data/SA017/Session2/Treadmill_Walk/Treadmill_Walk_Slow/Post_Process/Treadmill_Walk_Slow.csv,walk_slow,4,val
SM019,Session1,overground,run,comfortable,Overground_Run,Run_Comfortable,/home/kwnuk/WKIRO-Project/data/SM019/Session1/Overground_Run/Run_Comfortable/Post_Process/Run_Comfortable1.csv,run_comfortable,0,test
SM019,Session1,overground,run,comfortable,Overground_Run,Run_Comfortable,/home/kwnuk/WKIRO-Project/data/SM019/Session1/Overground_Run/Run_Comfortable/Post_Process/Run_Comfortable10.csv,run_comfortable,0,val
SM019,Session1,overground,run,comfortable,Overground_Run,Run_Comfortable,/home/kwnuk/WKIRO-Project/data/SM019/Session1/Overground_Run/Run_Comfortable/Post_Process/Run_Comfortable2.csv,run_comfortable,0,test
SM019,Session1,overground,run,comfortable,Overground_Run,Run_Comfortable,/home/kwnuk/WKIRO-Project/data/SM019/Session1/Overground_Run/Run_Comfortable/Post_Process/Run_Comfortable3.csv,run_comfortable,0,train
SM019,Session1,overground,run,comfortable,Overground_Run,Run_Comfortable,/home/kwnuk/WKIRO-Project/data/SM019/Session1/Overground_Run/Run_Comfortable/Post_Process/Run_Comfortable4.csv,run_comfortable,0,train
SM019,Session1,overground,run,comfortable,Overground_Run,Run_Comfortable,/home/kwnuk/WKIRO-Project/data/SM019/Session1/Overground_Run/Run_Comfortable/Post_Process/Run_Comfortable5.csv,run_comfortable,0,train
SM019,Session1,overground,run,comfortable,Overground_Run,Run_Comfortable,/home/kwnuk/WKIRO-Project/data/SM019/Session1/Overground_Run/Run_Comfortable/Post_Process/Run_Comfortable6.csv,run_comfortable,0,train
SM019,Session1,overground,run,comfortable,Overground_Run,Run_Comfortable,/home/kwnuk/WKIRO-Project/data/SM019/Session1/Overground_Run/Run_Comfortable/Post_Process/Run_Comfortable7.csv,run_comfortable,0,test
SM019,Session1,overground,run,comfortable,Overground_Run,Run_Comfortable,/home/kwnuk/WKIRO-Project/data/SM019/Session1/Overground_Run/Run_Comfortable/Post_Process/Run_Comfortable8.csv,run_comfortable,0,val
SM019,Session1,overground,run,comfortable,Overground_Run,Run_Comfortable,/home/kwnuk/WKIRO-Project/data/SM019/Session1/Overground_Run/Run_Comfortable/Post_Process/Run_Comfortable9.csv,run_comfortable,0,train
SM019,Session1,overground,run,fast,Overground_Run,Run_Fast,/home/kwnuk/WKIRO-Project/data/SM019/Session1/Overground_Run/Run_Fast/Post_Process/Run_Fast1.csv,run_fast,1,train
SM019,Session1,overground,run,fast,Overground_Run,Run_Fast,/home/kwnuk/WKIRO-Project/data/SM019/Session1/Overground_Run/Run_Fast/Post_Process/Run_Fast10.csv,run_fast,1,val
SM019,Session1,overground,run,fast,Overground_Run,Run_Fast,/home/kwnuk/WKIRO-Project/data/SM019/Session1/Overground_Run/Run_Fast/Post_Process/Run_Fast2.csv,run_fast,1,train
SM019,Session1,overground,run,fast,Overground_Run,Run_Fast,/home/kwnuk/WKIRO-Project/data/SM019/Session1/Overground_Run/Run_Fast/Post_Process/Run_Fast3.csv,run_fast,1,train
SM019,Session1,overground,run,fast,Overground_Run,Run_Fast,/home/kwnuk/WKIRO-Project/data/SM019/Session1/Overground_Run/Run_Fast/Post_Process/Run_Fast4.csv,run_fast,1,train
SM019,Session1,overground,run,fast,Overground_Run,Run_Fast,/home/kwnuk/WKIRO-Project/data/SM019/Session1/Overground_Run/Run_Fast/Post_Process/Run_Fast5.csv,run_fast,1,train
SM019,Session1,overground,run,fast,Overground_Run,Run_Fast,/home/kwnuk/WKIRO-Project/data/SM019/Session1/Overground_Run/Run_Fast/Post_Process/Run_Fast6.csv,run_fast,1,test
SM019,Session1,overground,run,fast,Overground_Run,Run_Fast,/home/kwnuk/WKIRO-Project/data/SM019/Session1/Overground_Run/Run_Fast/Post_Process/Run_Fast7.csv,run_fast,1,train
SM019,Session1,overground,run,fast,Overground_Run,Run_Fast,/home/kwnuk/WKIRO-Project/data/SM019/Session1/Overground_Run/Run_Fast/Post_Process/Run_Fast8.csv,run_fast,1,train
SM019,Session1,overground,run,fast,Overground_Run,Run_Fast,/home/kwnuk/WKIRO-Project/data/SM019/Session1/Overground_Run/Run_Fast/Post_Process/Run_Fast9.csv,run_fast,1,val
SM019,Session1,overground,walk,comfortable,Overground_Walk,Walk_Comfortable,/home/kwnuk/WKIRO-Project/data/SM019/Session1/Overground_Walk/Walk_Comfortable/Post_Process/Walk_Comfortable1.csv,walk_comfortable,2,train
SM019,Session1,overground,walk,comfortable,Overground_Walk,Walk_Comfortable,/home/kwnuk/WKIRO-Project/data/SM019/Session1/Overground_Walk/Walk_Comfortable/Post_Process/Walk_Comfortable2.csv,walk_comfortable,2,train
SM019,Session1,overground,walk,comfortable,Overground_Walk,Walk_Comfortable,/home/kwnuk/WKIRO-Project/data/SM019/Session1/Overground_Walk/Walk_Comfortable/Post_Process/Walk_Comfortable3.csv,walk_comfortable,2,test
SM019,Session1,overground,walk,comfortable,Overground_Walk,Walk_Comfortable,/home/kwnuk/WKIRO-Project/data/SM019/Session1/Overground_Walk/Walk_Comfortable/Post_Process/Walk_Comfortable4.csv,walk_comfortable,2,train
SM019,Session1,overground,walk,comfortable,Overground_Walk,Walk_Comfortable,/home/kwnuk/WKIRO-Project/data/SM019/Session1/Overground_Walk/Walk_Comfortable/Post_Process/Walk_Comfortable5.csv,walk_comfortable,2,train
SM019,Session1,overground,walk,comfortable,Overground_Walk,Walk_Comfortable,/home/kwnuk/WKIRO-Project/data/SM019/Session1/Overground_Walk/Walk_Comfortable/Post_Process/Walk_Comfortable6.csv,walk_comfortable,2,train
SM019,Session1,overground,walk,comfortable,Overground_Walk,Walk_Comfortable,/home/kwnuk/WKIRO-Project/data/SM019/Session1/Overground_Walk/Walk_Comfortable/Post_Process/Walk_Comfortable7.csv,walk_comfortable,2,test
SM019,Session1,overground,walk,comfortable,Overground_Walk,Walk_Comfortable,/home/kwnuk/WKIRO-Project/data/SM019/Session1/Overground_Walk/Walk_Comfortable/Post_Process/Walk_Comfortable8.csv,walk_comfortable,2,train
SM019,Session1,overground,walk,fast,Overground_Walk,Walk_Fast,/home/kwnuk/WKIRO-Project/data/SM019/Session1/Overground_Walk/Walk_Fast/Post_Process/Walk_Fast1.csv,walk_fast,3,val
SM019,Session1,overground,walk,fast,Overground_Walk,Walk_Fast,/home/kwnuk/WKIRO-Project/data/SM019/Session1/Overground_Walk/Walk_Fast/Post_Process/Walk_Fast2.csv,walk_fast,3,train
SM019,Session1,overground,walk,fast,Overground_Walk,Walk_Fast,/home/kwnuk/WKIRO-Project/data/SM019/Session1/Overground_Walk/Walk_Fast/Post_Process/Walk_Fast3.csv,walk_fast,3,test
SM019,Session1,overground,walk,fast,Overground_Walk,Walk_Fast,/home/kwnuk/WKIRO-Project/data/SM019/Session1/Overground_Walk/Walk_Fast/Post_Process/Walk_Fast4.csv,walk_fast,3,test
SM019,Session1,overground,walk,fast,Overground_Walk,Walk_Fast,/home/kwnuk/WKIRO-Project/data/SM019/Session1/Overground_Walk/Walk_Fast/Post_Process/Walk_Fast5.csv,walk_fast,3,val
SM019,Session1,overground,walk,fast,Overground_Walk,Walk_Fast,/home/kwnuk/WKIRO-Project/data/SM019/Session1/Overground_Walk/Walk_Fast/Post_Process/Walk_Fast6.csv,walk_fast,3,val
SM019,Session1,overground,walk,fast,Overground_Walk,Walk_Fast,/home/kwnuk/WKIRO-Project/data/SM019/Session1/Overground_Walk/Walk_Fast/Post_Process/Walk_Fast7.csv,walk_fast,3,train
SM019,Session1,overground,walk,fast,Overground_Walk,Walk_Fast,/home/kwnuk/WKIRO-Project/data/SM019/Session1/Overground_Walk/Walk_Fast/Post_Process/Walk_Fast8.csv,walk_fast,3,train
SM019,Session1,overground,walk,slow,Overground_Walk,Walk_Slow,/home/kwnuk/WKIRO-Project/data/SM019/Session1/Overground_Walk/Walk_Slow/Post_Process/Walk_Slow1.csv,walk_slow,4,train
SM019,Session1,overground,walk,slow,Overground_Walk,Walk_Slow,/home/kwnuk/WKIRO-Project/data/SM019/Session1/Overground_Walk/Walk_Slow/Post_Process/Walk_Slow2.csv,walk_slow,4,train
SM019,Session1,overground,walk,slow,Overground_Walk,Walk_Slow,/home/kwnuk/WKIRO-Project/data/SM019/Session1/Overground_Walk/Walk_Slow/Post_Process/Walk_Slow3.csv,walk_slow,4,val
SM019,Session1,overground,walk,slow,Overground_Walk,Walk_Slow,/home/kwnuk/WKIRO-Project/data/SM019/Session1/Overground_Walk/Walk_Slow/Post_Process/Walk_Slow4.csv,walk_slow,4,train
SM019,Session1,overground,walk,slow,Overground_Walk,Walk_Slow,/home/kwnuk/WKIRO-Project/data/SM019/Session1/Overground_Walk/Walk_Slow/Post_Process/Walk_Slow5.csv,walk_slow,4,test
SM019,Session1,overground,walk,slow,Overground_Walk,Walk_Slow,/home/kwnuk/WKIRO-Project/data/SM019/Session1/Overground_Walk/Walk_Slow/Post_Process/Walk_Slow6.csv,walk_slow,4,train
SM019,Session1,overground,walk,slow,Overground_Walk,Walk_Slow,/home/kwnuk/WKIRO-Project/data/SM019/Session1/Overground_Walk/Walk_Slow/Post_Process/Walk_Slow7.csv,walk_slow,4,train
SM019,Session1,overground,walk,slow,Overground_Walk,Walk_Slow,/home/kwnuk/WKIRO-Project/data/SM019/Session1/Overground_Walk/Walk_Slow/Post_Process/Walk_Slow8.csv,walk_slow,4,test
SM019,Session1,treadmill,run,comfortable,Treadmill_Run,Treadmill_Run_Comfortable,/home/kwnuk/WKIRO-Project/data/SM019/Session1/Treadmill_Run/Treadmill_Run_Comfortable/Post_Process/Treadmill_Run_Comfortable.csv,run_comfortable,0,val
SM019,Session1,treadmill,run,fast,Treadmill_Run,Treadmill_Run_Fast,/home/kwnuk/WKIRO-Project/data/SM019/Session1/Treadmill_Run/Treadmill_Run_Fast/Post_Process/Treadmill_Run_Fast.csv,run_fast,1,train
SM019,Session1,treadmill,walk,comfortable,Treadmill_Walk,Treadmill_Walk_Comfortable,/home/kwnuk/WKIRO-Project/data/SM019/Session1/Treadmill_Walk/Treadmill_Walk_Comfortable/Post_Process/Treadmill_Walk_Comfortable.csv,walk_comfortable,2,train
SM019,Session1,treadmill,walk,fast,Treadmill_Walk,Treadmill_Walk_Fast,/home/kwnuk/WKIRO-Project/data/SM019/Session1/Treadmill_Walk/Treadmill_Walk_Fast/Post_Process/Treadmill_Walk_Fast.csv,walk_fast,3,test
SM019,Session1,treadmill,walk,slow,Treadmill_Walk,Treadmill_Walk_Slow,/home/kwnuk/WKIRO-Project/data/SM019/Session1/Treadmill_Walk/Treadmill_Walk_Slow/Post_Process/Treadmill_Walk_Slow.csv,walk_slow,4,train
SM019,Session2,overground,run,comfortable,Overground_Run,Run_Comfortable,/home/kwnuk/WKIRO-Project/data/SM019/Session2/Overground_Run/Run_Comfortable/Post_Process/Run_Comfortable1.csv,run_comfortable,0,train
SM019,Session2,overground,run,comfortable,Overground_Run,Run_Comfortable,/home/kwnuk/WKIRO-Project/data/SM019/Session2/Overground_Run/Run_Comfortable/Post_Process/Run_Comfortable2.csv,run_comfortable,0,train
SM019,Session2,overground,run,comfortable,Overground_Run,Run_Comfortable,/home/kwnuk/WKIRO-Project/data/SM019/Session2/Overground_Run/Run_Comfortable/Post_Process/Run_Comfortable3.csv,run_comfortable,0,train
SM019,Session2,overground,run,comfortable,Overground_Run,Run_Comfortable,/home/kwnuk/WKIRO-Project/data/SM019/Session2/Overground_Run/Run_Comfortable/Post_Process/Run_Comfortable4.csv,run_comfortable,0,train
SM019,Session2,overground,run,comfortable,Overground_Run,Run_Comfortable,/home/kwnuk/WKIRO-Project/data/SM019/Session2/Overground_Run/Run_Comfortable/Post_Process/Run_Comfortable5.csv,run_comfortable,0,train
SM019,Session2,overground,run,comfortable,Overground_Run,Run_Comfortable,/home/kwnuk/WKIRO-Project/data/SM019/Session2/Overground_Run/Run_Comfortable/Post_Process/Run_Comfortable6.csv,run_comfortable,0,train
SM019,Session2,overground,run,comfortable,Overground_Run,Run_Comfortable,/home/kwnuk/WKIRO-Project/data/SM019/Session2/Overground_Run/Run_Comfortable/Post_Process/Run_Comfortable7.csv,run_comfortable,0,train
SM019,Session2,overground,run,comfortable,Overground_Run,Run_Comfortable,/home/kwnuk/WKIRO-Project/data/SM019/Session2/Overground_Run/Run_Comfortable/Post_Process/Run_Comfortable8.csv,run_comfortable,0,train
SM019,Session2,overground,run,fast,Overground_Run,Run_Fast,/home/kwnuk/WKIRO-Project/data/SM019/Session2/Overground_Run/Run_Fast/Post_Process/Run_Fast1.csv,run_fast,1,train
SM019,Session2,overground,run,fast,Overground_Run,Run_Fast,/home/kwnuk/WKIRO-Project/data/SM019/Session2/Overground_Run/Run_Fast/Post_Process/Run_Fast10.csv,run_fast,1,train
SM019,Session2,overground,run,fast,Overground_Run,Run_Fast,/home/kwnuk/WKIRO-Project/data/SM019/Session2/Overground_Run/Run_Fast/Post_Process/Run_Fast2.csv,run_fast,1,val
SM019,Session2,overground,run,fast,Overground_Run,Run_Fast,/home/kwnuk/WKIRO-Project/data/SM019/Session2/Overground_Run/Run_Fast/Post_Process/Run_Fast3.csv,run_fast,1,train
SM019,Session2,overground,run,fast,Overground_Run,Run_Fast,/home/kwnuk/WKIRO-Project/data/SM019/Session2/Overground_Run/Run_Fast/Post_Process/Run_Fast4.csv,run_fast,1,train
SM019,Session2,overground,run,fast,Overground_Run,Run_Fast,/home/kwnuk/WKIRO-Project/data/SM019/Session2/Overground_Run/Run_Fast/Post_Process/Run_Fast5.csv,run_fast,1,train
SM019,Session2,overground,run,fast,Overground_Run,Run_Fast,/home/kwnuk/WKIRO-Project/data/SM019/Session2/Overground_Run/Run_Fast/Post_Process/Run_Fast6.csv,run_fast,1,test
SM019,Session2,overground,run,fast,Overground_Run,Run_Fast,/home/kwnuk/WKIRO-Project/data/SM019/Session2/Overground_Run/Run_Fast/Post_Process/Run_Fast7.csv,run_fast,1,train
SM019,Session2,overground,run,fast,Overground_Run,Run_Fast,/home/kwnuk/WKIRO-Project/data/SM019/Session2/Overground_Run/Run_Fast/Post_Process/Run_Fast8.csv,run_fast,1,train
SM019,Session2,overground,run,fast,Overground_Run,Run_Fast,/home/kwnuk/WKIRO-Project/data/SM019/Session2/Overground_Run/Run_Fast/Post_Process/Run_Fast9.csv,run_fast,1,train
SM019,Session2,overground,walk,comfortable,Overground_Walk,Walk_Comfortable,/home/kwnuk/WKIRO-Project/data/SM019/Session2/Overground_Walk/Walk_Comfortable/Post_Process/Walk_Comfortable1.csv,walk_comfortable,2,val
SM019,Session2,overground,walk,comfortable,Overground_Walk,Walk_Comfortable,/home/kwnuk/WKIRO-Project/data/SM019/Session2/Overground_Walk/Walk_Comfortable/Post_Process/Walk_Comfortable2.csv,walk_comfortable,2,val
SM019,Session2,overground,walk,comfortable,Overground_Walk,Walk_Comfortable,/home/kwnuk/WKIRO-Project/data/SM019/Session2/Overground_Walk/Walk_Comfortable/Post_Process/Walk_Comfortable3.csv,walk_comfortable,2,train
SM019,Session2,overground,walk,comfortable,Overground_Walk,Walk_Comfortable,/home/kwnuk/WKIRO-Project/data/SM019/Session2/Overground_Walk/Walk_Comfortable/Post_Process/Walk_Comfortable4.csv,walk_comfortable,2,val
SM019,Session2,overground,walk,comfortable,Overground_Walk,Walk_Comfortable,/home/kwnuk/WKIRO-Project/data/SM019/Session2/Overground_Walk/Walk_Comfortable/Post_Process/Walk_Comfortable5.csv,walk_comfortable,2,train
SM019,Session2,overground,walk,comfortable,Overground_Walk,Walk_Comfortable,/home/kwnuk/WKIRO-Project/data/SM019/Session2/Overground_Walk/Walk_Comfortable/Post_Process/Walk_Comfortable6.csv,walk_comfortable,2,train
SM019,Session2,overground,walk,comfortable,Overground_Walk,Walk_Comfortable,/home/kwnuk/WKIRO-Project/data/SM019/Session2/Overground_Walk/Walk_Comfortable/Post_Process/Walk_Comfortable7.csv,walk_comfortable,2,train
SM019,Session2,overground,walk,comfortable,Overground_Walk,Walk_Comfortable,/home/kwnuk/WKIRO-Project/data/SM019/Session2/Overground_Walk/Walk_Comfortable/Post_Process/Walk_Comfortable8.csv,walk_comfortable,2,test
SM019,Session2,overground,walk,fast,Overground_Walk,Walk_Fast,/home/kwnuk/WKIRO-Project/data/SM019/Session2/Overground_Walk/Walk_Fast/Post_Process/Walk_Fast1.csv,walk_fast,3,train
SM019,Session2,overground,walk,fast,Overground_Walk,Walk_Fast,/home/kwnuk/WKIRO-Project/data/SM019/Session2/Overground_Walk/Walk_Fast/Post_Process/Walk_Fast2.csv,walk_fast,3,train
SM019,Session2,overground,walk,fast,Overground_Walk,Walk_Fast,/home/kwnuk/WKIRO-Project/data/SM019/Session2/Overground_Walk/Walk_Fast/Post_Process/Walk_Fast3.csv,walk_fast,3,train
SM019,Session2,overground,walk,fast,Overground_Walk,Walk_Fast,/home/kwnuk/WKIRO-Project/data/SM019/Session2/Overground_Walk/Walk_Fast/Post_Process/Walk_Fast4.csv,walk_fast,3,train
SM019,Session2,overground,walk,fast,Overground_Walk,Walk_Fast,/home/kwnuk/WKIRO-Project/data/SM019/Session2/Overground_Walk/Walk_Fast/Post_Process/Walk_Fast5.csv,walk_fast,3,train
SM019,Session2,overground,walk,fast,Overground_Walk,Walk_Fast,/home/kwnuk/WKIRO-Project/data/SM019/Session2/Overground_Walk/Walk_Fast/Post_Process/Walk_Fast6.csv,walk_fast,3,train
SM019,Session2,overground,walk,fast,Overground_Walk,Walk_Fast,/home/kwnuk/WKIRO-Project/data/SM019/Session2/Overground_Walk/Walk_Fast/Post_Process/Walk_Fast7.csv,walk_fast,3,train
SM019,Session2,overground,walk,fast,Overground_Walk,Walk_Fast,/home/kwnuk/WKIRO-Project/data/SM019/Session2/Overground_Walk/Walk_Fast/Post_Process/Walk_Fast8.csv,walk_fast,3,train
SM019,Session2,overground,walk,slow,Overground_Walk,Walk_Slow,/home/kwnuk/WKIRO-Project/data/SM019/Session2/Overground_Walk/Walk_Slow/Post_Process/Walk_Slow1.csv,walk_slow,4,val
SM019,Session2,overground,walk,slow,Overground_Walk,Walk_Slow,/home/kwnuk/WKIRO-Project/data/SM019/Session2/Overground_Walk/Walk_Slow/Post_Process/Walk_Slow2.csv,walk_slow,4,train
SM019,Session2,overground,walk,slow,Overground_Walk,Walk_Slow,/home/kwnuk/WKIRO-Project/data/SM019/Session2/Overground_Walk/Walk_Slow/Post_Process/Walk_Slow3.csv,walk_slow,4,train
SM019,Session2,overground,walk,slow,Overground_Walk,Walk_Slow,/home/kwnuk/WKIRO-Project/data/SM019/Session2/Overground_Walk/Walk_Slow/Post_Process/Walk_Slow4.csv,walk_slow,4,val
SM019,Session2,overground,walk,slow,Overground_Walk,Walk_Slow,/home/kwnuk/WKIRO-Project/data/SM019/Session2/Overground_Walk/Walk_Slow/Post_Process/Walk_Slow5.csv,walk_slow,4,train
SM019,Session2,overground,walk,slow,Overground_Walk,Walk_Slow,/home/kwnuk/WKIRO-Project/data/SM019/Session2/Overground_Walk/Walk_Slow/Post_Process/Walk_Slow6.csv,walk_slow,4,train
SM019,Session2,overground,walk,slow,Overground_Walk,Walk_Slow,/home/kwnuk/WKIRO-Project/data/SM019/Session2/Overground_Walk/Walk_Slow/Post_Process/Walk_Slow7.csv,walk_slow,4,train
SM019,Session2,overground,walk,slow,Overground_Walk,Walk_Slow,/home/kwnuk/WKIRO-Project/data/SM019/Session2/Overground_Walk/Walk_Slow/Post_Process/Walk_Slow8.csv,walk_slow,4,train
SM019,Session2,treadmill,run,comfortable,Treadmill_Run,Treadmill_Run_Comfortable,/home/kwnuk/WKIRO-Project/data/SM019/Session2/Treadmill_Run/Treadmill_Run_Comfortable/Post_Process/Treadmill_Run_Comfortable.csv,run_comfortable,0,train
SM019,Session2,treadmill,run,fast,Treadmill_Run,Treadmill_Run_Fast,/home/kwnuk/WKIRO-Project/data/SM019/Session2/Treadmill_Run/Treadmill_Run_Fast/Post_Process/Treadmill_Run_Fast.csv,run_fast,1,test
SM019,Session2,treadmill,walk,comfortable,Treadmill_Walk,Treadmill_Walk_Comfortable,/home/kwnuk/WKIRO-Project/data/SM019/Session2/Treadmill_Walk/Treadmill_Walk_Comfortable/Post_Process/Treadmill_Walk_Comfortable.csv,walk_comfortable,2,train
SM019,Session2,treadmill,walk,fast,Treadmill_Walk,Treadmill_Walk_Fast,/home/kwnuk/WKIRO-Project/data/SM019/Session2/Treadmill_Walk/Treadmill_Walk_Fast/Post_Process/Treadmill_Walk_Fast.csv,walk_fast,3,train
SM019,Session2,treadmill,walk,slow,Treadmill_Walk,Treadmill_Walk_Slow,/home/kwnuk/WKIRO-Project/data/SM019/Session2/Treadmill_Walk/Treadmill_Walk_Slow/Post_Process/Treadmill_Walk_Slow.csv,walk_slow,4,test
TB030,Session1,overground,run,comfortable,Overground_Run,Run_Comfortable,/home/kwnuk/WKIRO-Project/data/TB030/Session1/Overground_Run/Run_Comfortable/Post_Process/Run_Comfortable1.csv,run_comfortable,0,train
TB030,Session1,overground,run,comfortable,Overground_Run,Run_Comfortable,/home/kwnuk/WKIRO-Project/data/TB030/Session1/Overground_Run/Run_Comfortable/Post_Process/Run_Comfortable10.csv,run_comfortable,0,val
TB030,Session1,overground,run,comfortable,Overground_Run,Run_Comfortable,/home/kwnuk/WKIRO-Project/data/TB030/Session1/Overground_Run/Run_Comfortable/Post_Process/Run_Comfortable2.csv,run_comfortable,0,train
TB030,Session1,overground,run,comfortable,Overground_Run,Run_Comfortable,/home/kwnuk/WKIRO-Project/data/TB030/Session1/Overground_Run/Run_Comfortable/Post_Process/Run_Comfortable3.csv,run_comfortable,0,test
TB030,Session1,overground,run,comfortable,Overground_Run,Run_Comfortable,/home/kwnuk/WKIRO-Project/data/TB030/Session1/Overground_Run/Run_Comfortable/Post_Process/Run_Comfortable4.csv,run_comfortable,0,train
TB030,Session1,overground,run,comfortable,Overground_Run,Run_Comfortable,/home/kwnuk/WKIRO-Project/data/TB030/Session1/Overground_Run/Run_Comfortable/Post_Process/Run_Comfortable5.csv,run_comfortable,0,train
TB030,Session1,overground,run,comfortable,Overground_Run,Run_Comfortable,/home/kwnuk/WKIRO-Project/data/TB030/Session1/Overground_Run/Run_Comfortable/Post_Process/Run_Comfortable6.csv,run_comfortable,0,train
TB030,Session1,overground,run,comfortable,Overground_Run,Run_Comfortable,/home/kwnuk/WKIRO-Project/data/TB030/Session1/Overground_Run/Run_Comfortable/Post_Process/Run_Comfortable7.csv,run_comfortable,0,val
TB030,Session1,overground,run,comfortable,Overground_Run,Run_Comfortable,/home/kwnuk/WKIRO-Project/data/TB030/Session1/Overground_Run/Run_Comfortable/Post_Process/Run_Comfortable8.csv,run_comfortable,0,train
TB030,Session1,overground,run,comfortable,Overground_Run,Run_Comfortable,/home/kwnuk/WKIRO-Project/data/TB030/Session1/Overground_Run/Run_Comfortable/Post_Process/Run_Comfortable9.csv,run_comfortable,0,train
TB030,Session1,overground,run,fast,Overground_Run,Run_Fast,/home/kwnuk/WKIRO-Project/data/TB030/Session1/Overground_Run/Run_Fast/Post_Process/Run_Fast1.csv,run_fast,1,train
TB030,Session1,overground,run,fast,Overground_Run,Run_Fast,/home/kwnuk/WKIRO-Project/data/TB030/Session1/Overground_Run/Run_Fast/Post_Process/Run_Fast10.csv,run_fast,1,train
TB030,Session1,overground,run,fast,Overground_Run,Run_Fast,/home/kwnuk/WKIRO-Project/data/TB030/Session1/Overground_Run/Run_Fast/Post_Process/Run_Fast2.csv,run_fast,1,train
TB030,Session1,overground,run,fast,Overground_Run,Run_Fast,/home/kwnuk/WKIRO-Project/data/TB030/Session1/Overground_Run/Run_Fast/Post_Process/Run_Fast3.csv,run_fast,1,train
TB030,Session1,overground,run,fast,Overground_Run,Run_Fast,/home/kwnuk/WKIRO-Project/data/TB030/Session1/Overground_Run/Run_Fast/Post_Process/Run_Fast4.csv,run_fast,1,train
TB030,Session1,overground,run,fast,Overground_Run,Run_Fast,/home/kwnuk/WKIRO-Project/data/TB030/Session1/Overground_Run/Run_Fast/Post_Process/Run_Fast5.csv,run_fast,1,train
TB030,Session1,overground,run,fast,Overground_Run,Run_Fast,/home/kwnuk/WKIRO-Project/data/TB030/Session1/Overground_Run/Run_Fast/Post_Process/Run_Fast6.csv,run_fast,1,train
TB030,Session1,overground,run,fast,Overground_Run,Run_Fast,/home/kwnuk/WKIRO-Project/data/TB030/Session1/Overground_Run/Run_Fast/Post_Process/Run_Fast7.csv,run_fast,1,train
TB030,Session1,overground,run,fast,Overground_Run,Run_Fast,/home/kwnuk/WKIRO-Project/data/TB030/Session1/Overground_Run/Run_Fast/Post_Process/Run_Fast8.csv,run_fast,1,test
TB030,Session1,overground,run,fast,Overground_Run,Run_Fast,/home/kwnuk/WKIRO-Project/data/TB030/Session1/Overground_Run/Run_Fast/Post_Process/Run_Fast9.csv,run_fast,1,test
TB030,Session1,overground,walk,comfortable,Overground_Walk,Walk_Comfortable,/home/kwnuk/WKIRO-Project/data/TB030/Session1/Overground_Walk/Walk_Comfortable/Post_Process/Walk_Comfortable1.csv,walk_comfortable,2,train
TB030,Session1,overground,walk,comfortable,Overground_Walk,Walk_Comfortable,/home/kwnuk/WKIRO-Project/data/TB030/Session1/Overground_Walk/Walk_Comfortable/Post_Process/Walk_Comfortable2.csv,walk_comfortable,2,val
TB030,Session1,overground,walk,comfortable,Overground_Walk,Walk_Comfortable,/home/kwnuk/WKIRO-Project/data/TB030/Session1/Overground_Walk/Walk_Comfortable/Post_Process/Walk_Comfortable3.csv,walk_comfortable,2,train
TB030,Session1,overground,walk,comfortable,Overground_Walk,Walk_Comfortable,/home/kwnuk/WKIRO-Project/data/TB030/Session1/Overground_Walk/Walk_Comfortable/Post_Process/Walk_Comfortable4.csv,walk_comfortable,2,train
TB030,Session1,overground,walk,comfortable,Overground_Walk,Walk_Comfortable,/home/kwnuk/WKIRO-Project/data/TB030/Session1/Overground_Walk/Walk_Comfortable/Post_Process/Walk_Comfortable5.csv,walk_comfortable,2,train
TB030,Session1,overground,walk,comfortable,Overground_Walk,Walk_Comfortable,/home/kwnuk/WKIRO-Project/data/TB030/Session1/Overground_Walk/Walk_Comfortable/Post_Process/Walk_Comfortable6.csv,walk_comfortable,2,val
TB030,Session1,overground,walk,fast,Overground_Walk,Walk_Fast,/home/kwnuk/WKIRO-Project/data/TB030/Session1/Overground_Walk/Walk_Fast/Post_Process/Walk_Fast1.csv,walk_fast,3,train
TB030,Session1,overground,walk,fast,Overground_Walk,Walk_Fast,/home/kwnuk/WKIRO-Project/data/TB030/Session1/Overground_Walk/Walk_Fast/Post_Process/Walk_Fast2.csv,walk_fast,3,val
TB030,Session1,overground,walk,fast,Overground_Walk,Walk_Fast,/home/kwnuk/WKIRO-Project/data/TB030/Session1/Overground_Walk/Walk_Fast/Post_Process/Walk_Fast3.csv,walk_fast,3,val
TB030,Session1,overground,walk,fast,Overground_Walk,Walk_Fast,/home/kwnuk/WKIRO-Project/data/TB030/Session1/Overground_Walk/Walk_Fast/Post_Process/Walk_Fast4.csv,walk_fast,3,test
TB030,Session1,overground,walk,fast,Overground_Walk,Walk_Fast,/home/kwnuk/WKIRO-Project/data/TB030/Session1/Overground_Walk/Walk_Fast/Post_Process/Walk_Fast5.csv,walk_fast,3,train
TB030,Session1,overground,walk,fast,Overground_Walk,Walk_Fast,/home/kwnuk/WKIRO-Project/data/TB030/Session1/Overground_Walk/Walk_Fast/Post_Process/Walk_Fast6.csv,walk_fast,3,train
TB030,Session1,overground,walk,fast,Overground_Walk,Walk_Fast,/home/kwnuk/WKIRO-Project/data/TB030/Session1/Overground_Walk/Walk_Fast/Post_Process/Walk_Fast7.csv,walk_fast,3,train
TB030,Session1,overground,walk,fast,Overground_Walk,Walk_Fast,/home/kwnuk/WKIRO-Project/data/TB030/Session1/Overground_Walk/Walk_Fast/Post_Process/Walk_Fast8.csv,walk_fast,3,train
TB030,Session1,overground,walk,slow,Overground_Walk,Walk_Slow,/home/kwnuk/WKIRO-Project/data/TB030/Session1/Overground_Walk/Walk_Slow/Post_Process/Walk_Slow1.csv,walk_slow,4,train
TB030,Session1,overground,walk,slow,Overground_Walk,Walk_Slow,/home/kwnuk/WKIRO-Project/data/TB030/Session1/Overground_Walk/Walk_Slow/Post_Process/Walk_Slow2.csv,walk_slow,4,train
TB030,Session1,overground,walk,slow,Overground_Walk,Walk_Slow,/home/kwnuk/WKIRO-Project/data/TB030/Session1/Overground_Walk/Walk_Slow/Post_Process/Walk_Slow3.csv,walk_slow,4,train
TB030,Session1,overground,walk,slow,Overground_Walk,Walk_Slow,/home/kwnuk/WKIRO-Project/data/TB030/Session1/Overground_Walk/Walk_Slow/Post_Process/Walk_Slow4.csv,walk_slow,4,train
TB030,Session1,overground,walk,slow,Overground_Walk,Walk_Slow,/home/kwnuk/WKIRO-Project/data/TB030/Session1/Overground_Walk/Walk_Slow/Post_Process/Walk_Slow5.csv,walk_slow,4,train
TB030,Session1,overground,walk,slow,Overground_Walk,Walk_Slow,/home/kwnuk/WKIRO-Project/data/TB030/Session1/Overground_Walk/Walk_Slow/Post_Process/Walk_Slow6.csv,walk_slow,4,train
TB030,Session1,treadmill,run,comfortable,Treadmill_Run,Treadmill_Run_Comfortable,/home/kwnuk/WKIRO-Project/data/TB030/Session1/Treadmill_Run/Treadmill_Run_Comfortable/Post_Process/Treadmill_Run_Comfortable.csv,run_comfortable,0,train
TB030,Session1,treadmill,run,fast,Treadmill_Run,Treadmill_Run_Fast,/home/kwnuk/WKIRO-Project/data/TB030/Session1/Treadmill_Run/Treadmill_Run_Fast/Post_Process/Treadmill_Run_Fast.csv,run_fast,1,train
TB030,Session1,treadmill,walk,comfortable,Treadmill_Walk,Treadmill_Walk_Comfortable,/home/kwnuk/WKIRO-Project/data/TB030/Session1/Treadmill_Walk/Treadmill_Walk_Comfortable/Post_Process/Treadmill_Walk_Comfortable.csv,walk_comfortable,2,test
TB030,Session1,treadmill,walk,fast,Treadmill_Walk,Treadmill_Walk_Fast,/home/kwnuk/WKIRO-Project/data/TB030/Session1/Treadmill_Walk/Treadmill_Walk_Fast/Post_Process/Treadmill_Walk_Fast.csv,walk_fast,3,train
TB030,Session1,treadmill,walk,slow,Treadmill_Walk,Treadmill_Walk_Slow,/home/kwnuk/WKIRO-Project/data/TB030/Session1/Treadmill_Walk/Treadmill_Walk_Slow/Post_Process/Treadmill_Walk_Slow.csv,walk_slow,4,train
TB030,Session2,overground,run,comfortable,Overground_Run,Run_Comfortable,/home/kwnuk/WKIRO-Project/data/TB030/Session2/Overground_Run/Run_Comfortable/Post_Process/Run_Comfortable1.csv,run_comfortable,0,train
TB030,Session2,overground,run,comfortable,Overground_Run,Run_Comfortable,/home/kwnuk/WKIRO-Project/data/TB030/Session2/Overground_Run/Run_Comfortable/Post_Process/Run_Comfortable10.csv,run_comfortable,0,train
TB030,Session2,overground,run,comfortable,Overground_Run,Run_Comfortable,/home/kwnuk/WKIRO-Project/data/TB030/Session2/Overground_Run/Run_Comfortable/Post_Process/Run_Comfortable2.csv,run_comfortable,0,val
TB030,Session2,overground,run,comfortable,Overground_Run,Run_Comfortable,/home/kwnuk/WKIRO-Project/data/TB030/Session2/Overground_Run/Run_Comfortable/Post_Process/Run_Comfortable3.csv,run_comfortable,0,train
TB030,Session2,overground,run,comfortable,Overground_Run,Run_Comfortable,/home/kwnuk/WKIRO-Project/data/TB030/Session2/Overground_Run/Run_Comfortable/Post_Process/Run_Comfortable4.csv,run_comfortable,0,train
TB030,Session2,overground,run,comfortable,Overground_Run,Run_Comfortable,/home/kwnuk/WKIRO-Project/data/TB030/Session2/Overground_Run/Run_Comfortable/Post_Process/Run_Comfortable5.csv,run_comfortable,0,test
TB030,Session2,overground,run,comfortable,Overground_Run,Run_Comfortable,/home/kwnuk/WKIRO-Project/data/TB030/Session2/Overground_Run/Run_Comfortable/Post_Process/Run_Comfortable6.csv,run_comfortable,0,train
TB030,Session2,overground,run,comfortable,Overground_Run,Run_Comfortable,/home/kwnuk/WKIRO-Project/data/TB030/Session2/Overground_Run/Run_Comfortable/Post_Process/Run_Comfortable7.csv,run_comfortable,0,train
TB030,Session2,overground,run,comfortable,Overground_Run,Run_Comfortable,/home/kwnuk/WKIRO-Project/data/TB030/Session2/Overground_Run/Run_Comfortable/Post_Process/Run_Comfortable8.csv,run_comfortable,0,train
TB030,Session2,overground,run,comfortable,Overground_Run,Run_Comfortable,/home/kwnuk/WKIRO-Project/data/TB030/Session2/Overground_Run/Run_Comfortable/Post_Process/Run_Comfortable9.csv,run_comfortable,0,train
TB030,Session2,overground,run,fast,Overground_Run,Run_Fast,/home/kwnuk/WKIRO-Project/data/TB030/Session2/Overground_Run/Run_Fast/Post_Process/Run_Fast1.csv,run_fast,1,test
TB030,Session2,overground,run,fast,Overground_Run,Run_Fast,/home/kwnuk/WKIRO-Project/data/TB030/Session2/Overground_Run/Run_Fast/Post_Process/Run_Fast10.csv,run_fast,1,val
TB030,Session2,overground,run,fast,Overground_Run,Run_Fast,/home/kwnuk/WKIRO-Project/data/TB030/Session2/Overground_Run/Run_Fast/Post_Process/Run_Fast2.csv,run_fast,1,train
TB030,Session2,overground,run,fast,Overground_Run,Run_Fast,/home/kwnuk/WKIRO-Project/data/TB030/Session2/Overground_Run/Run_Fast/Post_Process/Run_Fast3.csv,run_fast,1,train
TB030,Session2,overground,run,fast,Overground_Run,Run_Fast,/home/kwnuk/WKIRO-Project/data/TB030/Session2/Overground_Run/Run_Fast/Post_Process/Run_Fast4.csv,run_fast,1,train
TB030,Session2,overground,run,fast,Overground_Run,Run_Fast,/home/kwnuk/WKIRO-Project/data/TB030/Session2/Overground_Run/Run_Fast/Post_Process/Run_Fast5.csv,run_fast,1,val
TB030,Session2,overground,run,fast,Overground_Run,Run_Fast,/home/kwnuk/WKIRO-Project/data/TB030/Session2/Overground_Run/Run_Fast/Post_Process/Run_Fast6.csv,run_fast,1,val
TB030,Session2,overground,run,fast,Overground_Run,Run_Fast,/home/kwnuk/WKIRO-Project/data/TB030/Session2/Overground_Run/Run_Fast/Post_Process/Run_Fast7.csv,run_fast,1,train
TB030,Session2,overground,run,fast,Overground_Run,Run_Fast,/home/kwnuk/WKIRO-Project/data/TB030/Session2/Overground_Run/Run_Fast/Post_Process/Run_Fast8.csv,run_fast,1,train
TB030,Session2,overground,run,fast,Overground_Run,Run_Fast,/home/kwnuk/WKIRO-Project/data/TB030/Session2/Overground_Run/Run_Fast/Post_Process/Run_Fast9.csv,run_fast,1,train
TB030,Session2,overground,walk,comfortable,Overground_Walk,Walk_Comfortable,/home/kwnuk/WKIRO-Project/data/TB030/Session2/Overground_Walk/Walk_Comfortable/Post_Process/Walk_Comfortable1.csv,walk_comfortable,2,train
TB030,Session2,overground,walk,comfortable,Overground_Walk,Walk_Comfortable,/home/kwnuk/WKIRO-Project/data/TB030/Session2/Overground_Walk/Walk_Comfortable/Post_Process/Walk_Comfortable2.csv,walk_comfortable,2,train
TB030,Session2,overground,walk,comfortable,Overground_Walk,Walk_Comfortable,/home/kwnuk/WKIRO-Project/data/TB030/Session2/Overground_Walk/Walk_Comfortable/Post_Process/Walk_Comfortable3.csv,walk_comfortable,2,test
TB030,Session2,overground,walk,comfortable,Overground_Walk,Walk_Comfortable,/home/kwnuk/WKIRO-Project/data/TB030/Session2/Overground_Walk/Walk_Comfortable/Post_Process/Walk_Comfortable4.csv,walk_comfortable,2,train
TB030,Session2,overground,walk,comfortable,Overground_Walk,Walk_Comfortable,/home/kwnuk/WKIRO-Project/data/TB030/Session2/Overground_Walk/Walk_Comfortable/Post_Process/Walk_Comfortable5.csv,walk_comfortable,2,train
TB030,Session2,overground,walk,comfortable,Overground_Walk,Walk_Comfortable,/home/kwnuk/WKIRO-Project/data/TB030/Session2/Overground_Walk/Walk_Comfortable/Post_Process/Walk_Comfortable6.csv,walk_comfortable,2,train
TB030,Session2,overground,walk,fast,Overground_Walk,Walk_Fast,/home/kwnuk/WKIRO-Project/data/TB030/Session2/Overground_Walk/Walk_Fast/Post_Process/Walk_Fast1.csv,walk_fast,3,train
TB030,Session2,overground,walk,fast,Overground_Walk,Walk_Fast,/home/kwnuk/WKIRO-Project/data/TB030/Session2/Overground_Walk/Walk_Fast/Post_Process/Walk_Fast2.csv,walk_fast,3,test
TB030,Session2,overground,walk,fast,Overground_Walk,Walk_Fast,/home/kwnuk/WKIRO-Project/data/TB030/Session2/Overground_Walk/Walk_Fast/Post_Process/Walk_Fast3.csv,walk_fast,3,train
TB030,Session2,overground,walk,fast,Overground_Walk,Walk_Fast,/home/kwnuk/WKIRO-Project/data/TB030/Session2/Overground_Walk/Walk_Fast/Post_Process/Walk_Fast4.csv,walk_fast,3,train
TB030,Session2,overground,walk,fast,Overground_Walk,Walk_Fast,/home/kwnuk/WKIRO-Project/data/TB030/Session2/Overground_Walk/Walk_Fast/Post_Process/Walk_Fast5.csv,walk_fast,3,train
TB030,Session2,overground,walk,fast,Overground_Walk,Walk_Fast,/home/kwnuk/WKIRO-Project/data/TB030/Session2/Overground_Walk/Walk_Fast/Post_Process/Walk_Fast6.csv,walk_fast,3,train
TB030,Session2,overground,walk,slow,Overground_Walk,Walk_Slow,/home/kwnuk/WKIRO-Project/data/TB030/Session2/Overground_Walk/Walk_Slow/Post_Process/Walk_Slow1.csv,walk_slow,4,train
TB030,Session2,overground,walk,slow,Overground_Walk,Walk_Slow,/home/kwnuk/WKIRO-Project/data/TB030/Session2/Overground_Walk/Walk_Slow/Post_Process/Walk_Slow2.csv,walk_slow,4,val
TB030,Session2,overground,walk,slow,Overground_Walk,Walk_Slow,/home/kwnuk/WKIRO-Project/data/TB030/Session2/Overground_Walk/Walk_Slow/Post_Process/Walk_Slow3.csv,walk_slow,4,train
TB030,Session2,overground,walk,slow,Overground_Walk,Walk_Slow,/home/kwnuk/WKIRO-Project/data/TB030/Session2/Overground_Walk/Walk_Slow/Post_Process/Walk_Slow4.csv,walk_slow,4,test
TB030,Session2,overground,walk,slow,Overground_Walk,Walk_Slow,/home/kwnuk/WKIRO-Project/data/TB030/Session2/Overground_Walk/Walk_Slow/Post_Process/Walk_Slow5.csv,walk_slow,4,train
TB030,Session2,overground,walk,slow,Overground_Walk,Walk_Slow,/home/kwnuk/WKIRO-Project/data/TB030/Session2/Overground_Walk/Walk_Slow/Post_Process/Walk_Slow6.csv,walk_slow,4,val
TB030,Session2,treadmill,run,comfortable,Treadmill_Run,Treadmill_Run_Comfortable,/home/kwnuk/WKIRO-Project/data/TB030/Session2/Treadmill_Run/Treadmill_Run_Comfortable/Post_Process/Treadmill_Run_Comfortable.csv,run_comfortable,0,test
TB030,Session2,treadmill,run,fast,Treadmill_Run,Treadmill_Run_Fast,/home/kwnuk/WKIRO-Project/data/TB030/Session2/Treadmill_Run/Treadmill_Run_Fast/Post_Process/Treadmill_Run_Fast.csv,run_fast,1,train
TB030,Session2,treadmill,walk,comfortable,Treadmill_Walk,Treadmill_Walk_Comfortable,/home/kwnuk/WKIRO-Project/data/TB030/Session2/Treadmill_Walk/Treadmill_Walk_Comfortable/Post_Process/Treadmill_Walk_Comfortable.csv,walk_comfortable,2,train
TB030,Session2,treadmill,walk,fast,Treadmill_Walk,Treadmill_Walk_Fast,/home/kwnuk/WKIRO-Project/data/TB030/Session2/Treadmill_Walk/Treadmill_Walk_Fast/Post_Process/Treadmill_Walk_Fast.csv,walk_fast,3,val
TB030,Session2,treadmill,walk,slow,Treadmill_Walk,Treadmill_Walk_Slow,/home/kwnuk/WKIRO-Project/data/TB030/Session2/Treadmill_Walk/Treadmill_Walk_Slow/Post_Process/Treadmill_Walk_Slow.csv,walk_slow,4,test
TK029,Session1,overground,run,comfortable,Overground_Run,Run_Comfortable,/home/kwnuk/WKIRO-Project/data/TK029/Session1/Overground_Run/Run_Comfortable/Post_Process/Run_Comfortable1.csv,run_comfortable,0,train
TK029,Session1,overground,run,comfortable,Overground_Run,Run_Comfortable,/home/kwnuk/WKIRO-Project/data/TK029/Session1/Overground_Run/Run_Comfortable/Post_Process/Run_Comfortable10.csv,run_comfortable,0,train
TK029,Session1,overground,run,comfortable,Overground_Run,Run_Comfortable,/home/kwnuk/WKIRO-Project/data/TK029/Session1/Overground_Run/Run_Comfortable/Post_Process/Run_Comfortable2.csv,run_comfortable,0,test
TK029,Session1,overground,run,comfortable,Overground_Run,Run_Comfortable,/home/kwnuk/WKIRO-Project/data/TK029/Session1/Overground_Run/Run_Comfortable/Post_Process/Run_Comfortable3.csv,run_comfortable,0,train
TK029,Session1,overground,run,comfortable,Overground_Run,Run_Comfortable,/home/kwnuk/WKIRO-Project/data/TK029/Session1/Overground_Run/Run_Comfortable/Post_Process/Run_Comfortable4.csv,run_comfortable,0,train
TK029,Session1,overground,run,comfortable,Overground_Run,Run_Comfortable,/home/kwnuk/WKIRO-Project/data/TK029/Session1/Overground_Run/Run_Comfortable/Post_Process/Run_Comfortable5.csv,run_comfortable,0,train
TK029,Session1,overground,run,comfortable,Overground_Run,Run_Comfortable,/home/kwnuk/WKIRO-Project/data/TK029/Session1/Overground_Run/Run_Comfortable/Post_Process/Run_Comfortable6.csv,run_comfortable,0,train
TK029,Session1,overground,run,comfortable,Overground_Run,Run_Comfortable,/home/kwnuk/WKIRO-Project/data/TK029/Session1/Overground_Run/Run_Comfortable/Post_Process/Run_Comfortable7.csv,run_comfortable,0,train
TK029,Session1,overground,run,comfortable,Overground_Run,Run_Comfortable,/home/kwnuk/WKIRO-Project/data/TK029/Session1/Overground_Run/Run_Comfortable/Post_Process/Run_Comfortable8.csv,run_comfortable,0,train
TK029,Session1,overground,run,comfortable,Overground_Run,Run_Comfortable,/home/kwnuk/WKIRO-Project/data/TK029/Session1/Overground_Run/Run_Comfortable/Post_Process/Run_Comfortable9.csv,run_comfortable,0,train
TK029,Session1,overground,run,fast,Overground_Run,Run_Fast,/home/kwnuk/WKIRO-Project/data/TK029/Session1/Overground_Run/Run_Fast/Post_Process/Run_Fast1.csv,run_fast,1,train
TK029,Session1,overground,run,fast,Overground_Run,Run_Fast,/home/kwnuk/WKIRO-Project/data/TK029/Session1/Overground_Run/Run_Fast/Post_Process/Run_Fast10.csv,run_fast,1,train
TK029,Session1,overground,run,fast,Overground_Run,Run_Fast,/home/kwnuk/WKIRO-Project/data/TK029/Session1/Overground_Run/Run_Fast/Post_Process/Run_Fast2.csv,run_fast,1,train
TK029,Session1,overground,run,fast,Overground_Run,Run_Fast,/home/kwnuk/WKIRO-Project/data/TK029/Session1/Overground_Run/Run_Fast/Post_Process/Run_Fast3.csv,run_fast,1,train
TK029,Session1,overground,run,fast,Overground_Run,Run_Fast,/home/kwnuk/WKIRO-Project/data/TK029/Session1/Overground_Run/Run_Fast/Post_Process/Run_Fast4.csv,run_fast,1,train
TK029,Session1,overground,run,fast,Overground_Run,Run_Fast,/home/kwnuk/WKIRO-Project/data/TK029/Session1/Overground_Run/Run_Fast/Post_Process/Run_Fast5.csv,run_fast,1,train
TK029,Session1,overground,run,fast,Overground_Run,Run_Fast,/home/kwnuk/WKIRO-Project/data/TK029/Session1/Overground_Run/Run_Fast/Post_Process/Run_Fast6.csv,run_fast,1,train
TK029,Session1,overground,run,fast,Overground_Run,Run_Fast,/home/kwnuk/WKIRO-Project/data/TK029/Session1/Overground_Run/Run_Fast/Post_Process/Run_Fast7.csv,run_fast,1,train
TK029,Session1,overground,run,fast,Overground_Run,Run_Fast,/home/kwnuk/WKIRO-Project/data/TK029/Session1/Overground_Run/Run_Fast/Post_Process/Run_Fast8.csv,run_fast,1,train
TK029,Session1,overground,run,fast,Overground_Run,Run_Fast,/home/kwnuk/WKIRO-Project/data/TK029/Session1/Overground_Run/Run_Fast/Post_Process/Run_Fast9.csv,run_fast,1,train
TK029,Session1,overground,walk,comfortable,Overground_Walk,Walk_Comfortable,/home/kwnuk/WKIRO-Project/data/TK029/Session1/Overground_Walk/Walk_Comfortable/Post_Process/Walk_Comfortable1.csv,walk_comfortable,2,train
TK029,Session1,overground,walk,comfortable,Overground_Walk,Walk_Comfortable,/home/kwnuk/WKIRO-Project/data/TK029/Session1/Overground_Walk/Walk_Comfortable/Post_Process/Walk_Comfortable2.csv,walk_comfortable,2,train
TK029,Session1,overground,walk,comfortable,Overground_Walk,Walk_Comfortable,/home/kwnuk/WKIRO-Project/data/TK029/Session1/Overground_Walk/Walk_Comfortable/Post_Process/Walk_Comfortable3.csv,walk_comfortable,2,train
TK029,Session1,overground,walk,comfortable,Overground_Walk,Walk_Comfortable,/home/kwnuk/WKIRO-Project/data/TK029/Session1/Overground_Walk/Walk_Comfortable/Post_Process/Walk_Comfortable4.csv,walk_comfortable,2,train
TK029,Session1,overground,walk,comfortable,Overground_Walk,Walk_Comfortable,/home/kwnuk/WKIRO-Project/data/TK029/Session1/Overground_Walk/Walk_Comfortable/Post_Process/Walk_Comfortable5.csv,walk_comfortable,2,train
TK029,Session1,overground,walk,comfortable,Overground_Walk,Walk_Comfortable,/home/kwnuk/WKIRO-Project/data/TK029/Session1/Overground_Walk/Walk_Comfortable/Post_Process/Walk_Comfortable6.csv,walk_comfortable,2,train
TK029,Session1,overground,walk,comfortable,Overground_Walk,Walk_Comfortable,/home/kwnuk/WKIRO-Project/data/TK029/Session1/Overground_Walk/Walk_Comfortable/Post_Process/Walk_Comfortable7.csv,walk_comfortable,2,test
TK029,Session1,overground,walk,comfortable,Overground_Walk,Walk_Comfortable,/home/kwnuk/WKIRO-Project/data/TK029/Session1/Overground_Walk/Walk_Comfortable/Post_Process/Walk_Comfortable8.csv,walk_comfortable,2,train
TK029,Session1,overground,walk,fast,Overground_Walk,Walk_Fast,/home/kwnuk/WKIRO-Project/data/TK029/Session1/Overground_Walk/Walk_Fast/Post_Process/Walk_Fast1.csv,walk_fast,3,test
TK029,Session1,overground,walk,fast,Overground_Walk,Walk_Fast,/home/kwnuk/WKIRO-Project/data/TK029/Session1/Overground_Walk/Walk_Fast/Post_Process/Walk_Fast2.csv,walk_fast,3,train
TK029,Session1,overground,walk,fast,Overground_Walk,Walk_Fast,/home/kwnuk/WKIRO-Project/data/TK029/Session1/Overground_Walk/Walk_Fast/Post_Process/Walk_Fast3.csv,walk_fast,3,test
TK029,Session1,overground,walk,fast,Overground_Walk,Walk_Fast,/home/kwnuk/WKIRO-Project/data/TK029/Session1/Overground_Walk/Walk_Fast/Post_Process/Walk_Fast4.csv,walk_fast,3,train
TK029,Session1,overground,walk,fast,Overground_Walk,Walk_Fast,/home/kwnuk/WKIRO-Project/data/TK029/Session1/Overground_Walk/Walk_Fast/Post_Process/Walk_Fast5.csv,walk_fast,3,train
TK029,Session1,overground,walk,fast,Overground_Walk,Walk_Fast,/home/kwnuk/WKIRO-Project/data/TK029/Session1/Overground_Walk/Walk_Fast/Post_Process/Walk_Fast6.csv,walk_fast,3,val
TK029,Session1,overground,walk,fast,Overground_Walk,Walk_Fast,/home/kwnuk/WKIRO-Project/data/TK029/Session1/Overground_Walk/Walk_Fast/Post_Process/Walk_Fast7.csv,walk_fast,3,val
TK029,Session1,overground,walk,fast,Overground_Walk,Walk_Fast,/home/kwnuk/WKIRO-Project/data/TK029/Session1/Overground_Walk/Walk_Fast/Post_Process/Walk_Fast8.csv,walk_fast,3,val
TK029,Session1,overground,walk,slow,Overground_Walk,Walk_Slow,/home/kwnuk/WKIRO-Project/data/TK029/Session1/Overground_Walk/Walk_Slow/Post_Process/Walk_Slow1.csv,walk_slow,4,val
TK029,Session1,overground,walk,slow,Overground_Walk,Walk_Slow,/home/kwnuk/WKIRO-Project/data/TK029/Session1/Overground_Walk/Walk_Slow/Post_Process/Walk_Slow2.csv,walk_slow,4,train
TK029,Session1,overground,walk,slow,Overground_Walk,Walk_Slow,/home/kwnuk/WKIRO-Project/data/TK029/Session1/Overground_Walk/Walk_Slow/Post_Process/Walk_Slow3.csv,walk_slow,4,train
TK029,Session1,overground,walk,slow,Overground_Walk,Walk_Slow,/home/kwnuk/WKIRO-Project/data/TK029/Session1/Overground_Walk/Walk_Slow/Post_Process/Walk_Slow4.csv,walk_slow,4,train
TK029,Session1,overground,walk,slow,Overground_Walk,Walk_Slow,/home/kwnuk/WKIRO-Project/data/TK029/Session1/Overground_Walk/Walk_Slow/Post_Process/Walk_Slow5.csv,walk_slow,4,test
TK029,Session1,overground,walk,slow,Overground_Walk,Walk_Slow,/home/kwnuk/WKIRO-Project/data/TK029/Session1/Overground_Walk/Walk_Slow/Post_Process/Walk_Slow6.csv,walk_slow,4,train
TK029,Session1,overground,walk,slow,Overground_Walk,Walk_Slow,/home/kwnuk/WKIRO-Project/data/TK029/Session1/Overground_Walk/Walk_Slow/Post_Process/Walk_Slow7.csv,walk_slow,4,train
TK029,Session1,overground,walk,slow,Overground_Walk,Walk_Slow,/home/kwnuk/WKIRO-Project/data/TK029/Session1/Overground_Walk/Walk_Slow/Post_Process/Walk_Slow8.csv,walk_slow,4,train
TK029,Session1,treadmill,run,comfortable,Treadmill_Run,Treadmill_Run_Comfortable,/home/kwnuk/WKIRO-Project/data/TK029/Session1/Treadmill_Run/Treadmill_Run_Comfortable/Post_Process/Treadmill_Run_Comfortable.csv,run_comfortable,0,train
TK029,Session1,treadmill,run,fast,Treadmill_Run,Treadmill_Run_Fast,/home/kwnuk/WKIRO-Project/data/TK029/Session1/Treadmill_Run/Treadmill_Run_Fast/Post_Process/Treadmill_Run_Fast.csv,run_fast,1,val
TK029,Session1,treadmill,walk,comfortable,Treadmill_Walk,Treadmill_Walk_Comfortable,/home/kwnuk/WKIRO-Project/data/TK029/Session1/Treadmill_Walk/Treadmill_Walk_Comfortable/Post_Process/Treadmill_Walk_Comfortable.csv,walk_comfortable,2,train
TK029,Session1,treadmill,walk,fast,Treadmill_Walk,Treadmill_Walk_Fast,/home/kwnuk/WKIRO-Project/data/TK029/Session1/Treadmill_Walk/Treadmill_Walk_Fast/Post_Process/Treadmill_Walk_Fast.csv,walk_fast,3,train
TK029,Session1,treadmill,walk,slow,Treadmill_Walk,Treadmill_Walk_Slow,/home/kwnuk/WKIRO-Project/data/TK029/Session1/Treadmill_Walk/Treadmill_Walk_Slow/Post_Process/Treadmill_Walk_Slow.csv,walk_slow,4,train
TK029,Session2,overground,run,comfortable,Overground_Run,Run_Comfortable,/home/kwnuk/WKIRO-Project/data/TK029/Session2/Overground_Run/Run_Comfortable/Post_Process/Run_Comfortable1.csv,run_comfortable,0,test
TK029,Session2,overground,run,comfortable,Overground_Run,Run_Comfortable,/home/kwnuk/WKIRO-Project/data/TK029/Session2/Overground_Run/Run_Comfortable/Post_Process/Run_Comfortable10.csv,run_comfortable,0,train
TK029,Session2,overground,run,comfortable,Overground_Run,Run_Comfortable,/home/kwnuk/WKIRO-Project/data/TK029/Session2/Overground_Run/Run_Comfortable/Post_Process/Run_Comfortable2.csv,run_comfortable,0,test
TK029,Session2,overground,run,comfortable,Overground_Run,Run_Comfortable,/home/kwnuk/WKIRO-Project/data/TK029/Session2/Overground_Run/Run_Comfortable/Post_Process/Run_Comfortable3.csv,run_comfortable,0,train
TK029,Session2,overground,run,comfortable,Overground_Run,Run_Comfortable,/home/kwnuk/WKIRO-Project/data/TK029/Session2/Overground_Run/Run_Comfortable/Post_Process/Run_Comfortable4.csv,run_comfortable,0,train
TK029,Session2,overground,run,comfortable,Overground_Run,Run_Comfortable,/home/kwnuk/WKIRO-Project/data/TK029/Session2/Overground_Run/Run_Comfortable/Post_Process/Run_Comfortable5.csv,run_comfortable,0,val
TK029,Session2,overground,run,comfortable,Overground_Run,Run_Comfortable,/home/kwnuk/WKIRO-Project/data/TK029/Session2/Overground_Run/Run_Comfortable/Post_Process/Run_Comfortable6.csv,run_comfortable,0,train
TK029,Session2,overground,run,comfortable,Overground_Run,Run_Comfortable,/home/kwnuk/WKIRO-Project/data/TK029/Session2/Overground_Run/Run_Comfortable/Post_Process/Run_Comfortable7.csv,run_comfortable,0,val
TK029,Session2,overground,run,comfortable,Overground_Run,Run_Comfortable,/home/kwnuk/WKIRO-Project/data/TK029/Session2/Overground_Run/Run_Comfortable/Post_Process/Run_Comfortable8.csv,run_comfortable,0,train
TK029,Session2,overground,run,comfortable,Overground_Run,Run_Comfortable,/home/kwnuk/WKIRO-Project/data/TK029/Session2/Overground_Run/Run_Comfortable/Post_Process/Run_Comfortable9.csv,run_comfortable,0,val
TK029,Session2,overground,run,fast,Overground_Run,Run_Fast,/home/kwnuk/WKIRO-Project/data/TK029/Session2/Overground_Run/Run_Fast/Post_Process/Run_Fast1.csv,run_fast,1,test
TK029,Session2,overground,run,fast,Overground_Run,Run_Fast,/home/kwnuk/WKIRO-Project/data/TK029/Session2/Overground_Run/Run_Fast/Post_Process/Run_Fast10.csv,run_fast,1,train
TK029,Session2,overground,run,fast,Overground_Run,Run_Fast,/home/kwnuk/WKIRO-Project/data/TK029/Session2/Overground_Run/Run_Fast/Post_Process/Run_Fast2.csv,run_fast,1,val
TK029,Session2,overground,run,fast,Overground_Run,Run_Fast,/home/kwnuk/WKIRO-Project/data/TK029/Session2/Overground_Run/Run_Fast/Post_Process/Run_Fast3.csv,run_fast,1,train
TK029,Session2,overground,run,fast,Overground_Run,Run_Fast,/home/kwnuk/WKIRO-Project/data/TK029/Session2/Overground_Run/Run_Fast/Post_Process/Run_Fast4.csv,run_fast,1,train
TK029,Session2,overground,run,fast,Overground_Run,Run_Fast,/home/kwnuk/WKIRO-Project/data/TK029/Session2/Overground_Run/Run_Fast/Post_Process/Run_Fast5.csv,run_fast,1,test
TK029,Session2,overground,run,fast,Overground_Run,Run_Fast,/home/kwnuk/WKIRO-Project/data/TK029/Session2/Overground_Run/Run_Fast/Post_Process/Run_Fast6.csv,run_fast,1,train
TK029,Session2,overground,run,fast,Overground_Run,Run_Fast,/home/kwnuk/WKIRO-Project/data/TK029/Session2/Overground_Run/Run_Fast/Post_Process/Run_Fast7.csv,run_fast,1,train
TK029,Session2,overground,run,fast,Overground_Run,Run_Fast,/home/kwnuk/WKIRO-Project/data/TK029/Session2/Overground_Run/Run_Fast/Post_Process/Run_Fast8.csv,run_fast,1,val
TK029,Session2,overground,run,fast,Overground_Run,Run_Fast,/home/kwnuk/WKIRO-Project/data/TK029/Session2/Overground_Run/Run_Fast/Post_Process/Run_Fast9.csv,run_fast,1,test
TK029,Session2,overground,walk,comfortable,Overground_Walk,Walk_Comfortable,/home/kwnuk/WKIRO-Project/data/TK029/Session2/Overground_Walk/Walk_Comfortable/Post_Process/Walk_Comfortable1.csv,walk_comfortable,2,train
TK029,Session2,overground,walk,comfortable,Overground_Walk,Walk_Comfortable,/home/kwnuk/WKIRO-Project/data/TK029/Session2/Overground_Walk/Walk_Comfortable/Post_Process/Walk_Comfortable2.csv,walk_comfortable,2,val
TK029,Session2,overground,walk,comfortable,Overground_Walk,Walk_Comfortable,/home/kwnuk/WKIRO-Project/data/TK029/Session2/Overground_Walk/Walk_Comfortable/Post_Process/Walk_Comfortable3.csv,walk_comfortable,2,train
TK029,Session2,overground,walk,comfortable,Overground_Walk,Walk_Comfortable,/home/kwnuk/WKIRO-Project/data/TK029/Session2/Overground_Walk/Walk_Comfortable/Post_Process/Walk_Comfortable4.csv,walk_comfortable,2,train
TK029,Session2,overground,walk,comfortable,Overground_Walk,Walk_Comfortable,/home/kwnuk/WKIRO-Project/data/TK029/Session2/Overground_Walk/Walk_Comfortable/Post_Process/Walk_Comfortable5.csv,walk_comfortable,2,train
TK029,Session2,overground,walk,comfortable,Overground_Walk,Walk_Comfortable,/home/kwnuk/WKIRO-Project/data/TK029/Session2/Overground_Walk/Walk_Comfortable/Post_Process/Walk_Comfortable6.csv,walk_comfortable,2,test
TK029,Session2,overground,walk,comfortable,Overground_Walk,Walk_Comfortable,/home/kwnuk/WKIRO-Project/data/TK029/Session2/Overground_Walk/Walk_Comfortable/Post_Process/Walk_Comfortable7.csv,walk_comfortable,2,test
TK029,Session2,overground,walk,comfortable,Overground_Walk,Walk_Comfortable,/home/kwnuk/WKIRO-Project/data/TK029/Session2/Overground_Walk/Walk_Comfortable/Post_Process/Walk_Comfortable8.csv,walk_comfortable,2,val
TK029,Session2,overground,walk,fast,Overground_Walk,Walk_Fast,/home/kwnuk/WKIRO-Project/data/TK029/Session2/Overground_Walk/Walk_Fast/Post_Process/Walk_Fast1.csv,walk_fast,3,train
TK029,Session2,overground,walk,fast,Overground_Walk,Walk_Fast,/home/kwnuk/WKIRO-Project/data/TK029/Session2/Overground_Walk/Walk_Fast/Post_Process/Walk_Fast2.csv,walk_fast,3,train
TK029,Session2,overground,walk,fast,Overground_Walk,Walk_Fast,/home/kwnuk/WKIRO-Project/data/TK029/Session2/Overground_Walk/Walk_Fast/Post_Process/Walk_Fast3.csv,walk_fast,3,train
TK029,Session2,overground,walk,fast,Overground_Walk,Walk_Fast,/home/kwnuk/WKIRO-Project/data/TK029/Session2/Overground_Walk/Walk_Fast/Post_Process/Walk_Fast4.csv,walk_fast,3,train
TK029,Session2,overground,walk,fast,Overground_Walk,Walk_Fast,/home/kwnuk/WKIRO-Project/data/TK029/Session2/Overground_Walk/Walk_Fast/Post_Process/Walk_Fast5.csv,walk_fast,3,train
TK029,Session2,overground,walk,fast,Overground_Walk,Walk_Fast,/home/kwnuk/WKIRO-Project/data/TK029/Session2/Overground_Walk/Walk_Fast/Post_Process/Walk_Fast6.csv,walk_fast,3,train
TK029,Session2,overground,walk,slow,Overground_Walk,Walk_Slow,/home/kwnuk/WKIRO-Project/data/TK029/Session2/Overground_Walk/Walk_Slow/Post_Process/Walk_Slow1.csv,walk_slow,4,train
TK029,Session2,overground,walk,slow,Overground_Walk,Walk_Slow,/home/kwnuk/WKIRO-Project/data/TK029/Session2/Overground_Walk/Walk_Slow/Post_Process/Walk_Slow2.csv,walk_slow,4,test
TK029,Session2,overground,walk,slow,Overground_Walk,Walk_Slow,/home/kwnuk/WKIRO-Project/data/TK029/Session2/Overground_Walk/Walk_Slow/Post_Process/Walk_Slow3.csv,walk_slow,4,train
TK029,Session2,overground,walk,slow,Overground_Walk,Walk_Slow,/home/kwnuk/WKIRO-Project/data/TK029/Session2/Overground_Walk/Walk_Slow/Post_Process/Walk_Slow4.csv,walk_slow,4,train
TK029,Session2,overground,walk,slow,Overground_Walk,Walk_Slow,/home/kwnuk/WKIRO-Project/data/TK029/Session2/Overground_Walk/Walk_Slow/Post_Process/Walk_Slow5.csv,walk_slow,4,train
TK029,Session2,overground,walk,slow,Overground_Walk,Walk_Slow,/home/kwnuk/WKIRO-Project/data/TK029/Session2/Overground_Walk/Walk_Slow/Post_Process/Walk_Slow6.csv,walk_slow,4,val
TK029,Session2,overground,walk,slow,Overground_Walk,Walk_Slow,/home/kwnuk/WKIRO-Project/data/TK029/Session2/Overground_Walk/Walk_Slow/Post_Process/Walk_Slow7.csv,walk_slow,4,train
TK029,Session2,overground,walk,slow,Overground_Walk,Walk_Slow,/home/kwnuk/WKIRO-Project/data/TK029/Session2/Overground_Walk/Walk_Slow/Post_Process/Walk_Slow8.csv,walk_slow,4,test
TK029,Session2,treadmill,run,comfortable,Treadmill_Run,Treadmill_Run_Comfortable,/home/kwnuk/WKIRO-Project/data/TK029/Session2/Treadmill_Run/Treadmill_Run_Comfortable/Post_Process/Treadmill_Run_Comfortable.csv,run_comfortable,0,train
TK029,Session2,treadmill,run,fast,Treadmill_Run,Treadmill_Run_Fast,/home/kwnuk/WKIRO-Project/data/TK029/Session2/Treadmill_Run/Treadmill_Run_Fast/Post_Process/Treadmill_Run_Fast.csv,run_fast,1,train
TK029,Session2,treadmill,walk,comfortable,Treadmill_Walk,Treadmill_Walk_Comfortable,/home/kwnuk/WKIRO-Project/data/TK029/Session2/Treadmill_Walk/Treadmill_Walk_Comfortable/Post_Process/Treadmill_Walk_Comfortable.csv,walk_comfortable,2,val
TK029,Session2,treadmill,walk,fast,Treadmill_Walk,Treadmill_Walk_Fast,/home/kwnuk/WKIRO-Project/data/TK029/Session2/Treadmill_Walk/Treadmill_Walk_Fast/Post_Process/Treadmill_Walk_Fast.csv,walk_fast,3,train
TK029,Session2,treadmill,walk,slow,Treadmill_Walk,Treadmill_Walk_Slow,/home/kwnuk/WKIRO-Project/data/TK029/Session2/Treadmill_Walk/Treadmill_Walk_Slow/Post_Process/Treadmill_Walk_Slow.csv,walk_slow,4,val
YX024,Session1,overground,run,comfortable,Overground_Run,Run_Comfortable,/home/kwnuk/WKIRO-Project/data/YX024/Session1/Overground_Run/Run_Comfortable/Post_Process/Run_Comfortable1.csv,run_comfortable,0,train
YX024,Session1,overground,run,comfortable,Overground_Run,Run_Comfortable,/home/kwnuk/WKIRO-Project/data/YX024/Session1/Overground_Run/Run_Comfortable/Post_Process/Run_Comfortable10.csv,run_comfortable,0,train
YX024,Session1,overground,run,comfortable,Overground_Run,Run_Comfortable,/home/kwnuk/WKIRO-Project/data/YX024/Session1/Overground_Run/Run_Comfortable/Post_Process/Run_Comfortable2.csv,run_comfortable,0,train
YX024,Session1,overground,run,comfortable,Overground_Run,Run_Comfortable,/home/kwnuk/WKIRO-Project/data/YX024/Session1/Overground_Run/Run_Comfortable/Post_Process/Run_Comfortable3.csv,run_comfortable,0,train
YX024,Session1,overground,run,comfortable,Overground_Run,Run_Comfortable,/home/kwnuk/WKIRO-Project/data/YX024/Session1/Overground_Run/Run_Comfortable/Post_Process/Run_Comfortable4.csv,run_comfortable,0,train
YX024,Session1,overground,run,comfortable,Overground_Run,Run_Comfortable,/home/kwnuk/WKIRO-Project/data/YX024/Session1/Overground_Run/Run_Comfortable/Post_Process/Run_Comfortable5.csv,run_comfortable,0,test
YX024,Session1,overground,run,comfortable,Overground_Run,Run_Comfortable,/home/kwnuk/WKIRO-Project/data/YX024/Session1/Overground_Run/Run_Comfortable/Post_Process/Run_Comfortable6.csv,run_comfortable,0,val
YX024,Session1,overground,run,comfortable,Overground_Run,Run_Comfortable,/home/kwnuk/WKIRO-Project/data/YX024/Session1/Overground_Run/Run_Comfortable/Post_Process/Run_Comfortable7.csv,run_comfortable,0,val
YX024,Session1,overground,run,comfortable,Overground_Run,Run_Comfortable,/home/kwnuk/WKIRO-Project/data/YX024/Session1/Overground_Run/Run_Comfortable/Post_Process/Run_Comfortable8.csv,run_comfortable,0,train
YX024,Session1,overground,run,comfortable,Overground_Run,Run_Comfortable,/home/kwnuk/WKIRO-Project/data/YX024/Session1/Overground_Run/Run_Comfortable/Post_Process/Run_Comfortable9.csv,run_comfortable,0,train
YX024,Session1,overground,run,fast,Overground_Run,Run_Fast,/home/kwnuk/WKIRO-Project/data/YX024/Session1/Overground_Run/Run_Fast/Post_Process/Run_Fast1.csv,run_fast,1,test
YX024,Session1,overground,run,fast,Overground_Run,Run_Fast,/home/kwnuk/WKIRO-Project/data/YX024/Session1/Overground_Run/Run_Fast/Post_Process/Run_Fast10.csv,run_fast,1,train
YX024,Session1,overground,run,fast,Overground_Run,Run_Fast,/home/kwnuk/WKIRO-Project/data/YX024/Session1/Overground_Run/Run_Fast/Post_Process/Run_Fast2.csv,run_fast,1,train
YX024,Session1,overground,run,fast,Overground_Run,Run_Fast,/home/kwnuk/WKIRO-Project/data/YX024/Session1/Overground_Run/Run_Fast/Post_Process/Run_Fast3.csv,run_fast,1,train
YX024,Session1,overground,run,fast,Overground_Run,Run_Fast,/home/kwnuk/WKIRO-Project/data/YX024/Session1/Overground_Run/Run_Fast/Post_Process/Run_Fast4.csv,run_fast,1,train
YX024,Session1,overground,run,fast,Overground_Run,Run_Fast,/home/kwnuk/WKIRO-Project/data/YX024/Session1/Overground_Run/Run_Fast/Post_Process/Run_Fast5.csv,run_fast,1,train
YX024,Session1,overground,run,fast,Overground_Run,Run_Fast,/home/kwnuk/WKIRO-Project/data/YX024/Session1/Overground_Run/Run_Fast/Post_Process/Run_Fast6.csv,run_fast,1,train
YX024,Session1,overground,run,fast,Overground_Run,Run_Fast,/home/kwnuk/WKIRO-Project/data/YX024/Session1/Overground_Run/Run_Fast/Post_Process/Run_Fast7.csv,run_fast,1,test
YX024,Session1,overground,run,fast,Overground_Run,Run_Fast,/home/kwnuk/WKIRO-Project/data/YX024/Session1/Overground_Run/Run_Fast/Post_Process/Run_Fast8.csv,run_fast,1,train
YX024,Session1,overground,run,fast,Overground_Run,Run_Fast,/home/kwnuk/WKIRO-Project/data/YX024/Session1/Overground_Run/Run_Fast/Post_Process/Run_Fast9.csv,run_fast,1,val
YX024,Session1,overground,walk,comfortable,Overground_Walk,Walk_Comfortable,/home/kwnuk/WKIRO-Project/data/YX024/Session1/Overground_Walk/Walk_Comfortable/Post_Process/Walk_Comfortable1.csv,walk_comfortable,2,train
YX024,Session1,overground,walk,comfortable,Overground_Walk,Walk_Comfortable,/home/kwnuk/WKIRO-Project/data/YX024/Session1/Overground_Walk/Walk_Comfortable/Post_Process/Walk_Comfortable2.csv,walk_comfortable,2,train
YX024,Session1,overground,walk,comfortable,Overground_Walk,Walk_Comfortable,/home/kwnuk/WKIRO-Project/data/YX024/Session1/Overground_Walk/Walk_Comfortable/Post_Process/Walk_Comfortable3.csv,walk_comfortable,2,train
YX024,Session1,overground,walk,comfortable,Overground_Walk,Walk_Comfortable,/home/kwnuk/WKIRO-Project/data/YX024/Session1/Overground_Walk/Walk_Comfortable/Post_Process/Walk_Comfortable4.csv,walk_comfortable,2,train
YX024,Session1,overground,walk,comfortable,Overground_Walk,Walk_Comfortable,/home/kwnuk/WKIRO-Project/data/YX024/Session1/Overground_Walk/Walk_Comfortable/Post_Process/Walk_Comfortable5.csv,walk_comfortable,2,train
YX024,Session1,overground,walk,comfortable,Overground_Walk,Walk_Comfortable,/home/kwnuk/WKIRO-Project/data/YX024/Session1/Overground_Walk/Walk_Comfortable/Post_Process/Walk_Comfortable6.csv,walk_comfortable,2,train
YX024,Session1,overground,walk,comfortable,Overground_Walk,Walk_Comfortable,/home/kwnuk/WKIRO-Project/data/YX024/Session1/Overground_Walk/Walk_Comfortable/Post_Process/Walk_Comfortable7.csv,walk_comfortable,2,val
YX024,Session1,overground,walk,comfortable,Overground_Walk,Walk_Comfortable,/home/kwnuk/WKIRO-Project/data/YX024/Session1/Overground_Walk/Walk_Comfortable/Post_Process/Walk_Comfortable8.csv,walk_comfortable,2,train
YX024,Session1,overground,walk,fast,Overground_Walk,Walk_Fast,/home/kwnuk/WKIRO-Project/data/YX024/Session1/Overground_Walk/Walk_Fast/Post_Process/Walk_Fast1.csv,walk_fast,3,train
YX024,Session1,overground,walk,fast,Overground_Walk,Walk_Fast,/home/kwnuk/WKIRO-Project/data/YX024/Session1/Overground_Walk/Walk_Fast/Post_Process/Walk_Fast2.csv,walk_fast,3,train
YX024,Session1,overground,walk,fast,Overground_Walk,Walk_Fast,/home/kwnuk/WKIRO-Project/data/YX024/Session1/Overground_Walk/Walk_Fast/Post_Process/Walk_Fast3.csv,walk_fast,3,val
YX024,Session1,overground,walk,fast,Overground_Walk,Walk_Fast,/home/kwnuk/WKIRO-Project/data/YX024/Session1/Overground_Walk/Walk_Fast/Post_Process/Walk_Fast4.csv,walk_fast,3,train
YX024,Session1,overground,walk,fast,Overground_Walk,Walk_Fast,/home/kwnuk/WKIRO-Project/data/YX024/Session1/Overground_Walk/Walk_Fast/Post_Process/Walk_Fast5.csv,walk_fast,3,train
YX024,Session1,overground,walk,fast,Overground_Walk,Walk_Fast,/home/kwnuk/WKIRO-Project/data/YX024/Session1/Overground_Walk/Walk_Fast/Post_Process/Walk_Fast6.csv,walk_fast,3,val
YX024,Session1,overground,walk,slow,Overground_Walk,Walk_Slow,/home/kwnuk/WKIRO-Project/data/YX024/Session1/Overground_Walk/Walk_Slow/Post_Process/Walk_Slow1.csv,walk_slow,4,train
YX024,Session1,overground,walk,slow,Overground_Walk,Walk_Slow,/home/kwnuk/WKIRO-Project/data/YX024/Session1/Overground_Walk/Walk_Slow/Post_Process/Walk_Slow2.csv,walk_slow,4,val
YX024,Session1,overground,walk,slow,Overground_Walk,Walk_Slow,/home/kwnuk/WKIRO-Project/data/YX024/Session1/Overground_Walk/Walk_Slow/Post_Process/Walk_Slow3.csv,walk_slow,4,train
YX024,Session1,overground,walk,slow,Overground_Walk,Walk_Slow,/home/kwnuk/WKIRO-Project/data/YX024/Session1/Overground_Walk/Walk_Slow/Post_Process/Walk_Slow4.csv,walk_slow,4,train
YX024,Session1,overground,walk,slow,Overground_Walk,Walk_Slow,/home/kwnuk/WKIRO-Project/data/YX024/Session1/Overground_Walk/Walk_Slow/Post_Process/Walk_Slow5.csv,walk_slow,4,train
YX024,Session1,overground,walk,slow,Overground_Walk,Walk_Slow,/home/kwnuk/WKIRO-Project/data/YX024/Session1/Overground_Walk/Walk_Slow/Post_Process/Walk_Slow6.csv,walk_slow,4,test
YX024,Session1,treadmill,run,comfortable,Treadmill_Run,Treadmill_Run_Comfortable,/home/kwnuk/WKIRO-Project/data/YX024/Session1/Treadmill_Run/Treadmill_Run_Comfortable/Post_Process/Treadmill_Run_Comfortable.csv,run_comfortable,0,train
YX024,Session1,treadmill,run,fast,Treadmill_Run,Treadmill_Run_Fast,/home/kwnuk/WKIRO-Project/data/YX024/Session1/Treadmill_Run/Treadmill_Run_Fast/Post_Process/Treadmill_Run_Fast.csv,run_fast,1,train
YX024,Session1,treadmill,walk,comfortable,Treadmill_Walk,Treadmill_Walk_Comfortable,/home/kwnuk/WKIRO-Project/data/YX024/Session1/Treadmill_Walk/Treadmill_Walk_Comfortable/Post_Process/Treadmill_Walk_Comfortable.csv,walk_comfortable,2,test
YX024,Session1,treadmill,walk,fast,Treadmill_Walk,Treadmill_Walk_Fast,/home/kwnuk/WKIRO-Project/data/YX024/Session1/Treadmill_Walk/Treadmill_Walk_Fast/Post_Process/Treadmill_Walk_Fast.csv,walk_fast,3,train
YX024,Session1,treadmill,walk,slow,Treadmill_Walk,Treadmill_Walk_Slow,/home/kwnuk/WKIRO-Project/data/YX024/Session1/Treadmill_Walk/Treadmill_Walk_Slow/Post_Process/Treadmill_Walk_Slow.csv,walk_slow,4,train
YX024,Session2,overground,run,comfortable,Overground_Run,Run_Comfortable,/home/kwnuk/WKIRO-Project/data/YX024/Session2/Overground_Run/Run_Comfortable/Post_Process/Run_Comfortable1.csv,run_comfortable,0,val
YX024,Session2,overground,run,comfortable,Overground_Run,Run_Comfortable,/home/kwnuk/WKIRO-Project/data/YX024/Session2/Overground_Run/Run_Comfortable/Post_Process/Run_Comfortable10.csv,run_comfortable,0,train
YX024,Session2,overground,run,comfortable,Overground_Run,Run_Comfortable,/home/kwnuk/WKIRO-Project/data/YX024/Session2/Overground_Run/Run_Comfortable/Post_Process/Run_Comfortable2.csv,run_comfortable,0,train
YX024,Session2,overground,run,comfortable,Overground_Run,Run_Comfortable,/home/kwnuk/WKIRO-Project/data/YX024/Session2/Overground_Run/Run_Comfortable/Post_Process/Run_Comfortable3.csv,run_comfortable,0,train
YX024,Session2,overground,run,comfortable,Overground_Run,Run_Comfortable,/home/kwnuk/WKIRO-Project/data/YX024/Session2/Overground_Run/Run_Comfortable/Post_Process/Run_Comfortable4.csv,run_comfortable,0,train
YX024,Session2,overground,run,comfortable,Overground_Run,Run_Comfortable,/home/kwnuk/WKIRO-Project/data/YX024/Session2/Overground_Run/Run_Comfortable/Post_Process/Run_Comfortable5.csv,run_comfortable,0,test
YX024,Session2,overground,run,comfortable,Overground_Run,Run_Comfortable,/home/kwnuk/WKIRO-Project/data/YX024/Session2/Overground_Run/Run_Comfortable/Post_Process/Run_Comfortable6.csv,run_comfortable,0,train
YX024,Session2,overground,run,comfortable,Overground_Run,Run_Comfortable,/home/kwnuk/WKIRO-Project/data/YX024/Session2/Overground_Run/Run_Comfortable/Post_Process/Run_Comfortable7.csv,run_comfortable,0,train
YX024,Session2,overground,run,comfortable,Overground_Run,Run_Comfortable,/home/kwnuk/WKIRO-Project/data/YX024/Session2/Overground_Run/Run_Comfortable/Post_Process/Run_Comfortable8.csv,run_comfortable,0,test
YX024,Session2,overground,run,comfortable,Overground_Run,Run_Comfortable,/home/kwnuk/WKIRO-Project/data/YX024/Session2/Overground_Run/Run_Comfortable/Post_Process/Run_Comfortable9.csv,run_comfortable,0,train
YX024,Session2,overground,run,fast,Overground_Run,Run_Fast,/home/kwnuk/WKIRO-Project/data/YX024/Session2/Overground_Run/Run_Fast/Post_Process/Run_Fast1.csv,run_fast,1,train
YX024,Session2,overground,run,fast,Overground_Run,Run_Fast,/home/kwnuk/WKIRO-Project/data/YX024/Session2/Overground_Run/Run_Fast/Post_Process/Run_Fast2.csv,run_fast,1,val
YX024,Session2,overground,run,fast,Overground_Run,Run_Fast,/home/kwnuk/WKIRO-Project/data/YX024/Session2/Overground_Run/Run_Fast/Post_Process/Run_Fast3.csv,run_fast,1,train
YX024,Session2,overground,run,fast,Overground_Run,Run_Fast,/home/kwnuk/WKIRO-Project/data/YX024/Session2/Overground_Run/Run_Fast/Post_Process/Run_Fast4.csv,run_fast,1,train
YX024,Session2,overground,run,fast,Overground_Run,Run_Fast,/home/kwnuk/WKIRO-Project/data/YX024/Session2/Overground_Run/Run_Fast/Post_Process/Run_Fast5.csv,run_fast,1,val
YX024,Session2,overground,run,fast,Overground_Run,Run_Fast,/home/kwnuk/WKIRO-Project/data/YX024/Session2/Overground_Run/Run_Fast/Post_Process/Run_Fast6.csv,run_fast,1,test
YX024,Session2,overground,run,fast,Overground_Run,Run_Fast,/home/kwnuk/WKIRO-Project/data/YX024/Session2/Overground_Run/Run_Fast/Post_Process/Run_Fast7.csv,run_fast,1,train
YX024,Session2,overground,run,fast,Overground_Run,Run_Fast,/home/kwnuk/WKIRO-Project/data/YX024/Session2/Overground_Run/Run_Fast/Post_Process/Run_Fast8.csv,run_fast,1,train
YX024,Session2,overground,run,fast,Overground_Run,Run_Fast,/home/kwnuk/WKIRO-Project/data/YX024/Session2/Overground_Run/Run_Fast/Post_Process/Run_Fast9.csv,run_fast,1,train
YX024,Session2,overground,walk,comfortable,Overground_Walk,Walk_Comfortable,/home/kwnuk/WKIRO-Project/data/YX024/Session2/Overground_Walk/Walk_Comfortable/Post_Process/Walk_Comfortable1.csv,walk_comfortable,2,test
YX024,Session2,overground,walk,comfortable,Overground_Walk,Walk_Comfortable,/home/kwnuk/WKIRO-Project/data/YX024/Session2/Overground_Walk/Walk_Comfortable/Post_Process/Walk_Comfortable2.csv,walk_comfortable,2,train
YX024,Session2,overground,walk,comfortable,Overground_Walk,Walk_Comfortable,/home/kwnuk/WKIRO-Project/data/YX024/Session2/Overground_Walk/Walk_Comfortable/Post_Process/Walk_Comfortable3.csv,walk_comfortable,2,test
YX024,Session2,overground,walk,comfortable,Overground_Walk,Walk_Comfortable,/home/kwnuk/WKIRO-Project/data/YX024/Session2/Overground_Walk/Walk_Comfortable/Post_Process/Walk_Comfortable4.csv,walk_comfortable,2,val
YX024,Session2,overground,walk,comfortable,Overground_Walk,Walk_Comfortable,/home/kwnuk/WKIRO-Project/data/YX024/Session2/Overground_Walk/Walk_Comfortable/Post_Process/Walk_Comfortable5.csv,walk_comfortable,2,train
YX024,Session2,overground,walk,comfortable,Overground_Walk,Walk_Comfortable,/home/kwnuk/WKIRO-Project/data/YX024/Session2/Overground_Walk/Walk_Comfortable/Post_Process/Walk_Comfortable6.csv,walk_comfortable,2,train
YX024,Session2,overground,walk,comfortable,Overground_Walk,Walk_Comfortable,/home/kwnuk/WKIRO-Project/data/YX024/Session2/Overground_Walk/Walk_Comfortable/Post_Process/Walk_Comfortable7.csv,walk_comfortable,2,val
YX024,Session2,overground,walk,comfortable,Overground_Walk,Walk_Comfortable,/home/kwnuk/WKIRO-Project/data/YX024/Session2/Overground_Walk/Walk_Comfortable/Post_Process/Walk_Comfortable8.csv,walk_comfortable,2,train
YX024,Session2,overground,walk,fast,Overground_Walk,Walk_Fast,/home/kwnuk/WKIRO-Project/data/YX024/Session2/Overground_Walk/Walk_Fast/Post_Process/Walk_Fast1.csv,walk_fast,3,test
YX024,Session2,overground,walk,fast,Overground_Walk,Walk_Fast,/home/kwnuk/WKIRO-Project/data/YX024/Session2/Overground_Walk/Walk_Fast/Post_Process/Walk_Fast2.csv,walk_fast,3,train
YX024,Session2,overground,walk,fast,Overground_Walk,Walk_Fast,/home/kwnuk/WKIRO-Project/data/YX024/Session2/Overground_Walk/Walk_Fast/Post_Process/Walk_Fast3.csv,walk_fast,3,train
YX024,Session2,overground,walk,fast,Overground_Walk,Walk_Fast,/home/kwnuk/WKIRO-Project/data/YX024/Session2/Overground_Walk/Walk_Fast/Post_Process/Walk_Fast4.csv,walk_fast,3,test
YX024,Session2,overground,walk,fast,Overground_Walk,Walk_Fast,/home/kwnuk/WKIRO-Project/data/YX024/Session2/Overground_Walk/Walk_Fast/Post_Process/Walk_Fast5.csv,walk_fast,3,train
YX024,Session2,overground,walk,fast,Overground_Walk,Walk_Fast,/home/kwnuk/WKIRO-Project/data/YX024/Session2/Overground_Walk/Walk_Fast/Post_Process/Walk_Fast6.csv,walk_fast,3,val
YX024,Session2,overground,walk,fast,Overground_Walk,Walk_Fast,/home/kwnuk/WKIRO-Project/data/YX024/Session2/Overground_Walk/Walk_Fast/Post_Process/Walk_Fast7.csv,walk_fast,3,train
YX024,Session2,overground,walk,fast,Overground_Walk,Walk_Fast,/home/kwnuk/WKIRO-Project/data/YX024/Session2/Overground_Walk/Walk_Fast/Post_Process/Walk_Fast8.csv,walk_fast,3,train
YX024,Session2,overground,walk,slow,Overground_Walk,Walk_Slow,/home/kwnuk/WKIRO-Project/data/YX024/Session2/Overground_Walk/Walk_Slow/Post_Process/Walk_Slow1.csv,walk_slow,4,test
YX024,Session2,overground,walk,slow,Overground_Walk,Walk_Slow,/home/kwnuk/WKIRO-Project/data/YX024/Session2/Overground_Walk/Walk_Slow/Post_Process/Walk_Slow2.csv,walk_slow,4,val
YX024,Session2,overground,walk,slow,Overground_Walk,Walk_Slow,/home/kwnuk/WKIRO-Project/data/YX024/Session2/Overground_Walk/Walk_Slow/Post_Process/Walk_Slow3.csv,walk_slow,4,train
YX024,Session2,overground,walk,slow,Overground_Walk,Walk_Slow,/home/kwnuk/WKIRO-Project/data/YX024/Session2/Overground_Walk/Walk_Slow/Post_Process/Walk_Slow4.csv,walk_slow,4,train
YX024,Session2,overground,walk,slow,Overground_Walk,Walk_Slow,/home/kwnuk/WKIRO-Project/data/YX024/Session2/Overground_Walk/Walk_Slow/Post_Process/Walk_Slow5.csv,walk_slow,4,train
YX024,Session2,overground,walk,slow,Overground_Walk,Walk_Slow,/home/kwnuk/WKIRO-Project/data/YX024/Session2/Overground_Walk/Walk_Slow/Post_Process/Walk_Slow6.csv,walk_slow,4,train
YX024,Session2,overground,walk,slow,Overground_Walk,Walk_Slow,/home/kwnuk/WKIRO-Project/data/YX024/Session2/Overground_Walk/Walk_Slow/Post_Process/Walk_Slow7.csv,walk_slow,4,train
YX024,Session2,overground,walk,slow,Overground_Walk,Walk_Slow,/home/kwnuk/WKIRO-Project/data/YX024/Session2/Overground_Walk/Walk_Slow/Post_Process/Walk_Slow8.csv,walk_slow,4,train
YX024,Session2,treadmill,run,comfortable,Treadmill_Run,Treadmill_Run_Comfortable,/home/kwnuk/WKIRO-Project/data/YX024/Session2/Treadmill_Run/Treadmill_Run_Comfortable/Post_Process/Treadmill_Run_Comfortable.csv,run_comfortable,0,train
YX024,Session2,treadmill,run,fast,Treadmill_Run,Treadmill_Run_Fast,/home/kwnuk/WKIRO-Project/data/YX024/Session2/Treadmill_Run/Treadmill_Run_Fast/Post_Process/Treadmill_Run_Fast.csv,run_fast,1,train
YX024,Session2,treadmill,walk,comfortable,Treadmill_Walk,Treadmill_Walk_Comfortable,/home/kwnuk/WKIRO-Project/data/YX024/Session2/Treadmill_Walk/Treadmill_Walk_Comfortable/Post_Process/Treadmill_Walk_Comfortable.csv,walk_comfortable,2,train
YX024,Session2,treadmill,walk,fast,Treadmill_Walk,Treadmill_Walk_Fast,/home/kwnuk/WKIRO-Project/data/YX024/Session2/Treadmill_Walk/Treadmill_Walk_Fast/Post_Process/Treadmill_Walk_Fast.csv,walk_fast,3,train
YX024,Session2,treadmill,walk,slow,Treadmill_Walk,Treadmill_Walk_Slow,/home/kwnuk/WKIRO-Project/data/YX024/Session2/Treadmill_Walk/Treadmill_Walk_Slow/Post_Process/Treadmill_Walk_Slow.csv,walk_slow,4,val
