source_path,n_windows,participant_id,session,environment,activity,condition,y_true,y_true_name,y_pred,y_pred_name,confidence,proba_run_comfortable,proba_run_fast,proba_walk_comfortable,proba_walk_fast,proba_walk_slow
C:/Users/KUBA/GitProjects/WKIRO-Project/data/AJ026/Session1/Overground_Run/Run_Comfortable/Post_Process/Run_Comfortable10.csv,2,AJ026,Session1,overground,run,comfortable,0,run_comfortable,0,run_comfortable,0.999397873878479,0.999397873878479,0.000557999184820801,1.2129447895858902e-05,2.412184767308645e-05,7.941407602629624e-06
C:/Users/KUBA/GitProjects/WKIRO-Project/data/AJ026/Session1/Overground_Run/Run_Comfortable/Post_Process/Run_Comfortable8.csv,2,AJ026,Session1,overground,run,comfortable,0,run_comfortable,0,run_comfortable,0.999783992767334,0.999783992767334,0.0001823183847591281,9.08648689801339e-06,2.077058161376044e-05,3.89020442526089e-06
C:/Users/KUBA/GitProjects/WKIRO-Project/data/AJ026/Session1/Overground_Run/Run_Fast/Post_Process/Run_Fast3.csv,1,AJ026,Session1,overground,run,fast,1,run_fast,1,run_fast,0.9153056740760803,0.07599575072526932,0.9153056740760803,0.002173087792471051,0.0036209532991051674,0.002904618624597788
C:/Users/KUBA/GitProjects/WKIRO-Project/data/AJ026/Session1/Overground_Walk/Walk_Comfortable/Post_Process/Walk_Comfortable4.csv,5,AJ026,Session1,overground,walk,comfortable,2,walk_comfortable,2,walk_comfortable,0.9376770853996277,0.00011648235522443429,0.00033898960100486875,0.9376770853996277,0.0486656092107296,0.013201901689171791
C:/Users/KUBA/GitProjects/WKIRO-Project/data/AJ026/Session1/Overground_Walk/Walk_Fast/Post_Process/Walk_Fast6.csv,4,AJ026,Session1,overground,walk,fast,3,walk_fast,3,walk_fast,0.8839495182037354,0.0004748360952362418,0.0004975948249921203,0.11341667175292969,0.8839495182037354,0.0016614155611023307
C:/Users/KUBA/GitProjects/WKIRO-Project/data/AJ026/Session1/Overground_Walk/Walk_Slow/Post_Process/Walk_Slow1.csv,9,AJ026,Session1,overground,walk,slow,4,walk_slow,4,walk_slow,0.7432671785354614,0.0032121839467436075,0.0053182123228907585,0.17402023077011108,0.0741821900010109,0.7432671785354614
C:/Users/KUBA/GitProjects/WKIRO-Project/data/AJ026/Session1/Overground_Walk/Walk_Slow/Post_Process/Walk_Slow6.csv,8,AJ026,Session1,overground,walk,slow,4,walk_slow,4,walk_slow,0.5425302386283875,0.00017288560047745705,0.00017316272715106606,0.4567826986312866,0.0003409959317650646,0.5425302386283875
C:/Users/KUBA/GitProjects/WKIRO-Project/data/AJ026/Session1/Overground_Walk/Walk_Slow/Post_Process/Walk_Slow8.csv,7,AJ026,Session1,overground,walk,slow,4,walk_slow,4,walk_slow,0.99675452709198,6.562301223311806e-06,2.082915489154402e-05,0.0032088272273540497,9.286813110520598e-06,0.99675452709198
C:/Users/KUBA/GitProjects/WKIRO-Project/data/AJ026/Session2/Overground_Run/Run_Comfortable/Post_Process/Run_Comfortable3.csv,3,AJ026,Session2,overground,run,comfortable,0,run_comfortable,0,run_comfortable,0.7493817210197449,0.7493817210197449,0.2239273637533188,0.007892082445323467,0.013534198515117168,0.005264762789011002
C:/Users/KUBA/GitProjects/WKIRO-Project/data/AJ026/Session2/Overground_Run/Run_Fast/Post_Process/Run_Fast2.csv,1,AJ026,Session2,overground,run,fast,1,run_fast,1,run_fast,0.9981566071510315,0.0016197661170735955,0.9981566071510315,5.436397987068631e-05,0.00012676691403612494,4.248906407156028e-05
C:/Users/KUBA/GitProjects/WKIRO-Project/data/AJ026/Session2/Overground_Run/Run_Fast/Post_Process/Run_Fast6.csv,1,AJ026,Session2,overground,run,fast,1,run_fast,1,run_fast,0.9976074695587158,0.0021119166631251574,0.9976074695587158,6.465198384830728e-05,0.00016808083455543965,4.7937719500623643e-05
C:/Users/KUBA/GitProjects/WKIRO-Project/data/AJ026/Session2/Overground_Walk/Walk_Comfortable/Post_Process/Walk_Comfortable3.csv,5,AJ026,Session2,overground,walk,comfortable,2,walk_comfortable,4,walk_slow,0.41601818799972534,0.0038779601454734802,0.005356057547032833,0.3131735622882843,0.2615742087364197,0.41601818799972534
C:/Users/KUBA/GitProjects/WKIRO-Project/data/AJ026/Session2/Overground_Walk/Walk_Fast/Post_Process/Walk_Fast6.csv,3,AJ026,Session2,overground,walk,fast,3,walk_fast,3,walk_fast,0.9981991648674011,5.868082735105418e-05,0.00030180299654603004,0.0013853252166882157,0.9981991648674011,5.5008207709761336e-05
C:/Users/KUBA/GitProjects/WKIRO-Project/data/BD004/Session1/Overground_Run/Run_Comfortable/Post_Process/Run_Comfortable2.csv,2,BD004,Session1,overground,run,comfortable,0,run_comfortable,0,run_comfortable,0.9997426271438599,0.9997426271438599,0.00021166919032111764,1.7266240320168436e-05,4.5745082388748415e-06,2.3831164071452804e-05
C:/Users/KUBA/GitProjects/WKIRO-Project/data/BD004/Session1/Overground_Run/Run_Fast/Post_Process/Run_Fast10.csv,1,BD004,Session1,overground,run,fast,1,run_fast,1,run_fast,0.9892783164978027,0.009964261204004288,0.9892783164978027,0.00026418716879561543,0.0004363518091849983,5.6911954743554816e-05
C:/Users/KUBA/GitProjects/WKIRO-Project/data/BD004/Session1/Overground_Run/Run_Fast/Post_Process/Run_Fast9.csv,1,BD004,Session1,overground,run,fast,1,run_fast,0,run_comfortable,0.658477783203125,0.658477783203125,0.32563892006874084,0.0042272224090993404,0.007469953969120979,0.004186179954558611
C:/Users/KUBA/GitProjects/WKIRO-Project/data/BD004/Session1/Overground_Walk/Walk_Comfortable/Post_Process/Walk_Comfortable2.csv,4,BD004,Session1,overground,walk,comfortable,2,walk_comfortable,2,walk_comfortable,0.981539249420166,4.366344364825636e-05,0.00011133798398077488,0.981539249420166,0.014218335971236229,0.004087360575795174
C:/Users/KUBA/GitProjects/WKIRO-Project/data/BD004/Session1/Overground_Walk/Walk_Comfortable/Post_Process/Walk_Comfortable3.csv,5,BD004,Session1,overground,walk,comfortable,2,walk_comfortable,4,walk_slow,0.6568854451179504,0.0020841581281274557,0.0029818967450410128,0.25988829135894775,0.07816018164157867,0.6568854451179504
C:/Users/KUBA/GitProjects/WKIRO-Project/data/BD004/Session1/Overground_Walk/Walk_Fast/Post_Process/Walk_Fast6.csv,2,BD004,Session1,overground,walk,fast,3,walk_fast,3,walk_fast,0.9882827997207642,8.905053255148232e-05,0.0005394435720518231,0.01093284785747528,0.9882827997207642,0.0001558156218379736
C:/Users/KUBA/GitProjects/WKIRO-Project/data/BD004/Session1/Overground_Walk/Walk_Slow/Post_Process/Walk_Slow6.csv,8,BD004,Session1,overground,walk,slow,4,walk_slow,4,walk_slow,0.9964810609817505,1.1997273759334348e-05,3.076064967899583e-05,0.0034656364005059004,1.0539322829572484e-05,0.9964810609817505
C:/Users/KUBA/GitProjects/WKIRO-Project/data/BD004/Session1/Treadmill_Run/Treadmill_Run_Comfortable/Post_Process/Treadmill_Run_Comfortable.csv,119,BD004,Session1,treadmill,run,comfortable,0,run_comfortable,0,run_comfortable,0.9129444360733032,0.9129444360733032,0.07109493762254715,0.002179450821131468,0.012333453632891178,0.0014478062512353063
C:/Users/KUBA/GitProjects/WKIRO-Project/data/BD004/Session2/Overground_Run/Run_Comfortable/Post_Process/Run_Comfortable2.csv,2,BD004,Session2,overground,run,comfortable,0,run_comfortable,0,run_comfortable,0.9995742440223694,0.9995742440223694,0.0003659451613202691,2.1334344637580216e-05,6.347005182760768e-06,3.214801108697429e-05
C:/Users/KUBA/GitProjects/WKIRO-Project/data/BD004/Session2/Overground_Run/Run_Comfortable/Post_Process/Run_Comfortable6.csv,1,BD004,Session2,overground,run,comfortable,0,run_comfortable,0,run_comfortable,0.9994595646858215,0.9994595646858215,0.0004988707369193435,1.8722135791904293e-05,8.97677819011733e-06,1.3985958503326401e-05
C:/Users/KUBA/GitProjects/WKIRO-Project/data/BD004/Session2/Overground_Run/Run_Fast/Post_Process/Run_Fast13.csv,2,BD004,Session2,overground,run,fast,1,run_fast,0,run_comfortable,0.5376029014587402,0.5376029014587402,0.4458538293838501,0.004159226547926664,0.008246397599577904,0.004137594718486071
C:/Users/KUBA/GitProjects/WKIRO-Project/data/BD004/Session2/Overground_Run/Run_Fast/Post_Process/Run_Fast7.csv,2,BD004,Session2,overground,run,fast,1,run_fast,0,run_comfortable,0.660462498664856,0.660462498664856,0.3281180262565613,0.003498452715575695,0.004769603256136179,0.003151443088427186
C:/Users/KUBA/GitProjects/WKIRO-Project/data/BD004/Session2/Overground_Run/Run_Fast/Post_Process/Run_Fast9.csv,2,BD004,Session2,overground,run,fast,1,run_fast,0,run_comfortable,0.719709038734436,0.719709038734436,0.2663249969482422,0.00417315773665905,0.006341339088976383,0.003451477736234665
C:/Users/KUBA/GitProjects/WKIRO-Project/data/BD004/Session2/Overground_Walk/Walk_Fast/Post_Process/Walk_Fast3.csv,2,BD004,Session2,overground,walk,fast,3,walk_fast,3,walk_fast,0.6881284713745117,0.007710492238402367,0.006487423554062843,0.19596165418624878,0.6881284713745117,0.10171198844909668
C:/Users/KUBA/GitProjects/WKIRO-Project/data/BD004/Session2/Overground_Walk/Walk_Fast/Post_Process/Walk_Fast5.csv,2,BD004,Session2,overground,walk,fast,3,walk_fast,3,walk_fast,0.7296749353408813,0.008210666477680206,0.005628569982945919,0.18442796170711517,0.7296749353408813,0.07205788791179657
C:/Users/KUBA/GitProjects/WKIRO-Project/data/BD004/Session2/Overground_Walk/Walk_Slow/Post_Process/Walk_Slow3.csv,8,BD004,Session2,overground,walk,slow,4,walk_slow,4,walk_slow,0.808265745639801,0.002025983529165387,0.0032777502201497555,0.14617235958576202,0.040258169174194336,0.808265745639801
C:/Users/KUBA/GitProjects/WKIRO-Project/data/BL025/Session1/Overground_Run/Run_Fast/Post_Process/Run_Fast10.csv,1,BL025,Session1,overground,run,fast,1,run_fast,1,run_fast,0.9566836357116699,0.03909607231616974,0.9566836357116699,0.0005078288959339261,0.0008887145086191595,0.0028237232472747564
C:/Users/KUBA/GitProjects/WKIRO-Project/data/BL025/Session1/Overground_Walk/Walk_Comfortable/Post_Process/Walk_Comfortable6.csv,5,BL025,Session1,overground,walk,comfortable,2,walk_comfortable,2,walk_comfortable,0.9313375353813171,0.00014649712829850614,0.0007203525165095925,0.9313375353813171,0.014133624732494354,0.05366198346018791
C:/Users/KUBA/GitProjects/WKIRO-Project/data/BL025/Session1/Overground_Walk/Walk_Fast/Post_Process/Walk_Fast4.csv,4,BL025,Session1,overground,walk,fast,3,walk_fast,3,walk_fast,0.9733794927597046,0.000128660598420538,0.00044805294601246715,0.0252318624407053,0.9733794927597046,0.0008119302801787853
C:/Users/KUBA/GitProjects/WKIRO-Project/data/BL025/Session1/Overground_Walk/Walk_Slow/Post_Process/Walk_Slow3.csv,10,BL025,Session1,overground,walk,slow,4,walk_slow,4,walk_slow,0.7141556143760681,0.0027637346647679806,0.0035219714045524597,0.1995297372341156,0.08002889901399612,0.7141556143760681
C:/Users/KUBA/GitProjects/WKIRO-Project/data/BL025/Session1/Overground_Walk/Walk_Slow/Post_Process/Walk_Slow6.csv,7,BL025,Session1,overground,walk,slow,4,walk_slow,4,walk_slow,0.9649414420127869,4.089166031917557e-05,0.00016442177002318203,0.034633006900548935,0.00022029604588169605,0.9649414420127869
C:/Users/KUBA/GitProjects/WKIRO-Project/data/BL025/Session1/Treadmill_Walk/Treadmill_Walk_Fast/Post_Process/Treadmill_Walk_Fast.csv,121,BL025,Session1,treadmill,walk,fast,3,walk_fast,2,walk_comfortable,0.8500762581825256,0.0001676789834164083,0.0007013007998466492,0.8500762581825256,0.13753189146518707,0.011522824876010418
C:/Users/KUBA/GitProjects/WKIRO-Project/data/BL025/Session2/Overground_Run/Run_Comfortable/Post_Process/Run_Comfortable2.csv,2,BL025,Session2,overground,run,comfortable,0,run_comfortable,1,run_fast,0.9442669749259949,0.05505799129605293,0.9442669749259949,0.00029682734748348594,0.00016796290583442897,0.00021023904264438897
C:/Users/KUBA/GitProjects/WKIRO-Project/data/BL025/Session2/Overground_Run/Run_Comfortable/Post_Process/Run_Comfortable4.csv,1,BL025,Session2,overground,run,comfortable,0,run_comfortable,1,run_fast,0.9551304578781128,0.044231317937374115,0.9551304578781128,0.0002590496151242405,0.00010357267456129193,0.00027561598108150065
C:/Users/KUBA/GitProjects/WKIRO-Project/data/BL025/Session2/Overground_Run/Run_Comfortable/Post_Process/Run_Comfortable5.csv,1,BL025,Session2,overground,run,comfortable,0,run_comfortable,1,run_fast,0.8254482746124268,0.1700606793165207,0.8254482746124268,0.0008319900371134281,0.001501881517469883,0.002157137729227543
C:/Users/KUBA/GitProjects/WKIRO-Project/data/BL025/Session2/Overground_Walk/Walk_Comfortable/Post_Process/Walk_Comfortable6.csv,4,BL025,Session2,overground,walk,comfortable,2,walk_comfortable,2,walk_comfortable,0.9782922863960266,4.440718475962058e-05,0.0002670878602657467,0.9782922863960266,0.00418179202824831,0.017214486375451088
C:/Users/KUBA/GitProjects/WKIRO-Project/data/BL025/Session2/Overground_Walk/Walk_Fast/Post_Process/Walk_Fast4.csv,2,BL025,Session2,overground,walk,fast,3,walk_fast,3,walk_fast,0.9591888189315796,0.002278334926813841,0.01052936352789402,0.027307216078042984,0.9591888189315796,0.0006963571649976075
C:/Users/KUBA/GitProjects/WKIRO-Project/data/BL025/Session2/Overground_Walk/Walk_Slow/Post_Process/Walk_Slow1.csv,9,BL025,Session2,overground,walk,slow,4,walk_slow,4,walk_slow,0.7742890119552612,0.0023290524259209633,0.003167293034493923,0.15775592625141144,0.06245868653059006,0.7742890119552612
C:/Users/KUBA/GitProjects/WKIRO-Project/data/CF027/Session1/Overground_Run/Run_Comfortable/Post_Process/Run_Comfortable1.csv,3,CF027,Session1,overground,run,comfortable,0,run_comfortable,0,run_comfortable,0.8861069679260254,0.8861069679260254,0.09705149382352829,0.005746353883296251,0.007616989314556122,0.0034781377762556076
C:/Users/KUBA/GitProjects/WKIRO-Project/data/CF027/Session1/Overground_Run/Run_Comfortable/Post_Process/Run_Comfortable6.csv,3,CF027,Session1,overground,run,comfortable,0,run_comfortable,0,run_comfortable,0.8916167616844177,0.8916167616844177,0.08981899172067642,0.0064107985235750675,0.008312602527439594,0.0038408644031733274
C:/Users/KUBA/GitProjects/WKIRO-Project/data/CF027/Session1/Overground_Walk/Walk_Fast/Post_Process/Walk_Fast4.csv,3,CF027,Session1,overground,walk,fast,3,walk_fast,3,walk_fast,0.9872055649757385,4.175599315203726e-05,0.0002825215342454612,0.01235904823988676,0.9872055649757385,0.00011106592137366533
C:/Users/KUBA/GitProjects/WKIRO-Project/data/CF027/Session1/Overground_Walk/Walk_Slow/Post_Process/Walk_Slow3.csv,9,CF027,Session1,overground,walk,slow,4,walk_slow,4,walk_slow,0.6456765532493591,0.00399647606536746,0.002897529862821102,0.26827701926231384,0.07915239781141281,0.6456765532493591
C:/Users/KUBA/GitProjects/WKIRO-Project/data/CF027/Session1/Overground_Walk/Walk_Slow/Post_Process/Walk_Slow4.csv,6,CF027,Session1,overground,walk,slow,4,walk_slow,4,walk_slow,0.9938993453979492,8.988190529635176e-05,4.1986782889580354e-05,0.0059569403529167175,1.1842774256365374e-05,0.9938993453979492
C:/Users/KUBA/GitProjects/WKIRO-Project/data/CF027/Session1/Treadmill_Run/Treadmill_Run_Comfortable/Post_Process/Treadmill_Run_Comfortable.csv,119,CF027,Session1,treadmill,run,comfortable,0,run_comfortable,1,run_fast,0.7707263231277466,0.22683580219745636,0.7707263231277466,0.0009004404419101775,0.0010999843943864107,0.00043742574052885175
C:/Users/KUBA/GitProjects/WKIRO-Project/data/CF027/Session2/Overground_Run/Run_Fast/Post_Process/Run_Fast6.csv,1,CF027,Session2,overground,run,fast,1,run_fast,1,run_fast,0.9803850650787354,0.018797066062688828,0.9803850650787354,0.0003132051497232169,0.0002630197268445045,0.000241549510974437
C:/Users/KUBA/GitProjects/WKIRO-Project/data/CF027/Session2/Overground_Run/Run_Fast/Post_Process/Run_Fast7.csv,1,CF027,Session2,overground,run,fast,1,run_fast,1,run_fast,0.8296283483505249,0.13992732763290405,0.8296283483505249,0.009629596024751663,0.007708018179982901,0.01310668047517538
C:/Users/KUBA/GitProjects/WKIRO-Project/data/CF027/Session2/Overground_Walk/Walk_Comfortable/Post_Process/Walk_Comfortable4.csv,4,CF027,Session2,overground,walk,comfortable,2,walk_comfortable,2,walk_comfortable,0.9286446571350098,0.00012436436372809112,0.0002725243684835732,0.9286446571350098,0.06345827132463455,0.007500170264393091
C:/Users/KUBA/GitProjects/WKIRO-Project/data/CF027/Session2/Overground_Walk/Walk_Fast/Post_Process/Walk_Fast1.csv,4,CF027,Session2,overground,walk,fast,3,walk_fast,3,walk_fast,0.45632582902908325,0.006550637073814869,0.003370770253241062,0.43012040853500366,0.45632582902908325,0.10363239794969559
C:/Users/KUBA/GitProjects/WKIRO-Project/data/CF027/Session2/Treadmill_Run/Treadmill_Run_Fast/Post_Process/Treadmill_Run_Fast.csv,119,CF027,Session2,treadmill,run,fast,1,run_fast,1,run_fast,0.9838196635246277,0.015284162014722824,0.9838196635246277,0.0003367927565705031,0.0004348029033280909,0.0001247017935384065
C:/Users/KUBA/GitProjects/WKIRO-Project/data/CF027/Session2/Treadmill_Walk/Treadmill_Walk_Comfortable/Post_Process/Treadmill_Walk_Comfortable.csv,119,CF027,Session2,treadmill,walk,comfortable,2,walk_comfortable,2,walk_comfortable,0.9130027294158936,0.000412118824897334,0.00018009393534157425,0.9130027294158936,0.07100072503089905,0.015404311008751392
C:/Users/KUBA/GitProjects/WKIRO-Project/data/CF027/Session2/Treadmill_Walk/Treadmill_Walk_Fast/Post_Process/Treadmill_Walk_Fast.csv,119,CF027,Session2,treadmill,walk,fast,3,walk_fast,3,walk_fast,0.9894016981124878,1.9677545424201526e-05,7.521040242863819e-05,0.010468359105288982,0.9894016981124878,3.5086974094156176e-05
C:/Users/KUBA/GitProjects/WKIRO-Project/data/CL007/Session1/Overground_Run/Run_Comfortable/Post_Process/Run_Comfortable2.csv,2,CL007,Session1,overground,run,comfortable,0,run_comfortable,0,run_comfortable,0.9993646144866943,0.9993646144866943,0.0005498635582625866,2.492523708497174e-05,2.7442834834801033e-05,3.308152372483164e-05
C:/Users/KUBA/GitProjects/WKIRO-Project/data/CL007/Session1/Overground_Walk/Walk_Comfortable/Post_Process/Walk_Comfortable1.csv,5,CL007,Session1,overground,walk,comfortable,2,walk_comfortable,3,walk_fast,0.5520609617233276,0.0070737674832344055,0.008948439732193947,0.1847437024116516,0.5520609617233276,0.24717311561107635
C:/Users/KUBA/GitProjects/WKIRO-Project/data/CL007/Session1/Overground_Walk/Walk_Fast/Post_Process/Walk_Fast10.csv,3,CL007,Session1,overground,walk,fast,3,walk_fast,3,walk_fast,0.8282842040061951,0.0007116511114872992,0.0006998937460593879,0.16606774926185608,0.8282842040061951,0.004236526787281036
C:/Users/KUBA/GitProjects/WKIRO-Project/data/CL007/Session1/Overground_Walk/Walk_Fast/Post_Process/Walk_Fast3.csv,2,CL007,Session1,overground,walk,fast,3,walk_fast,4,walk_slow,0.4979477524757385,0.004078500904142857,0.0037103863433003426,0.3080217242240906,0.18624171614646912,0.4979477524757385
C:/Users/KUBA/GitProjects/WKIRO-Project/data/CL007/Session1/Overground_Walk/Walk_Fast/Post_Process/Walk_Fast4.csv,3,CL007,Session1,overground,walk,fast,3,walk_fast,3,walk_fast,0.9708935618400574,0.00010313257371308282,0.0005759970517829061,0.027895743027329445,0.9708935618400574,0.0005315379239618778
C:/Users/KUBA/GitProjects/WKIRO-Project/data/CL007/Session1/Overground_Walk/Walk_Slow/Post_Process/Walk_Slow6.csv,6,CL007,Session1,overground,walk,slow,4,walk_slow,4,walk_slow,0.5244917869567871,0.05862158164381981,0.0018264212412759662,0.3978605270385742,0.017199711874127388,0.5244917869567871
C:/Users/KUBA/GitProjects/WKIRO-Project/data/CL007/Session1/Overground_Walk/Walk_Slow/Post_Process/Walk_Slow8.csv,6,CL007,Session1,overground,walk,slow,4,walk_slow,4,walk_slow,0.9819164276123047,1.9703349607880227e-05,4.703048034571111e-05,0.01791321486234665,0.00010361152817495167,0.9819164276123047
C:/Users/KUBA/GitProjects/WKIRO-Project/data/CL007/Session1/Treadmill_Walk/Treadmill_Walk_Comfortable/Post_Process/Treadmill_Walk_Comfortable.csv,119,CL007,Session1,treadmill,walk,comfortable,2,walk_comfortable,4,walk_slow,0.5830320119857788,4.8712139687268063e-05,8.401503873756155e-05,0.41616007685661316,0.0006752383196726441,0.5830320119857788
C:/Users/KUBA/GitProjects/WKIRO-Project/data/CL007/Session2/Overground_Run/Run_Comfortable/Post_Process/Run_Comfortable5.csv,1,CL007,Session2,overground,run,comfortable,0,run_comfortable,0,run_comfortable,0.8645814061164856,0.8645814061164856,0.11829760670661926,0.005681751761585474,0.006802956108003855,0.004636281169950962
C:/Users/KUBA/GitProjects/WKIRO-Project/data/CL007/Session2/Overground_Run/Run_Comfortable/Post_Process/Run_Comfortable8.csv,2,CL007,Session2,overground,run,comfortable,0,run_comfortable,0,run_comfortable,0.9995216131210327,0.9995216131210327,0.00044369164970703423,1.1170190191478468e-05,1.7484282579971477e-05,5.984354629617883e-06
C:/Users/KUBA/GitProjects/WKIRO-Project/data/CL007/Session2/Overground_Run/Run_Fast/Post_Process/Run_Fast13.csv,1,CL007,Session2,overground,run,fast,1,run_fast,1,run_fast,0.8105651140213013,0.18077322840690613,0.8105651140213013,0.0019590763840824366,0.0032368258107453585,0.0034657567739486694
C:/Users/KUBA/GitProjects/WKIRO-Project/data/CL007/Session2/Overground_Run/Run_Fast/Post_Process/Run_Fast14.csv,1,CL007,Session2,overground,run,fast,1,run_fast,1,run_fast,0.993363618850708,0.006312577053904533,0.993363618850708,5.752141441917047e-05,0.00019194789638277143,7.43176497053355e-05
C:/Users/KUBA/GitProjects/WKIRO-Project/data/CL007/Session2/Overground_Run/Run_Fast/Post_Process/Run_Fast9.csv,1,CL007,Session2,overground,run,fast,1,run_fast,1,run_fast,0.810080349445343,0.18410339951515198,0.810080349445343,0.001015504589304328,0.0019719148986041546,0.0028287996537983418
C:/Users/KUBA/GitProjects/WKIRO-Project/data/CL007/Session2/Overground_Walk/Walk_Slow/Post_Process/Walk_Slow2.csv,3,CL007,Session2,overground,walk,slow,4,walk_slow,2,walk_comfortable,0.7355279326438904,0.00031072096317075193,0.0005982209113426507,0.7355279326438904,0.003122432855889201,0.2604406476020813
C:/Users/KUBA/GitProjects/WKIRO-Project/data/DA013/Session1/Overground_Run/Run_Comfortable/Post_Process/Run_Comfortable3.csv,2,DA013,Session1,overground,run,comfortable,0,run_comfortable,0,run_comfortable,0.9994233846664429,0.9994233846664429,0.0004969004075974226,3.283390833530575e-05,1.3590783055406064e-05,3.332596679683775e-05
C:/Users/KUBA/GitProjects/WKIRO-Project/data/DA013/Session1/Overground_Run/Run_Comfortable/Post_Process/Run_Comfortable7.csv,2,DA013,Session1,overground,run,comfortable,0,run_comfortable,0,run_comfortable,0.8373503684997559,0.8373503684997559,0.14740251004695892,0.004551668651401997,0.007060938514769077,0.003634493798017502
C:/Users/KUBA/GitProjects/WKIRO-Project/data/DA013/Session1/Overground_Walk/Walk_Comfortable/Post_Process/Walk_Comfortable3.csv,4,DA013,Session1,overground,walk,comfortable,2,walk_comfortable,4,walk_slow,0.41089940071105957,0.004632947500795126,0.003972330130636692,0.350201278924942,0.23029403388500214,0.41089940071105957
C:/Users/KUBA/GitProjects/WKIRO-Project/data/DA013/Session1/Overground_Walk/Walk_Comfortable/Post_Process/Walk_Comfortable4.csv,7,DA013,Session1,overground,walk,comfortable,2,walk_comfortable,2,walk_comfortable,0.9529638886451721,0.000155014538904652,0.0003492091200314462,0.9529638886451721,0.041800376027822495,0.004731492605060339
C:/Users/KUBA/GitProjects/WKIRO-Project/data/DA013/Session1/Overground_Walk/Walk_Fast/Post_Process/Walk_Fast2.csv,3,DA013,Session1,overground,walk,fast,3,walk_fast,3,walk_fast,0.9893465042114258,4.747264028992504e-05,0.0003297269868198782,0.010218826122581959,0.9893465042114258,5.743140718550421e-05
C:/Users/KUBA/GitProjects/WKIRO-Project/data/DA013/Session1/Overground_Walk/Walk_Slow/Post_Process/Walk_Slow7.csv,8,DA013,Session1,overground,walk,slow,4,walk_slow,4,walk_slow,0.7265127301216125,0.0024106174241751432,0.0023018145002424717,0.20199546217918396,0.06677933782339096,0.7265127301216125
C:/Users/KUBA/GitProjects/WKIRO-Project/data/DA013/Session1/Treadmill_Walk/Treadmill_Walk_Slow/Post_Process/Treadmill_Walk_Slow.csv,119,DA013,Session1,treadmill,walk,slow,4,walk_slow,4,walk_slow,0.9949784874916077,8.535764209227636e-05,3.294515408924781e-05,0.004878724925220013,2.4436714738840237e-05,0.9949784874916077
C:/Users/KUBA/GitProjects/WKIRO-Project/data/DA013/Session2/Overground_Run/Run_Comfortable/Post_Process/Run_Comfortable6.csv,2,DA013,Session2,overground,run,comfortable,0,run_comfortable,0,run_comfortable,0.9997516870498657,0.9997516870498657,0.00019965885439887643,2.2178792278282344e-05,1.3262264474178664e-05,1.3204418792156503e-05
C:/Users/KUBA/GitProjects/WKIRO-Project/data/DA013/Session2/Overground_Run/Run_Fast/Post_Process/Run_Fast10.csv,1,DA013,Session2,overground,run,fast,1,run_fast,1,run_fast,0.9411754012107849,0.0537920743227005,0.9411754012107849,0.001144949346780777,0.0032717681024223566,0.0006157721509225667
C:/Users/KUBA/GitProjects/WKIRO-Project/data/DA013/Session2/Overground_Run/Run_Fast/Post_Process/Run_Fast7.csv,1,DA013,Session2,overground,run,fast,1,run_fast,0,run_comfortable,0.5077750086784363,0.5077750086784363,0.48002946376800537,0.0032585638109594584,0.004278527107089758,0.004658471792936325
C:/Users/KUBA/GitProjects/WKIRO-Project/data/DA013/Session2/Overground_Run/Run_Fast/Post_Process/Run_Fast9.csv,1,DA013,Session2,overground,run,fast,1,run_fast,0,run_comfortable,0.7016918063163757,0.7016918063163757,0.28424498438835144,0.003940998576581478,0.006210777442902327,0.003911396022886038
C:/Users/KUBA/GitProjects/WKIRO-Project/data/DA013/Session2/Overground_Walk/Walk_Comfortable/Post_Process/Walk_Comfortable8.csv,3,DA013,Session2,overground,walk,comfortable,2,walk_comfortable,2,walk_comfortable,0.9827396869659424,0.00013017418677918613,0.00020938848319929093,0.9827396869659424,0.005687609780579805,0.011233150959014893
C:/Users/KUBA/GitProjects/WKIRO-Project/data/DA013/Session2/Overground_Walk/Walk_Slow/Post_Process/Walk_Slow1.csv,6,DA013,Session2,overground,walk,slow,4,walk_slow,4,walk_slow,0.7075242400169373,0.0024166712537407875,0.0027133796829730272,0.21554183959960938,0.07180389761924744,0.7075242400169373
C:/Users/KUBA/GitProjects/WKIRO-Project/data/DA013/Session2/Treadmill_Walk/Treadmill_Walk_Fast/Post_Process/Treadmill_Walk_Fast.csv,119,DA013,Session2,treadmill,walk,fast,3,walk_fast,3,walk_fast,0.7010653614997864,0.00040695536881685257,0.0004777265712618828,0.2966957688331604,0.7010653614997864,0.0013542070519179106
C:/Users/KUBA/GitProjects/WKIRO-Project/data/DC005/Session1/Overground_Run/Run_Comfortable/Post_Process/Run_Comfortable10.csv,1,DC005,Session1,overground,run,comfortable,0,run_comfortable,1,run_fast,0.9668657183647156,0.031157609075307846,0.9668657183647156,0.0007992719765752554,0.0010697118705138564,0.00010770365770440549
C:/Users/KUBA/GitProjects/WKIRO-Project/data/DC005/Session1/Overground_Run/Run_Comfortable/Post_Process/Run_Comfortable8.csv,1,DC005,Session1,overground,run,comfortable,0,run_comfortable,0,run_comfortable,0.6775588393211365,0.6775588393211365,0.3209024965763092,0.0003840693098027259,0.0004136913048569113,0.0007409126264974475
C:/Users/KUBA/GitProjects/WKIRO-Project/data/DC005/Session1/Overground_Run/Run_Fast/Post_Process/Run_Fast15.csv,1,DC005,Session1,overground,run,fast,1,run_fast,0,run_comfortable,0.5507603883743286,0.5507603883743286,0.42540687322616577,0.009744387120008469,0.005537434481084347,0.008550929836928844
C:/Users/KUBA/GitProjects/WKIRO-Project/data/DC005/Session1/Overground_Walk/Walk_Comfortable/Post_Process/Walk_Comfortable2.csv,2,DC005,Session1,overground,walk,comfortable,2,walk_comfortable,4,walk_slow,0.5071444511413574,0.00033840766991488636,0.0003779572725761682,0.4893549382686615,0.002784199081361294,0.5071444511413574
C:/Users/KUBA/GitProjects/WKIRO-Project/data/DC005/Session1/Overground_Walk/Walk_Fast/Post_Process/Walk_Fast10.csv,2,DC005,Session1,overground,walk,fast,3,walk_fast,3,walk_fast,0.9896172285079956,2.8747672331519425e-05,0.00015101282042451203,0.010120037943124771,0.9896172285079956,8.296787564177066e-05
C:/Users/KUBA/GitProjects/WKIRO-Project/data/DC005/Session1/Overground_Walk/Walk_Fast/Post_Process/Walk_Fast8.csv,3,DC005,Session1,overground,walk,fast,3,walk_fast,3,walk_fast,0.9681362509727478,5.8417615946382284e-05,0.00018193833238910884,0.03138880059123039,0.9681362509727478,0.0002346518012927845
C:/Users/KUBA/GitProjects/WKIRO-Project/data/DC005/Session1/Overground_Walk/Walk_Slow/Post_Process/Walk_Slow7.csv,6,DC005,Session1,overground,walk,slow,4,walk_slow,4,walk_slow,0.7393813133239746,0.003682064125314355,0.0037437211722135544,0.18277914822101593,0.07041381299495697,0.7393813133239746
C:/Users/KUBA/GitProjects/WKIRO-Project/data/DC005/Session2/Overground_Run/Run_Comfortable/Post_Process/Run_Comfortable13.csv,2,DC005,Session2,overground,run,comfortable,0,run_comfortable,0,run_comfortable,0.8748372793197632,0.8748372793197632,0.11073510348796844,0.005215405952185392,0.006157583557069302,0.003054667729884386
C:/Users/KUBA/GitProjects/WKIRO-Project/data/DC005/Session2/Overground_Run/Run_Comfortable/Post_Process/Run_Comfortable5.csv,2,DC005,Session2,overground,run,comfortable,0,run_comfortable,0,run_comfortable,0.8424386978149414,0.8424386978149414,0.1446983516216278,0.004309746436774731,0.005833799485117197,0.002719382056966424
C:/Users/KUBA/GitProjects/WKIRO-Project/data/DC005/Session2/Overground_Run/Run_Fast/Post_Process/Run_Fast15.csv,1,DC005,Session2,overground,run,fast,1,run_fast,1,run_fast,0.8288792967796326,0.1551314741373062,0.8288792967796326,0.004126737359911203,0.0028415764681994915,0.009020962752401829
C:/Users/KUBA/GitProjects/WKIRO-Project/data/DC005/Session2/Overground_Run/Run_Fast/Post_Process/Run_Fast16.csv,1,DC005,Session2,overground,run,fast,1,run_fast,1,run_fast,0.9683519005775452,0.030193159356713295,0.9683519005775452,0.00022440213069785386,0.0009750931640155613,0.00025547147379256785
C:/Users/KUBA/GitProjects/WKIRO-Project/data/DC005/Session2/Overground_Run/Run_Fast/Post_Process/Run_Fast5.csv,1,DC005,Session2,overground,run,fast,1,run_fast,1,run_fast,0.8469957113265991,0.13588188588619232,0.8469957113265991,0.004846690222620964,0.0027674396988004446,0.009508222341537476
C:/Users/KUBA/GitProjects/WKIRO-Project/data/DC005/Session2/Overground_Walk/Walk_Comfortable/Post_Process/Walk_Comfortable3.csv,6,DC005,Session2,overground,walk,comfortable,2,walk_comfortable,4,walk_slow,0.5667100548744202,0.007078597322106361,0.005153503734618425,0.24340803921222687,0.17764978110790253,0.5667100548744202
C:/Users/KUBA/GitProjects/WKIRO-Project/data/DC005/Session2/Overground_Walk/Walk_Fast/Post_Process/Walk_Fast7.csv,7,DC005,Session2,overground,walk,fast,3,walk_fast,3,walk_fast,0.41007333993911743,0.008342592045664787,0.005275392439216375,0.3034408986568451,0.41007333993911743,0.27286770939826965
C:/Users/KUBA/GitProjects/WKIRO-Project/data/DC005/Session2/Treadmill_Run/Treadmill_Run_Fast/Post_Process/Treadmill_Run_Fast.csv,119,DC005,Session2,treadmill,run,fast,1,run_fast,1,run_fast,0.8326451778411865,0.16522161662578583,0.8326451778411865,0.0006078435108065605,0.0012063212925568223,0.00031897827284410596
C:/Users/KUBA/GitProjects/WKIRO-Project/data/DC005/Session2/Treadmill_Walk/Treadmill_Walk_Slow/Post_Process/Treadmill_Walk_Slow.csv,119,DC005,Session2,treadmill,walk,slow,4,walk_slow,4,walk_slow,0.9797794818878174,6.171998393256217e-05,8.256256114691496e-05,0.020005105063319206,7.12652545189485e-05,0.9797794818878174
C:/Users/KUBA/GitProjects/WKIRO-Project/data/GF022/Session1/Overground_Run/Run_Comfortable/Post_Process/Run_Comfortable4.csv,2,GF022,Session1,overground,run,comfortable,0,run_comfortable,0,run_comfortable,0.6598193645477295,0.6598193645477295,0.3284975290298462,0.0036959503777325153,0.005249437876045704,0.002737870905548334
C:/Users/KUBA/GitProjects/WKIRO-Project/data/GF022/Session1/Overground_Run/Run_Fast/Post_Process/Run_Fast3.csv,2,GF022,Session1,overground,run,fast,1,run_fast,1,run_fast,0.9445478916168213,0.04552791267633438,0.9445478916168213,0.002601007232442498,0.002915919991210103,0.004407246131449938
C:/Users/KUBA/GitProjects/WKIRO-Project/data/GF022/Session1/Overground_Walk/Walk_Comfortable/Post_Process/Walk_Comfortable4.csv,5,GF022,Session1,overground,walk,comfortable,2,walk_comfortable,2,walk_comfortable,0.8050557971000671,0.0009288453729823232,0.0006723785190843046,0.8050557971000671,0.17023316025733948,0.023109745234251022
C:/Users/KUBA/GitProjects/WKIRO-Project/data/GF022/Session1/Overground_Walk/Walk_Fast/Post_Process/Walk_Fast3.csv,4,GF022,Session1,overground,walk,fast,3,walk_fast,3,walk_fast,0.7349010705947876,0.01382445264607668,0.007258972153067589,0.18935246765613556,0.7349010705947876,0.054663076996803284
C:/Users/KUBA/GitProjects/WKIRO-Project/data/GF022/Session1/Overground_Walk/Walk_Fast/Post_Process/Walk_Fast6.csv,4,GF022,Session1,overground,walk,fast,3,walk_fast,3,walk_fast,0.960594117641449,8.433175389654934e-05,0.00019765592878684402,0.03775589168071747,0.960594117641449,0.0013680178672075272
C:/Users/KUBA/GitProjects/WKIRO-Project/data/GF022/Session1/Overground_Walk/Walk_Fast/Post_Process/Walk_Fast8.csv,4,GF022,Session1,overground,walk,fast,3,walk_fast,3,walk_fast,0.9151254296302795,9.886444604489952e-05,0.0002420376258669421,0.08085289597511292,0.9151254296302795,0.00368077983148396
C:/Users/KUBA/GitProjects/WKIRO-Project/data/GF022/Session1/Treadmill_Walk/Treadmill_Walk_Comfortable/Post_Process/Treadmill_Walk_Comfortable.csv,119,GF022,Session1,treadmill,walk,comfortable,2,walk_comfortable,2,walk_comfortable,0.7724852561950684,0.00019315097597427666,0.0002921090635936707,0.7724852561950684,0.19184672832489014,0.035182878375053406
C:/Users/KUBA/GitProjects/WKIRO-Project/data/GF022/Session2/Overground_Run/Run_Comfortable/Post_Process/Run_Comfortable5.csv,2,GF022,Session2,overground,run,comfortable,0,run_comfortable,0,run_comfortable,0.6403740644454956,0.6403740644454956,0.3443353772163391,0.00451542716473341,0.007201375439763069,0.003573726862668991
C:/Users/KUBA/GitProjects/WKIRO-Project/data/GF022/Session2/Overground_Run/Run_Comfortable/Post_Process/Run_Comfortable8.csv,2,GF022,Session2,overground,run,comfortable,0,run_comfortable,0,run_comfortable,0.607142448425293,0.607142448425293,0.3795911371707916,0.0039274864830076694,0.005932575557380915,0.0034063979983329773
C:/Users/KUBA/GitProjects/WKIRO-Project/data/GF022/Session2/Overground_Run/Run_Fast/Post_Process/Run_Fast3.csv,1,GF022,Session2,overground,run,fast,1,run_fast,1,run_fast,0.9383624196052551,0.04762054607272148,0.9383624196052551,0.004116209223866463,0.003933425527065992,0.005967435892671347
C:/Users/KUBA/GitProjects/WKIRO-Project/data/GF022/Session2/Overground_Run/Run_Fast/Post_Process/Run_Fast4.csv,1,GF022,Session2,overground,run,fast,1,run_fast,1,run_fast,0.9952056407928467,0.004348193295300007,0.9952056407928467,0.00010428966925246641,0.0002930787450168282,4.8830759624252096e-05
C:/Users/KUBA/GitProjects/WKIRO-Project/data/GF022/Session2/Overground_Walk/Walk_Comfortable/Post_Process/Walk_Comfortable4.csv,5,GF022,Session2,overground,walk,comfortable,2,walk_comfortable,2,walk_comfortable,0.5892051458358765,0.0004272117803338915,0.0013664911966770887,0.5892051458358765,0.3749254047870636,0.0340757742524147
C:/Users/KUBA/GitProjects/WKIRO-Project/data/GF022/Session2/Overground_Walk/Walk_Slow/Post_Process/Walk_Slow6.csv,7,GF022,Session2,overground,walk,slow,4,walk_slow,4,walk_slow,0.7996640205383301,0.00010306153853889555,0.0004352245887275785,0.19849137961864471,0.0013063583755865693,0.7996640205383301
C:/Users/KUBA/GitProjects/WKIRO-Project/data/GF022/Session2/Treadmill_Walk/Treadmill_Walk_Slow/Post_Process/Treadmill_Walk_Slow.csv,119,GF022,Session2,treadmill,walk,slow,4,walk_slow,4,walk_slow,0.9881120920181274,1.9275428712717257e-05,5.630094528896734e-05,0.011750487610697746,6.186006066855043e-05,0.9881120920181274
C:/Users/KUBA/GitProjects/WKIRO-Project/data/GM001/Session1/Overground_Run/Run_Comfortable/Post_Process/Run_Comfortable2.csv,2,GM001,Session1,overground,run,comfortable,0,run_comfortable,0,run_comfortable,0.9983741641044617,0.9983741641044617,0.001367432065308094,9.606129606254399e-05,2.6799520128406584e-05,0.0001356039720121771
C:/Users/KUBA/GitProjects/WKIRO-Project/data/GM001/Session1/Overground_Run/Run_Comfortable/Post_Process/Run_Comfortable8.csv,1,GM001,Session1,overground,run,comfortable,0,run_comfortable,1,run_fast,0.9841668605804443,0.015284494496881962,0.9841668605804443,0.00018757901852950454,0.0002730083651840687,8.80538864294067e-05
C:/Users/KUBA/GitProjects/WKIRO-Project/data/GM001/Session1/Overground_Walk/Walk_Comfortable/Post_Process/Walk_Comfortable2.csv,4,GM001,Session1,overground,walk,comfortable,2,walk_comfortable,3,walk_fast,0.9218286275863647,6.056158599676564e-05,0.0003022671153303236,0.07742663472890854,0.9218286275863647,0.00038192805368453264
C:/Users/KUBA/GitProjects/WKIRO-Project/data/GM001/Session1/Overground_Walk/Walk_Fast/Post_Process/Walk_Fast7.csv,2,GM001,Session1,overground,walk,fast,3,walk_fast,3,walk_fast,0.6670722961425781,0.009716980159282684,0.005203948821872473,0.23534038662910461,0.6670722961425781,0.08266639709472656
C:/Users/KUBA/GitProjects/WKIRO-Project/data/GM001/Session1/Overground_Walk/Walk_Slow/Post_Process/Walk_Slow5.csv,9,GM001,Session1,overground,walk,slow,4,walk_slow,4,walk_slow,0.7130776643753052,0.00354363932274282,0.0031658054795116186,0.2130577117204666,0.06715520471334457,0.7130776643753052
C:/Users/KUBA/GitProjects/WKIRO-Project/data/GM001/Session1/Overground_Walk/Walk_Slow/Post_Process/Walk_Slow6.csv,7,GM001,Session1,overground,walk,slow,4,walk_slow,4,walk_slow,0.9979385137557983,3.836090400000103e-05,3.254626790294424e-05,0.001981934066861868,8.679137863509823e-06,0.9979385137557983
C:/Users/KUBA/GitProjects/WKIRO-Project/data/GM001/Session2/Overground_Run/Run_Comfortable/Post_Process/Run_Comfortable5.csv,3,GM001,Session2,overground,run,comfortable,0,run_comfortable,0,run_comfortable,0.8399753570556641,0.8399753570556641,0.13228343427181244,0.008867665193974972,0.012522133998572826,0.006351397838443518
C:/Users/KUBA/GitProjects/WKIRO-Project/data/GM001/Session2/Overground_Run/Run_Fast/Post_Process/Run_Fast5.csv,2,GM001,Session2,overground,run,fast,1,run_fast,1,run_fast,0.7386953234672546,0.22958549857139587,0.7386953234672546,0.010147199034690857,0.00718866940587759,0.014383300207555294
C:/Users/KUBA/GitProjects/WKIRO-Project/data/GM001/Session2/Overground_Run/Run_Fast/Post_Process/Run_Fast7.csv,1,GM001,Session2,overground,run,fast,1,run_fast,1,run_fast,0.8877127170562744,0.09734509140253067,0.8877127170562744,0.003679626388475299,0.001999481115490198,0.009263178333640099
C:/Users/KUBA/GitProjects/WKIRO-Project/data/GM001/Session2/Overground_Walk/Walk_Comfortable/Post_Process/Walk_Comfortable1.csv,4,GM001,Session2,overground,walk,comfortable,2,walk_comfortable,2,walk_comfortable,0.4965174198150635,0.004998049698770046,0.0031988597474992275,0.4965174198150635,0.2636983394622803,0.23158730566501617
C:/Users/KUBA/GitProjects/WKIRO-Project/data/GM001/Session2/Overground_Walk/Walk_Fast/Post_Process/Walk_Fast4.csv,2,GM001,Session2,overground,walk,fast,3,walk_fast,3,walk_fast,0.9916417002677917,2.6066883947351016e-05,0.00013635121285915375,0.008152858354151249,0.9916417002677917,4.300675936974585e-05
C:/Users/KUBA/GitProjects/WKIRO-Project/data/GM001/Session2/Overground_Walk/Walk_Fast/Post_Process/Walk_Fast6.csv,3,GM001,Session2,overground,walk,fast,3,walk_fast,3,walk_fast,0.9886272549629211,4.258058106643148e-05,0.0001917703921208158,0.01107645034790039,0.9886272549629211,6.195343303261325e-05
C:/Users/KUBA/GitProjects/WKIRO-Project/data/GM001/Session2/Treadmill_Walk/Treadmill_Walk_Comfortable/Post_Process/Treadmill_Walk_Comfortable.csv,119,GM001,Session2,treadmill,walk,comfortable,2,walk_comfortable,2,walk_comfortable,0.8835200667381287,0.0003213359450455755,0.0004386967921163887,0.8835200667381287,0.006016901228576899,0.10970299690961838
C:/Users/KUBA/GitProjects/WKIRO-Project/data/GM001/Session2/Treadmill_Walk/Treadmill_Walk_Fast/Post_Process/Treadmill_Walk_Fast.csv,119,GM001,Session2,treadmill,walk,fast,3,walk_fast,3,walk_fast,0.9870859980583191,3.0435572625719942e-05,0.00012817536480724812,0.012693667784333229,0.9870859980583191,6.176409806357697e-05
C:/Users/KUBA/GitProjects/WKIRO-Project/data/GQ016/Session1/Overground_Run/Run_Comfortable/Post_Process/Run_Comfortable6.csv,2,GQ016,Session1,overground,run,comfortable,0,run_comfortable,0,run_comfortable,0.8521373271942139,0.8521373271942139,0.14673881232738495,0.00027990344096906483,0.0006508208462037146,0.00019318496924825013
C:/Users/KUBA/GitProjects/WKIRO-Project/data/GQ016/Session1/Overground_Run/Run_Comfortable/Post_Process/Run_Comfortable9.csv,2,GQ016,Session1,overground,run,comfortable,0,run_comfortable,0,run_comfortable,0.7143989205360413,0.7143989205360413,0.26960843801498413,0.004818079527467489,0.0071912906132638454,0.003983304835855961
C:/Users/KUBA/GitProjects/WKIRO-Project/data/GQ016/Session1/Overground_Run/Run_Fast/Post_Process/Run_Fast3.csv,1,GQ016,Session1,overground,run,fast,1,run_fast,1,run_fast,0.6371499300003052,0.3384702205657959,0.6371499300003052,0.0076954178512096405,0.011578324250876904,0.005106121767312288
C:/Users/KUBA/GitProjects/WKIRO-Project/data/GQ016/Session1/Overground_Walk/Walk_Comfortable/Post_Process/Walk_Comfortable1.csv,6,GQ016,Session1,overground,walk,comfortable,2,walk_comfortable,2,walk_comfortable,0.45459672808647156,0.005067662801593542,0.0034964147489517927,0.45459672808647156,0.3422313630580902,0.19460786879062653
C:/Users/KUBA/GitProjects/WKIRO-Project/data/GQ016/Session1/Overground_Walk/Walk_Fast/Post_Process/Walk_Fast8.csv,3,GQ016,Session1,overground,walk,fast,3,walk_fast,2,walk_comfortable,0.4264775216579437,0.006002933252602816,0.00305921514518559,0.4264775216579437,0.4201454818248749,0.14431488513946533
C:/Users/KUBA/GitProjects/WKIRO-Project/data/GQ016/Session1/Overground_Walk/Walk_Slow/Post_Process/Walk_Slow1.csv,8,GQ016,Session1,overground,walk,slow,4,walk_slow,2,walk_comfortable,0.38755500316619873,0.007256329990923405,0.004816295579075813,0.38755500316619873,0.27343109250068665,0.3269413113594055
C:/Users/KUBA/GitProjects/WKIRO-Project/data/GQ016/Session1/Treadmill_Walk/Treadmill_Walk_Fast/Post_Process/Treadmill_Walk_Fast.csv,119,GQ016,Session1,treadmill,walk,fast,3,walk_fast,3,walk_fast,0.9984719157218933,3.1084466172615066e-05,8.417924982495606e-05,0.0013913973234593868,0.9984719157218933,2.1441534045152366e-05
C:/Users/KUBA/GitProjects/WKIRO-Project/data/GQ016/Session2/Overground_Run/Run_Comfortable/Post_Process/Run_Comfortable6.csv,1,GQ016,Session2,overground,run,comfortable,0,run_comfortable,1,run_fast,0.9957475066184998,0.003801057580858469,0.9957475066184998,0.00016286142636090517,0.00014739901234861463,0.0001412067358614877
C:/Users/KUBA/GitProjects/WKIRO-Project/data/GQ016/Session2/Overground_Run/Run_Fast/Post_Process/Run_Fast1.csv,1,GQ016,Session2,overground,run,fast,1,run_fast,1,run_fast,0.9917789101600647,0.007483927067369223,0.9917789101600647,0.00023719629098195583,0.00046091811964288354,3.8920636143302545e-05
C:/Users/KUBA/GitProjects/WKIRO-Project/data/GQ016/Session2/Overground_Run/Run_Fast/Post_Process/Run_Fast6.csv,1,GQ016,Session2,overground,run,fast,1,run_fast,1,run_fast,0.9273179173469543,0.06509509682655334,0.9273179173469543,0.0015146177029237151,0.0018594174180179834,0.004212966654449701
C:/Users/KUBA/GitProjects/WKIRO-Project/data/GQ016/Session2/Overground_Walk/Walk_Comfortable/Post_Process/Walk_Comfortable2.csv,3,GQ016,Session2,overground,walk,comfortable,2,walk_comfortable,3,walk_fast,0.617077112197876,0.0003133125137537718,0.0012387202586978674,0.37302717566490173,0.617077112197876,0.008343665860593319
C:/Users/KUBA/GitProjects/WKIRO-Project/data/GQ016/Session2/Overground_Walk/Walk_Comfortable/Post_Process/Walk_Comfortable7.csv,3,GQ016,Session2,overground,walk,comfortable,2,walk_comfortable,3,walk_fast,0.4328804016113281,0.007046504411846399,0.0033208176027983427,0.4053719937801361,0.4328804016113281,0.15138034522533417
C:/Users/KUBA/GitProjects/WKIRO-Project/data/GQ016/Session2/Overground_Walk/Walk_Fast/Post_Process/Walk_Fast2.csv,3,GQ016,Session2,overground,walk,fast,3,walk_fast,3,walk_fast,0.9661707878112793,8.519563562003896e-05,0.00033574283588677645,0.032954130321741104,0.9661707878112793,0.00045414399937726557
C:/Users/KUBA/GitProjects/WKIRO-Project/data/GQ016/Session2/Overground_Walk/Walk_Slow/Post_Process/Walk_Slow7.csv,4,GQ016,Session2,overground,walk,slow,4,walk_slow,2,walk_comfortable,0.3707290291786194,0.006259209010750055,0.004737617447972298,0.3707290291786194,0.32420146465301514,0.2940726578235626
C:/Users/KUBA/GitProjects/WKIRO-Project/data/GQ016/Session2/Treadmill_Walk/Treadmill_Walk_Slow/Post_Process/Treadmill_Walk_Slow.csv,119,GQ016,Session2,treadmill,walk,slow,4,walk_slow,4,walk_slow,0.997729480266571,1.3228852367319632e-05,2.3743463316350244e-05,0.0022240360267460346,9.44177827477688e-06,0.997729480266571
C:/Users/KUBA/GitProjects/WKIRO-Project/data/HN021/Session1/Overground_Run/Run_Comfortable/Post_Process/Run_Comfortable1.csv,5,HN021,Session1,overground,run,comfortable,0,run_comfortable,0,run_comfortable,0.7310088276863098,0.7310088276863098,0.24745750427246094,0.006068746093660593,0.008937215432524681,0.006527706980705261
C:/Users/KUBA/GitProjects/WKIRO-Project/data/HN021/Session1/Overground_Run/Run_Fast/Post_Process/Run_Fast3.csv,2,HN021,Session1,overground,run,fast,1,run_fast,1,run_fast,0.6487183570861816,0.33347541093826294,0.6487183570861816,0.004934531636536121,0.008222959004342556,0.004648687317967415
C:/Users/KUBA/GitProjects/WKIRO-Project/data/HN021/Session1/Overground_Walk/Walk_Fast/Post_Process/Walk_Fast4.csv,4,HN021,Session1,overground,walk,fast,3,walk_fast,3,walk_fast,0.5997583866119385,0.0005326553946360946,0.0012502599274739623,0.37265849113464355,0.5997583866119385,0.025800233706831932
C:/Users/KUBA/GitProjects/WKIRO-Project/data/HN021/Session1/Overground_Walk/Walk_Fast/Post_Process/Walk_Fast7.csv,4,HN021,Session1,overground,walk,fast,3,walk_fast,3,walk_fast,0.4149867296218872,0.004395135212689638,0.005916972644627094,0.2647765576839447,0.4149867296218872,0.30992457270622253
C:/Users/KUBA/GitProjects/WKIRO-Project/data/HN021/Session1/Overground_Walk/Walk_Slow/Post_Process/Walk_Slow7.csv,7,HN021,Session1,overground,walk,slow,4,walk_slow,4,walk_slow,0.7270511984825134,0.0022774592507630587,0.003690626472234726,0.190725639462471,0.07625513523817062,0.7270511984825134
C:/Users/KUBA/GitProjects/WKIRO-Project/data/HN021/Session1/Overground_Walk/Walk_Slow/Post_Process/Walk_Slow8.csv,7,HN021,Session1,overground,walk,slow,4,walk_slow,4,walk_slow,0.9963067173957825,4.6366267270059325e-06,3.0613464332418516e-05,0.003621091600507498,3.691489473567344e-05,0.9963067173957825
C:/Users/KUBA/GitProjects/WKIRO-Project/data/HN021/Session2/Overground_Run/Run_Comfortable/Post_Process/Run_Comfortable5.csv,3,HN021,Session2,overground,run,comfortable,0,run_comfortable,0,run_comfortable,0.5010625123977661,0.5010625123977661,0.4858931005001068,0.003306964412331581,0.005441718269139528,0.004295732360333204
C:/Users/KUBA/GitProjects/WKIRO-Project/data/HN021/Session2/Overground_Run/Run_Comfortable/Post_Process/Run_Comfortable6.csv,3,HN021,Session2,overground,run,comfortable,0,run_comfortable,1,run_fast,0.7614355087280273,0.23485298454761505,0.7614355087280273,0.0011184723116457462,0.0014844146789982915,0.0011085671139881015
C:/Users/KUBA/GitProjects/WKIRO-Project/data/HN021/Session2/Overground_Run/Run_Fast/Post_Process/Run_Fast4.csv,2,HN021,Session2,overground,run,fast,1,run_fast,1,run_fast,0.7208800315856934,0.26444852352142334,0.7208800315856934,0.004395436029881239,0.006004706025123596,0.004271203652024269
C:/Users/KUBA/GitProjects/WKIRO-Project/data/HN021/Session2/Overground_Run/Run_Fast/Post_Process/Run_Fast9.csv,2,HN021,Session2,overground,run,fast,1,run_fast,1,run_fast,0.7307815551757812,0.2559906840324402,0.7307815551757812,0.0038385214284062386,0.005548675544559956,0.0038405070081353188
C:/Users/KUBA/GitProjects/WKIRO-Project/data/HN021/Session2/Overground_Walk/Walk_Comfortable/Post_Process/Walk_Comfortable1.csv,5,HN021,Session2,overground,walk,comfortable,2,walk_comfortable,4,walk_slow,0.5180462598800659,0.002920059487223625,0.00324734253808856,0.3228801190853119,0.15290625393390656,0.5180462598800659
C:/Users/KUBA/GitProjects/WKIRO-Project/data/HN021/Session2/Overground_Walk/Walk_Comfortable/Post_Process/Walk_Comfortable4.csv,5,HN021,Session2,overground,walk,comfortable,2,walk_comfortable,2,walk_comfortable,0.9121756553649902,0.00040127482498064637,0.0006816328386776149,0.9121756553649902,0.06625881046056747,0.020482581108808517
C:/Users/KUBA/GitProjects/WKIRO-Project/data/HN021/Session2/Overground_Walk/Walk_Slow/Post_Process/Walk_Slow3.csv,9,HN021,Session2,overground,walk,slow,4,walk_slow,4,walk_slow,0.7079081535339355,0.002840972039848566,0.004457802511751652,0.18316175043582916,0.10163124650716782,0.7079081535339355
C:/Users/KUBA/GitProjects/WKIRO-Project/data/HN021/Session2/Treadmill_Walk/Treadmill_Walk_Fast/Post_Process/Treadmill_Walk_Fast.csv,119,HN021,Session2,treadmill,walk,fast,3,walk_fast,3,walk_fast,0.9072604775428772,0.01926060952246189,0.002802543807774782,0.06546572595834732,0.9072604775428772,0.00521061709150672
C:/Users/KUBA/GitProjects/WKIRO-Project/data/HS018/Session1/Overground_Run/Run_Comfortable/Post_Process/Run_Comfortable1.csv,2,HS018,Session1,overground,run,comfortable,0,run_comfortable,1,run_fast,0.5115407109260559,0.46921783685684204,0.5115407109260559,0.005273868795484304,0.010228033177554607,0.003739563748240471
C:/Users/KUBA/GitProjects/WKIRO-Project/data/HS018/Session1/Overground_Run/Run_Comfortable/Post_Process/Run_Comfortable3.csv,2,HS018,Session1,overground,run,comfortable,0,run_comfortable,1,run_fast,0.5030284523963928,0.4783462882041931,0.5030284523963928,0.004307793453335762,0.010930972173810005,0.0033864621073007584
C:/Users/KUBA/GitProjects/WKIRO-Project/data/HS018/Session1/Overground_Run/Run_Fast/Post_Process/Run_Fast3.csv,1,HS018,Session1,overground,run,fast,1,run_fast,1,run_fast,0.9508780241012573,0.04837370663881302,0.9508780241012573,9.947737999027595e-05,0.00024898286210373044,0.00039970275247469544
C:/Users/KUBA/GitProjects/WKIRO-Project/data/HS018/Session1/Overground_Run/Run_Fast/Post_Process/Run_Fast9.csv,2,HS018,Session1,overground,run,fast,1,run_fast,1,run_fast,0.8303613662719727,0.1606292724609375,0.8303613662719727,0.0017576643731445074,0.002862647408619523,0.004389025270938873
C:/Users/KUBA/GitProjects/WKIRO-Project/data/HS018/Session1/Overground_Walk/Walk_Fast/Post_Process/Walk_Fast2.csv,2,HS018,Session1,overground,walk,fast,3,walk_fast,2,walk_comfortable,0.4407283663749695,0.004329347983002663,0.003460182808339596,0.4407283663749695,0.403278648853302,0.14820349216461182
C:/Users/KUBA/GitProjects/WKIRO-Project/data/HS018/Session1/Overground_Walk/Walk_Fast/Post_Process/Walk_Fast8.csv,3,HS018,Session1,overground,walk,fast,3,walk_fast,3,walk_fast,0.9948115348815918,0.0004335802514106035,0.0009838045807555318,0.0035798847675323486,0.9948115348815918,0.00019122885714750737
C:/Users/KUBA/GitProjects/WKIRO-Project/data/HS018/Session1/Overground_Walk/Walk_Slow/Post_Process/Walk_Slow4.csv,4,HS018,Session1,overground,walk,slow,4,walk_slow,4,walk_slow,0.9222210049629211,3.182841101079248e-05,0.0002849859301932156,0.07660315930843353,0.00085898966062814,0.9222210049629211
C:/Users/KUBA/GitProjects/WKIRO-Project/data/HS018/Session1/Treadmill_Run/Treadmill_Run_Fast/Post_Process/Treadmill_Run_Fast.csv,119,HS018,Session1,treadmill,run,fast,1,run_fast,1,run_fast,0.8247298002243042,0.17389768362045288,0.8247298002243042,0.00024297306663356721,0.00037901129689998925,0.0007505349349230528
C:/Users/KUBA/GitProjects/WKIRO-Project/data/HS018/Session2/Overground_Run/Run_Comfortable/Post_Process/Run_Comfortable8.csv,2,HS018,Session2,overground,run,comfortable,0,run_comfortable,0,run_comfortable,0.994699239730835,0.994699239730835,0.005137847736477852,4.6783810830675066e-05,6.3175248214975e-05,5.3018826292827725e-05
C:/Users/KUBA/GitProjects/WKIRO-Project/data/HS018/Session2/Overground_Walk/Walk_Comfortable/Post_Process/Walk_Comfortable6.csv,3,HS018,Session2,overground,walk,comfortable,2,walk_comfortable,3,walk_fast,0.5965827703475952,0.0012523102341219783,0.0034883860498666763,0.3832435607910156,0.5965827703475952,0.01543299201875925
C:/Users/KUBA/GitProjects/WKIRO-Project/data/HS018/Session2/Overground_Walk/Walk_Comfortable/Post_Process/Walk_Comfortable8.csv,2,HS018,Session2,overground,walk,comfortable,2,walk_comfortable,3,walk_fast,0.8374344110488892,0.0005215053679421544,0.0004421874473337084,0.15839655697345734,0.8374344110488892,0.0032054244074970484
C:/Users/KUBA/GitProjects/WKIRO-Project/data/HS018/Session2/Overground_Walk/Walk_Fast/Post_Process/Walk_Fast5.csv,2,HS018,Session2,overground,walk,fast,3,walk_fast,3,walk_fast,0.5651599168777466,0.007976039312779903,0.004865441471338272,0.30620405077934265,0.5651599168777466,0.11579455435276031
C:/Users/KUBA/GitProjects/WKIRO-Project/data/HS018/Session2/Treadmill_Walk/Treadmill_Walk_Slow/Post_Process/Treadmill_Walk_Slow.csv,119,HS018,Session2,treadmill,walk,slow,4,walk_slow,4,walk_slow,0.7853317856788635,0.0001972105383174494,0.0001977345091290772,0.19066466391086578,0.023608677089214325,0.7853317856788635
C:/Users/KUBA/GitProjects/WKIRO-Project/data/JS009/Session1/Overground_Run/Run_Comfortable/Post_Process/Run_Comfortable3.csv,2,JS009,Session1,overground,run,comfortable,0,run_comfortable,0,run_comfortable,0.7080689072608948,0.7080689072608948,0.2788439989089966,0.0043736472725868225,0.0048865326680243015,0.0038269413635134697
C:/Users/KUBA/GitProjects/WKIRO-Project/data/JS009/Session1/Overground_Run/Run_Comfortable/Post_Process/Run_Comfortable7.csv,2,JS009,Session1,overground,run,comfortable,0,run_comfortable,0,run_comfortable,0.702096164226532,0.702096164226532,0.28493165969848633,0.004238366149365902,0.0050160023383796215,0.0037178569473326206
C:/Users/KUBA/GitProjects/WKIRO-Project/data/JS009/Session1/Overground_Run/Run_Fast/Post_Process/Run_Fast10.csv,1,JS009,Session1,overground,run,fast,1,run_fast,1,run_fast,0.9868289828300476,0.01268023531883955,0.9868289828300476,0.00016796053387224674,0.00027042810688726604,5.23882954439614e-05
C:/Users/KUBA/GitProjects/WKIRO-Project/data/JS009/Session1/Overground_Run/Run_Fast/Post_Process/Run_Fast11.csv,1,JS009,Session1,overground,run,fast,1,run_fast,1,run_fast,0.7447187900543213,0.24660265445709229,0.7447187900543213,0.002078206976875663,0.0023160604760050774,0.0042843203991651535
C:/Users/KUBA/GitProjects/WKIRO-Project/data/JS009/Session1/Overground_Run/Run_Fast/Post_Process/Run_Fast17.csv,1,JS009,Session1,overground,run,fast,1,run_fast,1,run_fast,0.9939099550247192,0.005756088066846132,0.9939099550247192,0.00011592157534323633,0.00018291456217411906,3.508203008095734e-05
C:/Users/KUBA/GitProjects/WKIRO-Project/data/JS009/Session1/Overground_Walk/Walk_Comfortable/Post_Process/Walk_Comfortable2.csv,3,JS009,Session1,overground,walk,comfortable,2,walk_comfortable,3,walk_fast,0.7190592288970947,0.0003599886258598417,0.0018427252070978284,0.2749929428100586,0.7190592288970947,0.0037451356183737516
C:/Users/KUBA/GitProjects/WKIRO-Project/data/JS009/Session1/Overground_Walk/Walk_Comfortable/Post_Process/Walk_Comfortable5.csv,3,JS009,Session1,overground,walk,comfortable,2,walk_comfortable,4,walk_slow,0.4702083170413971,0.008057592436671257,0.005179279018193483,0.26376399397850037,0.2527908384799957,0.4702083170413971
C:/Users/KUBA/GitProjects/WKIRO-Project/data/JS009/Session1/Overground_Walk/Walk_Fast/Post_Process/Walk_Fast3.csv,2,JS009,Session1,overground,walk,fast,3,walk_fast,2,walk_comfortable,0.4849945306777954,0.0047562988474965096,0.0027448409236967564,0.4849945306777954,0.25420865416526794,0.2532956600189209
C:/Users/KUBA/GitProjects/WKIRO-Project/data/JS009/Session1/Overground_Walk/Walk_Fast/Post_Process/Walk_Fast7.csv,3,JS009,Session1,overground,walk,fast,3,walk_fast,2,walk_comfortable,0.4515710771083832,0.0035404267255216837,0.0024291041772812605,0.4515710771083832,0.20198702812194824,0.34047242999076843
C:/Users/KUBA/GitProjects/WKIRO-Project/data/JS009/Session1/Overground_Walk/Walk_Slow/Post_Process/Walk_Slow2.csv,6,JS009,Session1,overground,walk,slow,4,walk_slow,2,walk_comfortable,0.8965232968330383,0.0001531869056634605,0.00048327664262615144,0.8965232968330383,0.0037704401183873415,0.09906977415084839
C:/Users/KUBA/GitProjects/WKIRO-Project/data/JS009/Session1/Overground_Walk/Walk_Slow/Post_Process/Walk_Slow8.csv,6,JS009,Session1,overground,walk,slow,4,walk_slow,2,walk_comfortable,0.9334608912467957,0.00013008846144657582,0.00035470988950692117,0.9334608912467957,0.0036798149812966585,0.06237448379397392
C:/Users/KUBA/GitProjects/WKIRO-Project/data/JS009/Session2/Overground_Run/Run_Comfortable/Post_Process/Run_Comfortable5.csv,2,JS009,Session2,overground,run,comfortable,0,run_comfortable,0,run_comfortable,0.6548528075218201,0.6548528075218201,0.3303329348564148,0.004798121750354767,0.005935146007686853,0.0040810429491102695
C:/Users/KUBA/GitProjects/WKIRO-Project/data/JS009/Session2/Overground_Run/Run_Comfortable/Post_Process/Run_Comfortable6.csv,1,JS009,Session2,overground,run,comfortable,0,run_comfortable,0,run_comfortable,0.9901378154754639,0.9901378154754639,0.009391638450324535,0.00020993301586713642,5.940370465395972e-05,0.00020115070219617337
C:/Users/KUBA/GitProjects/WKIRO-Project/data/JS009/Session2/Overground_Run/Run_Comfortable/Post_Process/Run_Comfortable8.csv,1,JS009,Session2,overground,run,comfortable,0,run_comfortable,0,run_comfortable,0.9455870389938354,0.9455870389938354,0.05369558185338974,0.0001631072082091123,0.00037407423951663077,0.00018028978956863284
C:/Users/KUBA/GitProjects/WKIRO-Project/data/JS009/Session2/Overground_Run/Run_Fast/Post_Process/Run_Fast3.csv,1,JS009,Session2,overground,run,fast,1,run_fast,1,run_fast,0.5470250844955444,0.44223079085350037,0.5470250844955444,0.0023836945183575153,0.0023063921835273504,0.006054108031094074
C:/Users/KUBA/GitProjects/WKIRO-Project/data/JS009/Session2/Overground_Run/Run_Fast/Post_Process/Run_Fast9.csv,1,JS009,Session2,overground,run,fast,1,run_fast,1,run_fast,0.8199758529663086,0.17334577441215515,0.8199758529663086,0.0015218203188851476,0.0015111226821318269,0.0036454331129789352
C:/Users/KUBA/GitProjects/WKIRO-Project/data/JS009/Session2/Overground_Walk/Walk_Fast/Post_Process/Walk_Fast8.csv,2,JS009,Session2,overground,walk,fast,3,walk_fast,3,walk_fast,0.9911813139915466,4.1180399421136826e-05,0.0003531455877237022,0.008189458400011063,0.9911813139915466,0.0002349491696804762
C:/Users/KUBA/GitProjects/WKIRO-Project/data/JS009/Session2/Treadmill_Walk/Treadmill_Walk_Comfortable/Post_Process/Treadmill_Walk_Comfortable.csv,119,JS009,Session2,treadmill,walk,comfortable,2,walk_comfortable,2,walk_comfortable,0.8663614988327026,0.0001952275342773646,0.0005373228341341019,0.8663614988327026,0.005953604821115732,0.12695229053497314
C:/Users/KUBA/GitProjects/WKIRO-Project/data/LA014/Session1/Overground_Run/Run_Comfortable/Post_Process/Run_Comfortable1.csv,2,LA014,Session1,overground,run,comfortable,0,run_comfortable,0,run_comfortable,0.669014036655426,0.669014036655426,0.3131973445415497,0.004624994471669197,0.00890036765486002,0.004263198468834162
C:/Users/KUBA/GitProjects/WKIRO-Project/data/LA014/Session1/Overground_Run/Run_Comfortable/Post_Process/Run_Comfortable2.csv,1,LA014,Session1,overground,run,comfortable,0,run_comfortable,0,run_comfortable,0.8279719948768616,0.8279719948768616,0.16555601358413696,0.0015170230763033032,0.002300524152815342,0.0026543543208390474
C:/Users/KUBA/GitProjects/WKIRO-Project/data/LA014/Session1/Overground_Run/Run_Fast/Post_Process/Run_Fast10.csv,1,LA014,Session1,overground,run,fast,1,run_fast,1,run_fast,0.9962538480758667,0.0027963300235569477,0.9962538480758667,0.00011867848661495373,0.0004847945529036224,0.0003462866588961333
C:/Users/KUBA/GitProjects/WKIRO-Project/data/LA014/Session1/Overground_Walk/Walk_Comfortable/Post_Process/Walk_Comfortable8.csv,2,LA014,Session1,overground,walk,comfortable,2,walk_comfortable,2,walk_comfortable,0.9384204745292664,0.00015483902825508267,0.00033397000515833497,0.9384204745292664,0.05033506453037262,0.010755674913525581
C:/Users/KUBA/GitProjects/WKIRO-Project/data/LA014/Session1/Overground_Walk/Walk_Fast/Post_Process/Walk_Fast1.csv,2,LA014,Session1,overground,walk,fast,3,walk_fast,4,walk_slow,0.5579007863998413,0.0027332378085702658,0.0029991474002599716,0.34179550409317017,0.09457129240036011,0.5579007863998413
C:/Users/KUBA/GitProjects/WKIRO-Project/data/LA014/Session1/Overground_Walk/Walk_Fast/Post_Process/Walk_Fast8.csv,3,LA014,Session1,overground,walk,fast,3,walk_fast,3,walk_fast,0.9957456588745117,9.924593177856877e-05,0.00011328784603392705,0.003988870419561863,0.9957456588745117,5.297547613736242e-05
C:/Users/KUBA/GitProjects/WKIRO-Project/data/LA014/Session1/Overground_Walk/Walk_Slow/Post_Process/Walk_Slow7.csv,6,LA014,Session1,overground,walk,slow,4,walk_slow,4,walk_slow,0.84788578748703,0.0015111718093976378,0.0027351665776222944,0.11623676866292953,0.03163108229637146,0.84788578748703
C:/Users/KUBA/GitProjects/WKIRO-Project/data/LA014/Session1/Treadmill_Walk/Treadmill_Walk_Slow/Post_Process/Treadmill_Walk_Slow.csv,119,LA014,Session1,treadmill,walk,slow,4,walk_slow,4,walk_slow,0.5576915740966797,0.00019597576465457678,0.00028158846544101834,0.43971046805381775,0.002120376331731677,0.5576915740966797
C:/Users/KUBA/GitProjects/WKIRO-Project/data/LA014/Session2/Overground_Run/Run_Comfortable/Post_Process/Run_Comfortable2.csv,1,LA014,Session2,overground,run,comfortable,0,run_comfortable,0,run_comfortable,0.7406045198440552,0.7406045198440552,0.1002458706498146,0.013562438078224659,0.13468529284000397,0.010901962406933308
C:/Users/KUBA/GitProjects/WKIRO-Project/data/LA014/Session2/Overground_Run/Run_Fast/Post_Process/Run_Fast5.csv,1,LA014,Session2,overground,run,fast,1,run_fast,1,run_fast,0.7426825165748596,0.24240630865097046,0.7426825165748596,0.004080756567418575,0.004638461861759424,0.006191978231072426
C:/Users/KUBA/GitProjects/WKIRO-Project/data/LA014/Session2/Overground_Run/Run_Fast/Post_Process/Run_Fast8.csv,1,LA014,Session2,overground,run,fast,1,run_fast,1,run_fast,0.9927230477333069,0.005626887083053589,0.9927230477333069,0.00021632149582728744,0.0009118833695538342,0.0005217923899181187
C:/Users/KUBA/GitProjects/WKIRO-Project/data/LA014/Session2/Overground_Walk/Walk_Comfortable/Post_Process/Walk_Comfortable5.csv,3,LA014,Session2,overground,walk,comfortable,2,walk_comfortable,4,walk_slow,0.5049800872802734,0.0028011451940983534,0.004338471684604883,0.2817138433456421,0.20616638660430908,0.5049800872802734
C:/Users/KUBA/GitProjects/WKIRO-Project/data/LA014/Session2/Overground_Walk/Walk_Fast/Post_Process/Walk_Fast8.csv,2,LA014,Session2,overground,walk,fast,3,walk_fast,3,walk_fast,0.9502668380737305,0.00022841262398287654,0.00033390632597729564,0.0479528084397316,0.9502668380737305,0.0012180586345493793
C:/Users/KUBA/GitProjects/WKIRO-Project/data/LA014/Session2/Overground_Walk/Walk_Slow/Post_Process/Walk_Slow2.csv,4,LA014,Session2,overground,walk,slow,4,walk_slow,4,walk_slow,0.9976540803909302,5.450167918752413e-06,2.6208359486190602e-05,0.002301229629665613,1.30610878841253e-05,0.9976540803909302
C:/Users/KUBA/GitProjects/WKIRO-Project/data/LA014/Session2/Treadmill_Walk/Treadmill_Walk_Comfortable/Post_Process/Treadmill_Walk_Comfortable.csv,119,LA014,Session2,treadmill,walk,comfortable,2,walk_comfortable,2,walk_comfortable,0.6495193243026733,0.00022497439931612462,0.0004069015849381685,0.6495193243026733,0.018676897510886192,0.33117184042930603
C:/Users/KUBA/GitProjects/WKIRO-Project/data/LD002/Session1/Overground_Run/Run_Comfortable/Post_Process/Run_Comfortable3.csv,1,LD002,Session1,overground,run,comfortable,0,run_comfortable,0,run_comfortable,0.6203029155731201,0.6203029155731201,0.36722734570503235,0.0031131026335060596,0.006285340059548616,0.0030713281594216824
C:/Users/KUBA/GitProjects/WKIRO-Project/data/LD002/Session1/Overground_Run/Run_Comfortable/Post_Process/Run_Comfortable4.csv,2,LD002,Session1,overground,run,comfortable,0,run_comfortable,0,run_comfortable,0.9443960785865784,0.9443960785865784,0.05517585575580597,9.660267096478492e-05,0.00014047443983145058,0.00019099446944892406
C:/Users/KUBA/GitProjects/WKIRO-Project/data/LD002/Session1/Overground_Walk/Walk_Comfortable/Post_Process/Walk_Comfortable12.csv,3,LD002,Session1,overground,walk,comfortable,2,walk_comfortable,3,walk_fast,0.9845016002655029,6.531478720717132e-05,0.00017111362831201404,0.015178543515503407,0.9845016002655029,8.342724322574213e-05
C:/Users/KUBA/GitProjects/WKIRO-Project/data/LD002/Session1/Overground_Walk/Walk_Comfortable/Post_Process/Walk_Comfortable2.csv,2,LD002,Session1,overground,walk,comfortable,2,walk_comfortable,3,walk_fast,0.9930247068405151,1.8223981896881014e-05,0.00012600209447555244,0.006804109085351229,0.9930247068405151,2.686525840545073e-05
C:/Users/KUBA/GitProjects/WKIRO-Project/data/LD002/Session1/Overground_Walk/Walk_Comfortable/Post_Process/Walk_Comfortable9.csv,3,LD002,Session1,overground,walk,comfortable,2,walk_comfortable,2,walk_comfortable,0.4555089473724365,0.007975826971232891,0.002582049695774913,0.4555089473724365,0.29173043370246887,0.24220271408557892
C:/Users/KUBA/GitProjects/WKIRO-Project/data/LD002/Session1/Overground_Walk/Walk_Fast/Post_Process/Walk_Fast1.csv,3,LD002,Session1,overground,walk,fast,3,walk_fast,3,walk_fast,0.660643458366394,0.016703974455595016,0.004998029675334692,0.24559949338436127,0.660643458366394,0.07205507904291153
C:/Users/KUBA/GitProjects/WKIRO-Project/data/LD002/Session1/Overground_Walk/Walk_Fast/Post_Process/Walk_Fast2.csv,1,LD002,Session1,overground,walk,fast,3,walk_fast,3,walk_fast,0.9917239546775818,9.249512913811486e-06,0.00014051054313313216,0.00808808021247387,0.9917239546775818,3.814585943473503e-05
C:/Users/KUBA/GitProjects/WKIRO-Project/data/LD002/Session1/Overground_Walk/Walk_Fast/Post_Process/Walk_Fast7.csv,2,LD002,Session1,overground,walk,fast,3,walk_fast,2,walk_comfortable,0.47608107328414917,0.011873381212353706,0.002964139450341463,0.47608107328414917,0.39166539907455444,0.11741597205400467
C:/Users/KUBA/GitProjects/WKIRO-Project/data/LD002/Session2/Overground_Run/Run_Comfortable/Post_Process/Run_Comfortable6.csv,2,LD002,Session2,overground,run,comfortable,0,run_comfortable,0,run_comfortable,0.6247138381004333,0.6247138381004333,0.37418991327285767,0.00037194296601228416,0.00045647122897207737,0.00026783152134157717
C:/Users/KUBA/GitProjects/WKIRO-Project/data/LD002/Session2/Overground_Run/Run_Fast/Post_Process/Run_Fast1.csv,1,LD002,Session2,overground,run,fast,1,run_fast,1,run_fast,0.918745756149292,0.072933629155159,0.918745756149292,0.0013673517387360334,0.0014714524149894714,0.005481811240315437
C:/Users/KUBA/GitProjects/WKIRO-Project/data/LD002/Session2/Overground_Run/Run_Fast/Post_Process/Run_Fast11.csv,1,LD002,Session2,overground,run,fast,1,run_fast,1,run_fast,0.5870534181594849,0.378945529460907,0.5870534181594849,0.0105212377384305,0.004133300855755806,0.019346509128808975
C:/Users/KUBA/GitProjects/WKIRO-Project/data/LD002/Session2/Overground_Walk/Walk_Slow/Post_Process/Walk_Slow2.csv,5,LD002,Session2,overground,walk,slow,4,walk_slow,4,walk_slow,0.5341082811355591,0.0001459325139876455,0.0003560539335012436,0.45792555809020996,0.007464269641786814,0.5341082811355591
C:/Users/KUBA/GitProjects/WKIRO-Project/data/LD002/Session2/Overground_Walk/Walk_Slow/Post_Process/Walk_Slow5.csv,6,LD002,Session2,overground,walk,slow,4,walk_slow,4,walk_slow,0.5190756916999817,0.008333544246852398,0.004511189181357622,0.3289824426174164,0.13909709453582764,0.5190756916999817
C:/Users/KUBA/GitProjects/WKIRO-Project/data/LF003/Session1/Overground_Run/Run_Comfortable/Post_Process/Run_Comfortable11.csv,2,LF003,Session1,overground,run,comfortable,0,run_comfortable,0,run_comfortable,0.750496506690979,0.750496506690979,0.23561009764671326,0.004055718891322613,0.006599919404834509,0.0032378211617469788
C:/Users/KUBA/GitProjects/WKIRO-Project/data/LF003/Session1/Overground_Run/Run_Comfortable/Post_Process/Run_Comfortable12.csv,2,LF003,Session1,overground,run,comfortable,0,run_comfortable,0,run_comfortable,0.6648995876312256,0.6648995876312256,0.33430516719818115,0.00025420915335416794,0.00011558389815036207,0.00042548240162432194
C:/Users/KUBA/GitProjects/WKIRO-Project/data/LF003/Session1/Overground_Run/Run_Comfortable/Post_Process/Run_Comfortable15.csv,2,LF003,Session1,overground,run,comfortable,0,run_comfortable,0,run_comfortable,0.8010014891624451,0.8010014891624451,0.18490996956825256,0.004663121420890093,0.006047611590474844,0.00337774446234107
C:/Users/KUBA/GitProjects/WKIRO-Project/data/LF003/Session1/Overground_Run/Run_Fast/Post_Process/Run_Fast3.csv,1,LF003,Session1,overground,run,fast,1,run_fast,1,run_fast,0.9390407800674438,0.05015495792031288,0.9390407800674438,0.0031271742191165686,0.0020399722270667553,0.005637138616293669
C:/Users/KUBA/GitProjects/WKIRO-Project/data/LF003/Session1/Overground_Walk/Walk_Comfortable/Post_Process/Walk_Comfortable3.csv,5,LF003,Session1,overground,walk,comfortable,2,walk_comfortable,3,walk_fast,0.48981064558029175,0.004811783786863089,0.0032694805413484573,0.38360148668289185,0.48981064558029175,0.11850663274526596
C:/Users/KUBA/GitProjects/WKIRO-Project/data/LF003/Session1/Overground_Walk/Walk_Fast/Post_Process/Walk_Fast5.csv,2,LF003,Session1,overground,walk,fast,3,walk_fast,2,walk_comfortable,0.4502618908882141,0.005336116999387741,0.002989413682371378,0.4502618908882141,0.43392181396484375,0.10749074071645737
C:/Users/KUBA/GitProjects/WKIRO-Project/data/LF003/Session1/Overground_Walk/Walk_Fast/Post_Process/Walk_Fast6.csv,2,LF003,Session1,overground,walk,fast,3,walk_fast,3,walk_fast,0.9911957383155823,1.9493854779284447e-05,8.23764203232713e-05,0.008624525740742683,0.9911957383155823,7.785766501910985e-05
C:/Users/KUBA/GitProjects/WKIRO-Project/data/LF003/Session1/Overground_Walk/Walk_Slow/Post_Process/Walk_Slow4.csv,5,LF003,Session1,overground,walk,slow,4,walk_slow,2,walk_comfortable,0.7762738466262817,0.00010300909343641251,0.0016426112269982696,0.7762738466262817,0.011816537007689476,0.21016399562358856
C:/Users/KUBA/GitProjects/WKIRO-Project/data/LF003/Session1/Treadmill_Run/Treadmill_Run_Comfortable/Post_Process/Treadmill_Run_Comfortable.csv,119,LF003,Session1,treadmill,run,comfortable,0,run_comfortable,0,run_comfortable,0.9747572541236877,0.9747572541236877,0.02508476935327053,6.327360461000353e-05,4.0584021917311475e-05,5.413584585767239e-05
C:/Users/KUBA/GitProjects/WKIRO-Project/data/LF003/Session1/Treadmill_Walk/Treadmill_Walk_Comfortable/Post_Process/Treadmill_Walk_Comfortable.csv,123,LF003,Session1,treadmill,walk,comfortable,2,walk_comfortable,4,walk_slow,0.6250978708267212,0.0001110282028093934,0.0009069317602552474,0.35826563835144043,0.015618542209267616,0.6250978708267212
C:/Users/KUBA/GitProjects/WKIRO-Project/data/LF003/Session2/Overground_Run/Run_Fast/Post_Process/Run_Fast10.csv,1,LF003,Session2,overground,run,fast,1,run_fast,1,run_fast,0.9971399307250977,0.0025598013307899237,0.9971399307250977,6.070414019632153e-05,0.000179246548213996,6.0290127294138074e-05
C:/Users/KUBA/GitProjects/WKIRO-Project/data/LF003/Session2/Overground_Walk/Walk_Comfortable/Post_Process/Walk_Comfortable6.csv,2,LF003,Session2,overground,walk,comfortable,2,walk_comfortable,3,walk_fast,0.9957672357559204,1.3167881661502179e-05,0.00012758825323544443,0.0040762354619801044,0.9957672357559204,1.581674769113306e-05
C:/Users/KUBA/GitProjects/WKIRO-Project/data/LF003/Session2/Overground_Walk/Walk_Fast/Post_Process/Walk_Fast12.csv,2,LF003,Session2,overground,walk,fast,3,walk_fast,3,walk_fast,0.9890308380126953,8.02823924459517e-05,0.00036830955650657415,0.010455386713147163,0.9890308380126953,6.518852023873478e-05
C:/Users/KUBA/GitProjects/WKIRO-Project/data/LF003/Session2/Overground_Walk/Walk_Fast/Post_Process/Walk_Fast8.csv,2,LF003,Session2,overground,walk,fast,3,walk_fast,3,walk_fast,0.9889694452285767,6.950992974452674e-05,0.00025500613264739513,0.01061346847563982,0.9889694452285767,9.257534838980064e-05
C:/Users/KUBA/GitProjects/WKIRO-Project/data/LF003/Session2/Treadmill_Run/Treadmill_Run_Fast/Post_Process/Treadmill_Run_Fast.csv,119,LF003,Session2,treadmill,run,fast,1,run_fast,1,run_fast,0.9923730492591858,0.007330606691539288,0.9923730492591858,0.00012214337766636163,0.00012457824777811766,4.961974991601892e-05
C:/Users/KUBA/GitProjects/WKIRO-Project/data/LF003/Session2/Treadmill_Walk/Treadmill_Walk_Slow/Post_Process/Treadmill_Walk_Slow.csv,124,LF003,Session2,treadmill,walk,slow,4,walk_slow,4,walk_slow,0.6384164690971375,0.012022634968161583,0.000623382453341037,0.34797075390815735,0.0009666925179772079,0.6384164690971375
C:/Users/KUBA/GitProjects/WKIRO-Project/data/LL011/Session1/Overground_Run/Run_Fast/Post_Process/Run_Fast4.csv,1,LL011,Session1,overground,run,fast,1,run_fast,1,run_fast,0.6738333702087402,0.31491708755493164,0.6738333702087402,0.002208180958405137,0.0025024653878062963,0.006538931280374527
C:/Users/KUBA/GitProjects/WKIRO-Project/data/LL011/Session1/Overground_Walk/Walk_Fast/Post_Process/Walk_Fast2.csv,3,LL011,Session1,overground,walk,fast,3,walk_fast,3,walk_fast,0.9970865845680237,1.3147349818609655e-05,7.382051990134642e-05,0.002806577133014798,0.9970865845680237,1.9827297364827245e-05
C:/Users/KUBA/GitProjects/WKIRO-Project/data/LL011/Session1/Overground_Walk/Walk_Fast/Post_Process/Walk_Fast9.csv,3,LL011,Session1,overground,walk,fast,3,walk_fast,2,walk_comfortable,0.4484718143939972,0.005533748771995306,0.002902902662754059,0.4484718143939972,0.4110467731952667,0.132044717669487
C:/Users/KUBA/GitProjects/WKIRO-Project/data/LL011/Session1/Overground_Walk/Walk_Slow/Post_Process/Walk_Slow1.csv,8,LL011,Session1,overground,walk,slow,4,walk_slow,4,walk_slow,0.5094863772392273,0.004256080370396376,0.003985082730650902,0.35704827308654785,0.12522420287132263,0.5094863772392273
C:/Users/KUBA/GitProjects/WKIRO-Project/data/LL011/Session1/Treadmill_Walk/Treadmill_Walk_Comfortable/Post_Process/Treadmill_Walk_Comfortable.csv,119,LL011,Session1,treadmill,walk,comfortable,2,walk_comfortable,2,walk_comfortable,0.8193323016166687,0.0001777277939254418,0.00018019684648606926,0.8193323016166687,0.001829601707868278,0.17848019301891327
C:/Users/KUBA/GitProjects/WKIRO-Project/data/LL011/Session2/Overground_Run/Run_Comfortable/Post_Process/Run_Comfortable6.csv,1,LL011,Session2,overground,run,comfortable,0,run_comfortable,1,run_fast,0.9907668828964233,0.008802427910268307,0.9907668828964233,0.00014434114564210176,0.00020718785526696593,7.919946074252948e-05
C:/Users/KUBA/GitProjects/WKIRO-Project/data/LL011/Session2/Overground_Run/Run_Fast/Post_Process/Run_Fast7.csv,1,LL011,Session2,overground,run,fast,1,run_fast,1,run_fast,0.8441855907440186,0.1369631141424179,0.8441855907440186,0.005096626002341509,0.0033397467341274023,0.010414890013635159
C:/Users/KUBA/GitProjects/WKIRO-Project/data/LL011/Session2/Overground_Walk/Walk_Comfortable/Post_Process/Walk_Comfortable1.csv,4,LL011,Session2,overground,walk,comfortable,2,walk_comfortable,2,walk_comfortable,0.49966666102409363,0.0069003840908408165,0.0037048053927719593,0.49966666102409363,0.1893099844455719,0.3004181981086731
C:/Users/KUBA/GitProjects/WKIRO-Project/data/LL011/Session2/Overground_Walk/Walk_Comfortable/Post_Process/Walk_Comfortable2.csv,4,LL011,Session2,overground,walk,comfortable,2,walk_comfortable,2,walk_comfortable,0.9473135471343994,6.787141319364309e-05,0.0003035377594642341,0.9473135471343994,0.04422524943947792,0.008089740760624409
C:/Users/KUBA/GitProjects/WKIRO-Project/data/LL011/Session2/Overground_Walk/Walk_Comfortable/Post_Process/Walk_Comfortable3.csv,4,LL011,Session2,overground,walk,comfortable,2,walk_comfortable,2,walk_comfortable,0.46922898292541504,0.005176634527742863,0.0036220280453562737,0.46922898292541504,0.28849756717681885,0.23347479104995728
C:/Users/KUBA/GitProjects/WKIRO-Project/data/LL011/Session2/Overground_Walk/Walk_Comfortable/Post_Process/Walk_Comfortable4.csv,3,LL011,Session2,overground,walk,comfortable,2,walk_comfortable,2,walk_comfortable,0.9411184787750244,0.00018129391537513584,0.0003426897746976465,0.9411184787750244,0.050825804471969604,0.007531759794801474
C:/Users/KUBA/GitProjects/WKIRO-Project/data/LL011/Session2/Overground_Walk/Walk_Fast/Post_Process/Walk_Fast7.csv,2,LL011,Session2,overground,walk,fast,3,walk_fast,3,walk_fast,0.5186561346054077,0.005148703698068857,0.0030272668227553368,0.36653053760528564,0.5186561346054077,0.1066373735666275
C:/Users/KUBA/GitProjects/WKIRO-Project/data/LL011/Session2/Treadmill_Run/Treadmill_Run_Comfortable/Post_Process/Treadmill_Run_Comfortable.csv,119,LL011,Session2,treadmill,run,comfortable,0,run_comfortable,0,run_comfortable,0.9336910247802734,0.9336910247802734,0.06580565869808197,0.0002280246844748035,0.00016850410611368716,0.0001067401171894744
C:/Users/KUBA/GitProjects/WKIRO-Project/data/LL011/Session2/Treadmill_Walk/Treadmill_Walk_Slow/Post_Process/Treadmill_Walk_Slow.csv,119,LL011,Session2,treadmill,walk,slow,4,walk_slow,4,walk_slow,0.8857921361923218,0.0002032206393778324,8.332260767929256e-05,0.11379844695329666,0.00012293814506847411,0.8857921361923218
C:/Users/KUBA/GitProjects/WKIRO-Project/data/LM012/Session1/Overground_Run/Run_Comfortable/Post_Process/Run_Comfortable8.csv,2,LM012,Session1,overground,run,comfortable,0,run_comfortable,0,run_comfortable,0.9948470592498779,0.9948470592498779,0.004961424507200718,7.148485019570217e-05,5.076564411865547e-05,6.931085954420269e-05
C:/Users/KUBA/GitProjects/WKIRO-Project/data/LM012/Session1/Overground_Run/Run_Fast/Post_Process/Run_Fast10.csv,1,LM012,Session1,overground,run,fast,1,run_fast,1,run_fast,0.9934843182563782,0.004657328128814697,0.9934843182563782,0.00028679726528935134,0.0011939258547499776,0.00037768890615552664
C:/Users/KUBA/GitProjects/WKIRO-Project/data/LM012/Session1/Overground_Walk/Walk_Comfortable/Post_Process/Walk_Comfortable2.csv,6,LM012,Session1,overground,walk,comfortable,2,walk_comfortable,2,walk_comfortable,0.9692711234092712,0.00022580691438633949,0.0002369443973293528,0.9692711234092712,0.02120421640574932,0.009061840362846851
C:/Users/KUBA/GitProjects/WKIRO-Project/data/LM012/Session1/Overground_Walk/Walk_Fast/Post_Process/Walk_Fast2.csv,3,LM012,Session1,overground,walk,fast,3,walk_fast,2,walk_comfortable,0.5277286171913147,0.005214254837483168,0.002865472575649619,0.5277286171913147,0.2696891725063324,0.19450248777866364
C:/Users/KUBA/GitProjects/WKIRO-Project/data/LM012/Session1/Overground_Walk/Walk_Fast/Post_Process/Walk_Fast4.csv,3,LM012,Session1,overground,walk,fast,3,walk_fast,2,walk_comfortable,0.5391237735748291,0.005806082859635353,0.002568151568993926,0.5391237735748291,0.29003503918647766,0.162466898560524
C:/Users/KUBA/GitProjects/WKIRO-Project/data/LM012/Session1/Overground_Walk/Walk_Slow/Post_Process/Walk_Slow3.csv,10,LM012,Session1,overground,walk,slow,4,walk_slow,4,walk_slow,0.5313646793365479,0.004985870327800512,0.0038023474626243114,0.3415333032608032,0.11831381171941757,0.5313646793365479
C:/Users/KUBA/GitProjects/WKIRO-Project/data/LM012/Session2/Overground_Run/Run_Comfortable/Post_Process/Run_Comfortable1.csv,1,LM012,Session2,overground,run,comfortable,0,run_comfortable,1,run_fast,0.9924321174621582,0.006013228092342615,0.9924321174621582,0.00021368540183175355,0.0012339743552729487,0.00010699519043555483
C:/Users/KUBA/GitProjects/WKIRO-Project/data/LM012/Session2/Overground_Run/Run_Comfortable/Post_Process/Run_Comfortable9.csv,2,LM012,Session2,overground,run,comfortable,0,run_comfortable,1,run_fast,0.985713005065918,0.012848133221268654,0.985713005065918,0.0001803281920729205,0.0012028105556964874,5.566848994931206e-05
C:/Users/KUBA/GitProjects/WKIRO-Project/data/LM012/Session2/Overground_Walk/Walk_Comfortable/Post_Process/Walk_Comfortable3.csv,3,LM012,Session2,overground,walk,comfortable,2,walk_comfortable,3,walk_fast,0.4930943548679352,0.0071886018849909306,0.00437510060146451,0.3649311065673828,0.4930943548679352,0.13041077554225922
C:/Users/KUBA/GitProjects/WKIRO-Project/data/LM012/Session2/Overground_Walk/Walk_Fast/Post_Process/Walk_Fast2.csv,3,LM012,Session2,overground,walk,fast,3,walk_fast,3,walk_fast,0.9989404082298279,7.154979539336637e-05,9.559888712828979e-05,0.0008840506779961288,0.9989404082298279,8.446158972219564e-06
C:/Users/KUBA/GitProjects/WKIRO-Project/data/LM012/Session2/Overground_Walk/Walk_Slow/Post_Process/Walk_Slow4.csv,8,LM012,Session2,overground,walk,slow,4,walk_slow,4,walk_slow,0.6408991813659668,0.003161015687510371,0.0032070602755993605,0.2715297341346741,0.08120299875736237,0.6408991813659668
C:/Users/KUBA/GitProjects/WKIRO-Project/data/LM012/Session2/Overground_Walk/Walk_Slow/Post_Process/Walk_Slow6.csv,11,LM012,Session2,overground,walk,slow,4,walk_slow,4,walk_slow,0.651227593421936,0.003146924776956439,0.003042078809812665,0.2596851885318756,0.08289816975593567,0.651227593421936
C:/Users/KUBA/GitProjects/WKIRO-Project/data/MR015/Session1/Overground_Run/Run_Comfortable/Post_Process/Run_Comfortable10.csv,1,MR015,Session1,overground,run,comfortable,0,run_comfortable,0,run_comfortable,0.9788557887077332,0.9788557887077332,0.019978705793619156,0.0006091382820159197,0.0004120682133361697,0.00014429401198867708
C:/Users/KUBA/GitProjects/WKIRO-Project/data/MR015/Session1/Overground_Run/Run_Fast/Post_Process/Run_Fast1.csv,1,MR015,Session1,overground,run,fast,1,run_fast,1,run_fast,0.8148066401481628,0.16703994572162628,0.8148066401481628,0.005392348859459162,0.0026044086553156376,0.010156677104532719
C:/Users/KUBA/GitProjects/WKIRO-Project/data/MR015/Session1/Overground_Walk/Walk_Fast/Post_Process/Walk_Fast1.csv,3,MR015,Session1,overground,walk,fast,3,walk_fast,2,walk_comfortable,0.5227420330047607,0.005046814680099487,0.0027544312179088593,0.5227420330047607,0.2400197982788086,0.22943688929080963
C:/Users/KUBA/GitProjects/WKIRO-Project/data/MR015/Session1/Overground_Walk/Walk_Fast/Post_Process/Walk_Fast4.csv,2,MR015,Session1,overground,walk,fast,3,walk_fast,3,walk_fast,0.5328830480575562,9.093833796214312e-05,0.000475014909170568,0.46486738324165344,0.5328830480575562,0.0016835962887853384
C:/Users/KUBA/GitProjects/WKIRO-Project/data/MR015/Session1/Overground_Walk/Walk_Slow/Post_Process/Walk_Slow1.csv,6,MR015,Session1,overground,walk,slow,4,walk_slow,4,walk_slow,0.4961177110671997,0.004816186148673296,0.004214818589389324,0.3560275137424469,0.1388237029314041,0.4961177110671997
C:/Users/KUBA/GitProjects/WKIRO-Project/data/MR015/Session2/Overground_Run/Run_Comfortable/Post_Process/Run_Comfortable3.csv,2,MR015,Session2,overground,run,comfortable,0,run_comfortable,0,run_comfortable,0.8256317377090454,0.8256317377090454,0.15527305006980896,0.0060342466458678246,0.008959333412349224,0.004101673141121864
C:/Users/KUBA/GitProjects/WKIRO-Project/data/MR015/Session2/Overground_Run/Run_Comfortable/Post_Process/Run_Comfortable8.csv,2,MR015,Session2,overground,run,comfortable,0,run_comfortable,0,run_comfortable,0.9454822540283203,0.9454822540283203,0.05284469202160835,0.000530137331224978,0.0009768812451511621,0.00016604684060439467
C:/Users/KUBA/GitProjects/WKIRO-Project/data/MR015/Session2/Overground_Walk/Walk_Comfortable/Post_Process/Walk_Comfortable3.csv,4,MR015,Session2,overground,walk,comfortable,2,walk_comfortable,2,walk_comfortable,0.500548779964447,0.0049639856442809105,0.0028447750955820084,0.500548779964447,0.25724896788597107,0.23439347743988037
C:/Users/KUBA/GitProjects/WKIRO-Project/data/MR015/Session2/Overground_Walk/Walk_Comfortable/Post_Process/Walk_Comfortable4.csv,2,MR015,Session2,overground,walk,comfortable,2,walk_comfortable,2,walk_comfortable,0.41797590255737305,0.005007431376725435,0.003668614663183689,0.41797590255737305,0.31379419565200806,0.25955381989479065
C:/Users/KUBA/GitProjects/WKIRO-Project/data/MR015/Session2/Overground_Walk/Walk_Comfortable/Post_Process/Walk_Comfortable8.csv,2,MR015,Session2,overground,walk,comfortable,2,walk_comfortable,2,walk_comfortable,0.7084097862243652,0.0001486517721787095,0.00040467793587595224,0.7084097862243652,0.2885372042655945,0.002499706344678998
C:/Users/KUBA/GitProjects/WKIRO-Project/data/MR015/Session2/Overground_Walk/Walk_Fast/Post_Process/Walk_Fast4.csv,3,MR015,Session2,overground,walk,fast,3,walk_fast,3,walk_fast,0.45949089527130127,0.005141042172908783,0.0035504077095538378,0.37256789207458496,0.45949089527130127,0.15924973785877228
C:/Users/KUBA/GitProjects/WKIRO-Project/data/MR015/Session2/Overground_Walk/Walk_Slow/Post_Process/Walk_Slow6.csv,5,MR015,Session2,overground,walk,slow,4,walk_slow,2,walk_comfortable,0.9875221252441406,2.998844502144493e-05,3.9356174966087565e-05,0.9875221252441406,0.0005893348716199398,0.011819222941994667
C:/Users/KUBA/GitProjects/WKIRO-Project/data/OB010/Session1/Overground_Run/Run_Comfortable/Post_Process/Run_Comfortable4.csv,1,OB010,Session1,overground,run,comfortable,0,run_comfortable,0,run_comfortable,0.9969090819358826,0.9969090819358826,0.002126643666997552,0.0006285558920353651,0.00022009722306393087,0.00011562184954527766
C:/Users/KUBA/GitProjects/WKIRO-Project/data/OB010/Session1/Overground_Walk/Walk_Comfortable/Post_Process/Walk_Comfortable6.csv,3,OB010,Session1,overground,walk,comfortable,2,walk_comfortable,2,walk_comfortable,0.9095590114593506,8.93869437277317e-05,0.00041563427657820284,0.9095590114593506,0.08484596759080887,0.005090030375868082
C:/Users/KUBA/GitProjects/WKIRO-Project/data/OB010/Session1/Overground_Walk/Walk_Fast/Post_Process/Walk_Fast6.csv,2,OB010,Session1,overground,walk,fast,3,walk_fast,3,walk_fast,0.9543073177337646,6.14224627497606e-05,0.00032452272716909647,0.045200977474451065,0.9543073177337646,0.00010566615674179047
C:/Users/KUBA/GitProjects/WKIRO-Project/data/OB010/Session1/Overground_Walk/Walk_Slow/Post_Process/Walk_Slow1.csv,5,OB010,Session1,overground,walk,slow,4,walk_slow,4,walk_slow,0.5726922750473022,0.002862130757421255,0.0035021663643419743,0.3054457902908325,0.11549757421016693,0.5726922750473022
C:/Users/KUBA/GitProjects/WKIRO-Project/data/OB010/Session1/Overground_Walk/Walk_Slow/Post_Process/Walk_Slow4.csv,4,OB010,Session1,overground,walk,slow,4,walk_slow,2,walk_comfortable,0.9855138063430786,6.011062941979617e-05,0.0001258622796740383,0.9855138063430786,0.0017018972430378199,0.012598387897014618
C:/Users/KUBA/GitProjects/WKIRO-Project/data/OB010/Session1/Treadmill_Walk/Treadmill_Walk_Fast/Post_Process/Treadmill_Walk_Fast.csv,119,OB010,Session1,treadmill,walk,fast,3,walk_fast,3,walk_fast,0.9273629188537598,6.739875971106812e-05,0.0003213162417523563,0.07206600904464722,0.9273629188537598,0.00018232784350402653
C:/Users/KUBA/GitProjects/WKIRO-Project/data/OB010/Session2/Overground_Run/Run_Comfortable/Post_Process/Run_Comfortable13.csv,1,OB010,Session2,overground,run,comfortable,0,run_comfortable,0,run_comfortable,0.7759093642234802,0.7759093642234802,0.213627889752388,0.004072989337146282,0.00411746883764863,0.002272313926368952
C:/Users/KUBA/GitProjects/WKIRO-Project/data/OB010/Session2/Overground_Run/Run_Comfortable/Post_Process/Run_Comfortable6.csv,1,OB010,Session2,overground,run,comfortable,0,run_comfortable,0,run_comfortable,0.9681203365325928,0.9681203365325928,0.031421273946762085,0.0001858132309280336,7.237827230710536e-05,0.00020021881209686399
C:/Users/KUBA/GitProjects/WKIRO-Project/data/OB010/Session2/Overground_Run/Run_Fast/Post_Process/Run_Fast13.csv,1,OB010,Session2,overground,run,fast,1,run_fast,1,run_fast,0.7795544862747192,0.1959153413772583,0.7795544862747192,0.006650954019278288,0.004447044804692268,0.013432111591100693
C:/Users/KUBA/GitProjects/WKIRO-Project/data/OB010/Session2/Overground_Run/Run_Fast/Post_Process/Run_Fast9.csv,1,OB010,Session2,overground,run,fast,1,run_fast,1,run_fast,0.5485661625862122,0.4225427508354187,0.5485661625862122,0.010223029181361198,0.010159093886613846,0.008508967235684395
C:/Users/KUBA/GitProjects/WKIRO-Project/data/OB010/Session2/Overground_Walk/Walk_Comfortable/Post_Process/Walk_Comfortable4.csv,3,OB010,Session2,overground,walk,comfortable,2,walk_comfortable,2,walk_comfortable,0.711251437664032,3.86870997317601e-05,0.00014844124962110072,0.711251437664032,0.28553307056427,0.003028346225619316
C:/Users/KUBA/GitProjects/WKIRO-Project/data/OB010/Session2/Overground_Walk/Walk_Fast/Post_Process/Walk_Fast6.csv,2,OB010,Session2,overground,walk,fast,3,walk_fast,3,walk_fast,0.9982852935791016,9.198156476486474e-06,7.757866114843637e-05,0.0016215899959206581,0.9982852935791016,6.353559911076445e-06
C:/Users/KUBA/GitProjects/WKIRO-Project/data/OB010/Session2/Treadmill_Run/Treadmill_Run_Comfortable/Post_Process/Treadmill_Run_Comfortable.csv,119,OB010,Session2,treadmill,run,comfortable,0,run_comfortable,1,run_fast,0.6059730648994446,0.3925054669380188,0.6059730648994446,0.0006907332572154701,0.000543339061550796,0.00028744590235874057
C:/Users/KUBA/GitProjects/WKIRO-Project/data/PC008/Session1/Overground_Run/Run_Comfortable/Post_Process/Run_Comfortable1.csv,2,PC008,Session1,overground,run,comfortable,0,run_comfortable,0,run_comfortable,0.8802809715270996,0.8802809715270996,0.10233217477798462,0.0054514226503670216,0.007904785685241222,0.004030689597129822
C:/Users/KUBA/GitProjects/WKIRO-Project/data/PC008/Session1/Overground_Run/Run_Comfortable/Post_Process/Run_Comfortable3.csv,2,PC008,Session1,overground,run,comfortable,0,run_comfortable,0,run_comfortable,0.8923244476318359,0.8923244476318359,0.09411314129829407,0.004520429763942957,0.00613882951438427,0.0029031760059297085
C:/Users/KUBA/GitProjects/WKIRO-Project/data/PC008/Session1/Overground_Run/Run_Comfortable/Post_Process/Run_Comfortable7.csv,1,PC008,Session1,overground,run,comfortable,0,run_comfortable,0,run_comfortable,0.9147207736968994,0.9147207736968994,0.07276212424039841,0.003932452294975519,0.0058848983608186245,0.0026997688692063093
C:/Users/KUBA/GitProjects/WKIRO-Project/data/PC008/Session1/Overground_Walk/Walk_Comfortable/Post_Process/Walk_Comfortable7.csv,4,PC008,Session1,overground,walk,comfortable,2,walk_comfortable,2,walk_comfortable,0.4976203441619873,0.008969325572252274,0.00394375529140234,0.4976203441619873,0.2711784541606903,0.21828807890415192
C:/Users/KUBA/GitProjects/WKIRO-Project/data/PC008/Session1/Overground_Walk/Walk_Comfortable/Post_Process/Walk_Comfortable8.csv,3,PC008,Session1,overground,walk,comfortable,2,walk_comfortable,2,walk_comfortable,0.6538233160972595,0.000951590423937887,0.000617767742369324,0.6538233160972595,0.33836397528648376,0.006243428681045771
C:/Users/KUBA/GitProjects/WKIRO-Project/data/PC008/Session1/Overground_Walk/Walk_Fast/Post_Process/Walk_Fast8.csv,2,PC008,Session1,overground,walk,fast,3,walk_fast,3,walk_fast,0.8939551115036011,0.0008074392681010067,0.0010311695514246821,0.10308599472045898,0.8939551115036011,0.0011202343739569187
C:/Users/KUBA/GitProjects/WKIRO-Project/data/PC008/Session1/Overground_Walk/Walk_Slow/Post_Process/Walk_Slow5.csv,3,PC008,Session1,overground,walk,slow,4,walk_slow,2,walk_comfortable,0.38689956068992615,0.009714367799460888,0.006001399364322424,0.38689956068992615,0.2976188659667969,0.29976582527160645
C:/Users/KUBA/GitProjects/WKIRO-Project/data/PC008/Session2/Overground_Run/Run_Comfortable/Post_Process/Run_Comfortable4.csv,2,PC008,Session2,overground,run,comfortable,0,run_comfortable,0,run_comfortable,0.9997592568397522,0.9997592568397522,0.00020217795099597424,1.347188026556978e-05,1.5380677723442204e-05,9.711399798106868e-06
C:/Users/KUBA/GitProjects/WKIRO-Project/data/PC008/Session2/Overground_Run/Run_Fast/Post_Process/Run_Fast1.csv,1,PC008,Session2,overground,run,fast,1,run_fast,0,run_comfortable,0.7613067626953125,0.7613067626953125,0.23035964369773865,0.002206048695370555,0.0045423973351716995,0.0015851098578423262
C:/Users/KUBA/GitProjects/WKIRO-Project/data/PC008/Session2/Overground_Run/Run_Fast/Post_Process/Run_Fast11.csv,2,PC008,Session2,overground,run,fast,1,run_fast,0,run_comfortable,0.7945473194122314,0.7945473194122314,0.1946788728237152,0.0028378660790622234,0.005674435291439295,0.002261554589495063
C:/Users/KUBA/GitProjects/WKIRO-Project/data/PC008/Session2/Overground_Walk/Walk_Comfortable/Post_Process/Walk_Comfortable10.csv,2,PC008,Session2,overground,walk,comfortable,2,walk_comfortable,2,walk_comfortable,0.9322112798690796,0.0016619085799902678,0.00021373463096097112,0.9322112798690796,0.01545617263764143,0.05045686662197113
C:/Users/KUBA/GitProjects/WKIRO-Project/data/PC008/Session2/Overground_Walk/Walk_Fast/Post_Process/Walk_Fast5.csv,3,PC008,Session2,overground,walk,fast,3,walk_fast,2,walk_comfortable,0.43994784355163574,0.007558685261756182,0.004222515970468521,0.43994784355163574,0.33403363823890686,0.2142372578382492
C:/Users/KUBA/GitProjects/WKIRO-Project/data/PC008/Session2/Overground_Walk/Walk_Fast/Post_Process/Walk_Fast7.csv,2,PC008,Session2,overground,walk,fast,3,walk_fast,2,walk_comfortable,0.3789367079734802,0.006806357763707638,0.0036191465333104134,0.3789367079734802,0.2626330852508545,0.34800466895103455
C:/Users/KUBA/GitProjects/WKIRO-Project/data/PC008/Session2/Overground_Walk/Walk_Slow/Post_Process/Walk_Slow13.csv,5,PC008,Session2,overground,walk,slow,4,walk_slow,4,walk_slow,0.5307208299636841,0.010152153670787811,0.006964595522731543,0.23152711987495422,0.2206352949142456,0.5307208299636841
C:/Users/KUBA/GitProjects/WKIRO-Project/data/PC008/Session2/Overground_Walk/Walk_Slow/Post_Process/Walk_Slow9.csv,2,PC008,Session2,overground,walk,slow,4,walk_slow,4,walk_slow,0.6121150255203247,0.010178026743233204,0.006270755082368851,0.2330249845981598,0.13841129839420319,0.6121150255203247
C:/Users/KUBA/GitProjects/WKIRO-Project/data/PC008/Session2/Treadmill_Run/Treadmill_Run_Fast/Post_Process/Treadmill_Run_Fast.csv,119,PC008,Session2,treadmill,run,fast,1,run_fast,1,run_fast,0.5475963354110718,0.4512580633163452,0.5475963354110718,0.0002204775664722547,0.0007528763962909579,0.0001722253073239699
C:/Users/KUBA/GitProjects/WKIRO-Project/data/PC008/Session2/Treadmill_Walk/Treadmill_Walk_Fast/Post_Process/Treadmill_Walk_Fast.csv,119,PC008,Session2,treadmill,walk,fast,3,walk_fast,2,walk_comfortable,0.7836544513702393,0.00198434223420918,0.0006671639857813716,0.7836544513702393,0.20204485952854156,0.01164917927235365
C:/Users/KUBA/GitProjects/WKIRO-Project/data/PQ006/Session1/Overground_Run/Run_Comfortable/Post_Process/Run_Comfortable3.csv,2,PQ006,Session1,overground,run,comfortable,0,run_comfortable,0,run_comfortable,0.8656410574913025,0.8656410574913025,0.11596325039863586,0.006610205862671137,0.007644022814929485,0.004141432233154774
C:/Users/KUBA/GitProjects/WKIRO-Project/data/PQ006/Session1/Overground_Run/Run_Comfortable/Post_Process/Run_Comfortable6.csv,1,PQ006,Session1,overground,run,comfortable,0,run_comfortable,0,run_comfortable,0.9994993209838867,0.9994993209838867,0.00043769177864305675,2.081184538837988e-05,1.3338517419470008e-05,2.8793976525776088e-05
C:/Users/KUBA/GitProjects/WKIRO-Project/data/PQ006/Session1/Overground_Run/Run_Comfortable/Post_Process/Run_Comfortable9.csv,2,PQ006,Session1,overground,run,comfortable,0,run_comfortable,0,run_comfortable,0.8718310594558716,0.8718310594558716,0.11074228584766388,0.006157523952424526,0.007173688150942326,0.004095333628356457
C:/Users/KUBA/GitProjects/WKIRO-Project/data/PQ006/Session1/Overground_Run/Run_Fast/Post_Process/Run_Fast3.csv,1,PQ006,Session1,overground,run,fast,1,run_fast,0,run_comfortable,0.6529361605644226,0.6529361605644226,0.33499062061309814,0.004010183736681938,0.005258488468825817,0.002804509364068508
C:/Users/KUBA/GitProjects/WKIRO-Project/data/PQ006/Session1/Overground_Walk/Walk_Comfortable/Post_Process/Walk_Comfortable8.csv,5,PQ006,Session1,overground,walk,comfortable,2,walk_comfortable,3,walk_fast,0.6468730568885803,0.00031053810380399227,0.0008691546390764415,0.3482648432254791,0.6468730568885803,0.003682429436594248
C:/Users/KUBA/GitProjects/WKIRO-Project/data/PQ006/Session1/Overground_Walk/Walk_Fast/Post_Process/Walk_Fast11.csv,2,PQ006,Session1,overground,walk,fast,3,walk_fast,3,walk_fast,0.5114514827728271,0.007122628856450319,0.00488998182117939,0.2764929533004761,0.5114514827728271,0.2000429481267929
C:/Users/KUBA/GitProjects/WKIRO-Project/data/PQ006/Session1/Overground_Walk/Walk_Fast/Post_Process/Walk_Fast5.csv,3,PQ006,Session1,overground,walk,fast,3,walk_fast,2,walk_comfortable,0.4036168158054352,0.0038001679349690676,0.002711524022743106,0.4036168158054352,0.1957603245973587,0.39411112666130066
C:/Users/KUBA/GitProjects/WKIRO-Project/data/PQ006/Session1/Overground_Walk/Walk_Fast/Post_Process/Walk_Fast8.csv,2,PQ006,Session1,overground,walk,fast,3,walk_fast,3,walk_fast,0.9898465871810913,2.5454999558860436e-05,0.00015793443890288472,0.009887813590466976,0.9898465871810913,8.226830686908215e-05
C:/Users/KUBA/GitProjects/WKIRO-Project/data/PQ006/Session1/Overground_Walk/Walk_Slow/Post_Process/Walk_Slow10.csv,8,PQ006,Session1,overground,walk,slow,4,walk_slow,4,walk_slow,0.8491982221603394,0.00014531031774822623,0.00038751919055357575,0.1496778279542923,0.0005911352345719934,0.8491982221603394
C:/Users/KUBA/GitProjects/WKIRO-Project/data/PQ006/Session1/Overground_Walk/Walk_Slow/Post_Process/Walk_Slow11.csv,8,PQ006,Session1,overground,walk,slow,4,walk_slow,4,walk_slow,0.7660576105117798,0.002468251623213291,0.0029190441127866507,0.16103023290634155,0.06752485036849976,0.7660576105117798
C:/Users/KUBA/GitProjects/WKIRO-Project/data/PQ006/Session1/Treadmill_Walk/Treadmill_Walk_Comfortable/Post_Process/Treadmill_Walk_Comfortable.csv,119,PQ006,Session1,treadmill,walk,comfortable,2,walk_comfortable,2,walk_comfortable,0.9140346050262451,0.0001931173464981839,0.000369233574019745,0.9140346050262451,0.02589893899857998,0.05950414016842842
C:/Users/KUBA/GitProjects/WKIRO-Project/data/PQ006/Session2/Overground_Run/Run_Comfortable/Post_Process/Run_Comfortable3.csv,2,PQ006,Session2,overground,run,comfortable,0,run_comfortable,0,run_comfortable,0.8993086814880371,0.8993086814880371,0.08269859850406647,0.00637928256765008,0.00810428336262703,0.003509135451167822
C:/Users/KUBA/GitProjects/WKIRO-Project/data/PQ006/Session2/Overground_Run/Run_Fast/Post_Process/Run_Fast11.csv,1,PQ006,Session2,overground,run,fast,1,run_fast,0,run_comfortable,0.7571595907211304,0.7571595907211304,0.22346754372119904,0.00670186523348093,0.00811414048075676,0.004556911997497082
C:/Users/KUBA/GitProjects/WKIRO-Project/data/PQ006/Session2/Overground_Run/Run_Fast/Post_Process/Run_Fast14.csv,1,PQ006,Session2,overground,run,fast,1,run_fast,1,run_fast,0.9921140670776367,0.007256506010890007,0.9921140670776367,0.00016452049021609128,0.00040018639992922544,6.47384804324247e-05
C:/Users/KUBA/GitProjects/WKIRO-Project/data/PQ006/Session2/Overground_Run/Run_Fast/Post_Process/Run_Fast7.csv,1,PQ006,Session2,overground,run,fast,1,run_fast,0,run_comfortable,0.8193622827529907,0.8193622827529907,0.1686413288116455,0.0034198828507214785,0.00616112258285284,0.002415428636595607
C:/Users/KUBA/GitProjects/WKIRO-Project/data/PQ006/Session2/Overground_Walk/Walk_Comfortable/Post_Process/Walk_Comfortable2.csv,3,PQ006,Session2,overground,walk,comfortable,2,walk_comfortable,3,walk_fast,0.5686507821083069,0.00026526604779064655,0.0008021704852581024,0.4269949197769165,0.5686507821083069,0.003286854363977909
C:/Users/KUBA/GitProjects/WKIRO-Project/data/PQ006/Session2/Overground_Walk/Walk_Fast/Post_Process/Walk_Fast7.csv,2,PQ006,Session2,overground,walk,fast,3,walk_fast,2,walk_comfortable,0.4169970452785492,0.003609136678278446,0.0030365169513970613,0.4169970452785492,0.23669099807739258,0.3396662771701813
C:/Users/KUBA/GitProjects/WKIRO-Project/data/PQ006/Session2/Overground_Walk/Walk_Slow/Post_Process/Walk_Slow6.csv,3,PQ006,Session2,overground,walk,slow,4,walk_slow,2,walk_comfortable,0.9622602462768555,6.504255725303665e-05,0.00034015788696706295,0.9622602462768555,0.02227822132408619,0.015056324191391468
C:/Users/KUBA/GitProjects/WKIRO-Project/data/RC020/Session1/Overground_Run/Run_Comfortable/Post_Process/Run_Comfortable2.csv,2,RC020,Session1,overground,run,comfortable,0,run_comfortable,0,run_comfortable,0.9986542463302612,0.9986542463302612,0.001269551576115191,1.991202589124441e-05,1.401587542204652e-05,4.2250947444699705e-05
C:/Users/KUBA/GitProjects/WKIRO-Project/data/RC020/Session1/Overground_Run/Run_Comfortable/Post_Process/Run_Comfortable9.csv,2,RC020,Session1,overground,run,comfortable,0,run_comfortable,0,run_comfortable,0.6855297684669495,0.6855297684669495,0.29847556352615356,0.004374129232019186,0.00814426876604557,0.0034762693103402853
C:/Users/KUBA/GitProjects/WKIRO-Project/data/RC020/Session1/Overground_Walk/Walk_Comfortable/Post_Process/Walk_Comfortable2.csv,3,RC020,Session1,overground,walk,comfortable,2,walk_comfortable,3,walk_fast,0.48505130410194397,0.0014960322296246886,0.0010965516557916999,0.43602895736694336,0.48505130410194397,0.07632719725370407
C:/Users/KUBA/GitProjects/WKIRO-Project/data/RC020/Session1/Overground_Walk/Walk_Fast/Post_Process/Walk_Fast3.csv,3,RC020,Session1,overground,walk,fast,3,walk_fast,3,walk_fast,0.5006785988807678,0.01030478160828352,0.006076343357563019,0.3227193057537079,0.5006785988807678,0.16022099554538727
C:/Users/KUBA/GitProjects/WKIRO-Project/data/RC020/Session1/Treadmill_Walk/Treadmill_Walk_Slow/Post_Process/Treadmill_Walk_Slow.csv,119,RC020,Session1,treadmill,walk,slow,4,walk_slow,4,walk_slow,0.727304995059967,0.00022447379888035357,0.00038338848389685154,0.2623900771141052,0.009697094559669495,0.727304995059967
C:/Users/KUBA/GitProjects/WKIRO-Project/data/RC020/Session2/Overground_Run/Run_Comfortable/Post_Process/Run_Comfortable3.csv,1,RC020,Session2,overground,run,comfortable,0,run_comfortable,0,run_comfortable,0.9898133873939514,0.9898133873939514,0.00965246744453907,0.0001859585172496736,8.325871749548241e-05,0.0002648567024152726
C:/Users/KUBA/GitProjects/WKIRO-Project/data/RC020/Session2/Overground_Run/Run_Fast/Post_Process/Run_Fast3.csv,1,RC020,Session2,overground,run,fast,1,run_fast,1,run_fast,0.8267222046852112,0.16325132548809052,0.8267222046852112,0.001944932620972395,0.0034934296272695065,0.004588093608617783
C:/Users/KUBA/GitProjects/WKIRO-Project/data/RC020/Session2/Overground_Run/Run_Fast/Post_Process/Run_Fast8.csv,1,RC020,Session2,overground,run,fast,1,run_fast,1,run_fast,0.9810181856155396,0.017658047378063202,0.9810181856155396,0.0001879803166957572,0.0007849173271097243,0.0003508215886540711
C:/Users/KUBA/GitProjects/WKIRO-Project/data/RC020/Session2/Overground_Walk/Walk_Comfortable/Post_Process/Walk_Comfortable5.csv,3,RC020,Session2,overground,walk,comfortable,2,walk_comfortable,2,walk_comfortable,0.42628535628318787,0.0113149993121624,0.0038175436202436686,0.42628535628318787,0.40970540046691895,0.14887668192386627
C:/Users/KUBA/GitProjects/WKIRO-Project/data/RC020/Session2/Overground_Walk/Walk_Fast/Post_Process/Walk_Fast2.csv,4,RC020,Session2,overground,walk,fast,3,walk_fast,3,walk_fast,0.9837907552719116,0.00019901485939044505,0.0003044957993552089,0.014881113544106483,0.9837907552719116,0.0008246405050158501
C:/Users/KUBA/GitProjects/WKIRO-Project/data/RC020/Session2/Overground_Walk/Walk_Fast/Post_Process/Walk_Fast8.csv,2,RC020,Session2,overground,walk,fast,3,walk_fast,3,walk_fast,0.9898102283477783,0.0006662086234427989,0.0006692458409816027,0.008367365226149559,0.9898102283477783,0.00048691342817619443
C:/Users/KUBA/GitProjects/WKIRO-Project/data/RC020/Session2/Overground_Walk/Walk_Slow/Post_Process/Walk_Slow2.csv,4,RC020,Session2,overground,walk,slow,4,walk_slow,4,walk_slow,0.7542859315872192,0.00014109713083598763,0.0006247640121728182,0.2334999144077301,0.011448327451944351,0.7542859315872192
C:/Users/KUBA/GitProjects/WKIRO-Project/data/RC020/Session2/Treadmill_Run/Treadmill_Run_Fast/Post_Process/Treadmill_Run_Fast.csv,119,RC020,Session2,treadmill,run,fast,1,run_fast,1,run_fast,0.9639937877655029,0.03447721153497696,0.9639937877655029,0.00029209928470663726,0.000811875332146883,0.00042492683860473335
C:/Users/KUBA/GitProjects/WKIRO-Project/data/RC023/Session1/Overground_Run/Run_Comfortable/Post_Process/Run_Comfortable7.csv,2,RC023,Session1,overground,run,comfortable,0,run_comfortable,0,run_comfortable,0.6031832098960876,0.6031832098960876,0.38341033458709717,0.0033993562683463097,0.007090119644999504,0.0029169751796871424
C:/Users/KUBA/GitProjects/WKIRO-Project/data/RC023/Session1/Overground_Run/Run_Comfortable/Post_Process/Run_Comfortable9.csv,3,RC023,Session1,overground,run,comfortable,0,run_comfortable,0,run_comfortable,0.5466119647026062,0.5466119647026062,0.43937623500823975,0.0032640183344483376,0.007758915424346924,0.0029888569843024015
C:/Users/KUBA/GitProjects/WKIRO-Project/data/RC023/Session1/Overground_Walk/Walk_Fast/Post_Process/Walk_Fast1.csv,3,RC023,Session1,overground,walk,fast,3,walk_fast,4,walk_slow,0.37373343110084534,0.0049506486393511295,0.005519777536392212,0.32268616557121277,0.2931099236011505,0.37373343110084534
C:/Users/KUBA/GitProjects/WKIRO-Project/data/RC023/Session1/Overground_Walk/Walk_Slow/Post_Process/Walk_Slow1.csv,8,RC023,Session1,overground,walk,slow,4,walk_slow,4,walk_slow,0.737842321395874,0.002859827596694231,0.004005225375294685,0.17494145035743713,0.0803510993719101,0.737842321395874
C:/Users/KUBA/GitProjects/WKIRO-Project/data/RC023/Session1/Overground_Walk/Walk_Slow/Post_Process/Walk_Slow6.csv,8,RC023,Session1,overground,walk,slow,4,walk_slow,4,walk_slow,0.9960275888442993,7.7991426223889e-06,3.029183244507294e-05,0.003910726867616177,2.3517055524280295e-05,0.9960275888442993
C:/Users/KUBA/GitProjects/WKIRO-Project/data/RC023/Session1/Treadmill_Run/Treadmill_Run_Fast/Post_Process/Treadmill_Run_Fast.csv,119,RC023,Session1,treadmill,run,fast,1,run_fast,1,run_fast,0.8120690584182739,0.18681806325912476,0.8120690584182739,0.0002569030912127346,0.00036332051968201995,0.000492637453135103
C:/Users/KUBA/GitProjects/WKIRO-Project/data/RC023/Session2/Overground_Run/Run_Comfortable/Post_Process/Run_Comfortable5.csv,2,RC023,Session2,overground,run,comfortable,0,run_comfortable,0,run_comfortable,0.7030978202819824,0.7030978202819824,0.2838018536567688,0.00395639194175601,0.006021969951689243,0.0031219003722071648
C:/Users/KUBA/GitProjects/WKIRO-Project/data/RC023/Session2/Overground_Run/Run_Fast/Post_Process/Run_Fast10.csv,1,RC023,Session2,overground,run,fast,1,run_fast,1,run_fast,0.9971365928649902,0.00265370961278677,0.9971365928649902,4.443856232683174e-05,6.703189865220338e-05,9.822072752285749e-05
C:/Users/KUBA/GitProjects/WKIRO-Project/data/RC023/Session2/Overground_Run/Run_Fast/Post_Process/Run_Fast9.csv,1,RC023,Session2,overground,run,fast,1,run_fast,1,run_fast,0.9441066980361938,0.0487850122153759,0.9441066980361938,0.0009166740928776562,0.0025437527801841497,0.003647848032414913
C:/Users/KUBA/GitProjects/WKIRO-Project/data/RC023/Session2/Overground_Walk/Walk_Comfortable/Post_Process/Walk_Comfortable6.csv,3,RC023,Session2,overground,walk,comfortable,2,walk_comfortable,3,walk_fast,0.9921833872795105,0.0001711912191240117,0.0001751917734509334,0.007376516237854958,0.9921833872795105,9.376200614497066e-05
C:/Users/KUBA/GitProjects/WKIRO-Project/data/RC023/Session2/Overground_Walk/Walk_Comfortable/Post_Process/Walk_Comfortable7.csv,5,RC023,Session2,overground,walk,comfortable,2,walk_comfortable,3,walk_fast,0.41583847999572754,0.00535562913864851,0.005365053657442331,0.2995264530181885,0.41583847999572754,0.2739143669605255
C:/Users/KUBA/GitProjects/WKIRO-Project/data/RC023/Session2/Overground_Walk/Walk_Fast/Post_Process/Walk_Fast4.csv,3,RC023,Session2,overground,walk,fast,3,walk_fast,3,walk_fast,0.9970908164978027,9.761188266566023e-05,0.00011061869008699432,0.0026569839101284742,0.9970908164978027,4.3948068196186796e-05
C:/Users/KUBA/GitProjects/WKIRO-Project/data/RC023/Session2/Overground_Walk/Walk_Slow/Post_Process/Walk_Slow8.csv,8,RC023,Session2,overground,walk,slow,4,walk_slow,2,walk_comfortable,0.6339640021324158,0.00014450945309363306,0.0002035094948951155,0.6339640021324158,0.0006750344182364643,0.3650129735469818
C:/Users/KUBA/GitProjects/WKIRO-Project/data/RV028/Session1/Overground_Run/Run_Comfortable/Post_Process/Run_Comfortable2.csv,1,RV028,Session1,overground,run,comfortable,0,run_comfortable,0,run_comfortable,0.8415384292602539,0.8415384292602539,0.14411398768424988,0.005058540031313896,0.006197072099894285,0.0030920521821826696
C:/Users/KUBA/GitProjects/WKIRO-Project/data/RV028/Session1/Overground_Run/Run_Comfortable/Post_Process/Run_Comfortable7.csv,1,RV028,Session1,overground,run,comfortable,0,run_comfortable,0,run_comfortable,0.8544732928276062,0.8544732928276062,0.1289920061826706,0.005409702192991972,0.008190380409359932,0.002934511983767152
C:/Users/KUBA/GitProjects/WKIRO-Project/data/RV028/Session1/Overground_Run/Run_Fast/Post_Process/Run_Fast9.csv,1,RV028,Session1,overground,run,fast,1,run_fast,1,run_fast,0.6566743850708008,0.3043941855430603,0.6566743850708008,0.010470314882695675,0.006371043156832457,0.022090032696723938
C:/Users/KUBA/GitProjects/WKIRO-Project/data/RV028/Session1/Overground_Walk/Walk_Comfortable/Post_Process/Walk_Comfortable2.csv,5,RV028,Session1,overground,walk,comfortable,2,walk_comfortable,2,walk_comfortable,0.856578528881073,0.0005134977400302887,0.0001710417855065316,0.856578528881073,0.13817736506462097,0.0045596035197377205
C:/Users/KUBA/GitProjects/WKIRO-Project/data/RV028/Session1/Overground_Walk/Walk_Comfortable/Post_Process/Walk_Comfortable6.csv,5,RV028,Session1,overground,walk,comfortable,2,walk_comfortable,3,walk_fast,0.8950164914131165,0.00020421642693690956,0.00022862059995532036,0.1042131558060646,0.8950164914131165,0.0003375716623850167
C:/Users/KUBA/GitProjects/WKIRO-Project/data/RV028/Session1/Overground_Walk/Walk_Comfortable/Post_Process/Walk_Comfortable9.csv,7,RV028,Session1,overground,walk,comfortable,2,walk_comfortable,2,walk_comfortable,0.4223412871360779,0.007108602207154036,0.0035679081920534372,0.4223412871360779,0.28859227895736694,0.27838990092277527
C:/Users/KUBA/GitProjects/WKIRO-Project/data/RV028/Session1/Overground_Walk/Walk_Fast/Post_Process/Walk_Fast2.csv,4,RV028,Session1,overground,walk,fast,3,walk_fast,3,walk_fast,0.9700125455856323,3.486314381007105e-05,0.00024371611652895808,0.02958916500210762,0.9700125455856323,0.00011966559395659715
C:/Users/KUBA/GitProjects/WKIRO-Project/data/RV028/Session1/Overground_Walk/Walk_Slow/Post_Process/Walk_Slow6.csv,7,RV028,Session1,overground,walk,slow,4,walk_slow,2,walk_comfortable,0.8756678700447083,0.006915096193552017,0.0003887906204909086,0.8756678700447083,0.004291219171136618,0.11273704469203949
C:/Users/KUBA/GitProjects/WKIRO-Project/data/RV028/Session1/Treadmill_Run/Treadmill_Run_Comfortable/Post_Process/Treadmill_Run_Comfortable.csv,119,RV028,Session1,treadmill,run,comfortable,0,run_comfortable,0,run_comfortable,0.9977136254310608,0.9977136254310608,0.0021429965272545815,4.457365139387548e-05,5.8043231547344476e-05,4.086492117494345e-05
C:/Users/KUBA/GitProjects/WKIRO-Project/data/RV028/Session2/Overground_Run/Run_Fast/Post_Process/Run_Fast1.csv,1,RV028,Session2,overground,run,fast,1,run_fast,1,run_fast,0.7497181296348572,0.2023497074842453,0.7497181296348572,0.014210272580385208,0.011643869802355766,0.022078130394220352
C:/Users/KUBA/GitProjects/WKIRO-Project/data/RV028/Session2/Overground_Walk/Walk_Fast/Post_Process/Walk_Fast1.csv,4,RV028,Session2,overground,walk,fast,3,walk_fast,3,walk_fast,0.9588218331336975,1.890935527626425e-05,0.00024730595760047436,0.04080088064074516,0.9588218331336975,0.00011106961028417572
C:/Users/KUBA/GitProjects/WKIRO-Project/data/RV028/Session2/Overground_Walk/Walk_Fast/Post_Process/Walk_Fast3.csv,4,RV028,Session2,overground,walk,fast,3,walk_fast,4,walk_slow,0.3553239703178406,0.005846305750310421,0.004834987223148346,0.3131803572177887,0.3208143711090088,0.3553239703178406
C:/Users/KUBA/GitProjects/WKIRO-Project/data/RV028/Session2/Treadmill_Run/Treadmill_Run_Fast/Post_Process/Treadmill_Run_Fast.csv,119,RV028,Session2,treadmill,run,fast,1,run_fast,1,run_fast,0.9903922080993652,0.008646556176245213,0.9903922080993652,0.0003098093729931861,0.0005576392286457121,9.376385423820466e-05
C:/Users/KUBA/GitProjects/WKIRO-Project/data/RV028/Session2/Treadmill_Walk/Treadmill_Walk_Slow/Post_Process/Treadmill_Walk_Slow.csv,119,RV028,Session2,treadmill,walk,slow,4,walk_slow,4,walk_slow,0.969947099685669,9.369588951813057e-05,8.355818863492459e-05,0.029798608273267746,7.716521213296801e-05,0.969947099685669
C:/Users/KUBA/GitProjects/WKIRO-Project/data/SA017/Session1/Overground_Run/Run_Comfortable/Post_Process/Run_Comfortable10.csv,2,SA017,Session1,overground,run,comfortable,0,run_comfortable,0,run_comfortable,0.990957498550415,0.990957498550415,0.008595515042543411,0.0001669078628765419,4.515979890129529e-05,0.00023493013577535748
C:/Users/KUBA/GitProjects/WKIRO-Project/data/SA017/Session1/Overground_Run/Run_Fast/Post_Process/Run_Fast4.csv,1,SA017,Session1,overground,run,fast,1,run_fast,1,run_fast,0.9899287819862366,0.009769873693585396,0.9899287819862366,8.013469778234139e-05,0.00013985589612275362,8.134914241963997e-05
C:/Users/KUBA/GitProjects/WKIRO-Project/data/SA017/Session1/Overground_Run/Run_Fast/Post_Process/Run_Fast5.csv,1,SA017,Session1,overground,run,fast,1,run_fast,1,run_fast,0.9180774688720703,0.07831393927335739,0.9180774688720703,0.0005094343214295805,0.0009128456003963947,0.002186329336836934
C:/Users/KUBA/GitProjects/WKIRO-Project/data/SA017/Session1/Overground_Run/Run_Fast/Post_Process/Run_Fast9.csv,1,SA017,Session1,overground,run,fast,1,run_fast,1,run_fast,0.7106359004974365,0.2807430028915405,0.7106359004974365,0.0016516010509803891,0.0017590828938409686,0.005210340488702059
C:/Users/KUBA/GitProjects/WKIRO-Project/data/SA017/Session1/Overground_Walk/Walk_Comfortable/Post_Process/Walk_Comfortable8.csv,3,SA017,Session1,overground,walk,comfortable,2,walk_comfortable,2,walk_comfortable,0.9742138385772705,3.455677870078944e-05,0.00015312687901314348,0.9742138385772705,0.003703033784404397,0.021895403042435646
C:/Users/KUBA/GitProjects/WKIRO-Project/data/SA017/Session1/Overground_Walk/Walk_Fast/Post_Process/Walk_Fast5.csv,2,SA017,Session1,overground,walk,fast,3,walk_fast,3,walk_fast,0.4132956862449646,0.021142523735761642,0.00709869246929884,0.3886744976043701,0.4132956862449646,0.16978862881660461
C:/Users/KUBA/GitProjects/WKIRO-Project/data/SA017/Session2/Overground_Run/Run_Comfortable/Post_Process/Run_Comfortable3.csv,2,SA017,Session2,overground,run,comfortable,0,run_comfortable,0,run_comfortable,0.714840292930603,0.714840292930603,0.28309425711631775,0.0008927247254177928,0.0002830220910254866,0.0008897533407434821
C:/Users/KUBA/GitProjects/WKIRO-Project/data/SA017/Session2/Overground_Run/Run_Comfortable/Post_Process/Run_Comfortable9.csv,2,SA017,Session2,overground,run,comfortable,0,run_comfortable,0,run_comfortable,0.58238685131073,0.58238685131073,0.40611064434051514,0.0032304865308105946,0.004632709547877312,0.0036393366754055023
C:/Users/KUBA/GitProjects/WKIRO-Project/data/SA017/Session2/Overground_Walk/Walk_Comfortable/Post_Process/Walk_Comfortable4.csv,2,SA017,Session2,overground,walk,comfortable,2,walk_comfortable,3,walk_fast,0.5549304485321045,6.757349910913035e-05,0.001777944853529334,0.4056456685066223,0.5549304485321045,0.03757840022444725
C:/Users/KUBA/GitProjects/WKIRO-Project/data/SA017/Session2/Overground_Walk/Walk_Fast/Post_Process/Walk_Fast8.csv,2,SA017,Session2,overground,walk,fast,3,walk_fast,3,walk_fast,0.9914181232452393,3.356074739713222e-05,0.0002309350820723921,0.00812479667365551,0.9914181232452393,0.00019264081493020058
C:/Users/KUBA/GitProjects/WKIRO-Project/data/SA017/Session2/Overground_Walk/Walk_Slow/Post_Process/Walk_Slow4.csv,3,SA017,Session2,overground,walk,slow,4,walk_slow,2,walk_comfortable,0.8171030879020691,6.266681157285348e-05,0.000571764656342566,0.8171030879020691,0.0028348162304610014,0.17942774295806885
C:/Users/KUBA/GitProjects/WKIRO-Project/data/SA017/Session2/Overground_Walk/Walk_Slow/Post_Process/Walk_Slow7.csv,5,SA017,Session2,overground,walk,slow,4,walk_slow,4,walk_slow,0.46189093589782715,0.0038960478268563747,0.003615057561546564,0.3184375762939453,0.2121603935956955,0.46189093589782715
C:/Users/KUBA/GitProjects/WKIRO-Project/data/SA017/Session2/Treadmill_Walk/Treadmill_Walk_Fast/Post_Process/Treadmill_Walk_Fast.csv,119,SA017,Session2,treadmill,walk,fast,3,walk_fast,3,walk_fast,0.8773187398910522,0.000154901368659921,0.001073360675945878,0.11381735652685165,0.8773187398910522,0.007635675370693207
C:/Users/KUBA/GitProjects/WKIRO-Project/data/SM019/Session1/Overground_Run/Run_Comfortable/Post_Process/Run_Comfortable1.csv,3,SM019,Session1,overground,run,comfortable,0,run_comfortable,0,run_comfortable,0.6988711953163147,0.6988711953163147,0.2874723970890045,0.003994777798652649,0.0062042586505413055,0.0034573117736727
C:/Users/KUBA/GitProjects/WKIRO-Project/data/SM019/Session1/Overground_Run/Run_Comfortable/Post_Process/Run_Comfortable2.csv,2,SM019,Session1,overground,run,comfortable,0,run_comfortable,0,run_comfortable,0.9997298717498779,0.9997298717498779,0.00023389079433400184,9.848632544162683e-06,1.1957759852521122e-05,1.4411199117603246e-05
C:/Users/KUBA/GitProjects/WKIRO-Project/data/SM019/Session1/Overground_Run/Run_Comfortable/Post_Process/Run_Comfortable7.csv,2,SM019,Session1,overground,run,comfortable,0,run_comfortable,0,run_comfortable,0.8135058879852295,0.8135058879852295,0.16590029001235962,0.0065189991146326065,0.009046467952430248,0.005028272047638893
C:/Users/KUBA/GitProjects/WKIRO-Project/data/SM019/Session1/Overground_Run/Run_Fast/Post_Process/Run_Fast6.csv,1,SM019,Session1,overground,run,fast,1,run_fast,1,run_fast,0.9987340569496155,0.0010972529416903853,0.9987340569496155,4.076525510754436e-05,6.157594179967418e-05,6.641515210503712e-05
C:/Users/KUBA/GitProjects/WKIRO-Project/data/SM019/Session1/Overground_Walk/Walk_Comfortable/Post_Process/Walk_Comfortable3.csv,4,SM019,Session1,overground,walk,comfortable,2,walk_comfortable,3,walk_fast,0.48732876777648926,0.008855381980538368,0.007383087649941444,0.22312965989112854,0.48732876777648926,0.2733030915260315
C:/Users/KUBA/GitProjects/WKIRO-Project/data/SM019/Session1/Overground_Walk/Walk_Comfortable/Post_Process/Walk_Comfortable7.csv,5,SM019,Session1,overground,walk,comfortable,2,walk_comfortable,4,walk_slow,0.4700838029384613,0.004603527020663023,0.003993953578174114,0.3516755700111389,0.16964316368103027,0.4700838029384613
C:/Users/KUBA/GitProjects/WKIRO-Project/data/SM019/Session1/Overground_Walk/Walk_Fast/Post_Process/Walk_Fast3.csv,2,SM019,Session1,overground,walk,fast,3,walk_fast,3,walk_fast,0.6473889350891113,0.009882669895887375,0.0044141653925180435,0.2365351915359497,0.6473889350891113,0.10177900642156601
C:/Users/KUBA/GitProjects/WKIRO-Project/data/SM019/Session1/Overground_Walk/Walk_Fast/Post_Process/Walk_Fast4.csv,3,SM019,Session1,overground,walk,fast,3,walk_fast,3,walk_fast,0.9918763637542725,0.0008064259309321642,0.0009151014382950962,0.0060201287269592285,0.9918763637542725,0.000381924444809556
C:/Users/KUBA/GitProjects/WKIRO-Project/data/SM019/Session1/Overground_Walk/Walk_Slow/Post_Process/Walk_Slow5.csv,8,SM019,Session1,overground,walk,slow,4,walk_slow,4,walk_slow,0.7654423713684082,0.0028382379096001387,0.0036780929658561945,0.1608196347951889,0.06722166389226913,0.7654423713684082
C:/Users/KUBA/GitProjects/WKIRO-Project/data/SM019/Session1/Overground_Walk/Walk_Slow/Post_Process/Walk_Slow8.csv,7,SM019,Session1,overground,walk,slow,4,walk_slow,4,walk_slow,0.9975185394287109,6.9623388299078215e-06,2.3695612981100567e-05,0.002440532436594367,1.0219678188150283e-05,0.9975185394287109
C:/Users/KUBA/GitProjects/WKIRO-Project/data/SM019/Session1/Treadmill_Walk/Treadmill_Walk_Fast/Post_Process/Treadmill_Walk_Fast.csv,119,SM019,Session1,treadmill,walk,fast,3,walk_fast,3,walk_fast,0.9972265958786011,0.00021650530106853694,0.00012018861889373511,0.00233770371414721,0.9972265958786011,9.889445937005803e-05
C:/Users/KUBA/GitProjects/WKIRO-Project/data/SM019/Session2/Overground_Run/Run_Fast/Post_Process/Run_Fast6.csv,1,SM019,Session2,overground,run,fast,1,run_fast,1,run_fast,0.9940551519393921,0.005625986494123936,0.9940551519393921,3.8352100091287866e-05,0.00020033960754517466,8.008233999134973e-05
C:/Users/KUBA/GitProjects/WKIRO-Project/data/SM019/Session2/Overground_Walk/Walk_Comfortable/Post_Process/Walk_Comfortable8.csv,2,SM019,Session2,overground,walk,comfortable,2,walk_comfortable,2,walk_comfortable,0.5170590877532959,0.0003904369950760156,0.001210006419569254,0.5170590877532959,0.4626513123512268,0.01868911273777485
C:/Users/KUBA/GitProjects/WKIRO-Project/data/SM019/Session2/Treadmill_Run/Treadmill_Run_Fast/Post_Process/Treadmill_Run_Fast.csv,119,SM019,Session2,treadmill,run,fast,1,run_fast,1,run_fast,0.9272852540016174,0.07209131866693497,0.9272852540016174,0.0001742860331432894,0.0002060986153082922,0.00024313089670613408
C:/Users/KUBA/GitProjects/WKIRO-Project/data/SM019/Session2/Treadmill_Walk/Treadmill_Walk_Slow/Post_Process/Treadmill_Walk_Slow.csv,119,SM019,Session2,treadmill,walk,slow,4,walk_slow,2,walk_comfortable,0.7479694485664368,0.00012071630044374615,0.000233914572163485,0.7479694485664368,0.001151212491095066,0.25052469968795776
C:/Users/KUBA/GitProjects/WKIRO-Project/data/TB030/Session1/Overground_Run/Run_Comfortable/Post_Process/Run_Comfortable3.csv,3,TB030,Session1,overground,run,comfortable,0,run_comfortable,0,run_comfortable,0.9065814018249512,0.9065814018249512,0.07366473227739334,0.006765744183212519,0.008436028845608234,0.004552154336124659
C:/Users/KUBA/GitProjects/WKIRO-Project/data/TB030/Session1/Overground_Run/Run_Fast/Post_Process/Run_Fast8.csv,2,TB030,Session1,overground,run,fast,1,run_fast,1,run_fast,0.9478042125701904,0.04235734045505524,0.9478042125701904,0.0023223641328513622,0.0019061308121308684,0.005609914660453796
C:/Users/KUBA/GitProjects/WKIRO-Project/data/TB030/Session1/Overground_Run/Run_Fast/Post_Process/Run_Fast9.csv,1,TB030,Session1,overground,run,fast,1,run_fast,1,run_fast,0.9555351734161377,0.033489663153886795,0.9555351734161377,0.002751972759142518,0.0029648293275386095,0.005258393473923206
C:/Users/KUBA/GitProjects/WKIRO-Project/data/TB030/Session1/Overground_Walk/Walk_Fast/Post_Process/Walk_Fast4.csv,3,TB030,Session1,overground,walk,fast,3,walk_fast,3,walk_fast,0.9962766766548157,1.2170567060820758e-05,9.750435128808022e-05,0.003595804562792182,0.9962766766548157,1.7782251234166324e-05
C:/Users/KUBA/GitProjects/WKIRO-Project/data/TB030/Session1/Treadmill_Walk/Treadmill_Walk_Comfortable/Post_Process/Treadmill_Walk_Comfortable.csv,118,TB030,Session1,treadmill,walk,comfortable,2,walk_comfortable,2,walk_comfortable,0.8516538143157959,0.00018428453768137842,0.0002826533163897693,0.8516538143157959,0.002361645456403494,0.14551760256290436
C:/Users/KUBA/GitProjects/WKIRO-Project/data/TB030/Session2/Overground_Run/Run_Comfortable/Post_Process/Run_Comfortable5.csv,2,TB030,Session2,overground,run,comfortable,0,run_comfortable,0,run_comfortable,0.8641781806945801,0.8641781806945801,0.11057205498218536,0.007661769166588783,0.011401686817407608,0.0061863018199801445
C:/Users/KUBA/GitProjects/WKIRO-Project/data/TB030/Session2/Overground_Run/Run_Fast/Post_Process/Run_Fast1.csv,1,TB030,Session2,overground,run,fast,1,run_fast,1,run_fast,0.9984952211380005,0.0012409549672156572,0.9984952211380005,6.269881851039827e-05,0.000152492371853441,4.8662437620805576e-05
C:/Users/KUBA/GitProjects/WKIRO-Project/data/TB030/Session2/Overground_Walk/Walk_Comfortable/Post_Process/Walk_Comfortable3.csv,6,TB030,Session2,overground,walk,comfortable,2,walk_comfortable,4,walk_slow,0.43254709243774414,0.00407792255282402,0.0029834851156920195,0.39697301387786865,0.16341851651668549,0.43254709243774414
C:/Users/KUBA/GitProjects/WKIRO-Project/data/TB030/Session2/Overground_Walk/Walk_Fast/Post_Process/Walk_Fast2.csv,4,TB030,Session2,overground,walk,fast,3,walk_fast,3,walk_fast,0.9961245059967041,1.4229603948479053e-05,0.00012260796211194247,0.0037208322901278734,0.9961245059967041,1.784377127478365e-05
C:/Users/KUBA/GitProjects/WKIRO-Project/data/TB030/Session2/Overground_Walk/Walk_Slow/Post_Process/Walk_Slow4.csv,7,TB030,Session2,overground,walk,slow,4,walk_slow,2,walk_comfortable,0.9751946330070496,4.568312579067424e-05,0.0001474517775932327,0.9751946330070496,0.0010598823428153992,0.023552346974611282
C:/Users/KUBA/GitProjects/WKIRO-Project/data/TB030/Session2/Treadmill_Run/Treadmill_Run_Comfortable/Post_Process/Treadmill_Run_Comfortable.csv,119,TB030,Session2,treadmill,run,comfortable,0,run_comfortable,0,run_comfortable,0.7016133069992065,0.7016133069992065,0.2878333032131195,0.0022318046540021896,0.008037992753088474,0.000283579807728529
C:/Users/KUBA/GitProjects/WKIRO-Project/data/TB030/Session2/Treadmill_Walk/Treadmill_Walk_Slow/Post_Process/Treadmill_Walk_Slow.csv,119,TB030,Session2,treadmill,walk,slow,4,walk_slow,4,walk_slow,0.8799640536308289,0.00012874399544671178,0.00033562464523129165,0.11897838860750198,0.0005931165651418269,0.8799640536308289
C:/Users/KUBA/GitProjects/WKIRO-Project/data/TK029/Session1/Overground_Run/Run_Comfortable/Post_Process/Run_Comfortable2.csv,3,TK029,Session1,overground,run,comfortable,0,run_comfortable,0,run_comfortable,0.8305439949035645,0.8305439949035645,0.15595608949661255,0.004170824307948351,0.005998199339956045,0.003330937586724758
C:/Users/KUBA/GitProjects/WKIRO-Project/data/TK029/Session1/Overground_Walk/Walk_Comfortable/Post_Process/Walk_Comfortable7.csv,7,TK029,Session1,overground,walk,comfortable,2,walk_comfortable,2,walk_comfortable,0.3970363438129425,0.009812349453568459,0.005605834070593119,0.3970363438129425,0.2349608987569809,0.352584570646286
C:/Users/KUBA/GitProjects/WKIRO-Project/data/TK029/Session1/Overground_Walk/Walk_Fast/Post_Process/Walk_Fast1.csv,4,TK029,Session1,overground,walk,fast,3,walk_fast,4,walk_slow,0.42837032675743103,0.007535524666309357,0.006951109506189823,0.27604052424430847,0.2811025083065033,0.42837032675743103
C:/Users/KUBA/GitProjects/WKIRO-Project/data/TK029/Session1/Overground_Walk/Walk_Fast/Post_Process/Walk_Fast3.csv,5,TK029,Session1,overground,walk,fast,3,walk_fast,4,walk_slow,0.40466493368148804,0.007941395975649357,0.00725546944886446,0.26748794317245483,0.31265023350715637,0.40466493368148804
C:/Users/KUBA/GitProjects/WKIRO-Project/data/TK029/Session1/Overground_Walk/Walk_Slow/Post_Process/Walk_Slow5.csv,8,TK029,Session1,overground,walk,slow,4,walk_slow,4,walk_slow,0.7125054597854614,0.004932229407131672,0.004824749194085598,0.18873411417007446,0.08900341391563416,0.7125054597854614
C:/Users/KUBA/GitProjects/WKIRO-Project/data/TK029/Session2/Overground_Run/Run_Comfortable/Post_Process/Run_Comfortable1.csv,2,TK029,Session2,overground,run,comfortable,0,run_comfortable,0,run_comfortable,0.8075487613677979,0.8075487613677979,0.17826467752456665,0.004065380431711674,0.006629836745560169,0.0034913786221295595
C:/Users/KUBA/GitProjects/WKIRO-Project/data/TK029/Session2/Overground_Run/Run_Comfortable/Post_Process/Run_Comfortable2.csv,2,TK029,Session2,overground,run,comfortable,0,run_comfortable,1,run_fast,0.9433400630950928,0.05596022307872772,0.9433400630950928,0.00011107379395980388,0.000318002188578248,0.0002706039522308856
C:/Users/KUBA/GitProjects/WKIRO-Project/data/TK029/Session2/Overground_Run/Run_Fast/Post_Process/Run_Fast1.csv,2,TK029,Session2,overground,run,fast,1,run_fast,1,run_fast,0.5696766376495361,0.4213207960128784,0.5696766376495361,0.001728823990561068,0.002999679185450077,0.004274084232747555
C:/Users/KUBA/GitProjects/WKIRO-Project/data/TK029/Session2/Overground_Run/Run_Fast/Post_Process/Run_Fast5.csv,1,TK029,Session2,overground,run,fast,1,run_fast,1,run_fast,0.8449750542640686,0.15040142834186554,0.8449750542640686,0.0006262420793063939,0.001588681130670011,0.0024086094927042723
C:/Users/KUBA/GitProjects/WKIRO-Project/data/TK029/Session2/Overground_Run/Run_Fast/Post_Process/Run_Fast9.csv,2,TK029,Session2,overground,run,fast,1,run_fast,1,run_fast,0.6556892395019531,0.3349549174308777,0.6556892395019531,0.0018669525161385536,0.00286699365824461,0.004621834959834814
C:/Users/KUBA/GitProjects/WKIRO-Project/data/TK029/Session2/Overground_Walk/Walk_Comfortable/Post_Process/Walk_Comfortable6.csv,4,TK029,Session2,overground,walk,comfortable,2,walk_comfortable,2,walk_comfortable,0.6322386264801025,6.270917947404087e-05,0.00027946772752329707,0.6322386264801025,0.36376240849494934,0.0036568203940987587
C:/Users/KUBA/GitProjects/WKIRO-Project/data/TK029/Session2/Overground_Walk/Walk_Comfortable/Post_Process/Walk_Comfortable7.csv,6,TK029,Session2,overground,walk,comfortable,2,walk_comfortable,4,walk_slow,0.4147433042526245,0.0073164175264537334,0.005748152732849121,0.31446072459220886,0.25773146748542786,0.4147433042526245
C:/Users/KUBA/GitProjects/WKIRO-Project/data/TK029/Session2/Overground_Walk/Walk_Slow/Post_Process/Walk_Slow2.csv,7,TK029,Session2,overground,walk,slow,4,walk_slow,4,walk_slow,0.9953190684318542,1.7397795090801083e-05,3.7086891097715124e-05,0.004606873728334904,1.949361467268318e-05,0.9953190684318542
C:/Users/KUBA/GitProjects/WKIRO-Project/data/TK029/Session2/Overground_Walk/Walk_Slow/Post_Process/Walk_Slow8.csv,6,TK029,Session2,overground,walk,slow,4,walk_slow,4,walk_slow,0.9777116775512695,4.117720163776539e-05,5.785350003861822e-05,0.022144341841340065,4.489978891797364e-05,0.9777116775512695
C:/Users/KUBA/GitProjects/WKIRO-Project/data/YX024/Session1/Overground_Run/Run_Comfortable/Post_Process/Run_Comfortable5.csv,2,YX024,Session1,overground,run,comfortable,0,run_comfortable,0,run_comfortable,0.9972041845321655,0.9972041845321655,0.002654696349054575,5.486591180670075e-05,2.1344711058191024e-05,6.485711492132396e-05
C:/Users/KUBA/GitProjects/WKIRO-Project/data/YX024/Session1/Overground_Run/Run_Fast/Post_Process/Run_Fast1.csv,1,YX024,Session1,overground,run,fast,1,run_fast,1,run_fast,0.9164326786994934,0.07079301029443741,0.9164326786994934,0.002742915879935026,0.002721225144341588,0.007310104090720415
C:/Users/KUBA/GitProjects/WKIRO-Project/data/YX024/Session1/Overground_Run/Run_Fast/Post_Process/Run_Fast7.csv,1,YX024,Session1,overground,run,fast,1,run_fast,1,run_fast,0.9408480525016785,0.04813515767455101,0.9408480525016785,0.0023349355906248093,0.0022001583129167557,0.006481621414422989
C:/Users/KUBA/GitProjects/WKIRO-Project/data/YX024/Session1/Overground_Walk/Walk_Slow/Post_Process/Walk_Slow6.csv,7,YX024,Session1,overground,walk,slow,4,walk_slow,2,walk_comfortable,0.5631576180458069,0.002196019748225808,0.0016416935250163078,0.5631576180458069,0.008006132207810879,0.42499858140945435
C:/Users/KUBA/GitProjects/WKIRO-Project/data/YX024/Session1/Treadmill_Walk/Treadmill_Walk_Comfortable/Post_Process/Treadmill_Walk_Comfortable.csv,119,YX024,Session1,treadmill,walk,comfortable,2,walk_comfortable,4,walk_slow,0.6617496609687805,0.0008794728782959282,0.000681827834341675,0.33418115973472595,0.002507878001779318,0.6617496609687805
C:/Users/KUBA/GitProjects/WKIRO-Project/data/YX024/Session2/Overground_Run/Run_Comfortable/Post_Process/Run_Comfortable5.csv,1,YX024,Session2,overground,run,comfortable,0,run_comfortable,0,run_comfortable,0.9994915723800659,0.9994915723800659,0.0004714310052804649,1.3653970199811738e-05,8.546294338884763e-06,1.4725539585924707e-05
C:/Users/KUBA/GitProjects/WKIRO-Project/data/YX024/Session2/Overground_Run/Run_Comfortable/Post_Process/Run_Comfortable8.csv,2,YX024,Session2,overground,run,comfortable,0,run_comfortable,0,run_comfortable,0.8507617712020874,0.8507617712020874,0.13332298398017883,0.0050641922280192375,0.007136690430343151,0.003714302321895957
C:/Users/KUBA/GitProjects/WKIRO-Project/data/YX024/Session2/Overground_Run/Run_Fast/Post_Process/Run_Fast6.csv,1,YX024,Session2,overground,run,fast,1,run_fast,1,run_fast,0.8907170295715332,0.0968514159321785,0.8907170295715332,0.0025214727502316236,0.0020746150985360146,0.007835480384528637
C:/Users/KUBA/GitProjects/WKIRO-Project/data/YX024/Session2/Overground_Walk/Walk_Comfortable/Post_Process/Walk_Comfortable1.csv,4,YX024,Session2,overground,walk,comfortable,2,walk_comfortable,2,walk_comfortable,0.5168141722679138,0.00034101371420547366,0.0009472615784034133,0.5168141722679138,0.4797380566596985,0.002159514930099249
C:/Users/KUBA/GitProjects/WKIRO-Project/data/YX024/Session2/Overground_Walk/Walk_Comfortable/Post_Process/Walk_Comfortable3.csv,4,YX024,Session2,overground,walk,comfortable,2,walk_comfortable,3,walk_fast,0.681473433971405,0.0001874297740869224,0.0005518262623809278,0.31610822677612305,0.681473433971405,0.0016791190719231963
C:/Users/KUBA/GitProjects/WKIRO-Project/data/YX024/Session2/Overground_Walk/Walk_Fast/Post_Process/Walk_Fast1.csv,2,YX024,Session2,overground,walk,fast,3,walk_fast,3,walk_fast,0.5908583998680115,0.007936005480587482,0.00459054671227932,0.29324984550476074,0.5908583998680115,0.1033652275800705
C:/Users/KUBA/GitProjects/WKIRO-Project/data/YX024/Session2/Overground_Walk/Walk_Fast/Post_Process/Walk_Fast4.csv,3,YX024,Session2,overground,walk,fast,3,walk_fast,3,walk_fast,0.9927213788032532,1.8012344298767857e-05,0.00012746495485771447,0.007098454516381025,0.9927213788032532,3.4660242818063125e-05
C:/Users/KUBA/GitProjects/WKIRO-Project/data/YX024/Session2/Overground_Walk/Walk_Slow/Post_Process/Walk_Slow1.csv,9,YX024,Session2,overground,walk,slow,4,walk_slow,4,walk_slow,0.73777836561203,0.0031827418133616447,0.003374836640432477,0.1975046843290329,0.058159392327070236,0.73777836561203
