source_path,n_windows,participant_id,session,environment,activity,condition,y_true,y_true_name,y_pred,y_pred_name,confidence,proba_run_comfortable,proba_run_fast,proba_walk_comfortable,proba_walk_fast,proba_walk_slow
C:/Users/KUBA/GitProjects/WKIRO-Project/data/AJ026/Session1/Overground_Run/Run_Comfortable/Post_Process/Run_Comfortable10.csv,3,AJ026,Session1,overground,run,comfortable,0,run_comfortable,0,run_comfortable,0.9832362532615662,0.9832362532615662,0.01590900309383869,0.0002192457322962582,0.0005346200778149068,0.00010089026909554377
C:/Users/KUBA/GitProjects/WKIRO-Project/data/AJ026/Session1/Overground_Run/Run_Comfortable/Post_Process/Run_Comfortable8.csv,3,AJ026,Session1,overground,run,comfortable,0,run_comfortable,0,run_comfortable,0.9906352162361145,0.9906352162361145,0.008758519776165485,0.00022550480207428336,0.0002576024562586099,0.00012311129830777645
C:/Users/KUBA/GitProjects/WKIRO-Project/data/AJ026/Session1/Overground_Run/Run_Fast/Post_Process/Run_Fast3.csv,2,AJ026,Session1,overground,run,fast,1,run_fast,1,run_fast,0.7396225929260254,0.20154297351837158,0.7396225929260254,0.007366318255662918,0.04613574221730232,0.0053324513137340546
C:/Users/KUBA/GitProjects/WKIRO-Project/data/AJ026/Session1/Overground_Walk/Walk_Comfortable/Post_Process/Walk_Comfortable4.csv,6,AJ026,Session1,overground,walk,comfortable,2,walk_comfortable,2,walk_comfortable,0.6959540843963623,0.0010186368599534035,0.0015148114180192351,0.6959540843963623,0.20127350091934204,0.10023903101682663
C:/Users/KUBA/GitProjects/WKIRO-Project/data/AJ026/Session1/Overground_Walk/Walk_Fast/Post_Process/Walk_Fast6.csv,5,AJ026,Session1,overground,walk,fast,3,walk_fast,3,walk_fast,0.869493842124939,0.0010273141087964177,0.002380818361416459,0.12101198732852936,0.869493842124939,0.006086071953177452
C:/Users/KUBA/GitProjects/WKIRO-Project/data/AJ026/Session1/Overground_Walk/Walk_Slow/Post_Process/Walk_Slow1.csv,10,AJ026,Session1,overground,walk,slow,4,walk_slow,4,walk_slow,0.6726913452148438,0.0030566747300326824,0.0047773150727152824,0.2479199469089508,0.07155472785234451,0.6726913452148438
C:/Users/KUBA/GitProjects/WKIRO-Project/data/AJ026/Session1/Overground_Walk/Walk_Slow/Post_Process/Walk_Slow6.csv,9,AJ026,Session1,overground,walk,slow,4,walk_slow,4,walk_slow,0.7756226062774658,0.00025776945403777063,0.00010892562568187714,0.22300346195697784,0.0010072109289467335,0.7756226062774658
C:/Users/KUBA/GitProjects/WKIRO-Project/data/AJ026/Session1/Overground_Walk/Walk_Slow/Post_Process/Walk_Slow8.csv,8,AJ026,Session1,overground,walk,slow,4,walk_slow,4,walk_slow,0.9516388177871704,0.00013105844845995307,5.9257807151880115e-05,0.04785504937171936,0.00031582312658429146,0.9516388177871704
C:/Users/KUBA/GitProjects/WKIRO-Project/data/AJ026/Session2/Overground_Run/Run_Comfortable/Post_Process/Run_Comfortable3.csv,4,AJ026,Session2,overground,run,comfortable,0,run_comfortable,0,run_comfortable,0.8598183989524841,0.8598183989524841,0.10932385176420212,0.004775619134306908,0.021455517038702965,0.004626660142093897
C:/Users/KUBA/GitProjects/WKIRO-Project/data/AJ026/Session2/Overground_Run/Run_Fast/Post_Process/Run_Fast2.csv,2,AJ026,Session2,overground,run,fast,1,run_fast,1,run_fast,0.9639814496040344,0.031840838491916656,0.9639814496040344,0.0003072339459322393,0.003464962588623166,0.00040548539254814386
C:/Users/KUBA/GitProjects/WKIRO-Project/data/AJ026/Session2/Overground_Run/Run_Fast/Post_Process/Run_Fast6.csv,2,AJ026,Session2,overground,run,fast,1,run_fast,1,run_fast,0.948676586151123,0.044073183089494705,0.948676586151123,0.0006549818208441138,0.005731166806071997,0.0008641192689538002
C:/Users/KUBA/GitProjects/WKIRO-Project/data/AJ026/Session2/Overground_Walk/Walk_Comfortable/Post_Process/Walk_Comfortable3.csv,6,AJ026,Session2,overground,walk,comfortable,2,walk_comfortable,2,walk_comfortable,0.4195702075958252,0.00576251232996583,0.007986648008227348,0.4195702075958252,0.191095232963562,0.3755854070186615
C:/Users/KUBA/GitProjects/WKIRO-Project/data/AJ026/Session2/Overground_Walk/Walk_Fast/Post_Process/Walk_Fast6.csv,4,AJ026,Session2,overground,walk,fast,3,walk_fast,3,walk_fast,0.9483993053436279,0.0007097233319655061,0.0012019864516332746,0.04336265102028847,0.9483993053436279,0.006326417438685894
C:/Users/KUBA/GitProjects/WKIRO-Project/data/BD004/Session1/Overground_Run/Run_Comfortable/Post_Process/Run_Comfortable2.csv,3,BD004,Session1,overground,run,comfortable,0,run_comfortable,0,run_comfortable,0.9967939853668213,0.9967939853668213,0.002599520143121481,0.0003156584862153977,0.0001593105698702857,0.00013152712199371308
C:/Users/KUBA/GitProjects/WKIRO-Project/data/BD004/Session1/Overground_Run/Run_Fast/Post_Process/Run_Fast10.csv,2,BD004,Session1,overground,run,fast,1,run_fast,1,run_fast,0.9827596545219421,0.01683161035180092,0.9827596545219421,7.924558303784579e-05,0.00020894885528832674,0.00012061180314049125
C:/Users/KUBA/GitProjects/WKIRO-Project/data/BD004/Session1/Overground_Run/Run_Fast/Post_Process/Run_Fast9.csv,2,BD004,Session1,overground,run,fast,1,run_fast,0,run_comfortable,0.726700484752655,0.726700484752655,0.2528388798236847,0.004314377438277006,0.01287588570266962,0.0032704316545277834
C:/Users/KUBA/GitProjects/WKIRO-Project/data/BD004/Session1/Overground_Walk/Walk_Comfortable/Post_Process/Walk_Comfortable2.csv,5,BD004,Session1,overground,walk,comfortable,2,walk_comfortable,2,walk_comfortable,0.8736895322799683,0.0008497633971273899,0.0008372807060368359,0.8736895322799683,0.07992507517337799,0.044698312878608704
C:/Users/KUBA/GitProjects/WKIRO-Project/data/BD004/Session1/Overground_Walk/Walk_Comfortable/Post_Process/Walk_Comfortable3.csv,6,BD004,Session1,overground,walk,comfortable,2,walk_comfortable,2,walk_comfortable,0.42479804158210754,0.005710740108042955,0.0074928682297468185,0.42479804158210754,0.14740361273288727,0.41459473967552185
C:/Users/KUBA/GitProjects/WKIRO-Project/data/BD004/Session1/Overground_Walk/Walk_Fast/Post_Process/Walk_Fast6.csv,3,BD004,Session1,overground,walk,fast,3,walk_fast,3,walk_fast,0.9687581062316895,0.0007502079824917018,0.0019445158541202545,0.02768387459218502,0.9687581062316895,0.0008632995304651558
C:/Users/KUBA/GitProjects/WKIRO-Project/data/BD004/Session1/Overground_Walk/Walk_Slow/Post_Process/Walk_Slow6.csv,9,BD004,Session1,overground,walk,slow,4,walk_slow,4,walk_slow,0.9532241821289062,0.00018496422853786498,0.00010938744526356459,0.04595278203487396,0.000528691743966192,0.9532241821289062
C:/Users/KUBA/GitProjects/WKIRO-Project/data/BD004/Session1/Treadmill_Run/Treadmill_Run_Comfortable/Post_Process/Treadmill_Run_Comfortable.csv,120,BD004,Session1,treadmill,run,comfortable,0,run_comfortable,0,run_comfortable,0.7564049959182739,0.7564049959182739,0.23653167486190796,0.001317500718869269,0.004916758742183447,0.0008290903060697019
C:/Users/KUBA/GitProjects/WKIRO-Project/data/BD004/Session2/Overground_Run/Run_Comfortable/Post_Process/Run_Comfortable2.csv,3,BD004,Session2,overground,run,comfortable,0,run_comfortable,0,run_comfortable,0.9975385665893555,0.9975385665893555,0.0020167294424027205,0.00019038970640394837,0.00015573948621749878,9.863496961770579e-05
C:/Users/KUBA/GitProjects/WKIRO-Project/data/BD004/Session2/Overground_Run/Run_Comfortable/Post_Process/Run_Comfortable6.csv,2,BD004,Session2,overground,run,comfortable,0,run_comfortable,0,run_comfortable,0.9939394593238831,0.9939394593238831,0.005528911482542753,0.0003068213991355151,0.00010686546011129394,0.0001179476676043123
C:/Users/KUBA/GitProjects/WKIRO-Project/data/BD004/Session2/Overground_Run/Run_Fast/Post_Process/Run_Fast13.csv,3,BD004,Session2,overground,run,fast,1,run_fast,0,run_comfortable,0.5586811900138855,0.5586811900138855,0.4225510358810425,0.004526262637227774,0.011477049440145493,0.0027644492220133543
C:/Users/KUBA/GitProjects/WKIRO-Project/data/BD004/Session2/Overground_Run/Run_Fast/Post_Process/Run_Fast7.csv,3,BD004,Session2,overground,run,fast,1,run_fast,1,run_fast,0.4992501735687256,0.48540711402893066,0.4992501735687256,0.003624197095632553,0.00961244385689497,0.002106030471622944
C:/Users/KUBA/GitProjects/WKIRO-Project/data/BD004/Session2/Overground_Run/Run_Fast/Post_Process/Run_Fast9.csv,3,BD004,Session2,overground,run,fast,1,run_fast,0,run_comfortable,0.667426347732544,0.667426347732544,0.3140741288661957,0.004255358595401049,0.011050085537135601,0.0031941391061991453
C:/Users/KUBA/GitProjects/WKIRO-Project/data/BD004/Session2/Overground_Walk/Walk_Fast/Post_Process/Walk_Fast3.csv,3,BD004,Session2,overground,walk,fast,3,walk_fast,3,walk_fast,0.5872719883918762,0.01989433355629444,0.026771673932671547,0.29430341720581055,0.5872719883918762,0.07175859063863754
C:/Users/KUBA/GitProjects/WKIRO-Project/data/BD004/Session2/Overground_Walk/Walk_Fast/Post_Process/Walk_Fast5.csv,3,BD004,Session2,overground,walk,fast,3,walk_fast,3,walk_fast,0.5708014965057373,0.01968722604215145,0.026014521718025208,0.31425735354423523,0.5708014965057373,0.06923946738243103
C:/Users/KUBA/GitProjects/WKIRO-Project/data/BD004/Session2/Overground_Walk/Walk_Slow/Post_Process/Walk_Slow3.csv,9,BD004,Session2,overground,walk,slow,4,walk_slow,4,walk_slow,0.6895338892936707,0.002748847706243396,0.0035863646771758795,0.2391926497220993,0.0649382695555687,0.6895338892936707
C:/Users/KUBA/GitProjects/WKIRO-Project/data/BL025/Session1/Overground_Run/Run_Fast/Post_Process/Run_Fast10.csv,2,BL025,Session1,overground,run,fast,1,run_fast,1,run_fast,0.8681755065917969,0.1095075011253357,0.8681755065917969,0.004333385266363621,0.015421961434185505,0.0025616278871893883
C:/Users/KUBA/GitProjects/WKIRO-Project/data/BL025/Session1/Overground_Run/Run_Fast/Post_Process/Run_Fast7.csv,1,BL025,Session1,overground,run,fast,1,run_fast,1,run_fast,0.9426007866859436,0.03670646622776985,0.9426007866859436,0.0029034505132585764,0.016492856666445732,0.0012964067282155156
C:/Users/KUBA/GitProjects/WKIRO-Project/data/BL025/Session1/Overground_Walk/Walk_Comfortable/Post_Process/Walk_Comfortable6.csv,6,BL025,Session1,overground,walk,comfortable,2,walk_comfortable,2,walk_comfortable,0.8167266845703125,0.0005107360193505883,0.0009741944377310574,0.8167266845703125,0.013569474220275879,0.1682189255952835
C:/Users/KUBA/GitProjects/WKIRO-Project/data/BL025/Session1/Overground_Walk/Walk_Fast/Post_Process/Walk_Fast4.csv,5,BL025,Session1,overground,walk,fast,3,walk_fast,2,walk_comfortable,0.5451418161392212,0.0005158127169124782,0.001961788395419717,0.5451418161392212,0.43750008940696716,0.014880466274917126
C:/Users/KUBA/GitProjects/WKIRO-Project/data/BL025/Session1/Overground_Walk/Walk_Slow/Post_Process/Walk_Slow3.csv,11,BL025,Session1,overground,walk,slow,4,walk_slow,4,walk_slow,0.6983892917633057,0.002801943337544799,0.003829443594440818,0.2279229611158371,0.06705639511346817,0.6983892917633057
C:/Users/KUBA/GitProjects/WKIRO-Project/data/BL025/Session1/Overground_Walk/Walk_Slow/Post_Process/Walk_Slow6.csv,8,BL025,Session1,overground,walk,slow,4,walk_slow,4,walk_slow,0.7946358919143677,0.00023080164100974798,0.00027168754604645073,0.20310884714126587,0.0017528006574139,0.7946358919143677
C:/Users/KUBA/GitProjects/WKIRO-Project/data/BL025/Session1/Treadmill_Walk/Treadmill_Walk_Fast/Post_Process/Treadmill_Walk_Fast.csv,122,BL025,Session1,treadmill,walk,fast,3,walk_fast,2,walk_comfortable,0.8023201823234558,0.0014406178379431367,0.002372877439484,0.8023201823234558,0.13846351206302643,0.055402811616659164
C:/Users/KUBA/GitProjects/WKIRO-Project/data/BL025/Session2/Overground_Run/Run_Comfortable/Post_Process/Run_Comfortable2.csv,3,BL025,Session2,overground,run,comfortable,0,run_comfortable,1,run_fast,0.8456252217292786,0.15164287388324738,0.8456252217292786,0.0006373082869686186,0.0008315022569149733,0.0012630855198949575
C:/Users/KUBA/GitProjects/WKIRO-Project/data/BL025/Session2/Overground_Run/Run_Comfortable/Post_Process/Run_Comfortable4.csv,2,BL025,Session2,overground,run,comfortable,0,run_comfortable,1,run_fast,0.9747436046600342,0.023826349526643753,0.9747436046600342,0.00022430563694797456,0.0007620134274475276,0.00044376449659466743
C:/Users/KUBA/GitProjects/WKIRO-Project/data/BL025/Session2/Overground_Run/Run_Comfortable/Post_Process/Run_Comfortable5.csv,2,BL025,Session2,overground,run,comfortable,0,run_comfortable,1,run_fast,0.8192014694213867,0.15878620743751526,0.8192014694213867,0.004678723402321339,0.014504915103316307,0.0028286895249038935
C:/Users/KUBA/GitProjects/WKIRO-Project/data/BL025/Session2/Overground_Run/Run_Fast/Post_Process/Run_Fast5.csv,1,BL025,Session2,overground,run,fast,1,run_fast,1,run_fast,0.8488680124282837,0.12302325665950775,0.8488680124282837,0.007560557220131159,0.016747193410992622,0.003800969338044524
C:/Users/KUBA/GitProjects/WKIRO-Project/data/BL025/Session2/Overground_Walk/Walk_Comfortable/Post_Process/Walk_Comfortable6.csv,5,BL025,Session2,overground,walk,comfortable,2,walk_comfortable,2,walk_comfortable,0.9358742833137512,0.00017392144945915788,0.0003867445921059698,0.9358742833137512,0.011837569996714592,0.051727525889873505
C:/Users/KUBA/GitProjects/WKIRO-Project/data/BL025/Session2/Overground_Walk/Walk_Fast/Post_Process/Walk_Fast4.csv,3,BL025,Session2,overground,walk,fast,3,walk_fast,3,walk_fast,0.9617282748222351,0.006388220936059952,0.015805771574378014,0.013161522336304188,0.9617282748222351,0.0029162608552724123
C:/Users/KUBA/GitProjects/WKIRO-Project/data/BL025/Session2/Overground_Walk/Walk_Slow/Post_Process/Walk_Slow1.csv,10,BL025,Session2,overground,walk,slow,4,walk_slow,4,walk_slow,0.6991076469421387,0.002876363229006529,0.003703281981870532,0.2288801670074463,0.06543254852294922,0.6991076469421387
C:/Users/KUBA/GitProjects/WKIRO-Project/data/CF027/Session1/Overground_Run/Run_Comfortable/Post_Process/Run_Comfortable1.csv,4,CF027,Session1,overground,run,comfortable,0,run_comfortable,0,run_comfortable,0.875734806060791,0.875734806060791,0.10515448451042175,0.005537382327020168,0.009695380926132202,0.003878016257658601
C:/Users/KUBA/GitProjects/WKIRO-Project/data/CF027/Session1/Overground_Run/Run_Comfortable/Post_Process/Run_Comfortable6.csv,4,CF027,Session1,overground,run,comfortable,0,run_comfortable,0,run_comfortable,0.8670613169670105,0.8670613169670105,0.11126139760017395,0.006811516359448433,0.010797972790896893,0.004067819565534592
C:/Users/KUBA/GitProjects/WKIRO-Project/data/CF027/Session1/Overground_Walk/Walk_Fast/Post_Process/Walk_Fast4.csv,4,CF027,Session1,overground,walk,fast,3,walk_fast,3,walk_fast,0.9616785049438477,0.00038570509059354663,0.0005200408631935716,0.0368722528219223,0.9616785049438477,0.0005435224738903344
C:/Users/KUBA/GitProjects/WKIRO-Project/data/CF027/Session1/Overground_Walk/Walk_Slow/Post_Process/Walk_Slow3.csv,10,CF027,Session1,overground,walk,slow,4,walk_slow,4,walk_slow,0.6359090209007263,0.003117483574897051,0.004846859257668257,0.281191349029541,0.07493524253368378,0.6359090209007263
C:/Users/KUBA/GitProjects/WKIRO-Project/data/CF027/Session1/Overground_Walk/Walk_Slow/Post_Process/Walk_Slow4.csv,7,CF027,Session1,overground,walk,slow,4,walk_slow,4,walk_slow,0.8705981373786926,0.0002900274412240833,0.00020763001521117985,0.1275806427001953,0.001323508913628757,0.8705981373786926
C:/Users/KUBA/GitProjects/WKIRO-Project/data/CF027/Session1/Treadmill_Run/Treadmill_Run_Comfortable/Post_Process/Treadmill_Run_Comfortable.csv,120,CF027,Session1,treadmill,run,comfortable,0,run_comfortable,1,run_fast,0.8712271451950073,0.12586183845996857,0.8712271451950073,0.0005495288060046732,0.0008061774424277246,0.0015553429257124662
C:/Users/KUBA/GitProjects/WKIRO-Project/data/CF027/Session2/Overground_Run/Run_Fast/Post_Process/Run_Fast6.csv,2,CF027,Session2,overground,run,fast,1,run_fast,1,run_fast,0.9927246570587158,0.00584667082875967,0.9927246570587158,0.0001917689514812082,0.0003439018037170172,0.0008930418989621103
C:/Users/KUBA/GitProjects/WKIRO-Project/data/CF027/Session2/Overground_Run/Run_Fast/Post_Process/Run_Fast7.csv,2,CF027,Session2,overground,run,fast,1,run_fast,1,run_fast,0.838556706905365,0.12940707802772522,0.838556706905365,0.008006736636161804,0.01981620118021965,0.0042132167145609856
C:/Users/KUBA/GitProjects/WKIRO-Project/data/CF027/Session2/Overground_Walk/Walk_Comfortable/Post_Process/Walk_Comfortable4.csv,5,CF027,Session2,overground,walk,comfortable,2,walk_comfortable,2,walk_comfortable,0.9325275421142578,0.0007293595117516816,0.00038111969479359686,0.9325275421142578,0.025417352095246315,0.04094453901052475
C:/Users/KUBA/GitProjects/WKIRO-Project/data/CF027/Session2/Overground_Walk/Walk_Fast/Post_Process/Walk_Fast1.csv,5,CF027,Session2,overground,walk,fast,3,walk_fast,3,walk_fast,0.5267332792282104,0.02309667505323887,0.03416983783245087,0.3538644015789032,0.5267332792282104,0.062135837972164154
C:/Users/KUBA/GitProjects/WKIRO-Project/data/CF027/Session2/Treadmill_Run/Treadmill_Run_Fast/Post_Process/Treadmill_Run_Fast.csv,120,CF027,Session2,treadmill,run,fast,1,run_fast,1,run_fast,0.9878479242324829,0.011025526560842991,0.9878479242324829,0.00012658681953325868,0.00034967405372299254,0.0006502821925096214
C:/Users/KUBA/GitProjects/WKIRO-Project/data/CF027/Session2/Treadmill_Walk/Treadmill_Walk_Comfortable/Post_Process/Treadmill_Walk_Comfortable.csv,120,CF027,Session2,treadmill,walk,comfortable,2,walk_comfortable,2,walk_comfortable,0.8229783773422241,0.0010331341763958335,0.0005602922174148262,0.8229783773422241,0.12301698327064514,0.052411213517189026
C:/Users/KUBA/GitProjects/WKIRO-Project/data/CF027/Session2/Treadmill_Walk/Treadmill_Walk_Fast/Post_Process/Treadmill_Walk_Fast.csv,120,CF027,Session2,treadmill,walk,fast,3,walk_fast,3,walk_fast,0.9368010759353638,0.0003492507094051689,0.0005511753261089325,0.060611311346292496,0.9368010759353638,0.0016871305415406823
C:/Users/KUBA/GitProjects/WKIRO-Project/data/CL007/Session1/Overground_Run/Run_Comfortable/Post_Process/Run_Comfortable2.csv,3,CL007,Session1,overground,run,comfortable,0,run_comfortable,0,run_comfortable,0.9855206608772278,0.9855206608772278,0.01353958249092102,0.000542043533641845,0.00019681149569805712,0.00020085612777620554
C:/Users/KUBA/GitProjects/WKIRO-Project/data/CL007/Session1/Overground_Walk/Walk_Comfortable/Post_Process/Walk_Comfortable1.csv,6,CL007,Session1,overground,walk,comfortable,2,walk_comfortable,3,walk_fast,0.5443916916847229,0.019757218658924103,0.03819495439529419,0.23367880284786224,0.5443916916847229,0.16397736966609955
C:/Users/KUBA/GitProjects/WKIRO-Project/data/CL007/Session1/Overground_Walk/Walk_Fast/Post_Process/Walk_Fast10.csv,4,CL007,Session1,overground,walk,fast,3,walk_fast,2,walk_comfortable,0.5185701847076416,0.0020331856794655323,0.003400752553716302,0.5185701847076416,0.4459727108478546,0.030023161321878433
C:/Users/KUBA/GitProjects/WKIRO-Project/data/CL007/Session1/Overground_Walk/Walk_Fast/Post_Process/Walk_Fast3.csv,3,CL007,Session1,overground,walk,fast,3,walk_fast,4,walk_slow,0.33122146129608154,0.012639236636459827,0.017525052651762962,0.3181716203689575,0.32044270634651184,0.33122146129608154
C:/Users/KUBA/GitProjects/WKIRO-Project/data/CL007/Session1/Overground_Walk/Walk_Fast/Post_Process/Walk_Fast4.csv,4,CL007,Session1,overground,walk,fast,3,walk_fast,3,walk_fast,0.634573221206665,0.0013932762667536736,0.002005332848057151,0.3373525142669678,0.634573221206665,0.024675734341144562
C:/Users/KUBA/GitProjects/WKIRO-Project/data/CL007/Session1/Overground_Walk/Walk_Slow/Post_Process/Walk_Slow6.csv,7,CL007,Session1,overground,walk,slow,4,walk_slow,2,walk_comfortable,0.5910279154777527,0.15328197181224823,0.01568080484867096,0.5910279154777527,0.10628203302621841,0.13372723758220673
C:/Users/KUBA/GitProjects/WKIRO-Project/data/CL007/Session1/Overground_Walk/Walk_Slow/Post_Process/Walk_Slow8.csv,7,CL007,Session1,overground,walk,slow,4,walk_slow,2,walk_comfortable,0.7089184522628784,0.0003542698104865849,0.00036778292269445956,0.7089184522628784,0.003616709727793932,0.2867426872253418
C:/Users/KUBA/GitProjects/WKIRO-Project/data/CL007/Session1/Treadmill_Walk/Treadmill_Walk_Comfortable/Post_Process/Treadmill_Walk_Comfortable.csv,120,CL007,Session1,treadmill,walk,comfortable,2,walk_comfortable,2,walk_comfortable,0.8879262804985046,0.00026771784177981317,0.0002546862524468452,0.8879262804985046,0.006237837485969067,0.10531345754861832
C:/Users/KUBA/GitProjects/WKIRO-Project/data/CL007/Session2/Overground_Run/Run_Comfortable/Post_Process/Run_Comfortable5.csv,2,CL007,Session2,overground,run,comfortable,0,run_comfortable,0,run_comfortable,0.8205476999282837,0.8205476999282837,0.10199934244155884,0.011192304082214832,0.06224692612886429,0.004013696685433388
C:/Users/KUBA/GitProjects/WKIRO-Project/data/CL007/Session2/Overground_Run/Run_Comfortable/Post_Process/Run_Comfortable8.csv,3,CL007,Session2,overground,run,comfortable,0,run_comfortable,0,run_comfortable,0.9948323369026184,0.9948323369026184,0.004553244449198246,0.0002839281514752656,0.00019099011842627078,0.00013949518324807286
C:/Users/KUBA/GitProjects/WKIRO-Project/data/CL007/Session2/Overground_Run/Run_Fast/Post_Process/Run_Fast13.csv,2,CL007,Session2,overground,run,fast,1,run_fast,0,run_comfortable,0.5573239326477051,0.5573239326477051,0.4252365827560425,0.005939663387835026,0.00862731784582138,0.002872518263757229
C:/Users/KUBA/GitProjects/WKIRO-Project/data/CL007/Session2/Overground_Run/Run_Fast/Post_Process/Run_Fast14.csv,2,CL007,Session2,overground,run,fast,1,run_fast,1,run_fast,0.9579830169677734,0.03759784996509552,0.9579830169677734,0.0006370209157466888,0.0028408528305590153,0.000941244070418179
C:/Users/KUBA/GitProjects/WKIRO-Project/data/CL007/Session2/Overground_Run/Run_Fast/Post_Process/Run_Fast9.csv,2,CL007,Session2,overground,run,fast,1,run_fast,0,run_comfortable,0.5640754699707031,0.5640754699707031,0.419699490070343,0.0028090497944504023,0.011437684297561646,0.001978333108127117
C:/Users/KUBA/GitProjects/WKIRO-Project/data/CL007/Session2/Overground_Walk/Walk_Slow/Post_Process/Walk_Slow2.csv,4,CL007,Session2,overground,walk,slow,4,walk_slow,2,walk_comfortable,0.8356460332870483,0.0003644831303972751,0.0005881373072043061,0.8356460332870483,0.006996787618845701,0.15640445053577423
C:/Users/KUBA/GitProjects/WKIRO-Project/data/DA013/Session1/Overground_Run/Run_Comfortable/Post_Process/Run_Comfortable3.csv,3,DA013,Session1,overground,run,comfortable,0,run_comfortable,0,run_comfortable,0.9793044924736023,0.9793044924736023,0.0186492707580328,0.0011713614221662283,0.0003227627312298864,0.0005521915736608207
C:/Users/KUBA/GitProjects/WKIRO-Project/data/DA013/Session1/Overground_Run/Run_Comfortable/Post_Process/Run_Comfortable7.csv,3,DA013,Session1,overground,run,comfortable,0,run_comfortable,0,run_comfortable,0.7950863242149353,0.7950863242149353,0.19256258010864258,0.00276944856159389,0.007348248269408941,0.002233402105048299
C:/Users/KUBA/GitProjects/WKIRO-Project/data/DA013/Session1/Overground_Walk/Walk_Comfortable/Post_Process/Walk_Comfortable3.csv,5,DA013,Session1,overground,walk,comfortable,2,walk_comfortable,4,walk_slow,0.5397784113883972,0.003315169829875231,0.005018889904022217,0.35116487741470337,0.10072263330221176,0.5397784113883972
C:/Users/KUBA/GitProjects/WKIRO-Project/data/DA013/Session1/Overground_Walk/Walk_Comfortable/Post_Process/Walk_Comfortable4.csv,8,DA013,Session1,overground,walk,comfortable,2,walk_comfortable,2,walk_comfortable,0.9328411817550659,0.0005549504421651363,0.00030101847369223833,0.9328411817550659,0.006573863327503204,0.05972903221845627
C:/Users/KUBA/GitProjects/WKIRO-Project/data/DA013/Session1/Overground_Walk/Walk_Fast/Post_Process/Walk_Fast2.csv,4,DA013,Session1,overground,walk,fast,3,walk_fast,3,walk_fast,0.9039185047149658,0.000839879154227674,0.002120334655046463,0.09089991450309753,0.9039185047149658,0.0022213782649487257
C:/Users/KUBA/GitProjects/WKIRO-Project/data/DA013/Session1/Overground_Walk/Walk_Slow/Post_Process/Walk_Slow7.csv,9,DA013,Session1,overground,walk,slow,4,walk_slow,4,walk_slow,0.6524536609649658,0.0026300291065126657,0.003838739125058055,0.2733753025531769,0.06770230084657669,0.6524536609649658
C:/Users/KUBA/GitProjects/WKIRO-Project/data/DA013/Session1/Treadmill_Walk/Treadmill_Walk_Slow/Post_Process/Treadmill_Walk_Slow.csv,120,DA013,Session1,treadmill,walk,slow,4,walk_slow,4,walk_slow,0.8355072140693665,0.00039878784446045756,0.0003259755903854966,0.16194003820419312,0.0018279619980603456,0.8355072140693665
C:/Users/KUBA/GitProjects/WKIRO-Project/data/DA013/Session2/Overground_Run/Run_Comfortable/Post_Process/Run_Comfortable6.csv,3,DA013,Session2,overground,run,comfortable,0,run_comfortable,0,run_comfortable,0.9535455703735352,0.9535455703735352,0.04417144134640694,0.001347286975942552,0.00038293073885142803,0.0005527155008167028
C:/Users/KUBA/GitProjects/WKIRO-Project/data/DA013/Session2/Overground_Run/Run_Fast/Post_Process/Run_Fast10.csv,2,DA013,Session2,overground,run,fast,1,run_fast,1,run_fast,0.9877264499664307,0.011409642174839973,0.9877264499664307,0.00014794134767726064,0.00046184664824977517,0.0002541656722314656
C:/Users/KUBA/GitProjects/WKIRO-Project/data/DA013/Session2/Overground_Run/Run_Fast/Post_Process/Run_Fast7.csv,2,DA013,Session2,overground,run,fast,1,run_fast,1,run_fast,0.7763875722885132,0.1974949836730957,0.7763875722885132,0.006324105896055698,0.016083471477031708,0.003709902986884117
C:/Users/KUBA/GitProjects/WKIRO-Project/data/DA013/Session2/Overground_Run/Run_Fast/Post_Process/Run_Fast9.csv,2,DA013,Session2,overground,run,fast,1,run_fast,1,run_fast,0.7785205841064453,0.19267842173576355,0.7785205841064453,0.007377159781754017,0.017107175663113594,0.004316648002713919
C:/Users/KUBA/GitProjects/WKIRO-Project/data/DA013/Session2/Overground_Walk/Walk_Comfortable/Post_Process/Walk_Comfortable8.csv,4,DA013,Session2,overground,walk,comfortable,2,walk_comfortable,2,walk_comfortable,0.9336535930633545,0.0006871091900393367,0.0007468053372576833,0.9336535930633545,0.013072720728814602,0.05183978006243706
C:/Users/KUBA/GitProjects/WKIRO-Project/data/DA013/Session2/Overground_Walk/Walk_Slow/Post_Process/Walk_Slow1.csv,7,DA013,Session2,overground,walk,slow,4,walk_slow,4,walk_slow,0.6693872213363647,0.0026793128345161676,0.0035885993856936693,0.2578628659248352,0.06648202240467072,0.6693872213363647
C:/Users/KUBA/GitProjects/WKIRO-Project/data/DA013/Session2/Treadmill_Walk/Treadmill_Walk_Fast/Post_Process/Treadmill_Walk_Fast.csv,120,DA013,Session2,treadmill,walk,fast,3,walk_fast,2,walk_comfortable,0.881421685218811,0.0023343698121607304,0.0010230387561023235,0.881421685218811,0.08973027765750885,0.02549067512154579
C:/Users/KUBA/GitProjects/WKIRO-Project/data/DC005/Session1/Overground_Run/Run_Comfortable/Post_Process/Run_Comfortable10.csv,2,DC005,Session1,overground,run,comfortable,0,run_comfortable,1,run_fast,0.9350545406341553,0.0630442276597023,0.9350545406341553,0.0003525655483826995,0.0007487221155315638,0.0007999196532182395
C:/Users/KUBA/GitProjects/WKIRO-Project/data/DC005/Session1/Overground_Run/Run_Comfortable/Post_Process/Run_Comfortable8.csv,2,DC005,Session1,overground,run,comfortable,0,run_comfortable,1,run_fast,0.5350376963615417,0.4553268253803253,0.5350376963615417,0.004198652692139149,0.0020558719988912344,0.0033808716107159853
C:/Users/KUBA/GitProjects/WKIRO-Project/data/DC005/Session1/Overground_Run/Run_Fast/Post_Process/Run_Fast15.csv,2,DC005,Session1,overground,run,fast,1,run_fast,1,run_fast,0.7621335983276367,0.20413073897361755,0.7621335983276367,0.009825732558965683,0.018305547535419464,0.005604373291134834
C:/Users/KUBA/GitProjects/WKIRO-Project/data/DC005/Session1/Overground_Walk/Walk_Comfortable/Post_Process/Walk_Comfortable2.csv,3,DC005,Session1,overground,walk,comfortable,2,walk_comfortable,2,walk_comfortable,0.5300948619842529,0.0006850061472505331,0.0005661303293891251,0.5300948619842529,0.007549356669187546,0.4611046314239502
C:/Users/KUBA/GitProjects/WKIRO-Project/data/DC005/Session1/Overground_Walk/Walk_Fast/Post_Process/Walk_Fast10.csv,3,DC005,Session1,overground,walk,fast,3,walk_fast,3,walk_fast,0.9648049473762512,0.00047338157310150564,0.0008720618789084256,0.031693197786808014,0.9648049473762512,0.0021564175840467215
C:/Users/KUBA/GitProjects/WKIRO-Project/data/DC005/Session1/Overground_Walk/Walk_Fast/Post_Process/Walk_Fast8.csv,4,DC005,Session1,overground,walk,fast,3,walk_fast,3,walk_fast,0.9105315208435059,0.0005735091981478035,0.0008230772218666971,0.08400475978851318,0.9105315208435059,0.0040670838207006454
C:/Users/KUBA/GitProjects/WKIRO-Project/data/DC005/Session1/Overground_Walk/Walk_Slow/Post_Process/Walk_Slow7.csv,7,DC005,Session1,overground,walk,slow,4,walk_slow,4,walk_slow,0.6603119969367981,0.0034392010420560837,0.004204984288662672,0.25513771176338196,0.07690612226724625,0.6603119969367981
C:/Users/KUBA/GitProjects/WKIRO-Project/data/DC005/Session2/Overground_Run/Run_Comfortable/Post_Process/Run_Comfortable13.csv,3,DC005,Session2,overground,run,comfortable,0,run_comfortable,0,run_comfortable,0.8750805854797363,0.8750805854797363,0.11163622885942459,0.0027563131880015135,0.007456450257450342,0.003070400096476078
C:/Users/KUBA/GitProjects/WKIRO-Project/data/DC005/Session2/Overground_Run/Run_Comfortable/Post_Process/Run_Comfortable5.csv,3,DC005,Session2,overground,run,comfortable,0,run_comfortable,0,run_comfortable,0.8782833218574524,0.8782833218574524,0.10795381665229797,0.0028583446983247995,0.007783969398587942,0.0031204381957650185
C:/Users/KUBA/GitProjects/WKIRO-Project/data/DC005/Session2/Overground_Run/Run_Fast/Post_Process/Run_Fast15.csv,2,DC005,Session2,overground,run,fast,1,run_fast,1,run_fast,0.7731407284736633,0.20701751112937927,0.7731407284736633,0.004673941060900688,0.012393368408083916,0.002774500986561179
C:/Users/KUBA/GitProjects/WKIRO-Project/data/DC005/Session2/Overground_Run/Run_Fast/Post_Process/Run_Fast16.csv,2,DC005,Session2,overground,run,fast,1,run_fast,1,run_fast,0.972356915473938,0.025766944512724876,0.972356915473938,0.0004721894219983369,0.0008669476956129074,0.0005370244616642594
C:/Users/KUBA/GitProjects/WKIRO-Project/data/DC005/Session2/Overground_Run/Run_Fast/Post_Process/Run_Fast5.csv,2,DC005,Session2,overground,run,fast,1,run_fast,1,run_fast,0.8824633955955505,0.09409715235233307,0.8824633955955505,0.005960609298199415,0.014551106840372086,0.0029277573339641094
C:/Users/KUBA/GitProjects/WKIRO-Project/data/DC005/Session2/Overground_Walk/Walk_Comfortable/Post_Process/Walk_Comfortable3.csv,7,DC005,Session2,overground,walk,comfortable,2,walk_comfortable,4,walk_slow,0.5984328389167786,0.0036828997544944286,0.005254257470369339,0.2835523784160614,0.10907761752605438,0.5984328389167786
C:/Users/KUBA/GitProjects/WKIRO-Project/data/DC005/Session2/Overground_Walk/Walk_Fast/Post_Process/Walk_Fast7.csv,8,DC005,Session2,overground,walk,fast,3,walk_fast,3,walk_fast,0.39293989539146423,0.012218739837408066,0.016562746837735176,0.3411191701889038,0.39293989539146423,0.23715946078300476
C:/Users/KUBA/GitProjects/WKIRO-Project/data/DC005/Session2/Treadmill_Run/Treadmill_Run_Fast/Post_Process/Treadmill_Run_Fast.csv,120,DC005,Session2,treadmill,run,fast,1,run_fast,1,run_fast,0.8468659520149231,0.15054887533187866,0.8468659520149231,0.00048296793829649687,0.0011001770617440343,0.001002012868411839
C:/Users/KUBA/GitProjects/WKIRO-Project/data/DC005/Session2/Treadmill_Walk/Treadmill_Walk_Slow/Post_Process/Treadmill_Walk_Slow.csv,120,DC005,Session2,treadmill,walk,slow,4,walk_slow,4,walk_slow,0.8255460262298584,0.00048003552365116775,0.00029039575019851327,0.17088350653648376,0.0028000562451779842,0.8255460262298584
C:/Users/KUBA/GitProjects/WKIRO-Project/data/GF022/Session1/Overground_Run/Run_Comfortable/Post_Process/Run_Comfortable4.csv,3,GF022,Session1,overground,run,comfortable,0,run_comfortable,0,run_comfortable,0.671104907989502,0.671104907989502,0.3193739354610443,0.002074092859402299,0.006270357873290777,0.0011767336400225759
C:/Users/KUBA/GitProjects/WKIRO-Project/data/GF022/Session1/Overground_Run/Run_Fast/Post_Process/Run_Fast3.csv,3,GF022,Session1,overground,run,fast,1,run_fast,1,run_fast,0.8490934371948242,0.12323739379644394,0.8490934371948242,0.005136431194841862,0.019486205652356148,0.0030464797746390104
C:/Users/KUBA/GitProjects/WKIRO-Project/data/GF022/Session1/Overground_Walk/Walk_Comfortable/Post_Process/Walk_Comfortable4.csv,6,GF022,Session1,overground,walk,comfortable,2,walk_comfortable,3,walk_fast,0.7718777656555176,0.0010315950494259596,0.002846132731065154,0.21489016711711884,0.7718777656555176,0.009354380890727043
C:/Users/KUBA/GitProjects/WKIRO-Project/data/GF022/Session1/Overground_Walk/Walk_Fast/Post_Process/Walk_Fast3.csv,5,GF022,Session1,overground,walk,fast,3,walk_fast,3,walk_fast,0.594176709651947,0.01656154915690422,0.029207980260252953,0.29583126306533813,0.594176709651947,0.06422246992588043
C:/Users/KUBA/GitProjects/WKIRO-Project/data/GF022/Session1/Overground_Walk/Walk_Fast/Post_Process/Walk_Fast6.csv,5,GF022,Session1,overground,walk,fast,3,walk_fast,3,walk_fast,0.9649723172187805,0.0007719171117059886,0.0008197134593501687,0.03156367689371109,0.9649723172187805,0.0018723215907812119
C:/Users/KUBA/GitProjects/WKIRO-Project/data/GF022/Session1/Overground_Walk/Walk_Fast/Post_Process/Walk_Fast8.csv,5,GF022,Session1,overground,walk,fast,3,walk_fast,3,walk_fast,0.9513486623764038,0.0006445875624194741,0.0007317285635508597,0.044526781886816025,0.9513486623764038,0.0027481219731271267
C:/Users/KUBA/GitProjects/WKIRO-Project/data/GF022/Session1/Treadmill_Walk/Treadmill_Walk_Comfortable/Post_Process/Treadmill_Walk_Comfortable.csv,120,GF022,Session1,treadmill,walk,comfortable,2,walk_comfortable,2,walk_comfortable,0.6619961857795715,0.0006183478981256485,0.0006910281372256577,0.6619961857795715,0.29766908288002014,0.03902534022927284
C:/Users/KUBA/GitProjects/WKIRO-Project/data/GF022/Session2/Overground_Run/Run_Comfortable/Post_Process/Run_Comfortable5.csv,3,GF022,Session2,overground,run,comfortable,0,run_comfortable,0,run_comfortable,0.6587205529212952,0.6587205529212952,0.3321431577205658,0.002083868021145463,0.005946773570030928,0.0011056126095354557
C:/Users/KUBA/GitProjects/WKIRO-Project/data/GF022/Session2/Overground_Run/Run_Comfortable/Post_Process/Run_Comfortable8.csv,3,GF022,Session2,overground,run,comfortable,0,run_comfortable,0,run_comfortable,0.6042820811271667,0.6042820811271667,0.386646032333374,0.002132532885298133,0.005853448528796434,0.00108601083047688
C:/Users/KUBA/GitProjects/WKIRO-Project/data/GF022/Session2/Overground_Run/Run_Fast/Post_Process/Run_Fast3.csv,2,GF022,Session2,overground,run,fast,1,run_fast,1,run_fast,0.8675787448883057,0.10812332481145859,0.8675787448883057,0.005543759558349848,0.016154643148183823,0.002599492436274886
C:/Users/KUBA/GitProjects/WKIRO-Project/data/GF022/Session2/Overground_Run/Run_Fast/Post_Process/Run_Fast4.csv,2,GF022,Session2,overground,run,fast,1,run_fast,1,run_fast,0.9943026304244995,0.005366959609091282,0.9943026304244995,4.971256203134544e-05,0.000176081302925013,0.00010466936510056257
C:/Users/KUBA/GitProjects/WKIRO-Project/data/GF022/Session2/Overground_Walk/Walk_Comfortable/Post_Process/Walk_Comfortable4.csv,6,GF022,Session2,overground,walk,comfortable,2,walk_comfortable,3,walk_fast,0.7941380143165588,0.0014511001063510776,0.0018842625431716442,0.19178812205791473,0.7941380143165588,0.0107384929433465
C:/Users/KUBA/GitProjects/WKIRO-Project/data/GF022/Session2/Overground_Walk/Walk_Slow/Post_Process/Walk_Slow6.csv,8,GF022,Session2,overground,walk,slow,4,walk_slow,2,walk_comfortable,0.7866568565368652,0.0008112275972962379,0.0005067213787697256,0.7866568565368652,0.013885478489100933,0.19813969731330872
C:/Users/KUBA/GitProjects/WKIRO-Project/data/GF022/Session2/Treadmill_Walk/Treadmill_Walk_Slow/Post_Process/Treadmill_Walk_Slow.csv,120,GF022,Session2,treadmill,walk,slow,4,walk_slow,4,walk_slow,0.9005089998245239,0.00018482658197171986,0.0001993724872590974,0.09727252274751663,0.001834291615523398,0.9005089998245239
C:/Users/KUBA/GitProjects/WKIRO-Project/data/GM001/Session1/Overground_Run/Run_Comfortable/Post_Process/Run_Comfortable2.csv,3,GM001,Session1,overground,run,comfortable,0,run_comfortable,0,run_comfortable,0.9065227508544922,0.9065227508544922,0.09129021316766739,0.0008332258439622819,0.0004066333931405097,0.0009471212397329509
C:/Users/KUBA/GitProjects/WKIRO-Project/data/GM001/Session1/Overground_Run/Run_Comfortable/Post_Process/Run_Comfortable8.csv,2,GM001,Session1,overground,run,comfortable,0,run_comfortable,1,run_fast,0.9587527513504028,0.03918176889419556,0.9587527513504028,0.00020457411301322281,0.0004245105665177107,0.0014363641384989023
C:/Users/KUBA/GitProjects/WKIRO-Project/data/GM001/Session1/Overground_Run/Run_Fast/Post_Process/Run_Fast6.csv,1,GM001,Session1,overground,run,fast,1,run_fast,1,run_fast,0.992939829826355,0.006227732636034489,0.992939829826355,4.793572225025855e-05,0.000240411187405698,0.0005441156099550426
C:/Users/KUBA/GitProjects/WKIRO-Project/data/GM001/Session1/Overground_Run/Run_Fast/Post_Process/Run_Fast9.csv,1,GM001,Session1,overground,run,fast,1,run_fast,1,run_fast,0.8823912143707275,0.09420428425073624,0.8823912143707275,0.00516714621335268,0.015586049295961857,0.0026512842159718275
C:/Users/KUBA/GitProjects/WKIRO-Project/data/GM001/Session1/Overground_Walk/Walk_Comfortable/Post_Process/Walk_Comfortable2.csv,5,GM001,Session1,overground,walk,comfortable,2,walk_comfortable,3,walk_fast,0.6649819612503052,0.0007246106979437172,0.0018793053459376097,0.32567381858825684,0.6649819612503052,0.006740369834005833
C:/Users/KUBA/GitProjects/WKIRO-Project/data/GM001/Session1/Overground_Walk/Walk_Fast/Post_Process/Walk_Fast7.csv,3,GM001,Session1,overground,walk,fast,3,walk_fast,3,walk_fast,0.599049985408783,0.024910716339945793,0.041696857661008835,0.2855539321899414,0.599049985408783,0.048788491636514664
C:/Users/KUBA/GitProjects/WKIRO-Project/data/GM001/Session1/Overground_Walk/Walk_Slow/Post_Process/Walk_Slow5.csv,10,GM001,Session1,overground,walk,slow,4,walk_slow,4,walk_slow,0.6549971103668213,0.0028446067590266466,0.0037669059820473194,0.2678290009498596,0.07056231796741486,0.6549971103668213
C:/Users/KUBA/GitProjects/WKIRO-Project/data/GM001/Session1/Overground_Walk/Walk_Slow/Post_Process/Walk_Slow6.csv,8,GM001,Session1,overground,walk,slow,4,walk_slow,4,walk_slow,0.9662956595420837,0.00013222626876085997,0.0001254033122677356,0.03288932889699936,0.0005573327653110027,0.9662956595420837
C:/Users/KUBA/GitProjects/WKIRO-Project/data/GM001/Session2/Overground_Run/Run_Comfortable/Post_Process/Run_Comfortable5.csv,4,GM001,Session2,overground,run,comfortable,0,run_comfortable,0,run_comfortable,0.8504886627197266,0.8504886627197266,0.1335056722164154,0.003564130514860153,0.00901000201702118,0.0034315637312829494
C:/Users/KUBA/GitProjects/WKIRO-Project/data/GM001/Session2/Overground_Run/Run_Fast/Post_Process/Run_Fast5.csv,3,GM001,Session2,overground,run,fast,1,run_fast,1,run_fast,0.7581303715705872,0.21800045669078827,0.7581303715705872,0.00643574446439743,0.01424939651042223,0.003184054046869278
C:/Users/KUBA/GitProjects/WKIRO-Project/data/GM001/Session2/Overground_Run/Run_Fast/Post_Process/Run_Fast7.csv,2,GM001,Session2,overground,run,fast,1,run_fast,1,run_fast,0.884496808052063,0.0904439240694046,0.884496808052063,0.005608804523944855,0.016782088205218315,0.0026684249751269817
C:/Users/KUBA/GitProjects/WKIRO-Project/data/GM001/Session2/Overground_Walk/Walk_Comfortable/Post_Process/Walk_Comfortable1.csv,5,GM001,Session2,overground,walk,comfortable,2,walk_comfortable,2,walk_comfortable,0.3914105296134949,0.01379790622740984,0.015043385326862335,0.3914105296134949,0.31820347905158997,0.26154473423957825
C:/Users/KUBA/GitProjects/WKIRO-Project/data/GM001/Session2/Overground_Walk/Walk_Fast/Post_Process/Walk_Fast4.csv,3,GM001,Session2,overground,walk,fast,3,walk_fast,3,walk_fast,0.9866437911987305,0.0002390440204180777,0.0006448591593652964,0.012097918428480625,0.9866437911987305,0.0003744364657904953
C:/Users/KUBA/GitProjects/WKIRO-Project/data/GM001/Session2/Overground_Walk/Walk_Fast/Post_Process/Walk_Fast6.csv,4,GM001,Session2,overground,walk,fast,3,walk_fast,3,walk_fast,0.9825570583343506,0.00030037868418730795,0.0005057889502495527,0.016223296523094177,0.9825570583343506,0.00041346417856402695
C:/Users/KUBA/GitProjects/WKIRO-Project/data/GM001/Session2/Treadmill_Walk/Treadmill_Walk_Comfortable/Post_Process/Treadmill_Walk_Comfortable.csv,120,GM001,Session2,treadmill,walk,comfortable,2,walk_comfortable,2,walk_comfortable,0.8195650577545166,0.0008727828389964998,0.0007283087470568717,0.8195650577545166,0.03706243261694908,0.14177140593528748
C:/Users/KUBA/GitProjects/WKIRO-Project/data/GM001/Session2/Treadmill_Walk/Treadmill_Walk_Fast/Post_Process/Treadmill_Walk_Fast.csv,120,GM001,Session2,treadmill,walk,fast,3,walk_fast,3,walk_fast,0.8966777920722961,0.0005019903765060008,0.0013141178060323,0.09782595932483673,0.8966777920722961,0.003680200781673193
C:/Users/KUBA/GitProjects/WKIRO-Project/data/GQ016/Session1/Overground_Run/Run_Comfortable/Post_Process/Run_Comfortable6.csv,3,GQ016,Session1,overground,run,comfortable,0,run_comfortable,0,run_comfortable,0.6674752831459045,0.6674752831459045,0.3313012719154358,0.0006221471121534705,0.0002622820611577481,0.00033897077082656324
C:/Users/KUBA/GitProjects/WKIRO-Project/data/GQ016/Session1/Overground_Run/Run_Comfortable/Post_Process/Run_Comfortable9.csv,3,GQ016,Session1,overground,run,comfortable,0,run_comfortable,0,run_comfortable,0.7465133666992188,0.7465133666992188,0.23838071525096893,0.003248025430366397,0.009324404411017895,0.002533477731049061
C:/Users/KUBA/GitProjects/WKIRO-Project/data/GQ016/Session1/Overground_Run/Run_Fast/Post_Process/Run_Fast3.csv,2,GQ016,Session1,overground,run,fast,1,run_fast,1,run_fast,0.771939754486084,0.1981334090232849,0.771939754486084,0.008337904699146748,0.016977496445178986,0.004611412063241005
C:/Users/KUBA/GitProjects/WKIRO-Project/data/GQ016/Session1/Overground_Walk/Walk_Comfortable/Post_Process/Walk_Comfortable1.csv,7,GQ016,Session1,overground,walk,comfortable,2,walk_comfortable,2,walk_comfortable,0.42855629324913025,0.005975495092570782,0.007545155473053455,0.42855629324913025,0.19609104096889496,0.36183199286460876
C:/Users/KUBA/GitProjects/WKIRO-Project/data/GQ016/Session1/Overground_Walk/Walk_Fast/Post_Process/Walk_Fast8.csv,4,GQ016,Session1,overground,walk,fast,3,walk_fast,2,walk_comfortable,0.41459956765174866,0.012052955105900764,0.01488262228667736,0.41459956765174866,0.3150522708892822,0.24341259896755219
C:/Users/KUBA/GitProjects/WKIRO-Project/data/GQ016/Session1/Overground_Walk/Walk_Slow/Post_Process/Walk_Slow1.csv,9,GQ016,Session1,overground,walk,slow,4,walk_slow,4,walk_slow,0.6293270587921143,0.0026247750502079725,0.003634555032476783,0.2873297929763794,0.07708386331796646,0.6293270587921143
C:/Users/KUBA/GitProjects/WKIRO-Project/data/GQ016/Session1/Treadmill_Walk/Treadmill_Walk_Fast/Post_Process/Treadmill_Walk_Fast.csv,120,GQ016,Session1,treadmill,walk,fast,3,walk_fast,3,walk_fast,0.9786550402641296,0.001105835777707398,0.0017021378735080361,0.01690535992383957,0.9786550402641296,0.001631643041037023
C:/Users/KUBA/GitProjects/WKIRO-Project/data/GQ016/Session2/Overground_Run/Run_Comfortable/Post_Process/Run_Comfortable6.csv,2,GQ016,Session2,overground,run,comfortable,0,run_comfortable,1,run_fast,0.9838771820068359,0.014913422986865044,0.9838771820068359,0.00017002507229335606,0.0004054690070915967,0.0006338703678920865
C:/Users/KUBA/GitProjects/WKIRO-Project/data/GQ016/Session2/Overground_Run/Run_Fast/Post_Process/Run_Fast1.csv,2,GQ016,Session2,overground,run,fast,1,run_fast,1,run_fast,0.9928485155105591,0.006635766476392746,0.9928485155105591,8.60296786413528e-05,0.00026715631247498095,0.00016260107804555446
C:/Users/KUBA/GitProjects/WKIRO-Project/data/GQ016/Session2/Overground_Run/Run_Fast/Post_Process/Run_Fast6.csv,2,GQ016,Session2,overground,run,fast,1,run_fast,1,run_fast,0.8862568140029907,0.09257332980632782,0.8862568140029907,0.004301181063055992,0.014516298659145832,0.0023523778654634953
C:/Users/KUBA/GitProjects/WKIRO-Project/data/GQ016/Session2/Overground_Walk/Walk_Comfortable/Post_Process/Walk_Comfortable2.csv,4,GQ016,Session2,overground,walk,comfortable,2,walk_comfortable,3,walk_fast,0.5099087357521057,0.003226181026548147,0.0020421359222382307,0.4490731656551361,0.5099087357521057,0.035749781876802444
C:/Users/KUBA/GitProjects/WKIRO-Project/data/GQ016/Session2/Overground_Walk/Walk_Comfortable/Post_Process/Walk_Comfortable7.csv,4,GQ016,Session2,overground,walk,comfortable,2,walk_comfortable,2,walk_comfortable,0.3997284770011902,0.010197987779974937,0.012453465722501278,0.3997284770011902,0.3549778163433075,0.22264228761196136
C:/Users/KUBA/GitProjects/WKIRO-Project/data/GQ016/Session2/Overground_Walk/Walk_Fast/Post_Process/Walk_Fast2.csv,4,GQ016,Session2,overground,walk,fast,3,walk_fast,3,walk_fast,0.9444566965103149,0.0008658489678055048,0.001398306107148528,0.05061614513397217,0.9444566965103149,0.002663040068000555
C:/Users/KUBA/GitProjects/WKIRO-Project/data/GQ016/Session2/Overground_Walk/Walk_Slow/Post_Process/Walk_Slow7.csv,5,GQ016,Session2,overground,walk,slow,4,walk_slow,4,walk_slow,0.6026319265365601,0.0036641035694628954,0.004882322624325752,0.27711546421051025,0.11170616000890732,0.6026319265365601
C:/Users/KUBA/GitProjects/WKIRO-Project/data/GQ016/Session2/Treadmill_Walk/Treadmill_Walk_Slow/Post_Process/Treadmill_Walk_Slow.csv,120,GQ016,Session2,treadmill,walk,slow,4,walk_slow,4,walk_slow,0.7873977422714233,0.00042378585203550756,0.0002201512106694281,0.21011720597743988,0.001841003424488008,0.7873977422714233
C:/Users/KUBA/GitProjects/WKIRO-Project/data/HN021/Session1/Overground_Run/Run_Comfortable/Post_Process/Run_Comfortable1.csv,6,HN021,Session1,overground,run,comfortable,0,run_comfortable,0,run_comfortable,0.8092991709709167,0.8092991709709167,0.09688002616167068,0.010069080628454685,0.07900753617286682,0.004744294565171003
C:/Users/KUBA/GitProjects/WKIRO-Project/data/HN021/Session1/Overground_Run/Run_Fast/Post_Process/Run_Fast3.csv,3,HN021,Session1,overground,run,fast,1,run_fast,1,run_fast,0.3786761462688446,0.33705416321754456,0.3786761462688446,0.033838823437690735,0.2435438185930252,0.006887068971991539
C:/Users/KUBA/GitProjects/WKIRO-Project/data/HN021/Session1/Overground_Walk/Walk_Fast/Post_Process/Walk_Fast4.csv,5,HN021,Session1,overground,walk,fast,3,walk_fast,2,walk_comfortable,0.8152115941047668,0.0031159333884716034,0.004439605865627527,0.8152115941047668,0.12781865894794464,0.049414247274398804
C:/Users/KUBA/GitProjects/WKIRO-Project/data/HN021/Session1/Overground_Walk/Walk_Fast/Post_Process/Walk_Fast7.csv,5,HN021,Session1,overground,walk,fast,3,walk_fast,2,walk_comfortable,0.3570696711540222,0.011610676534473896,0.021224359050393105,0.3570696711540222,0.34828296303749084,0.261812299489975
C:/Users/KUBA/GitProjects/WKIRO-Project/data/HN021/Session1/Overground_Walk/Walk_Slow/Post_Process/Walk_Slow7.csv,8,HN021,Session1,overground,walk,slow,4,walk_slow,4,walk_slow,0.6850491166114807,0.002875454956665635,0.004750674124807119,0.23733621835708618,0.06998854130506516,0.6850491166114807
C:/Users/KUBA/GitProjects/WKIRO-Project/data/HN021/Session1/Overground_Walk/Walk_Slow/Post_Process/Walk_Slow8.csv,8,HN021,Session1,overground,walk,slow,4,walk_slow,4,walk_slow,0.7330225706100464,0.00024530646624043584,0.00014455668861046433,0.2648935914039612,0.0016939548077061772,0.7330225706100464
C:/Users/KUBA/GitProjects/WKIRO-Project/data/HN021/Session2/Overground_Run/Run_Comfortable/Post_Process/Run_Comfortable5.csv,4,HN021,Session2,overground,run,comfortable,0,run_comfortable,0,run_comfortable,0.7743239402770996,0.7743239402770996,0.12029670923948288,0.011048352345824242,0.09142909944057465,0.0029019592329859734
C:/Users/KUBA/GitProjects/WKIRO-Project/data/HN021/Session2/Overground_Run/Run_Comfortable/Post_Process/Run_Comfortable6.csv,4,HN021,Session2,overground,run,comfortable,0,run_comfortable,1,run_fast,0.4937492311000824,0.4831699728965759,0.4937492311000824,0.005638583097606897,0.014980790205299854,0.002461383817717433
C:/Users/KUBA/GitProjects/WKIRO-Project/data/HN021/Session2/Overground_Run/Run_Fast/Post_Process/Run_Fast4.csv,3,HN021,Session2,overground,run,fast,1,run_fast,1,run_fast,0.4241143763065338,0.30071601271629333,0.4241143763065338,0.03765060007572174,0.23155342042446136,0.005965538322925568
C:/Users/KUBA/GitProjects/WKIRO-Project/data/HN021/Session2/Overground_Run/Run_Fast/Post_Process/Run_Fast9.csv,3,HN021,Session2,overground,run,fast,1,run_fast,1,run_fast,0.5922961235046387,0.16020748019218445,0.5922961235046387,0.04954944923520088,0.18862450122833252,0.009322451427578926
C:/Users/KUBA/GitProjects/WKIRO-Project/data/HN021/Session2/Overground_Walk/Walk_Comfortable/Post_Process/Walk_Comfortable1.csv,6,HN021,Session2,overground,walk,comfortable,2,walk_comfortable,4,walk_slow,0.6490511298179626,0.0029380193445831537,0.003950323443859816,0.25511273741722107,0.0889478251338005,0.6490511298179626
C:/Users/KUBA/GitProjects/WKIRO-Project/data/HN021/Session2/Overground_Walk/Walk_Comfortable/Post_Process/Walk_Comfortable4.csv,6,HN021,Session2,overground,walk,comfortable,2,walk_comfortable,2,walk_comfortable,0.7349905967712402,0.009547536261379719,0.005510324612259865,0.7349905967712402,0.1755807250738144,0.07437080144882202
C:/Users/KUBA/GitProjects/WKIRO-Project/data/HN021/Session2/Overground_Walk/Walk_Slow/Post_Process/Walk_Slow3.csv,10,HN021,Session2,overground,walk,slow,4,walk_slow,4,walk_slow,0.6896750926971436,0.0028948874678462744,0.004430538974702358,0.22958049178123474,0.07341895252466202,0.6896750926971436
C:/Users/KUBA/GitProjects/WKIRO-Project/data/HN021/Session2/Treadmill_Walk/Treadmill_Walk_Fast/Post_Process/Treadmill_Walk_Fast.csv,120,HN021,Session2,treadmill,walk,fast,3,walk_fast,3,walk_fast,0.810644268989563,0.10319215804338455,0.04590953141450882,0.03638320043683052,0.810644268989563,0.0038707791827619076
C:/Users/KUBA/GitProjects/WKIRO-Project/data/HS018/Session1/Overground_Run/Run_Comfortable/Post_Process/Run_Comfortable1.csv,3,HS018,Session1,overground,run,comfortable,0,run_comfortable,0,run_comfortable,0.5711028575897217,0.5711028575897217,0.39220523834228516,0.007115595508366823,0.025873413309454918,0.003702872432768345
C:/Users/KUBA/GitProjects/WKIRO-Project/data/HS018/Session1/Overground_Run/Run_Comfortable/Post_Process/Run_Comfortable3.csv,3,HS018,Session1,overground,run,comfortable,0,run_comfortable,1,run_fast,0.508678674697876,0.4699817895889282,0.508678674697876,0.0037327015306800604,0.015678532421588898,0.001928345882333815
C:/Users/KUBA/GitProjects/WKIRO-Project/data/HS018/Session1/Overground_Run/Run_Fast/Post_Process/Run_Fast3.csv,2,HS018,Session1,overground,run,fast,1,run_fast,1,run_fast,0.9557307362556458,0.04204697161912918,0.9557307362556458,0.0002281671913806349,0.0013840667670592666,0.000610027986112982
C:/Users/KUBA/GitProjects/WKIRO-Project/data/HS018/Session1/Overground_Run/Run_Fast/Post_Process/Run_Fast9.csv,3,HS018,Session1,overground,run,fast,1,run_fast,1,run_fast,0.7104895710945129,0.25166699290275574,0.7104895710945129,0.006099449936300516,0.028257638216018677,0.0034863126929849386
C:/Users/KUBA/GitProjects/WKIRO-Project/data/HS018/Session1/Overground_Walk/Walk_Fast/Post_Process/Walk_Fast2.csv,3,HS018,Session1,overground,walk,fast,3,walk_fast,2,walk_comfortable,0.4671577513217926,0.013228115625679493,0.019488975405693054,0.4671577513217926,0.3458996117115021,0.15422557294368744
C:/Users/KUBA/GitProjects/WKIRO-Project/data/HS018/Session1/Overground_Walk/Walk_Fast/Post_Process/Walk_Fast8.csv,4,HS018,Session1,overground,walk,fast,3,walk_fast,3,walk_fast,0.9812567234039307,0.0007817654986865819,0.002340066246688366,0.013614094816148281,0.9812567234039307,0.0020073496270924807
C:/Users/KUBA/GitProjects/WKIRO-Project/data/HS018/Session1/Overground_Walk/Walk_Slow/Post_Process/Walk_Slow4.csv,5,HS018,Session1,overground,walk,slow,4,walk_slow,2,walk_comfortable,0.7782455682754517,0.0007979120127856731,0.000819320441223681,0.7782455682754517,0.0068986788392066956,0.2132384330034256
C:/Users/KUBA/GitProjects/WKIRO-Project/data/HS018/Session1/Treadmill_Run/Treadmill_Run_Fast/Post_Process/Treadmill_Run_Fast.csv,120,HS018,Session1,treadmill,run,fast,1,run_fast,0,run_comfortable,0.5849831700325012,0.5849831700325012,0.409134179353714,0.0006692532915621996,0.004043276887387037,0.0011700968025252223
C:/Users/KUBA/GitProjects/WKIRO-Project/data/HS018/Session2/Overground_Run/Run_Comfortable/Post_Process/Run_Comfortable8.csv,3,HS018,Session2,overground,run,comfortable,0,run_comfortable,0,run_comfortable,0.960233747959137,0.960233747959137,0.03844103589653969,0.00041717596468515694,0.000512411876115948,0.0003956546715926379
C:/Users/KUBA/GitProjects/WKIRO-Project/data/HS018/Session2/Overground_Walk/Walk_Comfortable/Post_Process/Walk_Comfortable6.csv,4,HS018,Session2,overground,walk,comfortable,2,walk_comfortable,3,walk_fast,0.8545580506324768,0.003070548642426729,0.0019212529296055436,0.12477539479732513,0.8545580506324768,0.015674743801355362
C:/Users/KUBA/GitProjects/WKIRO-Project/data/HS018/Session2/Overground_Walk/Walk_Comfortable/Post_Process/Walk_Comfortable8.csv,3,HS018,Session2,overground,walk,comfortable,2,walk_comfortable,3,walk_fast,0.8109682202339172,0.0007974408217705786,0.0006193314329721034,0.17143051326274872,0.8109682202339172,0.016184508800506592
C:/Users/KUBA/GitProjects/WKIRO-Project/data/HS018/Session2/Overground_Walk/Walk_Fast/Post_Process/Walk_Fast5.csv,3,HS018,Session2,overground,walk,fast,3,walk_fast,3,walk_fast,0.46847161650657654,0.011750726960599422,0.023669684305787086,0.3600654602050781,0.46847161650657654,0.1360425353050232
C:/Users/KUBA/GitProjects/WKIRO-Project/data/HS018/Session2/Treadmill_Walk/Treadmill_Walk_Slow/Post_Process/Treadmill_Walk_Slow.csv,120,HS018,Session2,treadmill,walk,slow,4,walk_slow,4,walk_slow,0.5671723484992981,0.005447690840810537,0.0005297314492054284,0.4118415117263794,0.015008678659796715,0.5671723484992981
C:/Users/KUBA/GitProjects/WKIRO-Project/data/JS009/Session1/Overground_Run/Run_Comfortable/Post_Process/Run_Comfortable3.csv,3,JS009,Session1,overground,run,comfortable,0,run_comfortable,0,run_comfortable,0.7522034645080566,0.7522034645080566,0.2370738983154297,0.002590535208582878,0.006442181766033173,0.001689906232059002
C:/Users/KUBA/GitProjects/WKIRO-Project/data/JS009/Session1/Overground_Run/Run_Comfortable/Post_Process/Run_Comfortable7.csv,3,JS009,Session1,overground,run,comfortable,0,run_comfortable,0,run_comfortable,0.7386558651924133,0.7386558651924133,0.25087547302246094,0.002463432727381587,0.006373947020620108,0.0016312915831804276
C:/Users/KUBA/GitProjects/WKIRO-Project/data/JS009/Session1/Overground_Run/Run_Fast/Post_Process/Run_Fast10.csv,2,JS009,Session1,overground,run,fast,1,run_fast,1,run_fast,0.9922885894775391,0.007355208974331617,0.9922885894775391,4.6502769691869617e-05,0.0002059836551779881,0.00010378865408711135
C:/Users/KUBA/GitProjects/WKIRO-Project/data/JS009/Session1/Overground_Run/Run_Fast/Post_Process/Run_Fast11.csv,2,JS009,Session1,overground,run,fast,1,run_fast,1,run_fast,0.8297746181488037,0.14488932490348816,0.8297746181488037,0.006072252988815308,0.01618039235472679,0.0030834327917546034
C:/Users/KUBA/GitProjects/WKIRO-Project/data/JS009/Session1/Overground_Run/Run_Fast/Post_Process/Run_Fast17.csv,2,JS009,Session1,overground,run,fast,1,run_fast,1,run_fast,0.993585467338562,0.00599577184766531,0.993585467338562,5.5532174883410335e-05,0.0002431703615002334,0.00012010529462713748
C:/Users/KUBA/GitProjects/WKIRO-Project/data/JS009/Session1/Overground_Walk/Walk_Comfortable/Post_Process/Walk_Comfortable2.csv,4,JS009,Session1,overground,walk,comfortable,2,walk_comfortable,3,walk_fast,0.7803196907043457,0.0018980610184371471,0.002172045409679413,0.20772209763526917,0.7803196907043457,0.007888074964284897
C:/Users/KUBA/GitProjects/WKIRO-Project/data/JS009/Session1/Overground_Walk/Walk_Comfortable/Post_Process/Walk_Comfortable5.csv,4,JS009,Session1,overground,walk,comfortable,2,walk_comfortable,4,walk_slow,0.512800931930542,0.005900941789150238,0.007201291620731354,0.3074803650379181,0.1666164994239807,0.512800931930542
C:/Users/KUBA/GitProjects/WKIRO-Project/data/JS009/Session1/Overground_Walk/Walk_Fast/Post_Process/Walk_Fast3.csv,3,JS009,Session1,overground,walk,fast,3,walk_fast,2,walk_comfortable,0.39930641651153564,0.028591075912117958,0.02490272931754589,0.39930641651153564,0.32801365852355957,0.21918611228466034
C:/Users/KUBA/GitProjects/WKIRO-Project/data/JS009/Session1/Overground_Walk/Walk_Fast/Post_Process/Walk_Fast7.csv,4,JS009,Session1,overground,walk,fast,3,walk_fast,3,walk_fast,0.3565421402454376,0.024532301351428032,0.02062227949500084,0.34480777382850647,0.3565421402454376,0.2534955143928528
C:/Users/KUBA/GitProjects/WKIRO-Project/data/JS009/Session1/Overground_Walk/Walk_Slow/Post_Process/Walk_Slow2.csv,7,JS009,Session1,overground,walk,slow,4,walk_slow,2,walk_comfortable,0.744066596031189,0.0004240782873239368,0.0004045547393616289,0.744066596031189,0.007139474153518677,0.24796532094478607
C:/Users/KUBA/GitProjects/WKIRO-Project/data/JS009/Session1/Overground_Walk/Walk_Slow/Post_Process/Walk_Slow8.csv,7,JS009,Session1,overground,walk,slow,4,walk_slow,2,walk_comfortable,0.8258522152900696,0.000366884603863582,0.0004013511643279344,0.8258522152900696,0.0074319965206086636,0.1659475862979889
C:/Users/KUBA/GitProjects/WKIRO-Project/data/JS009/Session2/Overground_Run/Run_Comfortable/Post_Process/Run_Comfortable5.csv,3,JS009,Session2,overground,run,comfortable,0,run_comfortable,0,run_comfortable,0.7115035057067871,0.7115035057067871,0.27874135971069336,0.0023160476703196764,0.006119624245911837,0.0013194987550377846
C:/Users/KUBA/GitProjects/WKIRO-Project/data/JS009/Session2/Overground_Run/Run_Comfortable/Post_Process/Run_Comfortable6.csv,2,JS009,Session2,overground,run,comfortable,0,run_comfortable,1,run_fast,0.7282541394233704,0.2698308825492859,0.7282541394233704,0.000493737286888063,0.0010868851095438004,0.00033432376221753657
C:/Users/KUBA/GitProjects/WKIRO-Project/data/JS009/Session2/Overground_Run/Run_Comfortable/Post_Process/Run_Comfortable8.csv,2,JS009,Session2,overground,run,comfortable,0,run_comfortable,0,run_comfortable,0.512172520160675,0.512172520160675,0.4869897663593292,0.00023913386394269764,0.0004160656244494021,0.00018253273447044194
C:/Users/KUBA/GitProjects/WKIRO-Project/data/JS009/Session2/Overground_Run/Run_Fast/Post_Process/Run_Fast3.csv,2,JS009,Session2,overground,run,fast,1,run_fast,1,run_fast,0.7208397388458252,0.2593575417995453,0.7208397388458252,0.004614370875060558,0.012802421115338802,0.002385950181633234
C:/Users/KUBA/GitProjects/WKIRO-Project/data/JS009/Session2/Overground_Run/Run_Fast/Post_Process/Run_Fast9.csv,2,JS009,Session2,overground,run,fast,1,run_fast,1,run_fast,0.8438462018966675,0.1322455108165741,0.8438462018966675,0.005118505097925663,0.015749629586935043,0.0030401868280023336
C:/Users/KUBA/GitProjects/WKIRO-Project/data/JS009/Session2/Overground_Walk/Walk_Fast/Post_Process/Walk_Fast8.csv,3,JS009,Session2,overground,walk,fast,3,walk_fast,3,walk_fast,0.9763454794883728,0.000551567121874541,0.0021037424448877573,0.020504601299762726,0.9763454794883728,0.0004945204709656537
C:/Users/KUBA/GitProjects/WKIRO-Project/data/JS009/Session2/Treadmill_Walk/Treadmill_Walk_Comfortable/Post_Process/Treadmill_Walk_Comfortable.csv,120,JS009,Session2,treadmill,walk,comfortable,2,walk_comfortable,2,walk_comfortable,0.8680802583694458,0.0007363054901361465,0.0005026652361266315,0.8680802583694458,0.013768996112048626,0.11691174656152725
C:/Users/KUBA/GitProjects/WKIRO-Project/data/LA014/Session1/Overground_Run/Run_Comfortable/Post_Process/Run_Comfortable1.csv,3,LA014,Session1,overground,run,comfortable,0,run_comfortable,0,run_comfortable,0.615371584892273,0.615371584892273,0.1937241107225418,0.031662460416555405,0.14698661863803864,0.012255251407623291
C:/Users/KUBA/GitProjects/WKIRO-Project/data/LA014/Session1/Overground_Run/Run_Comfortable/Post_Process/Run_Comfortable2.csv,2,LA014,Session1,overground,run,comfortable,0,run_comfortable,0,run_comfortable,0.49617326259613037,0.49617326259613037,0.4954746961593628,0.0014036210486665368,0.0054718609899282455,0.0014766156673431396
C:/Users/KUBA/GitProjects/WKIRO-Project/data/LA014/Session1/Overground_Run/Run_Fast/Post_Process/Run_Fast10.csv,2,LA014,Session1,overground,run,fast,1,run_fast,1,run_fast,0.9615781307220459,0.03289097175002098,0.9615781307220459,0.0009594515431672335,0.002912812866270542,0.0016586924903094769
C:/Users/KUBA/GitProjects/WKIRO-Project/data/LA014/Session1/Overground_Walk/Walk_Comfortable/Post_Process/Walk_Comfortable8.csv,3,LA014,Session1,overground,walk,comfortable,2,walk_comfortable,2,walk_comfortable,0.7626129984855652,0.0012783664278686047,0.0011334085138514638,0.7626129984855652,0.12934304773807526,0.10563219338655472
C:/Users/KUBA/GitProjects/WKIRO-Project/data/LA014/Session1/Overground_Walk/Walk_Fast/Post_Process/Walk_Fast1.csv,3,LA014,Session1,overground,walk,fast,3,walk_fast,4,walk_slow,0.526164710521698,0.005440328735858202,0.006167041137814522,0.3384319841861725,0.12379595637321472,0.526164710521698
C:/Users/KUBA/GitProjects/WKIRO-Project/data/LA014/Session1/Overground_Walk/Walk_Fast/Post_Process/Walk_Fast8.csv,4,LA014,Session1,overground,walk,fast,3,walk_fast,3,walk_fast,0.955214262008667,0.0006107918452471495,0.0010845205979421735,0.040646862238645554,0.955214262008667,0.0024435522500425577
C:/Users/KUBA/GitProjects/WKIRO-Project/data/LA014/Session1/Overground_Walk/Walk_Slow/Post_Process/Walk_Slow7.csv,7,LA014,Session1,overground,walk,slow,4,walk_slow,4,walk_slow,0.7085406184196472,0.0030328163411468267,0.0036879912950098515,0.22006405889987946,0.06467439234256744,0.7085406184196472
C:/Users/KUBA/GitProjects/WKIRO-Project/data/LA014/Session1/Treadmill_Walk/Treadmill_Walk_Slow/Post_Process/Treadmill_Walk_Slow.csv,120,LA014,Session1,treadmill,walk,slow,4,walk_slow,2,walk_comfortable,0.6321348547935486,0.0017067508306354284,0.0004012268327642232,0.6321348547935486,0.01705360971391201,0.3487035036087036
C:/Users/KUBA/GitProjects/WKIRO-Project/data/LA014/Session2/Overground_Run/Run_Comfortable/Post_Process/Run_Comfortable2.csv,2,LA014,Session2,overground,run,comfortable,0,run_comfortable,1,run_fast,0.6389901041984558,0.34881410002708435,0.6389901041984558,0.002352586016058922,0.008345325477421284,0.0014978600665926933
C:/Users/KUBA/GitProjects/WKIRO-Project/data/LA014/Session2/Overground_Run/Run_Fast/Post_Process/Run_Fast5.csv,2,LA014,Session2,overground,run,fast,1,run_fast,1,run_fast,0.8517887592315674,0.11811526864767075,0.8517887592315674,0.0050833560526371,0.021551910787820816,0.0034606694243848324
C:/Users/KUBA/GitProjects/WKIRO-Project/data/LA014/Session2/Overground_Run/Run_Fast/Post_Process/Run_Fast8.csv,2,LA014,Session2,overground,run,fast,1,run_fast,1,run_fast,0.974522054195404,0.019135911017656326,0.974522054195404,0.0022106815595179796,0.0016664644936099648,0.00246483669616282
C:/Users/KUBA/GitProjects/WKIRO-Project/data/LA014/Session2/Overground_Walk/Walk_Comfortable/Post_Process/Walk_Comfortable5.csv,4,LA014,Session2,overground,walk,comfortable,2,walk_comfortable,2,walk_comfortable,0.40154126286506653,0.005827104207128286,0.008732274174690247,0.40154126286506653,0.23030021786689758,0.3535991311073303
C:/Users/KUBA/GitProjects/WKIRO-Project/data/LA014/Session2/Overground_Walk/Walk_Fast/Post_Process/Walk_Fast8.csv,3,LA014,Session2,overground,walk,fast,3,walk_fast,3,walk_fast,0.7260417342185974,0.0011307931272312999,0.0017643392784520984,0.24276496469974518,0.7260417342185974,0.02829821966588497
C:/Users/KUBA/GitProjects/WKIRO-Project/data/LA014/Session2/Overground_Walk/Walk_Slow/Post_Process/Walk_Slow2.csv,5,LA014,Session2,overground,walk,slow,4,walk_slow,4,walk_slow,0.8119880557060242,0.00018362370610702783,0.00013713746739085764,0.18643859028816223,0.0012526034843176603,0.8119880557060242
C:/Users/KUBA/GitProjects/WKIRO-Project/data/LA014/Session2/Treadmill_Walk/Treadmill_Walk_Comfortable/Post_Process/Treadmill_Walk_Comfortable.csv,120,LA014,Session2,treadmill,walk,comfortable,2,walk_comfortable,2,walk_comfortable,0.7484827637672424,0.0005467112641781569,0.0004899621126241982,0.7484827637672424,0.043608780950307846,0.20687176287174225
C:/Users/KUBA/GitProjects/WKIRO-Project/data/LD002/Session1/Overground_Run/Run_Comfortable/Post_Process/Run_Comfortable3.csv,2,LD002,Session1,overground,run,comfortable,0,run_comfortable,0,run_comfortable,0.8066991567611694,0.8066991567611694,0.17878781259059906,0.002482085721567273,0.009948947466909885,0.0020820368081331253
C:/Users/KUBA/GitProjects/WKIRO-Project/data/LD002/Session1/Overground_Run/Run_Comfortable/Post_Process/Run_Comfortable4.csv,3,LD002,Session1,overground,run,comfortable,0,run_comfortable,1,run_fast,0.8876529335975647,0.11003631353378296,0.8876529335975647,0.0003266546700615436,0.000952990900259465,0.0010310757206752896
C:/Users/KUBA/GitProjects/WKIRO-Project/data/LD002/Session1/Overground_Walk/Walk_Comfortable/Post_Process/Walk_Comfortable12.csv,4,LD002,Session1,overground,walk,comfortable,2,walk_comfortable,3,walk_fast,0.9530455470085144,0.00034506144584156573,0.00038298621075227857,0.04403603821992874,0.9530455470085144,0.002190322382375598
C:/Users/KUBA/GitProjects/WKIRO-Project/data/LD002/Session1/Overground_Walk/Walk_Comfortable/Post_Process/Walk_Comfortable2.csv,3,LD002,Session1,overground,walk,comfortable,2,walk_comfortable,3,walk_fast,0.9779273867607117,0.00018280411313753575,0.00042995213880203664,0.020942898467183113,0.9779273867607117,0.000516956381034106
C:/Users/KUBA/GitProjects/WKIRO-Project/data/LD002/Session1/Overground_Walk/Walk_Comfortable/Post_Process/Walk_Comfortable9.csv,4,LD002,Session1,overground,walk,comfortable,2,walk_comfortable,2,walk_comfortable,0.4152379631996155,0.00979533139616251,0.011913659982383251,0.4152379631996155,0.3409615755081177,0.22209149599075317
C:/Users/KUBA/GitProjects/WKIRO-Project/data/LD002/Session1/Overground_Walk/Walk_Fast/Post_Process/Walk_Fast1.csv,4,LD002,Session1,overground,walk,fast,3,walk_fast,3,walk_fast,0.5827778577804565,0.02159244194626808,0.02852250635623932,0.3051801323890686,0.5827778577804565,0.06192705035209656
C:/Users/KUBA/GitProjects/WKIRO-Project/data/LD002/Session1/Overground_Walk/Walk_Fast/Post_Process/Walk_Fast2.csv,2,LD002,Session1,overground,walk,fast,3,walk_fast,3,walk_fast,0.9849337339401245,0.00012728330329991877,0.0003857544215861708,0.014074858278036118,0.9849337339401245,0.000478385656606406
C:/Users/KUBA/GitProjects/WKIRO-Project/data/LD002/Session1/Overground_Walk/Walk_Fast/Post_Process/Walk_Fast7.csv,3,LD002,Session1,overground,walk,fast,3,walk_fast,3,walk_fast,0.4430067241191864,0.015264441259205341,0.018244905397295952,0.3966219127178192,0.4430067241191864,0.12686201930046082
C:/Users/KUBA/GitProjects/WKIRO-Project/data/LD002/Session2/Overground_Run/Run_Comfortable/Post_Process/Run_Comfortable6.csv,3,LD002,Session2,overground,run,comfortable,0,run_comfortable,1,run_fast,0.8467059135437012,0.1510220319032669,0.8467059135437012,0.00035423561348579824,0.0007883881335146725,0.001129450392909348
C:/Users/KUBA/GitProjects/WKIRO-Project/data/LD002/Session2/Overground_Run/Run_Fast/Post_Process/Run_Fast1.csv,2,LD002,Session2,overground,run,fast,1,run_fast,1,run_fast,0.8919045925140381,0.08524178713560104,0.8919045925140381,0.004788919351994991,0.015426253899931908,0.002638490404933691
C:/Users/KUBA/GitProjects/WKIRO-Project/data/LD002/Session2/Overground_Run/Run_Fast/Post_Process/Run_Fast11.csv,2,LD002,Session2,overground,run,fast,1,run_fast,1,run_fast,0.8508526086807251,0.12461797893047333,0.8508526086807251,0.0063216472044587135,0.01512241642922163,0.0030854027718305588
C:/Users/KUBA/GitProjects/WKIRO-Project/data/LD002/Session2/Overground_Run/Run_Fast/Post_Process/Run_Fast15.csv,1,LD002,Session2,overground,run,fast,1,run_fast,1,run_fast,0.9302052855491638,0.0475863441824913,0.9302052855491638,0.0035751231480389833,0.017297441139817238,0.0013357318239286542
C:/Users/KUBA/GitProjects/WKIRO-Project/data/LD002/Session2/Overground_Run/Run_Fast/Post_Process/Run_Fast3.csv,1,LD002,Session2,overground,run,fast,1,run_fast,1,run_fast,0.9107781052589417,0.06627245247364044,0.9107781052589417,0.005013836082071066,0.015515848062932491,0.002419771160930395
C:/Users/KUBA/GitProjects/WKIRO-Project/data/LD002/Session2/Overground_Walk/Walk_Slow/Post_Process/Walk_Slow2.csv,6,LD002,Session2,overground,walk,slow,4,walk_slow,4,walk_slow,0.5504764914512634,0.0004649585753213614,0.0005046463920734823,0.4376278817653656,0.010926113463938236,0.5504764914512634
C:/Users/KUBA/GitProjects/WKIRO-Project/data/LD002/Session2/Overground_Walk/Walk_Slow/Post_Process/Walk_Slow5.csv,7,LD002,Session2,overground,walk,slow,4,walk_slow,4,walk_slow,0.6228055953979492,0.0030857441015541553,0.003913842607289553,0.2890361249446869,0.08115876466035843,0.6228055953979492
C:/Users/KUBA/GitProjects/WKIRO-Project/data/LF003/Session1/Overground_Run/Run_Comfortable/Post_Process/Run_Comfortable11.csv,3,LF003,Session1,overground,run,comfortable,0,run_comfortable,0,run_comfortable,0.6231696009635925,0.6231696009635925,0.36673152446746826,0.002731492044404149,0.006113629322499037,0.001253715599887073
C:/Users/KUBA/GitProjects/WKIRO-Project/data/LF003/Session1/Overground_Run/Run_Comfortable/Post_Process/Run_Comfortable12.csv,3,LF003,Session1,overground,run,comfortable,0,run_comfortable,0,run_comfortable,0.635369062423706,0.635369062423706,0.3631151616573334,0.0003859895805362612,0.00029927227296866477,0.0008305500377900898
C:/Users/KUBA/GitProjects/WKIRO-Project/data/LF003/Session1/Overground_Run/Run_Comfortable/Post_Process/Run_Comfortable15.csv,3,LF003,Session1,overground,run,comfortable,0,run_comfortable,0,run_comfortable,0.6963619589805603,0.6963619589805603,0.29189160466194153,0.0030505366157740355,0.006948208436369896,0.0017477087676525116
C:/Users/KUBA/GitProjects/WKIRO-Project/data/LF003/Session1/Overground_Run/Run_Fast/Post_Process/Run_Fast3.csv,2,LF003,Session1,overground,run,fast,1,run_fast,1,run_fast,0.8809861540794373,0.09464293718338013,0.8809861540794373,0.005347277969121933,0.01663890853524208,0.0023847478441894054
C:/Users/KUBA/GitProjects/WKIRO-Project/data/LF003/Session1/Overground_Walk/Walk_Comfortable/Post_Process/Walk_Comfortable3.csv,6,LF003,Session1,overground,walk,comfortable,2,walk_comfortable,3,walk_fast,0.4648371636867523,0.01744338683784008,0.025786973536014557,0.33087578415870667,0.4648371636867523,0.1610567420721054
C:/Users/KUBA/GitProjects/WKIRO-Project/data/LF003/Session1/Overground_Walk/Walk_Fast/Post_Process/Walk_Fast5.csv,3,LF003,Session1,overground,walk,fast,3,walk_fast,3,walk_fast,0.49372124671936035,0.021854018792510033,0.027788111940026283,0.34656229615211487,0.49372124671936035,0.11007434874773026
C:/Users/KUBA/GitProjects/WKIRO-Project/data/LF003/Session1/Overground_Walk/Walk_Fast/Post_Process/Walk_Fast6.csv,3,LF003,Session1,overground,walk,fast,3,walk_fast,3,walk_fast,0.9225845336914062,0.0005994955427013338,0.0005385761032812297,0.07402703911066055,0.9225845336914062,0.0022502688225358725
C:/Users/KUBA/GitProjects/WKIRO-Project/data/LF003/Session1/Overground_Walk/Walk_Slow/Post_Process/Walk_Slow4.csv,6,LF003,Session1,overground,walk,slow,4,walk_slow,2,walk_comfortable,0.8036389350891113,0.0008032242767512798,0.0009911606321111321,0.8036389350891113,0.04039851203560829,0.15416817367076874
C:/Users/KUBA/GitProjects/WKIRO-Project/data/LF003/Session1/Treadmill_Run/Treadmill_Run_Comfortable/Post_Process/Treadmill_Run_Comfortable.csv,120,LF003,Session1,treadmill,run,comfortable,0,run_comfortable,0,run_comfortable,0.9019259214401245,0.9019259214401245,0.09718310832977295,0.0003400523273739964,0.00021425593877211213,0.00033669581171125174
C:/Users/KUBA/GitProjects/WKIRO-Project/data/LF003/Session1/Treadmill_Walk/Treadmill_Walk_Comfortable/Post_Process/Treadmill_Walk_Comfortable.csv,124,LF003,Session1,treadmill,walk,comfortable,2,walk_comfortable,2,walk_comfortable,0.564624011516571,0.0007663117139600217,0.0006950731039978564,0.564624011516571,0.03427707031369209,0.3996375799179077
C:/Users/KUBA/GitProjects/WKIRO-Project/data/LF003/Session2/Overground_Run/Run_Fast/Post_Process/Run_Fast10.csv,2,LF003,Session2,overground,run,fast,1,run_fast,1,run_fast,0.9940677881240845,0.0047286199405789375,0.9940677881240845,0.00014788663247600198,0.000376800075173378,0.0006789286271668971
C:/Users/KUBA/GitProjects/WKIRO-Project/data/LF003/Session2/Overground_Walk/Walk_Comfortable/Post_Process/Walk_Comfortable6.csv,3,LF003,Session2,overground,walk,comfortable,2,walk_comfortable,3,walk_fast,0.9886071681976318,0.00025118785561062396,0.000317693775286898,0.010548620484769344,0.9886071681976318,0.00027528853388503194
C:/Users/KUBA/GitProjects/WKIRO-Project/data/LF003/Session2/Overground_Walk/Walk_Fast/Post_Process/Walk_Fast12.csv,3,LF003,Session2,overground,walk,fast,3,walk_fast,3,walk_fast,0.9947366714477539,0.00022957850887905806,0.0005950897466391325,0.004268278833478689,0.9947366714477539,0.00017033312178682536
C:/Users/KUBA/GitProjects/WKIRO-Project/data/LF003/Session2/Overground_Walk/Walk_Fast/Post_Process/Walk_Fast8.csv,3,LF003,Session2,overground,walk,fast,3,walk_fast,3,walk_fast,0.9678184986114502,0.0004349378577899188,0.0004958880017511547,0.030088171362876892,0.9678184986114502,0.0011625095503404737
C:/Users/KUBA/GitProjects/WKIRO-Project/data/LF003/Session2/Treadmill_Run/Treadmill_Run_Fast/Post_Process/Treadmill_Run_Fast.csv,120,LF003,Session2,treadmill,run,fast,1,run_fast,1,run_fast,0.9872561097145081,0.011732226237654686,0.9872561097145081,0.00010643023415468633,0.0003322707489132881,0.0005729609401896596
C:/Users/KUBA/GitProjects/WKIRO-Project/data/LF003/Session2/Treadmill_Walk/Treadmill_Walk_Slow/Post_Process/Treadmill_Walk_Slow.csv,125,LF003,Session2,treadmill,walk,slow,4,walk_slow,2,walk_comfortable,0.6338918209075928,0.001656574197113514,0.0004435645241755992,0.6338918209075928,0.017282728105783463,0.34672531485557556
C:/Users/KUBA/GitProjects/WKIRO-Project/data/LL011/Session1/Overground_Run/Run_Comfortable/Post_Process/Run_Comfortable6.csv,1,LL011,Session1,overground,run,comfortable,0,run_comfortable,1,run_fast,0.9118937253952026,0.06505966931581497,0.9118937253952026,0.00444737309589982,0.015941396355628967,0.002657756209373474
C:/Users/KUBA/GitProjects/WKIRO-Project/data/LL011/Session1/Overground_Run/Run_Fast/Post_Process/Run_Fast4.csv,2,LL011,Session1,overground,run,fast,1,run_fast,1,run_fast,0.8504180312156677,0.11779780685901642,0.8504180312156677,0.010327382944524288,0.01708364300429821,0.004373149015009403
C:/Users/KUBA/GitProjects/WKIRO-Project/data/LL011/Session1/Overground_Run/Run_Fast/Post_Process/Run_Fast5.csv,1,LL011,Session1,overground,run,fast,1,run_fast,1,run_fast,0.9388611316680908,0.045594699680805206,0.9388611316680908,0.0027279015630483627,0.011100517585873604,0.0017157108522951603
C:/Users/KUBA/GitProjects/WKIRO-Project/data/LL011/Session1/Overground_Walk/Walk_Fast/Post_Process/Walk_Fast2.csv,4,LL011,Session1,overground,walk,fast,3,walk_fast,3,walk_fast,0.9672672152519226,0.0006005857139825821,0.000424539262894541,0.03067421168088913,0.9672672152519226,0.0010333980899304152
C:/Users/KUBA/GitProjects/WKIRO-Project/data/LL011/Session1/Overground_Walk/Walk_Fast/Post_Process/Walk_Fast9.csv,4,LL011,Session1,overground,walk,fast,3,walk_fast,2,walk_comfortable,0.42685335874557495,0.010505419224500656,0.013141488656401634,0.42685335874557495,0.3661363422870636,0.1833634078502655
C:/Users/KUBA/GitProjects/WKIRO-Project/data/LL011/Session1/Overground_Walk/Walk_Slow/Post_Process/Walk_Slow1.csv,9,LL011,Session1,overground,walk,slow,4,walk_slow,4,walk_slow,0.6384117603302002,0.0027762395329773426,0.003882714780047536,0.2817387282848358,0.07319056987762451,0.6384117603302002
C:/Users/KUBA/GitProjects/WKIRO-Project/data/LL011/Session1/Treadmill_Walk/Treadmill_Walk_Comfortable/Post_Process/Treadmill_Walk_Comfortable.csv,120,LL011,Session1,treadmill,walk,comfortable,2,walk_comfortable,2,walk_comfortable,0.8811132907867432,0.0004994573537260294,0.00027715376927517354,0.8811132907867432,0.006231614854186773,0.11187852174043655
C:/Users/KUBA/GitProjects/WKIRO-Project/data/LL011/Session2/Overground_Run/Run_Comfortable/Post_Process/Run_Comfortable6.csv,2,LL011,Session2,overground,run,comfortable,0,run_comfortable,1,run_fast,0.9909257888793945,0.008054135367274284,0.9909257888793945,0.00010521252261241898,0.00034207184216938913,0.0005727730458602309
C:/Users/KUBA/GitProjects/WKIRO-Project/data/LL011/Session2/Overground_Run/Run_Fast/Post_Process/Run_Fast7.csv,2,LL011,Session2,overground,run,fast,1,run_fast,1,run_fast,0.8560706377029419,0.118989497423172,0.8560706377029419,0.005378219299018383,0.016615718603134155,0.002945919055491686
C:/Users/KUBA/GitProjects/WKIRO-Project/data/LL011/Session2/Overground_Walk/Walk_Comfortable/Post_Process/Walk_Comfortable1.csv,5,LL011,Session2,overground,walk,comfortable,2,walk_comfortable,4,walk_slow,0.47214317321777344,0.004636460915207863,0.0058771525509655476,0.37884026765823364,0.13850300014019012,0.47214317321777344
C:/Users/KUBA/GitProjects/WKIRO-Project/data/LL011/Session2/Overground_Walk/Walk_Comfortable/Post_Process/Walk_Comfortable2.csv,5,LL011,Session2,overground,walk,comfortable,2,walk_comfortable,2,walk_comfortable,0.9553766250610352,0.0006770370528101921,0.0002004710549954325,0.9553766250610352,0.011107908561825752,0.032637882977724075
C:/Users/KUBA/GitProjects/WKIRO-Project/data/LL011/Session2/Overground_Walk/Walk_Comfortable/Post_Process/Walk_Comfortable3.csv,5,LL011,Session2,overground,walk,comfortable,2,walk_comfortable,2,walk_comfortable,0.4227921962738037,0.005141356494277716,0.006883163005113602,0.4227921962738037,0.17347648739814758,0.39170676469802856
C:/Users/KUBA/GitProjects/WKIRO-Project/data/LL011/Session2/Overground_Walk/Walk_Comfortable/Post_Process/Walk_Comfortable4.csv,4,LL011,Session2,overground,walk,comfortable,2,walk_comfortable,2,walk_comfortable,0.9691591262817383,0.0005472030024975538,0.00021739216754212976,0.9691591262817383,0.010491923429071903,0.01958441734313965
C:/Users/KUBA/GitProjects/WKIRO-Project/data/LL011/Session2/Overground_Walk/Walk_Fast/Post_Process/Walk_Fast7.csv,3,LL011,Session2,overground,walk,fast,3,walk_fast,2,walk_comfortable,0.4136585295200348,0.011967112310230732,0.0176797304302454,0.4136585295200348,0.41129884123802185,0.14539581537246704
C:/Users/KUBA/GitProjects/WKIRO-Project/data/LL011/Session2/Treadmill_Run/Treadmill_Run_Comfortable/Post_Process/Treadmill_Run_Comfortable.csv,120,LL011,Session2,treadmill,run,comfortable,0,run_comfortable,1,run_fast,0.5506473779678345,0.4469892382621765,0.5506473779678345,0.0005637200083583593,0.0009393975487910211,0.0008602853631600738
C:/Users/KUBA/GitProjects/WKIRO-Project/data/LL011/Session2/Treadmill_Walk/Treadmill_Walk_Slow/Post_Process/Treadmill_Walk_Slow.csv,120,LL011,Session2,treadmill,walk,slow,4,walk_slow,2,walk_comfortable,0.5316840410232544,0.0005665647331625223,0.0003123794449493289,0.5316840410232544,0.0037290574982762337,0.46370798349380493
C:/Users/KUBA/GitProjects/WKIRO-Project/data/LM012/Session1/Overground_Run/Run_Comfortable/Post_Process/Run_Comfortable8.csv,3,LM012,Session1,overground,run,comfortable,0,run_comfortable,0,run_comfortable,0.5120870471000671,0.5120870471000671,0.4851677715778351,0.0004862603673245758,0.0016861871117725968,0.0005726994131691754
C:/Users/KUBA/GitProjects/WKIRO-Project/data/LM012/Session1/Overground_Run/Run_Fast/Post_Process/Run_Fast10.csv,2,LM012,Session1,overground,run,fast,1,run_fast,1,run_fast,0.9732414484024048,0.017786163836717606,0.9732414484024048,0.0009821336716413498,0.005754494108259678,0.0022357425186783075
C:/Users/KUBA/GitProjects/WKIRO-Project/data/LM012/Session1/Overground_Run/Run_Fast/Post_Process/Run_Fast4.csv,1,LM012,Session1,overground,run,fast,1,run_fast,1,run_fast,0.9943894743919373,0.004462884739041328,0.9943894743919373,6.227128324098885e-05,0.0006401219870895147,0.0004452707653399557
C:/Users/KUBA/GitProjects/WKIRO-Project/data/LM012/Session1/Overground_Run/Run_Fast/Post_Process/Run_Fast8.csv,1,LM012,Session1,overground,run,fast,1,run_fast,1,run_fast,0.977904200553894,0.019628599286079407,0.977904200553894,0.0006327395676635206,0.001366123091429472,0.00046835566172376275
C:/Users/KUBA/GitProjects/WKIRO-Project/data/LM012/Session1/Overground_Walk/Walk_Comfortable/Post_Process/Walk_Comfortable2.csv,7,LM012,Session1,overground,walk,comfortable,2,walk_comfortable,2,walk_comfortable,0.6646348237991333,0.0012599441688507795,0.0009421809809282422,0.6646348237991333,0.2670691907405853,0.06609376519918442
C:/Users/KUBA/GitProjects/WKIRO-Project/data/LM012/Session1/Overground_Walk/Walk_Fast/Post_Process/Walk_Fast2.csv,4,LM012,Session1,overground,walk,fast,3,walk_fast,2,walk_comfortable,0.5110828876495361,0.006657155230641365,0.009832418523728848,0.5110828876495361,0.21134819090366364,0.26107943058013916
C:/Users/KUBA/GitProjects/WKIRO-Project/data/LM012/Session1/Overground_Walk/Walk_Fast/Post_Process/Walk_Fast4.csv,4,LM012,Session1,overground,walk,fast,3,walk_fast,2,walk_comfortable,0.5083363056182861,0.00789688341319561,0.0119024608284235,0.5083363056182861,0.2533707916736603,0.21849355101585388
C:/Users/KUBA/GitProjects/WKIRO-Project/data/LM012/Session1/Overground_Walk/Walk_Slow/Post_Process/Walk_Slow3.csv,11,LM012,Session1,overground,walk,slow,4,walk_slow,4,walk_slow,0.5728420615196228,0.0033186585642397404,0.005961898248642683,0.3322698175907135,0.08560752868652344,0.5728420615196228
C:/Users/KUBA/GitProjects/WKIRO-Project/data/LM012/Session2/Overground_Run/Run_Comfortable/Post_Process/Run_Comfortable1.csv,2,LM012,Session2,overground,run,comfortable,0,run_comfortable,1,run_fast,0.9730411767959595,0.024516301229596138,0.9730411767959595,0.00016818172298371792,0.0016005182405933738,0.0006738197989761829
C:/Users/KUBA/GitProjects/WKIRO-Project/data/LM012/Session2/Overground_Run/Run_Comfortable/Post_Process/Run_Comfortable9.csv,3,LM012,Session2,overground,run,comfortable,0,run_comfortable,1,run_fast,0.9051154255867004,0.09178901463747025,0.9051154255867004,0.0002503703872207552,0.002147861523553729,0.0006973135750740767
C:/Users/KUBA/GitProjects/WKIRO-Project/data/LM012/Session2/Overground_Walk/Walk_Comfortable/Post_Process/Walk_Comfortable3.csv,4,LM012,Session2,overground,walk,comfortable,2,walk_comfortable,2,walk_comfortable,0.4150266647338867,0.008555597625672817,0.01515977643430233,0.4150266647338867,0.32487210631370544,0.23638586699962616
C:/Users/KUBA/GitProjects/WKIRO-Project/data/LM012/Session2/Overground_Walk/Walk_Fast/Post_Process/Walk_Fast2.csv,4,LM012,Session2,overground,walk,fast,3,walk_fast,3,walk_fast,0.9906876087188721,0.00027625434449873865,0.0005757897160947323,0.008011567406356335,0.9906876087188721,0.00044880047789774835
C:/Users/KUBA/GitProjects/WKIRO-Project/data/LM012/Session2/Overground_Walk/Walk_Slow/Post_Process/Walk_Slow4.csv,9,LM012,Session2,overground,walk,slow,4,walk_slow,4,walk_slow,0.627720296382904,0.002917869482189417,0.004636282566934824,0.289490282535553,0.0752352774143219,0.627720296382904
C:/Users/KUBA/GitProjects/WKIRO-Project/data/LM012/Session2/Overground_Walk/Walk_Slow/Post_Process/Walk_Slow6.csv,12,LM012,Session2,overground,walk,slow,4,walk_slow,4,walk_slow,0.6370846033096313,0.0030054792296141386,0.004607774782925844,0.2803957164287567,0.07490643113851547,0.6370846033096313
C:/Users/KUBA/GitProjects/WKIRO-Project/data/MR015/Session1/Overground_Run/Run_Comfortable/Post_Process/Run_Comfortable10.csv,2,MR015,Session1,overground,run,comfortable,0,run_comfortable,0,run_comfortable,0.9916707277297974,0.9916707277297974,0.007702813483774662,0.0003230758593417704,0.00017319447943009436,0.0001301506708841771
C:/Users/KUBA/GitProjects/WKIRO-Project/data/MR015/Session1/Overground_Run/Run_Fast/Post_Process/Run_Fast1.csv,2,MR015,Session1,overground,run,fast,1,run_fast,1,run_fast,0.8553398251533508,0.12020814418792725,0.8553398251533508,0.005667110905051231,0.016132038086652756,0.0026528541930019855
C:/Users/KUBA/GitProjects/WKIRO-Project/data/MR015/Session1/Overground_Run/Run_Fast/Post_Process/Run_Fast10.csv,1,MR015,Session1,overground,run,fast,1,run_fast,1,run_fast,0.9946640729904175,0.005038215313106775,0.9946640729904175,8.624129986856133e-05,0.00011831092706415802,9.316100477008149e-05
C:/Users/KUBA/GitProjects/WKIRO-Project/data/MR015/Session1/Overground_Walk/Walk_Fast/Post_Process/Walk_Fast1.csv,4,MR015,Session1,overground,walk,fast,3,walk_fast,2,walk_comfortable,0.4081820547580719,0.010960148647427559,0.015614401549100876,0.4081820547580719,0.3162424862384796,0.24900087714195251
C:/Users/KUBA/GitProjects/WKIRO-Project/data/MR015/Session1/Overground_Walk/Walk_Fast/Post_Process/Walk_Fast4.csv,3,MR015,Session1,overground,walk,fast,3,walk_fast,3,walk_fast,0.7521641254425049,0.0015067631611600518,0.0013837773585692048,0.2349434494972229,0.7521641254425049,0.01000182330608368
C:/Users/KUBA/GitProjects/WKIRO-Project/data/MR015/Session1/Overground_Walk/Walk_Slow/Post_Process/Walk_Slow1.csv,7,MR015,Session1,overground,walk,slow,4,walk_slow,4,walk_slow,0.6455361247062683,0.0027322161477059126,0.0039645894430577755,0.2720293700695038,0.07573767751455307,0.6455361247062683
C:/Users/KUBA/GitProjects/WKIRO-Project/data/MR015/Session2/Overground_Run/Run_Comfortable/Post_Process/Run_Comfortable3.csv,3,MR015,Session2,overground,run,comfortable,0,run_comfortable,0,run_comfortable,0.8697094321250916,0.8697094321250916,0.11271476745605469,0.0038963027764111757,0.009618747979402542,0.004060764331370592
C:/Users/KUBA/GitProjects/WKIRO-Project/data/MR015/Session2/Overground_Run/Run_Comfortable/Post_Process/Run_Comfortable8.csv,3,MR015,Session2,overground,run,comfortable,0,run_comfortable,1,run_fast,0.606717050075531,0.39123865962028503,0.606717050075531,0.00045331186265684664,0.0009663529344834387,0.0006246374105103314
C:/Users/KUBA/GitProjects/WKIRO-Project/data/MR015/Session2/Overground_Run/Run_Fast/Post_Process/Run_Fast6.csv,1,MR015,Session2,overground,run,fast,1,run_fast,1,run_fast,0.8584741950035095,0.11424343287944794,0.8584741950035095,0.006817175075411797,0.01709420047700405,0.003370963502675295
C:/Users/KUBA/GitProjects/WKIRO-Project/data/MR015/Session2/Overground_Walk/Walk_Comfortable/Post_Process/Walk_Comfortable3.csv,5,MR015,Session2,overground,walk,comfortable,2,walk_comfortable,2,walk_comfortable,0.3913690447807312,0.010747799649834633,0.015588358044624329,0.3913690447807312,0.3494679927825928,0.23282679915428162
C:/Users/KUBA/GitProjects/WKIRO-Project/data/MR015/Session2/Overground_Walk/Walk_Comfortable/Post_Process/Walk_Comfortable4.csv,3,MR015,Session2,overground,walk,comfortable,2,walk_comfortable,2,walk_comfortable,0.44089317321777344,0.008293427526950836,0.011813934892416,0.44089317321777344,0.3421443998813629,0.19685499370098114
C:/Users/KUBA/GitProjects/WKIRO-Project/data/MR015/Session2/Overground_Walk/Walk_Comfortable/Post_Process/Walk_Comfortable8.csv,3,MR015,Session2,overground,walk,comfortable,2,walk_comfortable,3,walk_fast,0.5738310813903809,0.0015011224895715714,0.002357094781473279,0.406002014875412,0.5738310813903809,0.016308700665831566
C:/Users/KUBA/GitProjects/WKIRO-Project/data/MR015/Session2/Overground_Walk/Walk_Fast/Post_Process/Walk_Fast4.csv,4,MR015,Session2,overground,walk,fast,3,walk_fast,3,walk_fast,0.405563086271286,0.010762535966932774,0.01628918945789337,0.375058114528656,0.405563086271286,0.19232705235481262
C:/Users/KUBA/GitProjects/WKIRO-Project/data/MR015/Session2/Overground_Walk/Walk_Slow/Post_Process/Walk_Slow6.csv,6,MR015,Session2,overground,walk,slow,4,walk_slow,2,walk_comfortable,0.9380311369895935,0.0004319304134696722,0.0002470795589033514,0.9380311369895935,0.009917245246469975,0.05137268826365471
C:/Users/KUBA/GitProjects/WKIRO-Project/data/OB010/Session1/Overground_Run/Run_Comfortable/Post_Process/Run_Comfortable4.csv,2,OB010,Session1,overground,run,comfortable,0,run_comfortable,0,run_comfortable,0.980721652507782,0.980721652507782,0.017305999994277954,0.0013314218958839774,0.00028861197642982006,0.0003523191262502223
C:/Users/KUBA/GitProjects/WKIRO-Project/data/OB010/Session1/Overground_Run/Run_Fast/Post_Process/Run_Fast2.csv,1,OB010,Session1,overground,run,fast,1,run_fast,1,run_fast,0.9947550296783447,0.004873581696301699,0.9947550296783447,3.34967153321486e-05,0.00020974557264707983,0.0001281558652408421
C:/Users/KUBA/GitProjects/WKIRO-Project/data/OB010/Session1/Overground_Walk/Walk_Comfortable/Post_Process/Walk_Comfortable6.csv,4,OB010,Session1,overground,walk,comfortable,2,walk_comfortable,2,walk_comfortable,0.72614586353302,0.0022343997843563557,0.0011681943433359265,0.72614586353302,0.24806125462055206,0.022390242666006088
C:/Users/KUBA/GitProjects/WKIRO-Project/data/OB010/Session1/Overground_Walk/Walk_Fast/Post_Process/Walk_Fast6.csv,3,OB010,Session1,overground,walk,fast,3,walk_fast,3,walk_fast,0.8762453198432922,0.0010520531795918941,0.0009997839806601405,0.11730725318193436,0.8762453198432922,0.004395580384880304
C:/Users/KUBA/GitProjects/WKIRO-Project/data/OB010/Session1/Overground_Walk/Walk_Slow/Post_Process/Walk_Slow1.csv,6,OB010,Session1,overground,walk,slow,4,walk_slow,4,walk_slow,0.5980575680732727,0.002992300083860755,0.004659728147089481,0.3067784905433655,0.08751195669174194,0.5980575680732727
C:/Users/KUBA/GitProjects/WKIRO-Project/data/OB010/Session1/Overground_Walk/Walk_Slow/Post_Process/Walk_Slow4.csv,5,OB010,Session1,overground,walk,slow,4,walk_slow,2,walk_comfortable,0.947579562664032,0.00038200567360036075,0.00014375278260558844,0.947579562664032,0.004769421182572842,0.04712521284818649
C:/Users/KUBA/GitProjects/WKIRO-Project/data/OB010/Session1/Treadmill_Walk/Treadmill_Walk_Fast/Post_Process/Treadmill_Walk_Fast.csv,120,OB010,Session1,treadmill,walk,fast,3,walk_fast,3,walk_fast,0.9085515141487122,0.0008415096672251821,0.0007610382162965834,0.08734793961048126,0.9085515141487122,0.002498019952327013
C:/Users/KUBA/GitProjects/WKIRO-Project/data/OB010/Session2/Overground_Run/Run_Comfortable/Post_Process/Run_Comfortable13.csv,2,OB010,Session2,overground,run,comfortable,0,run_comfortable,0,run_comfortable,0.7470890283584595,0.7470890283584595,0.24058258533477783,0.002332772593945265,0.007748518139123917,0.0022471556439995766
C:/Users/KUBA/GitProjects/WKIRO-Project/data/OB010/Session2/Overground_Run/Run_Comfortable/Post_Process/Run_Comfortable6.csv,2,OB010,Session2,overground,run,comfortable,0,run_comfortable,0,run_comfortable,0.6692346334457397,0.6692346334457397,0.32716161012649536,0.0011628309730440378,0.0015420818235725164,0.0008988793706521392
C:/Users/KUBA/GitProjects/WKIRO-Project/data/OB010/Session2/Overground_Run/Run_Fast/Post_Process/Run_Fast13.csv,2,OB010,Session2,overground,run,fast,1,run_fast,1,run_fast,0.6186404228210449,0.36274367570877075,0.6186404228210449,0.004202178679406643,0.012145016342401505,0.0022687024902552366
C:/Users/KUBA/GitProjects/WKIRO-Project/data/OB010/Session2/Overground_Run/Run_Fast/Post_Process/Run_Fast2.csv,1,OB010,Session2,overground,run,fast,1,run_fast,1,run_fast,0.9931117296218872,0.0066279456950724125,0.9931117296218872,6.725158891640604e-05,0.00010583399125607684,8.726307714823633e-05
C:/Users/KUBA/GitProjects/WKIRO-Project/data/OB010/Session2/Overground_Run/Run_Fast/Post_Process/Run_Fast9.csv,2,OB010,Session2,overground,run,fast,1,run_fast,1,run_fast,0.6810142397880554,0.30054640769958496,0.6810142397880554,0.003480217419564724,0.01312827505171299,0.0018308572471141815
C:/Users/KUBA/GitProjects/WKIRO-Project/data/OB010/Session2/Overground_Walk/Walk_Comfortable/Post_Process/Walk_Comfortable4.csv,4,OB010,Session2,overground,walk,comfortable,2,walk_comfortable,2,walk_comfortable,0.5773206949234009,0.0009188924450427294,0.0005530542111955583,0.5773206949234009,0.4109024405479431,0.010304955765604973
C:/Users/KUBA/GitProjects/WKIRO-Project/data/OB010/Session2/Overground_Walk/Walk_Fast/Post_Process/Walk_Fast6.csv,3,OB010,Session2,overground,walk,fast,3,walk_fast,3,walk_fast,0.9870545268058777,0.00017622012819629163,0.0003698449581861496,0.012102149426937103,0.9870545268058777,0.0002972396614495665
C:/Users/KUBA/GitProjects/WKIRO-Project/data/OB010/Session2/Treadmill_Run/Treadmill_Run_Comfortable/Post_Process/Treadmill_Run_Comfortable.csv,120,OB010,Session2,treadmill,run,comfortable,0,run_comfortable,1,run_fast,0.7024640440940857,0.2954067885875702,0.7024640440940857,0.0006751699838787317,0.0009065807098522782,0.0005474363570101559
C:/Users/KUBA/GitProjects/WKIRO-Project/data/PC008/Session1/Overground_Run/Run_Comfortable/Post_Process/Run_Comfortable1.csv,3,PC008,Session1,overground,run,comfortable,0,run_comfortable,0,run_comfortable,0.8819556832313538,0.8819556832313538,0.07294069975614548,0.0062205493450164795,0.03419029712677002,0.004692758899182081
C:/Users/KUBA/GitProjects/WKIRO-Project/data/PC008/Session1/Overground_Run/Run_Comfortable/Post_Process/Run_Comfortable3.csv,3,PC008,Session1,overground,run,comfortable,0,run_comfortable,0,run_comfortable,0.8246738314628601,0.8246738314628601,0.11503174155950546,0.007733874022960663,0.04915778711438179,0.0034027043730020523
C:/Users/KUBA/GitProjects/WKIRO-Project/data/PC008/Session1/Overground_Run/Run_Comfortable/Post_Process/Run_Comfortable7.csv,2,PC008,Session1,overground,run,comfortable,0,run_comfortable,0,run_comfortable,0.8401732444763184,0.8401732444763184,0.12914660573005676,0.004645247478038073,0.023020051419734955,0.003014893503859639
C:/Users/KUBA/GitProjects/WKIRO-Project/data/PC008/Session1/Overground_Walk/Walk_Comfortable/Post_Process/Walk_Comfortable7.csv,5,PC008,Session1,overground,walk,comfortable,2,walk_comfortable,2,walk_comfortable,0.5127154588699341,0.006840468849986792,0.009338662028312683,0.5127154588699341,0.19780559837818146,0.27329978346824646
C:/Users/KUBA/GitProjects/WKIRO-Project/data/PC008/Session1/Overground_Walk/Walk_Comfortable/Post_Process/Walk_Comfortable8.csv,4,PC008,Session1,overground,walk,comfortable,2,walk_comfortable,3,walk_fast,0.7187652587890625,0.0014903680421411991,0.001490581315010786,0.26396113634109497,0.7187652587890625,0.014292615465819836
C:/Users/KUBA/GitProjects/WKIRO-Project/data/PC008/Session1/Overground_Walk/Walk_Fast/Post_Process/Walk_Fast8.csv,3,PC008,Session1,overground,walk,fast,3,walk_fast,3,walk_fast,0.9612237811088562,0.0005313903093338013,0.000691331282723695,0.03542853519320488,0.9612237811088562,0.0021249803248792887
C:/Users/KUBA/GitProjects/WKIRO-Project/data/PC008/Session1/Overground_Walk/Walk_Slow/Post_Process/Walk_Slow5.csv,4,PC008,Session1,overground,walk,slow,4,walk_slow,4,walk_slow,0.54739910364151,0.00323496269993484,0.004917447455227375,0.346626877784729,0.0978216677904129,0.54739910364151
C:/Users/KUBA/GitProjects/WKIRO-Project/data/PC008/Session2/Overground_Run/Run_Comfortable/Post_Process/Run_Comfortable4.csv,3,PC008,Session2,overground,run,comfortable,0,run_comfortable,0,run_comfortable,0.9966177344322205,0.9966177344322205,0.00300619937479496,0.00017730373656377196,0.0001273873494938016,7.141815876821056e-05
C:/Users/KUBA/GitProjects/WKIRO-Project/data/PC008/Session2/Overground_Run/Run_Fast/Post_Process/Run_Fast1.csv,2,PC008,Session2,overground,run,fast,1,run_fast,0,run_comfortable,0.6512770652770996,0.6512770652770996,0.3219168186187744,0.004994757939130068,0.019182734191417694,0.0026286374777555466
C:/Users/KUBA/GitProjects/WKIRO-Project/data/PC008/Session2/Overground_Run/Run_Fast/Post_Process/Run_Fast11.csv,3,PC008,Session2,overground,run,fast,1,run_fast,0,run_comfortable,0.7616288065910339,0.7616288065910339,0.21661265194416046,0.0037199065554887056,0.015163257718086243,0.002875426784157753
C:/Users/KUBA/GitProjects/WKIRO-Project/data/PC008/Session2/Overground_Run/Run_Fast/Post_Process/Run_Fast14.csv,1,PC008,Session2,overground,run,fast,1,run_fast,1,run_fast,0.9875895977020264,0.012014849111437798,0.9875895977020264,6.965929787838832e-05,0.00023529327881988138,9.055512782651931e-05
C:/Users/KUBA/GitProjects/WKIRO-Project/data/PC008/Session2/Overground_Walk/Walk_Comfortable/Post_Process/Walk_Comfortable10.csv,3,PC008,Session2,overground,walk,comfortable,2,walk_comfortable,2,walk_comfortable,0.7584619522094727,0.0025321964640170336,0.0018771658651530743,0.7584619522094727,0.19103401899337769,0.046094730496406555
C:/Users/KUBA/GitProjects/WKIRO-Project/data/PC008/Session2/Overground_Walk/Walk_Fast/Post_Process/Walk_Fast5.csv,4,PC008,Session2,overground,walk,fast,3,walk_fast,2,walk_comfortable,0.47999224066734314,0.006129532121121883,0.010104283690452576,0.47999224066734314,0.17679136991500854,0.3269825577735901
C:/Users/KUBA/GitProjects/WKIRO-Project/data/PC008/Session2/Overground_Walk/Walk_Fast/Post_Process/Walk_Fast7.csv,3,PC008,Session2,overground,walk,fast,3,walk_fast,2,walk_comfortable,0.44407546520233154,0.006776242982596159,0.009752106852829456,0.44407546520233154,0.23907119035720825,0.300324946641922
C:/Users/KUBA/GitProjects/WKIRO-Project/data/PC008/Session2/Overground_Walk/Walk_Slow/Post_Process/Walk_Slow13.csv,6,PC008,Session2,overground,walk,slow,4,walk_slow,4,walk_slow,0.6269400715827942,0.0029970603063702583,0.004296230152249336,0.2810998260974884,0.08466672897338867,0.6269400715827942
C:/Users/KUBA/GitProjects/WKIRO-Project/data/PC008/Session2/Overground_Walk/Walk_Slow/Post_Process/Walk_Slow9.csv,3,PC008,Session2,overground,walk,slow,4,walk_slow,4,walk_slow,0.6274346709251404,0.003368361620232463,0.004357802215963602,0.2789073884487152,0.08593171834945679,0.6274346709251404
C:/Users/KUBA/GitProjects/WKIRO-Project/data/PC008/Session2/Treadmill_Run/Treadmill_Run_Fast/Post_Process/Treadmill_Run_Fast.csv,120,PC008,Session2,treadmill,run,fast,1,run_fast,1,run_fast,0.6076245903968811,0.3904868960380554,0.6076245903968811,0.0005722342757508159,0.0009290145826525986,0.0003873522800859064
C:/Users/KUBA/GitProjects/WKIRO-Project/data/PC008/Session2/Treadmill_Walk/Treadmill_Walk_Fast/Post_Process/Treadmill_Walk_Fast.csv,120,PC008,Session2,treadmill,walk,fast,3,walk_fast,2,walk_comfortable,0.836090624332428,0.0014219117583706975,0.0012238878989592195,0.836090624332428,0.09433288872241974,0.06693065911531448
C:/Users/KUBA/GitProjects/WKIRO-Project/data/PQ006/Session1/Overground_Run/Run_Comfortable/Post_Process/Run_Comfortable3.csv,3,PQ006,Session1,overground,run,comfortable,0,run_comfortable,0,run_comfortable,0.8675376772880554,0.8675376772880554,0.11865357309579849,0.002588546136394143,0.009220223873853683,0.002000074600800872
C:/Users/KUBA/GitProjects/WKIRO-Project/data/PQ006/Session1/Overground_Run/Run_Comfortable/Post_Process/Run_Comfortable6.csv,2,PQ006,Session1,overground,run,comfortable,0,run_comfortable,0,run_comfortable,0.9020740985870361,0.9020740985870361,0.0939575731754303,0.0020312811248004436,0.00035929118166677654,0.001577792689204216
C:/Users/KUBA/GitProjects/WKIRO-Project/data/PQ006/Session1/Overground_Run/Run_Comfortable/Post_Process/Run_Comfortable9.csv,3,PQ006,Session1,overground,run,comfortable,0,run_comfortable,0,run_comfortable,0.8710586428642273,0.8710586428642273,0.11204484850168228,0.0027848670724779367,0.012070037424564362,0.0020415475592017174
C:/Users/KUBA/GitProjects/WKIRO-Project/data/PQ006/Session1/Overground_Run/Run_Fast/Post_Process/Run_Fast3.csv,2,PQ006,Session1,overground,run,fast,1,run_fast,0,run_comfortable,0.5594031810760498,0.5594031810760498,0.4214994013309479,0.004463769029825926,0.011306826025247574,0.0033268930856138468
C:/Users/KUBA/GitProjects/WKIRO-Project/data/PQ006/Session1/Overground_Walk/Walk_Comfortable/Post_Process/Walk_Comfortable8.csv,6,PQ006,Session1,overground,walk,comfortable,2,walk_comfortable,3,walk_fast,0.6074429154396057,0.0017166119068861008,0.001654091291129589,0.37049317359924316,0.6074429154396057,0.018693244084715843
C:/Users/KUBA/GitProjects/WKIRO-Project/data/PQ006/Session1/Overground_Walk/Walk_Fast/Post_Process/Walk_Fast11.csv,3,PQ006,Session1,overground,walk,fast,3,walk_fast,3,walk_fast,0.4403151571750641,0.011113113723695278,0.019563989713788033,0.3480422794818878,0.4403151571750641,0.18096540868282318
C:/Users/KUBA/GitProjects/WKIRO-Project/data/PQ006/Session1/Overground_Walk/Walk_Fast/Post_Process/Walk_Fast5.csv,4,PQ006,Session1,overground,walk,fast,3,walk_fast,2,walk_comfortable,0.40743282437324524,0.010120397433638573,0.013828855007886887,0.40743282437324524,0.2643103301525116,0.30430760979652405
C:/Users/KUBA/GitProjects/WKIRO-Project/data/PQ006/Session1/Overground_Walk/Walk_Fast/Post_Process/Walk_Fast8.csv,3,PQ006,Session1,overground,walk,fast,3,walk_fast,3,walk_fast,0.9008386731147766,0.0006816761451773345,0.0009829805931076407,0.09390714764595032,0.9008386731147766,0.003589517204090953
C:/Users/KUBA/GitProjects/WKIRO-Project/data/PQ006/Session1/Overground_Walk/Walk_Slow/Post_Process/Walk_Slow10.csv,9,PQ006,Session1,overground,walk,slow,4,walk_slow,2,walk_comfortable,0.790764570236206,0.00034226998104713857,0.0005854268674738705,0.790764570236206,0.008261814713478088,0.2000458687543869
C:/Users/KUBA/GitProjects/WKIRO-Project/data/PQ006/Session1/Overground_Walk/Walk_Slow/Post_Process/Walk_Slow11.csv,9,PQ006,Session1,overground,walk,slow,4,walk_slow,4,walk_slow,0.6783199310302734,0.002747561549767852,0.0035400288179516792,0.24780064821243286,0.06759177148342133,0.6783199310302734
C:/Users/KUBA/GitProjects/WKIRO-Project/data/PQ006/Session1/Treadmill_Walk/Treadmill_Walk_Comfortable/Post_Process/Treadmill_Walk_Comfortable.csv,120,PQ006,Session1,treadmill,walk,comfortable,2,walk_comfortable,2,walk_comfortable,0.8750441074371338,0.0007473802543245256,0.0007651965715922415,0.8750441074371338,0.0352814719080925,0.08816186338663101
C:/Users/KUBA/GitProjects/WKIRO-Project/data/PQ006/Session2/Overground_Run/Run_Comfortable/Post_Process/Run_Comfortable3.csv,3,PQ006,Session2,overground,run,comfortable,0,run_comfortable,0,run_comfortable,0.8904282450675964,0.8904282450675964,0.08970458060503006,0.003262336365878582,0.014086638577282429,0.00251818192191422
C:/Users/KUBA/GitProjects/WKIRO-Project/data/PQ006/Session2/Overground_Run/Run_Fast/Post_Process/Run_Fast11.csv,2,PQ006,Session2,overground,run,fast,1,run_fast,0,run_comfortable,0.6303178071975708,0.6303178071975708,0.3538338541984558,0.00289325974881649,0.0110390093177557,0.0019160850206390023
C:/Users/KUBA/GitProjects/WKIRO-Project/data/PQ006/Session2/Overground_Run/Run_Fast/Post_Process/Run_Fast14.csv,2,PQ006,Session2,overground,run,fast,1,run_fast,1,run_fast,0.9880217909812927,0.011101508513092995,0.9880217909812927,0.00013358457363210618,0.0003084576455876231,0.0004346983914729208
C:/Users/KUBA/GitProjects/WKIRO-Project/data/PQ006/Session2/Overground_Run/Run_Fast/Post_Process/Run_Fast7.csv,2,PQ006,Session2,overground,run,fast,1,run_fast,0,run_comfortable,0.5585072636604309,0.5585072636604309,0.43053701519966125,0.0027469834312796593,0.0068801697343587875,0.0013285719323903322
C:/Users/KUBA/GitProjects/WKIRO-Project/data/PQ006/Session2/Overground_Walk/Walk_Comfortable/Post_Process/Walk_Comfortable2.csv,4,PQ006,Session2,overground,walk,comfortable,2,walk_comfortable,2,walk_comfortable,0.919969916343689,0.000890851893927902,0.0004786286735907197,0.919969916343689,0.03443849831819534,0.044222161173820496
C:/Users/KUBA/GitProjects/WKIRO-Project/data/PQ006/Session2/Overground_Walk/Walk_Fast/Post_Process/Walk_Fast7.csv,3,PQ006,Session2,overground,walk,fast,3,walk_fast,2,walk_comfortable,0.3722909986972809,0.0098515460267663,0.014580714516341686,0.3722909986972809,0.29957184195518494,0.3037049472332001
C:/Users/KUBA/GitProjects/WKIRO-Project/data/PQ006/Session2/Overground_Walk/Walk_Slow/Post_Process/Walk_Slow6.csv,4,PQ006,Session2,overground,walk,slow,4,walk_slow,2,walk_comfortable,0.921511709690094,0.00038528331788256764,0.00037569389678537846,0.921511709690094,0.011104214936494827,0.06662305444478989
C:/Users/KUBA/GitProjects/WKIRO-Project/data/RC020/Session1/Overground_Run/Run_Comfortable/Post_Process/Run_Comfortable2.csv,3,RC020,Session1,overground,run,comfortable,0,run_comfortable,0,run_comfortable,0.9927268028259277,0.9927268028259277,0.006826361175626516,0.00016176087956409901,0.00016269860498141497,0.00012224831152707338
C:/Users/KUBA/GitProjects/WKIRO-Project/data/RC020/Session1/Overground_Run/Run_Comfortable/Post_Process/Run_Comfortable9.csv,3,RC020,Session1,overground,run,comfortable,0,run_comfortable,0,run_comfortable,0.6606585383415222,0.6606585383415222,0.32256555557250977,0.003375218017026782,0.011136584915220737,0.0022641392424702644
C:/Users/KUBA/GitProjects/WKIRO-Project/data/RC020/Session1/Overground_Walk/Walk_Comfortable/Post_Process/Walk_Comfortable2.csv,4,RC020,Session1,overground,walk,comfortable,2,walk_comfortable,3,walk_fast,0.5281311869621277,0.001836618292145431,0.000817957567051053,0.3562537133693695,0.5281311869621277,0.11296047270298004
C:/Users/KUBA/GitProjects/WKIRO-Project/data/RC020/Session1/Overground_Walk/Walk_Fast/Post_Process/Walk_Fast3.csv,4,RC020,Session1,overground,walk,fast,3,walk_fast,2,walk_comfortable,0.40409964323043823,0.01537121832370758,0.024695515632629395,0.40409964323043823,0.3985309600830078,0.15730267763137817
C:/Users/KUBA/GitProjects/WKIRO-Project/data/RC020/Session1/Treadmill_Walk/Treadmill_Walk_Slow/Post_Process/Treadmill_Walk_Slow.csv,120,RC020,Session1,treadmill,walk,slow,4,walk_slow,2,walk_comfortable,0.5922883152961731,0.001339212292805314,0.0006157837342470884,0.5922883152961731,0.1390378326177597,0.26671886444091797
C:/Users/KUBA/GitProjects/WKIRO-Project/data/RC020/Session2/Overground_Run/Run_Comfortable/Post_Process/Run_Comfortable3.csv,2,RC020,Session2,overground,run,comfortable,0,run_comfortable,0,run_comfortable,0.9591662883758545,0.9591662883758545,0.03982141241431236,0.00028246562578715384,0.00043570625712163746,0.00029407459078356624
C:/Users/KUBA/GitProjects/WKIRO-Project/data/RC020/Session2/Overground_Run/Run_Fast/Post_Process/Run_Fast3.csv,2,RC020,Session2,overground,run,fast,1,run_fast,1,run_fast,0.49822351336479187,0.4790489673614502,0.49822351336479187,0.004853191785514355,0.015345808118581772,0.002528558485209942
C:/Users/KUBA/GitProjects/WKIRO-Project/data/RC020/Session2/Overground_Run/Run_Fast/Post_Process/Run_Fast8.csv,2,RC020,Session2,overground,run,fast,1,run_fast,1,run_fast,0.9702101349830627,0.026358000934123993,0.9702101349830627,0.000542021356523037,0.0019334570970386267,0.00095640670042485
C:/Users/KUBA/GitProjects/WKIRO-Project/data/RC020/Session2/Overground_Walk/Walk_Comfortable/Post_Process/Walk_Comfortable5.csv,4,RC020,Session2,overground,walk,comfortable,2,walk_comfortable,2,walk_comfortable,0.4918674826622009,0.007256657816469669,0.008857819251716137,0.4918674826622009,0.2370813488960266,0.2549366354942322
C:/Users/KUBA/GitProjects/WKIRO-Project/data/RC020/Session2/Overground_Walk/Walk_Fast/Post_Process/Walk_Fast2.csv,5,RC020,Session2,overground,walk,fast,3,walk_fast,3,walk_fast,0.9736582636833191,0.0008068030001595616,0.0009524477645754814,0.021798165515065193,0.9736582636833191,0.0027843015268445015
C:/Users/KUBA/GitProjects/WKIRO-Project/data/RC020/Session2/Overground_Walk/Walk_Fast/Post_Process/Walk_Fast8.csv,3,RC020,Session2,overground,walk,fast,3,walk_fast,3,walk_fast,0.9825313687324524,0.0004752847889903933,0.0008392580784857273,0.013883452862501144,0.9825313687324524,0.002270686673000455
C:/Users/KUBA/GitProjects/WKIRO-Project/data/RC020/Session2/Overground_Walk/Walk_Slow/Post_Process/Walk_Slow2.csv,5,RC020,Session2,overground,walk,slow,4,walk_slow,2,walk_comfortable,0.6093045473098755,0.0010224729776382446,0.0008159865392372012,0.6093045473098755,0.11321210861206055,0.2756448984146118
C:/Users/KUBA/GitProjects/WKIRO-Project/data/RC020/Session2/Treadmill_Run/Treadmill_Run_Fast/Post_Process/Treadmill_Run_Fast.csv,120,RC020,Session2,treadmill,run,fast,1,run_fast,1,run_fast,0.8780027031898499,0.11800238490104675,0.8780027031898499,0.0005528466426767409,0.002665599575266242,0.0007765295449644327
C:/Users/KUBA/GitProjects/WKIRO-Project/data/RC023/Session1/Overground_Run/Run_Comfortable/Post_Process/Run_Comfortable7.csv,3,RC023,Session1,overground,run,comfortable,0,run_comfortable,0,run_comfortable,0.6851275563240051,0.6851275563240051,0.2984682619571686,0.003019441617652774,0.011521677486598492,0.0018630787963047624
C:/Users/KUBA/GitProjects/WKIRO-Project/data/RC023/Session1/Overground_Run/Run_Comfortable/Post_Process/Run_Comfortable9.csv,4,RC023,Session1,overground,run,comfortable,0,run_comfortable,0,run_comfortable,0.6151427030563354,0.6151427030563354,0.36837777495384216,0.003025352954864502,0.011725112795829773,0.0017290973337367177
C:/Users/KUBA/GitProjects/WKIRO-Project/data/RC023/Session1/Overground_Walk/Walk_Fast/Post_Process/Walk_Fast1.csv,4,RC023,Session1,overground,walk,fast,3,walk_fast,2,walk_comfortable,0.42646992206573486,0.005460456945002079,0.0075240358710289,0.42646992206573486,0.18704555928707123,0.3735000491142273
C:/Users/KUBA/GitProjects/WKIRO-Project/data/RC023/Session1/Overground_Walk/Walk_Slow/Post_Process/Walk_Slow1.csv,9,RC023,Session1,overground,walk,slow,4,walk_slow,4,walk_slow,0.6905238628387451,0.002650655573233962,0.0038565401919186115,0.23578055202960968,0.06718839704990387,0.6905238628387451
C:/Users/KUBA/GitProjects/WKIRO-Project/data/RC023/Session1/Overground_Walk/Walk_Slow/Post_Process/Walk_Slow6.csv,9,RC023,Session1,overground,walk,slow,4,walk_slow,4,walk_slow,0.5976970195770264,0.00021196430316194892,0.0002670149551704526,0.3990127742290497,0.002811261685565114,0.5976970195770264
C:/Users/KUBA/GitProjects/WKIRO-Project/data/RC023/Session1/Treadmill_Run/Treadmill_Run_Fast/Post_Process/Treadmill_Run_Fast.csv,120,RC023,Session1,treadmill,run,fast,1,run_fast,1,run_fast,0.6455731987953186,0.35183125734329224,0.6455731987953186,0.0003190093266312033,0.0016075741732493043,0.0006690520676784217
C:/Users/KUBA/GitProjects/WKIRO-Project/data/RC023/Session2/Overground_Run/Run_Comfortable/Post_Process/Run_Comfortable5.csv,3,RC023,Session2,overground,run,comfortable,0,run_comfortable,0,run_comfortable,0.6819155812263489,0.6819155812263489,0.3014362156391144,0.003001684555783868,0.011648420244455338,0.0019981402438133955
C:/Users/KUBA/GitProjects/WKIRO-Project/data/RC023/Session2/Overground_Run/Run_Fast/Post_Process/Run_Fast10.csv,2,RC023,Session2,overground,run,fast,1,run_fast,1,run_fast,0.98641037940979,0.011374346911907196,0.98641037940979,0.00028727613971568644,0.0013411997351795435,0.0005868052248843014
C:/Users/KUBA/GitProjects/WKIRO-Project/data/RC023/Session2/Overground_Run/Run_Fast/Post_Process/Run_Fast9.csv,2,RC023,Session2,overground,run,fast,1,run_fast,1,run_fast,0.8668929934501648,0.10679502785205841,0.8668929934501648,0.004600080661475658,0.018765348941087723,0.0029465272091329098
C:/Users/KUBA/GitProjects/WKIRO-Project/data/RC023/Session2/Overground_Walk/Walk_Comfortable/Post_Process/Walk_Comfortable6.csv,4,RC023,Session2,overground,walk,comfortable,2,walk_comfortable,3,walk_fast,0.9536852240562439,0.0004450107808224857,0.0010558725334703922,0.04203227907419205,0.9536852240562439,0.0027816297952085733
C:/Users/KUBA/GitProjects/WKIRO-Project/data/RC023/Session2/Overground_Walk/Walk_Comfortable/Post_Process/Walk_Comfortable7.csv,6,RC023,Session2,overground,walk,comfortable,2,walk_comfortable,4,walk_slow,0.3941190540790558,0.005191516131162643,0.007444407790899277,0.38614633679389954,0.20709866285324097,0.3941190540790558
C:/Users/KUBA/GitProjects/WKIRO-Project/data/RC023/Session2/Overground_Walk/Walk_Fast/Post_Process/Walk_Fast4.csv,4,RC023,Session2,overground,walk,fast,3,walk_fast,3,walk_fast,0.9895459413528442,0.0002854740887414664,0.0006839962443336844,0.008915890008211136,0.9895459413528442,0.0005686875665560365
C:/Users/KUBA/GitProjects/WKIRO-Project/data/RC023/Session2/Overground_Walk/Walk_Slow/Post_Process/Walk_Slow8.csv,9,RC023,Session2,overground,walk,slow,4,walk_slow,2,walk_comfortable,0.6072661280632019,0.00019680027617141604,0.0001420068001607433,0.6072661280632019,0.0026920244563370943,0.38970300555229187
C:/Users/KUBA/GitProjects/WKIRO-Project/data/RV028/Session1/Overground_Run/Run_Comfortable/Post_Process/Run_Comfortable2.csv,2,RV028,Session1,overground,run,comfortable,0,run_comfortable,0,run_comfortable,0.5446928143501282,0.5446928143501282,0.3906632959842682,0.020383788272738457,0.03665356710553169,0.007606587838381529
C:/Users/KUBA/GitProjects/WKIRO-Project/data/RV028/Session1/Overground_Run/Run_Comfortable/Post_Process/Run_Comfortable7.csv,2,RV028,Session1,overground,run,comfortable,0,run_comfortable,1,run_fast,0.5201948285102844,0.39051008224487305,0.5201948285102844,0.028386719524860382,0.048924416303634644,0.011984048411250114
C:/Users/KUBA/GitProjects/WKIRO-Project/data/RV028/Session1/Overground_Run/Run_Fast/Post_Process/Run_Fast9.csv,2,RV028,Session1,overground,run,fast,1,run_fast,1,run_fast,0.7693541049957275,0.15635627508163452,0.7693541049957275,0.025931406766176224,0.03936896473169327,0.008989280089735985
C:/Users/KUBA/GitProjects/WKIRO-Project/data/RV028/Session1/Overground_Walk/Walk_Comfortable/Post_Process/Walk_Comfortable2.csv,6,RV028,Session1,overground,walk,comfortable,2,walk_comfortable,2,walk_comfortable,0.6643970608711243,0.0017855310579761863,0.0006070982199162245,0.6643970608711243,0.30962854623794556,0.02358170412480831
C:/Users/KUBA/GitProjects/WKIRO-Project/data/RV028/Session1/Overground_Walk/Walk_Comfortable/Post_Process/Walk_Comfortable6.csv,6,RV028,Session1,overground,walk,comfortable,2,walk_comfortable,3,walk_fast,0.5101448893547058,0.0018086927011609077,0.0008520748815499246,0.46925994753837585,0.5101448893547058,0.017934469506144524
C:/Users/KUBA/GitProjects/WKIRO-Project/data/RV028/Session1/Overground_Walk/Walk_Comfortable/Post_Process/Walk_Comfortable9.csv,8,RV028,Session1,overground,walk,comfortable,2,walk_comfortable,2,walk_comfortable,0.4394645094871521,0.006443523336201906,0.008438264951109886,0.4394645094871521,0.24320420622825623,0.302449494600296
C:/Users/KUBA/GitProjects/WKIRO-Project/data/RV028/Session1/Overground_Walk/Walk_Fast/Post_Process/Walk_Fast2.csv,5,RV028,Session1,overground,walk,fast,3,walk_fast,3,walk_fast,0.9269647598266602,0.0005517476238310337,0.0007909193518571556,0.07013728469610214,0.9269647598266602,0.0015553163830190897
C:/Users/KUBA/GitProjects/WKIRO-Project/data/RV028/Session1/Overground_Walk/Walk_Slow/Post_Process/Walk_Slow6.csv,8,RV028,Session1,overground,walk,slow,4,walk_slow,2,walk_comfortable,0.790931761264801,0.004643189255148172,0.0011395285837352276,0.790931761264801,0.014972874894738197,0.18831263482570648
C:/Users/KUBA/GitProjects/WKIRO-Project/data/RV028/Session1/Treadmill_Run/Treadmill_Run_Comfortable/Post_Process/Treadmill_Run_Comfortable.csv,120,RV028,Session1,treadmill,run,comfortable,0,run_comfortable,0,run_comfortable,0.935303270816803,0.935303270816803,0.06228019669651985,0.0009823535801842809,0.0008413636242039502,0.0005929029430262744
C:/Users/KUBA/GitProjects/WKIRO-Project/data/RV028/Session2/Overground_Run/Run_Fast/Post_Process/Run_Fast1.csv,2,RV028,Session2,overground,run,fast,1,run_fast,1,run_fast,0.8339722156524658,0.11561925709247589,0.8339722156524658,0.0179506354033947,0.02762865088880062,0.0048291925340890884
C:/Users/KUBA/GitProjects/WKIRO-Project/data/RV028/Session2/Overground_Walk/Walk_Fast/Post_Process/Walk_Fast1.csv,5,RV028,Session2,overground,walk,fast,3,walk_fast,2,walk_comfortable,0.5837335586547852,0.002515248255804181,0.000825956289190799,0.5837335586547852,0.4027153551578522,0.01020982675254345
C:/Users/KUBA/GitProjects/WKIRO-Project/data/RV028/Session2/Overground_Walk/Walk_Fast/Post_Process/Walk_Fast3.csv,5,RV028,Session2,overground,walk,fast,3,walk_fast,2,walk_comfortable,0.4272608160972595,0.007669656537473202,0.011777669191360474,0.4272608160972595,0.3412055969238281,0.2120862454175949
C:/Users/KUBA/GitProjects/WKIRO-Project/data/RV028/Session2/Treadmill_Run/Treadmill_Run_Fast/Post_Process/Treadmill_Run_Fast.csv,120,RV028,Session2,treadmill,run,fast,1,run_fast,1,run_fast,0.9343387484550476,0.06311479955911636,0.9343387484550476,0.0005978818517178297,0.0011070831678807735,0.000841478758957237
C:/Users/KUBA/GitProjects/WKIRO-Project/data/RV028/Session2/Treadmill_Walk/Treadmill_Walk_Slow/Post_Process/Treadmill_Walk_Slow.csv,120,RV028,Session2,treadmill,walk,slow,4,walk_slow,4,walk_slow,0.6734954118728638,0.000869839801453054,0.0004577039508149028,0.3211970031261444,0.003980053123086691,0.6734954118728638
C:/Users/KUBA/GitProjects/WKIRO-Project/data/SA017/Session1/Overground_Run/Run_Comfortable/Post_Process/Run_Comfortable10.csv,3,SA017,Session1,overground,run,comfortable,0,run_comfortable,1,run_fast,0.5565012097358704,0.44234082102775574,0.5565012097358704,0.00035424562520347536,0.0005272371345199645,0.00027646671514958143
C:/Users/KUBA/GitProjects/WKIRO-Project/data/SA017/Session1/Overground_Run/Run_Fast/Post_Process/Run_Fast4.csv,2,SA017,Session1,overground,run,fast,1,run_fast,1,run_fast,0.9918539524078369,0.0072032553143799305,0.9918539524078369,9.075835987459868e-05,0.0005967561737634242,0.00025530325365252793
C:/Users/KUBA/GitProjects/WKIRO-Project/data/SA017/Session1/Overground_Run/Run_Fast/Post_Process/Run_Fast5.csv,2,SA017,Session1,overground,run,fast,1,run_fast,1,run_fast,0.7880672216415405,0.19611501693725586,0.7880672216415405,0.003271928522735834,0.010920949280261993,0.0016248412430286407
C:/Users/KUBA/GitProjects/WKIRO-Project/data/SA017/Session1/Overground_Run/Run_Fast/Post_Process/Run_Fast9.csv,2,SA017,Session1,overground,run,fast,1,run_fast,1,run_fast,0.7525044679641724,0.23089998960494995,0.7525044679641724,0.003917877562344074,0.01092167105525732,0.0017559531843289733
C:/Users/KUBA/GitProjects/WKIRO-Project/data/SA017/Session1/Overground_Walk/Walk_Comfortable/Post_Process/Walk_Comfortable8.csv,4,SA017,Session1,overground,walk,comfortable,2,walk_comfortable,3,walk_fast,0.6965929865837097,0.0004889892879873514,0.0009878490818664432,0.287661612033844,0.6965929865837097,0.014268513768911362
C:/Users/KUBA/GitProjects/WKIRO-Project/data/SA017/Session1/Overground_Walk/Walk_Fast/Post_Process/Walk_Fast5.csv,3,SA017,Session1,overground,walk,fast,3,walk_fast,3,walk_fast,0.48826900124549866,0.06300566345453262,0.02041712962090969,0.28331542015075684,0.48826900124549866,0.14499281346797943
C:/Users/KUBA/GitProjects/WKIRO-Project/data/SA017/Session2/Overground_Run/Run_Comfortable/Post_Process/Run_Comfortable3.csv,3,SA017,Session2,overground,run,comfortable,0,run_comfortable,1,run_fast,0.5219424366950989,0.47669634222984314,0.5219424366950989,0.0003930073289666325,0.000707401370164007,0.00026077142683789134
C:/Users/KUBA/GitProjects/WKIRO-Project/data/SA017/Session2/Overground_Run/Run_Comfortable/Post_Process/Run_Comfortable9.csv,3,SA017,Session2,overground,run,comfortable,0,run_comfortable,0,run_comfortable,0.6183555722236633,0.6183555722236633,0.3718487322330475,0.0022810937371104956,0.006270511541515589,0.0012440979480743408
C:/Users/KUBA/GitProjects/WKIRO-Project/data/SA017/Session2/Overground_Walk/Walk_Comfortable/Post_Process/Walk_Comfortable4.csv,3,SA017,Session2,overground,walk,comfortable,2,walk_comfortable,2,walk_comfortable,0.6646994948387146,0.00017365151143167168,0.0007457572501152754,0.6646994948387146,0.28531914949417114,0.04906195402145386
C:/Users/KUBA/GitProjects/WKIRO-Project/data/SA017/Session2/Overground_Walk/Walk_Fast/Post_Process/Walk_Fast8.csv,3,SA017,Session2,overground,walk,fast,3,walk_fast,3,walk_fast,0.9722883701324463,0.0002709232794586569,0.0010510211577638984,0.02490106225013733,0.9722883701324463,0.0014886107528582215
C:/Users/KUBA/GitProjects/WKIRO-Project/data/SA017/Session2/Overground_Walk/Walk_Slow/Post_Process/Walk_Slow4.csv,4,SA017,Session2,overground,walk,slow,4,walk_slow,2,walk_comfortable,0.8235874176025391,0.00022239203099161386,0.00020274764392524958,0.8235874176025391,0.005585017614066601,0.1704024374485016
C:/Users/KUBA/GitProjects/WKIRO-Project/data/SA017/Session2/Overground_Walk/Walk_Slow/Post_Process/Walk_Slow7.csv,6,SA017,Session2,overground,walk,slow,4,walk_slow,4,walk_slow,0.5223895907402039,0.004773910157382488,0.006147545296698809,0.3006879985332489,0.16600094735622406,0.5223895907402039
C:/Users/KUBA/GitProjects/WKIRO-Project/data/SA017/Session2/Treadmill_Walk/Treadmill_Walk_Fast/Post_Process/Treadmill_Walk_Fast.csv,120,SA017,Session2,treadmill,walk,fast,3,walk_fast,3,walk_fast,0.6837819218635559,0.001970733283087611,0.0066307308152318,0.27973276376724243,0.6837819218635559,0.027883771806955338
C:/Users/KUBA/GitProjects/WKIRO-Project/data/SM019/Session1/Overground_Run/Run_Comfortable/Post_Process/Run_Comfortable1.csv,4,SM019,Session1,overground,run,comfortable,0,run_comfortable,0,run_comfortable,0.7582997679710388,0.7582997679710388,0.2224733978509903,0.0035029288846999407,0.01254904642701149,0.0031748684123158455
C:/Users/KUBA/GitProjects/WKIRO-Project/data/SM019/Session1/Overground_Run/Run_Comfortable/Post_Process/Run_Comfortable2.csv,3,SM019,Session1,overground,run,comfortable,0,run_comfortable,0,run_comfortable,0.9957659840583801,0.9957659840583801,0.0037893587723374367,0.00018181325867772102,0.0001663106377236545,9.653018059907481e-05
C:/Users/KUBA/GitProjects/WKIRO-Project/data/SM019/Session1/Overground_Run/Run_Comfortable/Post_Process/Run_Comfortable7.csv,3,SM019,Session1,overground,run,comfortable,0,run_comfortable,0,run_comfortable,0.7922994494438171,0.7922994494438171,0.1898421198129654,0.003372135804966092,0.011643423698842525,0.002842861460521817
C:/Users/KUBA/GitProjects/WKIRO-Project/data/SM019/Session1/Overground_Run/Run_Fast/Post_Process/Run_Fast6.csv,2,SM019,Session1,overground,run,fast,1,run_fast,1,run_fast,0.986904501914978,0.011281555518507957,0.986904501914978,0.00041509585571475327,0.0007617336232215166,0.0006371628260239959
C:/Users/KUBA/GitProjects/WKIRO-Project/data/SM019/Session1/Overground_Walk/Walk_Comfortable/Post_Process/Walk_Comfortable3.csv,5,SM019,Session1,overground,walk,comfortable,2,walk_comfortable,3,walk_fast,0.3589401841163635,0.013187626376748085,0.01653152145445347,0.31873130798339844,0.3589401841163635,0.2926093637943268
C:/Users/KUBA/GitProjects/WKIRO-Project/data/SM019/Session1/Overground_Walk/Walk_Comfortable/Post_Process/Walk_Comfortable7.csv,6,SM019,Session1,overground,walk,comfortable,2,walk_comfortable,4,walk_slow,0.6625180840492249,0.002872452372685075,0.0036517127882689238,0.25371047854423523,0.07724722474813461,0.6625180840492249
C:/Users/KUBA/GitProjects/WKIRO-Project/data/SM019/Session1/Overground_Walk/Walk_Fast/Post_Process/Walk_Fast3.csv,3,SM019,Session1,overground,walk,fast,3,walk_fast,3,walk_fast,0.5036107897758484,0.028842518106102943,0.023180387914180756,0.30604252219200134,0.5036107897758484,0.13832373917102814
C:/Users/KUBA/GitProjects/WKIRO-Project/data/SM019/Session1/Overground_Walk/Walk_Fast/Post_Process/Walk_Fast4.csv,4,SM019,Session1,overground,walk,fast,3,walk_fast,3,walk_fast,0.9827581644058228,0.0020585244055837393,0.0020658543799072504,0.011382076889276505,0.9827581644058228,0.0017353061120957136
C:/Users/KUBA/GitProjects/WKIRO-Project/data/SM019/Session1/Overground_Walk/Walk_Slow/Post_Process/Walk_Slow5.csv,9,SM019,Session1,overground,walk,slow,4,walk_slow,4,walk_slow,0.699208676815033,0.0026806024834513664,0.003638769965618849,0.2302587777376175,0.06421315670013428,0.699208676815033
C:/Users/KUBA/GitProjects/WKIRO-Project/data/SM019/Session1/Overground_Walk/Walk_Slow/Post_Process/Walk_Slow8.csv,8,SM019,Session1,overground,walk,slow,4,walk_slow,4,walk_slow,0.9620645046234131,0.00010674995428416878,8.598993008490652e-05,0.03728778660297394,0.00045499869156628847,0.9620645046234131
C:/Users/KUBA/GitProjects/WKIRO-Project/data/SM019/Session1/Treadmill_Walk/Treadmill_Walk_Fast/Post_Process/Treadmill_Walk_Fast.csv,120,SM019,Session1,treadmill,walk,fast,3,walk_fast,3,walk_fast,0.9714328646659851,0.0022196571808308363,0.0009919385192915797,0.02329278737306595,0.9714328646659851,0.002062784042209387
C:/Users/KUBA/GitProjects/WKIRO-Project/data/SM019/Session2/Overground_Run/Run_Fast/Post_Process/Run_Fast6.csv,2,SM019,Session2,overground,run,fast,1,run_fast,1,run_fast,0.9905300140380859,0.008951185271143913,0.9905300140380859,8.718884782865644e-05,0.0003121366898994893,0.00011947325401706621
C:/Users/KUBA/GitProjects/WKIRO-Project/data/SM019/Session2/Overground_Walk/Walk_Comfortable/Post_Process/Walk_Comfortable8.csv,3,SM019,Session2,overground,walk,comfortable,2,walk_comfortable,2,walk_comfortable,0.8871740698814392,0.00032975609065033495,0.000574015430174768,0.8871740698814392,0.05594419315457344,0.055977966636419296
C:/Users/KUBA/GitProjects/WKIRO-Project/data/SM019/Session2/Treadmill_Run/Treadmill_Run_Fast/Post_Process/Treadmill_Run_Fast.csv,120,SM019,Session2,treadmill,run,fast,1,run_fast,0,run_comfortable,0.6214383244514465,0.6214383244514465,0.3761661648750305,0.0005036025540903211,0.0012546753278002143,0.0006371914059855044
C:/Users/KUBA/GitProjects/WKIRO-Project/data/SM019/Session2/Treadmill_Walk/Treadmill_Walk_Slow/Post_Process/Treadmill_Walk_Slow.csv,120,SM019,Session2,treadmill,walk,slow,4,walk_slow,2,walk_comfortable,0.7719892859458923,0.00023671292001381516,0.00021150811517145485,0.7719892859458923,0.0037464851047843695,0.22381597757339478
C:/Users/KUBA/GitProjects/WKIRO-Project/data/TB030/Session1/Overground_Run/Run_Comfortable/Post_Process/Run_Comfortable3.csv,4,TB030,Session1,overground,run,comfortable,0,run_comfortable,0,run_comfortable,0.894112229347229,0.894112229347229,0.07436671853065491,0.004823628813028336,0.022979944944381714,0.0037174855824559927
C:/Users/KUBA/GitProjects/WKIRO-Project/data/TB030/Session1/Overground_Run/Run_Fast/Post_Process/Run_Fast8.csv,3,TB030,Session1,overground,run,fast,1,run_fast,1,run_fast,0.8928337097167969,0.08425768464803696,0.8928337097167969,0.0044703311286866665,0.016077658161520958,0.0023606608156114817
C:/Users/KUBA/GitProjects/WKIRO-Project/data/TB030/Session1/Overground_Run/Run_Fast/Post_Process/Run_Fast9.csv,2,TB030,Session1,overground,run,fast,1,run_fast,1,run_fast,0.9231166839599609,0.056821126490831375,0.9231166839599609,0.0036125925835222006,0.014769425615668297,0.001680132350884378
C:/Users/KUBA/GitProjects/WKIRO-Project/data/TB030/Session1/Overground_Walk/Walk_Fast/Post_Process/Walk_Fast4.csv,4,TB030,Session1,overground,walk,fast,3,walk_fast,3,walk_fast,0.8726762533187866,0.000602280197199434,0.001211856259033084,0.11963026225566864,0.8726762533187866,0.005879339762032032
C:/Users/KUBA/GitProjects/WKIRO-Project/data/TB030/Session1/Treadmill_Walk/Treadmill_Walk_Comfortable/Post_Process/Treadmill_Walk_Comfortable.csv,119,TB030,Session1,treadmill,walk,comfortable,2,walk_comfortable,2,walk_comfortable,0.691295325756073,0.0005032538319937885,0.0009462099988013506,0.691295325756073,0.024630019441246986,0.2826252281665802
C:/Users/KUBA/GitProjects/WKIRO-Project/data/TB030/Session2/Overground_Run/Run_Comfortable/Post_Process/Run_Comfortable5.csv,3,TB030,Session2,overground,run,comfortable,0,run_comfortable,0,run_comfortable,0.8795563578605652,0.8795563578605652,0.06519827991724014,0.006855186074972153,0.044742804020643234,0.003647382138296962
C:/Users/KUBA/GitProjects/WKIRO-Project/data/TB030/Session2/Overground_Run/Run_Fast/Post_Process/Run_Fast1.csv,2,TB030,Session2,overground,run,fast,1,run_fast,1,run_fast,0.9877891540527344,0.009492428041994572,0.9877891540527344,0.00028068493702448905,0.0013757378328591585,0.0010619580280035734
C:/Users/KUBA/GitProjects/WKIRO-Project/data/TB030/Session2/Overground_Walk/Walk_Comfortable/Post_Process/Walk_Comfortable3.csv,7,TB030,Session2,overground,walk,comfortable,2,walk_comfortable,4,walk_slow,0.4519886076450348,0.0048498609103262424,0.006344164256006479,0.38638755679130554,0.1504298448562622,0.4519886076450348
C:/Users/KUBA/GitProjects/WKIRO-Project/data/TB030/Session2/Overground_Walk/Walk_Fast/Post_Process/Walk_Fast2.csv,5,TB030,Session2,overground,walk,fast,3,walk_fast,3,walk_fast,0.8503836393356323,0.0007461209897883236,0.0023707333020865917,0.14237309992313385,0.8503836393356323,0.004126283805817366
C:/Users/KUBA/GitProjects/WKIRO-Project/data/TB030/Session2/Overground_Walk/Walk_Slow/Post_Process/Walk_Slow4.csv,8,TB030,Session2,overground,walk,slow,4,walk_slow,2,walk_comfortable,0.8485398292541504,0.0003940686583518982,0.00037452654214575887,0.8485398292541504,0.007902730256319046,0.1427888572216034
C:/Users/KUBA/GitProjects/WKIRO-Project/data/TB030/Session2/Treadmill_Run/Treadmill_Run_Comfortable/Post_Process/Treadmill_Run_Comfortable.csv,120,TB030,Session2,treadmill,run,comfortable,0,run_comfortable,0,run_comfortable,0.5604681372642517,0.5604681372642517,0.32549646496772766,0.006365535780787468,0.10617979615926743,0.0014901149552315474
C:/Users/KUBA/GitProjects/WKIRO-Project/data/TB030/Session2/Treadmill_Walk/Treadmill_Walk_Slow/Post_Process/Treadmill_Walk_Slow.csv,120,TB030,Session2,treadmill,walk,slow,4,walk_slow,4,walk_slow,0.650662362575531,0.0003917262074537575,0.0006807330646552145,0.33983364701271057,0.00843158457428217,0.650662362575531
C:/Users/KUBA/GitProjects/WKIRO-Project/data/TK029/Session1/Overground_Run/Run_Comfortable/Post_Process/Run_Comfortable2.csv,4,TK029,Session1,overground,run,comfortable,0,run_comfortable,0,run_comfortable,0.8818786144256592,0.8818786144256592,0.10056689381599426,0.0032904967665672302,0.010759199038147926,0.0035047666169703007
C:/Users/KUBA/GitProjects/WKIRO-Project/data/TK029/Session1/Overground_Walk/Walk_Comfortable/Post_Process/Walk_Comfortable7.csv,8,TK029,Session1,overground,walk,comfortable,2,walk_comfortable,4,walk_slow,0.5850915908813477,0.005937605164945126,0.005512191914021969,0.2816884517669678,0.12177015841007233,0.5850915908813477
C:/Users/KUBA/GitProjects/WKIRO-Project/data/TK029/Session1/Overground_Walk/Walk_Fast/Post_Process/Walk_Fast1.csv,5,TK029,Session1,overground,walk,fast,3,walk_fast,4,walk_slow,0.4606093466281891,0.007888137362897396,0.007156847510486841,0.3460528254508972,0.17829284071922302,0.4606093466281891
C:/Users/KUBA/GitProjects/WKIRO-Project/data/TK029/Session1/Overground_Walk/Walk_Fast/Post_Process/Walk_Fast3.csv,6,TK029,Session1,overground,walk,fast,3,walk_fast,4,walk_slow,0.42257967591285706,0.010513863526284695,0.008091211318969727,0.3463681936264038,0.21244706213474274,0.42257967591285706
C:/Users/KUBA/GitProjects/WKIRO-Project/data/TK029/Session1/Overground_Walk/Walk_Slow/Post_Process/Walk_Slow5.csv,9,TK029,Session1,overground,walk,slow,4,walk_slow,4,walk_slow,0.6952104568481445,0.0030953693203628063,0.003742796368896961,0.22975873947143555,0.06819257140159607,0.6952104568481445
C:/Users/KUBA/GitProjects/WKIRO-Project/data/TK029/Session2/Overground_Run/Run_Comfortable/Post_Process/Run_Comfortable1.csv,3,TK029,Session2,overground,run,comfortable,0,run_comfortable,0,run_comfortable,0.8789500594139099,0.8789500594139099,0.10265094041824341,0.003279693191871047,0.011930239386856556,0.0031890757381916046
C:/Users/KUBA/GitProjects/WKIRO-Project/data/TK029/Session2/Overground_Run/Run_Comfortable/Post_Process/Run_Comfortable2.csv,3,TK029,Session2,overground,run,comfortable,0,run_comfortable,1,run_fast,0.9030022621154785,0.09535988420248032,0.9030022621154785,0.00024626715457998216,0.0010201669065281749,0.0003713754704222083
C:/Users/KUBA/GitProjects/WKIRO-Project/data/TK029/Session2/Overground_Run/Run_Fast/Post_Process/Run_Fast1.csv,3,TK029,Session2,overground,run,fast,1,run_fast,1,run_fast,0.5853509902954102,0.40131697058677673,0.5853509902954102,0.0026883173268288374,0.009339910931885242,0.0013038435718044639
C:/Users/KUBA/GitProjects/WKIRO-Project/data/TK029/Session2/Overground_Run/Run_Fast/Post_Process/Run_Fast5.csv,2,TK029,Session2,overground,run,fast,1,run_fast,1,run_fast,0.5045769214630127,0.4806213676929474,0.5045769214630127,0.0025726608000695705,0.010448122397065163,0.0017809427808970213
C:/Users/KUBA/GitProjects/WKIRO-Project/data/TK029/Session2/Overground_Run/Run_Fast/Post_Process/Run_Fast9.csv,3,TK029,Session2,overground,run,fast,1,run_fast,1,run_fast,0.5654899477958679,0.4195295572280884,0.5654899477958679,0.0029912430327385664,0.010514943860471249,0.0014743531355634332
C:/Users/KUBA/GitProjects/WKIRO-Project/data/TK029/Session2/Overground_Walk/Walk_Comfortable/Post_Process/Walk_Comfortable6.csv,5,TK029,Session2,overground,walk,comfortable,2,walk_comfortable,2,walk_comfortable,0.5196781754493713,0.0013408371014520526,0.0020868924912065268,0.5196781754493713,0.4451378881931305,0.031756263226270676
C:/Users/KUBA/GitProjects/WKIRO-Project/data/TK029/Session2/Overground_Walk/Walk_Comfortable/Post_Process/Walk_Comfortable7.csv,7,TK029,Session2,overground,walk,comfortable,2,walk_comfortable,4,walk_slow,0.6358518004417419,0.002832625526934862,0.0034559364430606365,0.2639293074607849,0.09393031150102615,0.6358518004417419
C:/Users/KUBA/GitProjects/WKIRO-Project/data/TK029/Session2/Overground_Walk/Walk_Slow/Post_Process/Walk_Slow2.csv,8,TK029,Session2,overground,walk,slow,4,walk_slow,4,walk_slow,0.7739545702934265,0.002965235151350498,0.002676153788343072,0.18701595067977905,0.033388055860996246,0.7739545702934265
C:/Users/KUBA/GitProjects/WKIRO-Project/data/TK029/Session2/Overground_Walk/Walk_Slow/Post_Process/Walk_Slow8.csv,7,TK029,Session2,overground,walk,slow,4,walk_slow,4,walk_slow,0.8219483494758606,0.0018927606288343668,0.0012294218176975846,0.15914495289325714,0.01578453741967678,0.8219483494758606
C:/Users/KUBA/GitProjects/WKIRO-Project/data/YX024/Session1/Overground_Run/Run_Comfortable/Post_Process/Run_Comfortable5.csv,3,YX024,Session1,overground,run,comfortable,0,run_comfortable,0,run_comfortable,0.9934514164924622,0.9934514164924622,0.005766115617007017,0.0004483575758058578,0.00018288854334969074,0.00015113194240257144
C:/Users/KUBA/GitProjects/WKIRO-Project/data/YX024/Session1/Overground_Run/Run_Fast/Post_Process/Run_Fast1.csv,2,YX024,Session1,overground,run,fast,1,run_fast,1,run_fast,0.8848046660423279,0.08499521017074585,0.8848046660423279,0.007385675795376301,0.01951669529080391,0.0032977666705846786
C:/Users/KUBA/GitProjects/WKIRO-Project/data/YX024/Session1/Overground_Run/Run_Fast/Post_Process/Run_Fast7.csv,2,YX024,Session1,overground,run,fast,1,run_fast,1,run_fast,0.9005277156829834,0.05745920538902283,0.9005277156829834,0.014974484220147133,0.023873887956142426,0.0031646592542529106
C:/Users/KUBA/GitProjects/WKIRO-Project/data/YX024/Session1/Overground_Walk/Walk_Slow/Post_Process/Walk_Slow6.csv,8,YX024,Session1,overground,walk,slow,4,walk_slow,2,walk_comfortable,0.7695825099945068,0.001635732245631516,0.003671117126941681,0.7695825099945068,0.0706401914358139,0.15447044372558594
C:/Users/KUBA/GitProjects/WKIRO-Project/data/YX024/Session1/Treadmill_Walk/Treadmill_Walk_Comfortable/Post_Process/Treadmill_Walk_Comfortable.csv,120,YX024,Session1,treadmill,walk,comfortable,2,walk_comfortable,2,walk_comfortable,0.5448743104934692,0.0006741976831108332,0.0011953557841479778,0.5448743104934692,0.014013097621500492,0.43924298882484436
C:/Users/KUBA/GitProjects/WKIRO-Project/data/YX024/Session2/Overground_Run/Run_Comfortable/Post_Process/Run_Comfortable5.csv,2,YX024,Session2,overground,run,comfortable,0,run_comfortable,0,run_comfortable,0.9967440366744995,0.9967440366744995,0.002541434019804001,0.00036656210431829095,0.00022857057047076523,0.00011938178795389831
C:/Users/KUBA/GitProjects/WKIRO-Project/data/YX024/Session2/Overground_Run/Run_Comfortable/Post_Process/Run_Comfortable8.csv,3,YX024,Session2,overground,run,comfortable,0,run_comfortable,0,run_comfortable,0.8305866122245789,0.8305866122245789,0.15047766268253326,0.004140888806432486,0.01003661472350359,0.004758281633257866
C:/Users/KUBA/GitProjects/WKIRO-Project/data/YX024/Session2/Overground_Run/Run_Fast/Post_Process/Run_Fast6.csv,2,YX024,Session2,overground,run,fast,1,run_fast,1,run_fast,0.8658103942871094,0.10901078581809998,0.8658103942871094,0.006354768760502338,0.01567208580672741,0.0031519662588834763
C:/Users/KUBA/GitProjects/WKIRO-Project/data/YX024/Session2/Overground_Walk/Walk_Comfortable/Post_Process/Walk_Comfortable1.csv,5,YX024,Session2,overground,walk,comfortable,2,walk_comfortable,2,walk_comfortable,0.6752551794052124,0.0011048589367419481,0.0013325780164450407,0.6752551794052124,0.29626184701919556,0.02604552172124386
C:/Users/KUBA/GitProjects/WKIRO-Project/data/YX024/Session2/Overground_Walk/Walk_Comfortable/Post_Process/Walk_Comfortable3.csv,5,YX024,Session2,overground,walk,comfortable,2,walk_comfortable,2,walk_comfortable,0.5076566338539124,0.0011482328409329057,0.0011647967621684074,0.5076566338539124,0.4678422510623932,0.02218814566731453
C:/Users/KUBA/GitProjects/WKIRO-Project/data/YX024/Session2/Overground_Walk/Walk_Fast/Post_Process/Walk_Fast1.csv,3,YX024,Session2,overground,walk,fast,3,walk_fast,3,walk_fast,0.5082271099090576,0.021698085591197014,0.02508682571351528,0.31400343775749207,0.5082271099090576,0.1309845894575119
C:/Users/KUBA/GitProjects/WKIRO-Project/data/YX024/Session2/Overground_Walk/Walk_Fast/Post_Process/Walk_Fast4.csv,4,YX024,Session2,overground,walk,fast,3,walk_fast,3,walk_fast,0.9767959117889404,0.0001975350023712963,0.0004980680532753468,0.022115852683782578,0.9767959117889404,0.00039266690146178007
C:/Users/KUBA/GitProjects/WKIRO-Project/data/YX024/Session2/Overground_Walk/Walk_Slow/Post_Process/Walk_Slow1.csv,10,YX024,Session2,overground,walk,slow,4,walk_slow,4,walk_slow,0.6669334173202515,0.0032333906274288893,0.004185521509498358,0.257007896900177,0.06863973289728165,0.6669334173202515
