source_path,n_windows,participant_id,session,environment,activity,condition,y_true,y_true_name,y_pred,y_pred_name,confidence,proba_run_comfortable,proba_run_fast,proba_walk_comfortable,proba_walk_fast,proba_walk_slow
C:/Users/KUBA/GitProjects/WKIRO-Project/data/AJ026/Session1/Overground_Run/Run_Comfortable/Post_Process/Run_Comfortable10.csv,2,AJ026,Session1,overground,run,comfortable,0,run_comfortable,0,run_comfortable,0.9991135001182556,0.9991135001182556,0.0006273259059526026,6.735815259162337e-05,0.00010104393732035533,9.077169670490548e-05
C:/Users/KUBA/GitProjects/WKIRO-Project/data/AJ026/Session1/Overground_Run/Run_Comfortable/Post_Process/Run_Comfortable8.csv,2,AJ026,Session1,overground,run,comfortable,0,run_comfortable,0,run_comfortable,0.9990915060043335,0.9990915060043335,0.0007078427588567138,4.925785106024705e-05,8.35997489048168e-05,6.77072093822062e-05
C:/Users/KUBA/GitProjects/WKIRO-Project/data/AJ026/Session1/Overground_Run/Run_Fast/Post_Process/Run_Fast3.csv,1,AJ026,Session1,overground,run,fast,1,run_fast,1,run_fast,0.9806668758392334,0.018324613571166992,0.9806668758392334,0.00014290065155364573,0.0006457071285694838,0.0002199508307967335
C:/Users/KUBA/GitProjects/WKIRO-Project/data/AJ026/Session1/Overground_Walk/Walk_Comfortable/Post_Process/Walk_Comfortable4.csv,5,AJ026,Session1,overground,walk,comfortable,2,walk_comfortable,2,walk_comfortable,0.8949421644210815,0.0002128455089405179,0.00030590841197408736,0.8949421644210815,0.0806555449962616,0.023883473128080368
C:/Users/KUBA/GitProjects/WKIRO-Project/data/AJ026/Session1/Overground_Walk/Walk_Fast/Post_Process/Walk_Fast6.csv,4,AJ026,Session1,overground,walk,fast,3,walk_fast,3,walk_fast,0.9939761161804199,0.00012523439363576472,0.00029111429466865957,0.00549854664131999,0.9939761161804199,0.00010901956557063386
C:/Users/KUBA/GitProjects/WKIRO-Project/data/AJ026/Session1/Overground_Walk/Walk_Slow/Post_Process/Walk_Slow1.csv,9,AJ026,Session1,overground,walk,slow,4,walk_slow,4,walk_slow,0.9732933044433594,0.0003547464730218053,0.00026186040486209095,0.02542644366621971,0.0006637313053943217,0.9732933044433594
C:/Users/KUBA/GitProjects/WKIRO-Project/data/AJ026/Session1/Overground_Walk/Walk_Slow/Post_Process/Walk_Slow6.csv,8,AJ026,Session1,overground,walk,slow,4,walk_slow,4,walk_slow,0.9952765703201294,0.0001094670660677366,3.6335160984890535e-05,0.004518591798841953,5.9071047871839255e-05,0.9952765703201294
C:/Users/KUBA/GitProjects/WKIRO-Project/data/AJ026/Session1/Overground_Walk/Walk_Slow/Post_Process/Walk_Slow8.csv,7,AJ026,Session1,overground,walk,slow,4,walk_slow,4,walk_slow,0.9976351857185364,9.320567914983258e-05,3.0545554182026535e-05,0.0022054424043744802,3.570114495232701e-05,0.9976351857185364
C:/Users/KUBA/GitProjects/WKIRO-Project/data/AJ026/Session2/Overground_Run/Run_Comfortable/Post_Process/Run_Comfortable3.csv,3,AJ026,Session2,overground,run,comfortable,0,run_comfortable,0,run_comfortable,0.8923487067222595,0.8923487067222595,0.09990688413381577,0.0008764580707065761,0.0057541499845683575,0.0011138346744701266
C:/Users/KUBA/GitProjects/WKIRO-Project/data/AJ026/Session2/Overground_Run/Run_Fast/Post_Process/Run_Fast2.csv,1,AJ026,Session2,overground,run,fast,1,run_fast,1,run_fast,0.9937706589698792,0.005780041683465242,0.9937706589698792,3.314465720904991e-05,0.00029785934020765126,0.00011829713184852153
C:/Users/KUBA/GitProjects/WKIRO-Project/data/AJ026/Session2/Overground_Run/Run_Fast/Post_Process/Run_Fast6.csv,1,AJ026,Session2,overground,run,fast,1,run_fast,1,run_fast,0.9962467551231384,0.003361742477864027,0.9962467551231384,2.5190020096488297e-05,0.00027713741292245686,8.908675226848572e-05
C:/Users/KUBA/GitProjects/WKIRO-Project/data/AJ026/Session2/Overground_Walk/Walk_Comfortable/Post_Process/Walk_Comfortable3.csv,5,AJ026,Session2,overground,walk,comfortable,2,walk_comfortable,2,walk_comfortable,0.7603864073753357,0.0015813002828508615,0.0020176200196146965,0.7603864073753357,0.20712749660015106,0.028887134045362473
C:/Users/KUBA/GitProjects/WKIRO-Project/data/AJ026/Session2/Overground_Walk/Walk_Fast/Post_Process/Walk_Fast6.csv,3,AJ026,Session2,overground,walk,fast,3,walk_fast,3,walk_fast,0.9957942366600037,8.548572077415884e-05,0.00019550514116417617,0.003847768297418952,0.9957942366600037,7.702517177676782e-05
C:/Users/KUBA/GitProjects/WKIRO-Project/data/BD004/Session1/Overground_Run/Run_Comfortable/Post_Process/Run_Comfortable2.csv,2,BD004,Session1,overground,run,comfortable,0,run_comfortable,0,run_comfortable,0.9991088509559631,0.9991088509559631,0.00072155223460868,3.962263508583419e-05,6.211559957591817e-05,6.790556653868407e-05
C:/Users/KUBA/GitProjects/WKIRO-Project/data/BD004/Session1/Overground_Run/Run_Fast/Post_Process/Run_Fast10.csv,1,BD004,Session1,overground,run,fast,1,run_fast,1,run_fast,0.9949719905853271,0.004739207215607166,0.9949719905853271,2.8251342882867903e-05,0.00017704878700897098,8.346109825652093e-05
C:/Users/KUBA/GitProjects/WKIRO-Project/data/BD004/Session1/Overground_Run/Run_Fast/Post_Process/Run_Fast9.csv,1,BD004,Session1,overground,run,fast,1,run_fast,1,run_fast,0.8951953649520874,0.1028161272406578,0.8951953649520874,0.00044445760431699455,0.0010377204744145274,0.0005063944263383746
C:/Users/KUBA/GitProjects/WKIRO-Project/data/BD004/Session1/Overground_Walk/Walk_Comfortable/Post_Process/Walk_Comfortable2.csv,4,BD004,Session1,overground,walk,comfortable,2,walk_comfortable,2,walk_comfortable,0.9795970320701599,3.0208200769266114e-05,4.376135620987043e-05,0.9795970320701599,0.002551953075453639,0.01777704805135727
C:/Users/KUBA/GitProjects/WKIRO-Project/data/BD004/Session1/Overground_Walk/Walk_Comfortable/Post_Process/Walk_Comfortable3.csv,5,BD004,Session1,overground,walk,comfortable,2,walk_comfortable,2,walk_comfortable,0.956028163433075,0.0002412239118712023,0.00027576895081438124,0.956028163433075,0.019193753600120544,0.024261072278022766
C:/Users/KUBA/GitProjects/WKIRO-Project/data/BD004/Session1/Overground_Walk/Walk_Fast/Post_Process/Walk_Fast6.csv,2,BD004,Session1,overground,walk,fast,3,walk_fast,3,walk_fast,0.9914527535438538,0.00015924818580970168,0.00040434696711599827,0.007729371078312397,0.9914527535438538,0.00025426363572478294
C:/Users/KUBA/GitProjects/WKIRO-Project/data/BD004/Session1/Overground_Walk/Walk_Slow/Post_Process/Walk_Slow6.csv,8,BD004,Session1,overground,walk,slow,4,walk_slow,4,walk_slow,0.9977748394012451,0.00010217113594990224,4.444929800229147e-05,0.0020394991151988506,3.8987207517493516e-05,0.9977748394012451
C:/Users/KUBA/GitProjects/WKIRO-Project/data/BD004/Session1/Treadmill_Run/Treadmill_Run_Comfortable/Post_Process/Treadmill_Run_Comfortable.csv,119,BD004,Session1,treadmill,run,comfortable,0,run_comfortable,0,run_comfortable,0.897914707660675,0.897914707660675,0.06758403033018112,0.0004186641308479011,0.03388893976807594,0.0001936325861606747
C:/Users/KUBA/GitProjects/WKIRO-Project/data/BD004/Session2/Overground_Run/Run_Comfortable/Post_Process/Run_Comfortable2.csv,2,BD004,Session2,overground,run,comfortable,0,run_comfortable,0,run_comfortable,0.9988013505935669,0.9988013505935669,0.0009572111302986741,5.967714241705835e-05,8.06719544925727e-05,0.00010111570009030402
C:/Users/KUBA/GitProjects/WKIRO-Project/data/BD004/Session2/Overground_Run/Run_Comfortable/Post_Process/Run_Comfortable6.csv,1,BD004,Session2,overground,run,comfortable,0,run_comfortable,0,run_comfortable,0.9989126920700073,0.9989126920700073,0.0009065928170457482,4.4165713916299865e-05,6.012072117300704e-05,7.642227865289897e-05
C:/Users/KUBA/GitProjects/WKIRO-Project/data/BD004/Session2/Overground_Run/Run_Fast/Post_Process/Run_Fast13.csv,2,BD004,Session2,overground,run,fast,1,run_fast,1,run_fast,0.9529417753219604,0.0452452078461647,0.9529417753219604,0.00040133693255484104,0.0010068381670862436,0.0004047873371746391
C:/Users/KUBA/GitProjects/WKIRO-Project/data/BD004/Session2/Overground_Run/Run_Fast/Post_Process/Run_Fast7.csv,2,BD004,Session2,overground,run,fast,1,run_fast,1,run_fast,0.9361133575439453,0.06135758385062218,0.9361133575439453,0.0006020421860739589,0.0014193098759278655,0.0005077037494629622
C:/Users/KUBA/GitProjects/WKIRO-Project/data/BD004/Session2/Overground_Run/Run_Fast/Post_Process/Run_Fast9.csv,2,BD004,Session2,overground,run,fast,1,run_fast,1,run_fast,0.8800394535064697,0.11663998663425446,0.8800394535064697,0.0009642571094445884,0.0017298255115747452,0.0006264963885769248
C:/Users/KUBA/GitProjects/WKIRO-Project/data/BD004/Session2/Overground_Walk/Walk_Fast/Post_Process/Walk_Fast3.csv,2,BD004,Session2,overground,walk,fast,3,walk_fast,3,walk_fast,0.9835824966430664,0.0003681523376144469,0.0009493769612163305,0.014843115583062172,0.9835824966430664,0.00025681406259536743
C:/Users/KUBA/GitProjects/WKIRO-Project/data/BD004/Session2/Overground_Walk/Walk_Fast/Post_Process/Walk_Fast5.csv,2,BD004,Session2,overground,walk,fast,3,walk_fast,3,walk_fast,0.9841294884681702,0.00036753894528374076,0.0009602891514077783,0.014302506111562252,0.9841294884681702,0.00024013189249671996
C:/Users/KUBA/GitProjects/WKIRO-Project/data/BD004/Session2/Overground_Walk/Walk_Slow/Post_Process/Walk_Slow3.csv,8,BD004,Session2,overground,walk,slow,4,walk_slow,4,walk_slow,0.9880766272544861,0.00016685579612385482,0.00010807967919390649,0.011369612067937851,0.00027883591246791184,0.9880766272544861
C:/Users/KUBA/GitProjects/WKIRO-Project/data/BL025/Session1/Overground_Run/Run_Fast/Post_Process/Run_Fast10.csv,1,BL025,Session1,overground,run,fast,1,run_fast,1,run_fast,0.9849135279655457,0.014119715429842472,0.9849135279655457,0.00014787416148465127,0.0005927652819082141,0.00022613172768615186
C:/Users/KUBA/GitProjects/WKIRO-Project/data/BL025/Session1/Overground_Walk/Walk_Comfortable/Post_Process/Walk_Comfortable6.csv,5,BL025,Session1,overground,walk,comfortable,2,walk_comfortable,2,walk_comfortable,0.9702536463737488,4.050182906212285e-05,7.722205191385001e-05,0.9702536463737488,0.006197103299200535,0.02343148924410343
C:/Users/KUBA/GitProjects/WKIRO-Project/data/BL025/Session1/Overground_Walk/Walk_Fast/Post_Process/Walk_Fast4.csv,4,BL025,Session1,overground,walk,fast,3,walk_fast,3,walk_fast,0.9942348003387451,9.491185483057052e-05,0.00023538703680969775,0.005351627711206675,0.9942348003387451,8.325333328684792e-05
C:/Users/KUBA/GitProjects/WKIRO-Project/data/BL025/Session1/Overground_Walk/Walk_Slow/Post_Process/Walk_Slow3.csv,10,BL025,Session1,overground,walk,slow,4,walk_slow,4,walk_slow,0.9141567349433899,0.00039018323877826333,0.0002832536993082613,0.08367297053337097,0.0014968335162848234,0.9141567349433899
C:/Users/KUBA/GitProjects/WKIRO-Project/data/BL025/Session1/Overground_Walk/Walk_Slow/Post_Process/Walk_Slow6.csv,7,BL025,Session1,overground,walk,slow,4,walk_slow,4,walk_slow,0.9518939852714539,0.0002484173164702952,0.0001108402429963462,0.047389205545186996,0.00035749044036492705,0.9518939852714539
C:/Users/KUBA/GitProjects/WKIRO-Project/data/BL025/Session1/Treadmill_Walk/Treadmill_Walk_Fast/Post_Process/Treadmill_Walk_Fast.csv,121,BL025,Session1,treadmill,walk,fast,3,walk_fast,3,walk_fast,0.6011828184127808,0.00028241565451025963,0.0006890586228109896,0.39307722449302673,0.6011828184127808,0.004768499173223972
C:/Users/KUBA/GitProjects/WKIRO-Project/data/BL025/Session2/Overground_Run/Run_Comfortable/Post_Process/Run_Comfortable2.csv,2,BL025,Session2,overground,run,comfortable,0,run_comfortable,1,run_fast,0.9925141334533691,0.007059432566165924,0.9925141334533691,3.7109832192072645e-05,0.00027504313038662076,0.00011426130367908627
C:/Users/KUBA/GitProjects/WKIRO-Project/data/BL025/Session2/Overground_Run/Run_Comfortable/Post_Process/Run_Comfortable4.csv,1,BL025,Session2,overground,run,comfortable,0,run_comfortable,1,run_fast,0.9977549910545349,0.002074574353173375,0.9977549910545349,7.94170773588121e-06,0.00013480453344527632,2.7695345124811865e-05
C:/Users/KUBA/GitProjects/WKIRO-Project/data/BL025/Session2/Overground_Run/Run_Comfortable/Post_Process/Run_Comfortable5.csv,1,BL025,Session2,overground,run,comfortable,0,run_comfortable,1,run_fast,0.9824526309967041,0.01652558706700802,0.9824526309967041,0.00016973265155684203,0.0006087775691412389,0.00024330965243279934
C:/Users/KUBA/GitProjects/WKIRO-Project/data/BL025/Session2/Overground_Walk/Walk_Comfortable/Post_Process/Walk_Comfortable6.csv,4,BL025,Session2,overground,walk,comfortable,2,walk_comfortable,2,walk_comfortable,0.9836427569389343,3.0649127438664436e-05,2.5359348001074977e-05,0.9836427569389343,0.003706317860633135,0.012594861909747124
C:/Users/KUBA/GitProjects/WKIRO-Project/data/BL025/Session2/Overground_Walk/Walk_Fast/Post_Process/Walk_Fast4.csv,2,BL025,Session2,overground,walk,fast,3,walk_fast,3,walk_fast,0.9956233501434326,9.715538180898875e-05,0.0002539962297305465,0.0039354413747787476,0.9956233501434326,8.995396638056263e-05
C:/Users/KUBA/GitProjects/WKIRO-Project/data/BL025/Session2/Overground_Walk/Walk_Slow/Post_Process/Walk_Slow1.csv,9,BL025,Session2,overground,walk,slow,4,walk_slow,4,walk_slow,0.9753005504608154,0.0002451908076182008,0.0001873850851552561,0.02369641326367855,0.0005704471841454506,0.9753005504608154
C:/Users/KUBA/GitProjects/WKIRO-Project/data/CF027/Session1/Overground_Run/Run_Comfortable/Post_Process/Run_Comfortable1.csv,3,CF027,Session1,overground,run,comfortable,0,run_comfortable,0,run_comfortable,0.9949690699577332,0.9949690699577332,0.004336852114647627,0.00015825506125111133,0.00030563923064619303,0.00023025699192658067
C:/Users/KUBA/GitProjects/WKIRO-Project/data/CF027/Session1/Overground_Run/Run_Comfortable/Post_Process/Run_Comfortable6.csv,3,CF027,Session1,overground,run,comfortable,0,run_comfortable,0,run_comfortable,0.9951214790344238,0.9951214790344238,0.004206594079732895,0.00015585793880745769,0.0002935547090601176,0.00022252299822866917
C:/Users/KUBA/GitProjects/WKIRO-Project/data/CF027/Session1/Overground_Walk/Walk_Fast/Post_Process/Walk_Fast4.csv,3,CF027,Session1,overground,walk,fast,3,walk_fast,3,walk_fast,0.9961350560188293,4.820046524400823e-05,0.00012094970588805154,0.003645285265520215,0.9961350560188293,5.0419341278029606e-05
C:/Users/KUBA/GitProjects/WKIRO-Project/data/CF027/Session1/Overground_Walk/Walk_Slow/Post_Process/Walk_Slow3.csv,9,CF027,Session1,overground,walk,slow,4,walk_slow,4,walk_slow,0.867812991142273,0.000425714417360723,0.00023595809761900455,0.13026781380176544,0.001257526339031756,0.867812991142273
C:/Users/KUBA/GitProjects/WKIRO-Project/data/CF027/Session1/Overground_Walk/Walk_Slow/Post_Process/Walk_Slow4.csv,6,CF027,Session1,overground,walk,slow,4,walk_slow,4,walk_slow,0.9955145716667175,0.0001091032536351122,3.32312956743408e-05,0.004284572321921587,5.85150410188362e-05,0.9955145716667175
C:/Users/KUBA/GitProjects/WKIRO-Project/data/CF027/Session1/Treadmill_Run/Treadmill_Run_Comfortable/Post_Process/Treadmill_Run_Comfortable.csv,119,CF027,Session1,treadmill,run,comfortable,0,run_comfortable,1,run_fast,0.8704993724822998,0.12884066998958588,0.8704993724822998,6.097320147091523e-05,0.0004079726350028068,0.00019104965031147003
C:/Users/KUBA/GitProjects/WKIRO-Project/data/CF027/Session2/Overground_Run/Run_Fast/Post_Process/Run_Fast6.csv,1,CF027,Session2,overground,run,fast,1,run_fast,1,run_fast,0.9964954257011414,0.003168246475979686,0.9964954257011414,2.9216969778644852e-05,0.00022977640037424862,7.739382999716327e-05
C:/Users/KUBA/GitProjects/WKIRO-Project/data/CF027/Session2/Overground_Run/Run_Fast/Post_Process/Run_Fast7.csv,1,CF027,Session2,overground,run,fast,1,run_fast,1,run_fast,0.8144868612289429,0.17771953344345093,0.8144868612289429,0.0008871681056916714,0.0055422005243599415,0.0013641887344419956
C:/Users/KUBA/GitProjects/WKIRO-Project/data/CF027/Session2/Overground_Walk/Walk_Comfortable/Post_Process/Walk_Comfortable4.csv,4,CF027,Session2,overground,walk,comfortable,2,walk_comfortable,2,walk_comfortable,0.9732241630554199,4.098120189155452e-05,3.12872180074919e-05,0.9732241630554199,0.019257763400673866,0.007445797324180603
C:/Users/KUBA/GitProjects/WKIRO-Project/data/CF027/Session2/Overground_Walk/Walk_Fast/Post_Process/Walk_Fast1.csv,4,CF027,Session2,overground,walk,fast,3,walk_fast,3,walk_fast,0.9746313095092773,0.0004991765599697828,0.0010816911235451698,0.02342970296740532,0.9746313095092773,0.00035809018299914896
C:/Users/KUBA/GitProjects/WKIRO-Project/data/CF027/Session2/Treadmill_Run/Treadmill_Run_Fast/Post_Process/Treadmill_Run_Fast.csv,119,CF027,Session2,treadmill,run,fast,1,run_fast,1,run_fast,0.9967499375343323,0.002945353277027607,0.9967499375343323,2.2207776055438444e-05,0.00020932774350512773,7.318608550122008e-05
C:/Users/KUBA/GitProjects/WKIRO-Project/data/CF027/Session2/Treadmill_Walk/Treadmill_Walk_Comfortable/Post_Process/Treadmill_Walk_Comfortable.csv,119,CF027,Session2,treadmill,walk,comfortable,2,walk_comfortable,2,walk_comfortable,0.9255090355873108,9.27720611798577e-05,2.374520045123063e-05,0.9255090355873108,0.0031205678824335337,0.07125385850667953
C:/Users/KUBA/GitProjects/WKIRO-Project/data/CF027/Session2/Treadmill_Walk/Treadmill_Walk_Fast/Post_Process/Treadmill_Walk_Fast.csv,119,CF027,Session2,treadmill,walk,fast,3,walk_fast,3,walk_fast,0.9928783774375916,6.93772453814745e-05,0.00011870382877532393,0.0068673002533614635,0.9928783774375916,6.627912807743996e-05
C:/Users/KUBA/GitProjects/WKIRO-Project/data/CL007/Session1/Overground_Run/Run_Comfortable/Post_Process/Run_Comfortable2.csv,2,CL007,Session1,overground,run,comfortable,0,run_comfortable,0,run_comfortable,0.9980640411376953,0.9980640411376953,0.0015372768975794315,0.00010622489207889885,0.0001353491679765284,0.0001570339227328077
C:/Users/KUBA/GitProjects/WKIRO-Project/data/CL007/Session1/Overground_Walk/Walk_Comfortable/Post_Process/Walk_Comfortable1.csv,5,CL007,Session1,overground,walk,comfortable,2,walk_comfortable,3,walk_fast,0.8479196429252625,0.0010228533064946532,0.002329426584765315,0.14513060450553894,0.8479196429252625,0.003597476752474904
C:/Users/KUBA/GitProjects/WKIRO-Project/data/CL007/Session1/Overground_Walk/Walk_Fast/Post_Process/Walk_Fast10.csv,3,CL007,Session1,overground,walk,fast,3,walk_fast,3,walk_fast,0.8828261494636536,0.00034059700556099415,0.0004908027476631105,0.11456289142370224,0.8828261494636536,0.0017795372987166047
C:/Users/KUBA/GitProjects/WKIRO-Project/data/CL007/Session1/Overground_Walk/Walk_Fast/Post_Process/Walk_Fast3.csv,2,CL007,Session1,overground,walk,fast,3,walk_fast,3,walk_fast,0.8796770572662354,0.000747865648008883,0.0016092599835246801,0.11562205851078033,0.8796770572662354,0.0023437710478901863
C:/Users/KUBA/GitProjects/WKIRO-Project/data/CL007/Session1/Overground_Walk/Walk_Fast/Post_Process/Walk_Fast4.csv,3,CL007,Session1,overground,walk,fast,3,walk_fast,3,walk_fast,0.9853816032409668,0.00013726517499890178,0.00028402855969034135,0.01392314676195383,0.9853816032409668,0.0002739596529863775
C:/Users/KUBA/GitProjects/WKIRO-Project/data/CL007/Session1/Overground_Walk/Walk_Slow/Post_Process/Walk_Slow6.csv,6,CL007,Session1,overground,walk,slow,4,walk_slow,4,walk_slow,0.621901273727417,0.16164907813072205,0.0031626669224351645,0.21123220026493073,0.0020547620952129364,0.621901273727417
C:/Users/KUBA/GitProjects/WKIRO-Project/data/CL007/Session1/Overground_Walk/Walk_Slow/Post_Process/Walk_Slow8.csv,6,CL007,Session1,overground,walk,slow,4,walk_slow,4,walk_slow,0.9948856234550476,0.0001545349514344707,6.884142203489318e-05,0.004807065706700087,8.395600161748007e-05,0.9948856234550476
C:/Users/KUBA/GitProjects/WKIRO-Project/data/CL007/Session1/Treadmill_Walk/Treadmill_Walk_Comfortable/Post_Process/Treadmill_Walk_Comfortable.csv,119,CL007,Session1,treadmill,walk,comfortable,2,walk_comfortable,4,walk_slow,0.7949768304824829,0.00016214919742196798,9.56487056100741e-05,0.20399346947669983,0.0007718738634139299,0.7949768304824829
C:/Users/KUBA/GitProjects/WKIRO-Project/data/CL007/Session2/Overground_Run/Run_Comfortable/Post_Process/Run_Comfortable5.csv,1,CL007,Session2,overground,run,comfortable,0,run_comfortable,0,run_comfortable,0.9851502776145935,0.9851502776145935,0.01345420628786087,0.00036094803363084793,0.0005128037882968783,0.0005218401202000678
C:/Users/KUBA/GitProjects/WKIRO-Project/data/CL007/Session2/Overground_Run/Run_Comfortable/Post_Process/Run_Comfortable8.csv,2,CL007,Session2,overground,run,comfortable,0,run_comfortable,0,run_comfortable,0.9990488290786743,0.9990488290786743,0.0006966123473830521,6.790901534259319e-05,0.00010360566375311464,8.308395626954734e-05
C:/Users/KUBA/GitProjects/WKIRO-Project/data/CL007/Session2/Overground_Run/Run_Fast/Post_Process/Run_Fast13.csv,1,CL007,Session2,overground,run,fast,1,run_fast,1,run_fast,0.980649471282959,0.018167857080698013,0.980649471282959,0.00018148402159567922,0.0006991086411289871,0.0003021045122295618
C:/Users/KUBA/GitProjects/WKIRO-Project/data/CL007/Session2/Overground_Run/Run_Fast/Post_Process/Run_Fast14.csv,1,CL007,Session2,overground,run,fast,1,run_fast,1,run_fast,0.9970338344573975,0.0026170213241130114,0.9970338344573975,2.387255517533049e-05,0.00025343819288536906,7.181493856478482e-05
C:/Users/KUBA/GitProjects/WKIRO-Project/data/CL007/Session2/Overground_Run/Run_Fast/Post_Process/Run_Fast9.csv,1,CL007,Session2,overground,run,fast,1,run_fast,1,run_fast,0.964219331741333,0.03451378643512726,0.964219331741333,0.00023110506299417466,0.0006741855759173632,0.000361618964234367
C:/Users/KUBA/GitProjects/WKIRO-Project/data/CL007/Session2/Overground_Walk/Walk_Slow/Post_Process/Walk_Slow2.csv,3,CL007,Session2,overground,walk,slow,4,walk_slow,4,walk_slow,0.6062362194061279,0.0004598906962200999,0.0003174199955537915,0.3912979066371918,0.0016885865479707718,0.6062362194061279
C:/Users/KUBA/GitProjects/WKIRO-Project/data/DA013/Session1/Overground_Run/Run_Comfortable/Post_Process/Run_Comfortable3.csv,2,DA013,Session1,overground,run,comfortable,0,run_comfortable,0,run_comfortable,0.9991242289543152,0.9991242289543152,0.0007448316318914294,2.983935883094091e-05,4.5363212848315015e-05,5.570191569859162e-05
C:/Users/KUBA/GitProjects/WKIRO-Project/data/DA013/Session1/Overground_Run/Run_Comfortable/Post_Process/Run_Comfortable7.csv,2,DA013,Session1,overground,run,comfortable,0,run_comfortable,0,run_comfortable,0.9889531135559082,0.9889531135559082,0.008487923070788383,0.0003102681948803365,0.0018019359558820724,0.00044682453153654933
C:/Users/KUBA/GitProjects/WKIRO-Project/data/DA013/Session1/Overground_Walk/Walk_Comfortable/Post_Process/Walk_Comfortable3.csv,4,DA013,Session1,overground,walk,comfortable,2,walk_comfortable,2,walk_comfortable,0.8858182430267334,0.000598819344304502,0.0006367018213495612,0.8858182430267334,0.06630955636501312,0.046636760234832764
C:/Users/KUBA/GitProjects/WKIRO-Project/data/DA013/Session1/Overground_Walk/Walk_Comfortable/Post_Process/Walk_Comfortable4.csv,7,DA013,Session1,overground,walk,comfortable,2,walk_comfortable,2,walk_comfortable,0.9868614077568054,2.2793241441831924e-05,1.5059272300277371e-05,0.9868614077568054,0.005321639124304056,0.007779069244861603
C:/Users/KUBA/GitProjects/WKIRO-Project/data/DA013/Session1/Overground_Walk/Walk_Fast/Post_Process/Walk_Fast2.csv,3,DA013,Session1,overground,walk,fast,3,walk_fast,3,walk_fast,0.9958884716033936,4.037885446450673e-05,0.0001605179422767833,0.003849717555567622,0.9958884716033936,6.094195123296231e-05
C:/Users/KUBA/GitProjects/WKIRO-Project/data/DA013/Session1/Overground_Walk/Walk_Slow/Post_Process/Walk_Slow7.csv,8,DA013,Session1,overground,walk,slow,4,walk_slow,4,walk_slow,0.9713134765625,0.0002612228272482753,0.0001442465727450326,0.027800779789686203,0.0004803266783710569,0.9713134765625
C:/Users/KUBA/GitProjects/WKIRO-Project/data/DA013/Session1/Treadmill_Walk/Treadmill_Walk_Slow/Post_Process/Treadmill_Walk_Slow.csv,119,DA013,Session1,treadmill,walk,slow,4,walk_slow,4,walk_slow,0.945896327495575,0.00015476277621928602,5.5225053074536845e-05,0.05361849069595337,0.00027530555962584913,0.945896327495575
C:/Users/KUBA/GitProjects/WKIRO-Project/data/DA013/Session2/Overground_Run/Run_Comfortable/Post_Process/Run_Comfortable6.csv,2,DA013,Session2,overground,run,comfortable,0,run_comfortable,0,run_comfortable,0.99895179271698,0.99895179271698,0.0008533272775821388,5.292773130349815e-05,7.01967510394752e-05,7.176170765887946e-05
C:/Users/KUBA/GitProjects/WKIRO-Project/data/DA013/Session2/Overground_Run/Run_Fast/Post_Process/Run_Fast10.csv,1,DA013,Session2,overground,run,fast,1,run_fast,1,run_fast,0.9970269799232483,0.002690150635316968,0.9970269799232483,2.217262954218313e-05,0.0001677965046837926,9.291912283515558e-05
C:/Users/KUBA/GitProjects/WKIRO-Project/data/DA013/Session2/Overground_Run/Run_Fast/Post_Process/Run_Fast7.csv,1,DA013,Session2,overground,run,fast,1,run_fast,1,run_fast,0.9775909185409546,0.021280501037836075,0.9775909185409546,0.0001924646203406155,0.0007407707744278014,0.00019543827511370182
C:/Users/KUBA/GitProjects/WKIRO-Project/data/DA013/Session2/Overground_Run/Run_Fast/Post_Process/Run_Fast9.csv,1,DA013,Session2,overground,run,fast,1,run_fast,1,run_fast,0.9789436459541321,0.020091859623789787,0.9789436459541321,0.00014568434562534094,0.0006352884229272604,0.0001835739822126925
C:/Users/KUBA/GitProjects/WKIRO-Project/data/DA013/Session2/Overground_Walk/Walk_Comfortable/Post_Process/Walk_Comfortable8.csv,3,DA013,Session2,overground,walk,comfortable,2,walk_comfortable,2,walk_comfortable,0.9899820685386658,1.435930153093068e-05,1.7380991266691126e-05,0.9899820685386658,0.0025188929866999388,0.00746729364618659
C:/Users/KUBA/GitProjects/WKIRO-Project/data/DA013/Session2/Overground_Walk/Walk_Slow/Post_Process/Walk_Slow1.csv,6,DA013,Session2,overground,walk,slow,4,walk_slow,4,walk_slow,0.7861179709434509,0.00040534103754907846,0.000244562717853114,0.21135331690311432,0.0018788640154525638,0.7861179709434509
C:/Users/KUBA/GitProjects/WKIRO-Project/data/DA013/Session2/Treadmill_Walk/Treadmill_Walk_Fast/Post_Process/Treadmill_Walk_Fast.csv,119,DA013,Session2,treadmill,walk,fast,3,walk_fast,3,walk_fast,0.9097276926040649,0.00014737473975401372,0.00027912366203963757,0.08887866139411926,0.9097276926040649,0.0009671226143836975
C:/Users/KUBA/GitProjects/WKIRO-Project/data/DC005/Session1/Overground_Run/Run_Comfortable/Post_Process/Run_Comfortable10.csv,1,DC005,Session1,overground,run,comfortable,0,run_comfortable,1,run_fast,0.9885780811309814,0.011014226824045181,0.9885780811309814,3.231457594665699e-05,0.00024870820925571024,0.00012674335448537022
C:/Users/KUBA/GitProjects/WKIRO-Project/data/DC005/Session1/Overground_Run/Run_Comfortable/Post_Process/Run_Comfortable8.csv,1,DC005,Session1,overground,run,comfortable,0,run_comfortable,0,run_comfortable,0.9617326259613037,0.9617326259613037,0.03747396543622017,0.00014551269123330712,0.00019693987269420177,0.0004510647850111127
C:/Users/KUBA/GitProjects/WKIRO-Project/data/DC005/Session1/Overground_Run/Run_Fast/Post_Process/Run_Fast15.csv,1,DC005,Session1,overground,run,fast,1,run_fast,1,run_fast,0.9437267780303955,0.05418875813484192,0.9437267780303955,0.0004135220660828054,0.0013117638882249594,0.00035918960929848254
C:/Users/KUBA/GitProjects/WKIRO-Project/data/DC005/Session1/Overground_Walk/Walk_Comfortable/Post_Process/Walk_Comfortable2.csv,2,DC005,Session1,overground,walk,comfortable,2,walk_comfortable,2,walk_comfortable,0.9280397891998291,5.865400089533068e-05,3.568766260286793e-05,0.9280397891998291,0.002860455075278878,0.0690053403377533
C:/Users/KUBA/GitProjects/WKIRO-Project/data/DC005/Session1/Overground_Walk/Walk_Fast/Post_Process/Walk_Fast10.csv,2,DC005,Session1,overground,walk,fast,3,walk_fast,3,walk_fast,0.995238721370697,5.913140194024891e-05,0.0001346276403637603,0.004487369209527969,0.995238721370697,8.018322114367038e-05
C:/Users/KUBA/GitProjects/WKIRO-Project/data/DC005/Session1/Overground_Walk/Walk_Fast/Post_Process/Walk_Fast8.csv,3,DC005,Session1,overground,walk,fast,3,walk_fast,3,walk_fast,0.9839127063751221,8.249570237239823e-05,0.00027763753314502537,0.015486461110413074,0.9839127063751221,0.00024067610502243042
C:/Users/KUBA/GitProjects/WKIRO-Project/data/DC005/Session1/Overground_Walk/Walk_Slow/Post_Process/Walk_Slow7.csv,6,DC005,Session1,overground,walk,slow,4,walk_slow,4,walk_slow,0.9405312538146973,0.0003677466884255409,0.00020982424030080438,0.058005545288324356,0.000885563378687948,0.9405312538146973
C:/Users/KUBA/GitProjects/WKIRO-Project/data/DC005/Session2/Overground_Run/Run_Comfortable/Post_Process/Run_Comfortable13.csv,2,DC005,Session2,overground,run,comfortable,0,run_comfortable,0,run_comfortable,0.9918081760406494,0.9918081760406494,0.007156413048505783,0.00018530405941419303,0.0005332034779712558,0.000316838501021266
C:/Users/KUBA/GitProjects/WKIRO-Project/data/DC005/Session2/Overground_Run/Run_Comfortable/Post_Process/Run_Comfortable5.csv,2,DC005,Session2,overground,run,comfortable,0,run_comfortable,0,run_comfortable,0.9905821084976196,0.9905821084976196,0.00839163362979889,0.00017918358207680285,0.0005117421969771385,0.00033533311216160655
C:/Users/KUBA/GitProjects/WKIRO-Project/data/DC005/Session2/Overground_Run/Run_Fast/Post_Process/Run_Fast15.csv,1,DC005,Session2,overground,run,fast,1,run_fast,1,run_fast,0.9839462041854858,0.015193240717053413,0.9839462041854858,0.00011040637764381245,0.0006075809942558408,0.00014250374806579202
C:/Users/KUBA/GitProjects/WKIRO-Project/data/DC005/Session2/Overground_Run/Run_Fast/Post_Process/Run_Fast16.csv,1,DC005,Session2,overground,run,fast,1,run_fast,1,run_fast,0.992755115032196,0.0064543974585831165,0.992755115032196,0.00010449833644088358,0.0004279253480490297,0.000258068204857409
C:/Users/KUBA/GitProjects/WKIRO-Project/data/DC005/Session2/Overground_Run/Run_Fast/Post_Process/Run_Fast5.csv,1,DC005,Session2,overground,run,fast,1,run_fast,1,run_fast,0.977121889591217,0.0217578187584877,0.977121889591217,0.00016584225522819906,0.0007591127650812268,0.00019535324827302247
C:/Users/KUBA/GitProjects/WKIRO-Project/data/DC005/Session2/Overground_Walk/Walk_Comfortable/Post_Process/Walk_Comfortable3.csv,6,DC005,Session2,overground,walk,comfortable,2,walk_comfortable,2,walk_comfortable,0.8068609833717346,0.00043089609243907034,0.00035664302413351834,0.8068609833717346,0.016554076224565506,0.17579734325408936
C:/Users/KUBA/GitProjects/WKIRO-Project/data/DC005/Session2/Overground_Walk/Walk_Fast/Post_Process/Walk_Fast7.csv,7,DC005,Session2,overground,walk,fast,3,walk_fast,3,walk_fast,0.7910676002502441,0.0007316619739867747,0.0013267851900309324,0.20410886406898499,0.7910676002502441,0.0027650336269289255
C:/Users/KUBA/GitProjects/WKIRO-Project/data/DC005/Session2/Treadmill_Run/Treadmill_Run_Fast/Post_Process/Treadmill_Run_Fast.csv,119,DC005,Session2,treadmill,run,fast,1,run_fast,1,run_fast,0.9064876437187195,0.09274588525295258,0.9064876437187195,0.00012253623572178185,0.0004048898699693382,0.0002390426816418767
C:/Users/KUBA/GitProjects/WKIRO-Project/data/DC005/Session2/Treadmill_Walk/Treadmill_Walk_Slow/Post_Process/Treadmill_Walk_Slow.csv,119,DC005,Session2,treadmill,walk,slow,4,walk_slow,4,walk_slow,0.984856128692627,0.0001323557080468163,4.964521576766856e-05,0.014863728545606136,9.82117562671192e-05,0.984856128692627
C:/Users/KUBA/GitProjects/WKIRO-Project/data/GF022/Session1/Overground_Run/Run_Comfortable/Post_Process/Run_Comfortable4.csv,2,GF022,Session1,overground,run,comfortable,0,run_comfortable,0,run_comfortable,0.9418302178382874,0.9418302178382874,0.05623346567153931,0.0006101776962168515,0.0005470854230225086,0.0007790238014422357
C:/Users/KUBA/GitProjects/WKIRO-Project/data/GF022/Session1/Overground_Run/Run_Fast/Post_Process/Run_Fast3.csv,2,GF022,Session1,overground,run,fast,1,run_fast,1,run_fast,0.9792060852050781,0.019505435600876808,0.9792060852050781,0.0002475196379236877,0.00067825464066118,0.00036273160367272794
C:/Users/KUBA/GitProjects/WKIRO-Project/data/GF022/Session1/Overground_Walk/Walk_Comfortable/Post_Process/Walk_Comfortable4.csv,5,GF022,Session1,overground,walk,comfortable,2,walk_comfortable,2,walk_comfortable,0.7291112542152405,0.00026675942353904247,0.0007680932758376002,0.7291112542152405,0.22778275609016418,0.04207112267613411
C:/Users/KUBA/GitProjects/WKIRO-Project/data/GF022/Session1/Overground_Walk/Walk_Fast/Post_Process/Walk_Fast3.csv,4,GF022,Session1,overground,walk,fast,3,walk_fast,3,walk_fast,0.9788484573364258,0.0006347930757328868,0.0016585557023063302,0.018486564978957176,0.9788484573364258,0.0003716321079991758
C:/Users/KUBA/GitProjects/WKIRO-Project/data/GF022/Session1/Overground_Walk/Walk_Fast/Post_Process/Walk_Fast6.csv,4,GF022,Session1,overground,walk,fast,3,walk_fast,3,walk_fast,0.9950709342956543,9.73445494309999e-05,0.00019832263933494687,0.004528992809355259,0.9950709342956543,0.00010442206257721409
C:/Users/KUBA/GitProjects/WKIRO-Project/data/GF022/Session1/Overground_Walk/Walk_Fast/Post_Process/Walk_Fast8.csv,4,GF022,Session1,overground,walk,fast,3,walk_fast,3,walk_fast,0.9927800893783569,0.0001355073181912303,0.0001984461850952357,0.006752794608473778,0.9927800893783569,0.00013306645269040018
C:/Users/KUBA/GitProjects/WKIRO-Project/data/GF022/Session1/Treadmill_Walk/Treadmill_Walk_Comfortable/Post_Process/Treadmill_Walk_Comfortable.csv,119,GF022,Session1,treadmill,walk,comfortable,2,walk_comfortable,2,walk_comfortable,0.8609380722045898,8.075991354417056e-05,0.00022882921621203423,0.8609380722045898,0.12291254848241806,0.015839729458093643
C:/Users/KUBA/GitProjects/WKIRO-Project/data/GF022/Session2/Overground_Run/Run_Comfortable/Post_Process/Run_Comfortable5.csv,2,GF022,Session2,overground,run,comfortable,0,run_comfortable,0,run_comfortable,0.942000687122345,0.942000687122345,0.056159257888793945,0.0005136714316904545,0.0005526310415007174,0.0007737685227766633
C:/Users/KUBA/GitProjects/WKIRO-Project/data/GF022/Session2/Overground_Run/Run_Comfortable/Post_Process/Run_Comfortable8.csv,2,GF022,Session2,overground,run,comfortable,0,run_comfortable,0,run_comfortable,0.7824442386627197,0.7824442386627197,0.21475297212600708,0.0009158842149190605,0.0008275456493720412,0.0010593216866254807
C:/Users/KUBA/GitProjects/WKIRO-Project/data/GF022/Session2/Overground_Run/Run_Fast/Post_Process/Run_Fast3.csv,1,GF022,Session2,overground,run,fast,1,run_fast,1,run_fast,0.9772582650184631,0.021309494972229004,0.9772582650184631,0.00028349075000733137,0.0007293944945558906,0.0004193471686448902
C:/Users/KUBA/GitProjects/WKIRO-Project/data/GF022/Session2/Overground_Run/Run_Fast/Post_Process/Run_Fast4.csv,1,GF022,Session2,overground,run,fast,1,run_fast,1,run_fast,0.9975273013114929,0.0022592064924538136,0.9975273013114929,1.3260275409265887e-05,0.00014752706920262426,5.2630795835284516e-05
C:/Users/KUBA/GitProjects/WKIRO-Project/data/GF022/Session2/Overground_Walk/Walk_Comfortable/Post_Process/Walk_Comfortable4.csv,5,GF022,Session2,overground,walk,comfortable,2,walk_comfortable,2,walk_comfortable,0.8909160494804382,0.0003086515062022954,0.00026453210739418864,0.8909160494804382,0.08580721914768219,0.02270360477268696
C:/Users/KUBA/GitProjects/WKIRO-Project/data/GF022/Session2/Overground_Walk/Walk_Slow/Post_Process/Walk_Slow6.csv,7,GF022,Session2,overground,walk,slow,4,walk_slow,4,walk_slow,0.9352163672447205,0.0002658818266354501,0.00013546031550504267,0.06384788453578949,0.0005344384117051959,0.9352163672447205
C:/Users/KUBA/GitProjects/WKIRO-Project/data/GF022/Session2/Treadmill_Walk/Treadmill_Walk_Slow/Post_Process/Treadmill_Walk_Slow.csv,119,GF022,Session2,treadmill,walk,slow,4,walk_slow,4,walk_slow,0.9853841066360474,0.00012809576583094895,5.460624743136577e-05,0.014298143796622753,0.00013497614418156445,0.9853841066360474
C:/Users/KUBA/GitProjects/WKIRO-Project/data/GM001/Session1/Overground_Run/Run_Comfortable/Post_Process/Run_Comfortable2.csv,2,GM001,Session1,overground,run,comfortable,0,run_comfortable,0,run_comfortable,0.9990167617797852,0.9990167617797852,0.0008558800909668207,2.721542477956973e-05,5.4822652600705624e-05,4.5275424781721085e-05
C:/Users/KUBA/GitProjects/WKIRO-Project/data/GM001/Session1/Overground_Run/Run_Comfortable/Post_Process/Run_Comfortable8.csv,1,GM001,Session1,overground,run,comfortable,0,run_comfortable,1,run_fast,0.9954912066459656,0.004167634062469006,0.9954912066459656,2.627444700920023e-05,0.00022904669458512217,8.592003723606467e-05
C:/Users/KUBA/GitProjects/WKIRO-Project/data/GM001/Session1/Overground_Walk/Walk_Comfortable/Post_Process/Walk_Comfortable2.csv,4,GM001,Session1,overground,walk,comfortable,2,walk_comfortable,3,walk_fast,0.5072891116142273,0.00020295666763558984,0.00040986304520629346,0.4872504770755768,0.5072891116142273,0.004847620613873005
C:/Users/KUBA/GitProjects/WKIRO-Project/data/GM001/Session1/Overground_Walk/Walk_Fast/Post_Process/Walk_Fast7.csv,2,GM001,Session1,overground,walk,fast,3,walk_fast,3,walk_fast,0.9863879680633545,0.00033906035241670907,0.0009593927534297109,0.012110473588109016,0.9863879680633545,0.0002031053591053933
C:/Users/KUBA/GitProjects/WKIRO-Project/data/GM001/Session1/Overground_Walk/Walk_Slow/Post_Process/Walk_Slow5.csv,9,GM001,Session1,overground,walk,slow,4,walk_slow,4,walk_slow,0.988635778427124,0.00016019499162212014,9.949078230420128e-05,0.010847296565771103,0.0002573056844994426,0.988635778427124
C:/Users/KUBA/GitProjects/WKIRO-Project/data/GM001/Session1/Overground_Walk/Walk_Slow/Post_Process/Walk_Slow6.csv,7,GM001,Session1,overground,walk,slow,4,walk_slow,4,walk_slow,0.9975264668464661,0.00011382893717382103,5.3927920816931874e-05,0.0022593457251787186,4.645289300242439e-05,0.9975264668464661
C:/Users/KUBA/GitProjects/WKIRO-Project/data/GM001/Session2/Overground_Run/Run_Comfortable/Post_Process/Run_Comfortable5.csv,3,GM001,Session2,overground,run,comfortable,0,run_comfortable,0,run_comfortable,0.9475173950195312,0.9475173950195312,0.05082392692565918,0.0002942856808658689,0.000890687108039856,0.00047376580187119544
C:/Users/KUBA/GitProjects/WKIRO-Project/data/GM001/Session2/Overground_Run/Run_Fast/Post_Process/Run_Fast5.csv,2,GM001,Session2,overground,run,fast,1,run_fast,1,run_fast,0.958253026008606,0.039738208055496216,0.958253026008606,0.0003319787501823157,0.0013113765744492412,0.0003654257161542773
C:/Users/KUBA/GitProjects/WKIRO-Project/data/GM001/Session2/Overground_Run/Run_Fast/Post_Process/Run_Fast7.csv,1,GM001,Session2,overground,run,fast,1,run_fast,1,run_fast,0.9779079556465149,0.020579665899276733,0.9779079556465149,0.00022713589714840055,0.0010049239499494433,0.0002803454117383808
C:/Users/KUBA/GitProjects/WKIRO-Project/data/GM001/Session2/Overground_Walk/Walk_Comfortable/Post_Process/Walk_Comfortable1.csv,4,GM001,Session2,overground,walk,comfortable,2,walk_comfortable,2,walk_comfortable,0.5879969000816345,0.0007655451190657914,0.0012814744841307402,0.5879969000816345,0.4008113741874695,0.009144696407020092
C:/Users/KUBA/GitProjects/WKIRO-Project/data/GM001/Session2/Overground_Walk/Walk_Fast/Post_Process/Walk_Fast4.csv,2,GM001,Session2,overground,walk,fast,3,walk_fast,3,walk_fast,0.9926695823669434,8.752936264500022e-05,0.00019431239343248308,0.006937327329069376,0.9926695823669434,0.0001112979807658121
C:/Users/KUBA/GitProjects/WKIRO-Project/data/GM001/Session2/Overground_Walk/Walk_Fast/Post_Process/Walk_Fast6.csv,3,GM001,Session2,overground,walk,fast,3,walk_fast,3,walk_fast,0.9965937733650208,4.905748937744647e-05,0.00013127531565260142,0.003171362215653062,0.9965937733650208,5.447501825983636e-05
C:/Users/KUBA/GitProjects/WKIRO-Project/data/GM001/Session2/Treadmill_Walk/Treadmill_Walk_Comfortable/Post_Process/Treadmill_Walk_Comfortable.csv,119,GM001,Session2,treadmill,walk,comfortable,2,walk_comfortable,2,walk_comfortable,0.8584201335906982,9.993695130106062e-05,6.521981413243338e-05,0.8584201335906982,0.0020525201689451933,0.1393621265888214
C:/Users/KUBA/GitProjects/WKIRO-Project/data/GM001/Session2/Treadmill_Walk/Treadmill_Walk_Fast/Post_Process/Treadmill_Walk_Fast.csv,119,GM001,Session2,treadmill,walk,fast,3,walk_fast,3,walk_fast,0.9926978945732117,6.886363553348929e-05,0.00019370131485629827,0.006913695018738508,0.9926978945732117,0.0001257512194570154
C:/Users/KUBA/GitProjects/WKIRO-Project/data/GQ016/Session1/Overground_Run/Run_Comfortable/Post_Process/Run_Comfortable6.csv,2,GQ016,Session1,overground,run,comfortable,0,run_comfortable,0,run_comfortable,0.9988069534301758,0.9988069534301758,0.0010119416983798146,4.202134732622653e-05,7.701302820350975e-05,6.210980791365728e-05
C:/Users/KUBA/GitProjects/WKIRO-Project/data/GQ016/Session1/Overground_Run/Run_Comfortable/Post_Process/Run_Comfortable9.csv,2,GQ016,Session1,overground,run,comfortable,0,run_comfortable,0,run_comfortable,0.9902026653289795,0.9902026653289795,0.008693438023328781,0.00018930791702587157,0.0006122436607256532,0.0003023227909579873
C:/Users/KUBA/GitProjects/WKIRO-Project/data/GQ016/Session1/Overground_Run/Run_Fast/Post_Process/Run_Fast3.csv,1,GQ016,Session1,overground,run,fast,1,run_fast,1,run_fast,0.9666679501533508,0.03145729377865791,0.9666679501533508,0.0002928969624917954,0.0012864652089774609,0.00029540088144131005
C:/Users/KUBA/GitProjects/WKIRO-Project/data/GQ016/Session1/Overground_Walk/Walk_Comfortable/Post_Process/Walk_Comfortable1.csv,6,GQ016,Session1,overground,walk,comfortable,2,walk_comfortable,2,walk_comfortable,0.9320383071899414,0.00045738357584923506,0.00046882565948180854,0.9320383071899414,0.028528796508908272,0.0385066382586956
C:/Users/KUBA/GitProjects/WKIRO-Project/data/GQ016/Session1/Overground_Walk/Walk_Fast/Post_Process/Walk_Fast8.csv,3,GQ016,Session1,overground,walk,fast,3,walk_fast,3,walk_fast,0.9542977213859558,0.0007706274627707899,0.001531041692942381,0.04279583692550659,0.9542977213859558,0.0006048160721547902
C:/Users/KUBA/GitProjects/WKIRO-Project/data/GQ016/Session1/Overground_Walk/Walk_Slow/Post_Process/Walk_Slow1.csv,8,GQ016,Session1,overground,walk,slow,4,walk_slow,4,walk_slow,0.9362376928329468,0.000320661609293893,0.00022782334417570382,0.062280699610710144,0.0009331778855994344,0.9362376928329468
C:/Users/KUBA/GitProjects/WKIRO-Project/data/GQ016/Session1/Treadmill_Walk/Treadmill_Walk_Fast/Post_Process/Treadmill_Walk_Fast.csv,119,GQ016,Session1,treadmill,walk,fast,3,walk_fast,3,walk_fast,0.9968879222869873,0.0001040144416037947,0.00011141942377435043,0.002851025201380253,0.9968879222869873,4.5607626816490665e-05
C:/Users/KUBA/GitProjects/WKIRO-Project/data/GQ016/Session2/Overground_Run/Run_Comfortable/Post_Process/Run_Comfortable6.csv,1,GQ016,Session2,overground,run,comfortable,0,run_comfortable,1,run_fast,0.9967821836471558,0.0028393894899636507,0.9967821836471558,2.63379915850237e-05,0.0002372330636717379,0.00011493830243125558
C:/Users/KUBA/GitProjects/WKIRO-Project/data/GQ016/Session2/Overground_Run/Run_Fast/Post_Process/Run_Fast1.csv,1,GQ016,Session2,overground,run,fast,1,run_fast,1,run_fast,0.9976254105567932,0.002206017030403018,0.9976254105567932,9.467235940974206e-06,0.00011824315879493952,4.095328040421009e-05
C:/Users/KUBA/GitProjects/WKIRO-Project/data/GQ016/Session2/Overground_Run/Run_Fast/Post_Process/Run_Fast6.csv,1,GQ016,Session2,overground,run,fast,1,run_fast,1,run_fast,0.9862017035484314,0.012980075553059578,0.9862017035484314,0.00011490983160911128,0.0005265776999294758,0.00017674601986072958
C:/Users/KUBA/GitProjects/WKIRO-Project/data/GQ016/Session2/Overground_Walk/Walk_Comfortable/Post_Process/Walk_Comfortable2.csv,3,GQ016,Session2,overground,walk,comfortable,2,walk_comfortable,3,walk_fast,0.836558997631073,0.00047957967035472393,0.0003280864330008626,0.16033799946308136,0.836558997631073,0.002295289421454072
C:/Users/KUBA/GitProjects/WKIRO-Project/data/GQ016/Session2/Overground_Walk/Walk_Comfortable/Post_Process/Walk_Comfortable7.csv,3,GQ016,Session2,overground,walk,comfortable,2,walk_comfortable,3,walk_fast,0.5114588737487793,0.0010506962426006794,0.0016783457249403,0.47991275787353516,0.5114588737487793,0.005899380426853895
C:/Users/KUBA/GitProjects/WKIRO-Project/data/GQ016/Session2/Overground_Walk/Walk_Fast/Post_Process/Walk_Fast2.csv,3,GQ016,Session2,overground,walk,fast,3,walk_fast,3,walk_fast,0.9961262345314026,7.206909504020587e-05,0.00015028426423668861,0.0035758737940341234,0.9961262345314026,7.55860164645128e-05
C:/Users/KUBA/GitProjects/WKIRO-Project/data/GQ016/Session2/Overground_Walk/Walk_Slow/Post_Process/Walk_Slow7.csv,4,GQ016,Session2,overground,walk,slow,4,walk_slow,2,walk_comfortable,0.5836073160171509,0.0006115852738730609,0.0004983587423339486,0.5836073160171509,0.005869783461093903,0.4094129204750061
C:/Users/KUBA/GitProjects/WKIRO-Project/data/GQ016/Session2/Treadmill_Walk/Treadmill_Walk_Slow/Post_Process/Treadmill_Walk_Slow.csv,119,GQ016,Session2,treadmill,walk,slow,4,walk_slow,4,walk_slow,0.9818369150161743,0.00012397300451993942,4.589706441038288e-05,0.017861289903521538,0.00013200289686210454,0.9818369150161743
C:/Users/KUBA/GitProjects/WKIRO-Project/data/HN021/Session1/Overground_Run/Run_Comfortable/Post_Process/Run_Comfortable1.csv,5,HN021,Session1,overground,run,comfortable,0,run_comfortable,0,run_comfortable,0.9844487309455872,0.9844487309455872,0.014135515317320824,0.00036018816172145307,0.0005444224225357175,0.0005111442296765745
C:/Users/KUBA/GitProjects/WKIRO-Project/data/HN021/Session1/Overground_Run/Run_Fast/Post_Process/Run_Fast3.csv,2,HN021,Session1,overground,run,fast,1,run_fast,1,run_fast,0.9602222442626953,0.037715844810009,0.9602222442626953,0.0004590304451994598,0.00114503875374794,0.00045781355584040284
C:/Users/KUBA/GitProjects/WKIRO-Project/data/HN021/Session1/Overground_Walk/Walk_Fast/Post_Process/Walk_Fast4.csv,4,HN021,Session1,overground,walk,fast,3,walk_fast,2,walk_comfortable,0.6661620736122131,0.0002341288491152227,0.0003866030019707978,0.6661620736122131,0.3221741020679474,0.011043095029890537
C:/Users/KUBA/GitProjects/WKIRO-Project/data/HN021/Session1/Overground_Walk/Walk_Fast/Post_Process/Walk_Fast7.csv,4,HN021,Session1,overground,walk,fast,3,walk_fast,3,walk_fast,0.6922287344932556,0.0010029093828052282,0.00202186475507915,0.2984628975391388,0.6922287344932556,0.006283559836447239
C:/Users/KUBA/GitProjects/WKIRO-Project/data/HN021/Session1/Overground_Walk/Walk_Slow/Post_Process/Walk_Slow7.csv,7,HN021,Session1,overground,walk,slow,4,walk_slow,4,walk_slow,0.9549349546432495,0.0003514306154102087,0.00022293734946288168,0.043674286454916,0.0008163535967469215,0.9549349546432495
C:/Users/KUBA/GitProjects/WKIRO-Project/data/HN021/Session1/Overground_Walk/Walk_Slow/Post_Process/Walk_Slow8.csv,7,HN021,Session1,overground,walk,slow,4,walk_slow,4,walk_slow,0.9951471090316772,0.00011820877261925489,4.0102837374433875e-05,0.004632349591702223,6.220692011993378e-05,0.9951471090316772
C:/Users/KUBA/GitProjects/WKIRO-Project/data/HN021/Session2/Overground_Run/Run_Comfortable/Post_Process/Run_Comfortable5.csv,3,HN021,Session2,overground,run,comfortable,0,run_comfortable,0,run_comfortable,0.9617487788200378,0.9617487788200378,0.03583419322967529,0.0003737651277333498,0.0012300036614760756,0.0008132032235153019
C:/Users/KUBA/GitProjects/WKIRO-Project/data/HN021/Session2/Overground_Run/Run_Comfortable/Post_Process/Run_Comfortable6.csv,3,HN021,Session2,overground,run,comfortable,0,run_comfortable,1,run_fast,0.5287919044494629,0.46079421043395996,0.5287919044494629,0.00047762124449945986,0.008777552284300327,0.0011586995096877217
C:/Users/KUBA/GitProjects/WKIRO-Project/data/HN021/Session2/Overground_Run/Run_Fast/Post_Process/Run_Fast4.csv,2,HN021,Session2,overground,run,fast,1,run_fast,1,run_fast,0.9742790460586548,0.02432115748524666,0.9742790460586548,0.00025619094958528876,0.0008287524688057601,0.000314842676743865
C:/Users/KUBA/GitProjects/WKIRO-Project/data/HN021/Session2/Overground_Run/Run_Fast/Post_Process/Run_Fast9.csv,2,HN021,Session2,overground,run,fast,1,run_fast,1,run_fast,0.978794515132904,0.019827598705887794,0.978794515132904,0.0002237026346847415,0.0008642156608402729,0.0002899204846471548
C:/Users/KUBA/GitProjects/WKIRO-Project/data/HN021/Session2/Overground_Walk/Walk_Comfortable/Post_Process/Walk_Comfortable1.csv,5,HN021,Session2,overground,walk,comfortable,2,walk_comfortable,2,walk_comfortable,0.857774555683136,0.0007867988315410912,0.000693708483595401,0.857774555683136,0.020938267931342125,0.11980661004781723
C:/Users/KUBA/GitProjects/WKIRO-Project/data/HN021/Session2/Overground_Walk/Walk_Comfortable/Post_Process/Walk_Comfortable4.csv,5,HN021,Session2,overground,walk,comfortable,2,walk_comfortable,2,walk_comfortable,0.7203689813613892,0.0010118195787072182,0.0005900073447264731,0.7203689813613892,0.2622354328632355,0.01579374447464943
C:/Users/KUBA/GitProjects/WKIRO-Project/data/HN021/Session2/Overground_Walk/Walk_Slow/Post_Process/Walk_Slow3.csv,9,HN021,Session2,overground,walk,slow,4,walk_slow,4,walk_slow,0.8843453526496887,0.0004634543729480356,0.00032656852272339165,0.11322780698537827,0.0016368156066164374,0.8843453526496887
C:/Users/KUBA/GitProjects/WKIRO-Project/data/HN021/Session2/Treadmill_Walk/Treadmill_Walk_Fast/Post_Process/Treadmill_Walk_Fast.csv,119,HN021,Session2,treadmill,walk,fast,3,walk_fast,3,walk_fast,0.9894483089447021,0.0011663691839203238,0.00041477035847492516,0.008840312249958515,0.9894483089447021,0.00013023828796576709
C:/Users/KUBA/GitProjects/WKIRO-Project/data/HS018/Session1/Overground_Run/Run_Comfortable/Post_Process/Run_Comfortable1.csv,2,HS018,Session1,overground,run,comfortable,0,run_comfortable,1,run_fast,0.7128684520721436,0.2827126383781433,0.7128684520721436,0.0013259011320769787,0.001944869291037321,0.0011481171241030097
C:/Users/KUBA/GitProjects/WKIRO-Project/data/HS018/Session1/Overground_Run/Run_Comfortable/Post_Process/Run_Comfortable3.csv,2,HS018,Session1,overground,run,comfortable,0,run_comfortable,1,run_fast,0.7788467407226562,0.21789559721946716,0.7788467407226562,0.001127232564613223,0.0013387321960180998,0.0007917342009022832
C:/Users/KUBA/GitProjects/WKIRO-Project/data/HS018/Session1/Overground_Run/Run_Fast/Post_Process/Run_Fast3.csv,1,HS018,Session1,overground,run,fast,1,run_fast,1,run_fast,0.9957810640335083,0.003865138627588749,0.9957810640335083,2.7385620342101902e-05,0.00024882241268642247,7.765510963508859e-05
C:/Users/KUBA/GitProjects/WKIRO-Project/data/HS018/Session1/Overground_Run/Run_Fast/Post_Process/Run_Fast9.csv,2,HS018,Session1,overground,run,fast,1,run_fast,1,run_fast,0.9166147708892822,0.08074434101581573,0.9166147708892822,0.0007660894189029932,0.0011734082363545895,0.0007013815920799971
C:/Users/KUBA/GitProjects/WKIRO-Project/data/HS018/Session1/Overground_Walk/Walk_Fast/Post_Process/Walk_Fast2.csv,2,HS018,Session1,overground,walk,fast,3,walk_fast,3,walk_fast,0.9681309461593628,0.0009772544726729393,0.002121355850249529,0.02828489989042282,0.9681309461593628,0.00048558576963841915
C:/Users/KUBA/GitProjects/WKIRO-Project/data/HS018/Session1/Overground_Walk/Walk_Fast/Post_Process/Walk_Fast8.csv,3,HS018,Session1,overground,walk,fast,3,walk_fast,3,walk_fast,0.9955592155456543,0.00011264546628808603,0.0003218218043912202,0.0039000201504677534,0.9955592155456543,0.00010628077870933339
C:/Users/KUBA/GitProjects/WKIRO-Project/data/HS018/Session1/Overground_Walk/Walk_Slow/Post_Process/Walk_Slow4.csv,4,HS018,Session1,overground,walk,slow,4,walk_slow,4,walk_slow,0.9419165849685669,0.00030268935370258987,0.0001069045829353854,0.05724024772644043,0.00043366177123971283,0.9419165849685669
C:/Users/KUBA/GitProjects/WKIRO-Project/data/HS018/Session1/Treadmill_Run/Treadmill_Run_Fast/Post_Process/Treadmill_Run_Fast.csv,119,HS018,Session1,treadmill,run,fast,1,run_fast,0,run_comfortable,0.9781062006950378,0.9781062006950378,0.021132120862603188,7.5929616286885e-05,0.00040760301635600626,0.00027814070926979184
C:/Users/KUBA/GitProjects/WKIRO-Project/data/HS018/Session2/Overground_Run/Run_Comfortable/Post_Process/Run_Comfortable8.csv,2,HS018,Session2,overground,run,comfortable,0,run_comfortable,0,run_comfortable,0.9981157779693604,0.9981157779693604,0.0016286303289234638,4.6237029891926795e-05,0.0001335230772383511,7.572060712845996e-05
C:/Users/KUBA/GitProjects/WKIRO-Project/data/HS018/Session2/Overground_Walk/Walk_Comfortable/Post_Process/Walk_Comfortable6.csv,3,HS018,Session2,overground,walk,comfortable,2,walk_comfortable,3,walk_fast,0.7284138202667236,0.0003340675320941955,0.001055993721820414,0.2616325318813324,0.7284138202667236,0.008563644252717495
C:/Users/KUBA/GitProjects/WKIRO-Project/data/HS018/Session2/Overground_Walk/Walk_Comfortable/Post_Process/Walk_Comfortable8.csv,2,HS018,Session2,overground,walk,comfortable,2,walk_comfortable,3,walk_fast,0.7335402965545654,0.0003081368049606681,0.0006484261830337346,0.25644782185554504,0.7335402965545654,0.00905531831085682
C:/Users/KUBA/GitProjects/WKIRO-Project/data/HS018/Session2/Overground_Walk/Walk_Fast/Post_Process/Walk_Fast5.csv,2,HS018,Session2,overground,walk,fast,3,walk_fast,3,walk_fast,0.96373051404953,0.0011977527756243944,0.0028388157952576876,0.03167598694562912,0.96373051404953,0.0005569841014221311
C:/Users/KUBA/GitProjects/WKIRO-Project/data/HS018/Session2/Treadmill_Walk/Treadmill_Walk_Slow/Post_Process/Treadmill_Walk_Slow.csv,119,HS018,Session2,treadmill,walk,slow,4,walk_slow,4,walk_slow,0.9298428893089294,0.0001750983647070825,7.87857934483327e-05,0.06675174832344055,0.0031514419242739677,0.9298428893089294
C:/Users/KUBA/GitProjects/WKIRO-Project/data/JS009/Session1/Overground_Run/Run_Comfortable/Post_Process/Run_Comfortable3.csv,2,JS009,Session1,overground,run,comfortable,0,run_comfortable,0,run_comfortable,0.9851626753807068,0.9851626753807068,0.013614010065793991,0.00021977565484121442,0.0005792008014395833,0.00042434566421434283
C:/Users/KUBA/GitProjects/WKIRO-Project/data/JS009/Session1/Overground_Run/Run_Comfortable/Post_Process/Run_Comfortable7.csv,2,JS009,Session1,overground,run,comfortable,0,run_comfortable,0,run_comfortable,0.9612464904785156,0.9612464904785156,0.03745352849364281,0.000262918823864311,0.0005582202575169504,0.0004788274527527392
C:/Users/KUBA/GitProjects/WKIRO-Project/data/JS009/Session1/Overground_Run/Run_Fast/Post_Process/Run_Fast10.csv,1,JS009,Session1,overground,run,fast,1,run_fast,1,run_fast,0.9976194500923157,0.002168441889807582,0.9976194500923157,1.4459850717685185e-05,0.0001439363695681095,5.371271981857717e-05
C:/Users/KUBA/GitProjects/WKIRO-Project/data/JS009/Session1/Overground_Run/Run_Fast/Post_Process/Run_Fast11.csv,1,JS009,Session1,overground,run,fast,1,run_fast,1,run_fast,0.9714909791946411,0.027224084362387657,0.9714909791946411,0.0002264413342345506,0.0007758408319205046,0.00028269313042983413
C:/Users/KUBA/GitProjects/WKIRO-Project/data/JS009/Session1/Overground_Run/Run_Fast/Post_Process/Run_Fast17.csv,1,JS009,Session1,overground,run,fast,1,run_fast,1,run_fast,0.9976412057876587,0.002147513907402754,0.9976412057876587,1.3286297871673014e-05,0.00014294119318947196,5.5092346883611754e-05
C:/Users/KUBA/GitProjects/WKIRO-Project/data/JS009/Session1/Overground_Walk/Walk_Comfortable/Post_Process/Walk_Comfortable2.csv,3,JS009,Session1,overground,walk,comfortable,2,walk_comfortable,2,walk_comfortable,0.6565566658973694,0.0005906931473873556,0.000477910740301013,0.6565566658973694,0.33252060413360596,0.009854123927652836
C:/Users/KUBA/GitProjects/WKIRO-Project/data/JS009/Session1/Overground_Walk/Walk_Comfortable/Post_Process/Walk_Comfortable5.csv,3,JS009,Session1,overground,walk,comfortable,2,walk_comfortable,2,walk_comfortable,0.6313348412513733,0.0007883060607127845,0.0008110250346362591,0.6313348412513733,0.017916454002261162,0.3491493761539459
C:/Users/KUBA/GitProjects/WKIRO-Project/data/JS009/Session1/Overground_Walk/Walk_Fast/Post_Process/Walk_Fast3.csv,2,JS009,Session1,overground,walk,fast,3,walk_fast,3,walk_fast,0.8885712623596191,0.0008345524547621608,0.0019139855867251754,0.10702550411224365,0.8885712623596191,0.0016546961851418018
C:/Users/KUBA/GitProjects/WKIRO-Project/data/JS009/Session1/Overground_Walk/Walk_Fast/Post_Process/Walk_Fast7.csv,3,JS009,Session1,overground,walk,fast,3,walk_fast,3,walk_fast,0.8845688700675964,0.0007197544910013676,0.0015345445135608315,0.1112225353717804,0.8845688700675964,0.0019542642403393984
C:/Users/KUBA/GitProjects/WKIRO-Project/data/JS009/Session1/Overground_Walk/Walk_Slow/Post_Process/Walk_Slow2.csv,6,JS009,Session1,overground,walk,slow,4,walk_slow,2,walk_comfortable,0.9451127052307129,5.394762774812989e-05,4.0287006413564086e-05,0.9451127052307129,0.0020183275919407606,0.052774716168642044
C:/Users/KUBA/GitProjects/WKIRO-Project/data/JS009/Session1/Overground_Walk/Walk_Slow/Post_Process/Walk_Slow8.csv,6,JS009,Session1,overground,walk,slow,4,walk_slow,2,walk_comfortable,0.969371497631073,3.5589226172305644e-05,2.736269379965961e-05,0.969371497631073,0.001865733414888382,0.028699815273284912
C:/Users/KUBA/GitProjects/WKIRO-Project/data/JS009/Session2/Overground_Run/Run_Comfortable/Post_Process/Run_Comfortable5.csv,2,JS009,Session2,overground,run,comfortable,0,run_comfortable,0,run_comfortable,0.9576393365859985,0.9576393365859985,0.04050330072641373,0.0002959004195872694,0.0008588993223384023,0.0007025677477940917
C:/Users/KUBA/GitProjects/WKIRO-Project/data/JS009/Session2/Overground_Run/Run_Comfortable/Post_Process/Run_Comfortable6.csv,1,JS009,Session2,overground,run,comfortable,0,run_comfortable,0,run_comfortable,0.9793078303337097,0.9793078303337097,0.019390948116779327,0.00023711421818006784,0.00032411591382697225,0.0007399838068522513
C:/Users/KUBA/GitProjects/WKIRO-Project/data/JS009/Session2/Overground_Run/Run_Comfortable/Post_Process/Run_Comfortable8.csv,1,JS009,Session2,overground,run,comfortable,0,run_comfortable,0,run_comfortable,0.9977964162826538,0.9977964162826538,0.0019074411829933524,8.021687244763598e-05,0.00011681686009978876,9.920056618284434e-05
C:/Users/KUBA/GitProjects/WKIRO-Project/data/JS009/Session2/Overground_Run/Run_Fast/Post_Process/Run_Fast3.csv,1,JS009,Session2,overground,run,fast,1,run_fast,1,run_fast,0.9706987738609314,0.028050273656845093,0.9706987738609314,0.0002105069870594889,0.000754200795199722,0.0002861532848328352
C:/Users/KUBA/GitProjects/WKIRO-Project/data/JS009/Session2/Overground_Run/Run_Fast/Post_Process/Run_Fast9.csv,1,JS009,Session2,overground,run,fast,1,run_fast,1,run_fast,0.9811882376670837,0.017679737880825996,0.9811882376670837,0.00019140342192258686,0.0007106667035259306,0.0002299094048794359
C:/Users/KUBA/GitProjects/WKIRO-Project/data/JS009/Session2/Overground_Walk/Walk_Fast/Post_Process/Walk_Fast8.csv,2,JS009,Session2,overground,walk,fast,3,walk_fast,3,walk_fast,0.9949321150779724,6.269218283705413e-05,0.00018699432257562876,0.004740132484585047,0.9949321150779724,7.802316395100206e-05
C:/Users/KUBA/GitProjects/WKIRO-Project/data/JS009/Session2/Treadmill_Walk/Treadmill_Walk_Comfortable/Post_Process/Treadmill_Walk_Comfortable.csv,119,JS009,Session2,treadmill,walk,comfortable,2,walk_comfortable,2,walk_comfortable,0.9042521715164185,7.158043445087969e-05,5.503587090061046e-05,0.9042521715164185,0.0022008665837347507,0.09342028200626373
C:/Users/KUBA/GitProjects/WKIRO-Project/data/LA014/Session1/Overground_Run/Run_Comfortable/Post_Process/Run_Comfortable1.csv,2,LA014,Session1,overground,run,comfortable,0,run_comfortable,0,run_comfortable,0.7308487892150879,0.7308487892150879,0.14201882481575012,0.006568664684891701,0.11823711544275284,0.0023266058415174484
C:/Users/KUBA/GitProjects/WKIRO-Project/data/LA014/Session1/Overground_Run/Run_Comfortable/Post_Process/Run_Comfortable2.csv,1,LA014,Session1,overground,run,comfortable,0,run_comfortable,0,run_comfortable,0.994951605796814,0.994951605796814,0.0045830924063920975,0.00010576406202744693,0.0001251936046173796,0.00023437519848812371
C:/Users/KUBA/GitProjects/WKIRO-Project/data/LA014/Session1/Overground_Run/Run_Fast/Post_Process/Run_Fast10.csv,1,LA014,Session1,overground,run,fast,1,run_fast,1,run_fast,0.9970433115959167,0.002642272273078561,0.9970433115959167,2.1009791453252546e-05,0.00023076799698174,6.261642556637526e-05
C:/Users/KUBA/GitProjects/WKIRO-Project/data/LA014/Session1/Overground_Walk/Walk_Comfortable/Post_Process/Walk_Comfortable8.csv,2,LA014,Session1,overground,walk,comfortable,2,walk_comfortable,2,walk_comfortable,0.8014135360717773,0.00016544887330383062,0.0007970677106641233,0.8014135360717773,0.18302035331726074,0.014603590592741966
C:/Users/KUBA/GitProjects/WKIRO-Project/data/LA014/Session1/Overground_Walk/Walk_Fast/Post_Process/Walk_Fast1.csv,2,LA014,Session1,overground,walk,fast,3,walk_fast,2,walk_comfortable,0.9261201620101929,0.0005974182859063148,0.0006801971467211843,0.9261201620101929,0.05185428261756897,0.020747900009155273
C:/Users/KUBA/GitProjects/WKIRO-Project/data/LA014/Session1/Overground_Walk/Walk_Fast/Post_Process/Walk_Fast8.csv,3,LA014,Session1,overground,walk,fast,3,walk_fast,3,walk_fast,0.9973765015602112,5.1253369747428223e-05,0.00015924930630717427,0.0023741743061691523,0.9973765015602112,3.882799137500115e-05
C:/Users/KUBA/GitProjects/WKIRO-Project/data/LA014/Session1/Overground_Walk/Walk_Slow/Post_Process/Walk_Slow7.csv,6,LA014,Session1,overground,walk,slow,4,walk_slow,4,walk_slow,0.9901660084724426,0.00016745342873036861,0.00010359991574659944,0.009326421655714512,0.00023651152150705457,0.9901660084724426
C:/Users/KUBA/GitProjects/WKIRO-Project/data/LA014/Session1/Treadmill_Walk/Treadmill_Walk_Slow/Post_Process/Treadmill_Walk_Slow.csv,119,LA014,Session1,treadmill,walk,slow,4,walk_slow,2,walk_comfortable,0.6560140252113342,0.000204081938136369,0.00014770388952456415,0.6560140252113342,0.00483349896967411,0.3388007581233978
C:/Users/KUBA/GitProjects/WKIRO-Project/data/LA014/Session2/Overground_Run/Run_Comfortable/Post_Process/Run_Comfortable2.csv,1,LA014,Session2,overground,run,comfortable,0,run_comfortable,0,run_comfortable,0.9978692531585693,0.9978692531585693,0.0017418214119970798,8.866468124324456e-05,0.00015423244622070342,0.00014608270430471748
C:/Users/KUBA/GitProjects/WKIRO-Project/data/LA014/Session2/Overground_Run/Run_Fast/Post_Process/Run_Fast5.csv,1,LA014,Session2,overground,run,fast,1,run_fast,1,run_fast,0.9774417877197266,0.0213604848831892,0.9774417877197266,0.00023892517492640764,0.0007276810356415808,0.0002311580756213516
C:/Users/KUBA/GitProjects/WKIRO-Project/data/LA014/Session2/Overground_Run/Run_Fast/Post_Process/Run_Fast8.csv,1,LA014,Session2,overground,run,fast,1,run_fast,1,run_fast,0.9971386194229126,0.0025435606949031353,0.9971386194229126,1.9396595234866254e-05,0.00023667057394050062,6.180719356052577e-05
C:/Users/KUBA/GitProjects/WKIRO-Project/data/LA014/Session2/Overground_Walk/Walk_Comfortable/Post_Process/Walk_Comfortable5.csv,3,LA014,Session2,overground,walk,comfortable,2,walk_comfortable,3,walk_fast,0.648798942565918,0.0012293438194319606,0.0020581793505698442,0.34039053320884705,0.648798942565918,0.007523024920374155
C:/Users/KUBA/GitProjects/WKIRO-Project/data/LA014/Session2/Overground_Walk/Walk_Fast/Post_Process/Walk_Fast8.csv,2,LA014,Session2,overground,walk,fast,3,walk_fast,3,walk_fast,0.9961346387863159,9.7850919701159e-05,0.00017299919272772968,0.003540767589583993,0.9961346387863159,5.379856884246692e-05
C:/Users/KUBA/GitProjects/WKIRO-Project/data/LA014/Session2/Overground_Walk/Walk_Slow/Post_Process/Walk_Slow2.csv,4,LA014,Session2,overground,walk,slow,4,walk_slow,4,walk_slow,0.9964032769203186,0.00010129132715519518,3.60600788553711e-05,0.0034096273593604565,4.975586125510745e-05,0.9964032769203186
C:/Users/KUBA/GitProjects/WKIRO-Project/data/LA014/Session2/Treadmill_Walk/Treadmill_Walk_Comfortable/Post_Process/Treadmill_Walk_Comfortable.csv,119,LA014,Session2,treadmill,walk,comfortable,2,walk_comfortable,2,walk_comfortable,0.8272430896759033,0.00010435005970066413,0.0001012931825243868,0.8272430896759033,0.010631277225911617,0.16192002594470978
C:/Users/KUBA/GitProjects/WKIRO-Project/data/LD002/Session1/Overground_Run/Run_Comfortable/Post_Process/Run_Comfortable3.csv,1,LD002,Session1,overground,run,comfortable,0,run_comfortable,0,run_comfortable,0.9709144830703735,0.9709144830703735,0.027284711599349976,0.00018940091831609607,0.0011653328547254205,0.0004461199860088527
C:/Users/KUBA/GitProjects/WKIRO-Project/data/LD002/Session1/Overground_Run/Run_Comfortable/Post_Process/Run_Comfortable4.csv,2,LD002,Session1,overground,run,comfortable,0,run_comfortable,0,run_comfortable,0.9980210065841675,0.9980210065841675,0.0017575486563146114,4.8905065341386944e-05,6.246841076062992e-05,0.00010998592188116163
C:/Users/KUBA/GitProjects/WKIRO-Project/data/LD002/Session1/Overground_Walk/Walk_Comfortable/Post_Process/Walk_Comfortable12.csv,3,LD002,Session1,overground,walk,comfortable,2,walk_comfortable,3,walk_fast,0.9967934489250183,4.109930887352675e-05,0.00010302048031007871,0.0030142469331622124,0.9967934489250183,4.824003190151416e-05
C:/Users/KUBA/GitProjects/WKIRO-Project/data/LD002/Session1/Overground_Walk/Walk_Comfortable/Post_Process/Walk_Comfortable2.csv,2,LD002,Session1,overground,walk,comfortable,2,walk_comfortable,3,walk_fast,0.9966803789138794,4.188326056464575e-05,0.00011238703882554546,0.003112229984253645,0.9966803789138794,5.306777165969834e-05
C:/Users/KUBA/GitProjects/WKIRO-Project/data/LD002/Session1/Overground_Walk/Walk_Comfortable/Post_Process/Walk_Comfortable9.csv,3,LD002,Session1,overground,walk,comfortable,2,walk_comfortable,2,walk_comfortable,0.6492006182670593,0.0008765841485001147,0.0013535326579585671,0.6492006182670593,0.3418457508087158,0.006723526865243912
C:/Users/KUBA/GitProjects/WKIRO-Project/data/LD002/Session1/Overground_Walk/Walk_Fast/Post_Process/Walk_Fast1.csv,3,LD002,Session1,overground,walk,fast,3,walk_fast,3,walk_fast,0.9782490730285645,0.000642648374196142,0.0015736417844891548,0.019178656861186028,0.9782490730285645,0.00035598548129200935
C:/Users/KUBA/GitProjects/WKIRO-Project/data/LD002/Session1/Overground_Walk/Walk_Fast/Post_Process/Walk_Fast2.csv,1,LD002,Session1,overground,walk,fast,3,walk_fast,3,walk_fast,0.996752917766571,4.787464422406629e-05,0.00011470388562884182,0.00302941189147532,0.996752917766571,5.51257653569337e-05
C:/Users/KUBA/GitProjects/WKIRO-Project/data/LD002/Session1/Overground_Walk/Walk_Fast/Post_Process/Walk_Fast7.csv,2,LD002,Session1,overground,walk,fast,3,walk_fast,3,walk_fast,0.9695971012115479,0.0005958047695457935,0.0011601635487750173,0.028270725160837173,0.9695971012115479,0.00037623668322339654
C:/Users/KUBA/GitProjects/WKIRO-Project/data/LD002/Session2/Overground_Run/Run_Comfortable/Post_Process/Run_Comfortable6.csv,2,LD002,Session2,overground,run,comfortable,0,run_comfortable,0,run_comfortable,0.9431660175323486,0.9431660175323486,0.05562089756131172,0.0004060638602823019,0.0005348552949726582,0.00027222849894315004
C:/Users/KUBA/GitProjects/WKIRO-Project/data/LD002/Session2/Overground_Run/Run_Fast/Post_Process/Run_Fast1.csv,1,LD002,Session2,overground,run,fast,1,run_fast,1,run_fast,0.9828969836235046,0.016351327300071716,0.9828969836235046,0.00010421335173305124,0.00048553210217505693,0.00016189352027140558
C:/Users/KUBA/GitProjects/WKIRO-Project/data/LD002/Session2/Overground_Run/Run_Fast/Post_Process/Run_Fast11.csv,1,LD002,Session2,overground,run,fast,1,run_fast,1,run_fast,0.9590129256248474,0.039177145808935165,0.9590129256248474,0.0003183168882969767,0.0011691175168380141,0.0003225647669751197
C:/Users/KUBA/GitProjects/WKIRO-Project/data/LD002/Session2/Overground_Walk/Walk_Slow/Post_Process/Walk_Slow2.csv,5,LD002,Session2,overground,walk,slow,4,walk_slow,4,walk_slow,0.9486697912216187,0.0003191733849234879,0.00011487150186439976,0.050445474684238434,0.0004506165278144181,0.9486697912216187
C:/Users/KUBA/GitProjects/WKIRO-Project/data/LD002/Session2/Overground_Walk/Walk_Slow/Post_Process/Walk_Slow5.csv,6,LD002,Session2,overground,walk,slow,4,walk_slow,4,walk_slow,0.9752013683319092,0.00024766448768787086,0.0001509369321865961,0.02391977049410343,0.0004802444309461862,0.9752013683319092
C:/Users/KUBA/GitProjects/WKIRO-Project/data/LF003/Session1/Overground_Run/Run_Comfortable/Post_Process/Run_Comfortable11.csv,2,LF003,Session1,overground,run,comfortable,0,run_comfortable,0,run_comfortable,0.9924746751785278,0.9924746751785278,0.006587608717381954,0.0002161084848921746,0.0004461804637685418,0.00027536629932001233
C:/Users/KUBA/GitProjects/WKIRO-Project/data/LF003/Session1/Overground_Run/Run_Comfortable/Post_Process/Run_Comfortable12.csv,2,LF003,Session1,overground,run,comfortable,0,run_comfortable,0,run_comfortable,0.9972395300865173,0.9972395300865173,0.0024936613626778126,5.355077882995829e-05,9.105089702643454e-05,0.00012213003356009722
C:/Users/KUBA/GitProjects/WKIRO-Project/data/LF003/Session1/Overground_Run/Run_Comfortable/Post_Process/Run_Comfortable15.csv,2,LF003,Session1,overground,run,comfortable,0,run_comfortable,0,run_comfortable,0.9917295575141907,0.9917295575141907,0.007206903770565987,0.00023309991229325533,0.0004995175404474139,0.0003308798186480999
C:/Users/KUBA/GitProjects/WKIRO-Project/data/LF003/Session1/Overground_Run/Run_Fast/Post_Process/Run_Fast3.csv,1,LF003,Session1,overground,run,fast,1,run_fast,1,run_fast,0.9838588833808899,0.015060857869684696,0.9838588833808899,0.00015777368389535695,0.0006599387852475047,0.00026252749375998974
C:/Users/KUBA/GitProjects/WKIRO-Project/data/LF003/Session1/Overground_Walk/Walk_Comfortable/Post_Process/Walk_Comfortable3.csv,5,LF003,Session1,overground,walk,comfortable,2,walk_comfortable,3,walk_fast,0.6210404634475708,0.0015761589165776968,0.002774880500510335,0.3672275245189667,0.6210404634475708,0.007380881812423468
C:/Users/KUBA/GitProjects/WKIRO-Project/data/LF003/Session1/Overground_Walk/Walk_Fast/Post_Process/Walk_Fast5.csv,2,LF003,Session1,overground,walk,fast,3,walk_fast,3,walk_fast,0.97179114818573,0.0005597554845735431,0.0012803181307390332,0.02599262446165085,0.97179114818573,0.00037614291068166494
C:/Users/KUBA/GitProjects/WKIRO-Project/data/LF003/Session1/Overground_Walk/Walk_Fast/Post_Process/Walk_Fast6.csv,2,LF003,Session1,overground,walk,fast,3,walk_fast,3,walk_fast,0.9951022267341614,7.945243123685941e-05,0.00013867640518583357,0.004591789096593857,0.9951022267341614,8.781607175478712e-05
C:/Users/KUBA/GitProjects/WKIRO-Project/data/LF003/Session1/Overground_Walk/Walk_Slow/Post_Process/Walk_Slow4.csv,5,LF003,Session1,overground,walk,slow,4,walk_slow,2,walk_comfortable,0.5075865983963013,0.0003167020622640848,9.902397869154811e-05,0.5075865983963013,0.004155735485255718,0.487841933965683
C:/Users/KUBA/GitProjects/WKIRO-Project/data/LF003/Session1/Treadmill_Run/Treadmill_Run_Comfortable/Post_Process/Treadmill_Run_Comfortable.csv,119,LF003,Session1,treadmill,run,comfortable,0,run_comfortable,0,run_comfortable,0.9988465309143066,0.9988465309143066,0.0009706077980808914,4.177249502390623e-05,6.388387555489317e-05,7.725607429165393e-05
C:/Users/KUBA/GitProjects/WKIRO-Project/data/LF003/Session1/Treadmill_Walk/Treadmill_Walk_Comfortable/Post_Process/Treadmill_Walk_Comfortable.csv,123,LF003,Session1,treadmill,walk,comfortable,2,walk_comfortable,4,walk_slow,0.5959338545799255,0.009348303079605103,0.00014493994240183383,0.38957247138023376,0.00500035285949707,0.5959338545799255
C:/Users/KUBA/GitProjects/WKIRO-Project/data/LF003/Session2/Overground_Run/Run_Fast/Post_Process/Run_Fast10.csv,1,LF003,Session2,overground,run,fast,1,run_fast,1,run_fast,0.9942580461502075,0.005247890949249268,0.9942580461502075,4.806367360288277e-05,0.00030202415655367076,0.00014394008030649275
C:/Users/KUBA/GitProjects/WKIRO-Project/data/LF003/Session2/Overground_Walk/Walk_Comfortable/Post_Process/Walk_Comfortable6.csv,2,LF003,Session2,overground,walk,comfortable,2,walk_comfortable,3,walk_fast,0.9963855743408203,5.2242728997953236e-05,0.00011289653775747865,0.003382159397006035,0.9963855743408203,6.716702046105638e-05
C:/Users/KUBA/GitProjects/WKIRO-Project/data/LF003/Session2/Overground_Walk/Walk_Fast/Post_Process/Walk_Fast12.csv,2,LF003,Session2,overground,walk,fast,3,walk_fast,3,walk_fast,0.9966689348220825,5.1542439905460924e-05,0.00013445218792185187,0.0030804697889834642,0.9966689348220825,6.45867403363809e-05
C:/Users/KUBA/GitProjects/WKIRO-Project/data/LF003/Session2/Overground_Walk/Walk_Fast/Post_Process/Walk_Fast8.csv,2,LF003,Session2,overground,walk,fast,3,walk_fast,3,walk_fast,0.9959364533424377,7.199779793154448e-05,0.0001426775852451101,0.0037702214904129505,0.9959364533424377,7.863875362090766e-05
C:/Users/KUBA/GitProjects/WKIRO-Project/data/LF003/Session2/Treadmill_Run/Treadmill_Run_Fast/Post_Process/Treadmill_Run_Fast.csv,119,LF003,Session2,treadmill,run,fast,1,run_fast,1,run_fast,0.992647647857666,0.006869668606668711,0.992647647857666,4.896532846032642e-05,0.000279230676824227,0.0001544373808428645
C:/Users/KUBA/GitProjects/WKIRO-Project/data/LF003/Session2/Treadmill_Walk/Treadmill_Walk_Slow/Post_Process/Treadmill_Walk_Slow.csv,124,LF003,Session2,treadmill,walk,slow,4,walk_slow,4,walk_slow,0.5118331909179688,0.016654981300234795,0.00012450174835976213,0.46973294019699097,0.0016543479869142175,0.5118331909179688
C:/Users/KUBA/GitProjects/WKIRO-Project/data/LL011/Session1/Overground_Run/Run_Fast/Post_Process/Run_Fast4.csv,1,LL011,Session1,overground,run,fast,1,run_fast,1,run_fast,0.9864282011985779,0.012743525207042694,0.9864282011985779,0.00011887285654665902,0.0005579394637607038,0.00015142210759222507
C:/Users/KUBA/GitProjects/WKIRO-Project/data/LL011/Session1/Overground_Walk/Walk_Fast/Post_Process/Walk_Fast2.csv,3,LL011,Session1,overground,walk,fast,3,walk_fast,3,walk_fast,0.9966704249382019,6.154645961942151e-05,0.00011406562407501042,0.003100343979895115,0.9966704249382019,5.3591240430250764e-05
C:/Users/KUBA/GitProjects/WKIRO-Project/data/LL011/Session1/Overground_Walk/Walk_Fast/Post_Process/Walk_Fast9.csv,3,LL011,Session1,overground,walk,fast,3,walk_fast,3,walk_fast,0.9581426978111267,0.00053886987734586,0.0010024086805060506,0.0397537499666214,0.9581426978111267,0.0005622709286399186
C:/Users/KUBA/GitProjects/WKIRO-Project/data/LL011/Session1/Overground_Walk/Walk_Slow/Post_Process/Walk_Slow1.csv,8,LL011,Session1,overground,walk,slow,4,walk_slow,4,walk_slow,0.8300319314002991,0.0005252591799944639,0.00030856928788125515,0.16723357141017914,0.001900648232549429,0.8300319314002991
C:/Users/KUBA/GitProjects/WKIRO-Project/data/LL011/Session1/Treadmill_Walk/Treadmill_Walk_Comfortable/Post_Process/Treadmill_Walk_Comfortable.csv,119,LL011,Session1,treadmill,walk,comfortable,2,walk_comfortable,2,walk_comfortable,0.770316481590271,0.00015984642959665507,6.257827044464648e-05,0.770316481590271,0.0020967978052794933,0.22736422717571259
C:/Users/KUBA/GitProjects/WKIRO-Project/data/LL011/Session2/Overground_Run/Run_Comfortable/Post_Process/Run_Comfortable6.csv,1,LL011,Session2,overground,run,comfortable,0,run_comfortable,1,run_fast,0.9968374967575073,0.002855603350326419,0.9968374967575073,2.4414250219706446e-05,0.00021441771241370589,6.807869795011356e-05
C:/Users/KUBA/GitProjects/WKIRO-Project/data/LL011/Session2/Overground_Run/Run_Fast/Post_Process/Run_Fast7.csv,1,LL011,Session2,overground,run,fast,1,run_fast,1,run_fast,0.963528573513031,0.03458261489868164,0.963528573513031,0.00029219864518381655,0.0012817762326449156,0.00031490041874349117
C:/Users/KUBA/GitProjects/WKIRO-Project/data/LL011/Session2/Overground_Walk/Walk_Comfortable/Post_Process/Walk_Comfortable1.csv,4,LL011,Session2,overground,walk,comfortable,2,walk_comfortable,2,walk_comfortable,0.9550096392631531,0.00028382582240737975,0.00030938192503526807,0.9550096392631531,0.02254538983106613,0.02185175009071827
C:/Users/KUBA/GitProjects/WKIRO-Project/data/LL011/Session2/Overground_Walk/Walk_Comfortable/Post_Process/Walk_Comfortable2.csv,4,LL011,Session2,overground,walk,comfortable,2,walk_comfortable,2,walk_comfortable,0.8507159352302551,0.00013614146155305207,0.00010427486995467916,0.8507159352302551,0.14219887554645538,0.0068447524681687355
C:/Users/KUBA/GitProjects/WKIRO-Project/data/LL011/Session2/Overground_Walk/Walk_Comfortable/Post_Process/Walk_Comfortable3.csv,4,LL011,Session2,overground,walk,comfortable,2,walk_comfortable,2,walk_comfortable,0.8680561780929565,0.000736056303139776,0.0009641768410801888,0.8680561780929565,0.1096329540014267,0.020610608160495758
C:/Users/KUBA/GitProjects/WKIRO-Project/data/LL011/Session2/Overground_Walk/Walk_Comfortable/Post_Process/Walk_Comfortable4.csv,3,LL011,Session2,overground,walk,comfortable,2,walk_comfortable,2,walk_comfortable,0.9698126912117004,7.111943705240265e-05,3.504786218400113e-05,0.9698126912117004,0.02537425421178341,0.004706939682364464
C:/Users/KUBA/GitProjects/WKIRO-Project/data/LL011/Session2/Overground_Walk/Walk_Fast/Post_Process/Walk_Fast7.csv,2,LL011,Session2,overground,walk,fast,3,walk_fast,3,walk_fast,0.9774479866027832,0.0004139768425375223,0.0009393313666805625,0.020863905549049377,0.9774479866027832,0.00033473933581262827
C:/Users/KUBA/GitProjects/WKIRO-Project/data/LL011/Session2/Treadmill_Run/Treadmill_Run_Comfortable/Post_Process/Treadmill_Run_Comfortable.csv,119,LL011,Session2,treadmill,run,comfortable,0,run_comfortable,0,run_comfortable,0.9844702482223511,0.9844702482223511,0.015247019939124584,4.4835844164481387e-05,0.0001497882476542145,8.80837396834977e-05
C:/Users/KUBA/GitProjects/WKIRO-Project/data/LL011/Session2/Treadmill_Walk/Treadmill_Walk_Slow/Post_Process/Treadmill_Walk_Slow.csv,119,LL011,Session2,treadmill,walk,slow,4,walk_slow,4,walk_slow,0.9098367691040039,0.00017794019368011504,6.003451198921539e-05,0.08952011168003082,0.00040506396908313036,0.9098367691040039
C:/Users/KUBA/GitProjects/WKIRO-Project/data/LM012/Session1/Overground_Run/Run_Comfortable/Post_Process/Run_Comfortable8.csv,2,LM012,Session1,overground,run,comfortable,0,run_comfortable,0,run_comfortable,0.9983401894569397,0.9983401894569397,0.001416454091668129,5.38000458618626e-05,0.00010948667477350682,8.009259181562811e-05
C:/Users/KUBA/GitProjects/WKIRO-Project/data/LM012/Session1/Overground_Run/Run_Fast/Post_Process/Run_Fast10.csv,1,LM012,Session1,overground,run,fast,1,run_fast,1,run_fast,0.9974835515022278,0.0022375788539648056,0.9974835515022278,1.6180913007701747e-05,0.00019987345149274915,6.280169327510521e-05
C:/Users/KUBA/GitProjects/WKIRO-Project/data/LM012/Session1/Overground_Walk/Walk_Comfortable/Post_Process/Walk_Comfortable2.csv,6,LM012,Session1,overground,walk,comfortable,2,walk_comfortable,2,walk_comfortable,0.6694173812866211,0.00017257286526728421,0.0003201664367225021,0.6694173812866211,0.3202316164970398,0.009858301840722561
C:/Users/KUBA/GitProjects/WKIRO-Project/data/LM012/Session1/Overground_Walk/Walk_Fast/Post_Process/Walk_Fast2.csv,3,LM012,Session1,overground,walk,fast,3,walk_fast,3,walk_fast,0.8067712783813477,0.0014553525252267718,0.002277361461892724,0.1866438388824463,0.8067712783813477,0.002852097852155566
C:/Users/KUBA/GitProjects/WKIRO-Project/data/LM012/Session1/Overground_Walk/Walk_Fast/Post_Process/Walk_Fast4.csv,3,LM012,Session1,overground,walk,fast,3,walk_fast,3,walk_fast,0.916769802570343,0.0008736979216337204,0.0013621276011690497,0.07983693480491638,0.916769802570343,0.0011574692325666547
C:/Users/KUBA/GitProjects/WKIRO-Project/data/LM012/Session1/Overground_Walk/Walk_Slow/Post_Process/Walk_Slow3.csv,10,LM012,Session1,overground,walk,slow,4,walk_slow,4,walk_slow,0.9245473742485046,0.0003512130060698837,0.0001966303971130401,0.07402867823839188,0.0008760709315538406,0.9245473742485046
C:/Users/KUBA/GitProjects/WKIRO-Project/data/LM012/Session2/Overground_Run/Run_Comfortable/Post_Process/Run_Comfortable1.csv,1,LM012,Session2,overground,run,comfortable,0,run_comfortable,1,run_fast,0.9876533150672913,0.011829977855086327,0.9876533150672913,5.2980336477048695e-05,0.0003395522653590888,0.00012419128324836493
C:/Users/KUBA/GitProjects/WKIRO-Project/data/LM012/Session2/Overground_Run/Run_Comfortable/Post_Process/Run_Comfortable9.csv,2,LM012,Session2,overground,run,comfortable,0,run_comfortable,1,run_fast,0.5160630345344543,0.4831780195236206,0.5160630345344543,8.100050763459876e-05,0.0004118200740776956,0.00026610508211888373
C:/Users/KUBA/GitProjects/WKIRO-Project/data/LM012/Session2/Overground_Walk/Walk_Comfortable/Post_Process/Walk_Comfortable3.csv,3,LM012,Session2,overground,walk,comfortable,2,walk_comfortable,2,walk_comfortable,0.6818966865539551,0.0011002325918525457,0.0014399433275684714,0.6818966865539551,0.2581809461116791,0.05738227441906929
C:/Users/KUBA/GitProjects/WKIRO-Project/data/LM012/Session2/Overground_Walk/Walk_Fast/Post_Process/Walk_Fast2.csv,3,LM012,Session2,overground,walk,fast,3,walk_fast,3,walk_fast,0.9970605969429016,5.99534141656477e-05,0.00015168073878157884,0.0026622575242072344,0.9970605969429016,6.551187107106671e-05
C:/Users/KUBA/GitProjects/WKIRO-Project/data/LM012/Session2/Overground_Walk/Walk_Slow/Post_Process/Walk_Slow4.csv,8,LM012,Session2,overground,walk,slow,4,walk_slow,4,walk_slow,0.9756432771682739,0.00022566490224562585,0.00013862246123608202,0.023541435599327087,0.00045099237468093634,0.9756432771682739
C:/Users/KUBA/GitProjects/WKIRO-Project/data/LM012/Session2/Overground_Walk/Walk_Slow/Post_Process/Walk_Slow6.csv,11,LM012,Session2,overground,walk,slow,4,walk_slow,4,walk_slow,0.9744201898574829,0.00024492572993040085,0.00014583341544494033,0.0247160904109478,0.00047298672143369913,0.9744201898574829
C:/Users/KUBA/GitProjects/WKIRO-Project/data/MR015/Session1/Overground_Run/Run_Comfortable/Post_Process/Run_Comfortable10.csv,1,MR015,Session1,overground,run,comfortable,0,run_comfortable,0,run_comfortable,0.9991762042045593,0.9991762042045593,0.0006579222972504795,3.520094105624594e-05,5.528250403585844e-05,7.528889545938e-05
C:/Users/KUBA/GitProjects/WKIRO-Project/data/MR015/Session1/Overground_Run/Run_Fast/Post_Process/Run_Fast1.csv,1,MR015,Session1,overground,run,fast,1,run_fast,1,run_fast,0.9511063694953918,0.046927310526371,0.9511063694953918,0.0004262375587131828,0.0011144273448735476,0.0004256623506080359
C:/Users/KUBA/GitProjects/WKIRO-Project/data/MR015/Session1/Overground_Walk/Walk_Fast/Post_Process/Walk_Fast1.csv,3,MR015,Session1,overground,walk,fast,3,walk_fast,3,walk_fast,0.9140692353248596,0.0008244971395470202,0.0014629327924922109,0.08252300322055817,0.9140692353248596,0.0011203098110854626
C:/Users/KUBA/GitProjects/WKIRO-Project/data/MR015/Session1/Overground_Walk/Walk_Fast/Post_Process/Walk_Fast4.csv,2,MR015,Session1,overground,walk,fast,3,walk_fast,3,walk_fast,0.9331210851669312,0.00014177840785123408,0.0003828220069408417,0.06542406976222992,0.9331210851669312,0.0009301591198891401
C:/Users/KUBA/GitProjects/WKIRO-Project/data/MR015/Session1/Overground_Walk/Walk_Slow/Post_Process/Walk_Slow1.csv,6,MR015,Session1,overground,walk,slow,4,walk_slow,4,walk_slow,0.9270040392875671,0.0004396357398945838,0.0003049033402930945,0.07108855247497559,0.0011629373766481876,0.9270040392875671
C:/Users/KUBA/GitProjects/WKIRO-Project/data/MR015/Session2/Overground_Run/Run_Comfortable/Post_Process/Run_Comfortable3.csv,2,MR015,Session2,overground,run,comfortable,0,run_comfortable,0,run_comfortable,0.9949753284454346,0.9949753284454346,0.0042319148778915405,0.00017495264182798564,0.0003606195095926523,0.0002572176745161414
C:/Users/KUBA/GitProjects/WKIRO-Project/data/MR015/Session2/Overground_Run/Run_Comfortable/Post_Process/Run_Comfortable8.csv,2,MR015,Session2,overground,run,comfortable,0,run_comfortable,0,run_comfortable,0.9990795850753784,0.9990795850753784,0.0007715357933193445,3.110258694505319e-05,7.198141975095496e-05,4.578587686410174e-05
C:/Users/KUBA/GitProjects/WKIRO-Project/data/MR015/Session2/Overground_Walk/Walk_Comfortable/Post_Process/Walk_Comfortable3.csv,4,MR015,Session2,overground,walk,comfortable,2,walk_comfortable,3,walk_fast,0.5116961598396301,0.0010972460731863976,0.0017416095361113548,0.47990357875823975,0.5116961598396301,0.005561406724154949
C:/Users/KUBA/GitProjects/WKIRO-Project/data/MR015/Session2/Overground_Walk/Walk_Comfortable/Post_Process/Walk_Comfortable4.csv,2,MR015,Session2,overground,walk,comfortable,2,walk_comfortable,3,walk_fast,0.5610691905021667,0.0011028880253434181,0.0018606155645102262,0.4300158619880676,0.5610691905021667,0.005951418541371822
C:/Users/KUBA/GitProjects/WKIRO-Project/data/MR015/Session2/Overground_Walk/Walk_Comfortable/Post_Process/Walk_Comfortable8.csv,2,MR015,Session2,overground,walk,comfortable,2,walk_comfortable,2,walk_comfortable,0.9037092924118042,0.00023249206424225122,7.091289444360882e-05,0.9037092924118042,0.08951309323310852,0.006474229507148266
C:/Users/KUBA/GitProjects/WKIRO-Project/data/MR015/Session2/Overground_Walk/Walk_Fast/Post_Process/Walk_Fast4.csv,3,MR015,Session2,overground,walk,fast,3,walk_fast,3,walk_fast,0.9691922664642334,0.0005057947710156441,0.0010197825031355023,0.028821952641010284,0.9691922664642334,0.0004601514956448227
C:/Users/KUBA/GitProjects/WKIRO-Project/data/MR015/Session2/Overground_Walk/Walk_Slow/Post_Process/Walk_Slow6.csv,5,MR015,Session2,overground,walk,slow,4,walk_slow,2,walk_comfortable,0.9890068769454956,1.904243072203826e-05,9.947209036909044e-06,0.9890068769454956,0.00174948968924582,0.009214659221470356
C:/Users/KUBA/GitProjects/WKIRO-Project/data/OB010/Session1/Overground_Run/Run_Comfortable/Post_Process/Run_Comfortable4.csv,1,OB010,Session1,overground,run,comfortable,0,run_comfortable,0,run_comfortable,0.998698353767395,0.998698353767395,0.0011186313349753618,4.4760152377421036e-05,8.239784074248746e-05,5.5813703511375934e-05
C:/Users/KUBA/GitProjects/WKIRO-Project/data/OB010/Session1/Overground_Walk/Walk_Comfortable/Post_Process/Walk_Comfortable6.csv,3,OB010,Session1,overground,walk,comfortable,2,walk_comfortable,2,walk_comfortable,0.8134014010429382,0.00016389628581237048,0.00022003217600286007,0.8134014010429382,0.17471563816070557,0.011499036103487015
C:/Users/KUBA/GitProjects/WKIRO-Project/data/OB010/Session1/Overground_Walk/Walk_Fast/Post_Process/Walk_Fast6.csv,2,OB010,Session1,overground,walk,fast,3,walk_fast,3,walk_fast,0.9947410225868225,7.332417590077966e-05,0.00015204436203930527,0.004946576897054911,0.9947410225868225,8.712922863196582e-05
C:/Users/KUBA/GitProjects/WKIRO-Project/data/OB010/Session1/Overground_Walk/Walk_Slow/Post_Process/Walk_Slow1.csv,5,OB010,Session1,overground,walk,slow,4,walk_slow,4,walk_slow,0.829582691192627,0.00035772091359831393,0.0002336897887289524,0.16775476932525635,0.0020711810793727636,0.829582691192627
C:/Users/KUBA/GitProjects/WKIRO-Project/data/OB010/Session1/Overground_Walk/Walk_Slow/Post_Process/Walk_Slow4.csv,4,OB010,Session1,overground,walk,slow,4,walk_slow,2,walk_comfortable,0.9859036803245544,1.7618591300561093e-05,2.7774043701356277e-05,0.9859036803245544,0.0018884476739913225,0.012162551283836365
C:/Users/KUBA/GitProjects/WKIRO-Project/data/OB010/Session1/Treadmill_Walk/Treadmill_Walk_Fast/Post_Process/Treadmill_Walk_Fast.csv,119,OB010,Session1,treadmill,walk,fast,3,walk_fast,3,walk_fast,0.990173876285553,5.71404852962587e-05,0.00012620027700904757,0.009520812891423702,0.990173876285553,0.00012200607307022437
C:/Users/KUBA/GitProjects/WKIRO-Project/data/OB010/Session2/Overground_Run/Run_Comfortable/Post_Process/Run_Comfortable13.csv,1,OB010,Session2,overground,run,comfortable,0,run_comfortable,0,run_comfortable,0.9861747026443481,0.9861747026443481,0.012299850583076477,0.00021158087474759668,0.0008404896943829954,0.00047344688209705055
C:/Users/KUBA/GitProjects/WKIRO-Project/data/OB010/Session2/Overground_Run/Run_Comfortable/Post_Process/Run_Comfortable6.csv,1,OB010,Session2,overground,run,comfortable,0,run_comfortable,0,run_comfortable,0.9239006638526917,0.9239006638526917,0.07468751817941666,0.00018415425438433886,0.00048651211545802653,0.0007411387632600963
C:/Users/KUBA/GitProjects/WKIRO-Project/data/OB010/Session2/Overground_Run/Run_Fast/Post_Process/Run_Fast13.csv,1,OB010,Session2,overground,run,fast,1,run_fast,1,run_fast,0.757152259349823,0.23760122060775757,0.757152259349823,0.0013200517278164625,0.0031807345803827047,0.0007457162137143314
C:/Users/KUBA/GitProjects/WKIRO-Project/data/OB010/Session2/Overground_Run/Run_Fast/Post_Process/Run_Fast9.csv,1,OB010,Session2,overground,run,fast,1,run_fast,0,run_comfortable,0.6665181517601013,0.6665181517601013,0.3265022039413452,0.0016927019460126758,0.004141225479543209,0.0011457129148766398
C:/Users/KUBA/GitProjects/WKIRO-Project/data/OB010/Session2/Overground_Walk/Walk_Comfortable/Post_Process/Walk_Comfortable4.csv,3,OB010,Session2,overground,walk,comfortable,2,walk_comfortable,2,walk_comfortable,0.5337092876434326,0.00018867648032028228,0.00023601569409947842,0.5337092876434326,0.45989668369293213,0.00596932927146554
C:/Users/KUBA/GitProjects/WKIRO-Project/data/OB010/Session2/Overground_Walk/Walk_Fast/Post_Process/Walk_Fast6.csv,2,OB010,Session2,overground,walk,fast,3,walk_fast,3,walk_fast,0.9969838857650757,4.4041349610779434e-05,0.00010540099901845679,0.0028164268005639315,0.9969838857650757,5.0291349907638505e-05
C:/Users/KUBA/GitProjects/WKIRO-Project/data/OB010/Session2/Treadmill_Run/Treadmill_Run_Comfortable/Post_Process/Treadmill_Run_Comfortable.csv,119,OB010,Session2,treadmill,run,comfortable,0,run_comfortable,1,run_fast,0.9315997958183289,0.06768351048231125,0.9315997958183289,7.824300701031461e-05,0.00042919645784422755,0.00020936093642376363
C:/Users/KUBA/GitProjects/WKIRO-Project/data/PC008/Session1/Overground_Run/Run_Comfortable/Post_Process/Run_Comfortable1.csv,2,PC008,Session1,overground,run,comfortable,0,run_comfortable,0,run_comfortable,0.9746014475822449,0.9746014475822449,0.023970091715455055,0.00036745768738910556,0.000503052375279367,0.0005579809658229351
C:/Users/KUBA/GitProjects/WKIRO-Project/data/PC008/Session1/Overground_Run/Run_Comfortable/Post_Process/Run_Comfortable3.csv,2,PC008,Session1,overground,run,comfortable,0,run_comfortable,0,run_comfortable,0.9825863838195801,0.9825863838195801,0.016060397028923035,0.0003764249267987907,0.00047013169387355447,0.0005066769081167877
C:/Users/KUBA/GitProjects/WKIRO-Project/data/PC008/Session1/Overground_Run/Run_Comfortable/Post_Process/Run_Comfortable7.csv,1,PC008,Session1,overground,run,comfortable,0,run_comfortable,0,run_comfortable,0.9491885900497437,0.9491885900497437,0.0489061176776886,0.0006734665366820991,0.0004891129792667925,0.000742703618016094
C:/Users/KUBA/GitProjects/WKIRO-Project/data/PC008/Session1/Overground_Walk/Walk_Comfortable/Post_Process/Walk_Comfortable7.csv,4,PC008,Session1,overground,walk,comfortable,2,walk_comfortable,2,walk_comfortable,0.850339412689209,0.0008495497750118375,0.0008813642198219895,0.850339412689209,0.04517258703708649,0.10275711119174957
C:/Users/KUBA/GitProjects/WKIRO-Project/data/PC008/Session1/Overground_Walk/Walk_Comfortable/Post_Process/Walk_Comfortable8.csv,3,PC008,Session1,overground,walk,comfortable,2,walk_comfortable,3,walk_fast,0.9455288052558899,0.00020952206978108734,0.0028586192056536674,0.0496932752430439,0.9455288052558899,0.0017097356030717492
C:/Users/KUBA/GitProjects/WKIRO-Project/data/PC008/Session1/Overground_Walk/Walk_Fast/Post_Process/Walk_Fast8.csv,2,PC008,Session1,overground,walk,fast,3,walk_fast,3,walk_fast,0.9865661859512329,0.0001581587130203843,0.0008643775945529342,0.012061526998877525,0.9865661859512329,0.00034973063156940043
C:/Users/KUBA/GitProjects/WKIRO-Project/data/PC008/Session1/Overground_Walk/Walk_Slow/Post_Process/Walk_Slow5.csv,3,PC008,Session1,overground,walk,slow,4,walk_slow,4,walk_slow,0.7477016448974609,0.0006166312959976494,0.0004586230788845569,0.2482086569070816,0.0030144378542900085,0.7477016448974609
C:/Users/KUBA/GitProjects/WKIRO-Project/data/PC008/Session2/Overground_Run/Run_Comfortable/Post_Process/Run_Comfortable4.csv,2,PC008,Session2,overground,run,comfortable,0,run_comfortable,0,run_comfortable,0.9990065693855286,0.9990065693855286,0.0007756123086437583,5.689068711944856e-05,9.639365453040227e-05,6.447204214055091e-05
C:/Users/KUBA/GitProjects/WKIRO-Project/data/PC008/Session2/Overground_Run/Run_Fast/Post_Process/Run_Fast1.csv,1,PC008,Session2,overground,run,fast,1,run_fast,0,run_comfortable,0.7529131770133972,0.7529131770133972,0.2429387867450714,0.001367652788758278,0.0010818085866048932,0.0016985443653538823
C:/Users/KUBA/GitProjects/WKIRO-Project/data/PC008/Session2/Overground_Run/Run_Fast/Post_Process/Run_Fast11.csv,2,PC008,Session2,overground,run,fast,1,run_fast,0,run_comfortable,0.8750464916229248,0.8750464916229248,0.12209917604923248,0.0006383105646818876,0.0010641408152878284,0.0011518443934619427
C:/Users/KUBA/GitProjects/WKIRO-Project/data/PC008/Session2/Overground_Walk/Walk_Comfortable/Post_Process/Walk_Comfortable10.csv,2,PC008,Session2,overground,walk,comfortable,2,walk_comfortable,2,walk_comfortable,0.5591548681259155,0.0005102340364828706,0.0021484994795173407,0.5591548681259155,0.41057831048965454,0.02760814130306244
C:/Users/KUBA/GitProjects/WKIRO-Project/data/PC008/Session2/Overground_Walk/Walk_Fast/Post_Process/Walk_Fast5.csv,3,PC008,Session2,overground,walk,fast,3,walk_fast,2,walk_comfortable,0.8036192059516907,0.002475264249369502,0.00196529901586473,0.8036192059516907,0.07654742151498795,0.11539281159639359
C:/Users/KUBA/GitProjects/WKIRO-Project/data/PC008/Session2/Overground_Walk/Walk_Fast/Post_Process/Walk_Fast7.csv,2,PC008,Session2,overground,walk,fast,3,walk_fast,3,walk_fast,0.6736524701118469,0.0015756040811538696,0.0022312337532639503,0.31527072191238403,0.6736524701118469,0.007269971072673798
C:/Users/KUBA/GitProjects/WKIRO-Project/data/PC008/Session2/Overground_Walk/Walk_Slow/Post_Process/Walk_Slow13.csv,5,PC008,Session2,overground,walk,slow,4,walk_slow,2,walk_comfortable,0.513746440410614,0.0018291601445525885,0.0014142964500933886,0.513746440410614,0.04965316504240036,0.433356910943985
C:/Users/KUBA/GitProjects/WKIRO-Project/data/PC008/Session2/Overground_Walk/Walk_Slow/Post_Process/Walk_Slow9.csv,2,PC008,Session2,overground,walk,slow,4,walk_slow,2,walk_comfortable,0.8190234303474426,0.002062413841485977,0.0013655618531629443,0.8190234303474426,0.026418011635541916,0.1511305868625641
C:/Users/KUBA/GitProjects/WKIRO-Project/data/PC008/Session2/Treadmill_Run/Treadmill_Run_Fast/Post_Process/Treadmill_Run_Fast.csv,119,PC008,Session2,treadmill,run,fast,1,run_fast,1,run_fast,0.5377823114395142,0.4603308439254761,0.5377823114395142,0.00012443031300790608,0.00139238138217479,0.0003700826782733202
C:/Users/KUBA/GitProjects/WKIRO-Project/data/PC008/Session2/Treadmill_Walk/Treadmill_Walk_Fast/Post_Process/Treadmill_Walk_Fast.csv,119,PC008,Session2,treadmill,walk,fast,3,walk_fast,2,walk_comfortable,0.7405049204826355,0.00029482730315066874,0.0011912339832633734,0.7405049204826355,0.2216005027294159,0.03640862926840782
C:/Users/KUBA/GitProjects/WKIRO-Project/data/PQ006/Session1/Overground_Run/Run_Comfortable/Post_Process/Run_Comfortable3.csv,2,PQ006,Session1,overground,run,comfortable,0,run_comfortable,0,run_comfortable,0.9918251037597656,0.9918251037597656,0.0072073908522725105,0.00019129563588649035,0.0004791911051142961,0.0002970262139569968
C:/Users/KUBA/GitProjects/WKIRO-Project/data/PQ006/Session1/Overground_Run/Run_Comfortable/Post_Process/Run_Comfortable6.csv,1,PQ006,Session1,overground,run,comfortable,0,run_comfortable,0,run_comfortable,0.9982073307037354,0.9982073307037354,0.0015290954615920782,6.970709364395589e-05,9.098130249185488e-05,0.0001028074329951778
C:/Users/KUBA/GitProjects/WKIRO-Project/data/PQ006/Session1/Overground_Run/Run_Comfortable/Post_Process/Run_Comfortable9.csv,2,PQ006,Session1,overground,run,comfortable,0,run_comfortable,0,run_comfortable,0.992695152759552,0.992695152759552,0.006440253928303719,0.0001954483741428703,0.00039259030018001795,0.00027652981225401163
C:/Users/KUBA/GitProjects/WKIRO-Project/data/PQ006/Session1/Overground_Run/Run_Fast/Post_Process/Run_Fast3.csv,1,PQ006,Session1,overground,run,fast,1,run_fast,1,run_fast,0.9755069017410278,0.023302625864744186,0.9755069017410278,0.00021159205061849207,0.0007665304583497345,0.0002122901933034882
C:/Users/KUBA/GitProjects/WKIRO-Project/data/PQ006/Session1/Overground_Walk/Walk_Comfortable/Post_Process/Walk_Comfortable8.csv,5,PQ006,Session1,overground,walk,comfortable,2,walk_comfortable,2,walk_comfortable,0.9172590970993042,0.00015357558731921017,0.00012313041952438653,0.9172590970993042,0.06623188406229019,0.016232293099164963
C:/Users/KUBA/GitProjects/WKIRO-Project/data/PQ006/Session1/Overground_Walk/Walk_Fast/Post_Process/Walk_Fast11.csv,2,PQ006,Session1,overground,walk,fast,3,walk_fast,3,walk_fast,0.9752808809280396,0.00036897597601637244,0.0008497933158650994,0.023153722286224365,0.9752808809280396,0.0003466638154350221
C:/Users/KUBA/GitProjects/WKIRO-Project/data/PQ006/Session1/Overground_Walk/Walk_Fast/Post_Process/Walk_Fast5.csv,3,PQ006,Session1,overground,walk,fast,3,walk_fast,3,walk_fast,0.8003012537956238,0.0006244541145861149,0.0012753091286867857,0.19550000131130219,0.8003012537956238,0.0022989518474787474
C:/Users/KUBA/GitProjects/WKIRO-Project/data/PQ006/Session1/Overground_Walk/Walk_Fast/Post_Process/Walk_Fast8.csv,2,PQ006,Session1,overground,walk,fast,3,walk_fast,3,walk_fast,0.9923082590103149,7.356634159805253e-05,0.00018587849626783282,0.007295884657651186,0.9923082590103149,0.00013639085227623582
C:/Users/KUBA/GitProjects/WKIRO-Project/data/PQ006/Session1/Overground_Walk/Walk_Slow/Post_Process/Walk_Slow10.csv,8,PQ006,Session1,overground,walk,slow,4,walk_slow,4,walk_slow,0.9119905233383179,0.0002534962841309607,0.0001297813287237659,0.08706466853618622,0.0005615302943624556,0.9119905233383179
C:/Users/KUBA/GitProjects/WKIRO-Project/data/PQ006/Session1/Overground_Walk/Walk_Slow/Post_Process/Walk_Slow11.csv,8,PQ006,Session1,overground,walk,slow,4,walk_slow,4,walk_slow,0.9325755834579468,0.00031667284201830626,0.00020084652351215482,0.06599421799182892,0.0009126909426413476,0.9325755834579468
C:/Users/KUBA/GitProjects/WKIRO-Project/data/PQ006/Session1/Treadmill_Walk/Treadmill_Walk_Comfortable/Post_Process/Treadmill_Walk_Comfortable.csv,119,PQ006,Session1,treadmill,walk,comfortable,2,walk_comfortable,2,walk_comfortable,0.9447616338729858,7.575198833364993e-05,5.078423419035971e-05,0.9447616338729858,0.006522131618112326,0.04858967661857605
C:/Users/KUBA/GitProjects/WKIRO-Project/data/PQ006/Session2/Overground_Run/Run_Comfortable/Post_Process/Run_Comfortable3.csv,2,PQ006,Session2,overground,run,comfortable,0,run_comfortable,0,run_comfortable,0.990527331829071,0.990527331829071,0.008413863368332386,0.00021972600370645523,0.0005116460961289704,0.0003274095361120999
C:/Users/KUBA/GitProjects/WKIRO-Project/data/PQ006/Session2/Overground_Run/Run_Fast/Post_Process/Run_Fast11.csv,1,PQ006,Session2,overground,run,fast,1,run_fast,1,run_fast,0.9496162533760071,0.04853878170251846,0.9496162533760071,0.0004414304275996983,0.0010637919185683131,0.0003398171393200755
C:/Users/KUBA/GitProjects/WKIRO-Project/data/PQ006/Session2/Overground_Run/Run_Fast/Post_Process/Run_Fast14.csv,1,PQ006,Session2,overground,run,fast,1,run_fast,1,run_fast,0.994657576084137,0.0049544465728104115,0.994657576084137,3.344109427416697e-05,0.00025971292052417994,9.479138680035248e-05
C:/Users/KUBA/GitProjects/WKIRO-Project/data/PQ006/Session2/Overground_Run/Run_Fast/Post_Process/Run_Fast7.csv,1,PQ006,Session2,overground,run,fast,1,run_fast,1,run_fast,0.947431206703186,0.05058620125055313,0.947431206703186,0.0004599415697157383,0.0011295785661786795,0.0003931072715204209
C:/Users/KUBA/GitProjects/WKIRO-Project/data/PQ006/Session2/Overground_Walk/Walk_Comfortable/Post_Process/Walk_Comfortable2.csv,3,PQ006,Session2,overground,walk,comfortable,2,walk_comfortable,2,walk_comfortable,0.9214363098144531,0.00013880262849852443,0.0001325560879195109,0.9214363098144531,0.06662779301404953,0.011664565652608871
C:/Users/KUBA/GitProjects/WKIRO-Project/data/PQ006/Session2/Overground_Walk/Walk_Fast/Post_Process/Walk_Fast7.csv,2,PQ006,Session2,overground,walk,fast,3,walk_fast,3,walk_fast,0.8821827173233032,0.0005559311248362064,0.001097323140129447,0.11462057381868362,0.8821827173233032,0.001543413265608251
C:/Users/KUBA/GitProjects/WKIRO-Project/data/PQ006/Session2/Overground_Walk/Walk_Slow/Post_Process/Walk_Slow6.csv,3,PQ006,Session2,overground,walk,slow,4,walk_slow,2,walk_comfortable,0.9859457015991211,2.4643208234920166e-05,2.2612168322666548e-05,0.9859457015991211,0.0018911653896793723,0.01211592834442854
C:/Users/KUBA/GitProjects/WKIRO-Project/data/RC020/Session1/Overground_Run/Run_Comfortable/Post_Process/Run_Comfortable2.csv,2,RC020,Session1,overground,run,comfortable,0,run_comfortable,0,run_comfortable,0.9992905855178833,0.9992905855178833,0.0005385453696362674,3.973747880081646e-05,6.864411989226937e-05,6.249186117202044e-05
C:/Users/KUBA/GitProjects/WKIRO-Project/data/RC020/Session1/Overground_Run/Run_Comfortable/Post_Process/Run_Comfortable9.csv,2,RC020,Session1,overground,run,comfortable,0,run_comfortable,0,run_comfortable,0.9779810309410095,0.9779810309410095,0.02016328275203705,0.00043710198951885104,0.0007706666365265846,0.0006478542345575988
C:/Users/KUBA/GitProjects/WKIRO-Project/data/RC020/Session1/Overground_Walk/Walk_Comfortable/Post_Process/Walk_Comfortable2.csv,3,RC020,Session1,overground,walk,comfortable,2,walk_comfortable,3,walk_fast,0.5454543828964233,0.00038095071795396507,0.0005538298282772303,0.4336601197719574,0.5454543828964233,0.019950708374381065
C:/Users/KUBA/GitProjects/WKIRO-Project/data/RC020/Session1/Overground_Walk/Walk_Fast/Post_Process/Walk_Fast3.csv,3,RC020,Session1,overground,walk,fast,3,walk_fast,2,walk_comfortable,0.6563458442687988,0.0011330917477607727,0.001565758720971644,0.6563458442687988,0.32567062973976135,0.01528475433588028
C:/Users/KUBA/GitProjects/WKIRO-Project/data/RC020/Session1/Treadmill_Walk/Treadmill_Walk_Slow/Post_Process/Treadmill_Walk_Slow.csv,119,RC020,Session1,treadmill,walk,slow,4,walk_slow,4,walk_slow,0.8208237886428833,0.0002940583217423409,0.00011471617472125217,0.1775989532470703,0.0011684315977618098,0.8208237886428833
C:/Users/KUBA/GitProjects/WKIRO-Project/data/RC020/Session2/Overground_Run/Run_Comfortable/Post_Process/Run_Comfortable3.csv,1,RC020,Session2,overground,run,comfortable,0,run_comfortable,0,run_comfortable,0.9980652928352356,0.9980652928352356,0.0016798124415799975,5.7248398661613464e-05,9.920071170199662e-05,9.854387462837622e-05
C:/Users/KUBA/GitProjects/WKIRO-Project/data/RC020/Session2/Overground_Run/Run_Fast/Post_Process/Run_Fast3.csv,1,RC020,Session2,overground,run,fast,1,run_fast,1,run_fast,0.9756181836128235,0.022935541346669197,0.9756181836128235,0.0002554631792008877,0.0008040179964154959,0.00038681665319018066
C:/Users/KUBA/GitProjects/WKIRO-Project/data/RC020/Session2/Overground_Run/Run_Fast/Post_Process/Run_Fast8.csv,1,RC020,Session2,overground,run,fast,1,run_fast,1,run_fast,0.9945043921470642,0.005130770616233349,0.9945043921470642,2.643223160703201e-05,0.000246779847657308,9.154178405879065e-05
C:/Users/KUBA/GitProjects/WKIRO-Project/data/RC020/Session2/Overground_Walk/Walk_Comfortable/Post_Process/Walk_Comfortable5.csv,3,RC020,Session2,overground,walk,comfortable,2,walk_comfortable,2,walk_comfortable,0.8619640469551086,0.0006357213133014739,0.0006133650313131511,0.8619640469551086,0.012437989003956318,0.12434887140989304
C:/Users/KUBA/GitProjects/WKIRO-Project/data/RC020/Session2/Overground_Walk/Walk_Fast/Post_Process/Walk_Fast2.csv,4,RC020,Session2,overground,walk,fast,3,walk_fast,3,walk_fast,0.9927252531051636,0.00017449901497457176,0.0002916355733759701,0.0066329240798950195,0.9927252531051636,0.00017572108481545
C:/Users/KUBA/GitProjects/WKIRO-Project/data/RC020/Session2/Overground_Walk/Walk_Fast/Post_Process/Walk_Fast8.csv,2,RC020,Session2,overground,walk,fast,3,walk_fast,3,walk_fast,0.9941589832305908,0.00021996989380568266,0.00029443149105645716,0.005175480619072914,0.9941589832305908,0.00015118217561393976
C:/Users/KUBA/GitProjects/WKIRO-Project/data/RC020/Session2/Overground_Walk/Walk_Slow/Post_Process/Walk_Slow2.csv,4,RC020,Session2,overground,walk,slow,4,walk_slow,4,walk_slow,0.9002503752708435,0.00034157995833083987,0.00015103325131349266,0.09852863848209381,0.0007284120656549931,0.9002503752708435
C:/Users/KUBA/GitProjects/WKIRO-Project/data/RC020/Session2/Treadmill_Run/Treadmill_Run_Fast/Post_Process/Treadmill_Run_Fast.csv,119,RC020,Session2,treadmill,run,fast,1,run_fast,0,run_comfortable,0.5440563559532166,0.5440563559532166,0.45448991656303406,8.772824367042631e-05,0.0008836747729219496,0.000482340925373137
C:/Users/KUBA/GitProjects/WKIRO-Project/data/RC023/Session1/Overground_Run/Run_Comfortable/Post_Process/Run_Comfortable7.csv,2,RC023,Session1,overground,run,comfortable,0,run_comfortable,0,run_comfortable,0.7892758846282959,0.7892758846282959,0.2075251042842865,0.0007899159681983292,0.001019132207147777,0.0013899332843720913
C:/Users/KUBA/GitProjects/WKIRO-Project/data/RC023/Session1/Overground_Run/Run_Comfortable/Post_Process/Run_Comfortable9.csv,3,RC023,Session1,overground,run,comfortable,0,run_comfortable,0,run_comfortable,0.7253492474555969,0.7253492474555969,0.27125605940818787,0.0010277586989104748,0.0009114444255828857,0.0014555308734998107
C:/Users/KUBA/GitProjects/WKIRO-Project/data/RC023/Session1/Overground_Walk/Walk_Fast/Post_Process/Walk_Fast1.csv,3,RC023,Session1,overground,walk,fast,3,walk_fast,2,walk_comfortable,0.7089467644691467,0.0010036331368610263,0.0014436837518587708,0.7089467644691467,0.2608816921710968,0.027724245563149452
C:/Users/KUBA/GitProjects/WKIRO-Project/data/RC023/Session1/Overground_Walk/Walk_Slow/Post_Process/Walk_Slow1.csv,8,RC023,Session1,overground,walk,slow,4,walk_slow,4,walk_slow,0.9802274107933044,0.00024093958199955523,0.00016179066733457148,0.01890179142355919,0.0004679967532865703,0.9802274107933044
C:/Users/KUBA/GitProjects/WKIRO-Project/data/RC023/Session1/Overground_Walk/Walk_Slow/Post_Process/Walk_Slow6.csv,8,RC023,Session1,overground,walk,slow,4,walk_slow,4,walk_slow,0.9901793599128723,0.00017136198584921658,6.704838597215712e-05,0.009470351040363312,0.00011189625365659595,0.9901793599128723
C:/Users/KUBA/GitProjects/WKIRO-Project/data/RC023/Session1/Treadmill_Run/Treadmill_Run_Fast/Post_Process/Treadmill_Run_Fast.csv,119,RC023,Session1,treadmill,run,fast,1,run_fast,1,run_fast,0.8271391987800598,0.17206871509552002,0.8271391987800598,7.476876635337248e-05,0.00045060840784572065,0.0002666431828401983
C:/Users/KUBA/GitProjects/WKIRO-Project/data/RC023/Session2/Overground_Run/Run_Comfortable/Post_Process/Run_Comfortable5.csv,2,RC023,Session2,overground,run,comfortable,0,run_comfortable,0,run_comfortable,0.7866784930229187,0.7866784930229187,0.20969364047050476,0.0010769658256322145,0.0011323258513584733,0.0014185520121827722
C:/Users/KUBA/GitProjects/WKIRO-Project/data/RC023/Session2/Overground_Run/Run_Fast/Post_Process/Run_Fast10.csv,1,RC023,Session2,overground,run,fast,1,run_fast,1,run_fast,0.9971216320991516,0.002482375130057335,0.9971216320991516,2.4357292204513215e-05,0.0002924674772657454,7.914163143141195e-05
C:/Users/KUBA/GitProjects/WKIRO-Project/data/RC023/Session2/Overground_Run/Run_Fast/Post_Process/Run_Fast9.csv,1,RC023,Session2,overground,run,fast,1,run_fast,1,run_fast,0.9806230068206787,0.018403038382530212,0.9806230068206787,0.00016587332356721163,0.0005660531460307539,0.0002420098753646016
C:/Users/KUBA/GitProjects/WKIRO-Project/data/RC023/Session2/Overground_Walk/Walk_Comfortable/Post_Process/Walk_Comfortable6.csv,3,RC023,Session2,overground,walk,comfortable,2,walk_comfortable,3,walk_fast,0.9937791228294373,0.0001303051831200719,0.0003315224021207541,0.005648138467222452,0.9937791228294373,0.00011094488581875339
C:/Users/KUBA/GitProjects/WKIRO-Project/data/RC023/Session2/Overground_Walk/Walk_Comfortable/Post_Process/Walk_Comfortable7.csv,5,RC023,Session2,overground,walk,comfortable,2,walk_comfortable,2,walk_comfortable,0.5016080737113953,0.0016142975073307753,0.0026521016843616962,0.5016080737113953,0.48000001907348633,0.014125468209385872
C:/Users/KUBA/GitProjects/WKIRO-Project/data/RC023/Session2/Overground_Walk/Walk_Fast/Post_Process/Walk_Fast4.csv,3,RC023,Session2,overground,walk,fast,3,walk_fast,3,walk_fast,0.9958388209342957,0.0001088911885744892,0.00025183145771734416,0.0037145286332815886,0.9958388209342957,8.595840336056426e-05
C:/Users/KUBA/GitProjects/WKIRO-Project/data/RC023/Session2/Overground_Walk/Walk_Slow/Post_Process/Walk_Slow8.csv,8,RC023,Session2,overground,walk,slow,4,walk_slow,4,walk_slow,0.8756548166275024,0.00015798892127349973,8.229395461967215e-05,0.12358733266592026,0.0005175774567760527,0.8756548166275024
C:/Users/KUBA/GitProjects/WKIRO-Project/data/RV028/Session1/Overground_Run/Run_Comfortable/Post_Process/Run_Comfortable2.csv,1,RV028,Session1,overground,run,comfortable,0,run_comfortable,0,run_comfortable,0.935725212097168,0.935725212097168,0.060304537415504456,0.0004440099583007395,0.002839719643816352,0.0006865840987302363
C:/Users/KUBA/GitProjects/WKIRO-Project/data/RV028/Session1/Overground_Run/Run_Comfortable/Post_Process/Run_Comfortable7.csv,1,RV028,Session1,overground,run,comfortable,0,run_comfortable,1,run_fast,0.6147333979606628,0.37630802392959595,0.6147333979606628,0.0008280089823529124,0.006917063146829605,0.0012134516146034002
C:/Users/KUBA/GitProjects/WKIRO-Project/data/RV028/Session1/Overground_Run/Run_Fast/Post_Process/Run_Fast9.csv,1,RV028,Session1,overground,run,fast,1,run_fast,1,run_fast,0.911741316318512,0.08048141002655029,0.911741316318512,0.0009001953876577318,0.006415530573576689,0.00046153381117619574
C:/Users/KUBA/GitProjects/WKIRO-Project/data/RV028/Session1/Overground_Walk/Walk_Comfortable/Post_Process/Walk_Comfortable2.csv,5,RV028,Session1,overground,walk,comfortable,2,walk_comfortable,2,walk_comfortable,0.7834476232528687,9.704667900223285e-05,8.050132601056248e-05,0.7834476232528687,0.20874813199043274,0.007626752369105816
C:/Users/KUBA/GitProjects/WKIRO-Project/data/RV028/Session1/Overground_Walk/Walk_Comfortable/Post_Process/Walk_Comfortable6.csv,5,RV028,Session1,overground,walk,comfortable,2,walk_comfortable,3,walk_fast,0.6712498664855957,0.0001961992820724845,0.0002389137225691229,0.3246762752532959,0.6712498664855957,0.003638703376054764
C:/Users/KUBA/GitProjects/WKIRO-Project/data/RV028/Session1/Overground_Walk/Walk_Comfortable/Post_Process/Walk_Comfortable9.csv,7,RV028,Session1,overground,walk,comfortable,2,walk_comfortable,2,walk_comfortable,0.6061260104179382,0.0008273115963675082,0.001315322588197887,0.6061260104179382,0.384077250957489,0.007654103450477123
C:/Users/KUBA/GitProjects/WKIRO-Project/data/RV028/Session1/Overground_Walk/Walk_Fast/Post_Process/Walk_Fast2.csv,4,RV028,Session1,overground,walk,fast,3,walk_fast,3,walk_fast,0.9936337471008301,7.111379818525165e-05,0.00017750071128830314,0.006021395325660706,0.9936337471008301,9.62178164627403e-05
C:/Users/KUBA/GitProjects/WKIRO-Project/data/RV028/Session1/Overground_Walk/Walk_Slow/Post_Process/Walk_Slow6.csv,7,RV028,Session1,overground,walk,slow,4,walk_slow,2,walk_comfortable,0.6432729959487915,0.0006493854452855885,0.00013489682169165462,0.6432729959487915,0.0031819476280361414,0.35276079177856445
C:/Users/KUBA/GitProjects/WKIRO-Project/data/RV028/Session1/Treadmill_Run/Treadmill_Run_Comfortable/Post_Process/Treadmill_Run_Comfortable.csv,119,RV028,Session1,treadmill,run,comfortable,0,run_comfortable,0,run_comfortable,0.9992179274559021,0.9992179274559021,0.0006427289918065071,3.250671215937473e-05,5.5219625210156664e-05,5.167816925677471e-05
C:/Users/KUBA/GitProjects/WKIRO-Project/data/RV028/Session2/Overground_Run/Run_Fast/Post_Process/Run_Fast1.csv,1,RV028,Session2,overground,run,fast,1,run_fast,1,run_fast,0.9263485074043274,0.06854210793972015,0.9263485074043274,0.0006919309962540865,0.003911449573934078,0.0005060370313003659
C:/Users/KUBA/GitProjects/WKIRO-Project/data/RV028/Session2/Overground_Walk/Walk_Fast/Post_Process/Walk_Fast1.csv,4,RV028,Session2,overground,walk,fast,3,walk_fast,3,walk_fast,0.9945785999298096,6.890850636409596e-05,0.00014487499720416963,0.00512930890545249,0.9945785999298096,7.838329474907368e-05
C:/Users/KUBA/GitProjects/WKIRO-Project/data/RV028/Session2/Overground_Walk/Walk_Fast/Post_Process/Walk_Fast3.csv,4,RV028,Session2,overground,walk,fast,3,walk_fast,3,walk_fast,0.8190299272537231,0.0008528981124982238,0.0015321485698223114,0.17607173323631287,0.8190299272537231,0.0025133411400020123
C:/Users/KUBA/GitProjects/WKIRO-Project/data/RV028/Session2/Treadmill_Run/Treadmill_Run_Fast/Post_Process/Treadmill_Run_Fast.csv,119,RV028,Session2,treadmill,run,fast,1,run_fast,1,run_fast,0.9960983395576477,0.0035577870439738035,0.9960983395576477,2.460086761857383e-05,0.00023654018878005445,8.271708793472499e-05
C:/Users/KUBA/GitProjects/WKIRO-Project/data/RV028/Session2/Treadmill_Walk/Treadmill_Walk_Slow/Post_Process/Treadmill_Walk_Slow.csv,119,RV028,Session2,treadmill,walk,slow,4,walk_slow,4,walk_slow,0.9896335601806641,0.00014786665269639343,4.455706584849395e-05,0.01007719524204731,9.69623724813573e-05,0.9896335601806641
C:/Users/KUBA/GitProjects/WKIRO-Project/data/SA017/Session1/Overground_Run/Run_Comfortable/Post_Process/Run_Comfortable10.csv,2,SA017,Session1,overground,run,comfortable,0,run_comfortable,0,run_comfortable,0.9951523542404175,0.9951523542404175,0.004449216648936272,9.582321217749268e-05,0.0001469345879741013,0.00015560779138468206
C:/Users/KUBA/GitProjects/WKIRO-Project/data/SA017/Session1/Overground_Run/Run_Fast/Post_Process/Run_Fast4.csv,1,SA017,Session1,overground,run,fast,1,run_fast,1,run_fast,0.9949057102203369,0.004649740178138018,0.9949057102203369,3.838996417471208e-05,0.00028391918749548495,0.0001222139544552192
C:/Users/KUBA/GitProjects/WKIRO-Project/data/SA017/Session1/Overground_Run/Run_Fast/Post_Process/Run_Fast5.csv,1,SA017,Session1,overground,run,fast,1,run_fast,1,run_fast,0.9718636274337769,0.027042649686336517,0.9718636274337769,0.00019524447270669043,0.0006281951209530234,0.00027032403158955276
C:/Users/KUBA/GitProjects/WKIRO-Project/data/SA017/Session1/Overground_Run/Run_Fast/Post_Process/Run_Fast9.csv,1,SA017,Session1,overground,run,fast,1,run_fast,1,run_fast,0.95235276222229,0.04554637521505356,0.95235276222229,0.00043817455298267305,0.001152503420598805,0.0005101240240037441
C:/Users/KUBA/GitProjects/WKIRO-Project/data/SA017/Session1/Overground_Walk/Walk_Comfortable/Post_Process/Walk_Comfortable8.csv,3,SA017,Session1,overground,walk,comfortable,2,walk_comfortable,2,walk_comfortable,0.6659423112869263,0.00011302243365207687,0.0001807962980819866,0.6659423112869263,0.3215802013874054,0.01218363642692566
C:/Users/KUBA/GitProjects/WKIRO-Project/data/SA017/Session1/Overground_Walk/Walk_Fast/Post_Process/Walk_Fast5.csv,2,SA017,Session1,overground,walk,fast,3,walk_fast,3,walk_fast,0.9731912612915039,0.0008779539493843913,0.002326192567124963,0.023195486515760422,0.9731912612915039,0.00040916219586506486
C:/Users/KUBA/GitProjects/WKIRO-Project/data/SA017/Session2/Overground_Run/Run_Comfortable/Post_Process/Run_Comfortable3.csv,2,SA017,Session2,overground,run,comfortable,0,run_comfortable,0,run_comfortable,0.503248393535614,0.503248393535614,0.49645042419433594,4.291141522116959e-05,0.0001769016234902665,8.144290768541396e-05
C:/Users/KUBA/GitProjects/WKIRO-Project/data/SA017/Session2/Overground_Run/Run_Comfortable/Post_Process/Run_Comfortable9.csv,2,SA017,Session2,overground,run,comfortable,0,run_comfortable,0,run_comfortable,0.8747193813323975,0.8747193813323975,0.12288060784339905,0.0005683933850377798,0.0009132276754826307,0.0009184031514450908
C:/Users/KUBA/GitProjects/WKIRO-Project/data/SA017/Session2/Overground_Walk/Walk_Comfortable/Post_Process/Walk_Comfortable4.csv,2,SA017,Session2,overground,walk,comfortable,2,walk_comfortable,2,walk_comfortable,0.9678788185119629,7.323630416067317e-05,7.454452861566097e-05,0.9678788185119629,0.01574009284377098,0.016233285889029503
C:/Users/KUBA/GitProjects/WKIRO-Project/data/SA017/Session2/Overground_Walk/Walk_Fast/Post_Process/Walk_Fast8.csv,2,SA017,Session2,overground,walk,fast,3,walk_fast,3,walk_fast,0.9945113658905029,8.083017019089311e-05,0.0002476992376614362,0.0050839027389883995,0.9945113658905029,7.623713463544846e-05
C:/Users/KUBA/GitProjects/WKIRO-Project/data/SA017/Session2/Overground_Walk/Walk_Slow/Post_Process/Walk_Slow4.csv,3,SA017,Session2,overground,walk,slow,4,walk_slow,4,walk_slow,0.8542847037315369,0.0002921898558270186,0.00019262790738139302,0.14406248927116394,0.001167996902950108,0.8542847037315369
C:/Users/KUBA/GitProjects/WKIRO-Project/data/SA017/Session2/Overground_Walk/Walk_Slow/Post_Process/Walk_Slow7.csv,5,SA017,Session2,overground,walk,slow,4,walk_slow,4,walk_slow,0.8724634051322937,0.0006472429959103465,0.00043290332541801035,0.12402709573507309,0.002429425250738859,0.8724634051322937
C:/Users/KUBA/GitProjects/WKIRO-Project/data/SA017/Session2/Treadmill_Walk/Treadmill_Walk_Fast/Post_Process/Treadmill_Walk_Fast.csv,119,SA017,Session2,treadmill,walk,fast,3,walk_fast,3,walk_fast,0.8752180933952332,0.0001743971515679732,0.0006738324882462621,0.1218625158071518,0.8752180933952332,0.0020711496472358704
C:/Users/KUBA/GitProjects/WKIRO-Project/data/SM019/Session1/Overground_Run/Run_Comfortable/Post_Process/Run_Comfortable1.csv,3,SM019,Session1,overground,run,comfortable,0,run_comfortable,0,run_comfortable,0.988652229309082,0.988652229309082,0.010157215408980846,0.0002603456377983093,0.0005096024833619595,0.0004206007579341531
C:/Users/KUBA/GitProjects/WKIRO-Project/data/SM019/Session1/Overground_Run/Run_Comfortable/Post_Process/Run_Comfortable2.csv,2,SM019,Session1,overground,run,comfortable,0,run_comfortable,0,run_comfortable,0.9986985921859741,0.9986985921859741,0.0010494331363588572,5.3028234106022865e-05,0.00010891670535784215,9.006744949147105e-05
C:/Users/KUBA/GitProjects/WKIRO-Project/data/SM019/Session1/Overground_Run/Run_Comfortable/Post_Process/Run_Comfortable7.csv,2,SM019,Session1,overground,run,comfortable,0,run_comfortable,0,run_comfortable,0.9875412583351135,0.9875412583351135,0.011375630274415016,0.00024584116181358695,0.0004517508205026388,0.00038551099714823067
C:/Users/KUBA/GitProjects/WKIRO-Project/data/SM019/Session1/Overground_Run/Run_Fast/Post_Process/Run_Fast6.csv,1,SM019,Session1,overground,run,fast,1,run_fast,1,run_fast,0.9973461627960205,0.002367161214351654,0.9973461627960205,1.513585084467195e-05,0.0002206420904258266,5.086702003609389e-05
C:/Users/KUBA/GitProjects/WKIRO-Project/data/SM019/Session1/Overground_Walk/Walk_Comfortable/Post_Process/Walk_Comfortable3.csv,4,SM019,Session1,overground,walk,comfortable,2,walk_comfortable,3,walk_fast,0.7003744840621948,0.001690040109679103,0.0029150815680623055,0.28743869066238403,0.7003744840621948,0.007581688463687897
C:/Users/KUBA/GitProjects/WKIRO-Project/data/SM019/Session1/Overground_Walk/Walk_Comfortable/Post_Process/Walk_Comfortable7.csv,5,SM019,Session1,overground,walk,comfortable,2,walk_comfortable,2,walk_comfortable,0.90497225522995,0.0009110422106459737,0.0008327627438120544,0.90497225522995,0.046631745994091034,0.04665222764015198
C:/Users/KUBA/GitProjects/WKIRO-Project/data/SM019/Session1/Overground_Walk/Walk_Fast/Post_Process/Walk_Fast3.csv,2,SM019,Session1,overground,walk,fast,3,walk_fast,3,walk_fast,0.9752105474472046,0.000694499583914876,0.0015746919671073556,0.022041724994778633,0.9752105474472046,0.00047854785225354135
C:/Users/KUBA/GitProjects/WKIRO-Project/data/SM019/Session1/Overground_Walk/Walk_Fast/Post_Process/Walk_Fast4.csv,3,SM019,Session1,overground,walk,fast,3,walk_fast,3,walk_fast,0.9942191243171692,0.00015618601173628122,0.0003793606592807919,0.0051346332766115665,0.9942191243171692,0.00011066949809901416
C:/Users/KUBA/GitProjects/WKIRO-Project/data/SM019/Session1/Overground_Walk/Walk_Slow/Post_Process/Walk_Slow5.csv,8,SM019,Session1,overground,walk,slow,4,walk_slow,4,walk_slow,0.9840171337127686,0.0002364599786233157,0.00015473681560251862,0.015210667625069618,0.00038101975223980844,0.9840171337127686
C:/Users/KUBA/GitProjects/WKIRO-Project/data/SM019/Session1/Overground_Walk/Walk_Slow/Post_Process/Walk_Slow8.csv,7,SM019,Session1,overground,walk,slow,4,walk_slow,4,walk_slow,0.9972745776176453,0.00011602172162383795,4.491475920076482e-05,0.00251973420381546,4.467620237846859e-05,0.9972745776176453
C:/Users/KUBA/GitProjects/WKIRO-Project/data/SM019/Session1/Treadmill_Walk/Treadmill_Walk_Fast/Post_Process/Treadmill_Walk_Fast.csv,119,SM019,Session1,treadmill,walk,fast,3,walk_fast,3,walk_fast,0.9958299398422241,0.00010849646787391976,0.00021872174693271518,0.003764519700780511,0.9958299398422241,7.840759644750506e-05
C:/Users/KUBA/GitProjects/WKIRO-Project/data/SM019/Session2/Overground_Run/Run_Fast/Post_Process/Run_Fast6.csv,1,SM019,Session2,overground,run,fast,1,run_fast,1,run_fast,0.997886598110199,0.0019323985325172544,0.997886598110199,1.1017501492460724e-05,0.00013228890020400286,3.774428478209302e-05
C:/Users/KUBA/GitProjects/WKIRO-Project/data/SM019/Session2/Overground_Walk/Walk_Comfortable/Post_Process/Walk_Comfortable8.csv,2,SM019,Session2,overground,walk,comfortable,2,walk_comfortable,2,walk_comfortable,0.5624319314956665,0.0004503723175730556,0.0007910149288363755,0.5624319314956665,0.425226628780365,0.01110002025961876
C:/Users/KUBA/GitProjects/WKIRO-Project/data/SM019/Session2/Treadmill_Run/Treadmill_Run_Fast/Post_Process/Treadmill_Run_Fast.csv,119,SM019,Session2,treadmill,run,fast,1,run_fast,0,run_comfortable,0.9195060133934021,0.9195060133934021,0.07979490607976913,7.726341573288664e-05,0.00041508357389830053,0.0002066675224341452
C:/Users/KUBA/GitProjects/WKIRO-Project/data/SM019/Session2/Treadmill_Walk/Treadmill_Walk_Slow/Post_Process/Treadmill_Walk_Slow.csv,119,SM019,Session2,treadmill,walk,slow,4,walk_slow,4,walk_slow,0.5332542657852173,0.0002189755905419588,0.00014665545313619077,0.4649198651313782,0.001460211700759828,0.5332542657852173
C:/Users/KUBA/GitProjects/WKIRO-Project/data/TB030/Session1/Overground_Run/Run_Comfortable/Post_Process/Run_Comfortable3.csv,3,TB030,Session1,overground,run,comfortable,0,run_comfortable,0,run_comfortable,0.99538254737854,0.99538254737854,0.00383941107429564,0.00018274922331329435,0.0003476324782241136,0.0002477199595887214
C:/Users/KUBA/GitProjects/WKIRO-Project/data/TB030/Session1/Overground_Run/Run_Fast/Post_Process/Run_Fast8.csv,2,TB030,Session1,overground,run,fast,1,run_fast,1,run_fast,0.9853438138961792,0.01376680750399828,0.9853438138961792,0.0001284265163121745,0.0005474792560562491,0.00021349973394535482
C:/Users/KUBA/GitProjects/WKIRO-Project/data/TB030/Session1/Overground_Run/Run_Fast/Post_Process/Run_Fast9.csv,1,TB030,Session1,overground,run,fast,1,run_fast,1,run_fast,0.9845458269119263,0.014768940396606922,0.9845458269119263,8.420446829404682e-05,0.0004451884888112545,0.00015586298832204193
C:/Users/KUBA/GitProjects/WKIRO-Project/data/TB030/Session1/Overground_Walk/Walk_Fast/Post_Process/Walk_Fast4.csv,3,TB030,Session1,overground,walk,fast,3,walk_fast,3,walk_fast,0.9962873458862305,3.95732386095915e-05,0.00011412347521400079,0.0035014187451452017,0.9962873458862305,5.749726187787019e-05
C:/Users/KUBA/GitProjects/WKIRO-Project/data/TB030/Session1/Treadmill_Walk/Treadmill_Walk_Comfortable/Post_Process/Treadmill_Walk_Comfortable.csv,118,TB030,Session1,treadmill,walk,comfortable,2,walk_comfortable,2,walk_comfortable,0.7054410576820374,0.00016814217087812722,0.00010030056000687182,0.7054410576820374,0.0016551902517676353,0.2926352620124817
C:/Users/KUBA/GitProjects/WKIRO-Project/data/TB030/Session2/Overground_Run/Run_Comfortable/Post_Process/Run_Comfortable5.csv,2,TB030,Session2,overground,run,comfortable,0,run_comfortable,0,run_comfortable,0.9947140216827393,0.9947140216827393,0.004503426607698202,0.00016832465189509094,0.00036187039222568274,0.0002523318398743868
C:/Users/KUBA/GitProjects/WKIRO-Project/data/TB030/Session2/Overground_Run/Run_Fast/Post_Process/Run_Fast1.csv,1,TB030,Session2,overground,run,fast,1,run_fast,1,run_fast,0.9966590404510498,0.0029543510172516108,0.9966590404510498,2.7673948352457955e-05,0.00025486695813015103,0.00010406932415207848
C:/Users/KUBA/GitProjects/WKIRO-Project/data/TB030/Session2/Overground_Walk/Walk_Comfortable/Post_Process/Walk_Comfortable3.csv,6,TB030,Session2,overground,walk,comfortable,2,walk_comfortable,2,walk_comfortable,0.9257969856262207,0.00043459676089696586,0.0004571692261379212,0.9257969856262207,0.04515225812792778,0.02815903164446354
C:/Users/KUBA/GitProjects/WKIRO-Project/data/TB030/Session2/Overground_Walk/Walk_Fast/Post_Process/Walk_Fast2.csv,4,TB030,Session2,overground,walk,fast,3,walk_fast,3,walk_fast,0.9958610534667969,4.179088500677608e-05,0.00014619383728131652,0.0038903793320059776,0.9958610534667969,6.0629459767369553e-05
C:/Users/KUBA/GitProjects/WKIRO-Project/data/TB030/Session2/Overground_Walk/Walk_Slow/Post_Process/Walk_Slow4.csv,7,TB030,Session2,overground,walk,slow,4,walk_slow,2,walk_comfortable,0.8121225237846375,5.3814525017514825e-05,3.147669121972285e-05,0.8121225237846375,0.0015447901096194983,0.18624739348888397
C:/Users/KUBA/GitProjects/WKIRO-Project/data/TB030/Session2/Treadmill_Run/Treadmill_Run_Comfortable/Post_Process/Treadmill_Run_Comfortable.csv,119,TB030,Session2,treadmill,run,comfortable,0,run_comfortable,0,run_comfortable,0.8286496996879578,0.8286496996879578,0.1524348258972168,0.0004235904780216515,0.01825777068734169,0.000234119055676274
C:/Users/KUBA/GitProjects/WKIRO-Project/data/TB030/Session2/Treadmill_Walk/Treadmill_Walk_Slow/Post_Process/Treadmill_Walk_Slow.csv,119,TB030,Session2,treadmill,walk,slow,4,walk_slow,4,walk_slow,0.8830015659332275,0.00019159023941028863,7.816718425601721e-05,0.1163056492805481,0.00042318107443861663,0.8830015659332275
C:/Users/KUBA/GitProjects/WKIRO-Project/data/TK029/Session1/Overground_Run/Run_Comfortable/Post_Process/Run_Comfortable2.csv,3,TK029,Session1,overground,run,comfortable,0,run_comfortable,0,run_comfortable,0.9882385730743408,0.9882385730743408,0.01066675502806902,0.0002259024913655594,0.00047173514030873775,0.0003970277030020952
C:/Users/KUBA/GitProjects/WKIRO-Project/data/TK029/Session1/Overground_Walk/Walk_Comfortable/Post_Process/Walk_Comfortable7.csv,7,TK029,Session1,overground,walk,comfortable,2,walk_comfortable,2,walk_comfortable,0.8720155954360962,0.002233469858765602,0.0024046830367296934,0.8720155954360962,0.0886562317609787,0.03469007462263107
C:/Users/KUBA/GitProjects/WKIRO-Project/data/TK029/Session1/Overground_Walk/Walk_Fast/Post_Process/Walk_Fast1.csv,4,TK029,Session1,overground,walk,fast,3,walk_fast,3,walk_fast,0.6829613447189331,0.003107212483882904,0.005128978285938501,0.3026772737503052,0.6829613447189331,0.006125185638666153
C:/Users/KUBA/GitProjects/WKIRO-Project/data/TK029/Session1/Overground_Walk/Walk_Fast/Post_Process/Walk_Fast3.csv,5,TK029,Session1,overground,walk,fast,3,walk_fast,3,walk_fast,0.6421288251876831,0.0056642936542630196,0.007214824669063091,0.3382032513618469,0.6421288251876831,0.006788785569369793
C:/Users/KUBA/GitProjects/WKIRO-Project/data/TK029/Session1/Overground_Walk/Walk_Slow/Post_Process/Walk_Slow5.csv,8,TK029,Session1,overground,walk,slow,4,walk_slow,4,walk_slow,0.973814845085144,0.00041005329694598913,0.0003142047789879143,0.024725131690502167,0.0007357682916335762,0.973814845085144
C:/Users/KUBA/GitProjects/WKIRO-Project/data/TK029/Session2/Overground_Run/Run_Comfortable/Post_Process/Run_Comfortable1.csv,2,TK029,Session2,overground,run,comfortable,0,run_comfortable,0,run_comfortable,0.9778351783752441,0.9778351783752441,0.02063171938061714,0.00027143742772750556,0.0006933828117325902,0.0005682521732524037
C:/Users/KUBA/GitProjects/WKIRO-Project/data/TK029/Session2/Overground_Run/Run_Comfortable/Post_Process/Run_Comfortable2.csv,2,TK029,Session2,overground,run,comfortable,0,run_comfortable,1,run_fast,0.9911156892776489,0.008382201194763184,0.9911156892776489,6.495068373624235e-05,0.0003085092466790229,0.00012864811287727207
C:/Users/KUBA/GitProjects/WKIRO-Project/data/TK029/Session2/Overground_Run/Run_Fast/Post_Process/Run_Fast1.csv,2,TK029,Session2,overground,run,fast,1,run_fast,1,run_fast,0.8525890111923218,0.14433257281780243,0.8525890111923218,0.0008261654293164611,0.0014047399163246155,0.0008475192589685321
C:/Users/KUBA/GitProjects/WKIRO-Project/data/TK029/Session2/Overground_Run/Run_Fast/Post_Process/Run_Fast5.csv,1,TK029,Session2,overground,run,fast,1,run_fast,1,run_fast,0.9426945447921753,0.05584116280078888,0.9426945447921753,0.00028112056315876544,0.0007562628597952425,0.00042689245310612023
C:/Users/KUBA/GitProjects/WKIRO-Project/data/TK029/Session2/Overground_Run/Run_Fast/Post_Process/Run_Fast9.csv,2,TK029,Session2,overground,run,fast,1,run_fast,1,run_fast,0.9375351667404175,0.06040329486131668,0.9375351667404175,0.00043948431266471744,0.0010463837534189224,0.0005756234168075025
C:/Users/KUBA/GitProjects/WKIRO-Project/data/TK029/Session2/Overground_Walk/Walk_Comfortable/Post_Process/Walk_Comfortable6.csv,4,TK029,Session2,overground,walk,comfortable,2,walk_comfortable,3,walk_fast,0.8955532312393188,0.00012257877096999437,0.0005849318113178015,0.10193280130624771,0.8955532312393188,0.0018064624164253473
C:/Users/KUBA/GitProjects/WKIRO-Project/data/TK029/Session2/Overground_Walk/Walk_Comfortable/Post_Process/Walk_Comfortable7.csv,6,TK029,Session2,overground,walk,comfortable,2,walk_comfortable,2,walk_comfortable,0.5376811027526855,0.002258583204820752,0.003009045496582985,0.5376811027526855,0.44493117928504944,0.01212010532617569
C:/Users/KUBA/GitProjects/WKIRO-Project/data/TK029/Session2/Overground_Walk/Walk_Slow/Post_Process/Walk_Slow2.csv,7,TK029,Session2,overground,walk,slow,4,walk_slow,4,walk_slow,0.9849284887313843,0.00019729044288396835,7.691339851589873e-05,0.014622219838202,0.0001751119561959058,0.9849284887313843
C:/Users/KUBA/GitProjects/WKIRO-Project/data/TK029/Session2/Overground_Walk/Walk_Slow/Post_Process/Walk_Slow8.csv,6,TK029,Session2,overground,walk,slow,4,walk_slow,4,walk_slow,0.799008309841156,0.00031253512133844197,0.00012617991887964308,0.19963805377483368,0.000915020180400461,0.799008309841156
C:/Users/KUBA/GitProjects/WKIRO-Project/data/YX024/Session1/Overground_Run/Run_Comfortable/Post_Process/Run_Comfortable5.csv,2,YX024,Session1,overground,run,comfortable,0,run_comfortable,0,run_comfortable,0.9992638826370239,0.9992638826370239,0.0005967491306364536,3.350144106661901e-05,5.276817682897672e-05,5.3128744184505194e-05
C:/Users/KUBA/GitProjects/WKIRO-Project/data/YX024/Session1/Overground_Run/Run_Fast/Post_Process/Run_Fast1.csv,1,YX024,Session1,overground,run,fast,1,run_fast,1,run_fast,0.9882761836051941,0.010768857784569263,0.9882761836051941,0.00011574200470931828,0.000731484149582684,0.00010769478103611618
C:/Users/KUBA/GitProjects/WKIRO-Project/data/YX024/Session1/Overground_Run/Run_Fast/Post_Process/Run_Fast7.csv,1,YX024,Session1,overground,run,fast,1,run_fast,1,run_fast,0.9870851635932922,0.012242158874869347,0.9870851635932922,8.393788448302075e-05,0.0004546327982097864,0.00013409908569883555
C:/Users/KUBA/GitProjects/WKIRO-Project/data/YX024/Session1/Overground_Walk/Walk_Slow/Post_Process/Walk_Slow6.csv,7,YX024,Session1,overground,walk,slow,4,walk_slow,4,walk_slow,0.6877899765968323,0.0002759146736934781,0.0001580307725816965,0.30845317244529724,0.003322851611301303,0.6877899765968323
C:/Users/KUBA/GitProjects/WKIRO-Project/data/YX024/Session1/Treadmill_Walk/Treadmill_Walk_Comfortable/Post_Process/Treadmill_Walk_Comfortable.csv,119,YX024,Session1,treadmill,walk,comfortable,2,walk_comfortable,4,walk_slow,0.7676063776016235,0.0002965989988297224,0.00013209160533733666,0.23042981326580048,0.0015350714093074203,0.7676063776016235
C:/Users/KUBA/GitProjects/WKIRO-Project/data/YX024/Session2/Overground_Run/Run_Comfortable/Post_Process/Run_Comfortable5.csv,1,YX024,Session2,overground,run,comfortable,0,run_comfortable,0,run_comfortable,0.9992043375968933,0.9992043375968933,0.0006657126359641552,3.0023018553038128e-05,4.145476850681007e-05,5.850130401086062e-05
C:/Users/KUBA/GitProjects/WKIRO-Project/data/YX024/Session2/Overground_Run/Run_Comfortable/Post_Process/Run_Comfortable8.csv,2,YX024,Session2,overground,run,comfortable,0,run_comfortable,0,run_comfortable,0.9839198589324951,0.9839198589324951,0.013667978346347809,0.00026596695533953607,0.0016506362007930875,0.0004956494667567313
C:/Users/KUBA/GitProjects/WKIRO-Project/data/YX024/Session2/Overground_Run/Run_Fast/Post_Process/Run_Fast6.csv,1,YX024,Session2,overground,run,fast,1,run_fast,1,run_fast,0.9823458790779114,0.01665959320962429,0.9823458790779114,0.00012491288362070918,0.0006971587426960468,0.0001725282781990245
C:/Users/KUBA/GitProjects/WKIRO-Project/data/YX024/Session2/Overground_Walk/Walk_Comfortable/Post_Process/Walk_Comfortable1.csv,4,YX024,Session2,overground,walk,comfortable,2,walk_comfortable,2,walk_comfortable,0.9495837688446045,0.00014113722136244178,8.045340655371547e-05,0.9495837688446045,0.042851969599723816,0.00734272226691246
C:/Users/KUBA/GitProjects/WKIRO-Project/data/YX024/Session2/Overground_Walk/Walk_Comfortable/Post_Process/Walk_Comfortable3.csv,4,YX024,Session2,overground,walk,comfortable,2,walk_comfortable,2,walk_comfortable,0.943784236907959,0.00021313597972039133,5.252549090073444e-05,0.943784236907959,0.05031546950340271,0.005634607747197151
C:/Users/KUBA/GitProjects/WKIRO-Project/data/YX024/Session2/Overground_Walk/Walk_Fast/Post_Process/Walk_Fast1.csv,2,YX024,Session2,overground,walk,fast,3,walk_fast,3,walk_fast,0.9804320931434631,0.00042921624844893813,0.0011395446490496397,0.01771310716867447,0.9804320931434631,0.00028604865656234324
C:/Users/KUBA/GitProjects/WKIRO-Project/data/YX024/Session2/Overground_Walk/Walk_Fast/Post_Process/Walk_Fast4.csv,3,YX024,Session2,overground,walk,fast,3,walk_fast,3,walk_fast,0.996345043182373,4.5476834202418104e-05,0.00011479200475150719,0.0034394983667880297,0.996345043182373,5.515762677532621e-05
C:/Users/KUBA/GitProjects/WKIRO-Project/data/YX024/Session2/Overground_Walk/Walk_Slow/Post_Process/Walk_Slow1.csv,9,YX024,Session2,overground,walk,slow,4,walk_slow,4,walk_slow,0.9674487709999084,0.0002883299021050334,0.00017809320706874132,0.03146190941333771,0.0006229064310900867,0.9674487709999084
