source_path,n_windows,participant_id,session,environment,activity,condition,y_true,y_true_name,y_pred,y_pred_name,confidence,proba_female,proba_male
C:/Users/KUBA/GitProjects/WKIRO-Project/data/AJ026/Session1/Overground_Run/Run_Comfortable/Post_Process/Run_Comfortable8.csv,3,AJ026,Session1,overground,run,comfortable,0,female,0,female,0.9999925494194031,0.9999925494194031,7.45299257687293e-06
C:/Users/KUBA/GitProjects/WKIRO-Project/data/AJ026/Session1/Overground_Run/Run_Fast/Post_Process/Run_Fast2.csv,2,AJ026,Session1,overground,run,fast,0,female,0,female,0.9999822974205017,0.9999822974205017,1.7699516320135444e-05
C:/Users/KUBA/GitProjects/WKIRO-Project/data/AJ026/Session1/Overground_Run/Run_Fast/Post_Process/Run_Fast3.csv,2,AJ026,Session1,overground,run,fast,0,female,0,female,0.9999799132347107,0.9999799132347107,2.0060837414348498e-05
C:/Users/KUBA/GitProjects/WKIRO-Project/data/AJ026/Session1/Overground_Run/Run_Fast/Post_Process/Run_Fast4.csv,2,AJ026,Session1,overground,run,fast,0,female,0,female,0.9999828934669495,0.9999828934669495,1.7071541151381098e-05
C:/Users/KUBA/GitProjects/WKIRO-Project/data/AJ026/Session1/Overground_Run/Run_Fast/Post_Process/Run_Fast9.csv,2,AJ026,Session1,overground,run,fast,0,female,0,female,0.9999804496765137,0.9999804496765137,1.9537710613803938e-05
C:/Users/KUBA/GitProjects/WKIRO-Project/data/AJ026/Session1/Overground_Walk/Walk_Slow/Post_Process/Walk_Slow2.csv,10,AJ026,Session1,overground,walk,slow,0,female,0,female,0.9999933242797852,0.9999933242797852,6.7173336901760194e-06
C:/Users/KUBA/GitProjects/WKIRO-Project/data/AJ026/Session1/Overground_Walk/Walk_Slow/Post_Process/Walk_Slow3.csv,10,AJ026,Session1,overground,walk,slow,0,female,0,female,0.9999837875366211,0.9999837875366211,1.627347410249058e-05
C:/Users/KUBA/GitProjects/WKIRO-Project/data/AJ026/Session2/Overground_Run/Run_Comfortable/Post_Process/Run_Comfortable1.csv,4,AJ026,Session2,overground,run,comfortable,0,female,0,female,0.9999849796295166,0.9999849796295166,1.5032627743494231e-05
C:/Users/KUBA/GitProjects/WKIRO-Project/data/AJ026/Session2/Overground_Run/Run_Comfortable/Post_Process/Run_Comfortable7.csv,4,AJ026,Session2,overground,run,comfortable,0,female,0,female,0.9999850392341614,0.9999850392341614,1.4971272321417928e-05
C:/Users/KUBA/GitProjects/WKIRO-Project/data/AJ026/Session2/Overground_Run/Run_Fast/Post_Process/Run_Fast9.csv,3,AJ026,Session2,overground,run,fast,0,female,0,female,0.9999818801879883,0.9999818801879883,1.8082397218677215e-05
C:/Users/KUBA/GitProjects/WKIRO-Project/data/AJ026/Session2/Overground_Walk/Walk_Comfortable/Post_Process/Walk_Comfortable1.csv,6,AJ026,Session2,overground,walk,comfortable,0,female,0,female,0.9999851584434509,0.9999851584434509,1.4823315723333508e-05
C:/Users/KUBA/GitProjects/WKIRO-Project/data/AJ026/Session2/Overground_Walk/Walk_Comfortable/Post_Process/Walk_Comfortable2.csv,5,AJ026,Session2,overground,walk,comfortable,0,female,0,female,0.9999935030937195,0.9999935030937195,6.499200935650151e-06
C:/Users/KUBA/GitProjects/WKIRO-Project/data/AJ026/Session2/Overground_Walk/Walk_Slow/Post_Process/Walk_Slow1.csv,9,AJ026,Session2,overground,walk,slow,0,female,0,female,0.999984860420227,0.999984860420227,1.5126722246350255e-05
C:/Users/KUBA/GitProjects/WKIRO-Project/data/BD004/Session1/Overground_Run/Run_Comfortable/Post_Process/Run_Comfortable10.csv,3,BD004,Session1,overground,run,comfortable,0,female,0,female,0.9999866485595703,0.9999866485595703,1.3354147085919976e-05
C:/Users/KUBA/GitProjects/WKIRO-Project/data/BD004/Session1/Overground_Run/Run_Fast/Post_Process/Run_Fast13.csv,2,BD004,Session1,overground,run,fast,0,female,0,female,0.9999781847000122,0.9999781847000122,2.1780528186354786e-05
C:/Users/KUBA/GitProjects/WKIRO-Project/data/BD004/Session1/Overground_Run/Run_Fast/Post_Process/Run_Fast4.csv,2,BD004,Session1,overground,run,fast,0,female,0,female,0.9999778270721436,0.9999778270721436,2.219163070549257e-05
C:/Users/KUBA/GitProjects/WKIRO-Project/data/BD004/Session1/Overground_Walk/Walk_Slow/Post_Process/Walk_Slow1.csv,13,BD004,Session1,overground,walk,slow,0,female,0,female,0.9999799132347107,0.9999799132347107,2.0056362700415775e-05
C:/Users/KUBA/GitProjects/WKIRO-Project/data/BD004/Session1/Overground_Walk/Walk_Slow/Post_Process/Walk_Slow3.csv,12,BD004,Session1,overground,walk,slow,0,female,0,female,0.9999825358390808,0.9999825358390808,1.7460972230765037e-05
C:/Users/KUBA/GitProjects/WKIRO-Project/data/BD004/Session1/Overground_Walk/Walk_Slow/Post_Process/Walk_Slow4.csv,13,BD004,Session1,overground,walk,slow,0,female,0,female,0.9230695366859436,0.9230695366859436,0.07693037390708923
C:/Users/KUBA/GitProjects/WKIRO-Project/data/BD004/Session1/Overground_Walk/Walk_Slow/Post_Process/Walk_Slow8.csv,9,BD004,Session1,overground,walk,slow,0,female,0,female,0.9999825954437256,0.9999825954437256,1.735870864649769e-05
C:/Users/KUBA/GitProjects/WKIRO-Project/data/BD004/Session2/Overground_Run/Run_Comfortable/Post_Process/Run_Comfortable12.csv,3,BD004,Session2,overground,run,comfortable,0,female,0,female,0.9999837875366211,0.9999837875366211,1.6251524357357994e-05
C:/Users/KUBA/GitProjects/WKIRO-Project/data/BD004/Session2/Overground_Run/Run_Comfortable/Post_Process/Run_Comfortable6.csv,2,BD004,Session2,overground,run,comfortable,0,female,0,female,0.9999837875366211,0.9999837875366211,1.620081820874475e-05
C:/Users/KUBA/GitProjects/WKIRO-Project/data/BD004/Session2/Overground_Run/Run_Fast/Post_Process/Run_Fast13.csv,3,BD004,Session2,overground,run,fast,0,female,0,female,0.9999845623970032,0.9999845623970032,1.5383329809992574e-05
C:/Users/KUBA/GitProjects/WKIRO-Project/data/BD004/Session2/Overground_Run/Run_Fast/Post_Process/Run_Fast15.csv,3,BD004,Session2,overground,run,fast,0,female,0,female,0.999981701374054,0.999981701374054,1.8261642253492028e-05
C:/Users/KUBA/GitProjects/WKIRO-Project/data/BD004/Session2/Overground_Run/Run_Fast/Post_Process/Run_Fast3.csv,2,BD004,Session2,overground,run,fast,0,female,0,female,0.9999825954437256,0.9999825954437256,1.74515662365593e-05
C:/Users/KUBA/GitProjects/WKIRO-Project/data/BD004/Session2/Overground_Run/Run_Fast/Post_Process/Run_Fast5.csv,3,BD004,Session2,overground,run,fast,0,female,0,female,0.9999820590019226,0.9999820590019226,1.796500691852998e-05
C:/Users/KUBA/GitProjects/WKIRO-Project/data/BD004/Session2/Overground_Walk/Walk_Comfortable/Post_Process/Walk_Comfortable1.csv,5,BD004,Session2,overground,walk,comfortable,0,female,0,female,0.9999826550483704,0.9999826550483704,1.7424614270566963e-05
C:/Users/KUBA/GitProjects/WKIRO-Project/data/BD004/Session2/Overground_Walk/Walk_Fast/Post_Process/Walk_Fast2.csv,4,BD004,Session2,overground,walk,fast,0,female,0,female,0.9999890923500061,0.9999890923500061,1.0872763596125878e-05
C:/Users/KUBA/GitProjects/WKIRO-Project/data/BD004/Session2/Treadmill_Walk/Treadmill_Walk_Slow/Post_Process/Treadmill_Walk_Slow.csv,120,BD004,Session2,treadmill,walk,slow,0,female,0,female,0.9999892115592957,0.9999892115592957,1.0857935194508173e-05
C:/Users/KUBA/GitProjects/WKIRO-Project/data/BL025/Session1/Overground_Run/Run_Comfortable/Post_Process/Run_Comfortable2.csv,3,BL025,Session1,overground,run,comfortable,1,male,1,male,0.9999882578849792,1.1703344171110075e-05,0.9999882578849792
C:/Users/KUBA/GitProjects/WKIRO-Project/data/BL025/Session1/Overground_Run/Run_Comfortable/Post_Process/Run_Comfortable8.csv,3,BL025,Session1,overground,run,comfortable,1,male,1,male,0.9999887943267822,1.1205012015125249e-05,0.9999887943267822
C:/Users/KUBA/GitProjects/WKIRO-Project/data/BL025/Session1/Overground_Run/Run_Fast/Post_Process/Run_Fast1.csv,2,BL025,Session1,overground,run,fast,1,male,1,male,0.9999521374702454,4.7830551920924336e-05,0.9999521374702454
C:/Users/KUBA/GitProjects/WKIRO-Project/data/BL025/Session1/Overground_Walk/Walk_Comfortable/Post_Process/Walk_Comfortable6.csv,6,BL025,Session1,overground,walk,comfortable,1,male,1,male,0.9999788403511047,2.1148456653463654e-05,0.9999788403511047
C:/Users/KUBA/GitProjects/WKIRO-Project/data/BL025/Session1/Overground_Walk/Walk_Fast/Post_Process/Walk_Fast4.csv,5,BL025,Session1,overground,walk,fast,1,male,1,male,0.9999793767929077,2.054602009593509e-05,0.9999793767929077
C:/Users/KUBA/GitProjects/WKIRO-Project/data/BL025/Session1/Overground_Walk/Walk_Fast/Post_Process/Walk_Fast7.csv,5,BL025,Session1,overground,walk,fast,1,male,1,male,0.999972939491272,2.7103287720819935e-05,0.999972939491272
C:/Users/KUBA/GitProjects/WKIRO-Project/data/BL025/Session1/Overground_Walk/Walk_Fast/Post_Process/Walk_Fast8.csv,5,BL025,Session1,overground,walk,fast,1,male,1,male,0.9999815225601196,1.8449160052114166e-05,0.9999815225601196
C:/Users/KUBA/GitProjects/WKIRO-Project/data/BL025/Session1/Overground_Walk/Walk_Slow/Post_Process/Walk_Slow1.csv,10,BL025,Session1,overground,walk,slow,1,male,1,male,0.9999753832817078,2.4651235435158014e-05,0.9999753832817078
C:/Users/KUBA/GitProjects/WKIRO-Project/data/BL025/Session1/Treadmill_Walk/Treadmill_Walk_Fast/Post_Process/Treadmill_Walk_Fast.csv,122,BL025,Session1,treadmill,walk,fast,1,male,1,male,0.9999804496765137,1.9544859242159873e-05,0.9999804496765137
C:/Users/KUBA/GitProjects/WKIRO-Project/data/BL025/Session2/Overground_Run/Run_Comfortable/Post_Process/Run_Comfortable2.csv,3,BL025,Session2,overground,run,comfortable,1,male,1,male,0.99998539686203,1.4666832612419967e-05,0.99998539686203
C:/Users/KUBA/GitProjects/WKIRO-Project/data/BL025/Session2/Overground_Run/Run_Fast/Post_Process/Run_Fast3.csv,2,BL025,Session2,overground,run,fast,1,male,1,male,0.9998633861541748,0.00013665940787177533,0.9998633861541748
C:/Users/KUBA/GitProjects/WKIRO-Project/data/BL025/Session2/Overground_Run/Run_Fast/Post_Process/Run_Fast5.csv,1,BL025,Session2,overground,run,fast,1,male,1,male,0.9998074173927307,0.00019255622464697808,0.9998074173927307
C:/Users/KUBA/GitProjects/WKIRO-Project/data/BL025/Session2/Overground_Walk/Walk_Fast/Post_Process/Walk_Fast6.csv,3,BL025,Session2,overground,walk,fast,1,male,1,male,0.9999833106994629,1.6638494344078936e-05,0.9999833106994629
C:/Users/KUBA/GitProjects/WKIRO-Project/data/BL025/Session2/Overground_Walk/Walk_Slow/Post_Process/Walk_Slow5.csv,10,BL025,Session2,overground,walk,slow,1,male,1,male,0.9999625086784363,3.752532211365178e-05,0.9999625086784363
C:/Users/KUBA/GitProjects/WKIRO-Project/data/CF027/Session1/Overground_Run/Run_Comfortable/Post_Process/Run_Comfortable3.csv,3,CF027,Session1,overground,run,comfortable,1,male,1,male,0.9999931454658508,6.8329227360663936e-06,0.9999931454658508
C:/Users/KUBA/GitProjects/WKIRO-Project/data/CF027/Session1/Overground_Run/Run_Fast/Post_Process/Run_Fast6.csv,2,CF027,Session1,overground,run,fast,1,male,1,male,0.9999796152114868,2.0417604901012965e-05,0.9999796152114868
C:/Users/KUBA/GitProjects/WKIRO-Project/data/CF027/Session1/Overground_Run/Run_Fast/Post_Process/Run_Fast8.csv,1,CF027,Session1,overground,run,fast,1,male,1,male,0.9999829530715942,1.7096075680456124e-05,0.9999829530715942
C:/Users/KUBA/GitProjects/WKIRO-Project/data/CF027/Session1/Overground_Walk/Walk_Comfortable/Post_Process/Walk_Comfortable8.csv,7,CF027,Session1,overground,walk,comfortable,1,male,1,male,0.9999900460243225,9.986521035898477e-06,0.9999900460243225
C:/Users/KUBA/GitProjects/WKIRO-Project/data/CF027/Session1/Overground_Walk/Walk_Fast/Post_Process/Walk_Fast6.csv,3,CF027,Session1,overground,walk,fast,1,male,1,male,0.9999935626983643,6.449346983572468e-06,0.9999935626983643
C:/Users/KUBA/GitProjects/WKIRO-Project/data/CF027/Session1/Treadmill_Walk/Treadmill_Walk_Fast/Post_Process/Treadmill_Walk_Fast.csv,120,CF027,Session1,treadmill,walk,fast,1,male,1,male,0.9999939203262329,6.093919182603713e-06,0.9999939203262329
C:/Users/KUBA/GitProjects/WKIRO-Project/data/CF027/Session2/Overground_Run/Run_Comfortable/Post_Process/Run_Comfortable3.csv,3,CF027,Session2,overground,run,comfortable,1,male,1,male,0.9999904632568359,9.475691513216589e-06,0.9999904632568359
C:/Users/KUBA/GitProjects/WKIRO-Project/data/CF027/Session2/Overground_Run/Run_Fast/Post_Process/Run_Fast3.csv,2,CF027,Session2,overground,run,fast,1,male,1,male,0.9999876618385315,1.23211511890986e-05,0.9999876618385315
C:/Users/KUBA/GitProjects/WKIRO-Project/data/CF027/Session2/Overground_Run/Run_Fast/Post_Process/Run_Fast6.csv,2,CF027,Session2,overground,run,fast,1,male,1,male,0.9999793767929077,2.0642019080696627e-05,0.9999793767929077
C:/Users/KUBA/GitProjects/WKIRO-Project/data/CF027/Session2/Overground_Run/Run_Fast/Post_Process/Run_Fast7.csv,2,CF027,Session2,overground,run,fast,1,male,1,male,0.9999904632568359,9.517276339465752e-06,0.9999904632568359
C:/Users/KUBA/GitProjects/WKIRO-Project/data/CF027/Session2/Overground_Walk/Walk_Comfortable/Post_Process/Walk_Comfortable4.csv,5,CF027,Session2,overground,walk,comfortable,1,male,1,male,0.999993622303009,6.391310307662934e-06,0.999993622303009
C:/Users/KUBA/GitProjects/WKIRO-Project/data/CF027/Session2/Overground_Walk/Walk_Fast/Post_Process/Walk_Fast8.csv,4,CF027,Session2,overground,walk,fast,1,male,1,male,0.9999940395355225,5.9969329413434025e-06,0.9999940395355225
C:/Users/KUBA/GitProjects/WKIRO-Project/data/CF027/Session2/Overground_Walk/Walk_Slow/Post_Process/Walk_Slow5.csv,9,CF027,Session2,overground,walk,slow,1,male,1,male,0.9999903440475464,9.707749995868653e-06,0.9999903440475464
C:/Users/KUBA/GitProjects/WKIRO-Project/data/CF027/Session2/Treadmill_Run/Treadmill_Run_Comfortable/Post_Process/Treadmill_Run_Comfortable.csv,120,CF027,Session2,treadmill,run,comfortable,1,male,1,male,0.9999931454658508,6.844312792964047e-06,0.9999931454658508
C:/Users/KUBA/GitProjects/WKIRO-Project/data/CL007/Session1/Overground_Run/Run_Fast/Post_Process/Run_Fast4.csv,3,CL007,Session1,overground,run,fast,0,female,0,female,0.9999914169311523,0.9999914169311523,8.60046930029057e-06
C:/Users/KUBA/GitProjects/WKIRO-Project/data/CL007/Session1/Overground_Run/Run_Fast/Post_Process/Run_Fast6.csv,2,CL007,Session1,overground,run,fast,0,female,0,female,0.9999920725822449,0.9999920725822449,7.902257493697107e-06
C:/Users/KUBA/GitProjects/WKIRO-Project/data/CL007/Session1/Overground_Run/Run_Fast/Post_Process/Run_Fast7.csv,2,CL007,Session1,overground,run,fast,0,female,0,female,0.9999791979789734,0.9999791979789734,2.0782612409675494e-05
C:/Users/KUBA/GitProjects/WKIRO-Project/data/CL007/Session1/Overground_Walk/Walk_Comfortable/Post_Process/Walk_Comfortable2.csv,4,CL007,Session1,overground,walk,comfortable,0,female,0,female,0.9999931454658508,0.9999931454658508,6.8383901634661015e-06
C:/Users/KUBA/GitProjects/WKIRO-Project/data/CL007/Session1/Overground_Walk/Walk_Fast/Post_Process/Walk_Fast6.csv,3,CL007,Session1,overground,walk,fast,0,female,0,female,0.9999942779541016,0.9999942779541016,5.703637270926265e-06
C:/Users/KUBA/GitProjects/WKIRO-Project/data/CL007/Session1/Overground_Walk/Walk_Slow/Post_Process/Walk_Slow7.csv,7,CL007,Session1,overground,walk,slow,0,female,0,female,0.9999852776527405,0.9999852776527405,1.4736004231963307e-05
C:/Users/KUBA/GitProjects/WKIRO-Project/data/CL007/Session2/Overground_Run/Run_Comfortable/Post_Process/Run_Comfortable1.csv,3,CL007,Session2,overground,run,comfortable,0,female,0,female,0.9999855160713196,0.9999855160713196,1.4475020179816056e-05
C:/Users/KUBA/GitProjects/WKIRO-Project/data/CL007/Session2/Overground_Run/Run_Comfortable/Post_Process/Run_Comfortable4.csv,3,CL007,Session2,overground,run,comfortable,0,female,0,female,0.9999926090240479,0.9999926090240479,7.397393801511498e-06
C:/Users/KUBA/GitProjects/WKIRO-Project/data/CL007/Session2/Overground_Run/Run_Fast/Post_Process/Run_Fast11.csv,2,CL007,Session2,overground,run,fast,0,female,0,female,0.9999803304672241,0.9999803304672241,1.9675810108310543e-05
C:/Users/KUBA/GitProjects/WKIRO-Project/data/CL007/Session2/Overground_Walk/Walk_Fast/Post_Process/Walk_Fast2.csv,4,CL007,Session2,overground,walk,fast,0,female,0,female,0.999991774559021,0.999991774559021,8.239873750426341e-06
C:/Users/KUBA/GitProjects/WKIRO-Project/data/CL007/Session2/Overground_Walk/Walk_Fast/Post_Process/Walk_Fast6.csv,3,CL007,Session2,overground,walk,fast,0,female,0,female,0.9999954104423523,0.9999954104423523,4.537304903351469e-06
C:/Users/KUBA/GitProjects/WKIRO-Project/data/CL007/Session2/Overground_Walk/Walk_Fast/Post_Process/Walk_Fast7.csv,4,CL007,Session2,overground,walk,fast,0,female,0,female,0.9999862909317017,0.9999862909317017,1.3692872926185373e-05
C:/Users/KUBA/GitProjects/WKIRO-Project/data/CL007/Session2/Overground_Walk/Walk_Slow/Post_Process/Walk_Slow8.csv,6,CL007,Session2,overground,walk,slow,0,female,0,female,0.9999943375587463,0.9999943375587463,5.65737309443648e-06
C:/Users/KUBA/GitProjects/WKIRO-Project/data/CL007/Session2/Treadmill_Run/Treadmill_Run_Fast/Post_Process/Treadmill_Run_Fast.csv,120,CL007,Session2,treadmill,run,fast,0,female,0,female,0.9999903440475464,0.9999903440475464,9.651038453739602e-06
C:/Users/KUBA/GitProjects/WKIRO-Project/data/CL007/Session2/Treadmill_Walk/Treadmill_Walk_Fast/Post_Process/Treadmill_Walk_Fast.csv,120,CL007,Session2,treadmill,walk,fast,0,female,0,female,0.9999939203262329,0.9999939203262329,6.094516720622778e-06
C:/Users/KUBA/GitProjects/WKIRO-Project/data/DA013/Session1/Overground_Run/Run_Comfortable/Post_Process/Run_Comfortable1.csv,3,DA013,Session1,overground,run,comfortable,1,male,1,male,0.9999938011169434,6.190572094055824e-06,0.9999938011169434
C:/Users/KUBA/GitProjects/WKIRO-Project/data/DA013/Session1/Overground_Run/Run_Comfortable/Post_Process/Run_Comfortable5.csv,3,DA013,Session1,overground,run,comfortable,1,male,1,male,0.9999919533729553,8.019680535653606e-06,0.9999919533729553
C:/Users/KUBA/GitProjects/WKIRO-Project/data/DA013/Session1/Overground_Run/Run_Fast/Post_Process/Run_Fast7.csv,2,DA013,Session1,overground,run,fast,1,male,1,male,0.9999783039093018,2.170854713767767e-05,0.9999783039093018
C:/Users/KUBA/GitProjects/WKIRO-Project/data/DA013/Session1/Overground_Run/Run_Fast/Post_Process/Run_Fast9.csv,2,DA013,Session1,overground,run,fast,1,male,1,male,0.9999616742134094,3.8311747630359605e-05,0.9999616742134094
C:/Users/KUBA/GitProjects/WKIRO-Project/data/DA013/Session1/Overground_Walk/Walk_Fast/Post_Process/Walk_Fast1.csv,4,DA013,Session1,overground,walk,fast,1,male,1,male,0.9999852180480957,1.4790881323278882e-05,0.9999852180480957
C:/Users/KUBA/GitProjects/WKIRO-Project/data/DA013/Session1/Overground_Walk/Walk_Fast/Post_Process/Walk_Fast3.csv,4,DA013,Session1,overground,walk,fast,1,male,1,male,0.9999873042106628,1.266699837287888e-05,0.9999873042106628
C:/Users/KUBA/GitProjects/WKIRO-Project/data/DA013/Session2/Overground_Run/Run_Comfortable/Post_Process/Run_Comfortable10.csv,2,DA013,Session2,overground,run,comfortable,1,male,1,male,0.9999904036521912,9.591117304807995e-06,0.9999904036521912
C:/Users/KUBA/GitProjects/WKIRO-Project/data/DA013/Session2/Overground_Run/Run_Comfortable/Post_Process/Run_Comfortable8.csv,3,DA013,Session2,overground,run,comfortable,1,male,1,male,0.9999932646751404,6.751881301170215e-06,0.9999932646751404
C:/Users/KUBA/GitProjects/WKIRO-Project/data/DA013/Session2/Overground_Run/Run_Fast/Post_Process/Run_Fast3.csv,2,DA013,Session2,overground,run,fast,1,male,1,male,0.999984622001648,1.5349800378317013e-05,0.999984622001648
C:/Users/KUBA/GitProjects/WKIRO-Project/data/DA013/Session2/Overground_Run/Run_Fast/Post_Process/Run_Fast4.csv,1,DA013,Session2,overground,run,fast,1,male,1,male,0.9999794960021973,2.0523717466858216e-05,0.9999794960021973
C:/Users/KUBA/GitProjects/WKIRO-Project/data/DA013/Session2/Overground_Walk/Walk_Fast/Post_Process/Walk_Fast4.csv,4,DA013,Session2,overground,walk,fast,1,male,1,male,0.999992847442627,7.169563559727976e-06,0.999992847442627
C:/Users/KUBA/GitProjects/WKIRO-Project/data/DA013/Session2/Overground_Walk/Walk_Slow/Post_Process/Walk_Slow4.csv,8,DA013,Session2,overground,walk,slow,1,male,1,male,0.9999929666519165,7.038639523671009e-06,0.9999929666519165
C:/Users/KUBA/GitProjects/WKIRO-Project/data/DA013/Session2/Overground_Walk/Walk_Slow/Post_Process/Walk_Slow7.csv,8,DA013,Session2,overground,walk,slow,1,male,1,male,0.9999840259552002,1.5942603567964397e-05,0.9999840259552002
C:/Users/KUBA/GitProjects/WKIRO-Project/data/DA013/Session2/Overground_Walk/Walk_Slow/Post_Process/Walk_Slow8.csv,9,DA013,Session2,overground,walk,slow,1,male,1,male,0.999993085861206,6.859853783680592e-06,0.999993085861206
C:/Users/KUBA/GitProjects/WKIRO-Project/data/DC005/Session1/Overground_Run/Run_Comfortable/Post_Process/Run_Comfortable9.csv,3,DC005,Session1,overground,run,comfortable,1,male,1,male,0.9999890923500061,1.088840053853346e-05,0.9999890923500061
C:/Users/KUBA/GitProjects/WKIRO-Project/data/DC005/Session1/Overground_Run/Run_Fast/Post_Process/Run_Fast11.csv,2,DC005,Session1,overground,run,fast,1,male,1,male,0.9999738335609436,2.617201243992895e-05,0.9999738335609436
C:/Users/KUBA/GitProjects/WKIRO-Project/data/DC005/Session1/Overground_Run/Run_Fast/Post_Process/Run_Fast15.csv,2,DC005,Session1,overground,run,fast,1,male,1,male,0.9999890923500061,1.0913749974861275e-05,0.9999890923500061
C:/Users/KUBA/GitProjects/WKIRO-Project/data/DC005/Session1/Overground_Walk/Walk_Fast/Post_Process/Walk_Fast5.csv,3,DC005,Session1,overground,walk,fast,1,male,1,male,0.9999895095825195,1.0463057151355315e-05,0.9999895095825195
C:/Users/KUBA/GitProjects/WKIRO-Project/data/DC005/Session1/Overground_Walk/Walk_Fast/Post_Process/Walk_Fast7.csv,3,DC005,Session1,overground,walk,fast,1,male,1,male,0.9999880790710449,1.1949278814427089e-05,0.9999880790710449
C:/Users/KUBA/GitProjects/WKIRO-Project/data/DC005/Session1/Overground_Walk/Walk_Fast/Post_Process/Walk_Fast9.csv,4,DC005,Session1,overground,walk,fast,1,male,1,male,0.9999896287918091,1.0370942618465051e-05,0.9999896287918091
C:/Users/KUBA/GitProjects/WKIRO-Project/data/DC005/Session1/Treadmill_Walk/Treadmill_Walk_Slow/Post_Process/Treadmill_Walk_Slow.csv,120,DC005,Session1,treadmill,walk,slow,1,male,1,male,0.9999871850013733,1.2854453416366596e-05,0.9999871850013733
C:/Users/KUBA/GitProjects/WKIRO-Project/data/DC005/Session2/Overground_Run/Run_Comfortable/Post_Process/Run_Comfortable1.csv,3,DC005,Session2,overground,run,comfortable,1,male,1,male,0.9999901652336121,9.831503120949492e-06,0.9999901652336121
C:/Users/KUBA/GitProjects/WKIRO-Project/data/DC005/Session2/Overground_Run/Run_Comfortable/Post_Process/Run_Comfortable13.csv,3,DC005,Session2,overground,run,comfortable,1,male,1,male,0.9999898076057434,1.0172527254326269e-05,0.9999898076057434
C:/Users/KUBA/GitProjects/WKIRO-Project/data/DC005/Session2/Overground_Run/Run_Comfortable/Post_Process/Run_Comfortable4.csv,2,DC005,Session2,overground,run,comfortable,1,male,1,male,0.9999834895133972,1.6481573766213842e-05,0.9999834895133972
C:/Users/KUBA/GitProjects/WKIRO-Project/data/DC005/Session2/Overground_Run/Run_Fast/Post_Process/Run_Fast12.csv,2,DC005,Session2,overground,run,fast,1,male,1,male,0.9999857544898987,1.4285726138041355e-05,0.9999857544898987
C:/Users/KUBA/GitProjects/WKIRO-Project/data/DC005/Session2/Overground_Run/Run_Fast/Post_Process/Run_Fast3.csv,3,DC005,Session2,overground,run,fast,1,male,1,male,0.9999749064445496,2.5081353669520468e-05,0.9999749064445496
C:/Users/KUBA/GitProjects/WKIRO-Project/data/DC005/Session2/Overground_Walk/Walk_Comfortable/Post_Process/Walk_Comfortable8.csv,8,DC005,Session2,overground,walk,comfortable,1,male,1,male,0.9999862909317017,1.3714526176045183e-05,0.9999862909317017
C:/Users/KUBA/GitProjects/WKIRO-Project/data/DC005/Session2/Overground_Walk/Walk_Fast/Post_Process/Walk_Fast2.csv,6,DC005,Session2,overground,walk,fast,1,male,1,male,0.9999869465827942,1.3162451978132594e-05,0.9999869465827942
C:/Users/KUBA/GitProjects/WKIRO-Project/data/DC005/Session2/Overground_Walk/Walk_Fast/Post_Process/Walk_Fast4.csv,7,DC005,Session2,overground,walk,fast,1,male,1,male,0.9999862313270569,1.376852742396295e-05,0.9999862313270569
C:/Users/KUBA/GitProjects/WKIRO-Project/data/DC005/Session2/Overground_Walk/Walk_Slow/Post_Process/Walk_Slow4.csv,6,DC005,Session2,overground,walk,slow,1,male,1,male,0.9999876022338867,1.2409781447786372e-05,0.9999876022338867
C:/Users/KUBA/GitProjects/WKIRO-Project/data/DC005/Session2/Treadmill_Run/Treadmill_Run_Fast/Post_Process/Treadmill_Run_Fast.csv,120,DC005,Session2,treadmill,run,fast,1,male,1,male,0.9999892115592957,1.0792724424391054e-05,0.9999892115592957
C:/Users/KUBA/GitProjects/WKIRO-Project/data/GF022/Session1/Overground_Run/Run_Comfortable/Post_Process/Run_Comfortable1.csv,4,GF022,Session1,overground,run,comfortable,0,female,0,female,0.9999870657920837,0.9999870657920837,1.2938891813973896e-05
C:/Users/KUBA/GitProjects/WKIRO-Project/data/GF022/Session1/Overground_Run/Run_Comfortable/Post_Process/Run_Comfortable3.csv,3,GF022,Session1,overground,run,comfortable,0,female,0,female,0.9999852180480957,0.9999852180480957,1.4815773283771705e-05
C:/Users/KUBA/GitProjects/WKIRO-Project/data/GF022/Session1/Overground_Run/Run_Comfortable/Post_Process/Run_Comfortable4.csv,3,GF022,Session1,overground,run,comfortable,0,female,0,female,0.9999845623970032,0.9999845623970032,1.5467567209270783e-05
C:/Users/KUBA/GitProjects/WKIRO-Project/data/GF022/Session1/Overground_Run/Run_Comfortable/Post_Process/Run_Comfortable6.csv,3,GF022,Session1,overground,run,comfortable,0,female,0,female,0.9999678730964661,0.9999678730964661,3.20961007673759e-05
C:/Users/KUBA/GitProjects/WKIRO-Project/data/GF022/Session1/Overground_Run/Run_Fast/Post_Process/Run_Fast2.csv,2,GF022,Session1,overground,run,fast,0,female,0,female,0.99797123670578,0.99797123670578,0.0020287770312279463
C:/Users/KUBA/GitProjects/WKIRO-Project/data/GF022/Session1/Overground_Walk/Walk_Comfortable/Post_Process/Walk_Comfortable3.csv,8,GF022,Session1,overground,walk,comfortable,0,female,0,female,0.9999852776527405,0.9999852776527405,1.4720661056344397e-05
C:/Users/KUBA/GitProjects/WKIRO-Project/data/GF022/Session1/Overground_Walk/Walk_Slow/Post_Process/Walk_Slow1.csv,7,GF022,Session1,overground,walk,slow,0,female,0,female,0.9999856352806091,0.9999856352806091,1.4360046407091431e-05
C:/Users/KUBA/GitProjects/WKIRO-Project/data/GF022/Session2/Overground_Run/Run_Fast/Post_Process/Run_Fast2.csv,2,GF022,Session2,overground,run,fast,0,female,0,female,0.9995684623718262,0.9995684623718262,0.00043156981701031327
C:/Users/KUBA/GitProjects/WKIRO-Project/data/GF022/Session2/Overground_Run/Run_Fast/Post_Process/Run_Fast3.csv,2,GF022,Session2,overground,run,fast,0,female,0,female,0.9999665021896362,0.9999665021896362,3.3524775062687695e-05
C:/Users/KUBA/GitProjects/WKIRO-Project/data/GF022/Session2/Overground_Run/Run_Fast/Post_Process/Run_Fast4.csv,2,GF022,Session2,overground,run,fast,0,female,0,female,0.9999709725379944,0.9999709725379944,2.9060734959784895e-05
C:/Users/KUBA/GitProjects/WKIRO-Project/data/GF022/Session2/Overground_Walk/Walk_Comfortable/Post_Process/Walk_Comfortable4.csv,6,GF022,Session2,overground,walk,comfortable,0,female,0,female,0.999992847442627,0.999992847442627,7.16651857146644e-06
C:/Users/KUBA/GitProjects/WKIRO-Project/data/GF022/Session2/Overground_Walk/Walk_Comfortable/Post_Process/Walk_Comfortable6.csv,6,GF022,Session2,overground,walk,comfortable,0,female,0,female,0.999993085861206,0.999993085861206,6.936323188710958e-06
C:/Users/KUBA/GitProjects/WKIRO-Project/data/GF022/Session2/Overground_Walk/Walk_Fast/Post_Process/Walk_Fast2.csv,5,GF022,Session2,overground,walk,fast,0,female,0,female,0.9999940991401672,0.9999940991401672,5.854250957781915e-06
C:/Users/KUBA/GitProjects/WKIRO-Project/data/GF022/Session2/Overground_Walk/Walk_Slow/Post_Process/Walk_Slow1.csv,11,GF022,Session2,overground,walk,slow,0,female,0,female,0.9999867081642151,0.9999867081642151,1.329671431449242e-05
C:/Users/KUBA/GitProjects/WKIRO-Project/data/GM001/Session1/Overground_Run/Run_Comfortable/Post_Process/Run_Comfortable7.csv,3,GM001,Session1,overground,run,comfortable,1,male,1,male,0.9999890923500061,1.0913604455708992e-05,0.9999890923500061
C:/Users/KUBA/GitProjects/WKIRO-Project/data/GM001/Session1/Overground_Run/Run_Fast/Post_Process/Run_Fast12.csv,1,GM001,Session1,overground,run,fast,1,male,1,male,0.9999549388885498,4.5022567064734176e-05,0.9999549388885498
C:/Users/KUBA/GitProjects/WKIRO-Project/data/GM001/Session1/Overground_Run/Run_Fast/Post_Process/Run_Fast9.csv,1,GM001,Session1,overground,run,fast,1,male,1,male,0.9999778270721436,2.2187794456840493e-05,0.9999778270721436
C:/Users/KUBA/GitProjects/WKIRO-Project/data/GM001/Session1/Overground_Walk/Walk_Comfortable/Post_Process/Walk_Comfortable7.csv,5,GM001,Session1,overground,walk,comfortable,1,male,1,male,0.9999879002571106,1.2086902643204667e-05,0.9999879002571106
C:/Users/KUBA/GitProjects/WKIRO-Project/data/GM001/Session1/Overground_Walk/Walk_Comfortable/Post_Process/Walk_Comfortable8.csv,5,GM001,Session1,overground,walk,comfortable,1,male,1,male,0.9999931454658508,6.868381660751766e-06,0.9999931454658508
C:/Users/KUBA/GitProjects/WKIRO-Project/data/GM001/Session1/Overground_Walk/Walk_Comfortable/Post_Process/Walk_Comfortable9.csv,5,GM001,Session1,overground,walk,comfortable,1,male,1,male,0.9999884366989136,1.1463945156720001e-05,0.9999884366989136
C:/Users/KUBA/GitProjects/WKIRO-Project/data/GM001/Session1/Overground_Walk/Walk_Fast/Post_Process/Walk_Fast2.csv,2,GM001,Session1,overground,walk,fast,1,male,1,male,0.9999945759773254,5.433701517176814e-06,0.9999945759773254
C:/Users/KUBA/GitProjects/WKIRO-Project/data/GM001/Session1/Overground_Walk/Walk_Slow/Post_Process/Walk_Slow3.csv,9,GM001,Session1,overground,walk,slow,1,male,1,male,0.9999879002571106,1.2039284229103941e-05,0.9999879002571106
C:/Users/KUBA/GitProjects/WKIRO-Project/data/GM001/Session2/Overground_Run/Run_Comfortable/Post_Process/Run_Comfortable6.csv,4,GM001,Session2,overground,run,comfortable,1,male,1,male,0.9999927282333374,7.218140126497019e-06,0.9999927282333374
C:/Users/KUBA/GitProjects/WKIRO-Project/data/GM001/Session2/Overground_Run/Run_Fast/Post_Process/Run_Fast12.csv,2,GM001,Session2,overground,run,fast,1,male,1,male,0.9999804496765137,1.9525708921719342e-05,0.9999804496765137
C:/Users/KUBA/GitProjects/WKIRO-Project/data/GM001/Session2/Overground_Run/Run_Fast/Post_Process/Run_Fast4.csv,2,GM001,Session2,overground,run,fast,1,male,1,male,0.9999895691871643,1.0408577509224415e-05,0.9999895691871643
C:/Users/KUBA/GitProjects/WKIRO-Project/data/GM001/Session2/Overground_Walk/Walk_Fast/Post_Process/Walk_Fast12.csv,2,GM001,Session2,overground,walk,fast,1,male,1,male,0.9999952912330627,4.734497906611068e-06,0.9999952912330627
C:/Users/KUBA/GitProjects/WKIRO-Project/data/GM001/Session2/Overground_Walk/Walk_Fast/Post_Process/Walk_Fast2.csv,3,GM001,Session2,overground,walk,fast,1,male,1,male,0.9999942779541016,5.810511993331602e-06,0.9999942779541016
C:/Users/KUBA/GitProjects/WKIRO-Project/data/GM001/Session2/Overground_Walk/Walk_Fast/Post_Process/Walk_Fast3.csv,3,GM001,Session2,overground,walk,fast,1,male,1,male,0.9999873042106628,1.2745595995511394e-05,0.9999873042106628
C:/Users/KUBA/GitProjects/WKIRO-Project/data/GM001/Session2/Overground_Walk/Walk_Slow/Post_Process/Walk_Slow1.csv,12,GM001,Session2,overground,walk,slow,1,male,1,male,0.9999876022338867,1.2443528248695657e-05,0.9999876022338867
C:/Users/KUBA/GitProjects/WKIRO-Project/data/GM001/Session2/Treadmill_Walk/Treadmill_Walk_Slow/Post_Process/Treadmill_Walk_Slow.csv,120,GM001,Session2,treadmill,walk,slow,1,male,1,male,0.9999915361404419,8.452231668343302e-06,0.9999915361404419
C:/Users/KUBA/GitProjects/WKIRO-Project/data/GQ016/Session1/Overground_Run/Run_Comfortable/Post_Process/Run_Comfortable1.csv,4,GQ016,Session1,overground,run,comfortable,1,male,1,male,0.999983549118042,1.6417503502452746e-05,0.999983549118042
C:/Users/KUBA/GitProjects/WKIRO-Project/data/GQ016/Session1/Overground_Run/Run_Comfortable/Post_Process/Run_Comfortable3.csv,4,GQ016,Session1,overground,run,comfortable,1,male,1,male,0.9999851584434509,1.484154836361995e-05,0.9999851584434509
C:/Users/KUBA/GitProjects/WKIRO-Project/data/GQ016/Session1/Overground_Run/Run_Comfortable/Post_Process/Run_Comfortable8.csv,2,GQ016,Session1,overground,run,comfortable,1,male,1,male,0.9999898672103882,1.0128188478120137e-05,0.9999898672103882
C:/Users/KUBA/GitProjects/WKIRO-Project/data/GQ016/Session1/Overground_Run/Run_Fast/Post_Process/Run_Fast10.csv,3,GQ016,Session1,overground,run,fast,1,male,1,male,0.9999868273735046,1.3191383914090693e-05,0.9999868273735046
C:/Users/KUBA/GitProjects/WKIRO-Project/data/GQ016/Session1/Overground_Run/Run_Fast/Post_Process/Run_Fast2.csv,2,GQ016,Session1,overground,run,fast,1,male,1,male,0.9999831318855286,1.6858988601597957e-05,0.9999831318855286
C:/Users/KUBA/GitProjects/WKIRO-Project/data/GQ016/Session1/Overground_Run/Run_Fast/Post_Process/Run_Fast4.csv,2,GQ016,Session1,overground,run,fast,1,male,1,male,0.9999873042106628,1.2694687029579654e-05,0.9999873042106628
C:/Users/KUBA/GitProjects/WKIRO-Project/data/GQ016/Session1/Overground_Run/Run_Fast/Post_Process/Run_Fast9.csv,2,GQ016,Session1,overground,run,fast,1,male,1,male,0.9999728202819824,2.715488153626211e-05,0.9999728202819824
C:/Users/KUBA/GitProjects/WKIRO-Project/data/GQ016/Session1/Overground_Walk/Walk_Comfortable/Post_Process/Walk_Comfortable8.csv,5,GQ016,Session1,overground,walk,comfortable,1,male,1,male,0.9999891519546509,1.0846400982700288e-05,0.9999891519546509
C:/Users/KUBA/GitProjects/WKIRO-Project/data/GQ016/Session1/Overground_Walk/Walk_Slow/Post_Process/Walk_Slow7.csv,9,GQ016,Session1,overground,walk,slow,1,male,1,male,0.9999851584434509,1.482024435972562e-05,0.9999851584434509
C:/Users/KUBA/GitProjects/WKIRO-Project/data/GQ016/Session2/Overground_Run/Run_Comfortable/Post_Process/Run_Comfortable1.csv,3,GQ016,Session2,overground,run,comfortable,1,male,1,male,0.9999783635139465,2.1606409063679166e-05,0.9999783635139465
C:/Users/KUBA/GitProjects/WKIRO-Project/data/GQ016/Session2/Overground_Run/Run_Comfortable/Post_Process/Run_Comfortable5.csv,3,GQ016,Session2,overground,run,comfortable,1,male,1,male,0.9999816417694092,1.8346776414546184e-05,0.9999816417694092
C:/Users/KUBA/GitProjects/WKIRO-Project/data/GQ016/Session2/Overground_Walk/Walk_Comfortable/Post_Process/Walk_Comfortable3.csv,5,GQ016,Session2,overground,walk,comfortable,1,male,1,male,0.999983012676239,1.7004978872137144e-05,0.999983012676239
C:/Users/KUBA/GitProjects/WKIRO-Project/data/GQ016/Session2/Overground_Walk/Walk_Comfortable/Post_Process/Walk_Comfortable8.csv,5,GQ016,Session2,overground,walk,comfortable,1,male,1,male,0.9999849200248718,1.5019793863757513e-05,0.9999849200248718
C:/Users/KUBA/GitProjects/WKIRO-Project/data/GQ016/Session2/Overground_Walk/Walk_Fast/Post_Process/Walk_Fast3.csv,4,GQ016,Session2,overground,walk,fast,1,male,1,male,0.9999746680259705,2.5334487872896716e-05,0.9999746680259705
C:/Users/KUBA/GitProjects/WKIRO-Project/data/GQ016/Session2/Overground_Walk/Walk_Slow/Post_Process/Walk_Slow8.csv,5,GQ016,Session2,overground,walk,slow,1,male,1,male,0.9999850988388062,1.4820785509073175e-05,0.9999850988388062
C:/Users/KUBA/GitProjects/WKIRO-Project/data/HN021/Session1/Overground_Run/Run_Comfortable/Post_Process/Run_Comfortable3.csv,6,HN021,Session1,overground,run,comfortable,0,female,0,female,0.9999845623970032,0.9999845623970032,1.540429366286844e-05
C:/Users/KUBA/GitProjects/WKIRO-Project/data/HN021/Session1/Overground_Run/Run_Comfortable/Post_Process/Run_Comfortable7.csv,5,HN021,Session1,overground,run,comfortable,0,female,0,female,0.9999831914901733,0.9999831914901733,1.680784953350667e-05
C:/Users/KUBA/GitProjects/WKIRO-Project/data/HN021/Session1/Overground_Run/Run_Fast/Post_Process/Run_Fast10.csv,2,HN021,Session1,overground,run,fast,0,female,0,female,0.9999889731407166,0.9999889731407166,1.1037291187676601e-05
C:/Users/KUBA/GitProjects/WKIRO-Project/data/HN021/Session1/Overground_Run/Run_Fast/Post_Process/Run_Fast9.csv,2,HN021,Session1,overground,run,fast,0,female,0,female,0.9999775886535645,0.9999775886535645,2.239425157313235e-05
C:/Users/KUBA/GitProjects/WKIRO-Project/data/HN021/Session1/Overground_Walk/Walk_Fast/Post_Process/Walk_Fast1.csv,4,HN021,Session1,overground,walk,fast,0,female,0,female,0.9999850988388062,0.9999850988388062,1.4897636901878286e-05
C:/Users/KUBA/GitProjects/WKIRO-Project/data/HN021/Session1/Overground_Walk/Walk_Fast/Post_Process/Walk_Fast4.csv,5,HN021,Session1,overground,walk,fast,0,female,0,female,0.9999930262565613,0.9999930262565613,6.9100374275876675e-06
C:/Users/KUBA/GitProjects/WKIRO-Project/data/HN021/Session1/Overground_Walk/Walk_Fast/Post_Process/Walk_Fast6.csv,5,HN021,Session1,overground,walk,fast,0,female,0,female,0.9999923706054688,0.9999923706054688,7.606415692862356e-06
C:/Users/KUBA/GitProjects/WKIRO-Project/data/HN021/Session2/Overground_Run/Run_Comfortable/Post_Process/Run_Comfortable6.csv,4,HN021,Session2,overground,run,comfortable,0,female,0,female,0.9999910593032837,0.9999910593032837,8.957466889114585e-06
C:/Users/KUBA/GitProjects/WKIRO-Project/data/HN021/Session2/Overground_Run/Run_Comfortable/Post_Process/Run_Comfortable8.csv,3,HN021,Session2,overground,run,comfortable,0,female,0,female,0.9999925494194031,0.9999925494194031,7.429720881191315e-06
C:/Users/KUBA/GitProjects/WKIRO-Project/data/HN021/Session2/Overground_Run/Run_Fast/Post_Process/Run_Fast5.csv,2,HN021,Session2,overground,run,fast,0,female,0,female,0.9999881982803345,0.9999881982803345,1.1753976650652476e-05
C:/Users/KUBA/GitProjects/WKIRO-Project/data/HN021/Session2/Overground_Run/Run_Fast/Post_Process/Run_Fast6.csv,2,HN021,Session2,overground,run,fast,0,female,0,female,0.9999818205833435,0.9999818205833435,1.8136754079023376e-05
C:/Users/KUBA/GitProjects/WKIRO-Project/data/HN021/Session2/Overground_Walk/Walk_Comfortable/Post_Process/Walk_Comfortable1.csv,6,HN021,Session2,overground,walk,comfortable,0,female,0,female,0.999986469745636,0.999986469745636,1.3523069355869666e-05
C:/Users/KUBA/GitProjects/WKIRO-Project/data/HN021/Session2/Overground_Walk/Walk_Slow/Post_Process/Walk_Slow2.csv,7,HN021,Session2,overground,walk,slow,0,female,0,female,0.999993622303009,0.999993622303009,6.346647751342971e-06
C:/Users/KUBA/GitProjects/WKIRO-Project/data/HN021/Session2/Overground_Walk/Walk_Slow/Post_Process/Walk_Slow4.csv,7,HN021,Session2,overground,walk,slow,0,female,0,female,0.9999938011169434,0.9999938011169434,6.304498583631357e-06
C:/Users/KUBA/GitProjects/WKIRO-Project/data/HS018/Session1/Overground_Run/Run_Comfortable/Post_Process/Run_Comfortable1.csv,3,HS018,Session1,overground,run,comfortable,0,female,0,female,0.999969482421875,0.999969482421875,3.048460894206073e-05
C:/Users/KUBA/GitProjects/WKIRO-Project/data/HS018/Session1/Overground_Run/Run_Comfortable/Post_Process/Run_Comfortable2.csv,3,HS018,Session1,overground,run,comfortable,0,female,0,female,0.9999802708625793,0.9999802708625793,1.9759096176130697e-05
C:/Users/KUBA/GitProjects/WKIRO-Project/data/HS018/Session1/Overground_Run/Run_Comfortable/Post_Process/Run_Comfortable6.csv,3,HS018,Session1,overground,run,comfortable,0,female,0,female,0.9999821782112122,0.9999821782112122,1.7871723684947938e-05
C:/Users/KUBA/GitProjects/WKIRO-Project/data/HS018/Session1/Overground_Run/Run_Fast/Post_Process/Run_Fast4.csv,2,HS018,Session1,overground,run,fast,0,female,0,female,0.99997478723526,0.99997478723526,2.5243369236704893e-05
C:/Users/KUBA/GitProjects/WKIRO-Project/data/HS018/Session1/Overground_Run/Run_Fast/Post_Process/Run_Fast7.csv,2,HS018,Session1,overground,run,fast,0,female,0,female,0.9999783039093018,0.9999783039093018,2.172104359488003e-05
C:/Users/KUBA/GitProjects/WKIRO-Project/data/HS018/Session1/Overground_Walk/Walk_Fast/Post_Process/Walk_Fast3.csv,3,HS018,Session1,overground,walk,fast,0,female,0,female,0.9999880790710449,0.9999880790710449,1.1961732525378466e-05
C:/Users/KUBA/GitProjects/WKIRO-Project/data/HS018/Session1/Overground_Walk/Walk_Fast/Post_Process/Walk_Fast4.csv,4,HS018,Session1,overground,walk,fast,0,female,0,female,0.9999728798866272,0.9999728798866272,2.71530807367526e-05
C:/Users/KUBA/GitProjects/WKIRO-Project/data/HS018/Session1/Overground_Walk/Walk_Slow/Post_Process/Walk_Slow1.csv,5,HS018,Session1,overground,walk,slow,0,female,0,female,0.9999784231185913,0.9999784231185913,2.1612668206216767e-05
C:/Users/KUBA/GitProjects/WKIRO-Project/data/HS018/Session1/Treadmill_Walk/Treadmill_Walk_Comfortable/Post_Process/Treadmill_Walk_Comfortable.csv,120,HS018,Session1,treadmill,walk,comfortable,0,female,0,female,0.9999890923500061,0.9999890923500061,1.0994012882292736e-05
C:/Users/KUBA/GitProjects/WKIRO-Project/data/HS018/Session2/Overground_Run/Run_Comfortable/Post_Process/Run_Comfortable2.csv,3,HS018,Session2,overground,run,comfortable,0,female,0,female,0.9999802708625793,0.9999802708625793,1.965416049642954e-05
C:/Users/KUBA/GitProjects/WKIRO-Project/data/HS018/Session2/Overground_Run/Run_Comfortable/Post_Process/Run_Comfortable4.csv,3,HS018,Session2,overground,run,comfortable,0,female,0,female,0.9999818801879883,0.9999818801879883,1.8080749214277603e-05
C:/Users/KUBA/GitProjects/WKIRO-Project/data/HS018/Session2/Overground_Walk/Walk_Fast/Post_Process/Walk_Fast3.csv,3,HS018,Session2,overground,walk,fast,0,female,0,female,0.9999895095825195,0.9999895095825195,1.0508942068554461e-05
C:/Users/KUBA/GitProjects/WKIRO-Project/data/HS018/Session2/Treadmill_Run/Treadmill_Run_Fast/Post_Process/Treadmill_Run_Fast.csv,120,HS018,Session2,treadmill,run,fast,0,female,0,female,0.9999806880950928,0.9999806880950928,1.931096994667314e-05
C:/Users/KUBA/GitProjects/WKIRO-Project/data/HS018/Session2/Treadmill_Walk/Treadmill_Walk_Slow/Post_Process/Treadmill_Walk_Slow.csv,120,HS018,Session2,treadmill,walk,slow,0,female,0,female,0.999990701675415,0.999990701675415,9.29072302824352e-06
C:/Users/KUBA/GitProjects/WKIRO-Project/data/JS009/Session1/Overground_Run/Run_Comfortable/Post_Process/Run_Comfortable3.csv,3,JS009,Session1,overground,run,comfortable,0,female,0,female,0.9999834895133972,0.9999834895133972,1.6581465388298966e-05
C:/Users/KUBA/GitProjects/WKIRO-Project/data/JS009/Session1/Overground_Run/Run_Comfortable/Post_Process/Run_Comfortable9.csv,2,JS009,Session1,overground,run,comfortable,0,female,0,female,0.9999809265136719,0.9999809265136719,1.9112358131678775e-05
C:/Users/KUBA/GitProjects/WKIRO-Project/data/JS009/Session1/Overground_Run/Run_Fast/Post_Process/Run_Fast1.csv,2,JS009,Session1,overground,run,fast,0,female,0,female,0.9999812245368958,0.9999812245368958,1.8738301150733605e-05
C:/Users/KUBA/GitProjects/WKIRO-Project/data/JS009/Session1/Overground_Run/Run_Fast/Post_Process/Run_Fast13.csv,2,JS009,Session1,overground,run,fast,0,female,0,female,0.9999780654907227,0.9999780654907227,2.1936610210104845e-05
C:/Users/KUBA/GitProjects/WKIRO-Project/data/JS009/Session1/Overground_Run/Run_Fast/Post_Process/Run_Fast7.csv,2,JS009,Session1,overground,run,fast,0,female,0,female,0.9999820590019226,0.9999820590019226,1.795538264559582e-05
C:/Users/KUBA/GitProjects/WKIRO-Project/data/JS009/Session1/Overground_Run/Run_Fast/Post_Process/Run_Fast9.csv,2,JS009,Session1,overground,run,fast,0,female,0,female,0.9999788403511047,0.9999788403511047,2.1170577383600175e-05
C:/Users/KUBA/GitProjects/WKIRO-Project/data/JS009/Session1/Overground_Walk/Walk_Comfortable/Post_Process/Walk_Comfortable4.csv,5,JS009,Session1,overground,walk,comfortable,0,female,0,female,0.9999850988388062,0.9999850988388062,1.489729493187042e-05
C:/Users/KUBA/GitProjects/WKIRO-Project/data/JS009/Session1/Overground_Walk/Walk_Comfortable/Post_Process/Walk_Comfortable6.csv,4,JS009,Session1,overground,walk,comfortable,0,female,0,female,0.9999855756759644,0.9999855756759644,1.4423582797462586e-05
C:/Users/KUBA/GitProjects/WKIRO-Project/data/JS009/Session1/Overground_Walk/Walk_Fast/Post_Process/Walk_Fast2.csv,3,JS009,Session1,overground,walk,fast,0,female,0,female,0.9999855160713196,0.9999855160713196,1.4486407053482253e-05
C:/Users/KUBA/GitProjects/WKIRO-Project/data/JS009/Session1/Overground_Walk/Walk_Fast/Post_Process/Walk_Fast6.csv,3,JS009,Session1,overground,walk,fast,0,female,0,female,0.9999874234199524,0.9999874234199524,1.259022974409163e-05
C:/Users/KUBA/GitProjects/WKIRO-Project/data/JS009/Session1/Overground_Walk/Walk_Fast/Post_Process/Walk_Fast7.csv,4,JS009,Session1,overground,walk,fast,0,female,0,female,0.9999792575836182,0.9999792575836182,2.0765721274074167e-05
C:/Users/KUBA/GitProjects/WKIRO-Project/data/JS009/Session2/Overground_Run/Run_Comfortable/Post_Process/Run_Comfortable9.csv,3,JS009,Session2,overground,run,comfortable,0,female,0,female,0.9999812245368958,0.9999812245368958,1.8781387552735396e-05
C:/Users/KUBA/GitProjects/WKIRO-Project/data/JS009/Session2/Overground_Run/Run_Fast/Post_Process/Run_Fast11.csv,3,JS009,Session2,overground,run,fast,0,female,0,female,0.9999820590019226,0.9999820590019226,1.79779963218607e-05
C:/Users/KUBA/GitProjects/WKIRO-Project/data/JS009/Session2/Overground_Run/Run_Fast/Post_Process/Run_Fast3.csv,2,JS009,Session2,overground,run,fast,0,female,0,female,0.9999735355377197,0.9999735355377197,2.6438247004989535e-05
C:/Users/KUBA/GitProjects/WKIRO-Project/data/JS009/Session2/Overground_Run/Run_Fast/Post_Process/Run_Fast5.csv,2,JS009,Session2,overground,run,fast,0,female,0,female,0.9999791979789734,0.9999791979789734,2.0811959984712303e-05
C:/Users/KUBA/GitProjects/WKIRO-Project/data/JS009/Session2/Overground_Run/Run_Fast/Post_Process/Run_Fast6.csv,2,JS009,Session2,overground,run,fast,0,female,0,female,0.9999684691429138,0.9999684691429138,3.1539431802229956e-05
C:/Users/KUBA/GitProjects/WKIRO-Project/data/JS009/Session2/Overground_Run/Run_Fast/Post_Process/Run_Fast9.csv,2,JS009,Session2,overground,run,fast,0,female,0,female,0.9999819397926331,0.9999819397926331,1.8052731320494786e-05
C:/Users/KUBA/GitProjects/WKIRO-Project/data/JS009/Session2/Overground_Walk/Walk_Fast/Post_Process/Walk_Fast3.csv,4,JS009,Session2,overground,walk,fast,0,female,0,female,0.9999746084213257,0.9999746084213257,2.5342442313558422e-05
C:/Users/KUBA/GitProjects/WKIRO-Project/data/JS009/Session2/Overground_Walk/Walk_Fast/Post_Process/Walk_Fast8.csv,3,JS009,Session2,overground,walk,fast,0,female,0,female,0.9999906420707703,0.9999906420707703,9.32946477405494e-06
C:/Users/KUBA/GitProjects/WKIRO-Project/data/LA014/Session1/Overground_Run/Run_Comfortable/Post_Process/Run_Comfortable8.csv,2,LA014,Session1,overground,run,comfortable,0,female,0,female,0.9999815225601196,0.9999815225601196,1.8501130398362875e-05
C:/Users/KUBA/GitProjects/WKIRO-Project/data/LA014/Session1/Overground_Run/Run_Fast/Post_Process/Run_Fast5.csv,2,LA014,Session1,overground,run,fast,0,female,0,female,0.9999764561653137,0.9999764561653137,2.3514956410508603e-05
C:/Users/KUBA/GitProjects/WKIRO-Project/data/LA014/Session1/Overground_Run/Run_Fast/Post_Process/Run_Fast6.csv,2,LA014,Session1,overground,run,fast,0,female,0,female,0.9996410608291626,0.9996410608291626,0.0003589546540752053
C:/Users/KUBA/GitProjects/WKIRO-Project/data/LA014/Session1/Overground_Walk/Walk_Fast/Post_Process/Walk_Fast6.csv,4,LA014,Session1,overground,walk,fast,0,female,0,female,0.9999861717224121,0.9999861717224121,1.3796994608128443e-05
C:/Users/KUBA/GitProjects/WKIRO-Project/data/LA014/Session1/Overground_Walk/Walk_Slow/Post_Process/Walk_Slow2.csv,6,LA014,Session1,overground,walk,slow,0,female,0,female,0.9999898076057434,0.9999898076057434,1.0152990398637485e-05
C:/Users/KUBA/GitProjects/WKIRO-Project/data/LA014/Session1/Treadmill_Run/Treadmill_Run_Comfortable/Post_Process/Treadmill_Run_Comfortable.csv,120,LA014,Session1,treadmill,run,comfortable,0,female,0,female,0.9999662041664124,0.9999662041664124,3.3807791623985395e-05
C:/Users/KUBA/GitProjects/WKIRO-Project/data/LA014/Session1/Treadmill_Walk/Treadmill_Walk_Fast/Post_Process/Treadmill_Walk_Fast.csv,120,LA014,Session1,treadmill,walk,fast,0,female,0,female,0.999991238117218,0.999991238117218,8.775042260822374e-06
C:/Users/KUBA/GitProjects/WKIRO-Project/data/LA014/Session2/Overground_Run/Run_Comfortable/Post_Process/Run_Comfortable4.csv,3,LA014,Session2,overground,run,comfortable,0,female,0,female,0.999919593334198,0.999919593334198,8.042025001486763e-05
C:/Users/KUBA/GitProjects/WKIRO-Project/data/LA014/Session2/Overground_Run/Run_Comfortable/Post_Process/Run_Comfortable8.csv,3,LA014,Session2,overground,run,comfortable,0,female,0,female,0.9999445080757141,0.9999445080757141,5.548863555304706e-05
C:/Users/KUBA/GitProjects/WKIRO-Project/data/LA014/Session2/Overground_Run/Run_Fast/Post_Process/Run_Fast1.csv,2,LA014,Session2,overground,run,fast,0,female,0,female,0.9998875856399536,0.9998875856399536,0.00011234670819249004
C:/Users/KUBA/GitProjects/WKIRO-Project/data/LA014/Session2/Overground_Run/Run_Fast/Post_Process/Run_Fast3.csv,2,LA014,Session2,overground,run,fast,0,female,0,female,0.9999253153800964,0.9999253153800964,7.465141970897093e-05
C:/Users/KUBA/GitProjects/WKIRO-Project/data/LA014/Session2/Overground_Run/Run_Fast/Post_Process/Run_Fast7.csv,2,LA014,Session2,overground,run,fast,0,female,0,female,0.999945342540741,0.999945342540741,5.464920832309872e-05
C:/Users/KUBA/GitProjects/WKIRO-Project/data/LA014/Session2/Overground_Walk/Walk_Comfortable/Post_Process/Walk_Comfortable8.csv,3,LA014,Session2,overground,walk,comfortable,0,female,0,female,0.9999904632568359,0.9999904632568359,9.535343451716471e-06
C:/Users/KUBA/GitProjects/WKIRO-Project/data/LA014/Session2/Overground_Walk/Walk_Fast/Post_Process/Walk_Fast6.csv,3,LA014,Session2,overground,walk,fast,0,female,0,female,0.9999818801879883,0.9999818801879883,1.8098658983944915e-05
C:/Users/KUBA/GitProjects/WKIRO-Project/data/LA014/Session2/Overground_Walk/Walk_Slow/Post_Process/Walk_Slow1.csv,5,LA014,Session2,overground,walk,slow,0,female,0,female,0.9999755620956421,0.9999755620956421,2.4428189135505818e-05
C:/Users/KUBA/GitProjects/WKIRO-Project/data/LD002/Session1/Overground_Run/Run_Comfortable/Post_Process/Run_Comfortable1.csv,3,LD002,Session1,overground,run,comfortable,1,male,1,male,0.9999849200248718,1.5109450032468885e-05,0.9999849200248718
C:/Users/KUBA/GitProjects/WKIRO-Project/data/LD002/Session1/Overground_Run/Run_Fast/Post_Process/Run_Fast11.csv,2,LD002,Session1,overground,run,fast,1,male,1,male,0.9999657869338989,3.422579902689904e-05,0.9999657869338989
C:/Users/KUBA/GitProjects/WKIRO-Project/data/LD002/Session1/Overground_Run/Run_Fast/Post_Process/Run_Fast12.csv,2,LD002,Session1,overground,run,fast,1,male,1,male,0.9999780654907227,2.1949374058749527e-05,0.9999780654907227
C:/Users/KUBA/GitProjects/WKIRO-Project/data/LD002/Session1/Overground_Run/Run_Fast/Post_Process/Run_Fast4.csv,2,LD002,Session1,overground,run,fast,1,male,1,male,0.9999808669090271,1.9140279619023204e-05,0.9999808669090271
C:/Users/KUBA/GitProjects/WKIRO-Project/data/LD002/Session1/Overground_Run/Run_Fast/Post_Process/Run_Fast9.csv,2,LD002,Session1,overground,run,fast,1,male,1,male,0.9999625086784363,3.751145050046034e-05,0.9999625086784363
C:/Users/KUBA/GitProjects/WKIRO-Project/data/LD002/Session1/Overground_Walk/Walk_Comfortable/Post_Process/Walk_Comfortable10.csv,3,LD002,Session1,overground,walk,comfortable,1,male,1,male,0.9999732375144958,2.6802879801834933e-05,0.9999732375144958
C:/Users/KUBA/GitProjects/WKIRO-Project/data/LD002/Session1/Overground_Walk/Walk_Comfortable/Post_Process/Walk_Comfortable12.csv,4,LD002,Session1,overground,walk,comfortable,1,male,1,male,0.9999863505363464,1.3686943930224515e-05,0.9999863505363464
C:/Users/KUBA/GitProjects/WKIRO-Project/data/LD002/Session1/Overground_Walk/Walk_Fast/Post_Process/Walk_Fast6.csv,3,LD002,Session1,overground,walk,fast,1,male,1,male,0.9999762177467346,2.378071985731367e-05,0.9999762177467346
C:/Users/KUBA/GitProjects/WKIRO-Project/data/LD002/Session2/Overground_Run/Run_Comfortable/Post_Process/Run_Comfortable14.csv,2,LD002,Session2,overground,run,comfortable,1,male,1,male,0.9999863505363464,1.3627028238261119e-05,0.9999863505363464
C:/Users/KUBA/GitProjects/WKIRO-Project/data/LD002/Session2/Overground_Run/Run_Comfortable/Post_Process/Run_Comfortable8.csv,3,LD002,Session2,overground,run,comfortable,1,male,1,male,0.9999890327453613,1.0952535376418382e-05,0.9999890327453613
C:/Users/KUBA/GitProjects/WKIRO-Project/data/LD002/Session2/Overground_Walk/Walk_Comfortable/Post_Process/Walk_Comfortable6.csv,4,LD002,Session2,overground,walk,comfortable,1,male,1,male,0.9999868869781494,1.3150823178875726e-05,0.9999868869781494
C:/Users/KUBA/GitProjects/WKIRO-Project/data/LD002/Session2/Overground_Walk/Walk_Fast/Post_Process/Walk_Fast1.csv,3,LD002,Session2,overground,walk,fast,1,male,1,male,0.9999898076057434,1.0189341992372647e-05,0.9999898076057434
C:/Users/KUBA/GitProjects/WKIRO-Project/data/LD002/Session2/Overground_Walk/Walk_Fast/Post_Process/Walk_Fast6.csv,3,LD002,Session2,overground,walk,fast,1,male,1,male,0.999988853931427,1.1113614164059982e-05,0.999988853931427
C:/Users/KUBA/GitProjects/WKIRO-Project/data/LD002/Session2/Treadmill_Run/Treadmill_Run_Fast/Post_Process/Treadmill_Run_Fast.csv,120,LD002,Session2,treadmill,run,fast,1,male,1,male,0.9999902248382568,9.80999266175786e-06,0.9999902248382568
C:/Users/KUBA/GitProjects/WKIRO-Project/data/LD002/Session2/Treadmill_Walk/Treadmill_Walk_Comfortable/Post_Process/Treadmill_Walk_Comfortable.csv,125,LD002,Session2,treadmill,walk,comfortable,1,male,1,male,0.9999887347221375,1.1355249625921715e-05,0.9999887347221375
C:/Users/KUBA/GitProjects/WKIRO-Project/data/LD002/Session2/Treadmill_Walk/Treadmill_Walk_Fast/Post_Process/Treadmill_Walk_Fast.csv,125,LD002,Session2,treadmill,walk,fast,1,male,1,male,0.9999892711639404,1.0769095752038993e-05,0.9999892711639404
C:/Users/KUBA/GitProjects/WKIRO-Project/data/LF003/Session1/Overground_Run/Run_Comfortable/Post_Process/Run_Comfortable10.csv,3,LF003,Session1,overground,run,comfortable,1,male,1,male,0.9999844431877136,1.5651989087928087e-05,0.9999844431877136
C:/Users/KUBA/GitProjects/WKIRO-Project/data/LF003/Session1/Overground_Run/Run_Comfortable/Post_Process/Run_Comfortable8.csv,3,LF003,Session1,overground,run,comfortable,1,male,1,male,0.9999864101409912,1.3604435480374377e-05,0.9999864101409912
C:/Users/KUBA/GitProjects/WKIRO-Project/data/LF003/Session1/Overground_Run/Run_Fast/Post_Process/Run_Fast3.csv,2,LF003,Session1,overground,run,fast,1,male,1,male,0.9999585747718811,4.143465048400685e-05,0.9999585747718811
C:/Users/KUBA/GitProjects/WKIRO-Project/data/LF003/Session1/Overground_Run/Run_Fast/Post_Process/Run_Fast8.csv,2,LF003,Session1,overground,run,fast,1,male,1,male,0.9999194145202637,8.057927334448323e-05,0.9999194145202637
C:/Users/KUBA/GitProjects/WKIRO-Project/data/LF003/Session1/Overground_Walk/Walk_Fast/Post_Process/Walk_Fast3.csv,3,LF003,Session1,overground,walk,fast,1,male,1,male,0.9999844431877136,1.5531768440268934e-05,0.9999844431877136
C:/Users/KUBA/GitProjects/WKIRO-Project/data/LF003/Session1/Overground_Walk/Walk_Fast/Post_Process/Walk_Fast4.csv,4,LF003,Session1,overground,walk,fast,1,male,1,male,0.9999887347221375,1.1295409422018565e-05,0.9999887347221375
C:/Users/KUBA/GitProjects/WKIRO-Project/data/LF003/Session1/Overground_Walk/Walk_Fast/Post_Process/Walk_Fast9.csv,4,LF003,Session1,overground,walk,fast,1,male,1,male,0.999975860118866,2.4180129912565462e-05,0.999975860118866
C:/Users/KUBA/GitProjects/WKIRO-Project/data/LF003/Session1/Overground_Walk/Walk_Slow/Post_Process/Walk_Slow5.csv,5,LF003,Session1,overground,walk,slow,1,male,1,male,0.9999804496765137,1.9540831999620423e-05,0.9999804496765137
C:/Users/KUBA/GitProjects/WKIRO-Project/data/LF003/Session1/Treadmill_Walk/Treadmill_Walk_Comfortable/Post_Process/Treadmill_Walk_Comfortable.csv,124,LF003,Session1,treadmill,walk,comfortable,1,male,1,male,0.9999887347221375,1.1232625183765776e-05,0.9999887347221375
C:/Users/KUBA/GitProjects/WKIRO-Project/data/LF003/Session1/Treadmill_Walk/Treadmill_Walk_Fast/Post_Process/Treadmill_Walk_Fast.csv,124,LF003,Session1,treadmill,walk,fast,1,male,1,male,0.9999885559082031,1.14388594738557e-05,0.9999885559082031
C:/Users/KUBA/GitProjects/WKIRO-Project/data/LF003/Session2/Overground_Run/Run_Comfortable/Post_Process/Run_Comfortable6.csv,2,LF003,Session2,overground,run,comfortable,1,male,1,male,0.9999817609786987,1.8220925994683057e-05,0.9999817609786987
C:/Users/KUBA/GitProjects/WKIRO-Project/data/LF003/Session2/Overground_Run/Run_Fast/Post_Process/Run_Fast11.csv,2,LF003,Session2,overground,run,fast,1,male,1,male,0.9996322989463806,0.00036770469159819186,0.9996322989463806
C:/Users/KUBA/GitProjects/WKIRO-Project/data/LF003/Session2/Overground_Run/Run_Fast/Post_Process/Run_Fast7.csv,2,LF003,Session2,overground,run,fast,1,male,1,male,0.9999068975448608,9.30427631828934e-05,0.9999068975448608
C:/Users/KUBA/GitProjects/WKIRO-Project/data/LF003/Session2/Overground_Walk/Walk_Fast/Post_Process/Walk_Fast10.csv,2,LF003,Session2,overground,walk,fast,1,male,1,male,0.99998939037323,1.061868078977568e-05,0.99998939037323
C:/Users/KUBA/GitProjects/WKIRO-Project/data/LF003/Session2/Overground_Walk/Walk_Slow/Post_Process/Walk_Slow2.csv,5,LF003,Session2,overground,walk,slow,1,male,1,male,0.9999921917915344,7.9130777521641e-06,0.9999921917915344
C:/Users/KUBA/GitProjects/WKIRO-Project/data/LF003/Session2/Treadmill_Run/Treadmill_Run_Comfortable/Post_Process/Treadmill_Run_Comfortable.csv,120,LF003,Session2,treadmill,run,comfortable,1,male,1,male,0.9999902248382568,9.789550858840812e-06,0.9999902248382568
C:/Users/KUBA/GitProjects/WKIRO-Project/data/LL011/Session1/Overground_Run/Run_Comfortable/Post_Process/Run_Comfortable2.csv,2,LL011,Session1,overground,run,comfortable,1,male,1,male,0.9999843239784241,1.5716866982984357e-05,0.9999843239784241
C:/Users/KUBA/GitProjects/WKIRO-Project/data/LL011/Session1/Overground_Run/Run_Comfortable/Post_Process/Run_Comfortable9.csv,2,LL011,Session1,overground,run,comfortable,1,male,1,male,0.9999825358390808,1.7468506484874524e-05,0.9999825358390808
C:/Users/KUBA/GitProjects/WKIRO-Project/data/LL011/Session1/Overground_Run/Run_Fast/Post_Process/Run_Fast4.csv,2,LL011,Session1,overground,run,fast,1,male,1,male,0.9999815821647644,1.843175050453283e-05,0.9999815821647644
C:/Users/KUBA/GitProjects/WKIRO-Project/data/LL011/Session1/Overground_Run/Run_Fast/Post_Process/Run_Fast5.csv,1,LL011,Session1,overground,run,fast,1,male,1,male,0.9999699592590332,3.0057946787565015e-05,0.9999699592590332
C:/Users/KUBA/GitProjects/WKIRO-Project/data/LL011/Session1/Overground_Walk/Walk_Comfortable/Post_Process/Walk_Comfortable14.csv,5,LL011,Session1,overground,walk,comfortable,1,male,1,male,0.9999950528144836,4.955032181896968e-06,0.9999950528144836
C:/Users/KUBA/GitProjects/WKIRO-Project/data/LL011/Session1/Overground_Walk/Walk_Comfortable/Post_Process/Walk_Comfortable15.csv,5,LL011,Session1,overground,walk,comfortable,1,male,1,male,0.9999893307685852,1.0730547728599049e-05,0.9999893307685852
C:/Users/KUBA/GitProjects/WKIRO-Project/data/LL011/Session1/Overground_Walk/Walk_Comfortable/Post_Process/Walk_Comfortable3.csv,4,LL011,Session1,overground,walk,comfortable,1,male,1,male,0.9999896287918091,1.0361794011259917e-05,0.9999896287918091
C:/Users/KUBA/GitProjects/WKIRO-Project/data/LL011/Session1/Overground_Walk/Walk_Comfortable/Post_Process/Walk_Comfortable9.csv,5,LL011,Session1,overground,walk,comfortable,1,male,1,male,0.9999890327453613,1.0916749488387723e-05,0.9999890327453613
C:/Users/KUBA/GitProjects/WKIRO-Project/data/LL011/Session1/Overground_Walk/Walk_Slow/Post_Process/Walk_Slow7.csv,6,LL011,Session1,overground,walk,slow,1,male,1,male,0.9999887943267822,1.1193533282494172e-05,0.9999887943267822
C:/Users/KUBA/GitProjects/WKIRO-Project/data/LL011/Session2/Overground_Run/Run_Comfortable/Post_Process/Run_Comfortable3.csv,2,LL011,Session2,overground,run,comfortable,1,male,1,male,0.999986469745636,1.3516731996787712e-05,0.999986469745636
C:/Users/KUBA/GitProjects/WKIRO-Project/data/LL011/Session2/Overground_Run/Run_Fast/Post_Process/Run_Fast2.csv,1,LL011,Session2,overground,run,fast,1,male,1,male,0.9999845027923584,1.5497938875341788e-05,0.9999845027923584
C:/Users/KUBA/GitProjects/WKIRO-Project/data/LL011/Session2/Overground_Walk/Walk_Comfortable/Post_Process/Walk_Comfortable5.csv,5,LL011,Session2,overground,walk,comfortable,1,male,1,male,0.9999896883964539,1.0315702638763469e-05,0.9999896883964539
C:/Users/KUBA/GitProjects/WKIRO-Project/data/LL011/Session2/Overground_Walk/Walk_Comfortable/Post_Process/Walk_Comfortable7.csv,5,LL011,Session2,overground,walk,comfortable,1,male,1,male,0.9999898076057434,1.0229388863081113e-05,0.9999898076057434
C:/Users/KUBA/GitProjects/WKIRO-Project/data/LL011/Session2/Overground_Walk/Walk_Comfortable/Post_Process/Walk_Comfortable8.csv,5,LL011,Session2,overground,walk,comfortable,1,male,1,male,0.9999945759773254,5.4380625442718156e-06,0.9999945759773254
C:/Users/KUBA/GitProjects/WKIRO-Project/data/LL011/Session2/Overground_Walk/Walk_Fast/Post_Process/Walk_Fast5.csv,4,LL011,Session2,overground,walk,fast,1,male,1,male,0.9999902248382568,9.785573638509959e-06,0.9999902248382568
C:/Users/KUBA/GitProjects/WKIRO-Project/data/LM012/Session1/Overground_Run/Run_Comfortable/Post_Process/Run_Comfortable1.csv,3,LM012,Session1,overground,run,comfortable,1,male,1,male,0.9999657273292542,3.4239314118167385e-05,0.9999657273292542
C:/Users/KUBA/GitProjects/WKIRO-Project/data/LM012/Session1/Overground_Walk/Walk_Comfortable/Post_Process/Walk_Comfortable4.csv,6,LM012,Session1,overground,walk,comfortable,1,male,1,male,0.9999847412109375,1.5254744539561216e-05,0.9999847412109375
C:/Users/KUBA/GitProjects/WKIRO-Project/data/LM012/Session1/Overground_Walk/Walk_Fast/Post_Process/Walk_Fast1.csv,5,LM012,Session1,overground,walk,fast,1,male,1,male,0.9999866485595703,1.3267938811623026e-05,0.9999866485595703
C:/Users/KUBA/GitProjects/WKIRO-Project/data/LM012/Session1/Overground_Walk/Walk_Fast/Post_Process/Walk_Fast2.csv,4,LM012,Session1,overground,walk,fast,1,male,1,male,0.9999781847000122,2.186279380111955e-05,0.9999781847000122
C:/Users/KUBA/GitProjects/WKIRO-Project/data/LM012/Session1/Overground_Walk/Walk_Fast/Post_Process/Walk_Fast7.csv,4,LM012,Session1,overground,walk,fast,1,male,1,male,0.9999778270721436,2.2120964786154218e-05,0.9999778270721436
C:/Users/KUBA/GitProjects/WKIRO-Project/data/LM012/Session1/Treadmill_Run/Treadmill_Run_Comfortable/Post_Process/Treadmill_Run_Comfortable.csv,120,LM012,Session1,treadmill,run,comfortable,1,male,1,male,0.9999815821647644,1.8443372027832083e-05,0.9999815821647644
C:/Users/KUBA/GitProjects/WKIRO-Project/data/LM012/Session1/Treadmill_Walk/Treadmill_Walk_Comfortable/Post_Process/Treadmill_Walk_Comfortable.csv,120,LM012,Session1,treadmill,walk,comfortable,1,male,1,male,0.999984622001648,1.5421434000018053e-05,0.999984622001648
C:/Users/KUBA/GitProjects/WKIRO-Project/data/LM012/Session2/Overground_Run/Run_Comfortable/Post_Process/Run_Comfortable10.csv,2,LM012,Session2,overground,run,comfortable,1,male,1,male,0.9999279975891113,7.200794789241627e-05,0.9999279975891113
C:/Users/KUBA/GitProjects/WKIRO-Project/data/LM012/Session2/Overground_Run/Run_Comfortable/Post_Process/Run_Comfortable7.csv,2,LM012,Session2,overground,run,comfortable,1,male,1,male,0.9999397993087769,6.020877481205389e-05,0.9999397993087769
C:/Users/KUBA/GitProjects/WKIRO-Project/data/LM012/Session2/Overground_Run/Run_Comfortable/Post_Process/Run_Comfortable9.csv,3,LM012,Session2,overground,run,comfortable,1,male,1,male,0.999954879283905,4.519266076385975e-05,0.999954879283905
C:/Users/KUBA/GitProjects/WKIRO-Project/data/LM012/Session2/Overground_Run/Run_Fast/Post_Process/Run_Fast1.csv,1,LM012,Session2,overground,run,fast,1,male,1,male,0.9991501569747925,0.0008498389506712556,0.9991501569747925
C:/Users/KUBA/GitProjects/WKIRO-Project/data/LM012/Session2/Overground_Walk/Walk_Comfortable/Post_Process/Walk_Comfortable7.csv,4,LM012,Session2,overground,walk,comfortable,1,male,1,male,0.9999499320983887,5.003763362765312e-05,0.9999499320983887
C:/Users/KUBA/GitProjects/WKIRO-Project/data/LM012/Session2/Overground_Walk/Walk_Fast/Post_Process/Walk_Fast2.csv,4,LM012,Session2,overground,walk,fast,1,male,1,male,0.9999802112579346,1.979327316803392e-05,0.9999802112579346
C:/Users/KUBA/GitProjects/WKIRO-Project/data/LM012/Session2/Overground_Walk/Walk_Slow/Post_Process/Walk_Slow8.csv,9,LM012,Session2,overground,walk,slow,1,male,1,male,0.9999768137931824,2.3163605874287896e-05,0.9999768137931824
C:/Users/KUBA/GitProjects/WKIRO-Project/data/MR015/Session1/Overground_Run/Run_Fast/Post_Process/Run_Fast4.csv,2,MR015,Session1,overground,run,fast,1,male,1,male,0.9999781847000122,2.17939250433119e-05,0.9999781847000122
C:/Users/KUBA/GitProjects/WKIRO-Project/data/MR015/Session1/Overground_Run/Run_Fast/Post_Process/Run_Fast5.csv,2,MR015,Session1,overground,run,fast,1,male,1,male,0.9999687671661377,3.126111550955102e-05,0.9999687671661377
C:/Users/KUBA/GitProjects/WKIRO-Project/data/MR015/Session1/Overground_Walk/Walk_Slow/Post_Process/Walk_Slow4.csv,8,MR015,Session1,overground,walk,slow,1,male,1,male,0.9999909400939941,9.073152796190698e-06,0.9999909400939941
C:/Users/KUBA/GitProjects/WKIRO-Project/data/MR015/Session2/Overground_Run/Run_Comfortable/Post_Process/Run_Comfortable1.csv,3,MR015,Session2,overground,run,comfortable,1,male,1,male,0.9999869465827942,1.3063312508165836e-05,0.9999869465827942
C:/Users/KUBA/GitProjects/WKIRO-Project/data/MR015/Session2/Overground_Run/Run_Comfortable/Post_Process/Run_Comfortable10.csv,3,MR015,Session2,overground,run,comfortable,1,male,1,male,0.9999905228614807,9.444082934351172e-06,0.9999905228614807
C:/Users/KUBA/GitProjects/WKIRO-Project/data/MR015/Session2/Overground_Run/Run_Comfortable/Post_Process/Run_Comfortable4.csv,3,MR015,Session2,overground,run,comfortable,1,male,1,male,0.9999921917915344,7.844016181479674e-06,0.9999921917915344
C:/Users/KUBA/GitProjects/WKIRO-Project/data/MR015/Session2/Overground_Run/Run_Comfortable/Post_Process/Run_Comfortable5.csv,3,MR015,Session2,overground,run,comfortable,1,male,1,male,0.9999875426292419,1.246111514774384e-05,0.9999875426292419
C:/Users/KUBA/GitProjects/WKIRO-Project/data/MR015/Session2/Overground_Run/Run_Fast/Post_Process/Run_Fast3.csv,2,MR015,Session2,overground,run,fast,1,male,1,male,0.9999855756759644,1.4396643564396072e-05,0.9999855756759644
C:/Users/KUBA/GitProjects/WKIRO-Project/data/MR015/Session2/Overground_Run/Run_Fast/Post_Process/Run_Fast6.csv,1,MR015,Session2,overground,run,fast,1,male,1,male,0.9999690055847168,3.098846354987472e-05,0.9999690055847168
C:/Users/KUBA/GitProjects/WKIRO-Project/data/MR015/Session2/Overground_Run/Run_Fast/Post_Process/Run_Fast9.csv,1,MR015,Session2,overground,run,fast,1,male,1,male,0.9999740123748779,2.5969015041482635e-05,0.9999740123748779
C:/Users/KUBA/GitProjects/WKIRO-Project/data/MR015/Session2/Overground_Walk/Walk_Comfortable/Post_Process/Walk_Comfortable3.csv,5,MR015,Session2,overground,walk,comfortable,1,male,1,male,0.9999858736991882,1.4018270121596288e-05,0.9999858736991882
C:/Users/KUBA/GitProjects/WKIRO-Project/data/MR015/Session2/Overground_Walk/Walk_Comfortable/Post_Process/Walk_Comfortable8.csv,3,MR015,Session2,overground,walk,comfortable,1,male,1,male,0.9999924302101135,7.568400633317651e-06,0.9999924302101135
C:/Users/KUBA/GitProjects/WKIRO-Project/data/MR015/Session2/Overground_Walk/Walk_Fast/Post_Process/Walk_Fast3.csv,3,MR015,Session2,overground,walk,fast,1,male,1,male,0.9999914169311523,8.536038876627572e-06,0.9999914169311523
C:/Users/KUBA/GitProjects/WKIRO-Project/data/MR015/Session2/Overground_Walk/Walk_Fast/Post_Process/Walk_Fast4.csv,4,MR015,Session2,overground,walk,fast,1,male,1,male,0.9999856948852539,1.4255625501391478e-05,0.9999856948852539
C:/Users/KUBA/GitProjects/WKIRO-Project/data/OB010/Session1/Overground_Run/Run_Comfortable/Post_Process/Run_Comfortable5.csv,3,OB010,Session1,overground,run,comfortable,1,male,1,male,0.9999871850013733,1.2815027730539441e-05,0.9999871850013733
C:/Users/KUBA/GitProjects/WKIRO-Project/data/OB010/Session1/Overground_Walk/Walk_Comfortable/Post_Process/Walk_Comfortable4.csv,4,OB010,Session1,overground,walk,comfortable,1,male,1,male,0.9999935626983643,6.4307250795536675e-06,0.9999935626983643
C:/Users/KUBA/GitProjects/WKIRO-Project/data/OB010/Session1/Overground_Walk/Walk_Fast/Post_Process/Walk_Fast2.csv,3,OB010,Session1,overground,walk,fast,1,male,1,male,0.9999920725822449,7.98985183791956e-06,0.9999920725822449
C:/Users/KUBA/GitProjects/WKIRO-Project/data/OB010/Session1/Treadmill_Walk/Treadmill_Walk_Slow/Post_Process/Treadmill_Walk_Slow.csv,120,OB010,Session1,treadmill,walk,slow,1,male,1,male,0.9999920129776001,8.072884156717919e-06,0.9999920129776001
C:/Users/KUBA/GitProjects/WKIRO-Project/data/OB010/Session2/Overground_Run/Run_Fast/Post_Process/Run_Fast3.csv,2,OB010,Session2,overground,run,fast,1,male,1,male,0.9999869465827942,1.3061740901321173e-05,0.9999869465827942
C:/Users/KUBA/GitProjects/WKIRO-Project/data/OB010/Session2/Overground_Run/Run_Fast/Post_Process/Run_Fast6.csv,1,OB010,Session2,overground,run,fast,1,male,1,male,0.9999808073043823,1.9143590179737657e-05,0.9999808073043823
C:/Users/KUBA/GitProjects/WKIRO-Project/data/OB010/Session2/Overground_Walk/Walk_Fast/Post_Process/Walk_Fast1.csv,3,OB010,Session2,overground,walk,fast,1,male,1,male,0.999987781047821,1.2321480426180642e-05,0.999987781047821
C:/Users/KUBA/GitProjects/WKIRO-Project/data/OB010/Session2/Overground_Walk/Walk_Fast/Post_Process/Walk_Fast2.csv,3,OB010,Session2,overground,walk,fast,1,male,1,male,0.9999887347221375,1.1343926416884642e-05,0.9999887347221375
C:/Users/KUBA/GitProjects/WKIRO-Project/data/OB010/Session2/Overground_Walk/Walk_Fast/Post_Process/Walk_Fast6.csv,3,OB010,Session2,overground,walk,fast,1,male,1,male,0.9999900460243225,9.954076631402131e-06,0.9999900460243225
C:/Users/KUBA/GitProjects/WKIRO-Project/data/OB010/Session2/Overground_Walk/Walk_Fast/Post_Process/Walk_Fast7.csv,4,OB010,Session2,overground,walk,fast,1,male,1,male,0.9999852776527405,1.4708867638546508e-05,0.9999852776527405
C:/Users/KUBA/GitProjects/WKIRO-Project/data/OB010/Session2/Overground_Walk/Walk_Fast/Post_Process/Walk_Fast8.csv,3,OB010,Session2,overground,walk,fast,1,male,1,male,0.9999904632568359,9.566600056132302e-06,0.9999904632568359
C:/Users/KUBA/GitProjects/WKIRO-Project/data/OB010/Session2/Overground_Walk/Walk_Slow/Post_Process/Walk_Slow1.csv,9,OB010,Session2,overground,walk,slow,1,male,1,male,0.9999868869781494,1.3176595530239865e-05,0.9999868869781494
C:/Users/KUBA/GitProjects/WKIRO-Project/data/OB010/Session2/Overground_Walk/Walk_Slow/Post_Process/Walk_Slow4.csv,3,OB010,Session2,overground,walk,slow,1,male,1,male,0.9999881386756897,1.1821422958746552e-05,0.9999881386756897
C:/Users/KUBA/GitProjects/WKIRO-Project/data/OB010/Session2/Overground_Walk/Walk_Slow/Post_Process/Walk_Slow6.csv,5,OB010,Session2,overground,walk,slow,1,male,1,male,0.9999831914901733,1.683292975940276e-05,0.9999831914901733
C:/Users/KUBA/GitProjects/WKIRO-Project/data/OB010/Session2/Treadmill_Walk/Treadmill_Walk_Slow/Post_Process/Treadmill_Walk_Slow.csv,120,OB010,Session2,treadmill,walk,slow,1,male,1,male,0.9999846816062927,1.532469832454808e-05,0.9999846816062927
C:/Users/KUBA/GitProjects/WKIRO-Project/data/PC008/Session1/Overground_Run/Run_Comfortable/Post_Process/Run_Comfortable5.csv,3,PC008,Session1,overground,run,comfortable,0,female,0,female,0.9999869465827942,0.9999869465827942,1.3017338460485917e-05
C:/Users/KUBA/GitProjects/WKIRO-Project/data/PC008/Session1/Overground_Run/Run_Comfortable/Post_Process/Run_Comfortable9.csv,3,PC008,Session1,overground,run,comfortable,0,female,0,female,0.9999873638153076,0.9999873638153076,1.268373762286501e-05
C:/Users/KUBA/GitProjects/WKIRO-Project/data/PC008/Session1/Overground_Run/Run_Fast/Post_Process/Run_Fast10.csv,2,PC008,Session1,overground,run,fast,0,female,0,female,0.9999933242797852,0.9999933242797852,6.685068910883274e-06
C:/Users/KUBA/GitProjects/WKIRO-Project/data/PC008/Session1/Overground_Run/Run_Fast/Post_Process/Run_Fast12.csv,2,PC008,Session1,overground,run,fast,0,female,0,female,0.9999932050704956,0.9999932050704956,6.816244422225282e-06
C:/Users/KUBA/GitProjects/WKIRO-Project/data/PC008/Session1/Overground_Run/Run_Fast/Post_Process/Run_Fast14.csv,2,PC008,Session1,overground,run,fast,0,female,0,female,0.9999898076057434,0.9999898076057434,1.0217648195975926e-05
C:/Users/KUBA/GitProjects/WKIRO-Project/data/PC008/Session1/Overground_Run/Run_Fast/Post_Process/Run_Fast4.csv,2,PC008,Session1,overground,run,fast,0,female,0,female,0.9999851584434509,0.9999851584434509,1.4862784155411646e-05
C:/Users/KUBA/GitProjects/WKIRO-Project/data/PC008/Session1/Overground_Walk/Walk_Fast/Post_Process/Walk_Fast5.csv,4,PC008,Session1,overground,walk,fast,0,female,0,female,0.9999871253967285,0.9999871253967285,1.2842153410019819e-05
C:/Users/KUBA/GitProjects/WKIRO-Project/data/PC008/Session1/Overground_Walk/Walk_Slow/Post_Process/Walk_Slow4.csv,6,PC008,Session1,overground,walk,slow,0,female,0,female,0.9999951720237732,0.9999951720237732,4.868232736043865e-06
C:/Users/KUBA/GitProjects/WKIRO-Project/data/PC008/Session1/Treadmill_Walk/Treadmill_Walk_Fast/Post_Process/Treadmill_Walk_Fast.csv,120,PC008,Session1,treadmill,walk,fast,0,female,0,female,0.9999942779541016,0.9999942779541016,5.780776518804487e-06
C:/Users/KUBA/GitProjects/WKIRO-Project/data/PC008/Session1/Treadmill_Walk/Treadmill_Walk_Slow/Post_Process/Treadmill_Walk_Slow.csv,120,PC008,Session1,treadmill,walk,slow,0,female,0,female,0.9999948143959045,0.9999948143959045,5.275075181998545e-06
C:/Users/KUBA/GitProjects/WKIRO-Project/data/PC008/Session2/Overground_Run/Run_Comfortable/Post_Process/Run_Comfortable1.csv,4,PC008,Session2,overground,run,comfortable,0,female,0,female,0.9999874830245972,0.9999874830245972,1.2554721251945011e-05
C:/Users/KUBA/GitProjects/WKIRO-Project/data/PC008/Session2/Overground_Run/Run_Comfortable/Post_Process/Run_Comfortable12.csv,2,PC008,Session2,overground,run,comfortable,0,female,0,female,0.9999940395355225,0.9999940395355225,5.96162772126263e-06
C:/Users/KUBA/GitProjects/WKIRO-Project/data/PC008/Session2/Overground_Run/Run_Comfortable/Post_Process/Run_Comfortable13.csv,2,PC008,Session2,overground,run,comfortable,0,female,0,female,0.9999857544898987,0.9999857544898987,1.4238772564567626e-05
C:/Users/KUBA/GitProjects/WKIRO-Project/data/PC008/Session2/Overground_Run/Run_Fast/Post_Process/Run_Fast2.csv,2,PC008,Session2,overground,run,fast,0,female,0,female,0.999992847442627,0.999992847442627,7.128887318685884e-06
C:/Users/KUBA/GitProjects/WKIRO-Project/data/PC008/Session2/Overground_Walk/Walk_Comfortable/Post_Process/Walk_Comfortable11.csv,3,PC008,Session2,overground,walk,comfortable,0,female,0,female,0.9999847412109375,0.9999847412109375,1.5317358702304773e-05
C:/Users/KUBA/GitProjects/WKIRO-Project/data/PC008/Session2/Overground_Walk/Walk_Slow/Post_Process/Walk_Slow12.csv,5,PC008,Session2,overground,walk,slow,0,female,0,female,0.9999946355819702,0.9999946355819702,5.354258064471651e-06
C:/Users/KUBA/GitProjects/WKIRO-Project/data/PC008/Session2/Overground_Walk/Walk_Slow/Post_Process/Walk_Slow3.csv,4,PC008,Session2,overground,walk,slow,0,female,0,female,0.9999852776527405,0.9999852776527405,1.4702325643156655e-05
C:/Users/KUBA/GitProjects/WKIRO-Project/data/PC008/Session2/Overground_Walk/Walk_Slow/Post_Process/Walk_Slow6.csv,3,PC008,Session2,overground,walk,slow,0,female,0,female,0.9999949336051941,0.9999949336051941,5.143893304193625e-06
C:/Users/KUBA/GitProjects/WKIRO-Project/data/PC008/Session2/Treadmill_Walk/Treadmill_Walk_Slow/Post_Process/Treadmill_Walk_Slow.csv,120,PC008,Session2,treadmill,walk,slow,0,female,0,female,0.9999950528144836,0.9999950528144836,4.9878208301379345e-06
C:/Users/KUBA/GitProjects/WKIRO-Project/data/PQ006/Session1/Overground_Run/Run_Comfortable/Post_Process/Run_Comfortable5.csv,2,PQ006,Session1,overground,run,comfortable,1,male,1,male,0.9999846816062927,1.530365079815965e-05,0.9999846816062927
C:/Users/KUBA/GitProjects/WKIRO-Project/data/PQ006/Session1/Overground_Run/Run_Fast/Post_Process/Run_Fast7.csv,2,PQ006,Session1,overground,run,fast,1,male,1,male,0.9999780654907227,2.193440741393715e-05,0.9999780654907227
C:/Users/KUBA/GitProjects/WKIRO-Project/data/PQ006/Session1/Overground_Walk/Walk_Comfortable/Post_Process/Walk_Comfortable5.csv,8,PQ006,Session1,overground,walk,comfortable,1,male,1,male,0.9999851584434509,1.484986387367826e-05,0.9999851584434509
C:/Users/KUBA/GitProjects/WKIRO-Project/data/PQ006/Session1/Overground_Walk/Walk_Comfortable/Post_Process/Walk_Comfortable6.csv,7,PQ006,Session1,overground,walk,comfortable,1,male,1,male,0.9999920725822449,7.871830348449294e-06,0.9999920725822449
C:/Users/KUBA/GitProjects/WKIRO-Project/data/PQ006/Session1/Overground_Walk/Walk_Comfortable/Post_Process/Walk_Comfortable9.csv,8,PQ006,Session1,overground,walk,comfortable,1,male,1,male,0.9999834299087524,1.653264189371839e-05,0.9999834299087524
C:/Users/KUBA/GitProjects/WKIRO-Project/data/PQ006/Session1/Overground_Walk/Walk_Fast/Post_Process/Walk_Fast1.csv,6,PQ006,Session1,overground,walk,fast,1,male,1,male,0.9999855160713196,1.4474935596808791e-05,0.9999855160713196
C:/Users/KUBA/GitProjects/WKIRO-Project/data/PQ006/Session1/Overground_Walk/Walk_Fast/Post_Process/Walk_Fast13.csv,4,PQ006,Session1,overground,walk,fast,1,male,1,male,0.9999841451644897,1.579477066115942e-05,0.9999841451644897
C:/Users/KUBA/GitProjects/WKIRO-Project/data/PQ006/Session1/Overground_Walk/Walk_Slow/Post_Process/Walk_Slow14.csv,8,PQ006,Session1,overground,walk,slow,1,male,1,male,0.9999918341636658,8.161623554769903e-06,0.9999918341636658
C:/Users/KUBA/GitProjects/WKIRO-Project/data/PQ006/Session1/Overground_Walk/Walk_Slow/Post_Process/Walk_Slow15.csv,7,PQ006,Session1,overground,walk,slow,1,male,1,male,0.999984085559845,1.5969828382367268e-05,0.999984085559845
C:/Users/KUBA/GitProjects/WKIRO-Project/data/PQ006/Session1/Overground_Walk/Walk_Slow/Post_Process/Walk_Slow2.csv,8,PQ006,Session1,overground,walk,slow,1,male,1,male,0.9999915957450867,8.414518561039586e-06,0.9999915957450867
C:/Users/KUBA/GitProjects/WKIRO-Project/data/PQ006/Session1/Overground_Walk/Walk_Slow/Post_Process/Walk_Slow4.csv,7,PQ006,Session1,overground,walk,slow,1,male,1,male,0.9999909996986389,9.082255928660743e-06,0.9999909996986389
C:/Users/KUBA/GitProjects/WKIRO-Project/data/PQ006/Session1/Treadmill_Walk/Treadmill_Walk_Fast/Post_Process/Treadmill_Walk_Fast.csv,120,PQ006,Session1,treadmill,walk,fast,1,male,1,male,0.9999924898147583,7.479020041500917e-06,0.9999924898147583
C:/Users/KUBA/GitProjects/WKIRO-Project/data/PQ006/Session2/Overground_Run/Run_Comfortable/Post_Process/Run_Comfortable6.csv,2,PQ006,Session2,overground,run,comfortable,1,male,1,male,0.9999929070472717,7.065033969411161e-06,0.9999929070472717
C:/Users/KUBA/GitProjects/WKIRO-Project/data/PQ006/Session2/Overground_Run/Run_Comfortable/Post_Process/Run_Comfortable8.csv,2,PQ006,Session2,overground,run,comfortable,1,male,1,male,0.9999934434890747,6.562751877936535e-06,0.9999934434890747
C:/Users/KUBA/GitProjects/WKIRO-Project/data/PQ006/Session2/Overground_Run/Run_Comfortable/Post_Process/Run_Comfortable9.csv,3,PQ006,Session2,overground,run,comfortable,1,male,1,male,0.9999848008155823,1.5175912267295644e-05,0.9999848008155823
C:/Users/KUBA/GitProjects/WKIRO-Project/data/PQ006/Session2/Overground_Run/Run_Fast/Post_Process/Run_Fast1.csv,3,PQ006,Session2,overground,run,fast,1,male,1,male,0.9999774098396301,2.2544334569829516e-05,0.9999774098396301
C:/Users/KUBA/GitProjects/WKIRO-Project/data/PQ006/Session2/Overground_Run/Run_Fast/Post_Process/Run_Fast7.csv,2,PQ006,Session2,overground,run,fast,1,male,1,male,0.9999851584434509,1.4870644008624367e-05,0.9999851584434509
C:/Users/KUBA/GitProjects/WKIRO-Project/data/PQ006/Session2/Overground_Walk/Walk_Comfortable/Post_Process/Walk_Comfortable6.csv,4,PQ006,Session2,overground,walk,comfortable,1,male,1,male,0.9999895691871643,1.0466706044098828e-05,0.9999895691871643
C:/Users/KUBA/GitProjects/WKIRO-Project/data/PQ006/Session2/Overground_Walk/Walk_Slow/Post_Process/Walk_Slow2.csv,6,PQ006,Session2,overground,walk,slow,1,male,1,male,0.9999896883964539,1.0271548489981797e-05,0.9999896883964539
C:/Users/KUBA/GitProjects/WKIRO-Project/data/RC020/Session1/Overground_Run/Run_Comfortable/Post_Process/Run_Comfortable7.csv,4,RC020,Session1,overground,run,comfortable,0,female,0,female,0.999983549118042,0.999983549118042,1.6457042875117622e-05
C:/Users/KUBA/GitProjects/WKIRO-Project/data/RC020/Session1/Overground_Run/Run_Fast/Post_Process/Run_Fast1.csv,2,RC020,Session1,overground,run,fast,0,female,0,female,0.9999649524688721,0.9999649524688721,3.50210175383836e-05
C:/Users/KUBA/GitProjects/WKIRO-Project/data/RC020/Session1/Overground_Run/Run_Fast/Post_Process/Run_Fast4.csv,2,RC020,Session1,overground,run,fast,0,female,0,female,0.9999834299087524,0.9999834299087524,1.656592939980328e-05
C:/Users/KUBA/GitProjects/WKIRO-Project/data/RC020/Session1/Overground_Walk/Walk_Comfortable/Post_Process/Walk_Comfortable4.csv,4,RC020,Session1,overground,walk,comfortable,0,female,0,female,0.9999889731407166,0.9999889731407166,1.1024209925381001e-05
C:/Users/KUBA/GitProjects/WKIRO-Project/data/RC020/Session1/Overground_Walk/Walk_Comfortable/Post_Process/Walk_Comfortable5.csv,7,RC020,Session1,overground,walk,comfortable,0,female,0,female,0.9999738335609436,0.9999738335609436,2.6172754587605596e-05
C:/Users/KUBA/GitProjects/WKIRO-Project/data/RC020/Session1/Overground_Walk/Walk_Fast/Post_Process/Walk_Fast5.csv,4,RC020,Session1,overground,walk,fast,0,female,0,female,0.9999730587005615,0.9999730587005615,2.6948846425511874e-05
C:/Users/KUBA/GitProjects/WKIRO-Project/data/RC020/Session2/Overground_Run/Run_Comfortable/Post_Process/Run_Comfortable5.csv,3,RC020,Session2,overground,run,comfortable,0,female,0,female,0.9999819397926331,0.9999819397926331,1.8044411262962967e-05
C:/Users/KUBA/GitProjects/WKIRO-Project/data/RC020/Session2/Overground_Run/Run_Comfortable/Post_Process/Run_Comfortable6.csv,2,RC020,Session2,overground,run,comfortable,0,female,0,female,0.9999887943267822,0.9999887943267822,1.1217178325750865e-05
C:/Users/KUBA/GitProjects/WKIRO-Project/data/RC020/Session2/Overground_Run/Run_Fast/Post_Process/Run_Fast8.csv,2,RC020,Session2,overground,run,fast,0,female,0,female,0.9999836683273315,0.9999836683273315,1.6377905922126956e-05
C:/Users/KUBA/GitProjects/WKIRO-Project/data/RC020/Session2/Overground_Run/Run_Fast/Post_Process/Run_Fast9.csv,2,RC020,Session2,overground,run,fast,0,female,0,female,0.9999826550483704,0.9999826550483704,1.738512764859479e-05
C:/Users/KUBA/GitProjects/WKIRO-Project/data/RC020/Session2/Overground_Walk/Walk_Fast/Post_Process/Walk_Fast3.csv,3,RC020,Session2,overground,walk,fast,0,female,0,female,0.9999825954437256,0.9999825954437256,1.742541826388333e-05
C:/Users/KUBA/GitProjects/WKIRO-Project/data/RC020/Session2/Overground_Walk/Walk_Fast/Post_Process/Walk_Fast8.csv,3,RC020,Session2,overground,walk,fast,0,female,0,female,0.9999902844429016,0.9999902844429016,9.664910066931043e-06
C:/Users/KUBA/GitProjects/WKIRO-Project/data/RC020/Session2/Overground_Walk/Walk_Slow/Post_Process/Walk_Slow5.csv,5,RC020,Session2,overground,walk,slow,0,female,0,female,0.9999837875366211,0.9999837875366211,1.6229281754931435e-05
C:/Users/KUBA/GitProjects/WKIRO-Project/data/RC020/Session2/Overground_Walk/Walk_Slow/Post_Process/Walk_Slow6.csv,4,RC020,Session2,overground,walk,slow,0,female,0,female,0.9999914169311523,0.9999914169311523,8.592609447077848e-06
C:/Users/KUBA/GitProjects/WKIRO-Project/data/RC023/Session1/Overground_Run/Run_Fast/Post_Process/Run_Fast3.csv,2,RC023,Session1,overground,run,fast,0,female,0,female,0.9999751448631287,0.9999751448631287,2.4826882508932613e-05
C:/Users/KUBA/GitProjects/WKIRO-Project/data/RC023/Session1/Overground_Walk/Walk_Comfortable/Post_Process/Walk_Comfortable1.csv,5,RC023,Session1,overground,walk,comfortable,0,female,0,female,0.999986469745636,0.999986469745636,1.3590417438535951e-05
C:/Users/KUBA/GitProjects/WKIRO-Project/data/RC023/Session1/Overground_Walk/Walk_Comfortable/Post_Process/Walk_Comfortable2.csv,6,RC023,Session1,overground,walk,comfortable,0,female,0,female,0.9999921917915344,0.9999921917915344,7.77308832766721e-06
C:/Users/KUBA/GitProjects/WKIRO-Project/data/RC023/Session1/Overground_Walk/Walk_Comfortable/Post_Process/Walk_Comfortable5.csv,7,RC023,Session1,overground,walk,comfortable,0,female,0,female,0.9999857544898987,0.9999857544898987,1.4202551938069519e-05
C:/Users/KUBA/GitProjects/WKIRO-Project/data/RC023/Session1/Overground_Walk/Walk_Slow/Post_Process/Walk_Slow2.csv,7,RC023,Session1,overground,walk,slow,0,female,0,female,0.9999929070472717,0.9999929070472717,7.082387128320988e-06
C:/Users/KUBA/GitProjects/WKIRO-Project/data/RC023/Session1/Treadmill_Run/Treadmill_Run_Fast/Post_Process/Treadmill_Run_Fast.csv,120,RC023,Session1,treadmill,run,fast,0,female,0,female,0.9999855756759644,0.9999855756759644,1.4451951756200287e-05
C:/Users/KUBA/GitProjects/WKIRO-Project/data/RC023/Session2/Overground_Run/Run_Comfortable/Post_Process/Run_Comfortable4.csv,3,RC023,Session2,overground,run,comfortable,0,female,0,female,0.9999882578849792,0.9999882578849792,1.1824898138002027e-05
C:/Users/KUBA/GitProjects/WKIRO-Project/data/RC023/Session2/Overground_Run/Run_Fast/Post_Process/Run_Fast9.csv,2,RC023,Session2,overground,run,fast,0,female,0,female,0.9999696612358093,0.9999696612358093,3.0357297873706557e-05
C:/Users/KUBA/GitProjects/WKIRO-Project/data/RC023/Session2/Overground_Walk/Walk_Comfortable/Post_Process/Walk_Comfortable4.csv,5,RC023,Session2,overground,walk,comfortable,0,female,0,female,0.9999925494194031,0.9999925494194031,7.435717179760104e-06
C:/Users/KUBA/GitProjects/WKIRO-Project/data/RC023/Session2/Overground_Walk/Walk_Fast/Post_Process/Walk_Fast6.csv,4,RC023,Session2,overground,walk,fast,0,female,0,female,0.9999943971633911,0.9999943971633911,5.580805009230971e-06
C:/Users/KUBA/GitProjects/WKIRO-Project/data/RC023/Session2/Overground_Walk/Walk_Slow/Post_Process/Walk_Slow3.csv,11,RC023,Session2,overground,walk,slow,0,female,0,female,0.9999944567680359,0.9999944567680359,5.539610356208868e-06
C:/Users/KUBA/GitProjects/WKIRO-Project/data/RC023/Session2/Overground_Walk/Walk_Slow/Post_Process/Walk_Slow5.csv,10,RC023,Session2,overground,walk,slow,0,female,0,female,0.9999944567680359,0.9999944567680359,5.615346708509605e-06
C:/Users/KUBA/GitProjects/WKIRO-Project/data/RC023/Session2/Treadmill_Walk/Treadmill_Walk_Comfortable/Post_Process/Treadmill_Walk_Comfortable.csv,120,RC023,Session2,treadmill,walk,comfortable,0,female,0,female,0.9999935030937195,0.9999935030937195,6.527964615088422e-06
C:/Users/KUBA/GitProjects/WKIRO-Project/data/RC023/Session2/Treadmill_Walk/Treadmill_Walk_Slow/Post_Process/Treadmill_Walk_Slow.csv,120,RC023,Session2,treadmill,walk,slow,0,female,0,female,0.9999940395355225,0.9999940395355225,5.947623776592081e-06
C:/Users/KUBA/GitProjects/WKIRO-Project/data/RV028/Session1/Overground_Run/Run_Comfortable/Post_Process/Run_Comfortable9.csv,2,RV028,Session1,overground,run,comfortable,1,male,1,male,0.9999828934669495,1.7125492377090268e-05,0.9999828934669495
C:/Users/KUBA/GitProjects/WKIRO-Project/data/RV028/Session1/Overground_Walk/Walk_Comfortable/Post_Process/Walk_Comfortable10.csv,7,RV028,Session1,overground,walk,comfortable,1,male,1,male,0.9999868273735046,1.3202248737798072e-05,0.9999868273735046
C:/Users/KUBA/GitProjects/WKIRO-Project/data/RV028/Session1/Overground_Walk/Walk_Fast/Post_Process/Walk_Fast4.csv,5,RV028,Session1,overground,walk,fast,1,male,1,male,0.9999886751174927,1.1348759471729863e-05,0.9999886751174927
C:/Users/KUBA/GitProjects/WKIRO-Project/data/RV028/Session1/Treadmill_Walk/Treadmill_Walk_Comfortable/Post_Process/Treadmill_Walk_Comfortable.csv,118,RV028,Session1,treadmill,walk,comfortable,1,male,1,male,0.999985933303833,1.3947487786936108e-05,0.999985933303833
C:/Users/KUBA/GitProjects/WKIRO-Project/data/RV028/Session2/Overground_Run/Run_Comfortable/Post_Process/Run_Comfortable4.csv,3,RV028,Session2,overground,run,comfortable,1,male,1,male,0.9999887347221375,1.1308767170703504e-05,0.9999887347221375
C:/Users/KUBA/GitProjects/WKIRO-Project/data/RV028/Session2/Overground_Run/Run_Comfortable/Post_Process/Run_Comfortable5.csv,3,RV028,Session2,overground,run,comfortable,1,male,1,male,0.9999879002571106,1.2035406143695582e-05,0.9999879002571106
C:/Users/KUBA/GitProjects/WKIRO-Project/data/RV028/Session2/Overground_Run/Run_Comfortable/Post_Process/Run_Comfortable6.csv,3,RV028,Session2,overground,run,comfortable,1,male,1,male,0.9999892115592957,1.0852550076378975e-05,0.9999892115592957
C:/Users/KUBA/GitProjects/WKIRO-Project/data/RV028/Session2/Overground_Run/Run_Fast/Post_Process/Run_Fast10.csv,2,RV028,Session2,overground,run,fast,1,male,1,male,0.9999727010726929,2.7345377020537853e-05,0.9999727010726929
C:/Users/KUBA/GitProjects/WKIRO-Project/data/RV028/Session2/Overground_Run/Run_Fast/Post_Process/Run_Fast7.csv,2,RV028,Session2,overground,run,fast,1,male,1,male,0.9999812245368958,1.8748221918940544e-05,0.9999812245368958
C:/Users/KUBA/GitProjects/WKIRO-Project/data/RV028/Session2/Overground_Walk/Walk_Comfortable/Post_Process/Walk_Comfortable1.csv,6,RV028,Session2,overground,walk,comfortable,1,male,1,male,0.9999876618385315,1.2240274372743443e-05,0.9999876618385315
C:/Users/KUBA/GitProjects/WKIRO-Project/data/RV028/Session2/Overground_Walk/Walk_Comfortable/Post_Process/Walk_Comfortable5.csv,7,RV028,Session2,overground,walk,comfortable,1,male,1,male,0.9999869465827942,1.311152027483331e-05,0.9999869465827942
C:/Users/KUBA/GitProjects/WKIRO-Project/data/RV028/Session2/Overground_Walk/Walk_Fast/Post_Process/Walk_Fast8.csv,5,RV028,Session2,overground,walk,fast,1,male,1,male,0.9999869465827942,1.3072343790554442e-05,0.9999869465827942
C:/Users/KUBA/GitProjects/WKIRO-Project/data/RV028/Session2/Overground_Walk/Walk_Slow/Post_Process/Walk_Slow3.csv,10,RV028,Session2,overground,walk,slow,1,male,1,male,0.999987781047821,1.2208196494611911e-05,0.999987781047821
C:/Users/KUBA/GitProjects/WKIRO-Project/data/RV028/Session2/Overground_Walk/Walk_Slow/Post_Process/Walk_Slow5.csv,10,RV028,Session2,overground,walk,slow,1,male,1,male,0.9999869465827942,1.308163882640656e-05,0.9999869465827942
C:/Users/KUBA/GitProjects/WKIRO-Project/data/RV028/Session2/Treadmill_Run/Treadmill_Run_Fast/Post_Process/Treadmill_Run_Fast.csv,120,RV028,Session2,treadmill,run,fast,1,male,1,male,0.9999868869781494,1.3045485502516385e-05,0.9999868869781494
C:/Users/KUBA/GitProjects/WKIRO-Project/data/SA017/Session1/Overground_Run/Run_Fast/Post_Process/Run_Fast7.csv,2,SA017,Session1,overground,run,fast,0,female,0,female,0.9999809265136719,0.9999809265136719,1.9045506633119658e-05
C:/Users/KUBA/GitProjects/WKIRO-Project/data/SA017/Session1/Overground_Walk/Walk_Comfortable/Post_Process/Walk_Comfortable1.csv,4,SA017,Session1,overground,walk,comfortable,0,female,0,female,0.9999779462814331,0.9999779462814331,2.2117232219898142e-05
C:/Users/KUBA/GitProjects/WKIRO-Project/data/SA017/Session1/Overground_Walk/Walk_Comfortable/Post_Process/Walk_Comfortable5.csv,3,SA017,Session1,overground,walk,comfortable,0,female,0,female,0.9999859929084778,0.9999859929084778,1.3929849046689924e-05
C:/Users/KUBA/GitProjects/WKIRO-Project/data/SA017/Session1/Overground_Walk/Walk_Slow/Post_Process/Walk_Slow3.csv,6,SA017,Session1,overground,walk,slow,0,female,0,female,0.9999799132347107,0.9999799132347107,2.0087023585801944e-05
C:/Users/KUBA/GitProjects/WKIRO-Project/data/SA017/Session1/Overground_Walk/Walk_Slow/Post_Process/Walk_Slow6.csv,4,SA017,Session1,overground,walk,slow,0,female,0,female,0.9999915361404419,0.9999915361404419,8.38158211990958e-06
C:/Users/KUBA/GitProjects/WKIRO-Project/data/SA017/Session1/Treadmill_Run/Treadmill_Run_Fast/Post_Process/Treadmill_Run_Fast.csv,120,SA017,Session1,treadmill,run,fast,0,female,0,female,0.9999842047691345,0.9999842047691345,1.5740988601464778e-05
C:/Users/KUBA/GitProjects/WKIRO-Project/data/SA017/Session2/Overground_Run/Run_Comfortable/Post_Process/Run_Comfortable10.csv,3,SA017,Session2,overground,run,comfortable,0,female,0,female,0.9999831318855286,0.9999831318855286,1.6797603166196495e-05
C:/Users/KUBA/GitProjects/WKIRO-Project/data/SA017/Session2/Overground_Run/Run_Comfortable/Post_Process/Run_Comfortable2.csv,3,SA017,Session2,overground,run,comfortable,0,female,0,female,0.9999848008155823,0.9999848008155823,1.5210181118163746e-05
C:/Users/KUBA/GitProjects/WKIRO-Project/data/SA017/Session2/Overground_Run/Run_Fast/Post_Process/Run_Fast3.csv,2,SA017,Session2,overground,run,fast,0,female,0,female,0.9999819397926331,0.9999819397926331,1.8031270883511752e-05
C:/Users/KUBA/GitProjects/WKIRO-Project/data/SA017/Session2/Overground_Run/Run_Fast/Post_Process/Run_Fast9.csv,2,SA017,Session2,overground,run,fast,0,female,0,female,0.9999816417694092,0.9999816417694092,1.837121817516163e-05
C:/Users/KUBA/GitProjects/WKIRO-Project/data/SA017/Session2/Overground_Walk/Walk_Comfortable/Post_Process/Walk_Comfortable3.csv,5,SA017,Session2,overground,walk,comfortable,0,female,0,female,0.9999856948852539,0.9999856948852539,1.4300870134320576e-05
C:/Users/KUBA/GitProjects/WKIRO-Project/data/SA017/Session2/Overground_Walk/Walk_Slow/Post_Process/Walk_Slow1.csv,5,SA017,Session2,overground,walk,slow,0,female,0,female,0.9999834895133972,0.9999834895133972,1.6451554984087124e-05
C:/Users/KUBA/GitProjects/WKIRO-Project/data/SA017/Session2/Overground_Walk/Walk_Slow/Post_Process/Walk_Slow2.csv,5,SA017,Session2,overground,walk,slow,0,female,0,female,0.9999898076057434,0.9999898076057434,1.0240367373626214e-05
C:/Users/KUBA/GitProjects/WKIRO-Project/data/SA017/Session2/Treadmill_Walk/Treadmill_Walk_Slow/Post_Process/Treadmill_Walk_Slow.csv,120,SA017,Session2,treadmill,walk,slow,0,female,0,female,0.9999913573265076,0.9999913573265076,8.68090592121007e-06
C:/Users/KUBA/GitProjects/WKIRO-Project/data/SM019/Session1/Overground_Run/Run_Comfortable/Post_Process/Run_Comfortable3.csv,2,SM019,Session1,overground,run,comfortable,0,female,0,female,0.999990701675415,0.999990701675415,9.324700840807054e-06
C:/Users/KUBA/GitProjects/WKIRO-Project/data/SM019/Session1/Overground_Run/Run_Comfortable/Post_Process/Run_Comfortable5.csv,3,SM019,Session1,overground,run,comfortable,0,female,0,female,0.999986469745636,0.999986469745636,1.3500895875040442e-05
C:/Users/KUBA/GitProjects/WKIRO-Project/data/SM019/Session1/Overground_Run/Run_Fast/Post_Process/Run_Fast4.csv,1,SM019,Session1,overground,run,fast,0,female,0,female,0.9999856948852539,0.9999856948852539,1.4290804756456055e-05
C:/Users/KUBA/GitProjects/WKIRO-Project/data/SM019/Session1/Overground_Run/Run_Fast/Post_Process/Run_Fast7.csv,2,SM019,Session1,overground,run,fast,0,female,0,female,0.9999732375144958,0.9999732375144958,2.676212170626968e-05
C:/Users/KUBA/GitProjects/WKIRO-Project/data/SM019/Session1/Overground_Run/Run_Fast/Post_Process/Run_Fast8.csv,2,SM019,Session1,overground,run,fast,0,female,0,female,0.9999832510948181,0.9999832510948181,1.675822932156734e-05
C:/Users/KUBA/GitProjects/WKIRO-Project/data/SM019/Session1/Overground_Walk/Walk_Fast/Post_Process/Walk_Fast4.csv,4,SM019,Session1,overground,walk,fast,0,female,0,female,0.9999916553497314,0.9999916553497314,8.31422585179098e-06
C:/Users/KUBA/GitProjects/WKIRO-Project/data/SM019/Session2/Overground_Run/Run_Comfortable/Post_Process/Run_Comfortable6.csv,3,SM019,Session2,overground,run,comfortable,0,female,0,female,0.9999862313270569,0.9999862313270569,1.3725494682148565e-05
C:/Users/KUBA/GitProjects/WKIRO-Project/data/SM019/Session2/Overground_Run/Run_Fast/Post_Process/Run_Fast10.csv,2,SM019,Session2,overground,run,fast,0,female,0,female,0.9999797940254211,0.9999797940254211,2.0188455891911872e-05
C:/Users/KUBA/GitProjects/WKIRO-Project/data/SM019/Session2/Overground_Walk/Walk_Fast/Post_Process/Walk_Fast3.csv,4,SM019,Session2,overground,walk,fast,0,female,0,female,0.9999844431877136,0.9999844431877136,1.557762334414292e-05
C:/Users/KUBA/GitProjects/WKIRO-Project/data/SM019/Session2/Overground_Walk/Walk_Fast/Post_Process/Walk_Fast4.csv,3,SM019,Session2,overground,walk,fast,0,female,0,female,0.9999852180480957,0.9999852180480957,1.4846336853224784e-05
C:/Users/KUBA/GitProjects/WKIRO-Project/data/SM019/Session2/Overground_Walk/Walk_Fast/Post_Process/Walk_Fast5.csv,3,SM019,Session2,overground,walk,fast,0,female,0,female,0.9999899864196777,0.9999899864196777,9.969331586034968e-06
C:/Users/KUBA/GitProjects/WKIRO-Project/data/SM019/Session2/Overground_Walk/Walk_Slow/Post_Process/Walk_Slow2.csv,7,SM019,Session2,overground,walk,slow,0,female,0,female,0.9999939203262329,0.9999939203262329,6.011847290210426e-06
C:/Users/KUBA/GitProjects/WKIRO-Project/data/SM019/Session2/Overground_Walk/Walk_Slow/Post_Process/Walk_Slow5.csv,9,SM019,Session2,overground,walk,slow,0,female,0,female,0.9999828338623047,0.9999828338623047,1.7102949641412124e-05
C:/Users/KUBA/GitProjects/WKIRO-Project/data/SM019/Session2/Treadmill_Run/Treadmill_Run_Comfortable/Post_Process/Treadmill_Run_Comfortable.csv,120,SM019,Session2,treadmill,run,comfortable,0,female,0,female,0.9999894499778748,0.9999894499778748,1.0616732652124483e-05
C:/Users/KUBA/GitProjects/WKIRO-Project/data/TB030/Session1/Overground_Run/Run_Comfortable/Post_Process/Run_Comfortable8.csv,2,TB030,Session1,overground,run,comfortable,1,male,1,male,0.9999865293502808,1.3436369954433758e-05,0.9999865293502808
C:/Users/KUBA/GitProjects/WKIRO-Project/data/TB030/Session1/Overground_Run/Run_Fast/Post_Process/Run_Fast10.csv,2,TB030,Session1,overground,run,fast,1,male,1,male,0.9999062418937683,9.377780952490866e-05,0.9999062418937683
C:/Users/KUBA/GitProjects/WKIRO-Project/data/TB030/Session1/Overground_Walk/Walk_Comfortable/Post_Process/Walk_Comfortable5.csv,6,TB030,Session1,overground,walk,comfortable,1,male,1,male,0.9999833703041077,1.660613634157926e-05,0.9999833703041077
C:/Users/KUBA/GitProjects/WKIRO-Project/data/TB030/Session1/Overground_Walk/Walk_Fast/Post_Process/Walk_Fast2.csv,6,TB030,Session1,overground,walk,fast,1,male,1,male,0.9999901652336121,9.830272574617993e-06,0.9999901652336121
C:/Users/KUBA/GitProjects/WKIRO-Project/data/TB030/Session1/Overground_Walk/Walk_Slow/Post_Process/Walk_Slow6.csv,7,TB030,Session1,overground,walk,slow,1,male,1,male,0.9999892115592957,1.0791779459395912e-05,0.9999892115592957
C:/Users/KUBA/GitProjects/WKIRO-Project/data/TB030/Session2/Overground_Run/Run_Comfortable/Post_Process/Run_Comfortable7.csv,3,TB030,Session2,overground,run,comfortable,1,male,1,male,0.9999859929084778,1.3958458112028893e-05,0.9999859929084778
C:/Users/KUBA/GitProjects/WKIRO-Project/data/TB030/Session2/Overground_Run/Run_Fast/Post_Process/Run_Fast2.csv,3,TB030,Session2,overground,run,fast,1,male,1,male,0.9999620318412781,3.7984562368365005e-05,0.9999620318412781
C:/Users/KUBA/GitProjects/WKIRO-Project/data/TB030/Session2/Overground_Run/Run_Fast/Post_Process/Run_Fast3.csv,3,TB030,Session2,overground,run,fast,1,male,1,male,0.9999706745147705,2.9314709536265582e-05,0.9999706745147705
C:/Users/KUBA/GitProjects/WKIRO-Project/data/TB030/Session2/Overground_Run/Run_Fast/Post_Process/Run_Fast7.csv,2,TB030,Session2,overground,run,fast,1,male,1,male,0.9999352097511292,6.475088594015688e-05,0.9999352097511292
C:/Users/KUBA/GitProjects/WKIRO-Project/data/TB030/Session2/Overground_Run/Run_Fast/Post_Process/Run_Fast8.csv,2,TB030,Session2,overground,run,fast,1,male,1,male,0.9999624490737915,3.752719203475863e-05,0.9999624490737915
C:/Users/KUBA/GitProjects/WKIRO-Project/data/TB030/Session2/Overground_Walk/Walk_Comfortable/Post_Process/Walk_Comfortable6.csv,6,TB030,Session2,overground,walk,comfortable,1,male,1,male,0.9999887347221375,1.1237989383516833e-05,0.9999887347221375
C:/Users/KUBA/GitProjects/WKIRO-Project/data/TB030/Session2/Overground_Walk/Walk_Fast/Post_Process/Walk_Fast5.csv,5,TB030,Session2,overground,walk,fast,1,male,1,male,0.999983012676239,1.7001681044348516e-05,0.999983012676239
C:/Users/KUBA/GitProjects/WKIRO-Project/data/TB030/Session2/Treadmill_Walk/Treadmill_Walk_Fast/Post_Process/Treadmill_Walk_Fast.csv,120,TB030,Session2,treadmill,walk,fast,1,male,1,male,0.9999898076057434,1.0117082638316788e-05,0.9999898076057434
C:/Users/KUBA/GitProjects/WKIRO-Project/data/TK029/Session1/Overground_Run/Run_Comfortable/Post_Process/Run_Comfortable8.csv,4,TK029,Session1,overground,run,comfortable,0,female,0,female,0.9999902248382568,0.9999902248382568,9.769551979843527e-06
C:/Users/KUBA/GitProjects/WKIRO-Project/data/TK029/Session1/Overground_Run/Run_Comfortable/Post_Process/Run_Comfortable9.csv,3,TK029,Session1,overground,run,comfortable,0,female,0,female,0.9999881386756897,0.9999881386756897,1.1871906281157862e-05
C:/Users/KUBA/GitProjects/WKIRO-Project/data/TK029/Session1/Overground_Run/Run_Fast/Post_Process/Run_Fast2.csv,2,TK029,Session1,overground,run,fast,0,female,0,female,0.9999865293502808,0.9999865293502808,1.3454085092234891e-05
C:/Users/KUBA/GitProjects/WKIRO-Project/data/TK029/Session1/Overground_Walk/Walk_Comfortable/Post_Process/Walk_Comfortable4.csv,6,TK029,Session1,overground,walk,comfortable,0,female,0,female,0.9999926686286926,0.9999926686286926,7.335449481615797e-06
C:/Users/KUBA/GitProjects/WKIRO-Project/data/TK029/Session1/Overground_Walk/Walk_Slow/Post_Process/Walk_Slow2.csv,10,TK029,Session1,overground,walk,slow,0,female,0,female,0.9999936819076538,0.9999936819076538,6.279078661464155e-06
C:/Users/KUBA/GitProjects/WKIRO-Project/data/TK029/Session1/Overground_Walk/Walk_Slow/Post_Process/Walk_Slow6.csv,9,TK029,Session1,overground,walk,slow,0,female,0,female,0.9999934434890747,0.9999934434890747,6.619228770432528e-06
C:/Users/KUBA/GitProjects/WKIRO-Project/data/TK029/Session1/Overground_Walk/Walk_Slow/Post_Process/Walk_Slow7.csv,11,TK029,Session1,overground,walk,slow,0,female,0,female,0.999987006187439,0.999987006187439,1.2957292710780166e-05
C:/Users/KUBA/GitProjects/WKIRO-Project/data/TK029/Session1/Treadmill_Walk/Treadmill_Walk_Comfortable/Post_Process/Treadmill_Walk_Comfortable.csv,120,TK029,Session1,treadmill,walk,comfortable,0,female,0,female,0.9999933838844299,0.9999933838844299,6.598894287890289e-06
C:/Users/KUBA/GitProjects/WKIRO-Project/data/TK029/Session2/Overground_Run/Run_Fast/Post_Process/Run_Fast4.csv,2,TK029,Session2,overground,run,fast,0,female,0,female,0.9999911189079285,0.9999911189079285,8.857330612954684e-06
C:/Users/KUBA/GitProjects/WKIRO-Project/data/TK029/Session2/Overground_Walk/Walk_Comfortable/Post_Process/Walk_Comfortable2.csv,5,TK029,Session2,overground,walk,comfortable,0,female,0,female,0.9999929666519165,0.9999929666519165,7.032816938590258e-06
C:/Users/KUBA/GitProjects/WKIRO-Project/data/TK029/Session2/Overground_Walk/Walk_Comfortable/Post_Process/Walk_Comfortable8.csv,5,TK029,Session2,overground,walk,comfortable,0,female,0,female,0.9999946355819702,0.9999946355819702,5.284676262817811e-06
C:/Users/KUBA/GitProjects/WKIRO-Project/data/TK029/Session2/Overground_Walk/Walk_Fast/Post_Process/Walk_Fast5.csv,6,TK029,Session2,overground,walk,fast,0,female,0,female,0.9999863505363464,0.9999863505363464,1.3713561202166602e-05
C:/Users/KUBA/GitProjects/WKIRO-Project/data/TK029/Session2/Overground_Walk/Walk_Slow/Post_Process/Walk_Slow5.csv,10,TK029,Session2,overground,walk,slow,0,female,0,female,0.9999859929084778,0.9999859929084778,1.3983434655528981e-05
C:/Users/KUBA/GitProjects/WKIRO-Project/data/TK029/Session2/Treadmill_Walk/Treadmill_Walk_Slow/Post_Process/Treadmill_Walk_Slow.csv,180,TK029,Session2,treadmill,walk,slow,0,female,0,female,0.9999938011169434,0.9999938011169434,6.17067098573898e-06
C:/Users/KUBA/GitProjects/WKIRO-Project/data/YX024/Session1/Overground_Run/Run_Comfortable/Post_Process/Run_Comfortable10.csv,3,YX024,Session1,overground,run,comfortable,1,male,1,male,0.9999863505363464,1.3636546100315172e-05,0.9999863505363464
C:/Users/KUBA/GitProjects/WKIRO-Project/data/YX024/Session1/Overground_Run/Run_Fast/Post_Process/Run_Fast1.csv,2,YX024,Session1,overground,run,fast,1,male,1,male,0.9999659657478333,3.4065178624587134e-05,0.9999659657478333
C:/Users/KUBA/GitProjects/WKIRO-Project/data/YX024/Session1/Overground_Walk/Walk_Comfortable/Post_Process/Walk_Comfortable4.csv,5,YX024,Session1,overground,walk,comfortable,1,male,1,male,0.999986469745636,1.3530693649954628e-05,0.999986469745636
C:/Users/KUBA/GitProjects/WKIRO-Project/data/YX024/Session1/Overground_Walk/Walk_Comfortable/Post_Process/Walk_Comfortable7.csv,6,YX024,Session1,overground,walk,comfortable,1,male,1,male,0.9999871850013733,1.278444233321352e-05,0.9999871850013733
C:/Users/KUBA/GitProjects/WKIRO-Project/data/YX024/Session1/Overground_Walk/Walk_Fast/Post_Process/Walk_Fast3.csv,5,YX024,Session1,overground,walk,fast,1,male,1,male,0.9999855160713196,1.4496370567940176e-05,0.9999855160713196
C:/Users/KUBA/GitProjects/WKIRO-Project/data/YX024/Session1/Overground_Walk/Walk_Fast/Post_Process/Walk_Fast5.csv,3,YX024,Session1,overground,walk,fast,1,male,1,male,0.9999879002571106,1.2065524970239494e-05,0.9999879002571106
C:/Users/KUBA/GitProjects/WKIRO-Project/data/YX024/Session1/Overground_Walk/Walk_Slow/Post_Process/Walk_Slow1.csv,13,YX024,Session1,overground,walk,slow,1,male,1,male,0.9999862313270569,1.3678504728886764e-05,0.9999862313270569
C:/Users/KUBA/GitProjects/WKIRO-Project/data/YX024/Session1/Overground_Walk/Walk_Slow/Post_Process/Walk_Slow3.csv,10,YX024,Session1,overground,walk,slow,1,male,1,male,0.9999860525131226,1.3932741239841562e-05,0.9999860525131226
C:/Users/KUBA/GitProjects/WKIRO-Project/data/YX024/Session2/Overground_Run/Run_Fast/Post_Process/Run_Fast5.csv,2,YX024,Session2,overground,run,fast,1,male,1,male,0.9999898672103882,1.0134271178685594e-05,0.9999898672103882
C:/Users/KUBA/GitProjects/WKIRO-Project/data/YX024/Session2/Overground_Run/Run_Fast/Post_Process/Run_Fast6.csv,2,YX024,Session2,overground,run,fast,1,male,1,male,0.9999581575393677,4.183279088465497e-05,0.9999581575393677
C:/Users/KUBA/GitProjects/WKIRO-Project/data/YX024/Session2/Overground_Walk/Walk_Comfortable/Post_Process/Walk_Comfortable3.csv,5,YX024,Session2,overground,walk,comfortable,1,male,1,male,0.9999925494194031,7.4532063081278466e-06,0.9999925494194031
C:/Users/KUBA/GitProjects/WKIRO-Project/data/YX024/Session2/Overground_Walk/Walk_Fast/Post_Process/Walk_Fast6.csv,4,YX024,Session2,overground,walk,fast,1,male,1,male,0.9999918937683105,8.060495019890368e-06,0.9999918937683105
C:/Users/KUBA/GitProjects/WKIRO-Project/data/YX024/Session2/Overground_Walk/Walk_Fast/Post_Process/Walk_Fast8.csv,4,YX024,Session2,overground,walk,fast,1,male,1,male,0.9999922513961792,7.718977030890528e-06,0.9999922513961792
C:/Users/KUBA/GitProjects/WKIRO-Project/data/YX024/Session2/Overground_Walk/Walk_Slow/Post_Process/Walk_Slow2.csv,10,YX024,Session2,overground,walk,slow,1,male,1,male,0.9999914169311523,8.57434315548744e-06,0.9999914169311523
