source_path,n_windows,participant_id,session,environment,activity,condition,y_true,y_true_name,y_pred,y_pred_name,confidence,proba_AJ026,proba_BD004,proba_BL025,proba_CF027,proba_CL007,proba_DA013,proba_DC005,proba_GF022,proba_GM001,proba_GQ016,proba_HN021,proba_HS018,proba_JS009,proba_LA014,proba_LD002,proba_LF003,proba_LL011,proba_LM012,proba_MR015,proba_OB010,proba_PC008,proba_PQ006,proba_RC020,proba_RC023,proba_RV028,proba_SA017,proba_SM019,proba_TB030,proba_TK029,proba_YX024
C:/Users/KUBA/GitProjects/WKIRO-Project/data/AJ026/Session1/Overground_Run/Run_Comfortable/Post_Process/Run_Comfortable8.csv,2,AJ026,Session1,overground,run,comfortable,0,AJ026,0,AJ026,0.9991840124130249,0.9991840124130249,1.5638917716387368e-07,4.347717549535446e-06,3.181205840974144e-07,1.0229939562123036e-06,9.426987901406392e-08,4.2420498402861995e-07,0.0001106865965994075,1.4673108239549038e-07,5.934709292887419e-07,5.287632666295394e-05,6.842759603387094e-07,1.046665602189023e-06,1.800364043447189e-05,4.5562768491436145e-07,1.0044787046581405e-07,1.1258837275818223e-06,3.38093332175049e-06,1.5111370430531679e-06,6.824624142609537e-05,4.936595360049978e-06,4.687158821070625e-07,6.744925826751569e-07,0.0003386903554201126,6.362147360050585e-07,3.46438137057703e-05,2.961862946904148e-06,4.451814220374217e-06,0.00016150974261108786,1.6593013469901052e-06
C:/Users/KUBA/GitProjects/WKIRO-Project/data/AJ026/Session1/Overground_Run/Run_Fast/Post_Process/Run_Fast2.csv,1,AJ026,Session1,overground,run,fast,0,AJ026,23,RC023,0.5986129641532898,0.2677866220474243,0.0003883661120198667,0.00991980079561472,1.5239833373925649e-05,0.0033882115967571735,4.30108375439886e-05,3.5186492368666222e-06,0.002466266043484211,1.2958707884536125e-05,0.0002981542202178389,0.010641489177942276,0.00045843436964787543,0.00014775822637602687,0.0041383542120456696,2.7957252314081416e-05,0.00023082799452822655,6.463505269493908e-05,0.004341555759310722,4.5059758122079074e-05,8.071626507444307e-05,0.0008152552763931453,3.635264511103742e-05,0.06494799256324768,0.5986129641532898,5.207595677347854e-06,0.0003372913633938879,0.02935728430747986,7.272494985954836e-05,0.0012503626057878137,6.5571628510952e-05
C:/Users/KUBA/GitProjects/WKIRO-Project/data/AJ026/Session1/Overground_Run/Run_Fast/Post_Process/Run_Fast3.csv,1,AJ026,Session1,overground,run,fast,0,AJ026,23,RC023,0.1537107527256012,0.03195813298225403,0.005954229272902012,0.060100656002759933,0.004546672105789185,0.10163836926221848,0.005666777957230806,0.0028193448670208454,0.012627646327018738,0.007761891465634108,0.008583920076489449,0.13120195269584656,0.09591015428304672,0.0028046956285834312,0.02218451164662838,0.004068767186254263,0.00789353996515274,0.00625228276476264,0.05951692536473274,0.00213261554017663,0.0033814026974141598,0.0452752523124218,0.008189805783331394,0.06257583945989609,0.1537107527256012,0.0035465918481349945,0.008242248557507992,0.09957754611968994,0.0032870410941541195,0.034849707037210464,0.003740719985216856
C:/Users/KUBA/GitProjects/WKIRO-Project/data/AJ026/Session1/Overground_Run/Run_Fast/Post_Process/Run_Fast4.csv,1,AJ026,Session1,overground,run,fast,0,AJ026,0,AJ026,0.9875136017799377,0.9875136017799377,4.4608009375224356e-06,9.478682477492839e-05,4.446905279564817e-07,0.00017683148325886577,1.411514404026093e-06,1.8779483070829883e-06,0.0002308731054654345,1.4892021908963216e-06,6.531619874294847e-06,0.0019427110673859715,2.063606007141061e-05,1.848402462201193e-05,0.00013003827189095318,4.7247220209101215e-05,4.3862243614967156e-07,2.5999765057349578e-05,0.0001601832191227004,1.811833499232307e-05,7.37152950023301e-05,0.00043146638199687004,4.494651420827722e-06,4.450325286597945e-05,0.00230585178360343,2.002222572627943e-05,6.337396189337596e-05,0.000294997327728197,0.00012606795644387603,0.0061775390058755875,6.183615914778784e-05
C:/Users/KUBA/GitProjects/WKIRO-Project/data/AJ026/Session1/Overground_Run/Run_Fast/Post_Process/Run_Fast9.csv,1,AJ026,Session1,overground,run,fast,0,AJ026,23,RC023,0.15585435926914215,0.029840409755706787,0.005971010308712721,0.06175827607512474,0.004324678797274828,0.10309883207082748,0.005711363162845373,0.002631646580994129,0.0117777269333601,0.007732476107776165,0.008711685426533222,0.13346119225025177,0.09747715294361115,0.002636106451973319,0.02257545292377472,0.0037756289821118116,0.007928652688860893,0.006203437224030495,0.06004472076892853,0.001982924062758684,0.0031690727919340134,0.0419330969452858,0.008214816451072693,0.06294485926628113,0.15585435926914215,0.0032761702314019203,0.00774232717230916,0.10030064731836319,0.00305744307115674,0.032264698296785355,0.0035991452168673277
C:/Users/KUBA/GitProjects/WKIRO-Project/data/AJ026/Session1/Overground_Walk/Walk_Slow/Post_Process/Walk_Slow2.csv,9,AJ026,Session1,overground,walk,slow,0,AJ026,0,AJ026,0.9991925358772278,0.9991925358772278,2.496475985935831e-07,7.33468687030836e-06,3.651593374343065e-07,1.406115984536882e-06,1.194078009802979e-07,3.5659920172292914e-07,0.00010997632489306852,1.8350607433603727e-07,7.126425884962373e-07,7.75229127611965e-05,5.197172754378698e-07,8.834310278871271e-07,2.2791507944930345e-05,1.4041808071851847e-06,1.2091840062566916e-07,2.378093540755799e-06,5.735206741519505e-06,2.3738364234304754e-06,7.21254909876734e-05,1.0619353815854993e-05,3.869756426411186e-07,1.6447023654109216e-06,0.0002489187172614038,3.9191218093037605e-07,3.680774534586817e-05,2.272661731694825e-06,7.524531611124985e-06,0.00019054072618018836,1.8041157545667375e-06
C:/Users/KUBA/GitProjects/WKIRO-Project/data/AJ026/Session1/Overground_Walk/Walk_Slow/Post_Process/Walk_Slow3.csv,9,AJ026,Session1,overground,walk,slow,0,AJ026,20,PC008,0.2064439207315445,0.11507108807563782,0.0033385436981916428,0.017149247229099274,0.01064158696681261,0.03808429092168808,0.002766846213489771,0.01138732023537159,0.04890929162502289,0.005086779594421387,0.003488081507384777,0.04567060247063637,0.03404681384563446,0.009295385330915451,0.008219670504331589,0.019362375140190125,0.004174710717052221,0.0045602405443787575,0.02629290521144867,0.009633596986532211,0.012198707088828087,0.2064439207315445,0.004500808659940958,0.029352333396673203,0.057566139847040176,0.019316500052809715,0.026605460792779922,0.044121153652668,0.014716108329594135,0.16159014403820038,0.006409371737390757
C:/Users/KUBA/GitProjects/WKIRO-Project/data/AJ026/Session2/Overground_Run/Run_Comfortable/Post_Process/Run_Comfortable1.csv,3,AJ026,Session2,overground,run,comfortable,0,AJ026,20,PC008,0.22462989389896393,0.12392580509185791,0.0029160792473703623,0.013688155449926853,0.010645515285432339,0.03254097327589989,0.002355520613491535,0.011695466004312038,0.05052509531378746,0.00451961113139987,0.0028672495391219854,0.03852812200784683,0.028762802481651306,0.009414288215339184,0.0068983044475317,0.020348582416772842,0.003581044264137745,0.004137807991355658,0.023436950519680977,0.009991253726184368,0.01256303396075964,0.22462989389896393,0.003962827380746603,0.02635912597179413,0.048998843878507614,0.02033294551074505,0.026968970894813538,0.03894636780023575,0.015467335470020771,0.1747448444366455,0.006247153505682945
C:/Users/KUBA/GitProjects/WKIRO-Project/data/AJ026/Session2/Overground_Run/Run_Comfortable/Post_Process/Run_Comfortable7.csv,3,AJ026,Session2,overground,run,comfortable,0,AJ026,20,PC008,0.20253950357437134,0.11427640169858932,0.003400120185688138,0.01785658858716488,0.010308046825230122,0.04034308344125748,0.002808912890031934,0.010716035962104797,0.04643953964114189,0.0051482501439750195,0.0035267595667392015,0.048381682485342026,0.03600044921040535,0.008797007612884045,0.008584721013903618,0.018334465101361275,0.004218039568513632,0.004636031109839678,0.02821236290037632,0.009054361842572689,0.011628150939941406,0.20253950357437134,0.004629312548786402,0.031426046043634415,0.060772817581892014,0.01810535043478012,0.025259703397750854,0.046909552067518234,0.014012041501700878,0.15740622580051422,0.0062684714794158936
C:/Users/KUBA/GitProjects/WKIRO-Project/data/AJ026/Session2/Overground_Run/Run_Fast/Post_Process/Run_Fast9.csv,2,AJ026,Session2,overground,run,fast,0,AJ026,20,PC008,0.1335000842809677,0.07697910070419312,0.004431312903761864,0.037695277482271194,0.007447115611284971,0.0678582489490509,0.004022324923425913,0.007123228162527084,0.030993804335594177,0.006107273977249861,0.00577731104567647,0.08605222404003143,0.0631621927022934,0.005987963173538446,0.014717897400259972,0.012025595642626286,0.005740408785641193,0.00515494029968977,0.04175040125846863,0.005957847461104393,0.007831418886780739,0.1335000842809677,0.006075331941246986,0.04468430578708649,0.10252372920513153,0.011761531233787537,0.017246339470148087,0.06968164443969727,0.009237785823643208,0.1035764217376709,0.004896936472505331
C:/Users/KUBA/GitProjects/WKIRO-Project/data/AJ026/Session2/Overground_Walk/Walk_Comfortable/Post_Process/Walk_Comfortable1.csv,5,AJ026,Session2,overground,walk,comfortable,0,AJ026,20,PC008,0.22092238068580627,0.12205970287322998,0.003073971252888441,0.013591188006103039,0.011267966590821743,0.03207038715481758,0.002493561478331685,0.012370985932648182,0.05289330333471298,0.004801166243851185,0.0030403241980820894,0.037823982536792755,0.02834753692150116,0.010035542771220207,0.0069428859278559685,0.02103380858898163,0.0038196209352463484,0.00435615424066782,0.022792257368564606,0.01048898883163929,0.013156537897884846,0.22092238068580627,0.004116256721317768,0.025744657963514328,0.04853052273392677,0.021102124825119972,0.028664764016866684,0.03839191049337387,0.01593824103474617,0.1734597384929657,0.006669444032013416
C:/Users/KUBA/GitProjects/WKIRO-Project/data/AJ026/Session2/Overground_Walk/Walk_Comfortable/Post_Process/Walk_Comfortable2.csv,4,AJ026,Session2,overground,walk,comfortable,0,AJ026,0,AJ026,0.9992536306381226,0.9992536306381226,1.296788241234026e-07,3.327094418636989e-06,2.2281247424871253e-07,6.437089723476674e-07,4.806951636737722e-08,3.8033334703868604e-07,8.184299076674506e-05,1.2789726611117658e-07,3.353972317654552e-07,4.9341564590577036e-05,4.6716706947336206e-07,8.582588861827389e-07,1.7672717149253003e-05,5.396581173044979e-07,1.1178678960277466e-07,1.049673755915137e-06,2.5572792310413206e-06,1.0359694897488225e-06,7.957765774335712e-05,5.162545676284935e-06,4.268824227438017e-07,5.817694272991503e-07,0.0003112404956482351,2.5803475978136703e-07,4.61822455690708e-05,1.1930852679142845e-06,3.927041234419448e-06,0.00013620838581118733,9.313980058323068e-07
C:/Users/KUBA/GitProjects/WKIRO-Project/data/AJ026/Session2/Overground_Walk/Walk_Slow/Post_Process/Walk_Slow1.csv,8,AJ026,Session2,overground,walk,slow,0,AJ026,20,PC008,0.22316724061965942,0.12319415807723999,0.0029779074247926474,0.01364981196820736,0.010889561846852303,0.03235648572444916,0.00240959320217371,0.011960379779338837,0.05145973712205887,0.00462984899058938,0.002934987423941493,0.03825061023235321,0.028599975630640984,0.009657243266701698,0.006916067562997341,0.020618963986635208,0.00367424706928432,0.0042235408909618855,0.023178983479738235,0.010186783969402313,0.012796158902347088,0.22316724061965942,0.004023182205855846,0.026114219799637794,0.04881756752729416,0.02063627541065216,0.027633801102638245,0.03872936964035034,0.01565317064523697,0.17424798011779785,0.00641216803342104
C:/Users/KUBA/GitProjects/WKIRO-Project/data/BD004/Session1/Overground_Run/Run_Comfortable/Post_Process/Run_Comfortable10.csv,2,BD004,Session1,overground,run,comfortable,1,BD004,1,BD004,0.999800443649292,2.3163805096260148e-08,0.999800443649292,8.345170954271453e-07,3.6254454016670934e-07,5.615371264866553e-06,4.356034332886338e-05,1.397365334554479e-09,2.106435931636952e-05,6.746323924744502e-05,1.0545346640356001e-06,5.149635171619593e-07,1.0275238082613214e-06,2.8333356993925918e-08,2.146588258256088e-06,1.6145289549740482e-08,1.4945925613574218e-05,8.134068139042938e-07,1.590147803653963e-06,3.645448884981306e-07,4.1717463261647936e-08,1.1205269174752175e-06,1.0889152690651827e-06,6.000275334372418e-06,3.212100807559182e-08,6.599213975277962e-07,1.0262272098771064e-07,6.827050214042174e-08,4.201693627692293e-06,3.4241418589431305e-09,2.4866836611181498e-05
C:/Users/KUBA/GitProjects/WKIRO-Project/data/BD004/Session1/Overground_Run/Run_Fast/Post_Process/Run_Fast13.csv,1,BD004,Session1,overground,run,fast,1,BD004,9,GQ016,0.0951513946056366,0.0020483725238591433,0.08333820849657059,0.04398304596543312,0.040147412568330765,0.007324238307774067,0.09493109583854675,0.0310114286839962,0.00612634839490056,0.07061589509248734,0.0951513946056366,0.007599099073559046,0.007821577601134777,0.031001314520835876,0.053005851805210114,0.020820798352360725,0.07766439020633698,0.06007668375968933,0.016240175813436508,0.01521874126046896,0.024109259247779846,0.0023821378126740456,0.08303240686655045,0.008625143207609653,0.009027674794197083,0.021080734208226204,0.010310634039342403,0.006762511096894741,0.018767662346363068,0.0026913080364465714,0.049084484577178955
C:/Users/KUBA/GitProjects/WKIRO-Project/data/BD004/Session1/Overground_Run/Run_Fast/Post_Process/Run_Fast4.csv,1,BD004,Session1,overground,run,fast,1,BD004,1,BD004,0.9997201561927795,1.1284732437388811e-07,0.9997201561927795,3.0472790513158543e-07,1.2899381545139477e-06,6.072870746720582e-06,4.390116373542696e-05,2.467533510852604e-09,5.373642488848418e-05,9.945526107912883e-05,3.8197026697162073e-07,6.548531814587477e-07,4.81239112559706e-06,3.633130063462886e-08,3.3266303489654092e-06,4.579828072337477e-09,3.987366653745994e-05,6.343708491840516e-07,1.1007811053787009e-06,1.4626331790168479e-07,9.454192451130439e-08,7.22262541330565e-07,4.352320502221119e-06,1.8133346202375833e-06,2.1510984993255988e-07,1.3299195416038856e-06,7.00115606377949e-07,7.108468480510055e-08,1.96282076103671e-06,4.951446808121318e-09,1.2778305062965956e-05
C:/Users/KUBA/GitProjects/WKIRO-Project/data/BD004/Session1/Overground_Walk/Walk_Slow/Post_Process/Walk_Slow1.csv,12,BD004,Session1,overground,walk,slow,1,BD004,9,GQ016,0.09379881620407104,0.00215765624307096,0.08266297727823257,0.04607817530632019,0.039650652557611465,0.007706677541136742,0.09378143399953842,0.030660239979624748,0.006094580050557852,0.06947670131921768,0.09379881620407104,0.008024155162274837,0.008230914361774921,0.0304196048527956,0.054882172495126724,0.02103606052696705,0.07611856609582901,0.05963391065597534,0.017346790060400963,0.015150808729231358,0.024058887735009193,0.0025126400869339705,0.0835176482796669,0.009166012518107891,0.009450438432395458,0.02121935784816742,0.010118256323039532,0.007113771513104439,0.01902267336845398,0.002814336447045207,0.04809509590268135
C:/Users/KUBA/GitProjects/WKIRO-Project/data/BD004/Session1/Overground_Walk/Walk_Slow/Post_Process/Walk_Slow3.csv,11,BD004,Session1,overground,walk,slow,1,BD004,9,GQ016,0.0937114730477333,0.002165369689464569,0.08261404931545258,0.04622286185622215,0.039615701884031296,0.007734394166618586,0.09370283782482147,0.03063405677676201,0.0060928333550691605,0.06940340250730515,0.0937114730477333,0.008055142126977444,0.008260521106421947,0.030380379408597946,0.0550057627260685,0.021046767011284828,0.0760214626789093,0.059601906687021255,0.017425591126084328,0.015144497156143188,0.02405254729092121,0.002521869959309697,0.08354094624519348,0.009204789064824581,0.009481217712163925,0.02122492529451847,0.010106588713824749,0.007139197085052729,0.019036119803786278,0.0028229185845702887,0.04802986606955528
C:/Users/KUBA/GitProjects/WKIRO-Project/data/BD004/Session1/Overground_Walk/Walk_Slow/Post_Process/Walk_Slow4.csv,12,BD004,Session1,overground,walk,slow,1,BD004,1,BD004,0.9316680431365967,1.0252142601530068e-06,0.9316680431365967,1.418311057932442e-05,6.369589300447842e-06,0.00037221008096821606,0.0003003615711349994,3.48800398342064e-07,0.00019688221800606698,0.03674432262778282,1.0299910172761884e-05,7.2060065576806664e-06,8.852904284140095e-05,1.3867810594092589e-05,5.953232175670564e-06,0.00031166314147412777,0.0001255287934327498,0.0001253343216376379,5.415916893980466e-05,8.955506928032264e-05,3.0685543606523424e-05,3.3307067042187555e-06,0.0001548162690596655,1.3240605767350644e-05,1.5576844134557177e-06,0.0018212831346318126,3.6016397189087e-06,1.3319663594302256e-06,0.013201712630689144,2.3734876322123455e-06,0.014630124904215336
C:/Users/KUBA/GitProjects/WKIRO-Project/data/BD004/Session1/Overground_Walk/Walk_Slow/Post_Process/Walk_Slow8.csv,8,BD004,Session1,overground,walk,slow,1,BD004,1,BD004,0.9928463697433472,4.2948073541992926e-07,0.9928463697433472,9.665181096352171e-06,8.392137533519417e-05,4.30603395216167e-05,0.0009218016639351845,3.725486692474078e-07,0.00035465043038129807,0.004029202274978161,2.2926849396753823e-06,2.52667132372153e-06,2.7751026209443808e-05,3.2935979561443673e-06,8.678174708620645e-06,2.034799535977072e-06,0.000467154779471457,3.6736426409333944e-05,7.961787196109071e-05,3.226414992241189e-05,2.020158262894256e-06,9.082745236810297e-06,3.626290344982408e-05,1.6235360817518085e-05,4.391035304252e-07,6.40977596049197e-05,2.504566054994939e-06,6.490449209195503e-07,0.0007890620036050677,9.830505121044553e-08,0.00012774948845617473
C:/Users/KUBA/GitProjects/WKIRO-Project/data/BD004/Session2/Overground_Run/Run_Comfortable/Post_Process/Run_Comfortable12.csv,2,BD004,Session2,overground,run,comfortable,1,BD004,1,BD004,0.9991912841796875,5.324212182244992e-08,0.9991912841796875,5.070023689768277e-07,5.679656169377267e-06,6.0126058087917045e-06,9.102393960347399e-05,8.406666474058966e-09,6.079171726014465e-05,0.0004538106732070446,1.7945021681953222e-06,3.7198736890786677e-07,7.95916002971353e-06,5.488879395443291e-08,2.2772937882109545e-06,2.3676900440250392e-08,0.00012696388876065612,4.490074729801563e-07,3.2903080864343792e-06,4.219995730636583e-07,4.347369895185693e-07,1.955194193214993e-06,7.942664524307474e-06,8.642511602374725e-06,9.142608803358598e-08,4.805981916433666e-06,1.395344952470623e-06,6.345312897337863e-08,6.675352778984234e-06,3.6929908020510993e-09,1.5295870980480686e-05
C:/Users/KUBA/GitProjects/WKIRO-Project/data/BD004/Session2/Overground_Run/Run_Comfortable/Post_Process/Run_Comfortable6.csv,1,BD004,Session2,overground,run,comfortable,1,BD004,1,BD004,0.999272882938385,6.205835489936362e-08,0.999272882938385,2.246476356049243e-07,4.345347406342626e-06,7.676108907617163e-06,8.069824252743274e-05,5.0840722742862e-09,5.050351319368929e-05,0.0004009515978395939,1.381917741127836e-06,3.5512894669409434e-07,1.335927390755387e-05,2.7036822558557105e-08,1.7424749785277527e-06,1.5522033436354832e-08,0.00012548279482871294,2.827063099175575e-07,3.6730402825924102e-06,2.139979216053689e-07,2.8891798820041004e-07,1.981774175874307e-06,9.162110472971108e-06,7.202575943665579e-06,1.0753238655070163e-07,3.68705764230981e-06,2.131149358319817e-06,5.152183035761482e-08,4.30169939136249e-06,3.4553706562689968e-09,7.16482054485823e-06
C:/Users/KUBA/GitProjects/WKIRO-Project/data/BD004/Session2/Overground_Run/Run_Fast/Post_Process/Run_Fast13.csv,2,BD004,Session2,overground,run,fast,1,BD004,9,GQ016,0.09502378106117249,0.0020726691000163555,0.08311669528484344,0.043941937386989594,0.040231041610240936,0.0073820860125124454,0.09465041756629944,0.031070243567228317,0.006206398364156485,0.07065405696630478,0.09502378106117249,0.007660402450710535,0.007878666743636131,0.031086988747119904,0.052835218608379364,0.020856663584709167,0.0777016207575798,0.06002361327409744,0.01625068113207817,0.015259300358593464,0.024156365543603897,0.002412597183138132,0.08273156732320786,0.00866138469427824,0.009113477542996407,0.021121390163898468,0.010426375083625317,0.0068197487853467464,0.018780849874019623,0.002725399797782302,0.049148403108119965
C:/Users/KUBA/GitProjects/WKIRO-Project/data/BD004/Session2/Overground_Run/Run_Fast/Post_Process/Run_Fast15.csv,2,BD004,Session2,overground,run,fast,1,BD004,9,GQ016,0.09508457779884338,0.0020634057000279427,0.08320698142051697,0.044006600975990295,0.040173813700675964,0.007367336191236973,0.09476505219936371,0.031021755188703537,0.006170888431370258,0.0706305205821991,0.09508457779884338,0.007645230740308762,0.007864935323596,0.031027475371956825,0.052944861352443695,0.020830214023590088,0.07768099755048752,0.060040973126888275,0.016265487298369408,0.015231710858643055,0.024122288450598717,0.002400780562311411,0.08286882936954498,0.008656577207148075,0.009089061990380287,0.021090731024742126,0.010372839868068695,0.006804090924561024,0.01876572147011757,0.002711839973926544,0.049094464629888535
C:/Users/KUBA/GitProjects/WKIRO-Project/data/BD004/Session2/Overground_Run/Run_Fast/Post_Process/Run_Fast3.csv,1,BD004,Session2,overground,run,fast,1,BD004,9,GQ016,0.09514474868774414,0.0020508994348347187,0.08332180231809616,0.044032420963048935,0.040129877626895905,0.007337149698287249,0.09490901231765747,0.03099195845425129,0.006128480192273855,0.07060560584068298,0.09514474868774414,0.00761326402425766,0.00783518049865961,0.030982257798314095,0.05303982272744179,0.02081378363072872,0.07765412330627441,0.06006764620542526,0.01626269705593586,0.015211276710033417,0.024098966270685196,0.002385098021477461,0.08302976191043854,0.008638533763587475,0.0090439198538661,0.021071696653962135,0.010311071760952473,0.006774234119802713,0.018761305138468742,0.0026942261029034853,0.04905920475721359
C:/Users/KUBA/GitProjects/WKIRO-Project/data/BD004/Session2/Overground_Run/Run_Fast/Post_Process/Run_Fast5.csv,2,BD004,Session2,overground,run,fast,1,BD004,9,GQ016,0.09508984535932541,0.0020606094039976597,0.08323051780462265,0.04399508610367775,0.04017391800880432,0.007357429713010788,0.09479351341724396,0.031026065349578857,0.006162711419165134,0.0706256777048111,0.09508984535932541,0.007634572219103575,0.007854867726564407,0.031027676537632942,0.052951812744140625,0.020832959562540054,0.07767336070537567,0.060047801584005356,0.016258738934993744,0.015232345089316368,0.024124212563037872,0.002397351199761033,0.0828988254070282,0.008649268187582493,0.0090751051902771,0.021093744784593582,0.010361588560044765,0.0067947255447506905,0.018770217895507812,0.002708085812628269,0.049097348004579544
C:/Users/KUBA/GitProjects/WKIRO-Project/data/BD004/Session2/Overground_Walk/Walk_Comfortable/Post_Process/Walk_Comfortable1.csv,4,BD004,Session2,overground,walk,comfortable,1,BD004,5,DA013,0.09312049299478531,0.0022209766320884228,0.08225136250257492,0.04713886231184006,0.03942040726542473,0.007919157855212688,0.09312049299478531,0.030498290434479713,0.006097336299717426,0.06890963762998581,0.09307496249675751,0.008260577917098999,0.008457033894956112,0.030152728781104088,0.055781636387109756,0.02115018293261528,0.07535244524478912,0.05938580259680748,0.017930984497070312,0.01512525137513876,0.024041950702667236,0.002588815288618207,0.08365801721811295,0.009458303451538086,0.009689404629170895,0.02129622921347618,0.010050433687865734,0.007310070097446442,0.019151663407683372,0.0028868159279227257,0.04762016981840134
C:/Users/KUBA/GitProjects/WKIRO-Project/data/BD004/Session2/Overground_Walk/Walk_Fast/Post_Process/Walk_Fast2.csv,3,BD004,Session2,overground,walk,fast,1,BD004,1,BD004,0.9991342425346375,3.4939876769612965e-08,0.9991342425346375,1.6368375099773402e-06,2.8864085379609605e-06,9.762947229319252e-06,0.0001560056844027713,8.917425020626979e-09,5.8925168559653684e-05,0.0004380445752758533,5.284450253384421e-06,7.229902507788211e-07,6.584050424862653e-06,8.842905430128667e-08,2.5017891402967507e-06,7.194987716729884e-08,8.958513353718445e-05,8.170174510269135e-07,5.047120794188231e-06,8.722881261746807e-07,2.9231844678179186e-07,3.922277301171562e-06,3.7573015561065404e-06,2.501172093616333e-05,5.5257917352946606e-08,2.502904635548475e-06,9.133325988841534e-07,1.0722349230718464e-07,1.3535175639844965e-05,5.059322294442836e-09,3.677485801745206e-05
C:/Users/KUBA/GitProjects/WKIRO-Project/data/BD004/Session2/Treadmill_Walk/Treadmill_Walk_Slow/Post_Process/Treadmill_Walk_Slow.csv,119,BD004,Session2,treadmill,walk,slow,1,BD004,1,BD004,0.9886195063591003,3.246368805776001e-06,0.9886195063591003,3.904188997694291e-05,5.4900770919630304e-05,1.5565954527119175e-05,0.00030836378573440015,4.883235078523285e-07,0.0001386696967529133,0.0019088250119239092,6.808348189224489e-06,2.113409027515445e-05,4.847745367442258e-05,1.1845803555843304e-06,6.440425295295427e-06,3.762674532481469e-05,0.0036772366147488356,5.903933015360963e-06,0.00037279160460457206,0.00024089323414955288,1.272518693440361e-05,0.00025771112996153533,2.907655834860634e-05,7.407153316307813e-05,1.6326596323779086e-06,1.0538725291553419e-05,4.824259303859435e-05,1.257940738241814e-07,0.004041086416691542,3.1537129530079255e-07,1.7422280507162213e-05
C:/Users/KUBA/GitProjects/WKIRO-Project/data/BL025/Session1/Overground_Run/Run_Comfortable/Post_Process/Run_Comfortable2.csv,2,BL025,Session1,overground,run,comfortable,2,BL025,2,BL025,0.9973465800285339,2.451580439810641e-05,3.865586222673301e-06,0.9973465800285339,5.6850590226531494e-06,8.35129753795627e-07,2.0803723543849628e-07,2.2182075554155745e-06,4.898342467640759e-06,1.8549711967352778e-05,0.00021461094729602337,0.0002894285717047751,1.2093440773242037e-06,2.919446842497564e-06,0.00014173382078297436,2.2373237698047888e-06,3.1492868401983287e-06,0.0003250330046284944,6.781917181797326e-05,0.00140858453232795,5.843062172061764e-05,2.153065679522115e-06,1.640038078676298e-07,3.368466059328057e-05,1.3224083886598237e-05,2.5575536355404438e-08,2.527373681004974e-06,1.3170592865208164e-06,2.3665925255045295e-06,1.0169420420425013e-05,1.1815709513030015e-05
C:/Users/KUBA/GitProjects/WKIRO-Project/data/BL025/Session1/Overground_Run/Run_Comfortable/Post_Process/Run_Comfortable8.csv,2,BL025,Session1,overground,run,comfortable,2,BL025,2,BL025,0.9990334510803223,3.209019632777199e-05,1.1934316717088223e-06,0.9990334510803223,5.487370913215273e-07,9.167745247395942e-07,6.129668150833822e-08,6.297431127677555e-07,2.3996890377020463e-06,3.3733040254446678e-06,0.0001700537686701864,0.00016755939577706158,2.581020339675888e-07,6.226484856597381e-07,0.00019933610747102648,3.963351673519355e-07,6.815029109930038e-07,6.853747618151829e-05,5.0250506319571286e-05,0.0001789873349480331,2.1266805561026558e-05,2.438232968415832e-06,6.52772271791946e-08,3.969063254771754e-05,6.155826213216642e-06,6.55930110227132e-09,7.997060720299487e-07,1.3989049421070376e-06,4.710137204710918e-07,1.2369005162327085e-05,4.147659637965262e-06
C:/Users/KUBA/GitProjects/WKIRO-Project/data/BL025/Session1/Overground_Run/Run_Fast/Post_Process/Run_Fast1.csv,1,BL025,Session1,overground,run,fast,2,BL025,23,RC023,0.11245967447757721,0.024238524958491325,0.01171021442860365,0.0954594612121582,0.007099374663084745,0.08406136929988861,0.01124791894108057,0.004692194517701864,0.008882584050297737,0.012112748809158802,0.014758190140128136,0.10622090101242065,0.08254612237215042,0.004294810350984335,0.0433436743915081,0.0069430009461939335,0.012123092077672482,0.010990165174007416,0.08730768412351608,0.003376581473276019,0.005541027989238501,0.032691072672605515,0.01727657951414585,0.0702599510550499,0.11245967447757721,0.006032813340425491,0.006578892935067415,0.08021314442157745,0.006033713463693857,0.025467004626989365,0.0060375588946044445
C:/Users/KUBA/GitProjects/WKIRO-Project/data/BL025/Session1/Overground_Walk/Walk_Comfortable/Post_Process/Walk_Comfortable6.csv,5,BL025,Session1,overground,walk,comfortable,2,BL025,2,BL025,0.9993005990982056,1.72586806002073e-05,7.79099423198204e-07,0.9993005990982056,3.4737561804831785e-07,5.40081941835524e-07,3.2940668859282596e-08,2.1957274043415964e-07,8.170633236659341e-07,3.4624640647962224e-06,0.00019278234685771167,0.00012314788182266057,2.6412155307298235e-07,3.967230952639511e-07,0.00010762373131001368,2.8343191615931573e-07,3.2773078828540747e-07,1.630663246032782e-05,4.3981319322483614e-05,0.00012356166553217918,1.5834039004403166e-05,7.14134955615009e-07,4.7246732748362774e-08,3.547029700712301e-05,4.990421075490303e-06,3.358506805994921e-09,4.80284711557033e-07,8.37637628592347e-07,2.6017454501925386e-07,6.827831384725869e-06,1.830108203648706e-06
C:/Users/KUBA/GitProjects/WKIRO-Project/data/BL025/Session1/Overground_Walk/Walk_Fast/Post_Process/Walk_Fast4.csv,4,BL025,Session1,overground,walk,fast,2,BL025,2,BL025,0.9993358254432678,1.3912100257584825e-05,6.546340500790393e-07,0.9993358254432678,3.6517602097774216e-07,4.098534986951563e-07,3.0165288933403644e-08,2.179451286110634e-07,6.784910624446638e-07,2.3725192477286328e-06,0.00016152934404090047,0.00010184512211708352,1.9927718142298545e-07,2.4121209207805805e-07,0.00011778908810811117,2.2067905547373812e-07,3.0008493467903463e-07,2.178841532440856e-05,4.695940515375696e-05,0.0001422117347829044,1.2397016689646989e-05,6.959589882171713e-07,3.4778071977825675e-08,2.5522544092382304e-05,4.6251711864897516e-06,2.957479594556389e-09,3.558816956683586e-07,7.650382372048625e-07,2.3626752465588652e-07,5.9304884416633286e-06,1.8309748384126578e-06
C:/Users/KUBA/GitProjects/WKIRO-Project/data/BL025/Session1/Overground_Walk/Walk_Fast/Post_Process/Walk_Fast7.csv,4,BL025,Session1,overground,walk,fast,2,BL025,2,BL025,0.15772002935409546,0.00994904339313507,0.03239984065294266,0.15772002935409546,0.013371591456234455,0.034825824201107025,0.03142980858683586,0.010564987547695637,0.0031088388059288263,0.020626943558454514,0.029772209003567696,0.04176471754908562,0.03712861239910126,0.007957040332257748,0.11447644233703613,0.01669367589056492,0.019591381773352623,0.02441941574215889,0.12630192935466766,0.006878006272017956,0.011949100531637669,0.01227177307009697,0.05559678375720978,0.05737791582942009,0.03578004613518715,0.014550096355378628,0.0029812785796821117,0.03187602013349533,0.016897033900022507,0.009821934625506401,0.01191769726574421
C:/Users/KUBA/GitProjects/WKIRO-Project/data/BL025/Session1/Overground_Walk/Walk_Fast/Post_Process/Walk_Fast8.csv,4,BL025,Session1,overground,walk,fast,2,BL025,2,BL025,0.9993332028388977,1.4040447240404319e-05,7.530064181082707e-07,0.9993332028388977,3.335557607897499e-07,4.520260290519218e-07,2.973802537553638e-08,1.5578524426018703e-07,7.287347898454755e-07,3.027155344170751e-06,0.00016074060113169253,0.00011302859638817608,2.1817260176248965e-07,2.6183417389802344e-07,0.00010914115409832448,1.9239378445945476e-07,3.2613684197713155e-07,1.965511910384521e-05,4.6277447836473584e-05,0.00013599252270068973,1.2717344361590222e-05,5.885727887289249e-07,3.7111163919689716e-08,3.454229954513721e-05,5.189701369090471e-06,2.9228022224714323e-09,3.500599632388912e-07,7.579262160106737e-07,2.2393567178369267e-07,5.16594900545897e-06,1.861399596236879e-06
C:/Users/KUBA/GitProjects/WKIRO-Project/data/BL025/Session1/Overground_Walk/Walk_Slow/Post_Process/Walk_Slow1.csv,9,BL025,Session1,overground,walk,slow,2,BL025,2,BL025,0.1576501876115799,0.009903688915073872,0.032550148665905,0.1576501876115799,0.013423466123640537,0.03467191010713577,0.031585223972797394,0.01061015110462904,0.003105370094999671,0.020707257091999054,0.02989792451262474,0.041564494371414185,0.036972373723983765,0.007991033606231213,0.1146593987941742,0.01674322411417961,0.01967015117406845,0.024517033249139786,0.1260347217321396,0.006902297958731651,0.011991236358880997,0.012211750261485577,0.0558241605758667,0.05718902125954628,0.03560921922326088,0.014597058296203613,0.0029827833641320467,0.03173204883933067,0.01695038005709648,0.009780311025679111,0.011971937492489815
C:/Users/KUBA/GitProjects/WKIRO-Project/data/BL025/Session1/Treadmill_Walk/Treadmill_Walk_Fast/Post_Process/Treadmill_Walk_Fast.csv,121,BL025,Session1,treadmill,walk,fast,2,BL025,2,BL025,0.9993063807487488,1.781223909347318e-05,5.162989964446751e-07,0.9993063807487488,4.0017729929786583e-07,5.671945473295636e-07,2.7201259911180387e-08,2.1996760324327624e-07,8.224578778026626e-07,2.6352486202085856e-06,0.00015471907681785524,0.00014662998728454113,3.362791005656618e-07,2.5116239044109534e-07,0.00010052789002656937,2.4591142278040934e-07,3.793525138462428e-07,2.0698338630609214e-05,5.08038247062359e-05,0.00013320447760634124,1.1206754606973846e-05,9.694126674730796e-07,3.733704900810153e-08,2.989500353578478e-05,7.705072675889824e-06,2.9474196416856557e-09,5.339761628420092e-07,1.1014150231858366e-06,1.5800941355337272e-07,9.919483090925496e-06,1.3653226460519363e-06
C:/Users/KUBA/GitProjects/WKIRO-Project/data/BL025/Session2/Overground_Run/Run_Comfortable/Post_Process/Run_Comfortable2.csv,2,BL025,Session2,overground,run,comfortable,2,BL025,2,BL025,0.9963149428367615,1.5297640857170336e-05,2.2854330381960608e-05,0.9963149428367615,1.997774961637333e-05,4.871585588261951e-07,1.1577341751944914e-07,1.529845394543372e-05,4.030528089060681e-06,7.357198046520352e-05,0.0006923918263055384,0.0002744371013250202,7.926506100375263e-07,3.875050879287301e-06,0.0001213153445860371,3.666092652565567e-06,2.6990419428329915e-06,0.0002118051634170115,2.389568544458598e-05,0.002083173952996731,6.274384213611484e-05,7.837599582671828e-07,9.99574751858745e-08,1.7854017642093822e-05,3.6110932342126034e-06,4.4324295345177234e-08,4.4098428588768e-06,5.975245471745438e-07,1.6946053165156627e-06,8.915736543713138e-06,1.4640032532042824e-05
C:/Users/KUBA/GitProjects/WKIRO-Project/data/BL025/Session2/Overground_Run/Run_Fast/Post_Process/Run_Fast3.csv,1,BL025,Session2,overground,run,fast,2,BL025,2,BL025,0.1158277615904808,0.020371316000819206,0.0162673257291317,0.1158277615904808,0.008910204283893108,0.07083053886890411,0.01566537469625473,0.006172709167003632,0.007153813727200031,0.014804123900830746,0.018862297758460045,0.0882808268070221,0.07107837498188019,0.005366456229239702,0.05950674042105675,0.009295238181948662,0.014613214880228043,0.014409299939870834,0.10230814665555954,0.004326497670263052,0.007207629270851612,0.02683579921722412,0.02497892454266548,0.07080680876970291,0.08838318288326263,0.008082889951765537,0.005671115592122078,0.06684937328100204,0.008409540168941021,0.021053224802017212,0.007671294268220663
C:/Users/KUBA/GitProjects/WKIRO-Project/data/BL025/Session2/Overground_Walk/Walk_Fast/Post_Process/Walk_Fast6.csv,2,BL025,Session2,overground,walk,fast,2,BL025,2,BL025,0.999070405960083,3.3952881494769827e-05,1.046466309162497e-06,0.999070405960083,7.470198966075259e-07,7.3303726821905e-07,2.6474587855318532e-08,3.2634642366247135e-07,9.167902135231998e-07,3.6549517972161993e-06,0.0001513067982159555,0.0002055532531812787,1.7115225148245372e-07,2.5043127038770763e-07,0.00010237489186692983,3.894887754540832e-07,3.4318591701776313e-07,3.505938366288319e-05,4.373824776848778e-05,0.0002819652727339417,2.2310190615826286e-05,1.9945864551118575e-06,2.675543697705507e-08,1.8417620594846085e-05,4.541033376881387e-06,4.9746331498568e-09,9.9227941063873e-07,6.704127599732601e-07,2.8820082320635265e-07,1.4894285413902253e-05,2.8497493076429237e-06
C:/Users/KUBA/GitProjects/WKIRO-Project/data/BL025/Session2/Overground_Walk/Walk_Slow/Post_Process/Walk_Slow5.csv,9,BL025,Session2,overground,walk,slow,2,BL025,2,BL025,0.1573645919561386,0.00987575575709343,0.03272141143679619,0.1573645919561386,0.013500750064849854,0.03457389399409294,0.03176732361316681,0.010670856572687626,0.0031186186242848635,0.020834000781178474,0.03007444366812706,0.041427839547395706,0.036868300288915634,0.008043699897825718,0.11464069783687592,0.01679394394159317,0.01979944109916687,0.02464223839342594,0.12550130486488342,0.006935564335435629,0.01204552873969078,0.01217503659427166,0.05602283030748367,0.05697166919708252,0.03552790358662605,0.014648225158452988,0.003000880591571331,0.031643256545066833,0.01699575036764145,0.009761493653059006,0.012052785605192184
C:/Users/KUBA/GitProjects/WKIRO-Project/data/CF027/Session1/Overground_Run/Run_Comfortable/Post_Process/Run_Comfortable3.csv,2,CF027,Session1,overground,run,comfortable,3,CF027,3,CF027,0.9993690848350525,5.597996164397046e-07,1.904695750454266e-06,1.632035491638817e-05,0.9993690848350525,5.64450090223545e-07,1.963151225936599e-05,0.00019576931663323194,3.322743111766613e-07,0.00012687122216448188,2.7097948986920528e-05,1.0721039700456458e-07,1.8012900682151667e-07,5.834809826410492e-07,1.3107686754665338e-05,1.8073808405461023e-06,1.122746652981732e-05,0.00013829703675583005,9.506406058790162e-06,8.032482583075762e-06,9.218963896273635e-06,8.681928420628537e-07,7.785768502799328e-06,9.961627966958986e-08,4.5567254858269735e-08,2.4000099074328318e-05,2.1255891624605283e-06,7.999273776704285e-08,2.437789419218461e-07,1.1143021794168817e-07,1.4469411325990222e-05
C:/Users/KUBA/GitProjects/WKIRO-Project/data/CF027/Session1/Overground_Run/Run_Fast/Post_Process/Run_Fast6.csv,1,CF027,Session1,overground,run,fast,3,CF027,3,CF027,0.9952914714813232,1.2356350680420292e-06,8.548897312721238e-06,6.683357059955597e-05,0.9952914714813232,6.913485890436277e-07,2.1663094230461866e-05,0.000465190241811797,1.2435081089279265e-06,0.0029460431542247534,6.547136581502855e-05,4.953664074491826e-07,3.350174040406273e-07,1.75682198459981e-05,1.3171648788556922e-05,5.0040282076224685e-05,0.00019785389304161072,0.000311893702019006,1.1375395843060687e-05,7.503380038542673e-05,0.00028436179854907095,1.1708790452757967e-06,3.834464951069094e-05,1.0371137477704906e-06,2.433719998862216e-07,4.0403116145171225e-05,2.3705872081336565e-05,3.3344136340929253e-08,4.83582471133559e-06,1.2310037789120543e-07,5.9546789998421445e-05
C:/Users/KUBA/GitProjects/WKIRO-Project/data/CF027/Session1/Overground_Walk/Walk_Comfortable/Post_Process/Walk_Comfortable8.csv,6,CF027,Session1,overground,walk,comfortable,3,CF027,5,DA013,0.06524486094713211,0.0049329097382724285,0.06024346873164177,0.03184801712632179,0.052774686366319656,0.005995368584990501,0.06524486094713211,0.0565544031560421,0.012205313891172409,0.05311497673392296,0.06270792335271835,0.006174251437187195,0.00629808334633708,0.04874061420559883,0.038886066526174545,0.04645203426480293,0.05430392548441887,0.0476200245320797,0.013948856852948666,0.030958279967308044,0.042560916393995285,0.006856570485979319,0.06187828257679939,0.007574280258268118,0.007344657555222511,0.05089506506919861,0.017039060592651367,0.005805640015751123,0.04039100185036659,0.007532026153057814,0.05311843380331993
C:/Users/KUBA/GitProjects/WKIRO-Project/data/CF027/Session1/Overground_Walk/Walk_Fast/Post_Process/Walk_Fast6.csv,2,CF027,Session1,overground,walk,fast,3,CF027,3,CF027,0.994845449924469,3.279247948739794e-06,3.918438324035378e-06,2.5504436052870005e-05,0.994845449924469,2.255000072182156e-05,4.999430893803947e-05,0.0009265031549148262,1.1936378996324493e-06,0.0008401329978369176,0.0002854008926078677,6.590689167751407e-07,5.294115794640675e-07,1.8392114725429565e-05,1.9090479327132925e-05,6.479001604020596e-05,2.6016139599960297e-05,0.0006245783297345042,2.0279914679122157e-05,1.8951457604998723e-05,5.4869920859346166e-05,2.350149316043826e-06,0.00010135221236851066,3.485623096821655e-07,1.6621928580207168e-06,0.0010769113432615995,8.218936272896826e-05,1.9380681806069333e-06,2.4197217953769723e-06,1.6194264844671125e-06,0.0008771189022809267
C:/Users/KUBA/GitProjects/WKIRO-Project/data/CF027/Session1/Treadmill_Walk/Treadmill_Walk_Fast/Post_Process/Treadmill_Walk_Fast.csv,119,CF027,Session1,treadmill,walk,fast,3,CF027,3,CF027,0.9990664124488831,4.6509711637554574e-07,3.0254600460466463e-06,2.225252137577627e-05,0.9990664124488831,1.3122808013577014e-06,4.1766048525460064e-05,0.00016041733033489436,2.878932150451874e-07,0.00014388719864655286,4.359960803412832e-05,2.2176001834850467e-07,2.0064628358795744e-07,5.71504870094941e-07,1.4206964806362521e-05,6.71407133268076e-06,1.0772733730846085e-05,0.0003801491402555257,1.5922982129268348e-05,1.4869849110255018e-05,1.0049596312455833e-05,2.211621449532686e-06,9.071431122720242e-06,2.2314777936571772e-07,3.5483903815247686e-08,1.9907840396626852e-05,2.2321967207972193e-06,1.0653240423152965e-07,5.149038884155743e-07,2.009680883929832e-07,2.8356727852951735e-05
C:/Users/KUBA/GitProjects/WKIRO-Project/data/CF027/Session2/Overground_Run/Run_Comfortable/Post_Process/Run_Comfortable3.csv,2,CF027,Session2,overground,run,comfortable,3,CF027,6,DC005,0.09117399156093597,0.011260995641350746,0.026595422998070717,0.00809817761182785,0.07142265141010284,0.00329598318785429,0.02559439092874527,0.09117399156093597,0.03656761720776558,0.03241529315710068,0.023427171632647514,0.0032052290625870228,0.0031910750549286604,0.07950194180011749,0.011043542064726353,0.07226401567459106,0.028327031061053276,0.028277412056922913,0.005478144157677889,0.05265258997678757,0.0646764412522316,0.017381101846694946,0.024754716083407402,0.0039036297239363194,0.004494113847613335,0.08371112495660782,0.04519760608673096,0.0037830770015716553,0.057727377861738205,0.019594203680753708,0.06098391115665436
C:/Users/KUBA/GitProjects/WKIRO-Project/data/CF027/Session2/Overground_Run/Run_Fast/Post_Process/Run_Fast3.csv,1,CF027,Session2,overground,run,fast,3,CF027,6,DC005,0.08219368010759354,0.01713770255446434,0.021944133564829826,0.007752286270260811,0.06770770996809006,0.004875891841948032,0.021024346351623535,0.08219368010759354,0.05886824056506157,0.03126576542854309,0.021288413554430008,0.004812758881598711,0.004598715808242559,0.07610783725976944,0.009158411994576454,0.06378426402807236,0.027714474126696587,0.025087978690862656,0.005488258320838213,0.04901658371090889,0.05897466838359833,0.027255702763795853,0.019437139853835106,0.0046840570867061615,0.007217969745397568,0.07395648956298828,0.06714358180761337,0.005680990405380726,0.04850844666361809,0.0305047407746315,0.05680882930755615
C:/Users/KUBA/GitProjects/WKIRO-Project/data/CF027/Session2/Overground_Run/Run_Fast/Post_Process/Run_Fast6.csv,1,CF027,Session2,overground,run,fast,3,CF027,3,CF027,0.9455772042274475,7.629972060385626e-06,2.320334351679776e-05,0.00010699291306082159,0.9455772042274475,1.1995860404567793e-05,1.9353519746800885e-05,0.004789895843714476,2.0108923308725934e-06,0.04208548739552498,0.001127412193454802,7.337155238928972e-06,1.8388199123364757e-06,0.00020695416606031358,2.1342233594623394e-05,0.00028809456853196025,0.00035807170206680894,0.00035017720074392855,1.1931510925933253e-05,0.00012800308468285948,0.002526188036426902,2.7322980713506695e-06,0.0004795894492417574,1.817294787542778e-06,1.5713505945313955e-06,0.0006405167514458299,0.0002900126273743808,4.229019339163642e-07,7.3271071414637845e-06,3.836515816146857e-07,0.0009244973189197481
C:/Users/KUBA/GitProjects/WKIRO-Project/data/CF027/Session2/Overground_Run/Run_Fast/Post_Process/Run_Fast7.csv,1,CF027,Session2,overground,run,fast,3,CF027,6,DC005,0.08085920661687851,0.01749570667743683,0.022059787064790726,0.00795149989426136,0.06733257323503494,0.005130487959831953,0.02117333933711052,0.08085920661687851,0.06029865890741348,0.03169401362538338,0.021647566929459572,0.005074978806078434,0.00483409408479929,0.0753844603896141,0.00926498044282198,0.06251101195812225,0.02821170724928379,0.025246020406484604,0.0056072729639709,0.048251934349536896,0.05814693868160248,0.027794549241662025,0.019477613270282745,0.004840882960706949,0.007638541515916586,0.0723569318652153,0.0685669332742691,0.005968358833342791,0.04741978272795677,0.031087126582860947,0.05667303875088692
C:/Users/KUBA/GitProjects/WKIRO-Project/data/CF027/Session2/Overground_Walk/Walk_Comfortable/Post_Process/Walk_Comfortable4.csv,4,CF027,Session2,overground,walk,comfortable,3,CF027,3,CF027,0.9987170696258545,6.748401801814907e-07,4.542696387943579e-06,3.477012432995252e-05,0.9987170696258545,1.3953684856460313e-06,3.7213168980088085e-05,0.000240116220084019,4.0311033444595523e-07,0.00022621784592047334,4.8259535105898976e-05,2.968358217003697e-07,2.502076483779092e-07,7.932777634778176e-07,1.860849079093896e-05,8.567595614294987e-06,1.760675513651222e-05,0.0005243918858468533,2.033840792137198e-05,1.702846566331573e-05,1.3897953976993449e-05,2.5110848582698964e-06,1.2110757779737469e-05,3.13204452595528e-07,4.863957059342283e-08,1.9885492292814888e-05,3.298050614830572e-06,1.1858861626024009e-07,7.367250418610638e-07,2.685084155018558e-07,2.8324353479547426e-05
C:/Users/KUBA/GitProjects/WKIRO-Project/data/CF027/Session2/Overground_Walk/Walk_Fast/Post_Process/Walk_Fast8.csv,3,CF027,Session2,overground,walk,fast,3,CF027,3,CF027,0.9988701343536377,4.463279594801861e-07,4.591327524394728e-06,2.060205770249013e-05,0.9988701343536377,9.618903504815535e-07,4.392709888634272e-05,0.00021827204909641296,5.557089366448054e-07,0.0003248052962590009,5.698408858734183e-05,1.3886263161566603e-07,1.3511832719359518e-07,1.2136324585299008e-06,1.2235367648827378e-05,3.190165671185241e-06,1.7480253518442623e-05,0.000308756047161296,9.044096259458456e-06,1.67248126672348e-05,1.4589211787097156e-05,8.639065640636545e-07,9.113242413150147e-06,1.541112766290098e-07,3.038346818584614e-08,2.679367025848478e-05,3.1858260172157316e-06,7.97968411347938e-08,5.542610779230017e-07,1.193499343798976e-07,3.434416794334538e-05
C:/Users/KUBA/GitProjects/WKIRO-Project/data/CF027/Session2/Overground_Walk/Walk_Slow/Post_Process/Walk_Slow5.csv,8,CF027,Session2,overground,walk,slow,3,CF027,5,DA013,0.07739150524139404,0.0035263882018625736,0.06999096274375916,0.03637007623910904,0.048528075218200684,0.006734637077897787,0.07739150524139404,0.04574953019618988,0.009790557436645031,0.06162142753601074,0.07613302767276764,0.006951838731765747,0.007106006611138582,0.041991882026195526,0.04404778778553009,0.03437614440917969,0.065000519156456,0.053585030138492584,0.014855334535241127,0.023997418582439423,0.03462924808263779,0.004593842197209597,0.0703686997294426,0.008114754222333431,0.00833837315440178,0.03678596019744873,0.014742211438715458,0.0064065949991345406,0.030124926939606667,0.005131817888468504,0.053015414625406265
C:/Users/KUBA/GitProjects/WKIRO-Project/data/CF027/Session2/Treadmill_Run/Treadmill_Run_Comfortable/Post_Process/Treadmill_Run_Comfortable.csv,119,CF027,Session2,treadmill,run,comfortable,3,CF027,3,CF027,0.9990158677101135,8.465563041681889e-07,3.4028334994218312e-06,3.0051276553422213e-05,0.9990158677101135,1.1523516150191426e-06,2.7312453312333673e-05,0.00028908628155477345,5.585227995652531e-07,0.00024013378424569964,5.899596362723969e-05,1.8412826818803296e-07,2.342985396808217e-07,1.1076732562287361e-06,2.119737291650381e-05,2.088999963234528e-06,1.323331434832653e-05,0.00016995600890368223,1.6118470739456825e-05,1.375488682242576e-05,1.113766211346956e-05,1.1276622444711393e-06,9.398214388056658e-06,1.6136472424932435e-07,6.025908305673511e-08,4.576594801619649e-05,3.033062967006117e-06,1.7226322768237878e-07,3.616670198880456e-07,1.7538347663048626e-07,2.3298880478250794e-05
C:/Users/KUBA/GitProjects/WKIRO-Project/data/CL007/Session1/Overground_Run/Run_Fast/Post_Process/Run_Fast4.csv,2,CL007,Session1,overground,run,fast,4,CL007,4,CL007,0.9980719089508057,5.535971013159724e-06,1.3357372154132463e-05,4.39874156654696e-06,4.0530359513013536e-08,0.9980719089508057,1.8488224213797366e-06,1.7869130175540704e-08,2.3713726022833725e-06,4.639584403776098e-06,6.1090700000931975e-06,0.000496322347316891,3.706953066284768e-05,3.7340955714171287e-06,1.2439321039892093e-07,1.9538907736205147e-07,5.226681665249089e-08,6.672192967016599e-07,2.772896721126017e-07,9.237215436996848e-09,6.346324710193585e-08,8.745852937863674e-06,2.307974114046374e-07,3.462089443928562e-05,4.010376869700849e-05,5.196583288125112e-07,1.0475856470293365e-05,0.0012326531577855349,1.3097573514642136e-07,1.2130022696510423e-05,1.1674548659357242e-05
C:/Users/KUBA/GitProjects/WKIRO-Project/data/CL007/Session1/Overground_Run/Run_Fast/Post_Process/Run_Fast6.csv,1,CL007,Session1,overground,run,fast,4,CL007,4,CL007,0.9995588660240173,2.1150810880499193e-06,1.1150666068715509e-05,1.1801988648585393e-06,2.0507382458845314e-08,0.9995588660240173,5.469748316500045e-07,2.663272713476772e-09,8.050359951994324e-07,5.425720701168757e-06,1.0182209280173993e-06,0.00014576123794540763,7.484039997507352e-06,8.070892363321036e-07,4.874306114288629e-08,4.705544398575512e-08,1.10993418900307e-08,2.219916837020719e-07,1.137961760377948e-07,1.7113810368840632e-09,1.0811105788377517e-08,5.734891601605341e-06,3.4781979962872356e-08,6.316314738796791e-06,9.179899279843085e-06,1.876301638503719e-07,3.1401273190567736e-06,0.00022643929696641862,3.7479178871535623e-08,5.027053703088313e-06,8.204557161661796e-06
C:/Users/KUBA/GitProjects/WKIRO-Project/data/CL007/Session1/Overground_Run/Run_Fast/Post_Process/Run_Fast7.csv,1,CL007,Session1,overground,run,fast,4,CL007,23,RC023,0.1558838188648224,0.029841072857379913,0.005969503428786993,0.06174038350582123,0.004322702530771494,0.10310988873243332,0.005708290264010429,0.002630072645843029,0.01178209949284792,0.007730298675596714,0.008709284476935863,0.13347764313220978,0.09747403860092163,0.0026350875850766897,0.022565044462680817,0.0037739286199212074,0.007927603088319302,0.006200452335178852,0.0600258894264698,0.0019822041504085064,0.003168179653584957,0.04194290563464165,0.008210892789065838,0.06294146925210953,0.1558838188648224,0.0032745737116783857,0.007744892500340939,0.10030176490545273,0.0030561257153749466,0.03227205574512482,0.0035979130771011114
C:/Users/KUBA/GitProjects/WKIRO-Project/data/CL007/Session1/Overground_Walk/Walk_Comfortable/Post_Process/Walk_Comfortable2.csv,3,CL007,Session1,overground,walk,comfortable,4,CL007,4,CL007,0.9996933341026306,1.0875447742364486e-06,1.008100025501335e-05,5.172107080397836e-07,1.9939955464565173e-08,0.9996933341026306,8.981061796475842e-07,2.577969171468908e-09,1.390206648466119e-06,4.771594831254333e-06,6.281553055487166e-07,5.7297220337204635e-05,5.465959020511946e-06,5.351465688363533e-07,3.459140884842782e-08,3.915566892942479e-08,1.4155259187020874e-08,1.8256679368278128e-07,1.0626661861579123e-07,1.342592259589992e-09,4.519531859870085e-09,5.607680577668361e-06,2.1152056106643613e-08,3.992774509242736e-06,5.453964604384964e-06,2.923839304003195e-07,2.5083293166972e-06,0.00019493167928885669,3.851055296877348e-08,3.3112673918367364e-06,7.543287665612297e-06
C:/Users/KUBA/GitProjects/WKIRO-Project/data/CL007/Session1/Overground_Walk/Walk_Fast/Post_Process/Walk_Fast6.csv,2,CL007,Session1,overground,walk,fast,4,CL007,4,CL007,0.9996489882469177,1.3246767593955155e-06,9.566040716890711e-06,8.467831094094436e-07,2.281137589932314e-08,0.9996489882469177,8.126729085233819e-07,4.810726927928499e-09,1.759323026817583e-06,4.7317930693679955e-06,6.398765890480718e-07,7.969883154146373e-05,4.671866463468177e-06,6.51146194741159e-07,6.80093776850299e-08,3.583605945323143e-08,1.913367064787508e-08,3.687441108013445e-07,1.4456141173013748e-07,2.2444477387750794e-09,5.313991913169502e-09,7.490216830774443e-06,2.2237559349491676e-08,4.168528448644793e-06,8.078427526925225e-06,2.9935927159385756e-07,2.5712151909829117e-06,0.00021013749937992543,3.884625243699702e-08,4.535375410341658e-06,8.272993909486104e-06
C:/Users/KUBA/GitProjects/WKIRO-Project/data/CL007/Session1/Overground_Walk/Walk_Slow/Post_Process/Walk_Slow7.csv,6,CL007,Session1,overground,walk,slow,4,CL007,23,RC023,0.15597839653491974,0.02984466589987278,0.0059701427817344666,0.06167076528072357,0.004325443413108587,0.10312721878290176,0.005709603428840637,0.0026311485562473536,0.011807326227426529,0.007737068925052881,0.008714847266674042,0.13349224627017975,0.0974816307425499,0.002637347439303994,0.022537143900990486,0.003772541182115674,0.007935975678265095,0.006202373653650284,0.0599285326898098,0.001982768764719367,0.0031686576548963785,0.04194984957575798,0.008206740953028202,0.06288699060678482,0.15597839653491974,0.003273750888183713,0.007762869819998741,0.10032334178686142,0.003054199740290642,0.032285481691360474,0.0036009580362588167
C:/Users/KUBA/GitProjects/WKIRO-Project/data/CL007/Session2/Overground_Run/Run_Comfortable/Post_Process/Run_Comfortable1.csv,2,CL007,Session2,overground,run,comfortable,4,CL007,23,RC023,0.1559169441461563,0.02985110878944397,0.0059668198227882385,0.06170593947172165,0.004322223365306854,0.10311910510063171,0.005705668590962887,0.0026297075673937798,0.011789853684604168,0.007728904485702515,0.00870638806372881,0.1334894299507141,0.09747682511806488,0.0026349807158112526,0.02254968322813511,0.0037729970645159483,0.007926215417683125,0.006198415067046881,0.059993989765644073,0.0019819859880954027,0.0031676525250077248,0.04195927828550339,0.008205998688936234,0.06292563676834106,0.1559169441461563,0.0032738710287958384,0.007749464362859726,0.10031294822692871,0.003055117093026638,0.03228538855910301,0.003597468603402376
C:/Users/KUBA/GitProjects/WKIRO-Project/data/CL007/Session2/Overground_Run/Run_Comfortable/Post_Process/Run_Comfortable4.csv,2,CL007,Session2,overground,run,comfortable,4,CL007,4,CL007,0.9994992017745972,1.7524275790492538e-06,1.1931753761018626e-05,1.2769124850819935e-06,2.429306178441948e-08,0.9994992017745972,1.136019022851542e-06,6.933815299703383e-09,2.165719251934206e-06,5.9081071412947495e-06,9.243429985872353e-07,0.00015683048695791513,7.795591045578476e-06,1.2159271136624739e-06,6.028051302564563e-08,1.19123527042575e-07,2.757147399279347e-08,3.311138527806179e-07,1.807835872114083e-07,4.517491714040034e-09,1.1181134240700885e-08,1.2474725735955872e-05,2.590006076275131e-08,7.4225381467840634e-06,1.3112081433064304e-05,4.856025270782993e-07,5.601998054771684e-06,0.00024998330627568066,9.325397343218356e-08,8.111429451673757e-06,1.174631961475825e-05
C:/Users/KUBA/GitProjects/WKIRO-Project/data/CL007/Session2/Overground_Run/Run_Fast/Post_Process/Run_Fast11.csv,1,CL007,Session2,overground,run,fast,4,CL007,23,RC023,0.15571868419647217,0.029834993183612823,0.0059850336983799934,0.06184146925806999,0.00433222483843565,0.10304834693670273,0.005723019130527973,0.0026368992403149605,0.011776028200984001,0.007744297385215759,0.0087266331538558,0.13338476419448853,0.09742644429206848,0.0026409600395709276,0.022620702162384987,0.003784319618716836,0.007940835319459438,0.006214591674506664,0.06011706590652466,0.0019870749674737453,0.0031761627178639174,0.041929665952920914,0.008234268985688686,0.06297716498374939,0.15571868419647217,0.003283682744950056,0.0077439481392502785,0.10023640841245651,0.003065314143896103,0.03226302191615105,0.0036059257108718157
C:/Users/KUBA/GitProjects/WKIRO-Project/data/CL007/Session2/Overground_Walk/Walk_Fast/Post_Process/Walk_Fast2.csv,3,CL007,Session2,overground,walk,fast,4,CL007,4,CL007,0.9984216690063477,3.1901294278213754e-05,1.4638073480455205e-05,3.941672275686869e-06,5.368743316580549e-08,0.9984216690063477,8.954405643635255e-07,1.0373204872848873e-07,9.137042980000842e-06,9.07329740584828e-06,1.2590650158017525e-06,0.00032028494752012193,5.759101895819185e-06,2.222421062469948e-05,3.9570102217112435e-07,1.1151497574246605e-06,9.428200087313598e-08,6.943993753338873e-07,1.5643187225578004e-06,1.2262262316653505e-08,1.6135264502281643e-07,0.00019159720977768302,1.4422417393689102e-07,0.00011134592932648957,7.600445678690448e-05,1.0837326271939673e-06,1.3949475942354184e-05,0.0006398526020348072,3.4156064430135302e-06,9.753746417118236e-05,2.001637221837882e-05
C:/Users/KUBA/GitProjects/WKIRO-Project/data/CL007/Session2/Overground_Walk/Walk_Fast/Post_Process/Walk_Fast6.csv,2,CL007,Session2,overground,walk,fast,4,CL007,4,CL007,0.9994684457778931,2.981249963340815e-06,1.2804714060621336e-05,8.568108000872598e-07,2.63071591177777e-08,0.9994684457778931,9.78271145868348e-07,5.094749511158625e-08,1.3149151527613867e-05,6.461366865551099e-06,4.55051235803694e-07,0.00011640413868008181,4.263679784344276e-06,2.4501159714418463e-06,1.069123456431953e-07,2.1237049452338397e-07,5.7316782431371394e-08,7.519143991885358e-07,2.2715921943472495e-07,3.211211563325378e-08,1.0877420741906008e-08,6.052710159565322e-05,1.3339001903034386e-08,5.457437964651035e-06,1.3922859579906799e-05,1.6487124412378762e-06,1.0061045941256452e-05,0.0002169944200431928,2.4125051822920796e-07,4.42486816609744e-05,1.6121857697726227e-05
C:/Users/KUBA/GitProjects/WKIRO-Project/data/CL007/Session2/Overground_Walk/Walk_Fast/Post_Process/Walk_Fast7.csv,3,CL007,Session2,overground,walk,fast,4,CL007,23,RC023,0.15597441792488098,0.029842272400856018,0.005977223161607981,0.061668362468481064,0.00433112308382988,0.10311432927846909,0.0057168141938745975,0.002634585602208972,0.01182103157043457,0.00774760777130723,0.008726167492568493,0.13346493244171143,0.09746801853179932,0.0026412103325128555,0.022542303428053856,0.003775715595111251,0.007947356440126896,0.006209640298038721,0.05990183353424072,0.0019850728567689657,0.003172164550051093,0.04194548726081848,0.008213898167014122,0.0628657117486,0.15597441792488098,0.0032767897937446833,0.007774183992296457,0.10031083226203918,0.003056565998122096,0.032288115471601486,0.003606292651966214
C:/Users/KUBA/GitProjects/WKIRO-Project/data/CL007/Session2/Overground_Walk/Walk_Slow/Post_Process/Walk_Slow8.csv,5,CL007,Session2,overground,walk,slow,4,CL007,4,CL007,0.9994880557060242,3.0384669571503764e-06,1.1561483916011639e-05,1.4268018730945187e-06,2.8916371519471795e-08,0.9994880557060242,1.463041940041876e-06,2.77396825509868e-08,5.7667029977892525e-06,6.6318593781034e-06,7.53151709886879e-07,0.00012273536412976682,6.872982339700684e-06,2.379052375545143e-06,1.412772832054543e-07,2.93100839598992e-07,1.1007036704313578e-07,8.309824579555425e-07,3.2370121516578365e-07,9.499091291331752e-09,2.4789480690401433e-08,3.338091846671887e-05,4.080974491671441e-08,1.9047463865717873e-05,2.1487052435986698e-05,8.02462523097347e-07,7.805414497852325e-06,0.00024083054449874908,2.963014935630781e-07,1.3414069144346286e-05,1.0362871762481518e-05
C:/Users/KUBA/GitProjects/WKIRO-Project/data/CL007/Session2/Treadmill_Run/Treadmill_Run_Fast/Post_Process/Treadmill_Run_Fast.csv,119,CL007,Session2,treadmill,run,fast,4,CL007,4,CL007,0.9994462728500366,2.4273217604786623e-06,8.811052794044372e-06,1.2918342235934688e-06,5.802277414090895e-08,0.9994462728500366,1.5723312571935821e-06,3.596547770712277e-08,3.6134269976173528e-06,7.727084266662132e-06,1.6809050293886685e-06,9.481306187808514e-05,9.774998943612445e-06,1.0664522278602817e-06,9.048449811643877e-08,7.914437674116925e-07,8.422883013281535e-08,5.062682930656592e-07,8.035311793719302e-07,1.1107615272010207e-08,2.455183434335595e-08,0.00011987393372692168,3.024378614213674e-08,1.2862974472227506e-05,1.1718226232915185e-05,8.792196695139864e-07,3.4344353480264544e-05,0.00021448037296067923,2.2768625740354764e-07,1.6918955225264654e-05,7.29811063138186e-06
C:/Users/KUBA/GitProjects/WKIRO-Project/data/CL007/Session2/Treadmill_Walk/Treadmill_Walk_Fast/Post_Process/Treadmill_Walk_Fast.csv,119,CL007,Session2,treadmill,walk,fast,4,CL007,4,CL007,0.9996352791786194,1.095714310395124e-06,1.2531630090961698e-05,9.064997925634088e-07,3.352475985707315e-08,0.9996352791786194,8.409963356825756e-07,7.620331032853755e-09,1.8606352796268766e-06,1.246723513759207e-05,8.416275818490249e-07,0.00010062317596748471,7.574658866360551e-06,9.922706567522255e-07,7.824813508250372e-08,7.808414892451765e-08,3.683926408371008e-08,2.864733517071727e-07,2.389776057043491e-07,4.408463816218955e-09,8.118338001850134e-09,1.2771296496794093e-05,2.66199311482751e-08,7.834419193386566e-06,6.5485455706948414e-06,4.7668885372331715e-07,5.204587068874389e-06,0.00017690924869384617,6.365029037169734e-08,5.824026629852597e-06,8.568875273340382e-06
C:/Users/KUBA/GitProjects/WKIRO-Project/data/DA013/Session1/Overground_Run/Run_Comfortable/Post_Process/Run_Comfortable1.csv,2,DA013,Session1,overground,run,comfortable,5,DA013,5,DA013,0.9978436827659607,3.3332517546114104e-07,0.00013924928498454392,1.385660794994692e-07,1.281348795600934e-05,1.3679232324648183e-06,0.9978436827659607,1.1769659522542497e-06,0.0001807000080589205,2.5591480152797885e-05,1.2690446965279989e-05,5.069259145784599e-08,1.3770946679869667e-05,1.4172148894431302e-06,4.730640648631379e-05,2.925215540017234e-06,6.838420813437551e-05,0.0001377428852720186,9.586894884705544e-05,0.00017161878349725157,5.541834298128379e-07,2.8149315767223015e-06,0.00018920123693533242,1.171376766251342e-06,8.783608507201279e-08,0.0006651147268712521,5.157686189249944e-08,6.696572199871298e-06,0.00019059858459513634,1.0554824712016853e-06,0.0001858141040429473
C:/Users/KUBA/GitProjects/WKIRO-Project/data/DA013/Session1/Overground_Run/Run_Comfortable/Post_Process/Run_Comfortable5.csv,2,DA013,Session1,overground,run,comfortable,5,DA013,5,DA013,0.9964028596878052,2.489608164069068e-07,0.0001231726782862097,6.993359136231447e-08,5.292400237522088e-05,1.176998125629325e-06,0.9964028596878052,2.7220530682825483e-06,0.00021400541299954057,8.504546713083982e-05,1.5150451872614212e-05,2.4860227654244227e-08,3.585576996556483e-05,1.155431846200372e-06,2.329964263481088e-05,4.107066615688382e-06,0.00020495621720328927,4.795841232407838e-05,0.00013599838712252676,0.0001439703191863373,1.5881273611739744e-06,4.138992153457366e-06,0.0003924472548533231,1.48176945913292e-06,6.951507458552442e-08,0.0018045289907604456,2.391790587807918e-07,3.883414137817454e-06,0.0002123077865689993,6.290852638812794e-07,8.382662781514227e-05
C:/Users/KUBA/GitProjects/WKIRO-Project/data/DA013/Session1/Overground_Run/Run_Fast/Post_Process/Run_Fast7.csv,1,DA013,Session1,overground,run,fast,5,DA013,9,GQ016,0.09262987971305847,0.0035033156163990498,0.07275564223527908,0.04578816145658493,0.04032114893198013,0.012370877899229527,0.08254726976156235,0.02932628244161606,0.011090625077486038,0.07308592647314072,0.09262987971305847,0.013066346757113934,0.012834064662456512,0.03136105835437775,0.046913545578718185,0.019248800352215767,0.08179318159818649,0.05668247863650322,0.01773875579237938,0.014908604323863983,0.0231315940618515,0.00420691492035985,0.06874419748783112,0.011505617760121822,0.016721077263355255,0.01947947032749653,0.01704804226756096,0.011598036624491215,0.016446810215711594,0.004709254484623671,0.0484430268406868
C:/Users/KUBA/GitProjects/WKIRO-Project/data/DA013/Session1/Overground_Run/Run_Fast/Post_Process/Run_Fast9.csv,1,DA013,Session1,overground,run,fast,5,DA013,9,GQ016,0.09250904619693756,0.003602010430768132,0.07214414328336716,0.04593880847096443,0.040206167846918106,0.012765396386384964,0.08185781538486481,0.029109342023730278,0.011441566050052643,0.07318536937236786,0.09250904619693756,0.013499322347342968,0.013222137466073036,0.03126557916402817,0.04659208282828331,0.019074173644185066,0.08202510327100754,0.05643578991293907,0.01783054508268833,0.01482609286904335,0.022984445095062256,0.004331796895712614,0.06795277446508408,0.011701777577400208,0.01734917424619198,0.019297659397125244,0.017499545589089394,0.011974579654633999,0.01624765433371067,0.00484634330496192,0.04828369617462158
C:/Users/KUBA/GitProjects/WKIRO-Project/data/DA013/Session1/Overground_Walk/Walk_Fast/Post_Process/Walk_Fast1.csv,3,DA013,Session1,overground,walk,fast,5,DA013,9,GQ016,0.09485603123903275,0.002073690528050065,0.08316264301538467,0.04431832209229469,0.040096890181303024,0.007399662863463163,0.09465078264474869,0.030984729528427124,0.006141188088804483,0.07041556388139725,0.09485603123903275,0.00768212229013443,0.007901136763393879,0.03093566931784153,0.053281936794519424,0.02088388055562973,0.0773821473121643,0.05998685956001282,0.01642928645014763,0.015227380208671093,0.024127332493662834,0.002412852831184864,0.0830465629696846,0.008724017068743706,0.009115207009017467,0.02113271690905094,0.010306094773113728,0.0068331812508404255,0.01883094571530819,0.0027217958122491837,0.04893932864069939
C:/Users/KUBA/GitProjects/WKIRO-Project/data/DA013/Session1/Overground_Walk/Walk_Fast/Post_Process/Walk_Fast3.csv,3,DA013,Session1,overground,walk,fast,5,DA013,9,GQ016,0.0940764769911766,0.0021323992405086756,0.08277022838592529,0.04515083506703377,0.039974287152290344,0.007563673425465822,0.09399648755788803,0.030941754579544067,0.006154228001832962,0.06986590474843979,0.0940764769911766,0.007863636128604412,0.008075243793427944,0.030774936079978943,0.05402079224586487,0.02106928825378418,0.07660355418920517,0.05976927652955055,0.01690683886408806,0.01525882724672556,0.024190334603190422,0.002484135329723358,0.0831732228398323,0.008960406295955181,0.00929655134677887,0.021290645003318787,0.010258513502776623,0.006987025961279869,0.01902199536561966,0.002791301580145955,0.04857712984085083
C:/Users/KUBA/GitProjects/WKIRO-Project/data/DA013/Session2/Overground_Run/Run_Comfortable/Post_Process/Run_Comfortable10.csv,1,DA013,Session2,overground,run,comfortable,5,DA013,5,DA013,0.9936104416847229,8.223257452755206e-08,0.00011789932614192367,1.0601354460959556e-06,4.945071486872621e-05,1.0985794688167516e-05,0.9936104416847229,6.9866991907474585e-06,0.00014005176490172744,0.0002789712161757052,1.6901192793739028e-05,1.9016863461729372e-07,9.764921742316801e-06,7.985547199496068e-06,4.9219604989048094e-05,9.387063983012922e-06,4.242351860739291e-05,0.001916836597956717,4.434146103449166e-05,0.0006718249060213566,2.3963129933690652e-06,2.398148808424594e-06,0.00012932109530083835,6.599452149202989e-07,4.804054043461292e-08,0.000279933272395283,2.587704273082636e-07,9.389830665895715e-06,0.0006891900557093322,4.80615335618495e-06,0.0018965548370033503
C:/Users/KUBA/GitProjects/WKIRO-Project/data/DA013/Session2/Overground_Run/Run_Comfortable/Post_Process/Run_Comfortable8.csv,2,DA013,Session2,overground,run,comfortable,5,DA013,5,DA013,0.9965953230857849,3.3730424320310703e-07,0.00026817357866093516,1.6212865716624947e-07,5.131457874085754e-05,1.4912607184669469e-06,0.9965953230857849,3.3785779578465736e-06,0.00017120597476605326,6.219898932613432e-05,1.575437272549607e-05,6.878092051465501e-08,1.0817614565894473e-05,3.7018996863480425e-06,7.21226679161191e-05,5.9057160797237884e-06,0.0001022252399707213,0.0001386767253279686,0.00021143382764421403,0.00023088893794920295,1.4675032389277476e-06,4.113554041396128e-06,0.0003653216699603945,2.025261892413255e-06,9.663672528859024e-08,0.0008307262323796749,1.544746339732228e-07,1.1573339179449249e-05,0.0006114930147305131,1.4984467497924925e-06,0.00022627750877290964
C:/Users/KUBA/GitProjects/WKIRO-Project/data/DA013/Session2/Overground_Run/Run_Fast/Post_Process/Run_Fast3.csv,1,DA013,Session2,overground,run,fast,5,DA013,9,GQ016,0.09440156817436218,0.002515643835067749,0.0794987827539444,0.044706232845783234,0.0404653325676918,0.008904430083930492,0.09038995951414108,0.030610395595431328,0.00768104987218976,0.07174495607614517,0.09440156817436218,0.009298005141317844,0.009406949393451214,0.031353484839200974,0.05078152194619179,0.02039184421300888,0.07936904579401016,0.05901157110929489,0.016824113205075264,0.015223009511828423,0.023920057341456413,0.002961956663057208,0.07767903804779053,0.009619206190109253,0.011354275979101658,0.020648255944252014,0.01249622367322445,0.008271588943898678,0.01802004501223564,0.0033349290024489164,0.04911655932664871
C:/Users/KUBA/GitProjects/WKIRO-Project/data/DA013/Session2/Overground_Walk/Walk_Fast/Post_Process/Walk_Fast4.csv,3,DA013,Session2,overground,walk,fast,5,DA013,5,DA013,0.9989058375358582,6.700588528474327e-08,8.98071812116541e-05,5.031537853028567e-08,8.186851118807681e-06,1.0483691994522815e-06,0.9989058375358582,5.238127869233722e-07,5.361243165680207e-05,3.2829735573614016e-05,1.5200901543721557e-05,2.684020294907441e-08,1.111047913582297e-05,3.3292789680672286e-07,1.5047131455503404e-05,2.5497340629954124e-06,7.511249714298174e-05,6.637593469349667e-05,7.187056326074526e-05,7.430453115375713e-05,3.398052683678543e-07,1.4466950233327225e-06,0.00013214211503509432,1.026559743877442e-06,2.422926392853242e-08,0.00027195646543987095,3.924820646261651e-08,2.138593799827504e-06,9.013516682898626e-05,2.604963356134249e-07,7.662489224458113e-05
C:/Users/KUBA/GitProjects/WKIRO-Project/data/DA013/Session2/Overground_Walk/Walk_Slow/Post_Process/Walk_Slow4.csv,7,DA013,Session2,overground,walk,slow,5,DA013,5,DA013,0.9988810420036316,8.795531414307334e-08,0.00011405366967665032,1.3637747997563565e-07,6.021130502631422e-06,8.600995897722896e-07,0.9988810420036316,6.867099386909103e-07,9.431222133571282e-05,2.89387480734149e-05,1.270980283152312e-05,3.571162210391776e-08,1.1958603863604367e-05,8.97319296200294e-07,3.734120764420368e-05,1.4213215990821482e-06,8.289575634989887e-05,0.00011135430395370349,6.648414273513481e-05,5.76915881538298e-05,2.820701752170862e-07,7.68451286603522e-07,0.00014861731324344873,8.097580916910374e-07,5.03054025102756e-08,0.00015575418365187943,4.935791508842158e-08,4.478315531741828e-06,8.600442379247397e-05,2.6920557161247416e-07,9.39745586947538e-05
C:/Users/KUBA/GitProjects/WKIRO-Project/data/DA013/Session2/Overground_Walk/Walk_Slow/Post_Process/Walk_Slow7.csv,7,DA013,Session2,overground,walk,slow,5,DA013,9,GQ016,0.09420597553253174,0.0021264364477247,0.0828123688697815,0.04510483145713806,0.03995798900723457,0.00755950715392828,0.0940760150551796,0.03090781345963478,0.006154034752398729,0.06994249671697617,0.09420597553253174,0.007858931086957455,0.008070739917457104,0.030762681737542152,0.05396227166056633,0.02101987972855568,0.0767219215631485,0.05979067087173462,0.016868364065885544,0.015236452221870422,0.024156099185347557,0.002476651454344392,0.08315163105726242,0.008945050649344921,0.009295363910496235,0.021241875365376472,0.010264972224831581,0.006982224993407726,0.018973561003804207,0.002783900825306773,0.04858928918838501
C:/Users/KUBA/GitProjects/WKIRO-Project/data/DA013/Session2/Overground_Walk/Walk_Slow/Post_Process/Walk_Slow8.csv,8,DA013,Session2,overground,walk,slow,5,DA013,5,DA013,0.999099850654602,5.194935681629431e-08,7.241826824611053e-05,8.656455463551538e-08,5.787155259895371e-06,6.934563430149865e-07,0.999099850654602,5.313025326358911e-07,5.9961952501907945e-05,2.5283330614911392e-05,1.58405709953513e-05,2.2075884231753662e-08,1.3136108464095742e-05,4.7240035883078235e-07,2.4296088668052107e-05,1.557578912070312e-06,8.460070966975763e-05,8.124469604808837e-05,6.37577468296513e-05,4.118507422390394e-05,2.566468140230427e-07,7.92149251083174e-07,0.00015111727407202125,1.0195633421972161e-06,3.418402627630712e-08,0.0001307417987845838,3.5513082252691675e-08,2.7531614250619896e-06,6.007176489220001e-05,1.6340682407189888e-07,6.226160621736199e-05
C:/Users/KUBA/GitProjects/WKIRO-Project/data/DC005/Session1/Overground_Run/Run_Comfortable/Post_Process/Run_Comfortable9.csv,2,DC005,Session1,overground,run,comfortable,6,DC005,24,RV028,0.09616787731647491,0.008351570926606655,0.029396794736385345,0.009063179604709148,0.07007509469985962,0.0023589334450662136,0.02794610895216465,0.09595391154289246,0.021123256534337997,0.02982555329799652,0.02275918796658516,0.0022806478664278984,0.0023476385977119207,0.07636348903179169,0.013895535841584206,0.08386433124542236,0.02523045614361763,0.029271412640810013,0.0063770427368581295,0.05493256449699402,0.06909242272377014,0.0126100555062294,0.030143341049551964,0.0036700956989079714,0.002884815912693739,0.09616787731647491,0.027237603440880775,0.00267427833750844,0.07122087478637695,0.013894928619265556,0.058987028896808624
C:/Users/KUBA/GitProjects/WKIRO-Project/data/DC005/Session1/Overground_Run/Run_Fast/Post_Process/Run_Fast11.csv,1,DC005,Session1,overground,run,fast,6,DC005,6,DC005,0.08674663305282593,0.014721080660820007,0.02326190657913685,0.0076697710901498795,0.06954362988471985,0.004093336407095194,0.022277038544416428,0.08674663305282593,0.04957246035337448,0.03129907324910164,0.021637503057718277,0.004011701792478561,0.0038968699518591166,0.078279048204422,0.009617913514375687,0.06799940764904022,0.027500810101628304,0.02597295306622982,0.005372966639697552,0.0511726513504982,0.06185926869511604,0.023215867578983307,0.020987050607800484,0.004281208850443363,0.005868110805749893,0.07897251844406128,0.058213770389556885,0.004754388239234686,0.052649594843387604,0.026067890226840973,0.058483581990003586
C:/Users/KUBA/GitProjects/WKIRO-Project/data/DC005/Session1/Overground_Run/Run_Fast/Post_Process/Run_Fast15.csv,1,DC005,Session1,overground,run,fast,6,DC005,6,DC005,0.07930229604244232,0.01863609440624714,0.021203655749559402,0.007810099050402641,0.06642980128526688,0.0053980727680027485,0.020325670018792152,0.07930229604244232,0.06472070515155792,0.031214768067002296,0.02109006978571415,0.005351133644580841,0.005064419470727444,0.07455812394618988,0.008908035233616829,0.06117245927453041,0.027822455391287804,0.024561235681176186,0.00555811170488596,0.04758221656084061,0.05711918696761131,0.029769930988550186,0.018585074692964554,0.004934954456984997,0.00814028549939394,0.07084134221076965,0.07260463386774063,0.006298345047980547,0.046049270778894424,0.03325323387980461,0.05569436773657799
C:/Users/KUBA/GitProjects/WKIRO-Project/data/DC005/Session1/Overground_Walk/Walk_Fast/Post_Process/Walk_Fast5.csv,2,DC005,Session1,overground,walk,fast,6,DC005,6,DC005,0.06733942776918411,0.005381033755838871,0.05314511060714722,0.025024715811014175,0.05762140452861786,0.004759947303682566,0.05636671185493469,0.06733942776918411,0.01355831790715456,0.04744294285774231,0.052307628095149994,0.004842691123485565,0.0049702199175953865,0.05609269067645073,0.032139845192432404,0.056443266570568085,0.046893734484910965,0.043524060398340225,0.011666705831885338,0.03726716712117195,0.049710556864738464,0.007667800411581993,0.05461382865905762,0.006309937685728073,0.005798340775072575,0.0630204826593399,0.018662989139556885,0.004719296470284462,0.04889426752924919,0.00847241934388876,0.0553424134850502
C:/Users/KUBA/GitProjects/WKIRO-Project/data/DC005/Session1/Overground_Walk/Walk_Fast/Post_Process/Walk_Fast7.csv,2,DC005,Session1,overground,walk,fast,6,DC005,24,RV028,0.10191161930561066,0.010529750026762486,0.02833997830748558,0.011526089161634445,0.06542176008224487,0.002913815900683403,0.026291897520422935,0.09122538566589355,0.019134974107146263,0.02683829516172409,0.020801417529582977,0.002863220637664199,0.0029098070226609707,0.06871234625577927,0.01694491319358349,0.09065806120634079,0.022090774029493332,0.028121184557676315,0.0089448606595397,0.05418337881565094,0.06915948539972305,0.0159810371696949,0.03169281780719757,0.004912187810987234,0.0034288319293409586,0.10191161930561066,0.02295108325779438,0.003297271439805627,0.0788564532995224,0.01683303341269493,0.05252425745129585
C:/Users/KUBA/GitProjects/WKIRO-Project/data/DC005/Session1/Overground_Walk/Walk_Fast/Post_Process/Walk_Fast9.csv,3,DC005,Session1,overground,walk,fast,6,DC005,24,RV028,0.09983512759208679,0.00858474150300026,0.029159782454371452,0.009593304246664047,0.0685829296708107,0.0023665011394768953,0.027461348101496696,0.09553170204162598,0.019322626292705536,0.02840558998286724,0.02184075117111206,0.002293640747666359,0.0023630778305232525,0.07391416281461716,0.01479838415980339,0.08752722293138504,0.02370004542171955,0.028837263584136963,0.006933114025741816,0.0552494190633297,0.06986164301633835,0.012965768575668335,0.030955107882618904,0.0038660166319459677,0.002833475125953555,0.09983512759208679,0.024440189823508263,0.002681479789316654,0.07527836412191391,0.014106283895671368,0.05671093985438347
C:/Users/KUBA/GitProjects/WKIRO-Project/data/DC005/Session1/Treadmill_Walk/Treadmill_Walk_Slow/Post_Process/Treadmill_Walk_Slow.csv,119,DC005,Session1,treadmill,walk,slow,6,DC005,6,DC005,0.9970231652259827,2.5081767489609774e-06,1.6235361499639112e-07,6.363974534906447e-05,0.0008241269388236105,5.481991820488474e-07,5.778088052466046e-06,0.9970231652259827,2.162478085665498e-05,1.181959578389069e-05,1.4788921362196561e-05,1.1652622333713225e-06,1.222773562403745e-07,0.00023592117941007018,7.271635695360601e-05,0.0007718937704339623,9.284643601858988e-05,0.00023580095148645341,6.962365546314686e-07,0.00023653428070247173,6.301066605374217e-05,1.9951738067902625e-05,4.708359938376816e-06,2.144575717011321e-08,3.75433813815107e-07,0.00019312086806166917,1.7023150576278567e-05,4.193967129140219e-07,4.8494571274204645e-06,6.91622553858906e-05,1.1399857612559572e-05
C:/Users/KUBA/GitProjects/WKIRO-Project/data/DC005/Session2/Overground_Run/Run_Comfortable/Post_Process/Run_Comfortable1.csv,2,DC005,Session2,overground,run,comfortable,6,DC005,6,DC005,0.09915506839752197,0.007220193278044462,0.029521316289901733,0.007586008869111538,0.07262997329235077,0.0020165378227829933,0.028390025720000267,0.09915506839752197,0.022182218730449677,0.031044550240039825,0.023386400192975998,0.0019262486603111029,0.002001151442527771,0.08096891641616821,0.01202460564672947,0.08068926632404327,0.026546984910964966,0.029514048248529434,0.0049885851331055164,0.05568414926528931,0.06931079924106598,0.010888097807765007,0.02882339060306549,0.0029759197495877743,0.0025278800167143345,0.09378363192081451,0.02959543466567993,0.0022933832369744778,0.06751063466072083,0.012372304685413837,0.062442220747470856
C:/Users/KUBA/GitProjects/WKIRO-Project/data/DC005/Session2/Overground_Run/Run_Comfortable/Post_Process/Run_Comfortable13.csv,2,DC005,Session2,overground,run,comfortable,6,DC005,6,DC005,0.0981421247124672,0.007827004417777061,0.02893201634287834,0.0077012162655591965,0.07230408489704132,0.0021752207539975643,0.027770500630140305,0.0981421247124672,0.023902542889118195,0.030927373096346855,0.023135622963309288,0.0020845294930040836,0.002150073181837797,0.08054815232753754,0.011961212381720543,0.08022961765527725,0.026461586356163025,0.029182178899645805,0.0051249125972390175,0.05545799434185028,0.06890322268009186,0.01186271570622921,0.028222933411598206,0.003123824018985033,0.0027582026086747646,0.09315003454685211,0.03136345371603966,0.002479440998286009,0.06681736558675766,0.01343354769051075,0.06186729669570923
C:/Users/KUBA/GitProjects/WKIRO-Project/data/DC005/Session2/Overground_Run/Run_Comfortable/Post_Process/Run_Comfortable4.csv,1,DC005,Session2,overground,run,comfortable,6,DC005,6,DC005,0.9983609318733215,2.2066056715175364e-07,6.855712886277843e-09,3.4077881991834147e-06,0.00020982044225092977,5.71423086626055e-08,9.915527243720135e-07,0.9983609318733215,3.5182492297280987e-07,6.412084985640831e-06,2.4730943550821394e-05,1.987459796737312e-07,1.1638257291224363e-07,0.00011504604481160641,1.4880313301546266e-06,0.000800061970949173,7.125313277356327e-05,2.5043231289600953e-05,3.81383102876498e-08,4.5767879782943055e-05,0.00015975731366779655,2.2654955955658806e-06,1.010316645988496e-05,4.666032449307522e-09,9.827761004999047e-08,0.0001294743997277692,1.8193675714428537e-05,5.2589069099440167e-08,3.136838415684906e-07,1.0805333658936433e-05,3.030356992894667e-06
C:/Users/KUBA/GitProjects/WKIRO-Project/data/DC005/Session2/Overground_Run/Run_Fast/Post_Process/Run_Fast12.csv,1,DC005,Session2,overground,run,fast,6,DC005,6,DC005,0.9769065976142883,1.5810353488632245e-06,3.3148566558338644e-08,1.1225595699215773e-05,0.0007623113342560828,2.498036792530911e-06,5.259929821477272e-06,0.9769065976142883,8.330306627613027e-06,5.2818893891526386e-05,0.00010772834502859041,4.995658287043625e-07,2.2106200958660338e-07,0.0016412180848419666,1.0125253538717516e-05,0.015946513041853905,0.0006065955967642367,0.00017859578656498343,4.748509923047095e-07,9.689806029200554e-05,0.0006392949726432562,8.77035108715063e-06,6.911282252985984e-05,9.293518132835743e-08,3.04887998936465e-06,0.002213291823863983,0.0003523804771248251,8.627403644823062e-07,1.0696673598431516e-05,0.00018637004541233182,0.00017655649571679533
C:/Users/KUBA/GitProjects/WKIRO-Project/data/DC005/Session2/Overground_Run/Run_Fast/Post_Process/Run_Fast3.csv,2,DC005,Session2,overground,run,fast,6,DC005,6,DC005,0.08771967887878418,0.014478777535259724,0.02363380789756775,0.0075123244896531105,0.06905035674571991,0.003960019908845425,0.02261333167552948,0.08771967887878418,0.04843897745013237,0.03054630011320114,0.02129833772778511,0.0038897511549293995,0.003758310340344906,0.07772782444953918,0.00977037101984024,0.06951978802680969,0.02668662741780281,0.02592075616121292,0.005263014230877161,0.05143018811941147,0.062383368611335754,0.022956224158406258,0.021713711321353912,0.0041200765408575535,0.005736787803471088,0.08078130334615707,0.0561094768345356,0.004612314514815807,0.05462018400430679,0.025698894634842873,0.05804908275604248
C:/Users/KUBA/GitProjects/WKIRO-Project/data/DC005/Session2/Overground_Walk/Walk_Comfortable/Post_Process/Walk_Comfortable8.csv,7,DC005,Session2,overground,walk,comfortable,6,DC005,6,DC005,0.995503306388855,6.334195177259971e-07,2.9385292421579834e-08,1.2732166396745015e-05,0.0002463329292368144,2.6770538852360914e-07,9.362734090245795e-07,0.995503306388855,6.351153274408716e-07,2.6104860808118246e-05,2.8788028430426493e-05,1.1376281463526539e-06,7.452457566614612e-07,0.00020779976330231875,3.959884907089872e-06,0.0029128219466656446,0.00017101409321185201,2.6008505301433615e-05,1.1436117830498915e-07,5.438058724394068e-05,0.0005350907449610531,8.767072358750738e-06,2.356931690883357e-05,5.92943152355474e-08,4.830092166230315e-07,0.0001473752927267924,5.611137021332979e-05,1.5502891415053455e-07,6.38859603441233e-07,2.6431613150634803e-05,3.5570349155022996e-06
C:/Users/KUBA/GitProjects/WKIRO-Project/data/DC005/Session2/Overground_Walk/Walk_Fast/Post_Process/Walk_Fast2.csv,5,DC005,Session2,overground,walk,fast,6,DC005,6,DC005,0.9980236887931824,3.3726126957844826e-07,1.8089810538413076e-08,6.910833235451719e-06,0.0002129765198333189,1.5236847161759215e-07,9.038776624947786e-07,0.9980236887931824,5.794919388790731e-07,1.0365723937866278e-05,2.753305852820631e-05,4.214213618070062e-07,1.6555686954689008e-07,0.00017700440366752446,3.261672873122734e-06,0.0009906552731990814,0.0001093238388421014,2.6220761355943978e-05,7.04821587760307e-08,4.104098479729146e-05,0.0001818955352064222,5.13230725118774e-06,1.3280478015076369e-05,1.7400619611862567e-08,1.816010666289003e-07,0.0001237186515936628,2.250175384688191e-05,1.3528141096230684e-07,3.7903978977738007e-07,1.7448011931264773e-05,3.6316282603365835e-06
C:/Users/KUBA/GitProjects/WKIRO-Project/data/DC005/Session2/Overground_Walk/Walk_Fast/Post_Process/Walk_Fast4.csv,6,DC005,Session2,overground,walk,fast,6,DC005,6,DC005,0.9984362125396729,5.209712981013581e-07,1.569746821417084e-08,9.847309229371604e-06,0.00029257070855237544,2.3330066767357494e-07,1.1417024552429211e-06,0.9984362125396729,7.846801395317016e-07,4.761539457831532e-06,1.7260834283661097e-05,4.90463605729019e-07,1.662888422515607e-07,0.0001506744883954525,5.006756509828847e-06,0.0006441232399083674,7.034609006950632e-05,3.633381857071072e-05,1.2794437509455747e-07,4.000430999440141e-05,8.951954077929258e-05,1.0474628652445972e-05,6.495942216133699e-06,1.669234528378638e-08,2.781955856789864e-07,0.00013907164975535125,1.271031578653492e-05,2.284172211375335e-07,4.115910314794746e-07,2.6557783712632954e-05,3.68497239833232e-06
C:/Users/KUBA/GitProjects/WKIRO-Project/data/DC005/Session2/Overground_Walk/Walk_Slow/Post_Process/Walk_Slow4.csv,5,DC005,Session2,overground,walk,slow,6,DC005,6,DC005,0.9987165331840515,3.332766880248528e-07,9.425448865840735e-09,6.277938609855482e-06,0.00019694010552484542,1.7211593217325571e-07,7.44801923246996e-07,0.9987165331840515,4.6218139004849945e-07,4.307591552787926e-06,1.8946662748930976e-05,3.43174747285957e-07,1.591936893419188e-07,0.00011132720101159066,2.6884358703682665e-06,0.0005519442493095994,6.354572542477399e-05,2.4635466616018675e-05,6.604314251035248e-08,2.993014277308248e-05,9.917544957716018e-05,6.571032372448826e-06,6.917871360201389e-06,1.1744591077444966e-08,2.3074389332577994e-07,0.00012526106729637831,1.3093575034872629e-05,1.3171606383366452e-07,2.2514052488986636e-07,1.626379889785312e-05,2.822124542944948e-06
C:/Users/KUBA/GitProjects/WKIRO-Project/data/DC005/Session2/Treadmill_Run/Treadmill_Run_Fast/Post_Process/Treadmill_Run_Fast.csv,119,DC005,Session2,treadmill,run,fast,6,DC005,6,DC005,0.9971977472305298,5.963362355032586e-07,2.1497701396810953e-08,9.059803232958075e-06,0.0003072339459322393,3.962882999530848e-07,1.3781187817585305e-06,0.9971977472305298,8.930790613703721e-07,8.916342267184518e-06,2.3953174604685046e-05,6.112582582318282e-07,2.030773771366512e-07,0.00020826616673730314,4.915063072985504e-06,0.0016641586553305387,6.721456884406507e-05,3.634631502791308e-05,1.541487648637485e-07,5.02547190990299e-05,0.00011165603064000607,8.440149031230249e-06,9.26211941987276e-06,1.720085940348781e-08,2.9537403634094517e-07,0.00021975360868964344,2.369630783505272e-05,3.463183304575068e-07,8.208460826608643e-07,3.537421434884891e-05,8.040806278586388e-06
C:/Users/KUBA/GitProjects/WKIRO-Project/data/GF022/Session1/Overground_Run/Run_Comfortable/Post_Process/Run_Comfortable1.csv,3,GF022,Session1,overground,run,comfortable,7,GF022,7,GF022,0.12574130296707153,0.03265095129609108,0.015988575294613838,0.010321087203919888,0.045859530568122864,0.016322821378707886,0.0159082543104887,0.04415105655789375,0.12574130296707153,0.031173819676041603,0.02182876132428646,0.017182542011141777,0.0147670553997159,0.048920318484306335,0.00783862080425024,0.0316738598048687,0.03071875311434269,0.0198679119348526,0.006845990661531687,0.0278034508228302,0.033294226974248886,0.05331752076745033,0.012695820070803165,0.008759185671806335,0.029427608475089073,0.03590036556124687,0.12266361713409424,0.018505411222577095,0.02172589860856533,0.05841287970542908,0.039732784032821655
C:/Users/KUBA/GitProjects/WKIRO-Project/data/GF022/Session1/Overground_Run/Run_Comfortable/Post_Process/Run_Comfortable3.csv,2,GF022,Session1,overground,run,comfortable,7,GF022,7,GF022,0.13540583848953247,0.03512940555810928,0.013263698667287827,0.0073106009513139725,0.047641314566135406,0.012213591486215591,0.012803588062524796,0.0487225241959095,0.13540583848953247,0.026517562568187714,0.01677250675857067,0.012625171802937984,0.010915087535977364,0.05278776213526726,0.0059590269811451435,0.03556360304355621,0.024968508630990982,0.017329493537545204,0.005415596999228001,0.03098226711153984,0.03634719178080559,0.058580368757247925,0.010529818013310432,0.006971254013478756,0.021932002156972885,0.040768101811409,0.12992683053016663,0.014398222789168358,0.024308819323778152,0.06425458192825317,0.0396556481719017
C:/Users/KUBA/GitProjects/WKIRO-Project/data/GF022/Session1/Overground_Run/Run_Comfortable/Post_Process/Run_Comfortable4.csv,2,GF022,Session1,overground,run,comfortable,7,GF022,7,GF022,0.13500097393989563,0.035087715834379196,0.013054018840193748,0.007029115222394466,0.04815080016851425,0.011660469695925713,0.012555954046547413,0.04985181242227554,0.13500097393989563,0.026045314967632294,0.01630394533276558,0.012024620547890663,0.0104151526466012,0.053673066198825836,0.005801939405500889,0.03653527796268463,0.024375971406698227,0.01712295040488243,0.005265658721327782,0.03171853721141815,0.03709996119141579,0.05864996090531349,0.010380052030086517,0.006744467653334141,0.02087903581559658,0.04197414964437485,0.12957870960235596,0.013798533007502556,0.025003425776958466,0.06436217576265335,0.03985625132918358
C:/Users/KUBA/GitProjects/WKIRO-Project/data/GF022/Session1/Overground_Run/Run_Comfortable/Post_Process/Run_Comfortable6.csv,2,GF022,Session1,overground,run,comfortable,7,GF022,7,GF022,0.9953489303588867,9.411165592609905e-06,9.805253648664802e-05,4.815196916752029e-06,1.283123367556982e-07,1.9582873846957227e-06,4.593873381963931e-05,7.788443667777756e-08,0.9953489303588867,4.3095246837765444e-07,6.960485166018771e-07,3.163913788739592e-07,2.955013655991934e-07,0.0001619365211809054,2.0756710000569e-05,5.2930783311921914e-08,0.0022273112554103136,4.70229861093685e-06,6.896277682244545e-07,5.172142482479103e-05,1.7567392660566838e-06,2.337191290280316e-06,2.6989778234565165e-07,4.1236377001041546e-05,0.0016990440199151635,1.7452219253755175e-05,0.00013194908387959003,1.771705865394324e-05,4.6720640966668725e-05,1.6928470358834602e-06,6.160174962133169e-05
C:/Users/KUBA/GitProjects/WKIRO-Project/data/GF022/Session1/Overground_Run/Run_Fast/Post_Process/Run_Fast2.csv,1,GF022,Session1,overground,run,fast,7,GF022,7,GF022,0.7623239755630493,0.0005094198859296739,0.07401341944932938,0.0105110639706254,1.6701319509593304e-06,0.0009952749824151397,0.0028666758444160223,1.3439316717267502e-06,0.7623239755630493,1.2621728274098132e-05,0.001612471998669207,0.0009294302435591817,0.0003045472258236259,0.00025867315707728267,0.0180442426353693,6.912150638527237e-07,0.020131297409534454,0.0011344017693772912,0.0016666046576574445,0.0004454224545042962,5.593028163275449e-06,0.0014985689194872975,5.800178769277409e-05,0.06346466392278671,0.03049585223197937,3.326199248476769e-06,0.001445566420443356,0.006890221498906612,7.58639580453746e-05,9.873053932096809e-05,0.00020034283807035536
C:/Users/KUBA/GitProjects/WKIRO-Project/data/GF022/Session1/Overground_Walk/Walk_Comfortable/Post_Process/Walk_Comfortable3.csv,7,GF022,Session1,overground,walk,comfortable,7,GF022,7,GF022,0.14503131806850433,0.038883984088897705,0.010851936414837837,0.0057843634858727455,0.04605131596326828,0.010446952655911446,0.010258098132908344,0.049444083124399185,0.14503131806850433,0.02226455695927143,0.013209053315222263,0.010734251700341702,0.009248333051800728,0.05255824699997902,0.004785936791449785,0.03719111531972885,0.020377205684781075,0.014737769030034542,0.004637417383491993,0.03203164413571358,0.03680366650223732,0.06654410064220428,0.008654758334159851,0.006083636544644833,0.018812039867043495,0.043030355125665665,0.13429664075374603,0.012608963064849377,0.02523094415664673,0.07256162166595459,0.03684568405151367
C:/Users/KUBA/GitProjects/WKIRO-Project/data/GF022/Session1/Overground_Walk/Walk_Slow/Post_Process/Walk_Slow1.csv,6,GF022,Session1,overground,walk,slow,7,GF022,7,GF022,0.13667745888233185,0.038290947675704956,0.011482198722660542,0.006130384746938944,0.04742561653256416,0.010286577045917511,0.0108340447768569,0.051522593945264816,0.13667745888233185,0.022735774517059326,0.013646893203258514,0.01056553702801466,0.009144938550889492,0.05385574698448181,0.005184186156839132,0.03943772241473198,0.020693693310022354,0.015383447520434856,0.004935527220368385,0.03331008180975914,0.0384659580886364,0.0652935579419136,0.009327762760221958,0.006246840115636587,0.018224025145173073,0.04553355276584625,0.12713001668453217,0.012387372553348541,0.027071470394730568,0.07090406864881516,0.03787197545170784
C:/Users/KUBA/GitProjects/WKIRO-Project/data/GF022/Session2/Overground_Run/Run_Fast/Post_Process/Run_Fast2.csv,1,GF022,Session2,overground,run,fast,7,GF022,7,GF022,0.9778127670288086,1.6091918951133266e-05,0.0005306916427798569,0.00014295174332801253,5.304120804794366e-07,2.189519909734372e-05,6.674922769889235e-05,1.1417857592732616e-07,0.9778127670288086,2.3341515316133155e-06,1.5983221601345576e-05,1.6549275869692792e-06,3.402605670999037e-06,0.0007156741339713335,7.684175216127187e-05,6.452368950249365e-08,0.006713156588375568,9.371728083351627e-06,8.472966328554321e-06,1.925284232129343e-05,1.3171214732210501e-06,5.537636752706021e-06,1.7258372508877073e-06,0.0005147992633283138,0.012621445581316948,7.784988156345207e-06,0.00034703005803748965,0.00018005269521381706,3.160392225254327e-05,1.4164261301630177e-06,0.00012924618204124272
C:/Users/KUBA/GitProjects/WKIRO-Project/data/GF022/Session2/Overground_Run/Run_Fast/Post_Process/Run_Fast3.csv,1,GF022,Session2,overground,run,fast,7,GF022,23,RC023,0.1403583139181137,0.0293127354234457,0.007566994056105614,0.07125893235206604,0.005319149233400822,0.0967225581407547,0.007224028464406729,0.0033633944112807512,0.011291904374957085,0.009119870141148567,0.01043661031872034,0.12400133907794952,0.0924895852804184,0.003256303258240223,0.02816620096564293,0.004893873818218708,0.009232809767127037,0.007641478907316923,0.06859621405601501,0.002501885173842311,0.004016519989818335,0.04082675278186798,0.010653162375092506,0.06592332571744919,0.1403583139181137,0.00425926735624671,0.00769456010311842,0.09384043514728546,0.004053023178130388,0.031548336148262024,0.004430544562637806
C:/Users/KUBA/GitProjects/WKIRO-Project/data/GF022/Session2/Overground_Run/Run_Fast/Post_Process/Run_Fast4.csv,1,GF022,Session2,overground,run,fast,7,GF022,7,GF022,0.9947025179862976,1.859367148426827e-05,0.00036786941927857697,4.931836519972421e-05,2.7871706720361544e-07,2.5955489036277868e-05,5.407922435551882e-05,1.1254392262571855e-07,0.9947025179862976,2.551406623751973e-06,5.562415026361123e-06,5.708947128368891e-07,6.02764828272484e-07,0.00017857937200460583,0.0001903020602185279,3.792115776946048e-08,0.001912836218252778,9.846990906225983e-06,7.689921403652988e-06,5.4379988796426915e-06,6.945499535504496e-07,9.739242159412242e-06,3.991873995801143e-07,0.00018499779980629683,0.0019714173395186663,8.841013368510175e-06,0.00010719057900132611,6.006634430377744e-05,2.588205097708851e-05,2.100185156450607e-06,9.588537795934826e-05
C:/Users/KUBA/GitProjects/WKIRO-Project/data/GF022/Session2/Overground_Walk/Walk_Comfortable/Post_Process/Walk_Comfortable4.csv,5,GF022,Session2,overground,walk,comfortable,7,GF022,7,GF022,0.9995900392532349,1.5940231605782174e-05,2.1504232790903188e-05,9.948704473572434e-07,2.933009923822283e-08,3.091959342782502e-06,8.217669346777257e-06,6.639132266172965e-08,0.9995900392532349,1.4041550855381502e-07,9.354788232940336e-08,1.3350874894513254e-07,1.7054869516641702e-08,4.463036384549923e-05,6.504570137622068e-06,3.1880304618425725e-08,9.772252815309912e-05,1.2638618045457406e-06,2.2005183097917325e-07,2.6632449134922354e-06,3.7620768011947803e-07,1.4434090189752169e-05,8.948117802276556e-09,5.020893240725854e-06,4.857944441027939e-05,2.0588208826666232e-06,7.39322422305122e-05,1.267448055841669e-06,3.9986265619518235e-05,1.97849522010074e-06,1.9058099496760406e-05
C:/Users/KUBA/GitProjects/WKIRO-Project/data/GF022/Session2/Overground_Walk/Walk_Comfortable/Post_Process/Walk_Comfortable6.csv,5,GF022,Session2,overground,walk,comfortable,7,GF022,7,GF022,0.9997273683547974,1.0729678251664154e-05,1.3137786481820513e-05,4.443421346422838e-07,1.7769009375001588e-08,1.0956321148114512e-06,6.6472484832047485e-06,5.0148138086569816e-08,0.9997273683547974,7.675581770172357e-08,5.119489543403688e-08,5.054128493497956e-08,6.826946563620595e-09,3.409959390410222e-05,4.43163480667863e-06,1.6139322767116937e-08,6.420248246286064e-05,8.85290432961483e-07,9.521340871287975e-08,2.405526174698025e-06,2.8297864673731965e-07,6.718753866152838e-06,4.620106519581668e-09,1.4475619991571875e-06,2.6373763830633834e-05,1.6552485249121673e-06,4.8736994358478114e-05,6.892047395012924e-07,3.197092519258149e-05,1.3080943972454406e-06,1.5097013601916842e-05
C:/Users/KUBA/GitProjects/WKIRO-Project/data/GF022/Session2/Overground_Walk/Walk_Fast/Post_Process/Walk_Fast2.csv,4,GF022,Session2,overground,walk,fast,7,GF022,7,GF022,0.9997031688690186,1.1576162251003552e-05,1.0742893209680915e-05,5.627192649626522e-07,2.2183840542311373e-08,1.1927870673389407e-06,6.216733254404971e-06,4.8996788848398865e-08,0.9997031688690186,7.340179308812367e-08,3.785211433182667e-08,7.998836082379057e-08,8.21369283698914e-09,3.7822646845597774e-05,5.1116094255121425e-06,1.4918500212957042e-08,7.05276252119802e-05,9.996950893764733e-07,1.043969817260404e-07,2.222571310994681e-06,2.880036049646151e-07,7.4400413723196834e-06,4.568334155408138e-09,1.7256058981729439e-06,3.93566551792901e-05,1.6576080952290795e-06,5.249230162007734e-05,7.274099971255055e-07,3.066729550482705e-05,1.3393596418609377e-06,1.3771215890301391e-05
C:/Users/KUBA/GitProjects/WKIRO-Project/data/GF022/Session2/Overground_Walk/Walk_Slow/Post_Process/Walk_Slow1.csv,10,GF022,Session2,overground,walk,slow,7,GF022,7,GF022,0.14418834447860718,0.03996795043349266,0.010744108818471432,0.005917317233979702,0.04549664631485939,0.010733050294220448,0.010132263414561749,0.04886602610349655,0.14418834447860718,0.02195238694548607,0.013036313466727734,0.011051985435187817,0.00950129609555006,0.051729392260313034,0.004859259817749262,0.037220269441604614,0.02004830352962017,0.014601342380046844,0.004799191839993,0.03178858011960983,0.03657306358218193,0.06846044212579727,0.008637191727757454,0.006281434092670679,0.019275281578302383,0.04296978935599327,0.13241934776306152,0.012952794320881367,0.025293424725532532,0.07426974177360535,0.036233481019735336
C:/Users/KUBA/GitProjects/WKIRO-Project/data/GM001/Session1/Overground_Run/Run_Comfortable/Post_Process/Run_Comfortable7.csv,2,GM001,Session1,overground,run,comfortable,8,GM001,9,GQ016,0.09261922538280487,0.002813545521348715,0.0773044154047966,0.04410887882113457,0.04132816940546036,0.009497132152318954,0.08756782859563828,0.03131544217467308,0.008646281436085701,0.07174255698919296,0.09261922538280487,0.009929165244102478,0.009978704154491425,0.03225930780172348,0.04916559159755707,0.02088356763124466,0.07920007407665253,0.05836615711450577,0.016897890716791153,0.015694674104452133,0.02448323369026184,0.0033438648097217083,0.07497450709342957,0.00996120274066925,0.012272901833057404,0.02119418978691101,0.013819875195622444,0.008874207735061646,0.018290791660547256,0.0037590968422591686,0.049707528203725815
C:/Users/KUBA/GitProjects/WKIRO-Project/data/GM001/Session1/Overground_Walk/Walk_Comfortable/Post_Process/Walk_Comfortable7.csv,4,GM001,Session1,overground,walk,comfortable,8,GM001,9,GQ016,0.09428605437278748,0.0022168385330587626,0.08188441395759583,0.04399099200963974,0.04056530073285103,0.0077557857148349285,0.09307864308357239,0.03127402812242508,0.006642899475991726,0.07075954973697662,0.09428605437278748,0.008059587329626083,0.008251400664448738,0.03142451494932175,0.052150826901197433,0.021013857796788216,0.07779034227132797,0.059689365327358246,0.0164291150867939,0.015431810170412064,0.024349084123969078,0.0025927950628101826,0.08119111508131027,0.0089230015873909,0.00965435802936554,0.021292204037308693,0.011036841198801994,0.007184768095612526,0.018825259059667587,0.002924468368291855,0.049330830574035645
C:/Users/KUBA/GitProjects/WKIRO-Project/data/GM001/Session1/Overground_Walk/Walk_Comfortable/Post_Process/Walk_Comfortable8.csv,4,GM001,Session1,overground,walk,comfortable,8,GM001,8,GM001,0.9991365671157837,7.576399951858548e-08,0.00030148273799568415,4.589795935316943e-06,0.00013076855975668877,2.4747932911850512e-05,1.8777031073113903e-05,3.938064310204936e-06,3.106164001565048e-07,0.9991365671157837,3.696528801810928e-05,2.651413160492666e-05,1.6335163309122436e-05,6.484191544586793e-06,9.59607291406428e-08,4.118468496017158e-06,2.630030621730839e-06,2.7435976335254963e-06,1.6414998071923037e-06,5.507611786015332e-05,6.563383794855326e-05,1.4611266863084893e-07,7.872261448937934e-06,1.4967605466154055e-07,7.346161012833363e-09,5.7334791563334875e-06,3.284336344222538e-06,1.3914821295202273e-08,1.7760099581209943e-05,6.449969447430703e-08,0.0001254831295227632
C:/Users/KUBA/GitProjects/WKIRO-Project/data/GM001/Session1/Overground_Walk/Walk_Comfortable/Post_Process/Walk_Comfortable9.csv,4,GM001,Session1,overground,walk,comfortable,8,GM001,9,GQ016,0.09406325221061707,0.002208432648330927,0.08199185878038406,0.0441896878182888,0.040516890585422516,0.007710945792496204,0.09314264357089996,0.03129889816045761,0.006555289030075073,0.07050660252571106,0.09406325221061707,0.00801309384405613,0.008208934217691422,0.0313621461391449,0.05250554531812668,0.021109845489263535,0.07742266356945038,0.05968356132507324,0.01653851382434368,0.015448573976755142,0.02439064159989357,0.002582081127911806,0.08155737817287445,0.008935116231441498,0.009570675902068615,0.021380703896284103,0.010891158133745193,0.007141629233956337,0.018941808491945267,0.002909441478550434,0.04922197386622429
C:/Users/KUBA/GitProjects/WKIRO-Project/data/GM001/Session1/Overground_Walk/Walk_Fast/Post_Process/Walk_Fast2.csv,1,GM001,Session1,overground,walk,fast,8,GM001,8,GM001,0.9990575909614563,1.4187548913469072e-07,0.0002548031334299594,7.900531272753142e-06,0.00011284629727015272,4.947589332005009e-05,2.4472545192111284e-05,3.19440505336388e-06,3.8522199474755325e-07,0.9990575909614563,4.383442865218967e-05,4.0314600482815877e-05,2.203479925810825e-05,7.148359145503491e-06,1.358649797111866e-07,5.608666924672434e-06,2.7906512514164206e-06,3.1740682970848866e-06,3.841289981210139e-06,7.118029316188768e-05,8.549360791221261e-05,3.4959052186422923e-07,9.909931577567477e-06,3.4797764669747266e-07,1.2766248502771305e-08,6.755626600352116e-06,3.7939748835924547e-06,2.6644119799357213e-08,2.5481926059001125e-05,1.3456080694140837e-07,0.0001566672435728833
C:/Users/KUBA/GitProjects/WKIRO-Project/data/GM001/Session1/Overground_Walk/Walk_Slow/Post_Process/Walk_Slow3.csv,8,GM001,Session1,overground,walk,slow,8,GM001,9,GQ016,0.09386835992336273,0.002162125427275896,0.08248785138130188,0.04489799216389656,0.04017699509859085,0.007601387798786163,0.09363670647144318,0.031121060252189636,0.006267967633903027,0.06993919610977173,0.09386835992336273,0.00790172815322876,0.00810893252491951,0.030985603109002113,0.05363761633634567,0.021169761195778847,0.07666100561618805,0.05971778184175491,0.01684235967695713,0.015358595177531242,0.0243154875934124,0.002522349590435624,0.08273329585790634,0.008966445922851562,0.009362667798995972,0.021406598389148712,0.010429972782731056,0.007029011845588684,0.019084841012954712,0.0028351848013699055,0.048771098256111145
C:/Users/KUBA/GitProjects/WKIRO-Project/data/GM001/Session2/Overground_Run/Run_Comfortable/Post_Process/Run_Comfortable6.csv,3,GM001,Session2,overground,run,comfortable,8,GM001,8,GM001,0.9972372055053711,2.442882021114201e-07,0.00038033389137126505,2.7493355446495116e-05,0.00023874656471889466,2.0375873646116816e-05,2.3922993932501413e-05,4.333122706157155e-05,7.221084956654522e-07,0.9972372055053711,0.00031470716930925846,0.0001378795859636739,9.871288057183847e-05,6.208366539794952e-05,2.0014476831420325e-07,9.390227205585688e-06,2.566401417425368e-05,4.810956397705013e-06,1.6106263274195953e-06,0.00028989219572395086,0.0007350973901338875,1.6620644771592197e-07,0.00010269740596413612,8.78452112829109e-07,1.092992718554342e-07,9.015680006996263e-06,1.8945673218695447e-05,1.0317980780882863e-07,2.1732814275310375e-05,1.9974554277268908e-07,0.00019366182095836848
C:/Users/KUBA/GitProjects/WKIRO-Project/data/GM001/Session2/Overground_Run/Run_Fast/Post_Process/Run_Fast12.csv,1,GM001,Session2,overground,run,fast,8,GM001,21,PQ006,0.40653321146965027,9.161138586932793e-05,0.010361673310399055,3.76582465833053e-05,0.002791541861370206,0.0006971012335270643,0.10425925999879837,0.004602613393217325,0.0003638548660092056,0.22092311084270477,0.06420131027698517,0.00011871256720041856,0.005918515380471945,0.004053410142660141,6.053849574527703e-05,0.006584883201867342,0.06338458508253098,3.9591181121068075e-05,0.00015954150876495987,0.011285122483968735,0.03400421887636185,2.230126119684428e-05,0.40653321146965027,0.0001329500082647428,5.898995732422918e-05,0.052643392235040665,0.0027360988315194845,0.0005113168735988438,0.0005260235629975796,4.553298276732676e-05,0.0028513020370155573
C:/Users/KUBA/GitProjects/WKIRO-Project/data/GM001/Session2/Overground_Run/Run_Fast/Post_Process/Run_Fast4.csv,1,GM001,Session2,overground,run,fast,8,GM001,8,GM001,0.9984899759292603,1.8221086861558433e-07,0.0003301318793091923,7.925540558062494e-06,0.0003119351458735764,2.1442021534312516e-05,3.5915134503738955e-05,1.7494843632448465e-05,7.622749649272009e-07,0.9984899759292603,9.741429676068947e-05,5.4055763030191883e-05,2.8223066692589782e-05,1.7347179891658016e-05,1.8674599289170146e-07,1.6664938812027685e-05,2.690046358111431e-06,3.6772398743778467e-06,2.376397105763317e-06,0.0001221669663209468,0.00013651043991558254,3.690644518883346e-07,1.096657524612965e-05,1.548262957840052e-07,9.053819027826648e-09,9.077469258045312e-06,1.1308823559375014e-05,2.579020552673228e-08,5.270661131362431e-05,1.924533705732756e-07,0.00021791808831039816
C:/Users/KUBA/GitProjects/WKIRO-Project/data/GM001/Session2/Overground_Walk/Walk_Fast/Post_Process/Walk_Fast12.csv,1,GM001,Session2,overground,walk,fast,8,GM001,8,GM001,0.9988808035850525,1.3736789128415694e-07,0.0002957441029138863,1.1072593224525917e-05,0.0001051502549671568,7.014771836111322e-05,3.417911284486763e-05,3.166157739542541e-06,4.115528611237096e-07,0.9988808035850525,5.919527029618621e-05,4.1850860725389794e-05,1.8942782844533212e-05,8.515915396856144e-06,1.8284508485066908e-07,7.614233709318796e-06,3.153916168230353e-06,4.926411747874226e-06,5.189397597860079e-06,8.711386908544227e-05,9.032410162035376e-05,4.551606025415822e-07,1.2199195225548465e-05,5.850233151249995e-07,1.1652309339638123e-08,6.780091098335106e-06,3.077021119679557e-06,3.4584395791625866e-08,3.214900061720982e-05,1.6251584611381986e-07,0.00021671301510650665
C:/Users/KUBA/GitProjects/WKIRO-Project/data/GM001/Session2/Overground_Walk/Walk_Fast/Post_Process/Walk_Fast2.csv,2,GM001,Session2,overground,walk,fast,8,GM001,8,GM001,0.9990014433860779,8.093665826436336e-08,0.00039889197796583176,5.589346073975321e-06,8.88610738911666e-05,2.7761931050918065e-05,1.791024988051504e-05,3.178327460773289e-06,3.0328419597935863e-07,0.9990014433860779,4.975293995812535e-05,4.321145388530567e-05,1.3911804671806749e-05,4.6506133912771475e-06,9.319384730588354e-08,5.89933006267529e-06,1.82826477157505e-06,2.558908136052196e-06,1.4318367220766959e-06,5.83170258323662e-05,7.608575106132776e-05,2.2558737100553117e-07,5.353284905140754e-06,1.5485214532873215e-07,5.163402150287766e-09,3.977957021561451e-06,4.521426490100566e-06,1.165815177728291e-08,2.3487569706048816e-05,9.077492535425336e-08,0.00016046124801505357
C:/Users/KUBA/GitProjects/WKIRO-Project/data/GM001/Session2/Overground_Walk/Walk_Fast/Post_Process/Walk_Fast3.csv,2,GM001,Session2,overground,walk,fast,8,GM001,9,GQ016,0.09442368149757385,0.0022288525942713022,0.08180007338523865,0.04420391842722893,0.040450774133205414,0.007844101637601852,0.0930059552192688,0.03111332654953003,0.006675321608781815,0.07082927227020264,0.09442368149757385,0.008155876770615578,0.008343188092112541,0.0313066691160202,0.052218154072761536,0.020899120718240738,0.07792899757623672,0.05965638905763626,0.01650577411055565,0.015358665958046913,0.024241141974925995,0.002606574445962906,0.08106876909732819,0.00898915994912386,0.009776366874575615,0.021166767925024033,0.01107804849743843,0.007264588959515095,0.018711019307374954,0.0029389606788754463,0.04921051114797592
C:/Users/KUBA/GitProjects/WKIRO-Project/data/GM001/Session2/Overground_Walk/Walk_Slow/Post_Process/Walk_Slow1.csv,11,GM001,Session2,overground,walk,slow,8,GM001,5,DA013,0.08772850781679153,0.00255351304076612,0.07816589623689651,0.040555521845817566,0.04428812488913536,0.006989841349422932,0.08772850781679153,0.03717973083257675,0.007441118825227022,0.0670921728014946,0.08667603135108948,0.007228048052638769,0.007428109645843506,0.03586414456367493,0.04934009537100792,0.02605169452726841,0.07220769673585892,0.05788165330886841,0.01571597531437874,0.018702037632465363,0.028562581166625023,0.003097285982221365,0.07835015654563904,0.00839884765446186,0.008604399859905243,0.026956642046570778,0.012019696645438671,0.006546004209667444,0.02325347252190113,0.0034878975711762905,0.05163310840725899
C:/Users/KUBA/GitProjects/WKIRO-Project/data/GM001/Session2/Treadmill_Walk/Treadmill_Walk_Slow/Post_Process/Treadmill_Walk_Slow.csv,119,GM001,Session2,treadmill,walk,slow,8,GM001,8,GM001,0.9990642070770264,1.0772210146114958e-07,0.0002668159722816199,5.912896995141637e-06,0.0001228684704983607,2.9808279577991925e-05,2.3992932256078348e-05,3.887183993356302e-06,4.2338206185377203e-07,0.9990642070770264,4.4113799958722666e-05,2.7403557396610267e-05,1.5020650607766584e-05,8.775266906013712e-06,1.1258828891413941e-07,5.498789505509194e-06,3.00386250273732e-06,3.096565933446982e-06,2.240721414636937e-06,7.19190647942014e-05,8.8829779997468e-05,2.2625320639235724e-07,9.11915412871167e-06,1.993706177927379e-07,9.266466705071252e-09,6.41369524601032e-06,4.4481644181360025e-06,1.7425820786343138e-08,2.469733044563327e-05,1.0080367474074592e-07,0.0001668362965574488
C:/Users/KUBA/GitProjects/WKIRO-Project/data/GQ016/Session1/Overground_Run/Run_Comfortable/Post_Process/Run_Comfortable1.csv,3,GQ016,Session1,overground,run,comfortable,9,GQ016,9,GQ016,0.09496131539344788,0.002165498211979866,0.0823221281170845,0.04416931793093681,0.04026337340474129,0.007715342100709677,0.09372255951166153,0.030935414135456085,0.006513028871268034,0.07093492150306702,0.09496131539344788,0.008018325082957745,0.008215303532779217,0.03112325631082058,0.0524083711206913,0.02072782814502716,0.07812967896461487,0.0598125159740448,0.01639438420534134,0.015235628932714462,0.02408178336918354,0.0025269018951803446,0.08159681409597397,0.008879762142896652,0.009596453979611397,0.020988235250115395,0.010861892253160477,0.007135693449527025,0.018585549667477608,0.0028522841166704893,0.049126412719488144
C:/Users/KUBA/GitProjects/WKIRO-Project/data/GQ016/Session1/Overground_Run/Run_Comfortable/Post_Process/Run_Comfortable3.csv,3,GQ016,Session1,overground,run,comfortable,9,GQ016,9,GQ016,0.09484725445508957,0.0022187118884176016,0.08187337964773178,0.044245392084121704,0.040318217128515244,0.007888027466833591,0.09318409115076065,0.030911363661289215,0.006686698645353317,0.07105541974306107,0.09484725445508957,0.008203614503145218,0.008388735353946686,0.03118092380464077,0.05215095356106758,0.0206973347812891,0.07830508053302765,0.05969144403934479,0.01646326296031475,0.015248003415763378,0.024077216163277626,0.00259289494715631,0.0809788927435875,0.008991808630526066,0.009848675690591335,0.020958228036761284,0.011107153259217739,0.007300985977053642,0.018516378477215767,0.0029255151748657227,0.04914434626698494
C:/Users/KUBA/GitProjects/WKIRO-Project/data/GQ016/Session1/Overground_Run/Run_Comfortable/Post_Process/Run_Comfortable8.csv,1,GQ016,Session1,overground,run,comfortable,9,GQ016,9,GQ016,0.9995498061180115,2.6048388690469437e-07,2.3313145902648102e-06,0.00015439455455634743,1.4306880075309891e-05,8.087708351922629e-07,1.2894150131614879e-05,2.8210176878928905e-06,1.3474090110321413e-07,4.64149889012333e-05,0.9995498061180115,1.6843938510646694e-06,1.6222356862272136e-06,1.048903527589573e-06,2.87284219666617e-05,3.293183112873521e-07,9.143221859631012e-07,3.540007753599639e-07,3.4020922612398863e-06,2.4610595573903993e-05,1.3401274372881744e-05,1.9787637484114384e-07,1.89920756383799e-05,5.235767730482621e-06,1.2163020812749892e-07,3.0101109587121755e-06,4.616296109816176e-07,5.666600372933317e-06,3.724728303566849e-09,4.538141595844536e-08,0.00010599871166050434
C:/Users/KUBA/GitProjects/WKIRO-Project/data/GQ016/Session1/Overground_Run/Run_Fast/Post_Process/Run_Fast10.csv,2,GQ016,Session1,overground,run,fast,9,GQ016,9,GQ016,0.999383270740509,4.995571316612768e-07,3.141839897580212e-06,0.0001941083319252357,1.7876427591545507e-05,1.0138837751583196e-06,1.6944155504461378e-05,5.602083547273651e-06,2.1190530219428183e-07,7.177412044256926e-05,0.999383270740509,2.7289486297377152e-06,3.6163910408504307e-06,2.2812162114860257e-06,3.5173012292943895e-05,7.640732064828626e-07,1.746060888763168e-06,5.614933797915e-07,4.74340959044639e-06,2.614734330563806e-05,2.771061917883344e-05,3.8374605537683237e-07,4.0366976463701576e-05,8.847920980770141e-06,2.382658408350835e-07,3.7026579775556456e-06,8.763075811657473e-07,6.599419066333212e-06,8.814412311153319e-09,7.089263931447931e-08,0.0001390154066029936
C:/Users/KUBA/GitProjects/WKIRO-Project/data/GQ016/Session1/Overground_Run/Run_Fast/Post_Process/Run_Fast2.csv,1,GQ016,Session1,overground,run,fast,9,GQ016,9,GQ016,0.9995787739753723,2.516051438306022e-07,1.9094063645752613e-06,0.00017123499128501862,1.0300148460373748e-05,8.416773198405281e-07,1.3114768989908043e-05,2.9497077775886282e-06,1.3719605362894072e-07,3.9885442674858496e-05,0.9995787739753723,1.8647856450115796e-06,1.7461911738791969e-06,1.1172394351888215e-06,3.272125104558654e-05,2.363539692851191e-07,8.763936989453214e-07,3.2058207466434396e-07,3.1937254334479803e-06,1.4349257980939e-05,1.0001923328673001e-05,1.5283099230600783e-07,1.9095712559646927e-05,5.160287400940433e-06,1.3245225716218556e-07,1.875238012871705e-06,4.0500211184735235e-07,6.872856829431839e-06,3.022880390446403e-09,3.913781299047514e-08,8.044834976317361e-05
C:/Users/KUBA/GitProjects/WKIRO-Project/data/GQ016/Session1/Overground_Run/Run_Fast/Post_Process/Run_Fast4.csv,1,GQ016,Session1,overground,run,fast,9,GQ016,9,GQ016,0.9995162487030029,2.5989970708906185e-07,2.352737965338747e-06,0.00020318885799497366,1.1331863788655028e-05,7.795686656209e-07,1.2989478818781208e-05,2.975376673930441e-06,1.4365596712195838e-07,4.786884528584778e-05,0.9995162487030029,2.062005478364881e-06,2.3094244170351885e-06,1.2531494348877459e-06,3.0781025998294353e-05,3.9326184264609765e-07,1.1630593235167908e-06,3.562488188890711e-07,3.521311100485036e-06,1.8438247934682295e-05,1.4094421203481033e-05,1.905773103771935e-07,2.4005001250770874e-05,6.4638411458872724e-06,1.5841648348668969e-07,2.226100605184911e-06,5.709998731617816e-07,5.847898137290031e-06,4.052475688354207e-09,4.523738894590679e-08,8.7873668235261e-05
C:/Users/KUBA/GitProjects/WKIRO-Project/data/GQ016/Session1/Overground_Run/Run_Fast/Post_Process/Run_Fast9.csv,1,GQ016,Session1,overground,run,fast,9,GQ016,9,GQ016,0.09480655938386917,0.002302152570337057,0.0811806321144104,0.04440684616565704,0.04034188762307167,0.008189952932298183,0.0923842340707779,0.030786532908678055,0.006971811875700951,0.07131273299455643,0.09480655938386917,0.00852830708026886,0.008692420087754726,0.031211627647280693,0.05174059793353081,0.02057158760726452,0.07870199531316757,0.059502605348825455,0.016569463536143303,0.015221872366964817,0.024002907797694206,0.0026960200630128384,0.07997462898492813,0.009179069660604,0.010292944498360157,0.020829686895012856,0.011510936543345451,0.007587708067148924,0.018333828076720238,0.0030402729753404856,0.04912818223237991
C:/Users/KUBA/GitProjects/WKIRO-Project/data/GQ016/Session1/Overground_Walk/Walk_Comfortable/Post_Process/Walk_Comfortable8.csv,4,GQ016,Session1,overground,walk,comfortable,9,GQ016,9,GQ016,0.9996087551116943,1.4498549205654854e-07,2.3052321012073662e-06,0.0001332160027232021,1.2329408491495997e-05,7.136515591810166e-07,1.368777247989783e-05,2.5370713956363034e-06,1.2605416088717902e-07,3.539549288689159e-05,0.9996087551116943,1.086364363800385e-06,1.0759578117358615e-06,8.509510962539935e-07,3.515231946948916e-05,1.8095916232141462e-07,9.536554443911882e-07,3.445964296133752e-07,2.6797733880812302e-06,1.4597355402656831e-05,8.153687304002233e-06,1.1916506537090754e-07,2.052229865512345e-05,4.5017113734502345e-06,8.407596396864392e-08,2.3430175133398734e-06,2.865791941530915e-07,5.570679604716133e-06,2.3790145409208208e-09,2.8971463450488955e-08,9.227740520145744e-05
C:/Users/KUBA/GitProjects/WKIRO-Project/data/GQ016/Session1/Overground_Walk/Walk_Slow/Post_Process/Walk_Slow7.csv,8,GQ016,Session1,overground,walk,slow,9,GQ016,9,GQ016,0.09504364430904388,0.002063537947833538,0.08322528004646301,0.044145673513412476,0.0401192270219326,0.007376388646662235,0.09477134048938751,0.03098108246922493,0.006148404907435179,0.07055535167455673,0.09504364430904388,0.007655998691916466,0.007875863462686539,0.030966881662607193,0.05310264974832535,0.020830407738685608,0.07758377492427826,0.06002897769212723,0.016328535974025726,0.015214983373880386,0.024104030802845955,0.002400529570877552,0.0829760730266571,0.008679897524416447,0.00909389927983284,0.021084807813167572,0.01033146120607853,0.006811260245740414,0.018774256110191345,0.0027102334424853325,0.049015533179044724
C:/Users/KUBA/GitProjects/WKIRO-Project/data/GQ016/Session2/Overground_Run/Run_Comfortable/Post_Process/Run_Comfortable1.csv,2,GQ016,Session2,overground,run,comfortable,9,GQ016,9,GQ016,0.09454602003097534,0.0024638751056045294,0.07989610731601715,0.044658128172159195,0.04041922837495804,0.008742539212107658,0.09086976945400238,0.03062579594552517,0.007511780597269535,0.07167018949985504,0.09454602003097534,0.009123560041189194,0.009245721623301506,0.031302906572818756,0.051009174436330795,0.020411211997270584,0.07925617694854736,0.059130486100912094,0.01676744595170021,0.015209503471851349,0.023920103907585144,0.002897130325436592,0.07820302993059158,0.009519815444946289,0.011112380772829056,0.020666811615228653,0.012263167649507523,0.00811556912958622,0.018071474507451057,0.003263229038566351,0.04910768195986748
C:/Users/KUBA/GitProjects/WKIRO-Project/data/GQ016/Session2/Overground_Run/Run_Comfortable/Post_Process/Run_Comfortable5.csv,2,GQ016,Session2,overground,run,comfortable,9,GQ016,9,GQ016,0.09478358179330826,0.0022057718597352505,0.08197496831417084,0.04414454475045204,0.04036521539092064,0.007820933125913143,0.09328846633434296,0.030993567779660225,0.006644240580499172,0.07099473476409912,0.09478358179330826,0.008130915462970734,0.008320063352584839,0.031228121370077133,0.052169084548950195,0.020761549472808838,0.07819800823926926,0.0597228929400444,0.016424128785729408,0.015282880514860153,0.024132419377565384,0.0025773453526198864,0.08113246411085129,0.008946764282882214,0.009752676822245121,0.02102707326412201,0.011048514395952225,0.007239040918648243,0.0185859277844429,0.002908478258177638,0.04919562488794327
C:/Users/KUBA/GitProjects/WKIRO-Project/data/GQ016/Session2/Overground_Walk/Walk_Comfortable/Post_Process/Walk_Comfortable3.csv,4,GQ016,Session2,overground,walk,comfortable,9,GQ016,9,GQ016,0.09485916793346405,0.0021733164321631193,0.08226995170116425,0.044247083365917206,0.04026003181934357,0.007733792997896671,0.09363742917776108,0.030941825360059738,0.00651879608631134,0.07087148725986481,0.09485916793346405,0.008038658648729324,0.008234581910073757,0.031115975230932236,0.05247516930103302,0.02075580134987831,0.07803677022457123,0.05978645756840706,0.016443215310573578,0.015245014801621437,0.024096686393022537,0.0025365441106259823,0.08159959316253662,0.008905102498829365,0.00961764995008707,0.0210140198469162,0.010862485505640507,0.00715340580791235,0.018612723797559738,0.002861962653696537,0.04909529164433479
C:/Users/KUBA/GitProjects/WKIRO-Project/data/GQ016/Session2/Overground_Walk/Walk_Comfortable/Post_Process/Walk_Comfortable8.csv,4,GQ016,Session2,overground,walk,comfortable,9,GQ016,9,GQ016,0.9995712041854858,2.1330302502065024e-07,2.3927395886857994e-06,0.0001301137381233275,1.680326386122033e-05,9.499841553406441e-07,1.5418459952343255e-05,3.891072992701083e-06,1.7779775873805193e-07,4.129896842641756e-05,0.9995712041854858,1.3244757610664237e-06,1.2496143426687922e-06,1.163553747574042e-06,3.490818926366046e-05,2.2096617158240406e-07,1.0859142776098452e-06,4.258487820152368e-07,2.5408080546185374e-06,1.6666333976900205e-05,9.686368684924673e-06,1.60836322038449e-07,2.0885621779598296e-05,4.708651431428734e-06,9.929541278097531e-08,3.2234102036454715e-06,3.872459046760923e-07,6.919889528944623e-06,2.7270221636399583e-09,3.728841235783875e-08,0.00011177313717780635
C:/Users/KUBA/GitProjects/WKIRO-Project/data/GQ016/Session2/Overground_Walk/Walk_Fast/Post_Process/Walk_Fast3.csv,3,GQ016,Session2,overground,walk,fast,9,GQ016,9,GQ016,0.09509116411209106,0.0020906832069158554,0.0829642042517662,0.044045183807611465,0.040193844586610794,0.007465815637260675,0.09448778629302979,0.03098517656326294,0.0062675136141479015,0.07074278593063354,0.09509116411209106,0.0077506848610937595,0.007964178919792175,0.031050032004714012,0.052776169031858444,0.020785367116332054,0.07784802466630936,0.05998234823346138,0.016293255612254143,0.015225579030811787,0.024099668487906456,0.0024343770928680897,0.08249485492706299,0.008716984651982784,0.009233370423316956,0.021045804023742676,0.010513320565223694,0.006897550076246262,0.01869860291481018,0.0027495159301906824,0.049106065183877945
C:/Users/KUBA/GitProjects/WKIRO-Project/data/GQ016/Session2/Overground_Walk/Walk_Slow/Post_Process/Walk_Slow8.csv,4,GQ016,Session2,overground,walk,slow,9,GQ016,9,GQ016,0.998566210269928,9.89698833109287e-07,5.968464847683208e-06,0.00047851091949269176,1.3848652088199742e-05,1.5891745306362282e-06,1.9470013285172172e-05,5.235051958152326e-06,6.591679948542151e-07,3.5501721868058667e-05,0.998566210269928,4.978826837032102e-06,1.072137592927902e-06,4.395836185722146e-06,0.0001269699278054759,2.513661456760019e-07,1.1996282864856767e-06,2.143374331353698e-06,2.360700136705418e-06,3.457138518569991e-05,1.2246696314832661e-05,2.0503284758888185e-07,2.4625160222058184e-05,4.756522230309201e-06,4.0939548284768534e-07,3.96142286263057e-06,4.0922947164290235e-07,1.9029674149351195e-05,4.535224640278557e-09,1.2984379793579137e-07,0.0006282768445089459
C:/Users/KUBA/GitProjects/WKIRO-Project/data/HN021/Session1/Overground_Run/Run_Comfortable/Post_Process/Run_Comfortable3.csv,5,HN021,Session1,overground,run,comfortable,10,HN021,23,RC023,0.15586940944194794,0.029842400923371315,0.005971225909888744,0.06174566596746445,0.004324029665440321,0.10310418903827667,0.005709895398467779,0.0026309904642403126,0.011783519759774208,0.007732239551842213,0.008711318485438824,0.1334681659936905,0.09746776521205902,0.002635955810546875,0.02256900817155838,0.0037751656491309404,0.007929451763629913,0.00620212173089385,0.06002938002347946,0.0019828660879284143,0.0031692262273281813,0.04194457083940506,0.008213083259761333,0.06294144690036774,0.15586940944194794,0.0032756950240582228,0.007746226154267788,0.10029496252536774,0.0030571715906262398,0.0322737954556942,0.003599058836698532
C:/Users/KUBA/GitProjects/WKIRO-Project/data/HN021/Session1/Overground_Run/Run_Comfortable/Post_Process/Run_Comfortable7.csv,4,HN021,Session1,overground,run,comfortable,10,HN021,23,RC023,0.15583892166614532,0.029838236048817635,0.00597450602799654,0.061768509447574615,0.0043257661163806915,0.10309303551912308,0.005713068880140781,0.002632190939038992,0.011781388893723488,0.00773520115762949,0.008715218864381313,0.1334514021873474,0.09746013581752777,0.0026369921397417784,0.022580958902835846,0.0037769456394016743,0.007932385429739952,0.006205042824149132,0.06004822254180908,0.0019836951978504658,0.0031706211157143116,0.04193732887506485,0.008218002505600452,0.06294893473386765,0.15583892166614532,0.003277238691225648,0.007745550945401192,0.10028256475925446,0.003058770438656211,0.03226858749985695,0.003600579919293523
C:/Users/KUBA/GitProjects/WKIRO-Project/data/HN021/Session1/Overground_Run/Run_Fast/Post_Process/Run_Fast10.csv,1,HN021,Session1,overground,run,fast,10,HN021,10,HN021,0.9992015957832336,5.79721963731572e-05,6.7536175265558995e-06,0.00035614738590084016,6.139406139027415e-08,6.834422674728557e-05,1.9969813536135916e-07,4.0425399561172526e-07,1.4756321320419374e-07,3.5252633097115904e-05,6.926868991286028e-06,0.9992015957832336,0.0001676927786320448,4.873133434557531e-07,5.847702141181799e-06,2.540743366807874e-07,6.105479233298183e-09,1.209024617310206e-06,2.6407903988001635e-06,7.873093636590056e-06,1.1456894526418182e-06,5.083683390694205e-06,7.97890820081193e-08,2.3678303477936424e-06,5.448984211398056e-06,2.3565225326649397e-09,1.193184834846761e-05,1.1922066732950043e-05,4.981997676622996e-07,4.1385686927242205e-05,3.522259817145823e-07
C:/Users/KUBA/GitProjects/WKIRO-Project/data/HN021/Session1/Overground_Run/Run_Fast/Post_Process/Run_Fast9.csv,1,HN021,Session1,overground,run,fast,10,HN021,23,RC023,0.15481923520565033,0.02972828783094883,0.006077908910810947,0.06249639391899109,0.0043818471021950245,0.10272151231765747,0.005812457296997309,0.0026716249994933605,0.011713830754160881,0.007826498709619045,0.008834742940962315,0.13289566338062286,0.09719768166542053,0.0026706086937338114,0.022964922711253166,0.003836755407974124,0.008021187037229538,0.006297131069004536,0.06067253276705742,0.0020112511701881886,0.003216732293367386,0.041741784662008286,0.008374867029488087,0.06319960951805115,0.15481923520565033,0.0033291876316070557,0.007722687441855669,0.09987515211105347,0.00311251706443727,0.03212636709213257,0.0036490000784397125
C:/Users/KUBA/GitProjects/WKIRO-Project/data/HN021/Session1/Overground_Walk/Walk_Fast/Post_Process/Walk_Fast1.csv,3,HN021,Session1,overground,walk,fast,10,HN021,23,RC023,0.15596379339694977,0.029848657548427582,0.005962960887700319,0.06168307736515999,0.004319488536566496,0.10313665866851807,0.005702102091163397,0.0026276891585439444,0.011790153570473194,0.007725422736257315,0.008702403865754604,0.1335160732269287,0.09749201685190201,0.0026332458946853876,0.02253621816635132,0.003769864095374942,0.007923111319541931,0.006194820161908865,0.05997103452682495,0.0019805061165243387,0.003165275091305375,0.04195645451545715,0.008200199343264103,0.06291686743497849,0.15596379339694977,0.0032710975501686335,0.007749013602733612,0.10033110529184341,0.0030523769091814756,0.03228309750556946,0.003595242975279689
C:/Users/KUBA/GitProjects/WKIRO-Project/data/HN021/Session1/Overground_Walk/Walk_Fast/Post_Process/Walk_Fast4.csv,4,HN021,Session1,overground,walk,fast,10,HN021,10,HN021,0.9991909861564636,8.451884787064046e-05,5.576673629548168e-06,0.00015931701636873186,8.67210090405024e-08,4.561619061860256e-05,3.6964416949558654e-07,3.825440160198923e-07,2.113485919608138e-07,3.307355655124411e-05,5.2166087698424235e-06,0.9991909861564636,0.00037887232610955834,5.771316864411347e-07,4.969876044924604e-06,2.4701338929844496e-07,1.477050304288241e-08,1.103479235098348e-06,2.9881066438974813e-06,6.344382654788205e-06,1.074016154234414e-06,5.2347650125739165e-06,2.3836209095406957e-07,2.4556220523663796e-06,1.0647094313753769e-05,3.773293677511447e-09,1.0916990504483692e-05,1.5530789823969826e-05,3.4849895769184513e-07,3.275860217399895e-05,2.2109107078449597e-07
C:/Users/KUBA/GitProjects/WKIRO-Project/data/HN021/Session1/Overground_Walk/Walk_Fast/Post_Process/Walk_Fast6.csv,4,HN021,Session1,overground,walk,fast,10,HN021,10,HN021,0.9992610216140747,8.949884795583785e-05,5.357902864489006e-06,0.00017869294970296323,5.7048762158729005e-08,3.884934994857758e-05,2.8503603743956774e-07,2.3741972654534038e-07,2.3329525333792844e-07,2.3478736693505198e-05,4.607104528986383e-06,0.9992610216140747,0.00030537365819327533,3.62537122100548e-07,5.0722333071462344e-06,1.9690108388203953e-07,1.1721976278522561e-08,9.054797374119516e-07,3.0184660317900125e-06,6.303430382104125e-06,9.034898766913102e-07,5.5313066695816815e-06,1.2833706364290265e-07,2.985634864671738e-06,9.963386219169479e-06,2.4635100626113626e-09,9.274465810449328e-06,1.3647062587551773e-05,3.145172229324089e-07,3.3552532840985805e-05,1.678209713418255e-07
C:/Users/KUBA/GitProjects/WKIRO-Project/data/HN021/Session2/Overground_Run/Run_Comfortable/Post_Process/Run_Comfortable6.csv,3,HN021,Session2,overground,run,comfortable,10,HN021,10,HN021,0.9987795948982239,4.327870556153357e-05,6.672159088338958e-06,0.0005536105600185692,9.914494825125075e-08,0.00017929980822373182,1.7599732871076412e-07,5.429911311694013e-07,1.3659042963354295e-07,7.056118192849681e-05,5.3668081818614155e-06,0.9987795948982239,0.0002231529215350747,7.456396815541666e-07,3.801117372859153e-06,2.8019454134664556e-07,4.285923171920558e-09,2.0626864625228336e-06,2.0489444523263955e-06,8.165768122125883e-06,1.3150753375157365e-06,4.400656962388894e-06,8.225855907539881e-08,2.077874796668766e-06,4.81678262076457e-06,3.0786821980655077e-09,1.5624344086972997e-05,1.9168437574990094e-05,7.14870850515581e-07,7.151651516323909e-05,6.449672014241514e-07
C:/Users/KUBA/GitProjects/WKIRO-Project/data/HN021/Session2/Overground_Run/Run_Comfortable/Post_Process/Run_Comfortable8.csv,2,HN021,Session2,overground,run,comfortable,10,HN021,10,HN021,0.9990240335464478,3.5726086935028434e-05,6.52604512652033e-06,0.0005119602428749204,5.1623047170323844e-08,0.00011885246203746647,1.1546021028152609e-07,3.417095513214008e-07,9.6575462293913e-08,6.551233673235402e-05,4.98360168421641e-06,0.9990240335464478,0.00013355868577491492,7.518304983022972e-07,3.996493433078285e-06,2.429559913252888e-07,3.2578972852803645e-09,1.4919055502105039e-06,1.8619682577991625e-06,8.655305464344565e-06,1.507138904344174e-06,2.9854741114831995e-06,6.830717325101432e-08,2.0798388504772447e-06,3.958448360208422e-06,1.7701238252954e-09,1.2031827282044105e-05,1.130644614022458e-05,7.432164466081304e-07,4.60410192317795e-05,5.078082949694362e-07
C:/Users/KUBA/GitProjects/WKIRO-Project/data/HN021/Session2/Overground_Run/Run_Fast/Post_Process/Run_Fast5.csv,1,HN021,Session2,overground,run,fast,10,HN021,10,HN021,0.9988740086555481,3.240781734348275e-05,7.89057867223164e-06,0.0006355111836455762,6.451985257172055e-08,0.00011117725080111995,1.407961462973617e-07,5.414079282672901e-07,9.422959834637368e-08,7.981814269442111e-05,3.7765582874271786e-06,0.9988740086555481,0.0001478456106269732,8.425056421401678e-07,4.2831975406443235e-06,4.0335331163987576e-07,5.510038647571491e-09,2.8737147204083158e-06,1.712185621727258e-06,1.1129272934340406e-05,2.1960088361083763e-06,3.121169584119343e-06,7.9090000326687e-08,1.6691368500687531e-06,4.217605237499811e-06,1.6580967709955985e-09,1.5238845662679523e-05,6.39309337202576e-06,1.0838236903509824e-06,5.0842772907344624e-05,6.190396106831031e-07
C:/Users/KUBA/GitProjects/WKIRO-Project/data/HN021/Session2/Overground_Run/Run_Fast/Post_Process/Run_Fast6.csv,1,HN021,Session2,overground,run,fast,10,HN021,23,RC023,0.1551564633846283,0.02976227179169655,0.006043361499905586,0.06225939467549324,0.004362795501947403,0.102845698595047,0.005779293365776539,0.002658225130289793,0.011734149418771267,0.007795733865350485,0.00879482552409172,0.13308197259902954,0.09728717803955078,0.0026591215282678604,0.02283862791955471,0.00381654454395175,0.007991284132003784,0.006266285199671984,0.06047011539340019,0.002001871820539236,0.0032010874710977077,0.04180262237787247,0.008322736248373985,0.06311973184347153,0.1551564633846283,0.0033115949481725693,0.007728889584541321,0.10001104325056076,0.0030944026075303555,0.0321701318025589,0.0036325573455542326
C:/Users/KUBA/GitProjects/WKIRO-Project/data/HN021/Session2/Overground_Walk/Walk_Comfortable/Post_Process/Walk_Comfortable1.csv,5,HN021,Session2,overground,walk,comfortable,10,HN021,23,RC023,0.15595902502536774,0.029843712225556374,0.0059722838923335075,0.06168245151638985,0.004326772876083851,0.10312006622552872,0.0057116346433758736,0.00263206847012043,0.01180715300142765,0.007739177905023098,0.008717367425560951,0.13348105549812317,0.09747543931007385,0.0026381779462099075,0.022543828934431076,0.0037738531827926636,0.007938024587929249,0.006204337812960148,0.05993782356381416,0.001983421389013529,0.003169723553583026,0.04194788634777069,0.008209755644202232,0.06289003044366837,0.15595902502536774,0.003274912480264902,0.007763238158077002,0.10031501203775406,0.0030553482938557863,0.03228432312607765,0.0036021159030497074
C:/Users/KUBA/GitProjects/WKIRO-Project/data/HN021/Session2/Overground_Walk/Walk_Slow/Post_Process/Walk_Slow2.csv,6,HN021,Session2,overground,walk,slow,10,HN021,10,HN021,0.9993739724159241,6.155893061077222e-05,4.6148848014127e-06,0.0001921733928611502,2.871353110833752e-08,5.098952169646509e-05,1.1472857153194127e-07,1.4076610455049376e-07,1.4184193730670813e-07,2.270686673000455e-05,3.2669988740963163e-06,0.9993739724159241,0.0002196929563069716,2.3361168643987185e-07,3.1737072276882827e-06,1.0397580041399124e-07,7.525917666839632e-09,9.038862458510266e-07,1.8588776811157004e-06,4.663716026698239e-06,7.016346899035852e-07,3.872410616168054e-06,5.7731615044076534e-08,2.0667744138336275e-06,9.717739885672927e-06,1.2140823901773956e-09,7.737705345789436e-06,9.004289495351259e-06,1.869426995426693e-07,2.6118495952687226e-05,1.6157832760654856e-07
C:/Users/KUBA/GitProjects/WKIRO-Project/data/HN021/Session2/Overground_Walk/Walk_Slow/Post_Process/Walk_Slow4.csv,6,HN021,Session2,overground,walk,slow,10,HN021,10,HN021,0.9993507862091064,6.20680075371638e-05,6.337410013657063e-06,0.00019871916447300464,2.6459050062044298e-08,5.603512181551196e-05,1.4318356988951564e-07,1.446519206638186e-07,1.7594175005797297e-07,2.5601651941542514e-05,4.004205493401969e-06,0.9993507862091064,0.0002222423645434901,2.8073719704480027e-07,3.901845957443584e-06,1.067730650561316e-07,7.751679298451108e-09,7.161885946516122e-07,1.9413037080084905e-06,5.163046353118261e-06,7.209084174064628e-07,4.140909823036054e-06,5.8717876783020984e-08,2.7691251034411835e-06,9.337592018709984e-06,1.7174195399149994e-09,7.337177976296516e-06,1.0443301107443403e-05,2.2949541289563058e-07,2.6470685043022968e-05,1.853985054367513e-07
C:/Users/KUBA/GitProjects/WKIRO-Project/data/HS018/Session1/Overground_Run/Run_Comfortable/Post_Process/Run_Comfortable1.csv,2,HS018,Session1,overground,run,comfortable,11,HS018,23,RC023,0.1520773470401764,0.029435090720653534,0.006367430556565523,0.06445903331041336,0.004539133049547672,0.10168907791376114,0.006090975366532803,0.0027826973237097263,0.01154388953000307,0.008080866187810898,0.009167397394776344,0.13135558366775513,0.09645309299230576,0.002765280194580555,0.024023503065109253,0.004004318732768297,0.00826849602162838,0.006554084829986095,0.062336236238479614,0.002088618464767933,0.0033460515551269054,0.04122336208820343,0.008813902735710144,0.06383621692657471,0.1520773470401764,0.0034749936312437057,0.007668436039239168,0.09875384718179703,0.00326336408033967,0.03175259381532669,0.003785052802413702
C:/Users/KUBA/GitProjects/WKIRO-Project/data/HS018/Session1/Overground_Run/Run_Comfortable/Post_Process/Run_Comfortable2.csv,2,HS018,Session1,overground,run,comfortable,11,HS018,11,HS018,0.9991405606269836,1.4304649084806442e-05,6.598412255698349e-06,1.0417104476800887e-06,2.8807062335545197e-07,3.9167440263554454e-05,2.3048665752867237e-05,1.9559875852337427e-07,1.6479319242534984e-07,6.075360579416156e-05,1.367389086226467e-05,0.00034507058444432914,0.9991405606269836,3.715130958426016e-08,1.4144637816571048e-07,1.0545670647843508e-06,2.471393599989824e-06,2.843413540176698e-07,5.196663551032543e-06,6.918137529510204e-08,4.1561888792784885e-06,1.2934647202200722e-06,0.00019018836610484868,6.003984162816778e-05,7.525560795329511e-05,6.818648898843094e-07,2.3197421796794515e-06,1.115849954658188e-05,1.7500769899925217e-07,5.438411676550459e-07,5.6836665152104615e-08
C:/Users/KUBA/GitProjects/WKIRO-Project/data/HS018/Session1/Overground_Run/Run_Comfortable/Post_Process/Run_Comfortable6.csv,2,HS018,Session1,overground,run,comfortable,11,HS018,11,HS018,0.9996554851531982,2.7045098249800503e-06,2.947541361209005e-06,1.8429167880640307e-07,4.698011935033719e-08,1.3703222066396847e-05,1.0271955034113489e-05,2.86392438653138e-08,1.1131113808460213e-07,1.4151753930491395e-05,2.3721913748886436e-06,8.584445458836854e-05,0.9996554851531982,7.724344719406417e-09,4.600679659461093e-08,1.8958058944917866e-07,1.3131873402016936e-06,1.1405906263917132e-07,3.404783228688757e-06,2.303483803700601e-08,8.371642934434931e-07,1.080904326045129e-06,8.900240936782211e-05,3.668081990326755e-05,7.050043495837599e-05,3.720491861258779e-07,5.615977443085285e-07,7.731947334832512e-06,7.250042699524784e-08,1.3570142698426935e-07,2.703414381244329e-08
C:/Users/KUBA/GitProjects/WKIRO-Project/data/HS018/Session1/Overground_Run/Run_Fast/Post_Process/Run_Fast4.csv,1,HS018,Session1,overground,run,fast,11,HS018,11,HS018,0.9993674159049988,3.8929470065340865e-06,5.573943781200796e-06,6.160747147987422e-07,7.763009790551223e-08,2.7296413463773206e-05,2.7151359972776845e-05,8.132601436727782e-08,1.3034845380843763e-07,2.132830377377104e-05,7.67462461226387e-06,0.0001964590192073956,0.9993674159049988,1.8108597288346573e-08,1.388327746099094e-07,7.12881217168615e-07,2.0670099729613867e-06,2.687583275928773e-07,6.651702733506681e-06,4.0284795943534846e-08,1.4516309647660819e-06,1.6072884818640887e-06,0.00016475055599585176,8.552249346394092e-05,6.457595736719668e-05,4.288705213184585e-07,6.841988238193153e-07,1.3030880836595315e-05,1.697025453495371e-07,2.3279446281776472e-07,4.7446359729974574e-08
C:/Users/KUBA/GitProjects/WKIRO-Project/data/HS018/Session1/Overground_Run/Run_Fast/Post_Process/Run_Fast7.csv,1,HS018,Session1,overground,run,fast,11,HS018,11,HS018,0.9968550205230713,2.3684448024141602e-05,1.3123587450536434e-05,5.387204055296024e-06,2.3908711455078446e-07,0.00021588588424492627,3.039731200260576e-05,1.6422001181126689e-07,1.6130348967635655e-07,8.689906826475635e-05,6.342368578771129e-05,0.00218350812792778,0.9968550205230713,3.9885339475631554e-08,2.472259836849844e-07,6.438532636821037e-06,1.0873026212721015e-06,3.858399395539891e-07,1.9005216017831117e-05,2.683034097117343e-07,3.6862761589873116e-06,5.650417733704671e-06,8.834189065964893e-05,0.0002975814859382808,5.570569192059338e-05,2.8903065185659216e-07,2.397159732936416e-06,3.7971716665197164e-05,3.743164427305601e-07,2.5725278192112455e-06,9.959867242059772e-08
C:/Users/KUBA/GitProjects/WKIRO-Project/data/HS018/Session1/Overground_Walk/Walk_Fast/Post_Process/Walk_Fast3.csv,2,HS018,Session1,overground,walk,fast,11,HS018,11,HS018,0.9996496438980103,1.6238382158917375e-06,2.2657022782368585e-06,2.1413433159978013e-07,5.916983525366959e-08,1.4346040188684128e-05,1.3461160051519983e-05,3.260060310594781e-08,6.298727583953223e-08,1.4772231224924326e-05,2.1246701180643868e-06,9.038193093147129e-05,0.9996496438980103,9.654900878786066e-09,4.8343345326884446e-08,2.68115059043339e-07,1.1016882126568817e-06,1.557941970986576e-07,3.940151145798154e-06,2.6454912926965335e-08,7.421519967465429e-07,7.543283118138788e-07,0.00010948306589853019,2.3900181986391544e-05,6.140427285572514e-05,3.0080829560574784e-07,5.765951982539264e-07,8.13412043498829e-06,9.143271029188327e-08,1.347046065802715e-07,2.9313484972703918e-08
C:/Users/KUBA/GitProjects/WKIRO-Project/data/HS018/Session1/Overground_Walk/Walk_Fast/Post_Process/Walk_Fast4.csv,3,HS018,Session1,overground,walk,fast,11,HS018,23,RC023,0.13956521451473236,0.027937904000282288,0.007812341675162315,0.07381291687488556,0.005286490079015493,0.09668367356061935,0.007483463268727064,0.003319372422993183,0.0107225077226758,0.009286689572036266,0.010780058801174164,0.12402104586362839,0.09272892028093338,0.0032131324987858534,0.029300155118107796,0.004819247405976057,0.00943612027913332,0.007806967478245497,0.07011520117521286,0.002458009636029601,0.003968355245888233,0.0386589914560318,0.011037646792829037,0.06648711115121841,0.13956521451473236,0.004183721262961626,0.007373731583356857,0.0933709666132927,0.004009050317108631,0.029884809628129005,0.0044362242333590984
C:/Users/KUBA/GitProjects/WKIRO-Project/data/HS018/Session1/Overground_Walk/Walk_Slow/Post_Process/Walk_Slow1.csv,4,HS018,Session1,overground,walk,slow,11,HS018,23,RC023,0.12863638997077942,0.02617805451154709,0.009894585236907005,0.08307543396949768,0.0061147138476371765,0.09064482152462006,0.009501952677965164,0.003996424376964569,0.009941395372152328,0.010517451912164688,0.012655526399612427,0.11583839356899261,0.08748109638690948,0.0037035837303847075,0.03666835278272629,0.0058937668800354,0.010574948973953724,0.009369289502501488,0.07691977918148041,0.0028923710342496634,0.004730235319584608,0.0359991230070591,0.014554616063833237,0.06670226156711578,0.12863638997077942,0.005120454356074333,0.006962946150451899,0.08727417141199112,0.005094178020954132,0.027879934757947922,0.005183725617825985
C:/Users/KUBA/GitProjects/WKIRO-Project/data/HS018/Session1/Treadmill_Walk/Treadmill_Walk_Comfortable/Post_Process/Treadmill_Walk_Comfortable.csv,119,HS018,Session1,treadmill,walk,comfortable,11,HS018,11,HS018,0.9990708231925964,5.077144578535808e-06,8.530300874554086e-06,8.505402888658864e-07,7.294150350389828e-08,3.097697481280193e-05,2.97264450637158e-05,5.1635304032515705e-08,2.570173762705963e-07,2.0238043362041935e-05,4.154003818257479e-06,0.0003261254751123488,0.9990708231925964,3.703145168287847e-08,1.7700237719964207e-07,5.598652705884888e-07,1.7954009763343493e-06,1.1024271771020722e-06,4.2632668737496715e-06,8.108067817147457e-08,1.0154790288652293e-06,1.1747461030608974e-06,0.00014806380204390734,4.7521141823381186e-05,0.0002695545263122767,4.635737980152044e-07,6.694488092762185e-07,2.5746978280949406e-05,1.8509412313960638e-07,4.364426331449067e-07,2.237508880398309e-07
C:/Users/KUBA/GitProjects/WKIRO-Project/data/HS018/Session2/Overground_Run/Run_Comfortable/Post_Process/Run_Comfortable2.csv,2,HS018,Session2,overground,run,comfortable,11,HS018,23,RC023,0.15563318133354187,0.029818158596754074,0.005994574166834354,0.061911772936582565,0.004336914978921413,0.10302111506462097,0.005732662044465542,0.002640088787302375,0.011767182499170303,0.007753089070320129,0.00873832032084465,0.1333433985710144,0.09740953892469406,0.0026436280459165573,0.022656694054603577,0.0037888195365667343,0.00794933084398508,0.006223293021321297,0.06017302721738815,0.001989150419831276,0.0031796800903975964,0.04189881682395935,0.008248696103692055,0.06299786269664764,0.15563318133354187,0.0032876040786504745,0.007740417495369911,0.10020329058170319,0.0030694217421114445,0.03224016726016998,0.0036101045552641153
C:/Users/KUBA/GitProjects/WKIRO-Project/data/HS018/Session2/Overground_Run/Run_Comfortable/Post_Process/Run_Comfortable4.csv,2,HS018,Session2,overground,run,comfortable,11,HS018,23,RC023,0.15575242042541504,0.029833272099494934,0.005981958471238613,0.06182461231946945,0.00433006277307868,0.10306337475776672,0.005720287561416626,0.0026353297289460897,0.011775407940149307,0.007741522043943405,0.00872332975268364,0.13340741395950317,0.097438745200634,0.002639548387378454,0.02261068858206272,0.003781861625611782,0.007938115857541561,0.006211849395185709,0.06010080873966217,0.0019858945161104202,0.0031742542050778866,0.04192656651139259,0.008229738101363182,0.06297026574611664,0.15575242042541504,0.0032815285958349705,0.007743039168417454,0.10025057196617126,0.0030631839763373137,0.03226020559668541,0.0036041410639882088
C:/Users/KUBA/GitProjects/WKIRO-Project/data/HS018/Session2/Overground_Walk/Walk_Fast/Post_Process/Walk_Fast3.csv,2,HS018,Session2,overground,walk,fast,11,HS018,11,HS018,0.9996899366378784,1.0850643548110384e-06,2.7349406082066707e-06,1.6701082472536655e-07,6.271930885759502e-08,1.3191733160056174e-05,1.0712495168263558e-05,2.0549375534528735e-08,5.5438619028791436e-08,1.796945980458986e-05,1.973956386791542e-06,6.567087257280946e-05,0.9996899366378784,6.703238852878712e-09,2.7589717177534112e-08,1.529040787318081e-07,1.6246842733380618e-06,1.5593280977554969e-07,2.6824641281564254e-06,2.0866533390062614e-08,6.260681857384043e-07,5.478390221469454e-07,9.55028081079945e-05,2.1090443624416366e-05,6.737247167620808e-05,2.9655871003342327e-07,4.6881709181434417e-07,5.604505531664472e-06,5.274018022305427e-08,7.811632940502022e-08,2.8265894513879175e-08
C:/Users/KUBA/GitProjects/WKIRO-Project/data/HS018/Session2/Treadmill_Run/Treadmill_Run_Fast/Post_Process/Treadmill_Run_Fast.csv,119,HS018,Session2,treadmill,run,fast,11,HS018,11,HS018,0.9994907975196838,3.52042820850329e-06,7.045100119285053e-06,6.187823373693391e-07,2.5819193183451716e-07,1.5746310964459553e-05,2.188863254559692e-05,8.139903684423189e-08,1.7372448724017886e-07,5.272170528769493e-05,6.401225164154312e-06,0.00010838510934263468,0.9994907975196838,1.2275798155769735e-08,5.884166753844511e-08,4.265952213700075e-07,5.374990450945916e-06,3.539104795891035e-07,4.672870090871584e-06,5.207896336401063e-08,1.989480324482429e-06,7.840876037334965e-07,0.00012599241745192558,5.3597494115820155e-05,9.158530156128109e-05,4.806159950021538e-07,8.659924901621707e-07,5.806296940136235e-06,9.845455650747681e-08,1.1619195561252127e-07,5.7458830582390874e-08
C:/Users/KUBA/GitProjects/WKIRO-Project/data/HS018/Session2/Treadmill_Walk/Treadmill_Walk_Slow/Post_Process/Treadmill_Walk_Slow.csv,119,HS018,Session2,treadmill,walk,slow,11,HS018,11,HS018,0.9993823170661926,4.749822892335942e-06,4.4092848838772625e-06,6.384870516740193e-07,3.5316878665980767e-07,2.518134715501219e-05,1.960095323738642e-05,1.1977758163084218e-07,1.3120182984494022e-07,5.36506122443825e-05,7.272913990163943e-06,0.00019737458205781877,0.9993823170661926,2.1166295383068245e-08,6.680009079218507e-08,7.249109330587089e-07,3.1360063985630404e-06,4.368804980003915e-07,3.722453357113409e-06,7.35899519099803e-08,2.4278574528580066e-06,8.62702052017994e-07,0.00013737037079408765,4.036298196297139e-05,0.00010280305286869407,5.421628088697616e-07,1.5816152654224425e-06,9.634664820623584e-06,1.0582191123376106e-07,2.94565097647137e-07,6.058713353240819e-08
C:/Users/KUBA/GitProjects/WKIRO-Project/data/JS009/Session1/Overground_Run/Run_Comfortable/Post_Process/Run_Comfortable3.csv,2,JS009,Session1,overground,run,comfortable,12,JS009,6,DC005,0.07853559404611588,0.02009950578212738,0.021027887240052223,0.006854852195829153,0.06270430237054825,0.005482982844114304,0.020134080201387405,0.07853559404611588,0.07330970466136932,0.028091702610254288,0.019240057095885277,0.005508475936949253,0.005019948352128267,0.07078304886817932,0.008633614517748356,0.06180468946695328,0.024733930826187134,0.023221570998430252,0.004879327490925789,0.046298105269670486,0.05590558797121048,0.03316159173846245,0.019299684092402458,0.004388769157230854,0.008981429971754551,0.07185528427362442,0.07584734261035919,0.006505622062832117,0.04837878793478012,0.03674541413784027,0.05256711319088936
C:/Users/KUBA/GitProjects/WKIRO-Project/data/JS009/Session1/Overground_Run/Run_Comfortable/Post_Process/Run_Comfortable9.csv,1,JS009,Session1,overground,run,comfortable,12,JS009,7,GF022,0.1203719824552536,0.03199281543493271,0.013613291084766388,0.006363202817738056,0.05324279144406319,0.008767458610236645,0.012943538837134838,0.05887894704937935,0.1203719824552536,0.0255605299025774,0.015704583376646042,0.008902426809072495,0.007887917570769787,0.0606941357254982,0.0057947575114667416,0.044124312698841095,0.023262236267328262,0.017680620774626732,0.004888481926172972,0.037207458168268204,0.043219197541475296,0.05367923527956009,0.011069734580814838,0.00576454633846879,0.015062161721289158,0.0511649064719677,0.11840063333511353,0.010485025122761726,0.030766889452934265,0.05918470770120621,0.04332141578197479
C:/Users/KUBA/GitProjects/WKIRO-Project/data/JS009/Session1/Overground_Run/Run_Fast/Post_Process/Run_Fast1.csv,1,JS009,Session1,overground,run,fast,12,JS009,7,GF022,0.12633256614208221,0.03335582837462425,0.012902649119496346,0.006144708022475243,0.05176699534058571,0.009010224603116512,0.012250897474586964,0.05698629096150398,0.12633256614208221,0.024766527116298676,0.015058000572025776,0.009165626950562,0.008074352517724037,0.05917057394981384,0.005491527263075113,0.04263696447014809,0.02255863882601261,0.016947343945503235,0.004763500299304724,0.036196187138557434,0.04188637062907219,0.05626281350851059,0.010423608124256134,0.005760859232395887,0.015657266601920128,0.049470096826553345,0.12271750718355179,0.010807057842612267,0.029523732140660286,0.06195914000272751,0.04195208474993706
C:/Users/KUBA/GitProjects/WKIRO-Project/data/JS009/Session1/Overground_Run/Run_Fast/Post_Process/Run_Fast13.csv,1,JS009,Session1,overground,run,fast,12,JS009,25,SA017,0.09705611318349838,0.02532384544610977,0.018783381208777428,0.008521553128957748,0.0591694675385952,0.008724343962967396,0.018162203952670097,0.06428176909685135,0.09217778593301773,0.03162452578544617,0.021114759147167206,0.008839070796966553,0.008021460846066475,0.06507163494825363,0.008256155997514725,0.04795577749609947,0.029147787019610405,0.022754833102226257,0.006070393603295088,0.03940719738602638,0.04726588726043701,0.04083942994475365,0.015739180147647858,0.00637397263199091,0.014251817017793655,0.05495518073439598,0.09705611318349838,0.010162978433072567,0.03462492302060127,0.045221392065286636,0.05010118708014488
C:/Users/KUBA/GitProjects/WKIRO-Project/data/JS009/Session1/Overground_Run/Run_Fast/Post_Process/Run_Fast7.csv,1,JS009,Session1,overground,run,fast,12,JS009,7,GF022,0.1244804784655571,0.03291969373822212,0.013116944581270218,0.0062056356109678745,0.052240073680877686,0.008924169465899467,0.012459415942430496,0.057601965963840485,0.1244804784655571,0.025007260963320732,0.01525099016726017,0.009072286076843739,0.008006902411580086,0.05967307090759277,0.005580067168921232,0.04311532527208328,0.022770162671804428,0.017169805243611336,0.00479738786816597,0.03652860224246979,0.042316269129514694,0.055439479649066925,0.010617217049002647,0.0057563623413443565,0.015452577732503414,0.050020329654216766,0.12139751017093658,0.010694813914597034,0.029919130727648735,0.06107990816235542,0.042386192828416824
C:/Users/KUBA/GitProjects/WKIRO-Project/data/JS009/Session1/Overground_Run/Run_Fast/Post_Process/Run_Fast9.csv,1,JS009,Session1,overground,run,fast,12,JS009,7,GF022,0.11592379957437515,0.03099050186574459,0.014007102698087692,0.006399072241038084,0.05443156138062477,0.00839020125567913,0.013311905786395073,0.06076750159263611,0.11592379957437515,0.02585284598171711,0.015939919278025627,0.008499164134263992,0.007569030858576298,0.06212364137172699,0.005938907153904438,0.04569476097822189,0.023452935740351677,0.018071867525577545,0.004905438981950283,0.03828255087137222,0.04451021924614906,0.05188930407166481,0.011453456245362759,0.005665024276822805,0.014273061417043209,0.053028665482997894,0.11500397324562073,0.010028434917330742,0.032033346593379974,0.057271137833595276,0.04429057240486145
C:/Users/KUBA/GitProjects/WKIRO-Project/data/JS009/Session1/Overground_Walk/Walk_Comfortable/Post_Process/Walk_Comfortable4.csv,4,JS009,Session1,overground,walk,comfortable,12,JS009,12,JS009,0.9992627501487732,2.423226135306322e-07,6.734032353961084e-08,2.0108016087760916e-06,1.1092802196799312e-06,5.638627044390887e-06,6.127590950200101e-07,0.00014044021372683346,9.943735494744033e-05,6.290453256951878e-06,3.7694949241995346e-06,2.895526222346234e-06,8.222777125865832e-09,0.9992627501487732,4.785468377122015e-07,3.2712907795939827e-06,1.707301748865575e-06,3.0754739555050037e-07,2.4975570056540164e-08,5.678703018929809e-05,4.98565350426361e-06,2.7086568366030406e-07,3.3359049211867386e-07,3.449632046681472e-08,6.287791620707139e-06,2.7630553631752264e-06,0.00028208238654769957,1.3089331332594156e-05,2.2046355297788978e-05,7.753565114398953e-06,7.242273568408564e-05
C:/Users/KUBA/GitProjects/WKIRO-Project/data/JS009/Session1/Overground_Walk/Walk_Comfortable/Post_Process/Walk_Comfortable6.csv,3,JS009,Session1,overground,walk,comfortable,12,JS009,12,JS009,0.999073326587677,4.7596532226634736e-07,1.8790264277868118e-07,3.237488044760539e-06,1.5619031046298915e-06,1.297581911785528e-05,1.5033220961413463e-06,0.00012050083751091734,0.0001457631151424721,1.3935509741713759e-05,4.6720538193767425e-06,4.5515494093706366e-06,2.3782632752045174e-08,0.999073326587677,5.20781043178431e-07,4.912718850391684e-06,3.0403759865293978e-06,5.068346240477695e-07,4.36729159503102e-08,5.8481571613810956e-05,1.1188060852873605e-05,4.839245661969471e-07,5.482089022734726e-07,7.362087472984058e-08,1.337830599368317e-05,4.913265001960099e-06,0.0002917038509622216,2.472013329679612e-05,4.064786116941832e-05,9.632684850657824e-06,0.00015249323041643947
C:/Users/KUBA/GitProjects/WKIRO-Project/data/JS009/Session1/Overground_Walk/Walk_Fast/Post_Process/Walk_Fast2.csv,2,JS009,Session1,overground,walk,fast,12,JS009,12,JS009,0.9990262985229492,1.2690552466665395e-06,1.9319554667163175e-07,9.19808735488914e-06,7.317942731788207e-07,2.3401807993650436e-05,3.3186091741299606e-07,0.00010985750122927129,0.00030136131681501865,2.140201468137093e-05,2.4079186005110387e-06,6.886963092256337e-06,3.5597903291773036e-08,0.9990262985229492,4.762702872085356e-07,1.9286580936750397e-06,6.701975507894531e-06,9.637656148697715e-07,3.1335272154819904e-08,3.7644917028956115e-05,2.5930919946404174e-05,4.0374413856625324e-07,4.199873160359857e-07,1.46521330179894e-07,3.4750570193864405e-05,2.2609692678088322e-06,0.0002926745219156146,6.315362497844035e-06,2.6560683181742206e-05,8.094012628134806e-06,5.139061249792576e-05
C:/Users/KUBA/GitProjects/WKIRO-Project/data/JS009/Session1/Overground_Walk/Walk_Fast/Post_Process/Walk_Fast6.csv,2,JS009,Session1,overground,walk,fast,12,JS009,12,JS009,0.9991340637207031,4.817310355065274e-07,2.213797642980353e-07,9.176451385428663e-06,6.986338689785043e-07,2.1827359887538478e-05,5.744661280004948e-07,9.951217361958697e-05,0.00017235588165931404,1.637753848626744e-05,4.9587902140046936e-06,7.71315080783097e-06,1.5462635616358966e-08,0.9991340637207031,4.1969838093791623e-07,5.021259767090669e-06,4.275642368156696e-06,1.3876067441742634e-06,3.270581316883181e-08,9.140662587014958e-05,1.5934241673676297e-05,4.6476799298034166e-07,2.7032749017052993e-07,1.8540387713983364e-07,1.2340027751633897e-05,1.6634794519632123e-06,0.0002520715061109513,1.1180049114045687e-05,3.8010206480976194e-05,9.78698517428711e-06,8.746350795263425e-05
C:/Users/KUBA/GitProjects/WKIRO-Project/data/JS009/Session1/Overground_Walk/Walk_Fast/Post_Process/Walk_Fast7.csv,3,JS009,Session1,overground,walk,fast,12,JS009,6,DC005,0.10036414116621017,0.006703827064484358,0.029847824946045876,0.0075798495672643185,0.0721898004412651,0.0018339894013479352,0.028618223965168,0.10036414116621017,0.019707223400473595,0.03021419234573841,0.022958287969231606,0.0017475662752985954,0.0018298435024917126,0.08032695949077606,0.01237502321600914,0.0832240954041481,0.025628363713622093,0.02946002036333084,0.005015912000089884,0.05624261125922203,0.07025269418954849,0.010072869248688221,0.029695972800254822,0.0028648115694522858,0.002249000361189246,0.09665706008672714,0.0265307929366827,0.0020827047992497683,0.07049734145402908,0.011412338353693485,0.06181669235229492
C:/Users/KUBA/GitProjects/WKIRO-Project/data/JS009/Session2/Overground_Run/Run_Comfortable/Post_Process/Run_Comfortable9.csv,2,JS009,Session2,overground,run,comfortable,12,JS009,7,GF022,0.1111525148153305,0.029888734221458435,0.014684593304991722,0.006599343381822109,0.05550052970647812,0.00823288969695568,0.013975235633552074,0.06222779303789139,0.1111525148153305,0.02648298814892769,0.016508765518665314,0.008333875797688961,0.0074471645057201385,0.06313742697238922,0.0062390826642513275,0.046909816563129425,0.024008367210626602,0.01871834136545658,0.005016117822378874,0.03900296241044998,0.04553605616092682,0.04984216392040253,0.012101761996746063,0.005666532553732395,0.013910260051488876,0.05439215898513794,0.11115135252475739,0.009815926663577557,0.03313986212015152,0.055035412311553955,0.045342009514570236
C:/Users/KUBA/GitProjects/WKIRO-Project/data/JS009/Session2/Overground_Run/Run_Fast/Post_Process/Run_Fast11.csv,2,JS009,Session2,overground,run,fast,12,JS009,25,SA017,0.10236670076847076,0.02716563642024994,0.01667770743370056,0.007360713556408882,0.05772433429956436,0.008320873603224754,0.01597384735941887,0.06461260467767715,0.09999684244394302,0.028648238629102707,0.018470723181962967,0.008434509858489037,0.007577192969620228,0.06478345394134521,0.0071589145809412,0.048724010586738586,0.026092849671840668,0.020625848323106766,0.005427158437669277,0.03993604704737663,0.04724220931529999,0.04460712522268295,0.013945948332548141,0.005875998642295599,0.013901029713451862,0.05627274140715599,0.10236670076847076,0.009815853089094162,0.03503674268722534,0.04931235313415527,0.04791183024644852
C:/Users/KUBA/GitProjects/WKIRO-Project/data/JS009/Session2/Overground_Run/Run_Fast/Post_Process/Run_Fast3.csv,1,JS009,Session2,overground,run,fast,12,JS009,15,LF003,0.07622887194156647,0.010237399488687515,0.044619590044021606,0.0409296415746212,0.03521055728197098,0.0330154150724411,0.049964431673288345,0.022700238972902298,0.03679434955120087,0.06592202931642532,0.07182467728853226,0.03622041270136833,0.03204762935638428,0.028081338852643967,0.029362104833126068,0.014236092567443848,0.07622887194156647,0.04168873280286789,0.017912577837705612,0.012530198320746422,0.01844843477010727,0.01329242903739214,0.037433501332998276,0.018217559903860092,0.05486519634723663,0.014438708312809467,0.04590936005115509,0.03219381347298622,0.010772806592285633,0.014575873501598835,0.04032601788640022
C:/Users/KUBA/GitProjects/WKIRO-Project/data/JS009/Session2/Overground_Run/Run_Fast/Post_Process/Run_Fast5.csv,1,JS009,Session2,overground,run,fast,12,JS009,15,LF003,0.07869306951761246,0.009115795604884624,0.04744191840291023,0.04321158677339554,0.03486472740769386,0.03177299723029137,0.05342617630958557,0.022318284958600998,0.03242846950888634,0.06773967295885086,0.07584213465452194,0.03484201803803444,0.031054677441716194,0.027471311390399933,0.03156967833638191,0.01396945584565401,0.07869306951761246,0.04334649816155434,0.0184467826038599,0.01220029778778553,0.01815321296453476,0.011684135533869267,0.04017254710197449,0.01809755153954029,0.051986854523420334,0.014111369848251343,0.041344787925481796,0.03071475587785244,0.010687237605452538,0.012828931212425232,0.040463030338287354
C:/Users/KUBA/GitProjects/WKIRO-Project/data/JS009/Session2/Overground_Run/Run_Fast/Post_Process/Run_Fast6.csv,1,JS009,Session2,overground,run,fast,12,JS009,12,JS009,0.9618074893951416,8.915021680877544e-06,4.801306658919202e-06,1.6135876649059355e-05,6.995666353759589e-06,3.949106394429691e-05,1.3310462918525445e-06,0.00022476480808109045,0.0063624014146625996,3.1927411328069866e-05,4.090738730155863e-05,3.496949284453876e-05,7.713582661494911e-09,0.9618074893951416,2.1274472601362504e-05,5.376690296543529e-06,4.509476184466621e-06,3.823546990133764e-07,3.14426280567659e-08,0.000240751396631822,0.00011209484364371747,4.992554295313312e-06,4.5880776156081993e-07,2.2089481888087903e-07,3.653921521618031e-05,1.3476797903422266e-05,0.027475763112306595,3.893335087923333e-05,0.00011919911776203662,0.00015423836885020137,0.0031916103325784206
C:/Users/KUBA/GitProjects/WKIRO-Project/data/JS009/Session2/Overground_Run/Run_Fast/Post_Process/Run_Fast9.csv,1,JS009,Session2,overground,run,fast,12,JS009,25,SA017,0.09728490561246872,0.02569820173084736,0.016880476847290993,0.007093026302754879,0.05993087217211723,0.00719896936789155,0.0161055289208889,0.06860356032848358,0.09332115948200226,0.028457853943109512,0.018226783722639084,0.007231647614389658,0.00659783324226737,0.06787500530481339,0.007140144240111113,0.052084781229496,0.025654062628746033,0.02084529586136341,0.005270261317491531,0.04237280786037445,0.04993045702576637,0.04219912737607956,0.014190563932061195,0.005480089690536261,0.011672590859234333,0.060370150953531265,0.09728490561246872,0.008517390117049217,0.03757045418024063,0.0467975027859211,0.049398552626371384
C:/Users/KUBA/GitProjects/WKIRO-Project/data/JS009/Session2/Overground_Walk/Walk_Fast/Post_Process/Walk_Fast3.csv,3,JS009,Session2,overground,walk,fast,12,JS009,6,DC005,0.10083357244729996,0.006549190729856491,0.02987552434206009,0.0073733851313591,0.07260286062955856,0.0017904361011460423,0.02870555780827999,0.10083357244729996,0.01988396979868412,0.030442459508776665,0.023084132000803947,0.0017030368326231837,0.0017855996266007423,0.08109781891107559,0.012094640173017979,0.08259972929954529,0.02587915025651455,0.029506653547286987,0.004831074271351099,0.05631660297513008,0.07022734731435776,0.009838036261498928,0.029475562274456024,0.0027738818898797035,0.0022042610216885805,0.09613623470067978,0.026939237490296364,0.002034097909927368,0.06979715079069138,0.011198465712368488,0.06242041289806366
C:/Users/KUBA/GitProjects/WKIRO-Project/data/JS009/Session2/Overground_Walk/Walk_Fast/Post_Process/Walk_Fast8.csv,2,JS009,Session2,overground,walk,fast,12,JS009,12,JS009,0.999076783657074,1.7617999503727333e-07,5.825211957244392e-08,1.493789341111551e-06,1.5349952491305885e-06,3.707122232299298e-06,7.41010921956331e-07,0.00016888260142877698,8.881436951924115e-05,5.87998511036858e-06,5.610097559838323e-06,2.5317860945506254e-06,5.658848056810939e-09,0.999076783657074,4.2229339669574983e-07,3.6722976801684126e-06,1.6386943570978474e-06,2.1195569388510194e-07,2.3798188308887802e-08,8.06000898592174e-05,5.077698460809188e-06,2.4056251390902617e-07,3.556444312380336e-07,2.4341268556327122e-08,3.6970754990761634e-06,2.940701051556971e-06,0.000430277461418882,1.2387409697112162e-05,2.335747194592841e-05,7.106855264282785e-06,7.165867282310501e-05
C:/Users/KUBA/GitProjects/WKIRO-Project/data/LA014/Session1/Overground_Run/Run_Comfortable/Post_Process/Run_Comfortable8.csv,1,LA014,Session1,overground,run,comfortable,13,LA014,13,LA014,0.9989978671073914,1.6553445675526746e-05,1.2655778846237808e-05,0.00015068471839185804,1.0939867024717387e-05,4.5128429881913235e-09,2.4210146875702776e-05,4.604702553479001e-06,6.309802301984746e-06,2.3246394675879856e-07,0.00016125953698065132,4.0969857195705117e-07,6.3767409130832675e-09,5.221198762228596e-07,0.9989978671073914,6.550652642545174e-08,2.7919163585465867e-06,9.598658652976155e-05,0.0003607922699302435,4.6489225496770814e-05,3.035406280105235e-06,4.680319705130387e-07,4.995443669031374e-05,9.468617463426199e-07,1.469113726670912e-06,1.2128670050515211e-06,1.1410288180968564e-07,6.152970854600426e-06,6.327805976980017e-07,1.5314430129365064e-05,2.8417260182322934e-05
C:/Users/KUBA/GitProjects/WKIRO-Project/data/LA014/Session1/Overground_Run/Run_Fast/Post_Process/Run_Fast5.csv,1,LA014,Session1,overground,run,fast,13,LA014,23,RC023,0.13989168405532837,0.0280297864228487,0.007762717083096504,0.07347813993692398,0.005268380977213383,0.09682361781597137,0.007434411905705929,0.0033065592870116234,0.01076421793550253,0.009250142611563206,0.01072447095066309,0.12421631813049316,0.09282529354095459,0.003203204832971096,0.029109248891472816,0.004799796734005213,0.009399337694048882,0.007767135743051767,0.06986641883850098,0.002449951134622097,0.003953665494918823,0.03880554810166359,0.010958556085824966,0.06641719490289688,0.13989168405532837,0.004167221486568451,0.007394558284431696,0.09352852404117584,0.003989789634943008,0.02999505214393139,0.004419092088937759
C:/Users/KUBA/GitProjects/WKIRO-Project/data/LA014/Session1/Overground_Run/Run_Fast/Post_Process/Run_Fast6.csv,1,LA014,Session1,overground,run,fast,13,LA014,13,LA014,0.9979694485664368,0.00011184466711711138,1.3259537809062749e-05,0.0002637621946632862,1.9364737454452552e-05,4.91189524609581e-08,2.753258013399318e-05,3.8552771002287045e-06,6.982139893807471e-05,4.683793406456971e-07,0.0002584780741017312,3.6932069633621722e-06,5.816766446287147e-08,6.996531851655163e-07,0.9979694485664368,4.0855248073512485e-08,5.315626822266495e-06,0.00010694462980609387,0.0007984500261954963,5.5331129260594025e-05,2.5258825644414173e-06,3.5206023767386796e-06,3.8137157389428467e-05,4.625022029358661e-06,2.0656498236348853e-05,1.5711508467575186e-06,6.761529220966622e-07,7.751060911687091e-05,3.841043110242026e-07,9.96632079477422e-05,4.230543345329352e-05
C:/Users/KUBA/GitProjects/WKIRO-Project/data/LA014/Session1/Overground_Walk/Walk_Fast/Post_Process/Walk_Fast6.csv,3,LA014,Session1,overground,walk,fast,13,LA014,13,LA014,0.9985554218292236,2.1030828065704554e-05,6.616196969844168e-06,0.0001894074521260336,3.7255952065606834e-06,1.156497475562901e-08,1.6684689398971386e-05,1.319075636274647e-06,4.883857400272973e-06,1.1526726240163043e-07,7.648477185284719e-05,6.146181590338529e-07,7.492893416838342e-09,2.970182038097846e-07,0.9985554218292236,2.5478101406406495e-08,1.2041336958645843e-06,4.5660490286536515e-05,0.0009755624341778457,2.4479419153067283e-05,1.3118984725224436e-06,6.81415428971377e-07,2.445213067403529e-05,3.3275764508289285e-06,2.24733025788737e-06,1.1888585049746325e-06,3.0958229757516165e-08,1.4419594663195312e-05,4.944300258102885e-07,1.3087515071674716e-05,1.5185479242063593e-05
C:/Users/KUBA/GitProjects/WKIRO-Project/data/LA014/Session1/Overground_Walk/Walk_Slow/Post_Process/Walk_Slow2.csv,5,LA014,Session1,overground,walk,slow,13,LA014,13,LA014,0.9987168312072754,1.5678628187743016e-05,1.4664759873994626e-05,0.00016852410044521093,9.441233487450518e-06,8.326158429383668e-09,3.759581159101799e-05,3.303884341221419e-06,1.4189658031682484e-05,2.2089727735874476e-07,0.00010397685400675982,3.332105507070082e-07,9.440400461357967e-09,6.571965514012845e-07,0.9987168312072754,6.218983372718867e-08,6.306209797912743e-06,0.0002102045837091282,0.0005117264809086919,3.442924207774922e-05,3.0901439913577633e-06,6.530158316309098e-07,6.708210275974125e-05,2.2618598904955434e-06,3.7642171264451463e-06,2.8588024179043714e-06,9.917673793324866e-08,1.0065778951684479e-05,1.1308950433885911e-06,1.2519111805886496e-05,4.833268030779436e-05
C:/Users/KUBA/GitProjects/WKIRO-Project/data/LA014/Session1/Treadmill_Run/Treadmill_Run_Comfortable/Post_Process/Treadmill_Run_Comfortable.csv,119,LA014,Session1,treadmill,run,comfortable,13,LA014,13,LA014,0.9963880181312561,0.0004596421786118299,1.4313061910797842e-05,0.00039506240864284337,2.1927420675638132e-05,9.389925281766409e-09,2.5295801606262103e-05,9.638105439080391e-06,2.483428943378385e-05,2.66987711938782e-07,0.00016685979790054262,2.923306055890862e-06,3.6022839822180686e-08,9.278650736632699e-07,0.9963880181312561,1.2482182683015708e-06,3.2931025089055765e-06,0.00012444578169379383,0.0015120533062145114,0.00025347311748191714,2.024501736741513e-05,1.5568006347166374e-05,5.4868545703357086e-05,3.4134900488425046e-06,1.2902278285764623e-05,2.7919184049096657e-06,2.160895064662327e-06,1.3491180652636103e-05,4.3884933802473824e-06,0.00042143979226239026,4.4489996071206406e-05
C:/Users/KUBA/GitProjects/WKIRO-Project/data/LA014/Session1/Treadmill_Walk/Treadmill_Walk_Fast/Post_Process/Treadmill_Walk_Fast.csv,119,LA014,Session1,treadmill,walk,fast,13,LA014,13,LA014,0.9988313317298889,1.1227530194446445e-05,9.941731150320265e-06,0.00012744992272928357,4.930795057589421e-06,5.574367190064322e-09,2.5936864403774962e-05,1.7119403992182924e-06,6.754199148417683e-06,1.324583678297131e-07,9.033996320795268e-05,3.1191643756756093e-07,6.705866528733395e-09,3.774381411858485e-07,0.9988313317298889,2.8823574638181526e-08,2.3063371372700203e-06,8.612733654445037e-05,0.0006702407845295966,3.126475348835811e-05,1.3563127367888228e-06,5.024098186368064e-07,4.1028779378393665e-05,1.8211345604868256e-06,1.878932266663469e-06,1.5019911643321393e-06,4.5990557140385135e-08,1.0101913176185917e-05,6.31064835943107e-07,9.364089237351436e-06,3.1374162063002586e-05
C:/Users/KUBA/GitProjects/WKIRO-Project/data/LA014/Session2/Overground_Run/Run_Comfortable/Post_Process/Run_Comfortable4.csv,2,LA014,Session2,overground,run,comfortable,13,LA014,13,LA014,0.9967830181121826,9.734775085235015e-05,1.985334893106483e-05,0.0009056068956851959,1.8048300262307748e-05,1.3895229855620528e-08,4.496773181017488e-05,1.6730513380025513e-05,1.679429624346085e-05,5.263149773782061e-07,0.0006181527860462666,3.747818709598505e-06,6.311442035666914e-08,3.0330525078170467e-06,0.9967830181121826,4.364599988093687e-07,9.46709405980073e-06,0.0001775548153091222,0.0007013576105237007,0.0001977113715838641,3.4652275644475594e-05,1.5643761344108498e-06,0.00017208833014592528,6.690773716400145e-06,1.4810824723099358e-05,3.1187464628601447e-06,8.855499231685826e-07,2.4745153496041894e-05,2.7718162982637295e-06,7.100046059349552e-05,5.3273834055289626e-05
C:/Users/KUBA/GitProjects/WKIRO-Project/data/LA014/Session2/Overground_Run/Run_Comfortable/Post_Process/Run_Comfortable8.csv,2,LA014,Session2,overground,run,comfortable,13,LA014,13,LA014,0.998826265335083,2.2765489120502025e-05,1.6529576896573417e-05,0.00013681042764801532,1.1759811059164349e-05,1.028335727681906e-08,4.340946179581806e-05,4.92169920107699e-06,1.417690327798482e-05,3.3788606401685684e-07,0.0001884249650174752,5.324326934896817e-07,1.454922760046884e-08,1.0147307420993457e-06,0.998826265335083,6.310557409960893e-08,3.232439667044673e-06,0.00011660954623948783,0.0004089713911525905,4.385699867270887e-05,2.9157802146073664e-06,6.295323942140385e-07,6.020499859005213e-05,1.3107581935400958e-06,2.883355364247109e-06,2.5214487777702743e-06,1.5155443122694123e-07,1.5320361853810027e-05,9.603400030755438e-07,1.8857896066037938e-05,5.459354360937141e-05
C:/Users/KUBA/GitProjects/WKIRO-Project/data/LA014/Session2/Overground_Run/Run_Fast/Post_Process/Run_Fast1.csv,1,LA014,Session2,overground,run,fast,13,LA014,15,LF003,0.07524604350328445,0.010761513374745846,0.04150516912341118,0.041342221200466156,0.03216075897216797,0.038068581372499466,0.04671580716967583,0.019917573779821396,0.039300791919231415,0.06411140412092209,0.07006341964006424,0.04212898015975952,0.036724649369716644,0.025350283831357956,0.027908334508538246,0.012316746637225151,0.07524604350328445,0.03923603519797325,0.017972126603126526,0.011059409007430077,0.016326842829585075,0.013974841684103012,0.0342845693230629,0.019360290840268135,0.06505243480205536,0.012424621731042862,0.04809106886386871,0.0370049774646759,0.009193233214318752,0.015275624580681324,0.037121642380952835
C:/Users/KUBA/GitProjects/WKIRO-Project/data/LA014/Session2/Overground_Run/Run_Fast/Post_Process/Run_Fast3.csv,1,LA014,Session2,overground,run,fast,13,LA014,23,RC023,0.12078291177749634,0.02547885850071907,0.01038327720016241,0.08857567608356476,0.006518123205751181,0.08819006383419037,0.009964117780327797,0.004241479095071554,0.00947017315775156,0.011213517747819424,0.013455763459205627,0.11195190250873566,0.08597267419099808,0.003949552308768034,0.03858454152941704,0.006240132264792919,0.011274325661361217,0.00993778184056282,0.08199241012334824,0.0030795703642070293,0.0050275917164981365,0.03464134410023689,0.015115562826395035,0.06941692531108856,0.12078291177749634,0.005420855712145567,0.0068545774556696415,0.08447521924972534,0.005349793937057257,0.026922019198536873,0.005519258789718151
C:/Users/KUBA/GitProjects/WKIRO-Project/data/LA014/Session2/Overground_Run/Run_Fast/Post_Process/Run_Fast7.csv,1,LA014,Session2,overground,run,fast,13,LA014,23,RC023,0.1413087695837021,0.028166402131319046,0.007593714632093906,0.07245829701423645,0.005178224761039019,0.0974242314696312,0.007272220682352781,0.003240362275391817,0.01084198895841837,0.009112739935517311,0.010542301461100578,0.12508942186832428,0.09329217672348022,0.0031484889332205057,0.028502508997917175,0.0046986243687570095,0.009268244728446007,0.007621283642947674,0.06900928914546967,0.002404265571385622,0.0038772057741880417,0.03904037922620773,0.010696261189877987,0.06615442037582397,0.1413087695837021,0.00407886877655983,0.007420595735311508,0.09415582567453384,0.0038970615714788437,0.0301644429564476,0.004341323859989643
C:/Users/KUBA/GitProjects/WKIRO-Project/data/LA014/Session2/Overground_Walk/Walk_Comfortable/Post_Process/Walk_Comfortable8.csv,2,LA014,Session2,overground,walk,comfortable,13,LA014,13,LA014,0.9990213513374329,1.5657456970075145e-05,1.2770975445164368e-05,0.00011691423424053937,5.234403033682611e-06,6.11129546967959e-09,4.1874423914123327e-05,2.761847554211272e-06,1.3384393241722137e-05,2.437854504933057e-07,0.000147541199112311,2.8331908197287703e-07,5.523663304529691e-09,8.481524105263816e-07,0.9990213513374329,3.2398659755017434e-08,2.801968548737932e-06,0.00010229846520815045,0.0003663578536361456,4.164494384895079e-05,2.8180622848594794e-06,3.6685901250166353e-07,4.4632710341829807e-05,1.3677096148967394e-06,1.543289272376569e-06,1.6248779957095394e-06,6.572602728738275e-08,7.638557690370362e-06,9.467860309086973e-07,8.320480446855072e-06,3.873250534525141e-05
C:/Users/KUBA/GitProjects/WKIRO-Project/data/LA014/Session2/Overground_Walk/Walk_Fast/Post_Process/Walk_Fast6.csv,2,LA014,Session2,overground,walk,fast,13,LA014,13,LA014,0.9990650415420532,1.673506267252378e-05,1.0730187568697147e-05,0.00011145455937366933,6.794676664867438e-06,5.0649546778913646e-09,4.420219920575619e-05,4.376913238957059e-06,1.3564802429755218e-05,1.9179154264747922e-07,0.0001288821513298899,2.8300854637564044e-07,6.3039271580578315e-09,8.691023367646267e-07,0.9990650415420532,4.621836779961086e-08,3.125247758362093e-06,0.0001128716321545653,0.0003314672503620386,3.3731550502125174e-05,2.9654556783498265e-06,5.095295705359604e-07,5.1842191169271246e-05,1.2345481081865728e-06,1.5719177781647886e-06,1.6951041743595852e-06,8.911959525903512e-08,7.5029684012406506e-06,9.965999652195023e-07,1.0241275958833285e-05,3.6893587093800306e-05
C:/Users/KUBA/GitProjects/WKIRO-Project/data/LA014/Session2/Overground_Walk/Walk_Slow/Post_Process/Walk_Slow1.csv,4,LA014,Session2,overground,walk,slow,13,LA014,2,BL025,0.15762123465538025,0.009878439828753471,0.03263133019208908,0.15762123465538025,0.01345105655491352,0.03458264470100403,0.03166862577199936,0.010634874925017357,0.0031025067437440157,0.02074815332889557,0.029962817206978798,0.041448988020420074,0.03688190132379532,0.008009067736566067,0.11477185785770416,0.01677207462489605,0.01970965415239334,0.024568988010287285,0.12590599060058594,0.006915692239999771,0.012014582753181458,0.012178373523056507,0.055951256304979324,0.057086944580078125,0.0355081781744957,0.014624173752963543,0.0029826201498508453,0.0316486656665802,0.016981998458504677,0.009756792336702347,0.012000500224530697
C:/Users/KUBA/GitProjects/WKIRO-Project/data/LD002/Session1/Overground_Run/Run_Comfortable/Post_Process/Run_Comfortable1.csv,2,LD002,Session1,overground,run,comfortable,14,LD002,6,DC005,0.09757286310195923,0.008090907707810402,0.02877245657145977,0.0077545177191495895,0.07236391305923462,0.0022643592674285173,0.027633273974061012,0.09757286310195923,0.02479345165193081,0.031173333525657654,0.023250902071595192,0.002172747626900673,0.0022346246987581253,0.08060061931610107,0.011879608035087585,0.07943150401115417,0.026734594255685806,0.02917400375008583,0.0051638782024383545,0.05524080991744995,0.06855922937393188,0.012276936322450638,0.02790532074868679,0.0031970757991075516,0.0028870024252682924,0.09220841526985168,0.032397907227277756,0.0025818326976150274,0.0658491924405098,0.013895849697291851,0.061938878148794174
C:/Users/KUBA/GitProjects/WKIRO-Project/data/LD002/Session1/Overground_Run/Run_Fast/Post_Process/Run_Fast11.csv,1,LD002,Session1,overground,run,fast,14,LD002,25,SA017,0.08608847111463547,0.022499453276395798,0.018485378473997116,0.0072611235082149506,0.06312340497970581,0.006224056240171194,0.017641747370362282,0.0741025060415268,0.0800856277346611,0.029376154765486717,0.01915453001856804,0.006209320388734341,0.005760515108704567,0.07148236781358719,0.007757800165563822,0.05678684264421463,0.02627428248524666,0.02225421369075775,0.005324253346771002,0.045239128172397614,0.053617484867572784,0.03659111633896828,0.01583339087665081,0.005160431377589703,0.009767444804310799,0.06589224934577942,0.08608847111463547,0.007334224879741669,0.04172787815332413,0.0407133586704731,0.052231188863515854
C:/Users/KUBA/GitProjects/WKIRO-Project/data/LD002/Session1/Overground_Run/Run_Fast/Post_Process/Run_Fast12.csv,1,LD002,Session1,overground,run,fast,14,LD002,14,LD002,0.9982476234436035,1.5589407666993793e-06,1.2287226347496016e-08,5.239334313955624e-06,4.286509010853479e-06,1.6045966049205163e-06,7.063549674057867e-07,0.0007563624531030655,3.466919338279695e-07,1.7357754131808178e-06,6.6102029450121336e-06,2.917963115578459e-07,1.011233621284191e-06,1.4051812286197674e-05,8.234088966219133e-08,0.9982476234436035,3.2332714908989146e-05,7.5115799518243875e-06,3.1106837923289277e-06,4.169689054833725e-05,0.00010196850053034723,1.659546251175925e-05,1.0872408893192187e-05,3.9097895410122874e-07,2.07810512620199e-06,0.00033359089866280556,8.346718095708638e-05,1.404943930083391e-07,0.00012722733663395047,0.00019065383821725845,6.914384357514791e-06
C:/Users/KUBA/GitProjects/WKIRO-Project/data/LD002/Session1/Overground_Run/Run_Fast/Post_Process/Run_Fast4.csv,1,LD002,Session1,overground,run,fast,14,LD002,14,LD002,0.9988961219787598,1.1229506071686046e-06,8.32025914832002e-09,2.8222636956343194e-06,2.2640397219220176e-06,1.0601337407933897e-06,3.175207154981763e-07,0.00043216199264861643,1.7690479126031278e-07,1.380864546263183e-06,3.0920502922526794e-06,1.986197730730055e-07,6.118556825640553e-07,9.569271242071409e-06,5.3330897031855784e-08,0.9988961219787598,2.1685680621885695e-05,3.9282058423850685e-06,1.8016172589341295e-06,2.2929758415557444e-05,8.895133214537054e-05,1.0471051609783899e-05,8.154939678206574e-06,2.729964876380109e-07,1.3042467799095903e-06,0.00019529066048562527,5.720443732570857e-05,5.99415272972692e-08,9.254786709789187e-05,0.00014094176003709435,3.5172540719941026e-06
C:/Users/KUBA/GitProjects/WKIRO-Project/data/LD002/Session1/Overground_Run/Run_Fast/Post_Process/Run_Fast9.csv,1,LD002,Session1,overground,run,fast,14,LD002,6,DC005,0.08122242987155914,0.018311655148863792,0.02080461196601391,0.007453856989741325,0.06686126440763474,0.005014724563807249,0.019870519638061523,0.08122242987155914,0.06321538984775543,0.030362242832779884,0.02034730836749077,0.004955920856446028,0.004707989748567343,0.07559245824813843,0.008658437989652157,0.06308377534151077,0.026872554793953896,0.024131860584020615,0.005357170477509499,0.04875503107905388,0.05831465497612953,0.029351642355322838,0.018312528729438782,0.004694516770541668,0.007510173134505749,0.07326576113700867,0.07101743668317795,0.005871400702744722,0.047607600688934326,0.03280281275510788,0.05567219853401184
C:/Users/KUBA/GitProjects/WKIRO-Project/data/LD002/Session1/Overground_Walk/Walk_Comfortable/Post_Process/Walk_Comfortable10.csv,2,LD002,Session1,overground,walk,comfortable,14,LD002,14,LD002,0.9987868070602417,1.2681632597377757e-06,1.1792257836873432e-08,3.392876351426821e-06,2.640150341903791e-06,1.1813112905656453e-06,4.3573379571171245e-07,0.0004522033268585801,2.016168423324416e-07,1.532321789454727e-06,2.850764758477453e-06,2.632416453707265e-07,6.845558004897612e-07,9.779008905752562e-06,5.4533842330783955e-08,0.9987868070602417,2.463724376866594e-05,4.548163815343287e-06,2.1139012460480444e-06,2.8948677936568856e-05,0.00010147318243980408,1.4024277334101498e-05,8.526848432666156e-06,3.738866496405535e-07,1.1530734127518372e-06,0.00017782003851607442,5.644249540637247e-05,6.883470149432469e-08,0.00012776319636031985,0.0001855093432823196,3.201736035407521e-06
C:/Users/KUBA/GitProjects/WKIRO-Project/data/LD002/Session1/Overground_Walk/Walk_Comfortable/Post_Process/Walk_Comfortable12.csv,3,LD002,Session1,overground,walk,comfortable,14,LD002,14,LD002,0.9989768862724304,1.0438276376589783e-06,1.9494825309607222e-08,3.9329324863501824e-06,3.1364595542981988e-06,1.1859941650982364e-06,5.041949862061301e-07,0.0003123398928437382,2.1569083230588149e-07,1.7887878129840828e-06,1.923699755934649e-06,2.3841403162805364e-07,7.376333428510407e-07,8.107554094749503e-06,6.884089742698052e-08,0.9989768862724304,3.0950122891226783e-05,5.0334933803242166e-06,2.869897571144975e-06,2.4309543732670136e-05,8.215138223022223e-05,1.533625618321821e-05,8.54026984598022e-06,5.713368977922073e-07,1.004200498755381e-06,0.00012677389895543456,4.57716996606905e-05,5.30426653710947e-08,0.00016346985648851842,0.0001787976361811161,2.305662974322331e-06
C:/Users/KUBA/GitProjects/WKIRO-Project/data/LD002/Session1/Overground_Walk/Walk_Fast/Post_Process/Walk_Fast6.csv,2,LD002,Session1,overground,walk,fast,14,LD002,14,LD002,0.9984309673309326,3.3920268833753653e-06,3.7614022119214496e-08,3.6015326259075664e-06,7.174832262535347e-06,8.294702524835884e-07,6.376174042088678e-07,0.00021667827968485653,5.502064936990791e-07,4.411219833855284e-06,1.809931291063549e-06,3.008250928360212e-07,4.508405311298702e-07,5.560342287935782e-06,1.1753097339806118e-07,0.9984309673309326,5.65645495953504e-05,7.764560905343387e-06,3.6704102512885584e-06,4.699720739154145e-05,0.0003225562977604568,1.342299219686538e-05,1.2592944585776422e-05,1.0060881550089107e-06,1.4576359035345376e-06,0.00011432601604610682,9.171193960355595e-05,2.4186505243051215e-08,0.0005171000375412405,0.00012733592302538455,6.934104021638632e-06
C:/Users/KUBA/GitProjects/WKIRO-Project/data/LD002/Session2/Overground_Run/Run_Comfortable/Post_Process/Run_Comfortable14.csv,1,LD002,Session2,overground,run,comfortable,14,LD002,14,LD002,0.9988239407539368,5.898014023841824e-07,3.7499585658906653e-08,1.2205291568534449e-06,1.3791328683510073e-06,4.508278834691737e-06,1.1234436669838033e-06,0.000141342228744179,1.058445278090403e-07,6.88265527060139e-06,1.181732500299404e-06,6.655878905803547e-07,1.2084869922546204e-06,6.183585810504155e-06,2.6181973922234647e-08,0.9988239407539368,1.3362431673158426e-05,2.0207721718179528e-06,3.430548758842633e-06,7.858058779675048e-06,8.62269225763157e-05,2.8388994905981235e-05,2.4631664928165264e-05,7.322389592445688e-07,3.621172766088421e-07,9.745190618559718e-05,5.179314757697284e-05,1.0332936284385141e-07,0.00036069369525648654,0.00033006409648805857,2.5171930246870033e-06
C:/Users/KUBA/GitProjects/WKIRO-Project/data/LD002/Session2/Overground_Run/Run_Comfortable/Post_Process/Run_Comfortable8.csv,2,LD002,Session2,overground,run,comfortable,14,LD002,14,LD002,0.99840247631073,1.744518385748961e-06,1.1036558333898938e-08,3.797375029535033e-06,2.302525899722241e-06,2.4468060928484192e-06,6.883496439513692e-07,0.0007539994549006224,1.6456615981041978e-07,2.5947156245820224e-06,4.628456736099906e-06,8.129978255055903e-07,1.524830850030412e-06,1.5102110410225578e-05,4.9567827176133505e-08,0.99840247631073,2.5305966119049117e-05,5.6313674576813355e-06,2.090312818836537e-06,3.293594636488706e-05,0.00013092819426674396,1.2714606782537885e-05,1.4164245840220246e-05,4.863733806814707e-07,1.775201326381648e-06,0.00018117809668183327,6.829291669419035e-05,1.799146929215567e-07,0.00011553923832252622,0.00021213365835137665,4.283074304112233e-06
C:/Users/KUBA/GitProjects/WKIRO-Project/data/LD002/Session2/Overground_Walk/Walk_Comfortable/Post_Process/Walk_Comfortable6.csv,3,LD002,Session2,overground,walk,comfortable,14,LD002,14,LD002,0.998696506023407,7.895239377830876e-07,4.468967063075979e-08,1.5788422160767368e-06,1.816640178731177e-06,6.821673650847515e-06,1.387735551361402e-06,0.00024504747125320137,1.222743577500296e-07,9.077356480702292e-06,1.3432786545308772e-06,1.0620923376336577e-06,1.8347651575822965e-06,6.963211490074173e-06,2.9752635910540448e-08,0.998696506023407,1.3977383787278086e-05,2.772215566437808e-06,3.6776020806428278e-06,9.21714035939658e-06,7.692797225899994e-05,3.143317371723242e-05,2.156137088604737e-05,8.174247341230512e-07,4.0052449890026764e-07,0.00011845538392663002,4.862935747951269e-05,1.6030394078825339e-07,0.0003527437802404165,0.0003420955908950418,2.716383278311696e-06
C:/Users/KUBA/GitProjects/WKIRO-Project/data/LD002/Session2/Overground_Walk/Walk_Fast/Post_Process/Walk_Fast1.csv,2,LD002,Session2,overground,walk,fast,14,LD002,24,RV028,0.10311111062765121,0.01170460507273674,0.027530061081051826,0.012310960330069065,0.06393694132566452,0.003180335508659482,0.02535063959658146,0.08951672911643982,0.01921425200998783,0.025861630216240883,0.02000875025987625,0.00314661068841815,0.0031732358038425446,0.066648930311203,0.017672333866357803,0.09222416579723358,0.021136542782187462,0.027445564046502113,0.009975243359804153,0.053835172206163406,0.06884821504354477,0.01785292848944664,0.031455330550670624,0.005448922049254179,0.003712670411914587,0.10311111062765121,0.022484280169010162,0.0036028665490448475,0.08053728938102722,0.01848604530096054,0.050587646663188934
C:/Users/KUBA/GitProjects/WKIRO-Project/data/LD002/Session2/Overground_Walk/Walk_Fast/Post_Process/Walk_Fast6.csv,2,LD002,Session2,overground,walk,fast,14,LD002,14,LD002,0.998030424118042,7.892210760473972e-07,1.2811057104045176e-07,1.4812258086749353e-06,3.5294160625198856e-06,1.8103102775057778e-05,3.882388227793854e-06,0.0003908162470906973,4.3159391793778923e-07,1.5495921616093256e-05,1.9160931969963713e-06,7.578044574074738e-07,9.972031875804532e-07,1.1222894499951508e-05,7.644695187991601e-08,0.998030424118042,2.9315040592337027e-05,6.608724106627051e-06,4.152572273596888e-06,8.236474968725815e-06,7.348328654188663e-05,5.1878756494261324e-05,3.68967121175956e-05,8.178941470760037e-07,2.404348720119742e-07,0.000272440433036536,6.70514564262703e-05,2.0120930344091903e-07,0.0005150513607077301,0.0004458345356397331,7.624644695169991e-06
C:/Users/KUBA/GitProjects/WKIRO-Project/data/LD002/Session2/Treadmill_Run/Treadmill_Run_Fast/Post_Process/Treadmill_Run_Fast.csv,119,LD002,Session2,treadmill,run,fast,14,LD002,14,LD002,0.9972022175788879,3.5397163173911395e-06,3.13303623045158e-08,9.456518455408514e-06,3.447996505201445e-06,3.0921148663765052e-06,1.381707079417538e-06,0.000887471716850996,2.560372251991794e-07,7.945194738567807e-06,1.001636883302126e-05,8.719959510017361e-07,2.215173935837811e-06,1.735847763484344e-05,9.344687157408771e-08,0.9972022175788879,8.748431719141081e-05,1.4211467714630999e-05,2.7904491162189515e-06,7.546989218099043e-05,0.0009864115854725242,3.0049468477955088e-05,2.8442453185562044e-05,9.939385563484393e-07,2.0376062366267433e-06,0.00017475768981967121,8.114255615510046e-05,1.0340279033016486e-07,0.00017817661864683032,0.00018252209702041,6.042631412128685e-06
C:/Users/KUBA/GitProjects/WKIRO-Project/data/LD002/Session2/Treadmill_Walk/Treadmill_Walk_Comfortable/Post_Process/Treadmill_Walk_Comfortable.csv,124,LD002,Session2,treadmill,walk,comfortable,14,LD002,14,LD002,0.9985619187355042,1.1664094472507713e-06,8.42331289163667e-08,3.825816747848876e-06,3.3079197692131856e-06,3.997014573542401e-06,2.0503493942669593e-06,0.0005131179350428283,1.0881298351250734e-07,1.3371100976655725e-05,3.0233634333853843e-06,1.7478816971561173e-06,3.927086709154537e-06,5.941322342550848e-06,4.8563290278025306e-08,0.9985619187355042,2.8011527319904417e-05,4.6723303057660814e-06,4.111900580028305e-06,2.4382399715250358e-05,0.0001827559171942994,6.04239794483874e-05,2.9127771995263174e-05,1.175878765025118e-06,4.87118995806668e-07,0.00010009629477281123,4.774587432621047e-05,8.11708176229331e-08,0.00020890063024125993,0.0001882171636680141,2.1461257802002365e-06
C:/Users/KUBA/GitProjects/WKIRO-Project/data/LD002/Session2/Treadmill_Walk/Treadmill_Walk_Fast/Post_Process/Treadmill_Walk_Fast.csv,124,LD002,Session2,treadmill,walk,fast,14,LD002,14,LD002,0.9986787438392639,1.1344501444909838e-06,6.7486865873434e-08,3.0183427952579223e-06,2.8313211259956006e-06,3.959384230256546e-06,1.622509103071934e-06,0.00042069159098900855,1.1026310886563806e-07,1.0961146472254768e-05,2.4407540877291467e-06,1.418429519617348e-06,2.7634719117486384e-06,6.371376457536826e-06,4.239733186750527e-08,0.9986787438392639,2.3748603780404665e-05,4.146430455875816e-06,3.606712652981514e-06,2.009798845392652e-05,0.00015284221444744617,4.840316250920296e-05,2.4108619982143864e-05,9.65811409514572e-07,5.246064347375068e-07,0.00010398947051726282,5.012049950892106e-05,8.35629236917157e-08,0.00022260865080170333,0.00020637370471376926,2.2925480607227655e-06
C:/Users/KUBA/GitProjects/WKIRO-Project/data/LF003/Session1/Overground_Run/Run_Comfortable/Post_Process/Run_Comfortable10.csv,2,LF003,Session1,overground,run,comfortable,15,LF003,15,LF003,0.9989050626754761,1.253952035540351e-07,2.1576146536972374e-05,1.4703806527904817e-06,2.2270454792305827e-05,6.99727351616275e-08,0.00016421536565758288,3.3062831789720803e-05,0.0002570889191702008,2.1635278244502842e-06,2.3876434624980902e-06,3.1589890703287438e-09,9.546140518068569e-07,8.744360115997551e-07,8.336185715052125e-07,6.2712088038097136e-06,0.9989050626754761,0.0002516201639082283,1.1924395266760257e-06,4.287561750970781e-05,4.426026134751737e-05,1.859238864199142e-06,4.032276046928018e-05,5.0621700211195275e-05,1.592142871231772e-05,0.00012932201207149774,1.2783489182766061e-06,1.3852718083740001e-08,1.3291796676639933e-06,3.4994442899005662e-09,9.945101737685036e-07
C:/Users/KUBA/GitProjects/WKIRO-Project/data/LF003/Session1/Overground_Run/Run_Comfortable/Post_Process/Run_Comfortable8.csv,2,LF003,Session1,overground,run,comfortable,15,LF003,15,LF003,0.9988420605659485,2.2283363421138347e-07,7.651457417523488e-05,1.2358808589851833e-06,4.219336915411986e-06,1.0787903192976955e-07,0.0001601158728590235,3.7467493712028954e-06,0.0001975539344130084,1.2090635209460743e-05,3.0196310945029836e-06,1.2299659069014979e-08,3.895410827681189e-06,3.38613767780771e-06,7.070728997859987e-07,1.8408745745546184e-05,0.9988420605659485,4.857072053709999e-05,1.6521480574738234e-06,6.859595305286348e-05,0.00024026562459766865,2.2118131255410844e-06,0.0001451343996450305,7.294212991837412e-05,3.408102929824963e-05,4.8213878471869975e-05,4.557967258733697e-06,1.3167030132876789e-08,5.112476173962932e-06,3.330478559604444e-09,1.4141069186734967e-06
C:/Users/KUBA/GitProjects/WKIRO-Project/data/LF003/Session1/Overground_Run/Run_Fast/Post_Process/Run_Fast3.csv,1,LF003,Session1,overground,run,fast,15,LF003,9,GQ016,0.091161347925663,0.004162320401519537,0.06890004128217697,0.046162351965904236,0.03992146626114845,0.014723598957061768,0.07809625566005707,0.028400026261806488,0.013435613363981247,0.07336222380399704,0.091161347925663,0.015650687739253044,0.015125703066587448,0.03110005147755146,0.04468923062086105,0.018488069996237755,0.08264650404453278,0.055094242095947266,0.018158545717597008,0.01461014710366726,0.022519303485751152,0.0050508081912994385,0.06392485648393631,0.012615766376256943,0.02054392173886299,0.018700115382671356,0.02002694457769394,0.0138699347153306,0.015510551631450653,0.005635758396238089,0.04771355167031288
C:/Users/KUBA/GitProjects/WKIRO-Project/data/LF003/Session1/Overground_Run/Run_Fast/Post_Process/Run_Fast8.csv,1,LF003,Session1,overground,run,fast,15,LF003,15,LF003,0.9976767897605896,5.329284817889857e-07,5.135275932843797e-05,2.207874103987706e-06,0.00010350418597226962,2.8496461368376913e-07,0.0003609951527323574,1.091978538170224e-05,0.0005147693445906043,6.748670330125606e-06,2.7614626105787465e-06,2.2278843214706967e-09,3.951909093302675e-06,1.4247145827539498e-06,7.807389920344576e-06,2.072934694297146e-05,0.9976767897605896,0.0006245439872145653,1.1542812899278942e-05,4.15803651776514e-06,5.015130955143832e-05,4.46685635324684e-06,0.0002750415587797761,0.00014170678332448006,3.989099059253931e-05,7.553811155958101e-05,3.850964731100248e-06,1.9695253428153592e-08,3.033373332073097e-06,5.521644919070923e-09,1.364377794743632e-06
C:/Users/KUBA/GitProjects/WKIRO-Project/data/LF003/Session1/Overground_Walk/Walk_Fast/Post_Process/Walk_Fast3.csv,2,LF003,Session1,overground,walk,fast,15,LF003,9,GQ016,0.09171442687511444,0.0037636745255440474,0.07124869525432587,0.04589887708425522,0.04035147652029991,0.01315436139702797,0.08072233200073242,0.029201064258813858,0.011932379566133022,0.07301914691925049,0.09171442687511444,0.013923793099820614,0.01359722763299942,0.03143183887004852,0.04612957686185837,0.019166763871908188,0.08178656548261642,0.056084826588630676,0.017950057983398438,0.014923147857189178,0.02308356948196888,0.0045412685722112656,0.06698372215032578,0.01191906537860632,0.017966751009225845,0.019397728145122528,0.01810990273952484,0.012363288551568985,0.016274571418762207,0.0050740428268909454,0.04828585684299469
C:/Users/KUBA/GitProjects/WKIRO-Project/data/LF003/Session1/Overground_Walk/Walk_Fast/Post_Process/Walk_Fast4.csv,3,LF003,Session1,overground,walk,fast,15,LF003,15,LF003,0.9864404797554016,2.336087391086039e-06,0.0003063600743189454,0.00017247624055016786,0.00011791120050475001,3.4183815955657337e-07,6.794336513848975e-05,0.002463185228407383,0.000638806086499244,0.00015534205886069685,2.29891393246362e-05,7.79942547524115e-06,3.0832186894258484e-05,8.315876038977876e-05,0.00015374102804344147,2.024444256676361e-05,0.9864404797554016,0.00674922950565815,1.5587102097924799e-06,0.0006112990085966885,0.0008176667033694685,5.05739535583416e-06,0.0002593080571386963,0.00011881965474458411,0.0004671866772696376,0.00022431583784054965,4.126168278162368e-06,3.080583041992213e-07,2.533177166696987e-06,1.6263790314496873e-07,5.453579069580883e-05
C:/Users/KUBA/GitProjects/WKIRO-Project/data/LF003/Session1/Overground_Walk/Walk_Fast/Post_Process/Walk_Fast9.csv,3,LF003,Session1,overground,walk,fast,15,LF003,9,GQ016,0.093990258872509,0.002782397670671344,0.07758746296167374,0.0450655035674572,0.04044659808278084,0.009850405156612396,0.08816849440336227,0.030248649418354034,0.008595680817961693,0.07220076769590378,0.093990258872509,0.010323703289031982,0.01034662313759327,0.0313711054623127,0.04969259724020958,0.0200639795511961,0.08014931529760361,0.05838435888290405,0.017100641503930092,0.015137349255383015,0.0237006563693285,0.0032963871490210295,0.07509877532720566,0.01015396136790514,0.012798425741493702,0.020312493667006493,0.013734720647335052,0.009176614694297314,0.0175627488642931,0.003704661736264825,0.04895467683672905
C:/Users/KUBA/GitProjects/WKIRO-Project/data/LF003/Session1/Overground_Walk/Walk_Slow/Post_Process/Walk_Slow5.csv,4,LF003,Session1,overground,walk,slow,15,LF003,9,GQ016,0.09372775256633759,0.0028100076597183943,0.07742515951395035,0.04506395384669304,0.040521714836359024,0.009882579557597637,0.08793143182992935,0.03033490851521492,0.008658725768327713,0.07210281491279602,0.09372775256633759,0.010357940569519997,0.010377265512943268,0.03144514560699463,0.04966042935848236,0.020150959491729736,0.07998490333557129,0.058324120938777924,0.017143307253718376,0.01519364770501852,0.023776594549417496,0.003332192776724696,0.07498086243867874,0.010187715291976929,0.012842470780014992,0.020402448251843452,0.013809770345687866,0.009211964905261993,0.01763416826725006,0.003743063658475876,0.048981983214616776
C:/Users/KUBA/GitProjects/WKIRO-Project/data/LF003/Session1/Treadmill_Walk/Treadmill_Walk_Comfortable/Post_Process/Treadmill_Walk_Comfortable.csv,123,LF003,Session1,treadmill,walk,comfortable,15,LF003,15,LF003,0.9995344281196594,6.769676730300489e-08,2.5606572307879105e-05,7.84463509262423e-07,4.7866014938335866e-06,6.70870576868765e-08,3.608475890359841e-05,7.896622264524922e-06,7.500025822082534e-05,2.262562929900014e-06,6.932389169378439e-07,3.5046392454773923e-09,1.351458649878623e-06,6.287447718023031e-07,3.5938677456215373e-07,9.846581633610185e-06,0.9995344281196594,5.9454050642671064e-05,5.601091856988205e-07,1.0540346011111978e-05,4.402333797770552e-05,9.201453394780401e-07,5.4140320571605116e-05,5.835067349835299e-05,1.6993837562040426e-05,5.262922422843985e-05,1.0925085689450498e-06,5.493993260330399e-09,1.0319600960428943e-06,2.2717441261477234e-09,4.07135019031557e-07
C:/Users/KUBA/GitProjects/WKIRO-Project/data/LF003/Session1/Treadmill_Walk/Treadmill_Walk_Fast/Post_Process/Treadmill_Walk_Fast.csv,123,LF003,Session1,treadmill,walk,fast,15,LF003,15,LF003,0.9995441436767578,6.157394949468653e-08,2.6550360416877083e-05,8.213912110477395e-07,4.986758540326264e-06,5.358600674298941e-08,3.6622932384489104e-05,7.625485977769131e-06,6.836631655460224e-05,2.3039440293359803e-06,8.087640708254185e-07,2.6200996927627784e-09,1.0015315865530283e-06,6.155447636047029e-07,3.5496975669957465e-07,8.935280675359536e-06,0.9995441436767578,6.300068343989551e-05,5.252158530311135e-07,1.0449919500388205e-05,4.746120248455554e-05,8.674981586409558e-07,5.4069107136456296e-05,5.5833941587479785e-05,1.538750802865252e-05,4.6651079173898324e-05,1.07082587419427e-06,4.72580907739939e-09,9.530180022920831e-07,1.8836512349906798e-09,4.323315181409271e-07
C:/Users/KUBA/GitProjects/WKIRO-Project/data/LF003/Session2/Overground_Run/Run_Comfortable/Post_Process/Run_Comfortable6.csv,1,LF003,Session2,overground,run,comfortable,15,LF003,15,LF003,0.9994691014289856,4.542113529737435e-08,9.157138265436515e-06,5.760282419942087e-07,3.6181781979394145e-06,4.805147568731627e-08,2.632264295243658e-05,1.2567840713018086e-05,5.696182051906362e-05,2.595507567093591e-06,1.8072880720865214e-06,2.886976435689803e-09,2.7598434826359153e-06,1.453854110877728e-06,2.919976509474509e-07,1.018124385154806e-05,0.9994691014289856,3.2987914892146364e-05,4.136215068228921e-07,6.796174602641258e-06,4.404011997394264e-05,4.2940118305523356e-07,0.0001586047001183033,6.25819229753688e-05,4.275676474208012e-05,5.133924423716962e-05,1.772372456798621e-06,1.4010554494348071e-08,3.895784743690456e-07,1.5369154837685528e-09,5.009715664527903e-07
C:/Users/KUBA/GitProjects/WKIRO-Project/data/LF003/Session2/Overground_Run/Run_Fast/Post_Process/Run_Fast11.csv,1,LF003,Session2,overground,run,fast,15,LF003,3,CF027,0.061376772820949554,0.012927837669849396,0.03847488388419151,0.01901533640921116,0.061376772820949554,0.010681558400392532,0.03953370451927185,0.05809511989355087,0.0441463366150856,0.05151999369263649,0.04429923743009567,0.010951058007776737,0.010337816551327705,0.05919516459107399,0.019462717697024345,0.041500333696603775,0.05088362470269203,0.038867998868227005,0.010672583244740963,0.032956793904304504,0.04372109845280647,0.01854265108704567,0.03409607335925102,0.00897347554564476,0.015943853184580803,0.045398544520139694,0.0545903816819191,0.01143399067223072,0.032273635268211365,0.02065686136484146,0.059470489621162415
C:/Users/KUBA/GitProjects/WKIRO-Project/data/LF003/Session2/Overground_Run/Run_Fast/Post_Process/Run_Fast7.csv,1,LF003,Session2,overground,run,fast,15,LF003,9,GQ016,0.08922109007835388,0.004877333529293537,0.06517598778009415,0.04672209173440933,0.03921603411436081,0.017323296517133713,0.0737670511007309,0.027333790436387062,0.01585276611149311,0.073024682700634,0.08922109007835388,0.018534310162067413,0.017640724778175354,0.03054591454565525,0.04286136105656624,0.01773000881075859,0.08272210508584976,0.05334782972931862,0.018690116703510284,0.01422993466258049,0.021817801520228386,0.005974596366286278,0.05963652580976486,0.013803694397211075,0.024852698668837547,0.017910029739141464,0.02292802184820175,0.016385279595851898,0.014640305191278458,0.006636428646743298,0.046598225831985474
C:/Users/KUBA/GitProjects/WKIRO-Project/data/LF003/Session2/Overground_Walk/Walk_Fast/Post_Process/Walk_Fast10.csv,1,LF003,Session2,overground,walk,fast,15,LF003,15,LF003,0.9995183944702148,4.433739064779729e-08,1.9483277355902828e-05,1.0145585065401974e-06,4.34375442637247e-06,4.2702009039885525e-08,4.4028514821548015e-05,7.0853579927643295e-06,5.633787077385932e-05,1.7867583892439143e-06,8.41226892589475e-07,1.990672959806261e-09,1.191366550301609e-06,6.446314273489406e-07,4.934177013637964e-07,8.940413863456342e-06,0.9995183944702148,5.473910641740076e-05,7.947428457555361e-07,1.0740762263594661e-05,3.793663563556038e-05,6.786000881220389e-07,7.057085167616606e-05,9.398376278113574e-05,1.5341445759986527e-05,4.872136196354404e-05,5.734502792620333e-07,5.806367386895772e-09,8.847702588354878e-07,1.5821490784162506e-09,3.148217899706651e-07
C:/Users/KUBA/GitProjects/WKIRO-Project/data/LF003/Session2/Overground_Walk/Walk_Slow/Post_Process/Walk_Slow2.csv,4,LF003,Session2,overground,walk,slow,15,LF003,15,LF003,0.9992024898529053,1.3430857848106825e-07,5.098103792988695e-05,2.5594420094421366e-06,4.082435225427616e-06,8.412870045049203e-08,6.38428537058644e-05,1.0454790754010901e-05,0.00013563262473326176,2.0869133550149854e-06,9.9168812539574e-07,7.1832122472414994e-09,9.098752116187825e-07,1.8113621536031133e-06,1.3154237876733532e-06,1.323752076132223e-05,0.9992024898529053,0.00022350545623339713,6.963553005334688e-07,1.9286189854028635e-05,4.017035098513588e-05,1.086602082978061e-06,6.965829379623756e-05,6.808864418417215e-05,3.911540625267662e-05,4.406522202771157e-05,9.151384574579424e-07,1.3452762459564838e-08,1.3523832649298129e-06,4.561097721733631e-09,1.3810803238811786e-06
C:/Users/KUBA/GitProjects/WKIRO-Project/data/LF003/Session2/Treadmill_Run/Treadmill_Run_Comfortable/Post_Process/Treadmill_Run_Comfortable.csv,119,LF003,Session2,treadmill,run,comfortable,15,LF003,15,LF003,0.9926229119300842,1.2910544455735362e-07,0.00012147810775786638,1.6203053974095383e-06,6.772987035219558e-06,8.566595170123037e-06,0.0006250189035199583,1.3084037163935136e-05,7.59452159400098e-05,8.235199493356049e-05,1.5124725905479863e-05,3.213175858718387e-08,1.6048308680183254e-05,2.2131904188427143e-05,9.257914257432276e-07,2.66725110122934e-05,0.9926229119300842,7.289885979844257e-05,4.310139047447592e-06,2.001275606744457e-05,7.646386075066403e-05,1.680174250395794e-06,0.003940124996006489,0.00010198861127719283,2.704577855183743e-05,0.0019838956650346518,8.197383067454211e-06,1.6524036254850216e-05,3.480416489765048e-05,9.704692160994455e-08,7.334842666750774e-05
C:/Users/KUBA/GitProjects/WKIRO-Project/data/LL011/Session1/Overground_Run/Run_Comfortable/Post_Process/Run_Comfortable2.csv,1,LL011,Session1,overground,run,comfortable,16,LL011,16,LL011,0.9989861845970154,3.578917926461145e-07,4.7403776193277736e-07,8.624389010947198e-05,0.00013686591410078108,2.710031310471095e-07,0.00011776255269069225,2.5413635739823803e-05,9.061934179044329e-06,5.55362112208968e-06,9.013164685711672e-07,8.848842014685943e-08,3.434284323589054e-08,2.825926230798359e-07,9.644609235692769e-05,4.6165600906533655e-06,0.00022005304344929755,0.9989861845970154,2.797643446683651e-06,0.00019509269623085856,1.610379149497021e-05,7.162714723563113e-07,1.4197574955687742e-06,4.026230158160615e-07,3.325077386762132e-07,7.583533715660451e-06,1.832561835612978e-08,1.3072620319576345e-08,1.6048284123826306e-06,1.7480536484981712e-07,8.316743333125487e-05
C:/Users/KUBA/GitProjects/WKIRO-Project/data/LL011/Session1/Overground_Run/Run_Comfortable/Post_Process/Run_Comfortable9.csv,1,LL011,Session1,overground,run,comfortable,16,LL011,9,GQ016,0.08824910968542099,0.004872472025454044,0.06537897884845734,0.0451388955116272,0.04044763371348381,0.01637161336839199,0.07379400730133057,0.02865714393556118,0.015955954790115356,0.07290062308311462,0.08824910968542099,0.01745239458978176,0.016675841063261032,0.03178557753562927,0.0421966090798378,0.01862017624080181,0.08208852261304855,0.05362396314740181,0.0181666761636734,0.014909649267792702,0.022759104147553444,0.005989100784063339,0.05984767526388168,0.013289840891957283,0.023377636447548866,0.018880223855376244,0.023154014721512794,0.015542088076472282,0.01539425179362297,0.0066680400632321835,0.047812238335609436
C:/Users/KUBA/GitProjects/WKIRO-Project/data/LL011/Session1/Overground_Run/Run_Fast/Post_Process/Run_Fast4.csv,1,LL011,Session1,overground,run,fast,16,LL011,9,GQ016,0.08923692256212234,0.004710329696536064,0.06608594208955765,0.045778024941682816,0.039995405822992325,0.016272161155939102,0.0747307687997818,0.028217921033501625,0.0153751689940691,0.07311379164457321,0.08923692256212234,0.017353350296616554,0.01660287193953991,0.03129488229751587,0.04287630692124367,0.018317973241209984,0.08250051736831665,0.053883206099271774,0.018289487808942795,0.014645499177277088,0.02242974378168583,0.005768034141510725,0.06062636151909828,0.013277899473905563,0.023161930963397026,0.018544984981417656,0.022424811497330666,0.015405654907226562,0.015182865783572197,0.00642224820330739,0.04747491702437401
C:/Users/KUBA/GitProjects/WKIRO-Project/data/LL011/Session1/Overground_Walk/Walk_Comfortable/Post_Process/Walk_Comfortable14.csv,4,LL011,Session1,overground,walk,comfortable,16,LL011,16,LL011,0.9991132020950317,3.515353625971329e-07,1.1966403690166771e-06,8.590537618147209e-05,0.00010934671445284039,5.11409496084525e-07,8.413098112214357e-05,1.543154940009117e-05,4.5771157601848245e-06,1.2587400306074414e-05,5.442996098281583e-07,1.6747961240071163e-07,5.926434809566672e-08,3.285337299985258e-07,0.00010953982564387843,7.4940007834811695e-06,0.00020619227143470198,0.9991132020950317,3.10897166855284e-06,0.00013628909073304385,2.6951216568704695e-05,5.08835455548251e-07,3.9817373362893704e-06,8.899787076188659e-07,3.6577384321390127e-07,6.342857432173332e-06,1.9394478911749502e-08,1.1593709103863148e-08,2.3693421553616645e-06,1.4814138182828174e-07,6.743089761584997e-05
C:/Users/KUBA/GitProjects/WKIRO-Project/data/LL011/Session1/Overground_Walk/Walk_Comfortable/Post_Process/Walk_Comfortable15.csv,4,LL011,Session1,overground,walk,comfortable,16,LL011,9,GQ016,0.09410009533166885,0.0021494959946721792,0.08253023773431778,0.044415902346372604,0.040328748524188995,0.007543858140707016,0.09375419467687607,0.03122968040406704,0.006313796155154705,0.07020580768585205,0.09410009533166885,0.007836402393877506,0.008045101538300514,0.03115738555788994,0.05314368009567261,0.021141057834029198,0.07701506465673447,0.05978956073522568,0.01660294458270073,0.015394322574138641,0.024350956082344055,0.002507974160835147,0.08248434215784073,0.008863824419677258,0.009309360757470131,0.021397296339273453,0.010528674349188805,0.006978137418627739,0.019036302343010902,0.0028242524713277817,0.049021583050489426
C:/Users/KUBA/GitProjects/WKIRO-Project/data/LL011/Session1/Overground_Walk/Walk_Comfortable/Post_Process/Walk_Comfortable3.csv,3,LL011,Session1,overground,walk,comfortable,16,LL011,9,GQ016,0.09347117692232132,0.0021827698219567537,0.0824173092842102,0.04571004584431648,0.039923980832099915,0.007695548236370087,0.09343921393156052,0.030942456796765327,0.006189381703734398,0.06948628276586533,0.09347117692232132,0.008008953183889389,0.008213737048208714,0.030699776485562325,0.054473575204610825,0.02122054435312748,0.07605967670679092,0.05959613621234894,0.01724785938858986,0.015299874357879162,0.02425789274275303,0.002545802854001522,0.08315660804510117,0.009138423949480057,0.009448287077248096,0.021424828097224236,0.010262721218168736,0.007112124934792519,0.01916932873427868,0.0028527090325951576,0.04835297539830208
C:/Users/KUBA/GitProjects/WKIRO-Project/data/LL011/Session1/Overground_Walk/Walk_Comfortable/Post_Process/Walk_Comfortable9.csv,4,LL011,Session1,overground,walk,comfortable,16,LL011,9,GQ016,0.09403150528669357,0.0021429662592709064,0.08267171680927277,0.045084498822689056,0.04002900794148445,0.007584569975733757,0.09387623518705368,0.030982650816440582,0.006194928660988808,0.06990331411361694,0.09403150528669357,0.007885381579399109,0.008095135912299156,0.030832108110189438,0.053895607590675354,0.02108745276927948,0.07664556801319122,0.059750959277153015,0.016889827325940132,0.015282981097698212,0.024218590930104256,0.002497559878975153,0.08301354199647903,0.008967756293714046,0.009330356493592262,0.021312925964593887,0.010319586843252182,0.007008445914834738,0.01902773790061474,0.0028066865634173155,0.048630427569150925
C:/Users/KUBA/GitProjects/WKIRO-Project/data/LL011/Session1/Overground_Walk/Walk_Slow/Post_Process/Walk_Slow7.csv,5,LL011,Session1,overground,walk,slow,16,LL011,9,GQ016,0.09410971403121948,0.002135060029104352,0.08269564062356949,0.044729702174663544,0.0401628315448761,0.00753145944327116,0.09393365681171417,0.03110257349908352,0.006221584510058165,0.07004272937774658,0.09410971403121948,0.007825758308172226,0.008037129417061806,0.030978744849562645,0.05356261879205704,0.021110568195581436,0.07681523263454437,0.059796594083309174,0.0167269017547369,0.015331213362514973,0.024278221651911736,0.0024889023043215275,0.08286820352077484,0.008891932666301727,0.009273243136703968,0.021351229399442673,0.010378584265708923,0.006961767561733723,0.01903647556900978,0.002800246234983206,0.048821475356817245
C:/Users/KUBA/GitProjects/WKIRO-Project/data/LL011/Session2/Overground_Run/Run_Comfortable/Post_Process/Run_Comfortable3.csv,1,LL011,Session2,overground,run,comfortable,16,LL011,6,DC005,0.07983392477035522,0.016835005953907967,0.023471254855394363,0.008606821298599243,0.06756216287612915,0.00536656379699707,0.022654827684164047,0.07983392477035522,0.05780208110809326,0.03325921297073364,0.023207342252135277,0.005319432355463505,0.005074641201645136,0.0747104361653328,0.01000151876360178,0.06140214577317238,0.029828306287527084,0.026497000828385353,0.005946364253759384,0.04736609011888504,0.05758003145456314,0.02648737281560898,0.020784683525562286,0.005073891021311283,0.007956640794873238,0.07074853032827377,0.06645679473876953,0.006197039969265461,0.046788834035396576,0.029627086594700813,0.05755395069718361
C:/Users/KUBA/GitProjects/WKIRO-Project/data/LL011/Session2/Overground_Walk/Walk_Comfortable/Post_Process/Walk_Comfortable5.csv,4,LL011,Session2,overground,walk,comfortable,16,LL011,9,GQ016,0.09370405972003937,0.002170189982280135,0.08248402923345566,0.045412175357341766,0.0399903804063797,0.007658755406737328,0.09357743710279465,0.030972523614764214,0.0062108165584504604,0.06968916952610016,0.09370405972003937,0.007967252284288406,0.00817328505218029,0.03077901527285576,0.054165877401828766,0.02116549387574196,0.07634160667657852,0.05965565890073776,0.017084412276744843,0.015300359576940536,0.024249060079455376,0.002530802506953478,0.0830199122428894,0.009068392217159271,0.009415309876203537,0.021380504593253136,0.010316030122339725,0.007078478112816811,0.019104961305856705,0.0028395927511155605,0.04849449172616005
C:/Users/KUBA/GitProjects/WKIRO-Project/data/LL011/Session2/Overground_Walk/Walk_Comfortable/Post_Process/Walk_Comfortable7.csv,4,LL011,Session2,overground,walk,comfortable,16,LL011,9,GQ016,0.09408291429281235,0.002146013779565692,0.08263175189495087,0.04498729854822159,0.0400659553706646,0.007592544890940189,0.09384584426879883,0.030998846516013145,0.006224344484508038,0.06998351216316223,0.09408291429281235,0.00789316464215517,0.008101902902126312,0.0308738574385643,0.053752828389406204,0.021072132512927055,0.07675573229789734,0.059754565358161926,0.016843728721141815,0.01528948824852705,0.02422170341014862,0.0025015887804329395,0.08288294076919556,0.008958187885582447,0.009348645806312561,0.02130177617073059,0.010369040071964264,0.007016848307102919,0.01900348626077175,0.002812264021486044,0.048687081784009933
C:/Users/KUBA/GitProjects/WKIRO-Project/data/LL011/Session2/Overground_Walk/Walk_Comfortable/Post_Process/Walk_Comfortable8.csv,4,LL011,Session2,overground,walk,comfortable,16,LL011,16,LL011,0.9992550611495972,2.5717599783092737e-07,4.6424662514255033e-07,6.626479444094002e-05,0.00010869264224311337,3.2395902849202685e-07,0.00010141731036128476,1.7227184798684902e-05,5.432174475572538e-06,4.309054020268377e-06,6.130071596999187e-07,8.572730791911454e-08,2.6353912829790715e-08,2.2272175215221068e-07,0.00010139278310816735,2.611175204947358e-06,0.00012053297541569918,0.9992550611495972,2.587774133644416e-06,0.000129624706460163,1.0814543202286586e-05,4.2684774825829663e-07,1.2213560012241942e-06,2.7341096142663446e-07,2.423770695259009e-07,5.5061809689505026e-06,1.3725901304439958e-08,1.2804450832959446e-08,1.4104316505836323e-06,1.3055350223112328e-07,6.284617120400071e-05
C:/Users/KUBA/GitProjects/WKIRO-Project/data/LL011/Session2/Overground_Walk/Walk_Fast/Post_Process/Walk_Fast5.csv,3,LL011,Session2,overground,walk,fast,16,LL011,9,GQ016,0.09341591596603394,0.0023157179821282625,0.08129081130027771,0.04564112052321434,0.04012535139918327,0.008130242116749287,0.0921531394124031,0.030895838513970375,0.006662399973720312,0.07000822573900223,0.09341591596603394,0.008474159054458141,0.008647591806948185,0.030920932069420815,0.05347221717238426,0.02107430435717106,0.07680648565292358,0.059332992881536484,0.0172843299806118,0.01532756444066763,0.024228356778621674,0.0027112914249300957,0.08135522156953812,0.009381764568388462,0.010097422637045383,0.021290061995387077,0.010948482900857925,0.007529325783252716,0.018908686935901642,0.0030384708661586046,0.048531532287597656
C:/Users/KUBA/GitProjects/WKIRO-Project/data/LM012/Session1/Overground_Run/Run_Comfortable/Post_Process/Run_Comfortable1.csv,2,LM012,Session1,overground,run,comfortable,17,LM012,23,RC023,0.15589967370033264,0.029841803014278412,0.005973323248326778,0.0617237314581871,0.004326324909925461,0.1031067967414856,0.005712280981242657,0.0026321695186197758,0.011794768273830414,0.007737206295132637,0.008716201409697533,0.133466437458992,0.09746754169464111,0.00263763009570539,0.02256171964108944,0.003775430843234062,0.007935192435979843,0.006204667501151562,0.05999147146940231,0.001983588095754385,0.0031702080741524696,0.041943833231925964,0.008213707245886326,0.06291854381561279,0.15589967370033264,0.003276112489402294,0.0077547114342451096,0.10029900074005127,0.0030570728704333305,0.0322774276137352,0.003601387143135071
C:/Users/KUBA/GitProjects/WKIRO-Project/data/LM012/Session1/Overground_Walk/Walk_Comfortable/Post_Process/Walk_Comfortable4.csv,5,LM012,Session1,overground,walk,comfortable,17,LM012,17,LM012,0.998771071434021,4.028588136861799e-06,6.2917401919548865e-06,2.9995760996825993e-05,2.690412941319664e-07,6.849770528560839e-08,6.11386276432313e-05,1.9467663037175953e-09,3.7596794300043257e-07,5.452588425214344e-07,3.913436557922978e-06,1.3681776067642204e-07,1.2062637324561365e-06,6.522481665882651e-09,0.00050568045116961,6.75520425374998e-07,1.6663776705172495e-06,3.265144187025726e-06,0.998771071434021,5.629156021313975e-06,2.1580729026027257e-07,4.557617103273515e-06,8.393250027438626e-05,0.00028663556440733373,1.5030927897896618e-06,1.2146332437623641e-06,6.268176200308062e-09,8.708238965482451e-06,0.00021570955868810415,1.4620447927882196e-06,1.5242206075072318e-07
C:/Users/KUBA/GitProjects/WKIRO-Project/data/LM012/Session1/Overground_Walk/Walk_Fast/Post_Process/Walk_Fast1.csv,4,LM012,Session1,overground,walk,fast,17,LM012,17,LM012,0.998890221118927,1.685655888650217e-06,3.7942311337246792e-06,1.094201797968708e-05,4.070533066169446e-07,2.5663013047960703e-08,8.23778536869213e-05,2.5265494141279987e-09,1.7037842781064683e-07,2.54914937158901e-07,5.3939374993206e-06,8.878651414079286e-08,6.14317514191498e-07,6.298255694758836e-09,0.0006029282230883837,8.037663974391762e-07,6.986606422287878e-07,1.1175770850968547e-06,0.998890221118927,7.1708236646372825e-06,8.287540254059422e-08,3.8079424484749325e-06,0.00010450328409206122,9.624516678741202e-05,5.689990985047189e-07,1.2838112297686166e-06,8.670899553919753e-09,1.0704787200666033e-05,0.00017235746781807393,1.5685270682297414e-06,1.658218167222003e-07
C:/Users/KUBA/GitProjects/WKIRO-Project/data/LM012/Session1/Overground_Walk/Walk_Fast/Post_Process/Walk_Fast2.csv,3,LM012,Session1,overground,walk,fast,17,LM012,2,BL025,0.1439630091190338,0.013403656892478466,0.02700505591928959,0.1439630091190338,0.012040547095239162,0.046793531626462936,0.026177244260907173,0.00916759017854929,0.00448582461103797,0.019002946093678474,0.026443300768733025,0.05708886682987213,0.04852135851979256,0.0072019570507109165,0.09516778588294983,0.014218206517398357,0.018277740105986595,0.02122705616056919,0.1182493194937706,0.006079720798879862,0.010433625429868698,0.017046445980668068,0.04492559656500816,0.062290728092193604,0.052835989743471146,0.012397020123898983,0.003948679193854332,0.043448109179735184,0.013968962244689465,0.013541835360229015,0.010648262687027454
C:/Users/KUBA/GitProjects/WKIRO-Project/data/LM012/Session1/Overground_Walk/Walk_Fast/Post_Process/Walk_Fast7.csv,3,LM012,Session1,overground,walk,fast,17,LM012,2,BL025,0.1574244350194931,0.009883377701044083,0.03267795220017433,0.1574244350194931,0.013480656780302525,0.034612227231264114,0.031722746789455414,0.010653488337993622,0.0031167103443294764,0.020806334912776947,0.03003605268895626,0.041479166597127914,0.036908119916915894,0.008030139841139317,0.11461963504552841,0.016774453222751617,0.01977248303592205,0.02461128681898117,0.12561021745204926,0.006925633642822504,0.012029051780700684,0.012184935621917248,0.05596356466412544,0.05702860280871391,0.03556707128882408,0.014629620127379894,0.002997760660946369,0.03167785331606865,0.016976378858089447,0.009767078794538975,0.012032936327159405
C:/Users/KUBA/GitProjects/WKIRO-Project/data/LM012/Session1/Treadmill_Run/Treadmill_Run_Comfortable/Post_Process/Treadmill_Run_Comfortable.csv,119,LM012,Session1,treadmill,run,comfortable,17,LM012,17,LM012,0.9989047646522522,1.6864340750544216e-06,3.4299000617465936e-06,1.3369939551921561e-05,3.940758404041844e-07,2.3958968142778758e-08,8.227614307543263e-05,2.9760738318174162e-09,1.5726618585176766e-07,2.254346469499069e-07,5.4053512030804995e-06,9.91827988627847e-08,6.139391075521416e-07,5.725023122238326e-09,0.0005970369093120098,7.716756158515636e-07,6.009519211147563e-07,9.651691925682826e-07,0.9989047646522522,7.178033683885587e-06,7.75344446424242e-08,4.766758593177656e-06,8.791559957899153e-05,0.00011781078501371667,4.5488266664506227e-07,1.2627624528249726e-06,6.3189409260644425e-09,1.1448223631305154e-05,0.00015565606008749455,1.459681357118825e-06,1.3384332930854725e-07
C:/Users/KUBA/GitProjects/WKIRO-Project/data/LM012/Session1/Treadmill_Walk/Treadmill_Walk_Comfortable/Post_Process/Treadmill_Walk_Comfortable.csv,119,LM012,Session1,treadmill,walk,comfortable,17,LM012,17,LM012,0.9987977743148804,1.7586282865522662e-06,3.6301535146776587e-06,1.232953309227014e-05,4.0798889244797465e-07,3.0640006087878646e-08,9.132729610428214e-05,3.0441631437838623e-09,2.3354523648322356e-07,2.75774254987482e-07,6.159201348054921e-06,9.322704386249825e-08,5.368220286072756e-07,9.260030076063686e-09,0.0006126706139184535,9.593411505193217e-07,7.267609021255339e-07,1.0201483746641316e-06,0.9987977743148804,8.31234319775831e-06,8.419524988312332e-08,4.0067225199891254e-06,9.538581070955843e-05,0.00011776317842304707,6.240728112061333e-07,1.9836593310174067e-06,8.901177572795405e-09,1.4687198017782066e-05,0.0002251770201837644,1.8041992007056251e-06,2.1225839930139045e-07
C:/Users/KUBA/GitProjects/WKIRO-Project/data/LM012/Session2/Overground_Run/Run_Comfortable/Post_Process/Run_Comfortable10.csv,1,LM012,Session2,overground,run,comfortable,17,LM012,23,RC023,0.12430938333272934,0.025950442999601364,0.009860814549028873,0.08576374500989914,0.006275099236518145,0.08988191932439804,0.00945977121591568,0.004055405501276255,0.009703102521598339,0.01084225345402956,0.012931239791214466,0.11432446539402008,0.08735372126102448,0.003804139094427228,0.03671044483780861,0.005951321218162775,0.010923157446086407,0.00951357651501894,0.07976334542036057,0.0029553535860031843,0.004815038293600082,0.03539598360657692,0.014274053275585175,0.06897735595703125,0.12430938333272934,0.005169186275452375,0.006956766825169325,0.086219422519207,0.0050735981203615665,0.0274808332324028,0.005305102560669184
C:/Users/KUBA/GitProjects/WKIRO-Project/data/LM012/Session2/Overground_Run/Run_Comfortable/Post_Process/Run_Comfortable7.csv,1,LM012,Session2,overground,run,comfortable,17,LM012,23,RC023,0.14436234533786774,0.02852885238826275,0.007230681832879782,0.07016446441411972,0.004991837777197361,0.09867861121892929,0.0069225747138261795,0.0031054257415235043,0.011038966476917267,0.008815125562250614,0.010142547078430653,0.12691643834114075,0.09424140304327011,0.0030366689898073673,0.027181537821888924,0.004493129905313253,0.008981040678918362,0.007308691740036011,0.06710858643054962,0.002311606425791979,0.003720954293385148,0.0396561436355114,0.010134867392480373,0.06553962826728821,0.14436234533786774,0.003900055540725589,0.007492451462894678,0.09549490362405777,0.0037082056514918804,0.03061343915760517,0.004178880248218775
C:/Users/KUBA/GitProjects/WKIRO-Project/data/LM012/Session2/Overground_Run/Run_Comfortable/Post_Process/Run_Comfortable9.csv,2,LM012,Session2,overground,run,comfortable,17,LM012,17,LM012,0.9990930557250977,1.788552140169486e-06,2.958306367872865e-06,1.4663626643596217e-05,3.692222776408016e-07,2.1275077699556277e-08,6.045131158316508e-05,4.974154421688581e-09,9.567233405505249e-08,1.6452659679089265e-07,3.7704521673731506e-06,1.5612722847890836e-07,1.240003143720969e-06,2.6157929156056525e-09,0.0005345343379303813,7.876657832639467e-07,6.25436939571955e-07,7.415889626827266e-07,0.9990930557250977,5.6457065511494875e-06,6.000495034186315e-08,1.3503682566806674e-05,7.540045044152066e-05,0.00010725312313297763,4.4026964474142005e-07,7.480732051590167e-07,5.991947826800015e-09,9.028965905599762e-06,7.013737922534347e-05,2.235196461697342e-06,5.384392665064297e-08
C:/Users/KUBA/GitProjects/WKIRO-Project/data/LM012/Session2/Overground_Walk/Walk_Comfortable/Post_Process/Walk_Comfortable7.csv,3,LM012,Session2,overground,walk,comfortable,17,LM012,2,BL025,0.15681970119476318,0.010215438902378082,0.03193323314189911,0.15681970119476318,0.01329820230603218,0.03575873374938965,0.03097781538963318,0.010462768375873566,0.003214733675122261,0.020568089559674263,0.029569000005722046,0.042928297072649,0.03804890811443329,0.007919179275631905,0.11267152428627014,0.016486244276165962,0.019563859328627586,0.024187928065657616,0.12582366168498993,0.006824417505413294,0.011838961392641068,0.012625914067029953,0.054562512785196304,0.057945311069488525,0.036980751901865005,0.014371263794600964,0.0030664410442113876,0.032762352377176285,0.01662568189203739,0.010103887878358364,0.011845164000988007
C:/Users/KUBA/GitProjects/WKIRO-Project/data/LM012/Session2/Overground_Walk/Walk_Fast/Post_Process/Walk_Fast2.csv,3,LM012,Session2,overground,walk,fast,17,LM012,17,LM012,0.9990857243537903,1.7820626680986607e-06,2.2615392936131684e-06,1.0535551155044232e-05,2.9268943535498693e-07,1.792343695683485e-08,4.9419035349274054e-05,2.6996282986857523e-09,6.685707631959303e-08,1.0865202426657561e-07,2.947445864265319e-06,1.0723226750997128e-07,9.096217468140821e-07,2.5209754284105657e-09,0.0005849555018357933,6.265384513426397e-07,3.6849726825494145e-07,7.261769496835768e-07,0.9990857243537903,3.8199059417820536e-06,5.494395693972365e-08,7.0510122895939276e-06,8.931344927987084e-05,7.186141010606661e-05,3.7896350590926886e-07,6.099181177887658e-07,5.2932143113082475e-09,8.285115654871333e-06,7.592835754621774e-05,1.753380274749361e-06,5.011820647382592e-08
C:/Users/KUBA/GitProjects/WKIRO-Project/data/LM012/Session2/Overground_Walk/Walk_Slow/Post_Process/Walk_Slow8.csv,8,LM012,Session2,overground,walk,slow,17,LM012,17,LM012,0.9964827299118042,8.035220162128098e-06,1.038071968650911e-05,5.068363680038601e-05,5.708035928364552e-07,4.888246962764242e-08,0.00012602272909134626,1.2556666817431505e-08,7.253681246766064e-07,2.4539372134313453e-07,1.1425923730712384e-05,4.2117352450077306e-07,2.543526761655812e-06,3.715762630918107e-08,0.002447207225486636,1.9774324755417183e-06,1.6258575215033488e-06,8.416272976319306e-06,0.9964827299118042,1.9437147784628905e-05,2.2368006113993033e-07,7.618468771397602e-06,0.00037844566395506263,0.00013494095765054226,4.363298103271518e-06,2.08991150429938e-06,1.9522422789464144e-08,4.935009201290086e-05,0.0002397044445388019,9.622841389500536e-06,1.0753606147773098e-06
C:/Users/KUBA/GitProjects/WKIRO-Project/data/MR015/Session1/Overground_Run/Run_Fast/Post_Process/Run_Fast4.csv,1,MR015,Session1,overground,run,fast,18,MR015,18,MR015,0.9683611989021301,6.79897129884921e-05,1.0078225386678241e-05,0.0013246187008917332,0.0007537167984992266,3.8133097746140265e-07,0.0001969050063053146,0.00014770828420296311,0.000203206785954535,0.00471324659883976,2.5959765480365604e-05,1.8016822650679387e-05,3.615979267124203e-07,2.7269163183518685e-05,0.00012183243234176189,0.0009065209305845201,0.00019194697961211205,0.010914674960076809,0.00020075567590538412,0.9683611989021301,0.008881079964339733,1.5054421965032816e-05,1.4853208085696679e-06,2.7332430363458116e-07,4.3485704281920334e-07,1.1784739399445243e-05,0.00013635582581628114,2.3330033016577545e-08,0.0024663873482495546,0.00013073366426397115,0.00017004297114908695
C:/Users/KUBA/GitProjects/WKIRO-Project/data/MR015/Session1/Overground_Run/Run_Fast/Post_Process/Run_Fast5.csv,1,MR015,Session1,overground,run,fast,18,MR015,6,DC005,0.07976419478654861,0.01927519403398037,0.020159335806965828,0.007357078138738871,0.06607022136449814,0.005247607361525297,0.019241588190197945,0.07976419478654861,0.06708849221467972,0.03004099428653717,0.019964106380939484,0.00519575085490942,0.004908659961074591,0.07482919096946716,0.00838865153491497,0.06177512928843498,0.026632258668541908,0.0236128531396389,0.005321131087839603,0.04809024557471275,0.057346757501363754,0.031026311218738556,0.01762562245130539,0.004777052905410528,0.007946515455842018,0.07177212089300156,0.07454472780227661,0.006157522555440664,0.046318165957927704,0.03464391827583313,0.0548786036670208
C:/Users/KUBA/GitProjects/WKIRO-Project/data/MR015/Session1/Overground_Walk/Walk_Slow/Post_Process/Walk_Slow4.csv,7,MR015,Session1,overground,walk,slow,18,MR015,18,MR015,0.9994710683822632,3.154792125314998e-07,1.8788809086345282e-07,8.927482849685475e-05,2.6070181320392294e-06,1.5834508149126236e-09,1.5601073755533434e-05,1.5813800928299315e-05,3.419000222493196e-06,1.835052353271749e-05,5.038451035943581e-06,1.8757169755190262e-06,4.100136230533735e-09,3.080246824538335e-05,8.549547601433005e-06,3.4126169339288026e-05,2.808588760672137e-06,4.1414295992581174e-05,2.229545998488902e-06,0.9994710683822632,0.0001108449578168802,4.2070332995081117e-08,1.108282319250975e-07,8.2726305805636e-09,2.2089492901500307e-08,7.636063514837588e-07,2.1258026663417695e-06,1.6371942024306918e-08,0.0001144913985626772,9.150414371106308e-06,1.8921360606327653e-05
C:/Users/KUBA/GitProjects/WKIRO-Project/data/MR015/Session2/Overground_Run/Run_Comfortable/Post_Process/Run_Comfortable1.csv,2,MR015,Session2,overground,run,comfortable,18,MR015,6,DC005,0.10037143528461456,0.0068103899247944355,0.029604414477944374,0.00738007016479969,0.07269932329654694,0.0018658435437828302,0.028453409671783447,0.10037143528461456,0.02090664952993393,0.0306254830211401,0.02311328426003456,0.0017769943224266171,0.0018563445191830397,0.08127526938915253,0.011950581334531307,0.08185482025146484,0.026092346757650375,0.02941909246146679,0.004841902758926153,0.056175872683525085,0.06993073225021362,0.01025388017296791,0.029034355655312538,0.002829051110893488,0.002316631842404604,0.09528632462024689,0.028154850006103516,0.00212207343429327,0.0688360407948494,0.011673368513584137,0.062489211559295654
C:/Users/KUBA/GitProjects/WKIRO-Project/data/MR015/Session2/Overground_Run/Run_Comfortable/Post_Process/Run_Comfortable10.csv,2,MR015,Session2,overground,run,comfortable,18,MR015,18,MR015,0.9993237257003784,2.878247187254601e-07,1.9891569991159486e-07,3.63462750101462e-05,5.629849056276726e-06,1.9321966249208344e-09,2.2117299522506073e-05,2.757154288701713e-05,4.01833403884666e-06,2.7347066861693747e-05,5.3972526075085625e-06,1.8372004433331313e-06,1.1719828663103726e-08,2.4273153030662797e-05,6.113428753451444e-06,5.5162232456495985e-05,4.159736818110105e-06,4.404642095323652e-05,4.859337423113175e-06,0.9993237257003784,0.00013615688658319414,1.4152067251416156e-07,1.7406998154001485e-07,1.7051728917749642e-08,2.4404650744713763e-08,1.8877713046094868e-06,4.134734808758367e-06,2.5562712835380808e-08,0.0002351452421862632,9.089711966225877e-06,2.002637120313011e-05
C:/Users/KUBA/GitProjects/WKIRO-Project/data/MR015/Session2/Overground_Run/Run_Comfortable/Post_Process/Run_Comfortable4.csv,2,MR015,Session2,overground,run,comfortable,18,MR015,18,MR015,0.999362587928772,2.373143956901913e-07,1.710805292987061e-07,4.920751598547213e-05,7.050196927593788e-06,2.220594597091008e-09,2.109559682139661e-05,3.0147997676976956e-05,2.1631062736560125e-06,3.4334720112383366e-05,6.325155482045375e-06,2.2925971734366613e-06,1.8450528216362727e-08,1.609145328984596e-05,5.793581294710748e-06,7.602821278851479e-05,3.485627985355677e-06,2.5481160264462233e-05,6.854005732748192e-06,0.999362587928772,0.00012607492681127042,1.0654503057594411e-07,1.7318615164185758e-07,2.0548704071643442e-08,1.6261473945178295e-08,1.6926026091823587e-06,3.0327769309224095e-06,2.0358152497124138e-08,0.00020311810658313334,7.369540981017053e-06,9.10565177036915e-06
C:/Users/KUBA/GitProjects/WKIRO-Project/data/MR015/Session2/Overground_Run/Run_Comfortable/Post_Process/Run_Comfortable5.csv,2,MR015,Session2,overground,run,comfortable,18,MR015,6,DC005,0.09960929304361343,0.007277151569724083,0.029111355543136597,0.007404303643852472,0.07268442213535309,0.0019919914193451405,0.027969781309366226,0.09960929304361343,0.02254970371723175,0.03074413537979126,0.023031827062368393,0.0019015846773982048,0.0019741677679121494,0.08133645355701447,0.011760209687054157,0.08097008615732193,0.026253491640090942,0.029195934534072876,0.00488368421792984,0.0559762567281723,0.06950707733631134,0.011002998799085617,0.028364626690745354,0.0029266723431646824,0.002504922216758132,0.09425655007362366,0.030009491369128227,0.0022701071575284004,0.06765788793563843,0.012513585388660431,0.06236019358038902
C:/Users/KUBA/GitProjects/WKIRO-Project/data/MR015/Session2/Overground_Run/Run_Fast/Post_Process/Run_Fast3.csv,1,MR015,Session2,overground,run,fast,18,MR015,18,MR015,0.9260498881340027,2.5580040528438985e-05,1.8124984535461408e-06,0.025195086374878883,0.0004189702740404755,8.37130613717818e-08,0.0009614193695597351,0.000922145729418844,7.292192458407953e-05,7.367231592070311e-05,0.0020730772521346807,2.4017050236579962e-05,3.587827848150482e-07,0.003593906993046403,0.0213039331138134,0.00017375063907820731,0.00013031874550506473,0.013032347895205021,0.0011000910308212042,0.9260498881340027,0.00266272877342999,8.572707201892626e-07,0.0003142170899081975,1.0432745511934627e-05,1.569519554323051e-05,1.4530338376061991e-05,4.00557564717019e-06,9.888131899060681e-05,0.000703649187926203,0.0002344185340916738,0.0007872049463912845
C:/Users/KUBA/GitProjects/WKIRO-Project/data/MR015/Session2/Overground_Walk/Walk_Comfortable/Post_Process/Walk_Comfortable3.csv,4,MR015,Session2,overground,walk,comfortable,18,MR015,6,DC005,0.09972718358039856,0.0069480882957577705,0.02973959967494011,0.00790480338037014,0.071475550532341,0.001893464825116098,0.02840482071042061,0.09972718358039856,0.019304433837532997,0.029728634282946587,0.0226566381752491,0.0018092843238264322,0.00189089379273355,0.07907500118017197,0.012828310951590538,0.0844704806804657,0.025105316191911697,0.029314588755369186,0.005326945800334215,0.05619495362043381,0.07037337869405746,0.010446824133396149,0.030025752261281013,0.003009200096130371,0.002303823595866561,0.09777949005365372,0.02572529762983322,0.0021492510568350554,0.0718829333782196,0.011740241199731827,0.06076478585600853
C:/Users/KUBA/GitProjects/WKIRO-Project/data/MR015/Session2/Overground_Walk/Walk_Comfortable/Post_Process/Walk_Comfortable8.csv,2,MR015,Session2,overground,walk,comfortable,18,MR015,18,MR015,0.9994301795959473,1.8273271962243598e-07,1.9833376541100733e-07,7.3568633524701e-05,2.6132531729672337e-06,1.258082082955525e-09,2.3463457182515413e-05,1.614847860764712e-05,2.588831421235227e-06,1.5781564798089676e-05,4.709738277597353e-06,1.2743732895614812e-06,5.627254218154576e-09,2.4301167286466807e-05,9.986952136387117e-06,3.997835301561281e-05,3.2563539207330905e-06,4.3707259465008974e-05,4.156864179094555e-06,0.9994301795959473,9.567687811795622e-05,5.595109087153105e-08,1.695600815310172e-07,1.2618856182200489e-08,1.871222643501369e-08,1.2637251529667992e-06,1.4861740282867686e-06,1.835011609330195e-08,0.00018023495795205235,6.293668775469996e-06,1.8642422219272703e-05
C:/Users/KUBA/GitProjects/WKIRO-Project/data/MR015/Session2/Overground_Walk/Walk_Fast/Post_Process/Walk_Fast3.csv,2,MR015,Session2,overground,walk,fast,18,MR015,18,MR015,0.9994502663612366,1.6752544240716816e-07,2.0522250565591094e-07,5.021846664021723e-05,3.372117134858854e-06,1.3567427181726543e-09,2.1477324480656534e-05,1.641335984459147e-05,2.8990434657316655e-06,2.4973833205876872e-05,6.547943485202268e-06,1.2078785402991343e-06,4.6062500480559265e-09,2.1422891222755425e-05,6.05087780058966e-06,4.521427763393149e-05,3.9388078221236356e-06,3.087772347498685e-05,2.8045747058058623e-06,0.9994502663612366,0.00013166714052204043,6.099450899910153e-08,1.450940771974274e-07,9.458243965809743e-09,1.1821428280711643e-08,1.0539864661041065e-06,3.2529096642974764e-06,1.0883875134481968e-08,0.00015453368541784585,6.07172069067019e-06,1.5143088603508659e-05
C:/Users/KUBA/GitProjects/WKIRO-Project/data/MR015/Session2/Overground_Walk/Walk_Fast/Post_Process/Walk_Fast4.csv,3,MR015,Session2,overground,walk,fast,18,MR015,6,DC005,0.10091087222099304,0.006491797510534525,0.02995014190673828,0.007429803255945444,0.07240728288888931,0.0017701415345072746,0.02874807082116604,0.10091087222099304,0.019388629123568535,0.03024516999721527,0.022990331053733826,0.001683753915131092,0.0017674373229965568,0.08075948804616928,0.012240110896527767,0.08320220559835434,0.02566087804734707,0.029498865827918053,0.004884502850472927,0.05637943372130394,0.07038997858762741,0.009744592010974884,0.029716966673731804,0.002777641639113426,0.0021680269856005907,0.09676606208086014,0.026274869218468666,0.0020100742112845182,0.07051651179790497,0.011073004454374313,0.062153350561857224
C:/Users/KUBA/GitProjects/WKIRO-Project/data/OB010/Session1/Overground_Run/Run_Comfortable/Post_Process/Run_Comfortable5.csv,2,OB010,Session1,overground,run,comfortable,19,OB010,6,DC005,0.0728103294968605,0.004758069757372141,0.05160311982035637,0.02008790895342827,0.06178665906190872,0.003919385839253664,0.05456909164786339,0.0728103294968605,0.014459713362157345,0.04782203212380409,0.050092946738004684,0.003930950071662664,0.004070325754582882,0.06195344775915146,0.027093922719359398,0.0569186806678772,0.04682626202702522,0.04318750649690628,0.009296121075749397,0.03946458548307419,0.05207423120737076,0.0067417738027870655,0.051080912351608276,0.005134459584951401,0.004843099042773247,0.06439121067523956,0.0207127146422863,0.003942088223993778,0.04874039441347122,0.007665891200304031,0.060022152960300446
C:/Users/KUBA/GitProjects/WKIRO-Project/data/OB010/Session1/Overground_Walk/Walk_Comfortable/Post_Process/Walk_Comfortable4.csv,3,OB010,Session1,overground,walk,comfortable,19,OB010,19,OB010,0.9991981387138367,4.259491106495261e-05,5.1600384409766775e-08,2.8957001632079482e-05,2.753029320956557e-06,4.366823347368154e-08,1.9014218821666873e-07,2.5574494429747574e-05,3.849107486075809e-07,0.00018211512360721827,3.764941720874049e-05,2.0272946130717173e-06,7.133070880627201e-07,7.736466614005622e-06,1.6027403262341977e-06,0.00011738954344764352,2.7692391086020507e-05,1.190351031254977e-05,1.3185191960474185e-07,0.0002067926834570244,0.9991981387138367,1.8764917797398084e-07,6.179231422720477e-05,7.049441705930803e-07,1.2532158280009753e-06,3.571426816506573e-07,3.0746010452276096e-05,4.983158330418291e-10,6.269237928790972e-06,7.643288313374796e-07,3.5563571145758033e-06
C:/Users/KUBA/GitProjects/WKIRO-Project/data/OB010/Session1/Overground_Walk/Walk_Fast/Post_Process/Walk_Fast2.csv,2,OB010,Session1,overground,walk,fast,19,OB010,19,OB010,0.9994494915008545,4.228294710628688e-05,2.8334376622751734e-08,1.4785384337301366e-05,2.562353529356187e-06,2.1745918843407708e-08,7.60265166377394e-08,2.48465748882154e-05,2.7655255507852416e-07,8.530561171937734e-05,1.9225260984967463e-05,1.1361448741809e-06,3.798881493821682e-07,6.764302270312328e-06,1.2325231182330754e-06,0.00010782726894831285,1.4173247109283693e-05,6.123630555521231e-06,1.1274757127921475e-07,0.00013524151290766895,0.9994494915008545,2.0430312019925623e-07,5.340961797628552e-05,6.044876954547362e-07,1.0172334441449493e-06,3.292716712621768e-07,2.265833791170735e-05,3.7514263917515223e-10,6.3663674154668115e-06,8.370608384211664e-07,2.755599325610092e-06
C:/Users/KUBA/GitProjects/WKIRO-Project/data/OB010/Session1/Treadmill_Walk/Treadmill_Walk_Slow/Post_Process/Treadmill_Walk_Slow.csv,119,OB010,Session1,treadmill,walk,slow,19,OB010,19,OB010,0.9970892071723938,3.995327642769553e-05,7.7468115478041e-07,3.0558687285520136e-05,4.7208664000208955e-06,1.472459842943863e-07,4.33455625170609e-07,5.216108911554329e-05,1.28046440295293e-06,0.0006169795524328947,3.785688750213012e-05,2.7923240395466564e-06,9.82166284302366e-07,3.2522217225050554e-05,1.734309648782073e-06,0.00019391682872083038,0.00031466787913814187,1.5660300050512888e-05,1.796699535816515e-07,0.0013557284837588668,0.9970892071723938,3.334062910198554e-07,6.974461575737223e-05,1.0334199487260776e-06,2.8912963898619637e-06,1.385576410939393e-06,0.00010957995982607827,1.021199458328681e-09,1.2195351700938772e-05,1.1469073797343299e-06,9.374693036079407e-06
C:/Users/KUBA/GitProjects/WKIRO-Project/data/OB010/Session2/Overground_Run/Run_Fast/Post_Process/Run_Fast3.csv,1,OB010,Session2,overground,run,fast,19,OB010,6,DC005,0.08969871699810028,0.01324282493442297,0.024032151326537132,0.007552327588200569,0.07052863389253616,0.003609266597777605,0.0230009313672781,0.08969871699810028,0.044000014662742615,0.031117256730794907,0.021712172776460648,0.003519762773066759,0.0034573706798255444,0.07951366901397705,0.009865917265415192,0.07081971317529678,0.027166245505213737,0.02642165496945381,0.005258471239358187,0.05253904312849045,0.06368657946586609,0.020775193348526955,0.021953167393803596,0.004000289365649223,0.005062991753220558,0.08235940337181091,0.05267835035920143,0.004184842575341463,0.05549635738134384,0.023378977552056313,0.059367720037698746
C:/Users/KUBA/GitProjects/WKIRO-Project/data/OB010/Session2/Overground_Walk/Walk_Fast/Post_Process/Walk_Fast1.csv,2,OB010,Session2,overground,walk,fast,19,OB010,6,DC005,0.09911534190177917,0.007187860086560249,0.02962445840239525,0.008134083822369576,0.07104340195655823,0.0019597040954977274,0.028228625655174255,0.09911534190177917,0.019351348280906677,0.029507484287023544,0.022509265691041946,0.0018764252308756113,0.0019567993003875017,0.0782858282327652,0.013098470866680145,0.08499403297901154,0.024867722764611244,0.02922702580690384,0.005538740195333958,0.05608929693698883,0.07033506780862808,0.01081654243171215,0.030141416937112808,0.003125022631138563,0.002379507292062044,0.09816883504390717,0.02556617558002472,0.0022241808474063873,0.07243361324071884,0.012098727747797966,0.06011504679918289
C:/Users/KUBA/GitProjects/WKIRO-Project/data/OB010/Session2/Overground_Walk/Walk_Fast/Post_Process/Walk_Fast2.csv,2,OB010,Session2,overground,walk,fast,19,OB010,19,OB010,0.9993308782577515,5.4607884521828964e-05,2.6537488651001695e-08,1.707920637272764e-05,3.6396857012732653e-06,3.060816311517556e-08,9.194118888444791e-08,3.41365703206975e-05,4.112020519642101e-07,9.779857646208256e-05,2.06617041840218e-05,1.480181254009949e-06,5.807581828776165e-07,7.4936642704415135e-06,1.0771912002383033e-06,0.000140158852445893,2.090341877192259e-05,8.860655725584365e-06,1.3749809113505762e-07,0.000156936512212269,0.9993308782577515,3.202654852429987e-07,5.404287003329955e-05,6.601529776162351e-07,1.4681768334412482e-06,3.860140793676692e-07,3.592886059777811e-05,4.975738154833209e-10,6.105809916334692e-06,1.1790732514782576e-06,2.9497637115127873e-06
C:/Users/KUBA/GitProjects/WKIRO-Project/data/OB010/Session2/Overground_Walk/Walk_Fast/Post_Process/Walk_Fast6.csv,2,OB010,Session2,overground,walk,fast,19,OB010,19,OB010,0.9995043277740479,6.471583037637174e-05,1.7070171054456296e-08,1.2206612154841423e-05,3.408790689718444e-06,1.7540216390443675e-08,4.376655482474234e-08,3.289521555416286e-05,1.974323140530032e-07,4.687328328145668e-05,1.1436306522227824e-05,9.987684279622044e-07,3.332455094096076e-07,6.618979568884242e-06,1.213324026139162e-06,0.0001289664942305535,1.0974041288136505e-05,4.7186354095174465e-06,1.4803876524638326e-07,8.036673534661531e-05,0.9995043277740479,3.877652829942235e-07,6.160029442980886e-05,8.58200849052082e-07,1.4765686273676693e-06,3.608840870583663e-07,1.4064882634556852e-05,4.900879146951809e-10,7.394079148070887e-06,1.3769283668807475e-06,1.980511342480895e-06
C:/Users/KUBA/GitProjects/WKIRO-Project/data/OB010/Session2/Overground_Walk/Walk_Fast/Post_Process/Walk_Fast7.csv,3,OB010,Session2,overground,walk,fast,19,OB010,6,DC005,0.10112030059099197,0.006415251176804304,0.029982170090079308,0.0073510087095201015,0.07255931198596954,0.001748804934322834,0.02880212850868702,0.10112030059099197,0.01938718557357788,0.030322760343551636,0.023039311170578003,0.0016621750546619296,0.0017461413517594337,0.08104255795478821,0.01214322168380022,0.08300670236349106,0.025745363906025887,0.029524758458137512,0.00481346994638443,0.05641402676701546,0.07039723545312881,0.00962707307189703,0.029664838686585426,0.002739486051723361,0.00214392994530499,0.09661567211151123,0.026349304243922234,0.0019859944004565477,0.07030767947435379,0.010959260165691376,0.06238288804888725
C:/Users/KUBA/GitProjects/WKIRO-Project/data/OB010/Session2/Overground_Walk/Walk_Fast/Post_Process/Walk_Fast8.csv,2,OB010,Session2,overground,walk,fast,19,OB010,19,OB010,0.999478816986084,6.542364280903712e-05,1.784953695960212e-08,1.2876233085989952e-05,3.0822616281511728e-06,2.600289761289787e-08,5.7284790244693795e-08,2.8252474294276908e-05,2.796047056108364e-07,5.9153418987989426e-05,1.3388630577537697e-05,1.2385235095280223e-06,4.506786126512452e-07,7.474921403627377e-06,1.0560819418969913e-06,0.00011661404278129339,1.2193009752081707e-05,5.277081527310656e-06,1.518910153208708e-07,0.00010930703138001263,0.999478816986084,3.7923479112578207e-07,5.251390393823385e-05,7.523292993028008e-07,1.5381398270619684e-06,3.6876920717077155e-07,1.8519353034207597e-05,5.615857778806799e-10,7.153847036533989e-06,1.3798955933452817e-06,2.329918515897589e-06
C:/Users/KUBA/GitProjects/WKIRO-Project/data/OB010/Session2/Overground_Walk/Walk_Slow/Post_Process/Walk_Slow1.csv,8,OB010,Session2,overground,walk,slow,19,OB010,6,DC005,0.09936818480491638,0.007098034024238586,0.029654953628778458,0.008045931346714497,0.0711972564458847,0.0019329844508320093,0.02828063629567623,0.09936818480491638,0.019312817603349686,0.02956879511475563,0.022546052932739258,0.0018495144322514534,0.0019302782602608204,0.07858176529407501,0.012995826080441475,0.08484059572219849,0.024935249239206314,0.02924627810716629,0.005461686756461859,0.05614224821329117,0.07036382704973221,0.01067882589995861,0.03009111061692238,0.0030812828335911036,0.0023480821400880814,0.09807372093200684,0.02559969201683998,0.0021940392907708883,0.07227229326963425,0.01196272298693657,0.06034533679485321
C:/Users/KUBA/GitProjects/WKIRO-Project/data/OB010/Session2/Overground_Walk/Walk_Slow/Post_Process/Walk_Slow4.csv,2,OB010,Session2,overground,walk,slow,19,OB010,19,OB010,0.9994549751281738,6.579332693945616e-05,2.051364589306104e-08,1.5286635971278884e-05,3.057002686546184e-06,2.2363078500120537e-08,5.859527263396558e-08,3.0541876185452566e-05,2.5245168444598676e-07,5.7961275160778314e-05,1.2827736100007314e-05,1.2188194205009495e-06,3.9228319792528055e-07,7.275084499269724e-06,1.2291295661270851e-06,0.00013247868628241122,1.2695103578153066e-05,5.561338184634224e-06,1.4768187384106568e-07,0.00010852581181097776,0.9994549751281738,3.543255218119157e-07,5.7398028729949147e-05,7.792183396304608e-07,1.4183765415509697e-06,3.4124781222999445e-07,1.8344115233048797e-05,5.152486215465046e-10,7.70062797528226e-06,1.2802801165889832e-06,2.0541724552458618e-06
C:/Users/KUBA/GitProjects/WKIRO-Project/data/OB010/Session2/Overground_Walk/Walk_Slow/Post_Process/Walk_Slow6.csv,4,OB010,Session2,overground,walk,slow,19,OB010,19,OB010,0.999367356300354,7.4270814366173e-05,2.401706922228186e-08,1.826638799684588e-05,3.7066151890030596e-06,3.12391463808126e-08,7.437026994239204e-08,3.4541233617346734e-05,3.392359531062539e-07,7.501940854126588e-05,1.5653105947421864e-05,1.5824639376660343e-06,5.818711770189111e-07,9.047620551427826e-06,1.3636597486765822e-06,0.00013945880346000195,1.5493227692786604e-05,6.468667834269581e-06,1.9058532529925287e-07,0.00013432008563540876,0.999367356300354,4.0267940448757145e-07,6.316738290479407e-05,9.463147421229223e-07,1.8695598100748612e-06,4.034087055515556e-07,2.3354688892140985e-05,7.953199210319895e-10,8.166088264260907e-06,1.5279053968697554e-06,2.351671355427243e-06
C:/Users/KUBA/GitProjects/WKIRO-Project/data/OB010/Session2/Treadmill_Walk/Treadmill_Walk_Slow/Post_Process/Treadmill_Walk_Slow.csv,119,OB010,Session2,treadmill,walk,slow,19,OB010,19,OB010,0.9994133114814758,6.92401226842776e-05,3.0238862080977924e-08,1.948347380675841e-05,4.289599928597454e-06,2.383208119738356e-08,6.300283672544538e-08,3.054062835872173e-05,2.7394975177230663e-07,7.008667307673022e-05,1.447988506697584e-05,1.2157496485087904e-06,3.718989773915382e-07,9.067802238860168e-06,1.4090642252995167e-06,0.0001333448599325493,1.2339368367975112e-05,5.631519343296532e-06,1.9772328130329697e-07,0.00011933295900234953,0.9994133114814758,4.4195246573508484e-07,5.7124121667584404e-05,9.336985726804414e-07,1.3254489203973208e-06,3.6856010865449207e-07,2.0523501007119194e-05,5.25895438308055e-10,1.0719045349105727e-05,1.4129749388303026e-06,2.433549298075377e-06
C:/Users/KUBA/GitProjects/WKIRO-Project/data/PC008/Session1/Overground_Run/Run_Comfortable/Post_Process/Run_Comfortable5.csv,2,PC008,Session1,overground,run,comfortable,20,PC008,20,PC008,0.14347390830516815,0.08334844559431076,0.0044181435368955135,0.03319885581731796,0.008172168396413326,0.0633118748664856,0.003922602161765099,0.007738879416137934,0.033727798610925674,0.006225161720067263,0.005452866666018963,0.07914584130048752,0.058295249938964844,0.006545949261635542,0.013678029179573059,0.012960911728441715,0.005670912563800812,0.005324161611497402,0.04013792425394058,0.00644576083868742,0.008527313359081745,0.14347390830516815,0.006039031781256199,0.04339771717786789,0.09560994058847427,0.01262223906815052,0.01888224482536316,0.06702727824449539,0.009973013773560524,0.1113632544875145,0.005362553056329489
C:/Users/KUBA/GitProjects/WKIRO-Project/data/PC008/Session1/Overground_Run/Run_Comfortable/Post_Process/Run_Comfortable9.csv,2,PC008,Session1,overground,run,comfortable,20,PC008,20,PC008,0.17173682153224945,0.09945763647556305,0.004104429855942726,0.024385010823607445,0.00968739204108715,0.05137985944747925,0.0035013435408473015,0.009377704933285713,0.04076016694307327,0.006036968436092138,0.004590241238474846,0.06255099177360535,0.04642553627490997,0.00790745671838522,0.011088041588664055,0.015657875686883926,0.005188656505197287,0.0052954573184251785,0.03436991572380066,0.0078081125393509865,0.010291322134435177,0.17173682153224945,0.005568561144173145,0.037884004414081573,0.07762802392244339,0.015252811834216118,0.022775139659643173,0.05752899497747421,0.012038643471896648,0.13353118300437927,0.0061917537823319435
C:/Users/KUBA/GitProjects/WKIRO-Project/data/PC008/Session1/Overground_Run/Run_Fast/Post_Process/Run_Fast10.csv,1,PC008,Session1,overground,run,fast,20,PC008,20,PC008,0.9992413520812988,6.608672720176401e-06,3.172848209942458e-06,2.2753080486381805e-07,1.2635204882371909e-08,3.7744124711025506e-05,2.3683796257500944e-07,3.306678877379454e-07,5.179527579457499e-05,2.233721474453887e-08,1.954053772124098e-07,1.5859634459047811e-06,1.1194107401024667e-06,1.4448841056946549e-07,4.5492816980186035e-07,7.66862285672687e-06,2.57750093624054e-06,7.388477740732924e-08,1.2027629963995423e-05,3.986127694588504e-08,1.558198050588544e-06,0.9992413520812988,6.96761262020118e-08,0.00023720087483525276,1.0266783647239208e-05,1.2031592859784723e-06,2.145825965271797e-05,1.0559546126387431e-06,1.176359728560783e-05,0.0003477884747553617,3.236283703245135e-07
C:/Users/KUBA/GitProjects/WKIRO-Project/data/PC008/Session1/Overground_Run/Run_Fast/Post_Process/Run_Fast12.csv,1,PC008,Session1,overground,run,fast,20,PC008,20,PC008,0.9990943670272827,1.8325561086385278e-06,8.517821470377385e-07,5.2895593682933395e-08,2.925225750516347e-08,7.943963282741606e-06,5.036828838456131e-07,7.843669891371974e-07,1.7342490536975674e-05,4.438724499067348e-09,3.8214602682273835e-07,8.139272722473834e-07,2.598938522169192e-07,2.128852258920233e-07,9.590334002496093e-07,1.7990669221035205e-05,4.905195964965969e-07,1.0787074344875691e-08,1.6871166735654697e-05,7.949298463927335e-08,3.095864258284564e-07,0.9990943670272827,8.948229179850387e-08,5.04084127896931e-05,2.098890945489984e-06,2.5023025500559015e-06,3.791775816353038e-05,4.0898844417824876e-06,1.2747746950481087e-05,0.0007276996620930731,4.191265361441765e-07
C:/Users/KUBA/GitProjects/WKIRO-Project/data/PC008/Session1/Overground_Run/Run_Fast/Post_Process/Run_Fast14.csv,1,PC008,Session1,overground,run,fast,20,PC008,20,PC008,0.9988952875137329,2.172427457480808e-06,9.273587124880578e-07,5.086177168323047e-08,3.381552104997354e-08,9.054570909938775e-06,4.739539463116671e-07,7.844643050702871e-07,2.108357148244977e-05,4.932756869635568e-09,3.819278049377317e-07,1.0885061101362226e-06,3.0132179063002695e-07,2.643546679337305e-07,9.494653454567015e-07,1.904504097183235e-05,5.923288881604094e-07,1.3266289400348796e-08,1.5531795725109987e-05,9.206067375089333e-08,3.3951064892789873e-07,0.9988952875137329,1.0457758037318854e-07,4.7206252929754555e-05,3.175723350068438e-06,2.4539551759517053e-06,6.060217856429517e-05,4.7579237616446335e-06,1.2035739928251132e-05,0.0009006408508867025,5.101375109006767e-07
C:/Users/KUBA/GitProjects/WKIRO-Project/data/PC008/Session1/Overground_Run/Run_Fast/Post_Process/Run_Fast4.csv,1,PC008,Session1,overground,run,fast,20,PC008,20,PC008,0.1590215414762497,0.09495068341493607,0.004395337775349617,0.026072070002555847,0.009718810208141804,0.055496059358119965,0.0037438091821968555,0.008885708637535572,0.038783345371484756,0.006452754605561495,0.004890819080173969,0.06750430911779404,0.05008453503251076,0.007667839527130127,0.011920268647372723,0.014499870128929615,0.005543923936784267,0.005659452173858881,0.03730130195617676,0.0072918967343866825,0.009873393923044205,0.1590215414762497,0.005978112109005451,0.04109484329819679,0.08375965058803558,0.01387760043144226,0.02214529924094677,0.06228308379650116,0.011233204044401646,0.12350305914878845,0.006367389112710953
C:/Users/KUBA/GitProjects/WKIRO-Project/data/PC008/Session1/Overground_Walk/Walk_Fast/Post_Process/Walk_Fast5.csv,3,PC008,Session1,overground,walk,fast,20,PC008,20,PC008,0.22017967700958252,0.12167412787675858,0.0031062487978488207,0.013571035116910934,0.011394284665584564,0.03197312727570534,0.0025215705391019583,0.012507691979408264,0.053375959396362305,0.004858558997511864,0.003075704677030444,0.03768008202314377,0.028261452913284302,0.010162471793591976,0.006951289717108011,0.021171318367123604,0.0038686636835336685,0.004400262143462896,0.022663505747914314,0.010589919984340668,0.013277203775942326,0.22017967700958252,0.004147226456552744,0.025622189044952393,0.04843298718333244,0.02125636674463749,0.02901333011686802,0.03827683627605438,0.016032719984650612,0.17319835722446442,0.0067558432929217815
C:/Users/KUBA/GitProjects/WKIRO-Project/data/PC008/Session1/Overground_Walk/Walk_Slow/Post_Process/Walk_Slow4.csv,5,PC008,Session1,overground,walk,slow,20,PC008,20,PC008,0.9977076649665833,4.170305692241527e-05,1.3271021998662036e-05,6.002085228828946e-07,1.0730424548910378e-08,7.660464325454086e-05,4.1301055375697615e-07,4.5395972847472876e-07,0.0002632761315908283,2.3427386253160876e-08,1.5752547710690123e-07,8.553162842872553e-06,1.3498241742126993e-06,1.0707510682550492e-06,2.066864453809103e-06,9.776180377230048e-06,3.6449721392273204e-06,5.085461793896684e-07,9.097632755583618e-06,1.0084363566420507e-07,2.332130634385976e-06,0.9977076649665833,1.3860451986147382e-07,0.00017203470633830875,7.866586383897811e-05,1.3742759392698645e-06,4.066112160217017e-05,3.4024997148662806e-06,2.2849511879030615e-05,0.0015357910888269544,2.375506028329255e-06
C:/Users/KUBA/GitProjects/WKIRO-Project/data/PC008/Session1/Treadmill_Walk/Treadmill_Walk_Fast/Post_Process/Treadmill_Walk_Fast.csv,119,PC008,Session1,treadmill,walk,fast,20,PC008,20,PC008,0.9985121488571167,8.368939234060235e-06,2.8969345748919295e-06,1.519691750218044e-07,2.9430580639200343e-08,1.859275835158769e-05,5.744104782934301e-07,8.300679041894909e-07,7.319037104025483e-05,1.0255233995337676e-08,3.725277224475576e-07,2.094978981403983e-06,4.68905568595801e-07,4.7276762416004203e-07,1.4977075579736265e-06,1.5026879736979026e-05,1.2502935078373412e-06,9.223212060760488e-08,1.2709238944808021e-05,1.1564164736910243e-07,7.965647341734439e-07,0.9985121488571167,1.0621869961369157e-07,6.380840204656124e-05,1.1151048965984955e-05,2.153922423531185e-06,6.295207276707515e-05,4.997749329049839e-06,1.4773040675208904e-05,0.0011872613104060292,1.1452531225586426e-06
C:/Users/KUBA/GitProjects/WKIRO-Project/data/PC008/Session1/Treadmill_Walk/Treadmill_Walk_Slow/Post_Process/Treadmill_Walk_Slow.csv,119,PC008,Session1,treadmill,walk,slow,20,PC008,20,PC008,0.9935587644577026,2.0745354049722664e-05,4.3121999624418095e-06,3.3548727174093074e-07,4.172786916001314e-08,1.331695693806978e-05,9.343507372250315e-07,1.7100846889661625e-06,0.00014097016537562013,9.596980987680581e-09,5.722187665924139e-07,8.916490514820907e-06,3.670979253911355e-07,2.2436349809140665e-06,8.3619961515069e-06,1.9766359400819056e-05,8.916745741771592e-07,7.675767932369126e-08,3.393528822925873e-05,4.947457341586414e-07,5.49614412648225e-07,0.9935587644577026,1.6211528475196246e-07,4.535953121376224e-05,1.4197428754414432e-05,3.0306080134323565e-06,0.000176973597262986,4.0123715734807774e-05,3.9991293306229636e-05,0.0058603896759450436,2.407899273748626e-06
C:/Users/KUBA/GitProjects/WKIRO-Project/data/PC008/Session2/Overground_Run/Run_Comfortable/Post_Process/Run_Comfortable1.csv,3,PC008,Session2,overground,run,comfortable,20,PC008,20,PC008,0.217340350151062,0.1202475056052208,0.0032308753579854965,0.013482220470905304,0.011897038668394089,0.03161047026515007,0.002633186988532543,0.013052989728748798,0.05518583953380585,0.0050887311808764935,0.0032157294917851686,0.03715858981013298,0.02794129215180874,0.010676565580070019,0.006971774157136679,0.02166798897087574,0.00406559556722641,0.004573177080601454,0.022215137258172035,0.010977757163345814,0.013733528554439545,0.217340350151062,0.0042610471136868,0.02518024481832981,0.0480361171066761,0.021827341988682747,0.03039187751710415,0.03784819692373276,0.01636761613190174,0.1720140129327774,0.007107230369001627
C:/Users/KUBA/GitProjects/WKIRO-Project/data/PC008/Session2/Overground_Run/Run_Comfortable/Post_Process/Run_Comfortable12.csv,1,PC008,Session2,overground,run,comfortable,20,PC008,20,PC008,0.9977275729179382,4.4744629121851176e-05,8.765397069510072e-06,1.112448899220908e-06,6.46031761419863e-09,6.700048106722534e-05,2.603824782454467e-07,4.79762377381121e-07,0.00030735539621673524,1.2271646809836056e-08,1.2159108564446797e-07,7.320412805711385e-06,6.166713433231052e-07,8.923285577111528e-07,2.1131256744411075e-06,5.361354396882234e-06,1.9515152871463215e-06,4.6944180098762445e-07,6.359914095810382e-06,9.772065112656492e-08,1.2712408761217375e-06,0.9977275729179382,5.0549555652423805e-08,0.00013055057206656784,6.546589429490268e-05,1.3079383052172489e-06,1.4530111002386548e-05,4.400676516524982e-06,1.8019198250840418e-05,0.0015791460173204541,2.66676897808793e-06
C:/Users/KUBA/GitProjects/WKIRO-Project/data/PC008/Session2/Overground_Run/Run_Comfortable/Post_Process/Run_Comfortable13.csv,1,PC008,Session2,overground,run,comfortable,20,PC008,20,PC008,0.2243804633617401,0.12378579378128052,0.0029259256552904844,0.013696028850972652,0.010674112476408482,0.03254162520170212,0.002363587496802211,0.011722667142748833,0.05063994973897934,0.004535675514489412,0.0028781373985111713,0.038522958755493164,0.02876345068216324,0.009442087262868881,0.006905716843903065,0.02037365548312664,0.0035955263301730156,0.00414997385814786,0.02341892570257187,0.010011855512857437,0.012589633464813232,0.2243804633617401,0.003972857724875212,0.02634710632264614,0.04901702329516411,0.02035975642502308,0.02705354616045952,0.03894345462322235,0.01548465434461832,0.17463581264019012,0.006268057506531477
C:/Users/KUBA/GitProjects/WKIRO-Project/data/PC008/Session2/Overground_Run/Run_Fast/Post_Process/Run_Fast2.csv,1,PC008,Session2,overground,run,fast,20,PC008,20,PC008,0.9992631077766418,6.469369054684648e-06,3.759637593248044e-06,2.1270483330226853e-07,1.577870989422081e-08,3.289624146418646e-05,2.8557889208968845e-07,4.5355832867244317e-07,6.686736014671624e-05,2.7605798536001203e-08,2.4146328314600396e-07,1.3774188118986785e-06,9.547563877276843e-07,1.9765649028613552e-07,4.303473133404623e-07,9.355510883324314e-06,3.2627744985802565e-06,8.82983002270521e-08,1.001617329166038e-05,4.8222059234603876e-08,1.95047050510766e-06,0.9992631077766418,7.49576614111902e-08,0.00020336612942628562,8.945174158725422e-06,1.3687827049579937e-06,2.927658351836726e-05,8.805538982414873e-07,1.4325245501822792e-05,0.00033926148898899555,4.16708104467034e-07
C:/Users/KUBA/GitProjects/WKIRO-Project/data/PC008/Session2/Overground_Walk/Walk_Comfortable/Post_Process/Walk_Comfortable11.csv,2,PC008,Session2,overground,walk,comfortable,20,PC008,20,PC008,0.21102748811244965,0.11705264449119568,0.0035039610229432583,0.013305842876434326,0.012979932129383087,0.03080175071954727,0.0028734849765896797,0.014227429404854774,0.05922321975231171,0.0055809710174798965,0.0035176253877580166,0.03596920520067215,0.027228567749261856,0.011768520809710026,0.007036752067506313,0.022814687341451645,0.004485193639993668,0.004949998110532761,0.021159905940294266,0.011832939460873604,0.014749310910701752,0.21102748811244965,0.004520285874605179,0.02416173741221428,0.04720012843608856,0.023124175146222115,0.03335397318005562,0.03689487278461456,0.017150752246379852,0.16965360939502716,0.007851038128137589
C:/Users/KUBA/GitProjects/WKIRO-Project/data/PC008/Session2/Overground_Walk/Walk_Slow/Post_Process/Walk_Slow12.csv,4,PC008,Session2,overground,walk,slow,20,PC008,20,PC008,0.9983106255531311,2.7457363103167154e-05,7.312233719858341e-06,6.296549486251024e-07,1.1923093623522618e-08,5.044336285209283e-05,3.2394771665167355e-07,5.343572979654709e-07,0.00024236849276348948,2.0300259251371244e-08,1.8131186152459122e-07,4.744229045172688e-06,8.006626899259572e-07,7.110085107342456e-07,1.4431432191486238e-06,7.674852895434014e-06,3.062029009015532e-06,3.860235153752001e-07,7.176606686698506e-06,8.87626256940166e-08,1.8308044218429131e-06,0.9983106255531311,6.781577610581735e-08,0.00014963124704081565,4.1533468902343884e-05,1.3612616385216825e-06,2.905990186263807e-05,2.761815267149359e-06,1.713636447675526e-05,0.0010887024691328406,1.9483381947793532e-06
C:/Users/KUBA/GitProjects/WKIRO-Project/data/PC008/Session2/Overground_Walk/Walk_Slow/Post_Process/Walk_Slow3.csv,3,PC008,Session2,overground,walk,slow,20,PC008,20,PC008,0.21357838809490204,0.11833357810974121,0.003394440747797489,0.013375570066273212,0.01254571508616209,0.031125569716095924,0.0027771301101893187,0.013756086118519306,0.057597313076257706,0.0053840815089643,0.0033968891948461533,0.03644818067550659,0.027514055371284485,0.01133283693343401,0.007009046617895365,0.022348830476403236,0.00431806081905961,0.0047983466647565365,0.02158932201564312,0.011488721705973148,0.014340241439640522,0.21357838809490204,0.00441535422578454,0.02457565627992153,0.047532305121421814,0.022598162293434143,0.03217170014977455,0.037276577204465866,0.016832048073410988,0.17059125006198883,0.007554523181170225
C:/Users/KUBA/GitProjects/WKIRO-Project/data/PC008/Session2/Overground_Walk/Walk_Slow/Post_Process/Walk_Slow6.csv,2,PC008,Session2,overground,walk,slow,20,PC008,20,PC008,0.9983062744140625,2.6289326342521235e-05,7.476888640667312e-06,6.380242894010735e-07,1.1709612834920335e-08,4.8756170144770294e-05,3.1730510841043724e-07,5.55039321170625e-07,0.0002388446737313643,2.036720658793456e-08,1.8336160678700253e-07,4.853161499340786e-06,7.673728532608948e-07,7.493882776543614e-07,1.506474518464529e-06,7.4817844506469555e-06,3.01944464808912e-06,4.0207993379226536e-07,6.982632839935832e-06,9.03973500498978e-08,1.795269554349943e-06,0.9983062744140625,6.542222763528116e-08,0.00014895143976900727,4.058158447151072e-05,1.341127017440158e-06,2.793541716528125e-05,2.6474408514332026e-06,1.6858135495567694e-05,0.0011025371495634317,2.035621719187475e-06
C:/Users/KUBA/GitProjects/WKIRO-Project/data/PC008/Session2/Treadmill_Walk/Treadmill_Walk_Slow/Post_Process/Treadmill_Walk_Slow.csv,119,PC008,Session2,treadmill,walk,slow,20,PC008,20,PC008,0.9887562394142151,0.00013250423944555223,4.4600483306567185e-06,1.0231509577351972e-06,2.0960241897682863e-07,0.0003185174136888236,1.0350170214223908e-06,8.616048035037238e-06,0.00015494972467422485,1.2398899684740172e-07,9.442657074032468e-07,3.565652514225803e-05,4.4729512183039333e-07,6.2040639932092745e-06,8.244463970186189e-06,4.674438969232142e-05,9.512734777672449e-07,4.5794757852490875e-07,6.679461512248963e-05,1.1428093102949788e-06,1.8110795281245373e-06,0.9887562394142151,1.7202053470555256e-07,4.507715129875578e-05,1.5797415471752174e-05,3.396874035388464e-06,0.00034566945396363735,4.133380207349546e-05,6.718641088809818e-05,0.009931011125445366,3.2307896162819816e-06
C:/Users/KUBA/GitProjects/WKIRO-Project/data/PQ006/Session1/Overground_Run/Run_Comfortable/Post_Process/Run_Comfortable5.csv,1,PQ006,Session1,overground,run,comfortable,21,PQ006,9,GQ016,0.09494835138320923,0.0020819222554564476,0.08303414285182953,0.04392889142036438,0.04026763141155243,0.007400041446089745,0.09453931450843811,0.031103339046239853,0.006233316846191883,0.07064945995807648,0.09494835138320923,0.007679418660700321,0.00789631437510252,0.031123509630560875,0.05278467759490013,0.020882992073893547,0.07768610119819641,0.060002051293849945,0.01625913754105568,0.015280443243682384,0.024183407425880432,0.002424253150820732,0.08263549208641052,0.00867470446974039,0.009139505214989185,0.02114957384765148,0.010464170947670937,0.0068379235453903675,0.01879899762570858,0.002738283248618245,0.04917265847325325
C:/Users/KUBA/GitProjects/WKIRO-Project/data/PQ006/Session1/Overground_Run/Run_Fast/Post_Process/Run_Fast7.csv,1,PQ006,Session1,overground,run,fast,21,PQ006,9,GQ016,0.09485097229480743,0.002303970977663994,0.08116932958364487,0.044461287558078766,0.04030782729387283,0.008211000822484493,0.09237958490848541,0.03074180707335472,0.006976747885346413,0.071330726146698,0.09485097229480743,0.008551398292183876,0.008714374154806137,0.031176842749118805,0.05176232010126114,0.020539268851280212,0.07873956114053726,0.059496499598026276,0.01658707484602928,0.015200554393231869,0.02397201769053936,0.002697963500395417,0.07995525002479553,0.009194139391183853,0.010322315618395805,0.020794466137886047,0.01151675172150135,0.00760646304115653,0.01830286532640457,0.0030422366689890623,0.049094308167696
C:/Users/KUBA/GitProjects/WKIRO-Project/data/PQ006/Session1/Overground_Walk/Walk_Comfortable/Post_Process/Walk_Comfortable5.csv,7,PQ006,Session1,overground,walk,comfortable,21,PQ006,9,GQ016,0.09390730410814285,0.002151202643290162,0.08269013464450836,0.04584210366010666,0.03972405940294266,0.007676453795284033,0.09384378045797348,0.03071483038365841,0.006114122923463583,0.06960010528564453,0.09390730410814285,0.007989851757884026,0.008197576738893986,0.0305012259632349,0.05464770644903183,0.021026479080319405,0.0762803703546524,0.05967104434967041,0.017228571698069572,0.015169424936175346,0.024078713729977608,0.0025052675046026707,0.0834103375673294,0.009114548563957214,0.009421282447874546,0.021218998357653618,0.01016117725521326,0.007086985744535923,0.019003918394446373,0.0028085943777114153,0.04821381717920303
C:/Users/KUBA/GitProjects/WKIRO-Project/data/PQ006/Session1/Overground_Walk/Walk_Comfortable/Post_Process/Walk_Comfortable6.csv,6,PQ006,Session1,overground,walk,comfortable,21,PQ006,21,PQ006,0.9993598461151123,2.8162403964415716e-07,2.23636516238912e-06,1.64213993514295e-08,5.077105015516281e-06,1.3280332389342675e-08,0.00028356086113490164,5.792974206997314e-07,2.6825501819871533e-08,2.2118563265394187e-06,5.131566649652086e-05,7.3283743518004485e-09,7.77761815697886e-05,2.039307531731538e-07,1.4471016584138852e-05,2.8483948426583083e-06,3.789521360886283e-05,7.060190796437382e-07,5.023965422878973e-05,2.795779607822624e-07,5.063564094598405e-05,5.07752098144465e-08,0.9993598461151123,9.855499229161069e-06,1.1464682074802113e-06,4.140178862144239e-05,5.3192135140989194e-08,4.485014414967736e-06,1.1264860404480714e-06,7.280058866854233e-08,1.5803711903572548e-06
C:/Users/KUBA/GitProjects/WKIRO-Project/data/PQ006/Session1/Overground_Walk/Walk_Comfortable/Post_Process/Walk_Comfortable9.csv,7,PQ006,Session1,overground,walk,comfortable,21,PQ006,9,GQ016,0.09376592189073563,0.0021626008674502373,0.08262132853269577,0.04607892408967018,0.039664339274168015,0.007718087639659643,0.09372658282518387,0.030671289190649986,0.0061078304424881935,0.06947536766529083,0.09376592189073563,0.008036366663873196,0.008242280222475529,0.0304331723600626,0.05486045405268669,0.02104572020471096,0.07611354440450668,0.0596223808825016,0.017354058101773262,0.015158808790147305,0.024068763479590416,0.0025188305880874395,0.08346860110759735,0.00917485449463129,0.009466574527323246,0.0212295800447464,0.010136443190276623,0.0071250335313379765,0.019028540700674057,0.0028210815507918596,0.048102594912052155
C:/Users/KUBA/GitProjects/WKIRO-Project/data/PQ006/Session1/Overground_Walk/Walk_Fast/Post_Process/Walk_Fast1.csv,5,PQ006,Session1,overground,walk,fast,21,PQ006,9,GQ016,0.09478633850812912,0.002079576486721635,0.08313193172216415,0.0444735549390316,0.040049802511930466,0.007425377611070871,0.09459422528743744,0.03094647265970707,0.00613428046926856,0.07034124433994293,0.09478633850812912,0.007710813079029322,0.00792892836034298,0.030882269144058228,0.05342501401901245,0.020888131111860275,0.07728519290685654,0.05996043607592583,0.016505766659975052,0.015214934945106506,0.024113411083817482,0.0024197238963097334,0.08309749513864517,0.008760583586990833,0.009143289178609848,0.021130751818418503,0.010285979136824608,0.006856369320303202,0.018839668482542038,0.0027279325295239687,0.04886048287153244
C:/Users/KUBA/GitProjects/WKIRO-Project/data/PQ006/Session1/Overground_Walk/Walk_Fast/Post_Process/Walk_Fast13.csv,3,PQ006,Session1,overground,walk,fast,21,PQ006,9,GQ016,0.09430378675460815,0.0021171702537685633,0.08290985226631165,0.04526601359248161,0.039849575608968735,0.007562038954347372,0.0942033901810646,0.03080275095999241,0.006112185772508383,0.06991264969110489,0.09430378675460815,0.007862993516027927,0.008075796067714691,0.03064960427582264,0.05415135622024536,0.020960645750164986,0.07670620828866959,0.059802502393722534,0.016917724162340164,0.0151820695027709,0.02408537268638611,0.002464389195665717,0.08331954479217529,0.00895844679325819,0.009292029775679111,0.02117372862994671,0.010199006646871567,0.006981274578720331,0.018930191174149513,0.0027693782467395067,0.04847833514213562
C:/Users/KUBA/GitProjects/WKIRO-Project/data/PQ006/Session1/Overground_Walk/Walk_Slow/Post_Process/Walk_Slow14.csv,7,PQ006,Session1,overground,walk,slow,21,PQ006,21,PQ006,0.9993758201599121,2.9183607352933905e-07,2.157806875402457e-06,2.1375722525363017e-08,4.595920017891331e-06,1.6555018689246026e-08,0.00024508943897672,4.406927587297105e-07,2.016249034397788e-08,1.841210405473248e-06,4.127878855797462e-05,9.137266054892734e-09,9.425386815564707e-05,1.622723715399843e-07,1.739976869430393e-05,2.684195806068601e-06,3.399027991690673e-05,6.654587991761218e-07,7.283301965799183e-05,2.6239038675157644e-07,4.294746395316906e-05,5.5105150664758185e-08,0.9993758201599121,1.3282950021675788e-05,1.5211687696137233e-06,4.039136183564551e-05,3.9764874060210786e-08,5.5266646086238325e-06,1.0329471251679934e-06,7.373451893499805e-08,1.2851580777351046e-06
C:/Users/KUBA/GitProjects/WKIRO-Project/data/PQ006/Session1/Overground_Walk/Walk_Slow/Post_Process/Walk_Slow15.csv,6,PQ006,Session1,overground,walk,slow,21,PQ006,9,GQ016,0.09432971477508545,0.002114718547090888,0.08291956037282944,0.045173246413469315,0.03988272324204445,0.00754767470061779,0.09422365576028824,0.030831918120384216,0.00611812062561512,0.06995097547769547,0.09432971477508545,0.007846927270293236,0.008060185238718987,0.030686087906360626,0.0540647991001606,0.020964527502655983,0.076754130423069,0.05981555953621864,0.016874613240361214,0.015193245373666286,0.02409902773797512,0.002461639465764165,0.0832839086651802,0.008938153274357319,0.009276448749005795,0.021181417629122734,0.010213159956037998,0.006968557834625244,0.018930604681372643,0.002767145400866866,0.0485275574028492
C:/Users/KUBA/GitProjects/WKIRO-Project/data/PQ006/Session1/Overground_Walk/Walk_Slow/Post_Process/Walk_Slow2.csv,7,PQ006,Session1,overground,walk,slow,21,PQ006,21,PQ006,0.9994112253189087,2.6654240059542644e-07,2.1622640815621708e-06,2.3923576009110548e-08,4.24237214247114e-06,1.6498324484359728e-08,0.00021239518537186086,3.90677058703659e-07,1.6018281812080204e-08,1.747346459524124e-06,4.008716132375412e-05,8.78849171215279e-09,9.365463483845815e-05,1.3301436752044538e-07,1.8779262973112054e-05,2.279133695992641e-06,3.109531826339662e-05,5.945789212091768e-07,8.114281081361696e-05,2.3197669918317843e-07,3.776004086830653e-05,5.129050961727444e-08,0.9994112253189087,1.3584705811808817e-05,1.462275008634606e-06,3.8871665310580283e-05,3.289477135126617e-08,5.590589807979995e-06,8.921473408918246e-07,6.929361973107007e-08,1.1367179695298546e-06
C:/Users/KUBA/GitProjects/WKIRO-Project/data/PQ006/Session1/Overground_Walk/Walk_Slow/Post_Process/Walk_Slow4.csv,6,PQ006,Session1,overground,walk,slow,21,PQ006,21,PQ006,0.9993400573730469,3.1917844012241403e-07,2.442627192067448e-06,2.9143782498408655e-08,5.3827975534659345e-06,2.2427007806413712e-08,0.00023254164261743426,5.116197598908911e-07,2.0462470828874757e-08,2.24361883738311e-06,4.671120041166432e-05,1.0854648735403316e-08,0.00010264393495162949,1.817256816138979e-07,2.0110173863940872e-05,2.928706408056314e-06,3.380569614819251e-05,7.670809623050445e-07,8.8744011009112e-05,3.168944999742962e-07,4.436013477970846e-05,6.085026882374223e-08,0.9993400573730469,1.4870711311232299e-05,1.7075390132959e-06,4.899647683487274e-05,4.500023109699214e-08,7.329439540626481e-06,1.139122332460829e-06,9.284983093493793e-08,1.5109770856724936e-06
C:/Users/KUBA/GitProjects/WKIRO-Project/data/PQ006/Session1/Treadmill_Walk/Treadmill_Walk_Fast/Post_Process/Treadmill_Walk_Fast.csv,119,PQ006,Session1,treadmill,walk,fast,21,PQ006,21,PQ006,0.9994053840637207,2.7828238557958684e-07,2.16324860957684e-06,2.7691820392306e-08,4.7502417146461084e-06,1.7657921347336014e-08,0.00019788162899203598,3.6898279631714104e-07,1.548756323188627e-08,1.7482451539763133e-06,4.2143456084886566e-05,9.099539788337552e-09,0.00010242150165140629,1.3006361143652612e-07,2.1084468244225718e-05,2.12009081224096e-06,3.263623148086481e-05,6.548972919517837e-07,8.361411892110482e-05,2.441932167585037e-07,3.877327253576368e-05,5.0824269237637054e-08,0.9994053840637207,1.4095215192355681e-05,1.896070784823678e-06,3.942163675674237e-05,3.559824079957252e-08,5.9328799579816405e-06,8.102152833089349e-07,6.765859694723986e-08,1.2683960903814295e-06
C:/Users/KUBA/GitProjects/WKIRO-Project/data/PQ006/Session2/Overground_Run/Run_Comfortable/Post_Process/Run_Comfortable6.csv,1,PQ006,Session2,overground,run,comfortable,21,PQ006,21,PQ006,0.9994625449180603,2.521600777072308e-07,1.545730128782452e-06,2.5822862070867814e-08,5.9698131735785864e-06,1.7610704006187916e-08,0.00020156412210781127,6.085894028728944e-07,1.5860861068972554e-08,2.3073257580108475e-06,2.8571030270541087e-05,7.552802827603955e-09,8.051252370933071e-05,1.9153657149217906e-07,1.4694305718876421e-05,3.1857223348197294e-06,2.2746791728422977e-05,8.335678103321698e-07,5.786282054032199e-05,2.7637875632535724e-07,6.292275065788999e-05,4.081613269590889e-08,0.9994625449180603,9.552069059282076e-06,1.0036143294200883e-06,3.503313928376883e-05,4.653957219602489e-08,4.353672920842655e-06,1.6124774901982164e-06,9.25650596173e-08,1.503527641943947e-06
C:/Users/KUBA/GitProjects/WKIRO-Project/data/PQ006/Session2/Overground_Run/Run_Comfortable/Post_Process/Run_Comfortable8.csv,1,PQ006,Session2,overground,run,comfortable,21,PQ006,21,PQ006,0.9994921684265137,1.719979394465554e-07,1.7802041156755877e-06,3.240646151425608e-08,5.936952220508829e-06,2.10044746040694e-08,0.00017231784295290709,5.268132667879399e-07,1.1124626553282724e-08,2.8074655347154476e-06,3.2162817660719156e-05,7.3124395427726085e-09,8.046408765949309e-05,1.4909346646163613e-07,1.5392937712022103e-05,2.570696779002901e-06,2.205418422818184e-05,8.624512020105612e-07,6.63722021272406e-05,2.6445434286870295e-07,5.081823474029079e-05,3.3724070647167537e-08,0.9994921684265137,1.0032925274572335e-05,9.682282779976958e-07,3.4188491554232314e-05,3.998391662207723e-08,4.841312602366088e-06,1.2970667739864439e-06,8.808789431213881e-08,1.5694851072112215e-06
C:/Users/KUBA/GitProjects/WKIRO-Project/data/PQ006/Session2/Overground_Run/Run_Comfortable/Post_Process/Run_Comfortable9.csv,2,PQ006,Session2,overground,run,comfortable,21,PQ006,9,GQ016,0.09504428505897522,0.002070085611194372,0.08315037190914154,0.04402592033147812,0.040183816105127335,0.007385787554085255,0.09469038248062134,0.031027276068925858,0.006188206374645233,0.07062681019306183,0.09504428505897522,0.007665054872632027,0.007883599027991295,0.031036794185638428,0.05293125659227371,0.020838312804698944,0.07767355442047119,0.060023993253707886,0.01628178171813488,0.015238267369568348,0.02412983402609825,0.002409054897725582,0.08280797302722931,0.008671779185533524,0.009114596992731094,0.02109876275062561,0.010396035388112068,0.0068218894302845,0.01876942813396454,0.0027208225801587105,0.049094341695308685
C:/Users/KUBA/GitProjects/WKIRO-Project/data/PQ006/Session2/Overground_Run/Run_Fast/Post_Process/Run_Fast1.csv,2,PQ006,Session2,overground,run,fast,21,PQ006,9,GQ016,0.09503073990345001,0.0021588816307485104,0.08238217234611511,0.04420245438814163,0.0402226522564888,0.00770850945264101,0.09380568563938141,0.030894823372364044,0.006492676213383675,0.0709407776594162,0.09503073990345001,0.008011389523744583,0.008209087885916233,0.031082063913345337,0.05246063321828842,0.020698070526123047,0.0781489908695221,0.05982659384608269,0.016396228224039078,0.015212291851639748,0.024051010608673096,0.0025184270925819874,0.08166861534118652,0.00887527409940958,0.009585810825228691,0.02095590904355049,0.010832632891833782,0.007127868942916393,0.01856287010014057,0.0028428062796592712,0.0490940660238266
C:/Users/KUBA/GitProjects/WKIRO-Project/data/PQ006/Session2/Overground_Run/Run_Fast/Post_Process/Run_Fast7.csv,1,PQ006,Session2,overground,run,fast,21,PQ006,9,GQ016,0.09355528652667999,0.0030970897059887648,0.07535357028245926,0.04554349556565285,0.04037130996584892,0.010988417081534863,0.08558409661054611,0.02976556308567524,0.009674598462879658,0.07273924350738525,0.09355528652667999,0.011558696627616882,0.011477611027657986,0.03133876994252205,0.04845212399959564,0.01963837631046772,0.08108945935964584,0.05763990432024002,0.01744072325527668,0.01500668190419674,0.02340110018849373,0.0036907223984599113,0.0720871239900589,0.010796280577778816,0.014536282978951931,0.019873950630426407,0.015191202983260155,0.010263757780194283,0.01699127070605755,0.004140255507081747,0.04871305823326111
C:/Users/KUBA/GitProjects/WKIRO-Project/data/PQ006/Session2/Overground_Walk/Walk_Comfortable/Post_Process/Walk_Comfortable6.csv,3,PQ006,Session2,overground,walk,comfortable,21,PQ006,21,PQ006,0.9990499019622803,2.5050092062883778e-06,1.1070319487771485e-05,2.7404641400607943e-07,1.9389999579288997e-06,8.025936182320947e-08,0.00014156584802549332,3.053386592455354e-07,7.900365517343744e-08,4.473251010495005e-06,3.686035779537633e-05,4.3763620283243654e-08,0.00027790688909590244,1.9789750638210535e-07,4.399053068482317e-05,1.2085771459169337e-06,8.960763807408512e-05,6.872132416901877e-06,0.00011241269385209307,1.881316933349808e-07,0.00010645057045621797,6.952773645707566e-08,0.9990499019622803,5.551878712140024e-05,1.669385346758645e-05,2.901653351727873e-05,1.601278221130542e-08,6.987370852584718e-06,1.0284935569870868e-06,1.1384046416651472e-07,2.6209336283500306e-06
C:/Users/KUBA/GitProjects/WKIRO-Project/data/PQ006/Session2/Overground_Walk/Walk_Slow/Post_Process/Walk_Slow2.csv,5,PQ006,Session2,overground,walk,slow,21,PQ006,21,PQ006,0.9993117451667786,3.8343009123309457e-07,3.2280829600495053e-06,5.081358978031858e-08,2.557818561399472e-06,2.8057584700036386e-08,0.00016843447519931942,2.911543504069414e-07,1.6163546945335838e-08,2.4410217065451434e-06,4.728518251795322e-05,1.2358635004261487e-08,0.0001655402302276343,8.36809022075613e-08,2.3503471311414614e-05,1.5601663108100183e-06,4.5367254642769694e-05,8.590408242525882e-07,0.00010995145566994324,1.3549814070756838e-07,5.0238322728546336e-05,5.4625655110385196e-08,0.9993117451667786,3.025522528332658e-05,2.5596559680707287e-06,2.600182415335439e-05,2.0975871706241378e-08,5.7855804698192514e-06,7.334053861995926e-07,6.30298302439769e-08,9.071655995285255e-07
C:/Users/KUBA/GitProjects/WKIRO-Project/data/RC020/Session1/Overground_Run/Run_Comfortable/Post_Process/Run_Comfortable7.csv,3,RC020,Session1,overground,run,comfortable,22,RC020,23,RC023,0.1559142917394638,0.029846446588635445,0.0059676808305084705,0.0617135651409626,0.0043223220854997635,0.10311919450759888,0.005706581752747297,0.0026297082658857107,0.011788207106292248,0.007729714270681143,0.008707684464752674,0.1334894448518753,0.09747780114412308,0.0026349874678999186,0.022552967071533203,0.0037729174364358187,0.007927135564386845,0.006199105177074671,0.05999813973903656,0.001981946639716625,0.0031676406506448984,0.04195166006684303,0.008207214064896107,0.06292722374200821,0.1559142917394638,0.0032737862784415483,0.007748680654913187,0.10031143575906754,0.0030550940427929163,0.03227972611784935,0.0035976541694253683
C:/Users/KUBA/GitProjects/WKIRO-Project/data/RC020/Session1/Overground_Run/Run_Fast/Post_Process/Run_Fast1.csv,1,RC020,Session1,overground,run,fast,22,RC020,23,RC023,0.15576574206352234,0.02983259968459606,0.005979818291962147,0.06181270256638527,0.004329564515501261,0.103084035217762,0.005720364395529032,0.002635041018947959,0.011771461926400661,0.007741349749267101,0.008721712045371532,0.13343416154384613,0.09745602309703827,0.0026389467529952526,0.02260565012693405,0.0037801943253725767,0.007935958914458752,0.006211943458765745,0.060088835656642914,0.0019851825200021267,0.0031727547757327557,0.04191170632839203,0.008227117359638214,0.06295499950647354,0.15576574206352234,0.00328041217289865,0.007740352768450975,0.1002681702375412,0.0030616812873631716,0.03224795311689377,0.0036035419907420874
C:/Users/KUBA/GitProjects/WKIRO-Project/data/RC020/Session1/Overground_Run/Run_Fast/Post_Process/Run_Fast4.csv,1,RC020,Session1,overground,run,fast,22,RC020,22,RC020,0.999062716960907,4.299525642181834e-07,4.90560669277329e-05,1.5236900253512431e-05,1.4204254661365212e-08,3.1792042136657983e-06,4.620072104444262e-06,3.2538596261844077e-09,9.89798081718618e-07,1.0787909587861577e-07,9.055328519025352e-06,1.7430857042199932e-06,4.570667078951374e-05,3.608771947938294e-08,9.929602128977422e-06,5.587246505456278e-07,9.483394387643784e-05,1.3620740446640411e-07,0.00033533049281686544,8.815423058194938e-08,4.972996975993738e-06,0.00012558700109366328,7.190811447799206e-05,0.999062716960907,0.00015037119737826288,5.1569582382171575e-08,7.157720460782002e-08,8.474208698316943e-06,4.611932126863394e-06,1.4466027664639114e-07,4.762598138086105e-08
C:/Users/KUBA/GitProjects/WKIRO-Project/data/RC020/Session1/Overground_Walk/Walk_Comfortable/Post_Process/Walk_Comfortable4.csv,3,RC020,Session1,overground,walk,comfortable,22,RC020,22,RC020,0.9990031123161316,3.8127731727399805e-07,9.90111511782743e-05,1.3392288565228228e-05,4.883895954321815e-08,9.318534466729034e-06,1.7985128579312004e-05,1.3176966184857974e-08,5.834409876115387e-06,9.867508055094731e-08,1.4251098036766052e-05,6.048369982636359e-07,2.111263711412903e-05,1.4632338718456595e-07,4.2788233258761466e-05,2.836251269400236e-07,0.00018846102466341108,5.276272645460267e-07,0.00018936880223918706,3.359806655112152e-08,2.6493607947486453e-06,6.381280400091782e-05,0.000207774035516195,0.9990031123161316,7.807771908119321e-05,1.4425292249597987e-07,4.588933677496243e-08,3.59334699169267e-05,4.506855020736111e-06,1.8030023340998014e-07,1.5428385324867122e-07
C:/Users/KUBA/GitProjects/WKIRO-Project/data/RC020/Session1/Overground_Walk/Walk_Comfortable/Post_Process/Walk_Comfortable5.csv,6,RC020,Session1,overground,walk,comfortable,22,RC020,23,RC023,0.1188797652721405,0.02466013841331005,0.011828825809061527,0.09071711450815201,0.006825784686952829,0.08546533435583115,0.01138332113623619,0.0045967730693519115,0.009267936460673809,0.011560683138668537,0.014288234524428844,0.10876000672578812,0.08302470296621323,0.004124281462281942,0.04337696731090546,0.006854693870991468,0.011535410769283772,0.01075113657861948,0.08236348628997803,0.0032693222165107727,0.005398338194936514,0.033674582839012146,0.01794215478003025,0.06677420437335968,0.1188797652721405,0.005959404166787863,0.00662686862051487,0.08201709389686584,0.006099531892687082,0.026141585782170296,0.005832300987094641
C:/Users/KUBA/GitProjects/WKIRO-Project/data/RC020/Session1/Overground_Walk/Walk_Fast/Post_Process/Walk_Fast5.csv,3,RC020,Session1,overground,walk,fast,22,RC020,23,RC023,0.15431945025920868,0.029663093388080597,0.006141777615994215,0.06285662204027176,0.004418772179633379,0.10251808911561966,0.0058747329749166965,0.0026966261211782694,0.011701165698468685,0.007889657281339169,0.00891401618719101,0.13257940113544464,0.09704820066690445,0.0026934233028441668,0.023166432976722717,0.0038711305242031813,0.008084740489721298,0.0063553061336278915,0.06093517318367958,0.002028448274359107,0.003245030762627721,0.041627589613199234,0.00846590381115675,0.06328506022691727,0.15431945025920868,0.00335948565043509,0.007728856056928635,0.09965460747480392,0.0031427291687577963,0.03205268085002899,0.003681775415316224
C:/Users/KUBA/GitProjects/WKIRO-Project/data/RC020/Session2/Overground_Run/Run_Comfortable/Post_Process/Run_Comfortable5.csv,2,RC020,Session2,overground,run,comfortable,22,RC020,23,RC023,0.15587946772575378,0.02984256111085415,0.005970003083348274,0.06173887848854065,0.00432343827560544,0.10311131179332733,0.0057091666385531425,0.0026305890642106533,0.011782720685005188,0.007731441408395767,0.008710060268640518,0.1334782838821411,0.09747375547885895,0.0026355134323239326,0.022565476596355438,0.0037743246648460627,0.00792827270925045,0.006201434880495071,0.06002330034971237,0.001982468646019697,0.003168515395373106,0.04194211587309837,0.008211428299546242,0.06293688714504242,0.15587946772575378,0.0032750158570706844,0.007745545357465744,0.10030152648687363,0.0030564195476472378,0.03227157145738602,0.003598507959395647
C:/Users/KUBA/GitProjects/WKIRO-Project/data/RC020/Session2/Overground_Run/Run_Comfortable/Post_Process/Run_Comfortable6.csv,1,RC020,Session2,overground,run,comfortable,22,RC020,22,RC020,0.9987316727638245,8.673977163198288e-07,1.304148190683918e-05,1.0885900337598287e-05,7.436494531276594e-09,5.015703663957538e-06,9.879764775178046e-07,4.862034663766224e-10,6.704385668854229e-07,6.380470551903272e-08,6.5233316490775906e-06,2.4902692530304193e-06,5.3434338042279705e-05,1.8044548966145157e-08,4.637294296117034e-06,3.381832129889517e-07,3.2605275919195265e-05,6.833283094920262e-08,0.0004006969975307584,5.105471601041245e-08,4.104294930584729e-06,7.563838880741969e-05,4.185706711723469e-05,0.9987316727638245,0.0005926352459937334,3.482372790131194e-08,1.0564296104575988e-07,1.907501973619219e-05,2.24161294681835e-06,1.8221604136670067e-07,3.631241440871236e-08
C:/Users/KUBA/GitProjects/WKIRO-Project/data/RC020/Session2/Overground_Run/Run_Fast/Post_Process/Run_Fast8.csv,1,RC020,Session2,overground,run,fast,22,RC020,22,RC020,0.9896520972251892,2.6442274247528985e-05,0.00010367329377913848,4.201546835247427e-05,4.5729802167215894e-08,7.708645716775209e-05,6.943148491700413e-06,4.1140552076157633e-10,0.00013225134171079844,5.376647891353059e-07,2.3806878743926063e-06,1.1133097359561361e-05,6.001838846714236e-05,9.769161835038176e-08,4.423816062626429e-05,3.6343467968436016e-07,2.2458803869085386e-05,1.1064106075764357e-07,0.007323313970118761,6.927069762241445e-08,9.763392654349445e-07,0.0007458400796167552,7.743942660454195e-06,0.9896520972251892,0.0013055773451924324,1.5498369521083077e-07,1.6824242266011424e-06,0.00036004616413265467,6.380667036864907e-05,8.721599442651495e-06,1.678053678233482e-07
C:/Users/KUBA/GitProjects/WKIRO-Project/data/RC020/Session2/Overground_Run/Run_Fast/Post_Process/Run_Fast9.csv,1,RC020,Session2,overground,run,fast,22,RC020,23,RC023,0.15598495304584503,0.029853975400328636,0.005958372261375189,0.06166264787316322,0.004317157901823521,0.10315607488155365,0.005698597989976406,0.002626261906698346,0.011786941438913345,0.007721238303929567,0.008696476928889751,0.1335446685552597,0.09750597923994064,0.002631617244333029,0.022525256499648094,0.0037675972562283278,0.00791755598038435,0.0061915866099298,0.059960074722766876,0.001979302614927292,0.003163151675835252,0.04195797070860863,0.008194330148398876,0.06290900707244873,0.15598495304584503,0.0032692605163902044,0.0077458699233829975,0.100348562002182,0.0030504362657666206,0.03228204324841499,0.0035929903388023376
C:/Users/KUBA/GitProjects/WKIRO-Project/data/RC020/Session2/Overground_Walk/Walk_Fast/Post_Process/Walk_Fast3.csv,2,RC020,Session2,overground,walk,fast,22,RC020,23,RC023,0.1559840738773346,0.029845956712961197,0.005967889912426472,0.061666443943977356,0.004324012435972691,0.10313484817743301,0.0057077608071267605,0.0026302842888981104,0.011803966015577316,0.007734497077763081,0.008711688220500946,0.13350453972816467,0.09748827666044235,0.002636337885633111,0.022533854469656944,0.0037714343052357435,0.007932809181511402,0.0062005724757909775,0.059930093586444855,0.001982089364901185,0.0031675281934440136,0.0419493168592453,0.008204221725463867,0.0628877580165863,0.1559840738773346,0.003272797679528594,0.007760071195662022,0.10033044219017029,0.003053301479667425,0.03228357806801796,0.0035995817743241787
C:/Users/KUBA/GitProjects/WKIRO-Project/data/RC020/Session2/Overground_Walk/Walk_Fast/Post_Process/Walk_Fast8.csv,2,RC020,Session2,overground,walk,fast,22,RC020,22,RC020,0.9986351728439331,9.833506737777498e-07,3.1582050723955035e-05,1.7815358660300262e-05,1.5963211197345117e-08,9.033055903273635e-06,3.2497650863660965e-06,1.478839495305806e-09,1.5191128568403656e-06,1.2003334859400638e-07,1.1655472917482257e-05,1.7201530226884643e-06,3.927354555344209e-05,6.208794900430803e-08,1.0394516721135005e-05,9.726650205266196e-07,5.2193769079167396e-05,1.55476925556286e-07,0.0005027353763580322,6.347518421989662e-08,5.729212716687471e-06,8.410065493080765e-05,8.13296646811068e-05,0.9986351728439331,0.0004734343965537846,1.4733578268533165e-07,1.2501848800638982e-07,2.6571426133159548e-05,9.36540982365841e-06,3.1864152560956427e-07,1.475215753998782e-07
C:/Users/KUBA/GitProjects/WKIRO-Project/data/RC020/Session2/Overground_Walk/Walk_Slow/Post_Process/Walk_Slow5.csv,4,RC020,Session2,overground,walk,slow,22,RC020,23,RC023,0.15593476593494415,0.029799796640872955,0.006047694943845272,0.061672769486904144,0.004385812673717737,0.10298631340265274,0.005789179354906082,0.002667432650923729,0.011945976875722408,0.007851299829781055,0.00883963517844677,0.13319861888885498,0.09734663367271423,0.0026782201603055,0.022602807730436325,0.0038054632022976875,0.00806002039462328,0.006281535606831312,0.05966205522418022,0.0020068329758942127,0.0032053657341748476,0.04187267646193504,0.008286722004413605,0.06266993284225464,0.15593476593494415,0.0033052172511816025,0.007879545912146568,0.10019046068191528,0.003078708192333579,0.03229057416319847,0.0036579507868736982
C:/Users/KUBA/GitProjects/WKIRO-Project/data/RC020/Session2/Overground_Walk/Walk_Slow/Post_Process/Walk_Slow6.csv,3,RC020,Session2,overground,walk,slow,22,RC020,22,RC020,0.9969258308410645,2.666842419785098e-06,7.023868238320574e-05,5.878600859432481e-05,1.718442455000968e-08,8.960873856267426e-06,3.4015604342130246e-06,1.7156348564029145e-09,3.143072035527439e-06,1.2288624873235676e-07,1.5070608242240269e-05,4.558204182103509e-06,3.461453889030963e-05,2.1416248330297094e-07,3.23120184475556e-05,9.90779881249182e-07,7.386641664197668e-05,8.573907166464778e-07,0.00046271123574115336,1.7027703336225386e-07,9.798134669836145e-06,5.261848491500132e-05,0.0001206750821438618,0.9969258308410645,0.0020498670637607574,1.520993038184315e-07,1.4642115786500653e-07,5.699183384422213e-05,9.887999112834223e-06,6.190628596414172e-07,6.801673748668691e-07
C:/Users/KUBA/GitProjects/WKIRO-Project/data/RC023/Session1/Overground_Run/Run_Fast/Post_Process/Run_Fast3.csv,1,RC023,Session1,overground,run,fast,23,RC023,23,RC023,0.9795555472373962,0.007160097826272249,1.8929040379589424e-06,6.412506627384573e-05,2.435691612845403e-07,0.00014127285976428539,5.090146260045003e-07,6.085713835091155e-07,6.669534923275933e-05,1.9943793461152381e-07,7.687565812375396e-06,0.00041930779116228223,0.0003027510247193277,6.93824258632958e-05,7.54187858547084e-05,4.84774034248403e-07,1.391875139233889e-05,6.338887033052742e-07,2.6532108677201904e-05,4.820950039174932e-07,4.922356765746372e-06,5.220184448262444e-06,2.542910078773275e-05,0.000324410357279703,0.9795555472373962,2.548818656578078e-06,0.0001291892840526998,0.011512666940689087,4.791847345586575e-07,8.408991561736912e-05,3.277082669228548e-06
C:/Users/KUBA/GitProjects/WKIRO-Project/data/RC023/Session1/Overground_Walk/Walk_Comfortable/Post_Process/Walk_Comfortable1.csv,4,RC023,Session1,overground,walk,comfortable,23,RC023,23,RC023,0.15599019825458527,0.029847532510757446,0.005966302007436752,0.06166253983974457,0.004322713240981102,0.10313769429922104,0.005705787800252438,0.002629447728395462,0.011802940629422665,0.00773213617503643,0.00870912428945303,0.13351057469844818,0.09748934209346771,0.002635528799146414,0.022530637681484222,0.0037706936709582806,0.007930587977170944,0.006198660470545292,0.059930913150310516,0.0019816092681139708,0.003166839247569442,0.04195412993431091,0.008202171884477139,0.06289106607437134,0.15599019825458527,0.0032720647286623716,0.007758897263556719,0.10033242404460907,0.003052731975913048,0.03228624910116196,0.0035984409041702747
C:/Users/KUBA/GitProjects/WKIRO-Project/data/RC023/Session1/Overground_Walk/Walk_Comfortable/Post_Process/Walk_Comfortable2.csv,5,RC023,Session1,overground,walk,comfortable,23,RC023,23,RC023,0.9983660578727722,0.00035669765202328563,3.8055628692745813e-07,1.641736162127927e-06,2.6632614336108418e-08,1.2986260117031634e-05,1.2986005515358556e-07,2.1409144679296332e-08,2.36985542869661e-05,2.483211325454704e-08,5.15065721629071e-07,1.4479823221336119e-05,9.332513582194224e-05,3.169056526530767e-06,6.829621270298958e-06,6.025197762937751e-08,3.160497726639733e-05,7.088312372616201e-07,3.873699370160466e-06,4.857134427993515e-08,2.225991920568049e-06,2.161286374757765e-06,1.3853876225766726e-05,0.0006796648376621306,0.9983660578727722,5.410378776105063e-07,8.284740033559501e-06,0.00037405823240987957,1.3654231167947728e-07,9.671217640061514e-07,1.809355467230489e-06
C:/Users/KUBA/GitProjects/WKIRO-Project/data/RC023/Session1/Overground_Walk/Walk_Comfortable/Post_Process/Walk_Comfortable5.csv,6,RC023,Session1,overground,walk,comfortable,23,RC023,23,RC023,0.15598993003368378,0.029849683865904808,0.005962376948446035,0.061664119362831116,0.004319647792726755,0.10314434766769409,0.005701812449842691,0.002627626294270158,0.011795267462730408,0.007726274896413088,0.008702750317752361,0.13352493941783905,0.09749630093574524,0.0026334382127970457,0.022528043016791344,0.0037690738681703806,0.007924159057438374,0.006194686517119408,0.05994679033756256,0.001980389468371868,0.003164975205436349,0.04195748269557953,0.0081982696428895,0.06290316581726074,0.15598993003368378,0.0032705117482692003,0.00775254936888814,0.10033892840147018,0.0030515408143401146,0.03228538855910301,0.0035955242346972227
C:/Users/KUBA/GitProjects/WKIRO-Project/data/RC023/Session1/Overground_Walk/Walk_Slow/Post_Process/Walk_Slow2.csv,6,RC023,Session1,overground,walk,slow,23,RC023,23,RC023,0.9983604550361633,0.00035314427805133164,4.399937267862697e-07,1.7971675561057054e-06,3.166870499171637e-08,1.2728593901556451e-05,1.4557964789219113e-07,2.471272075865727e-08,2.733367909968365e-05,3.0062924594176366e-08,5.691724140888255e-07,1.463655280531384e-05,9.348631283501163e-05,3.7077015804243274e-06,6.814717835368356e-06,7.027171733398063e-08,3.7883037293795496e-05,7.822172847227193e-07,3.7569661799352616e-06,5.668912805845139e-08,2.5333065423183143e-06,2.262448106193915e-06,1.4318294233817142e-05,0.0006881992449052632,0.9983604550361633,5.778737772743625e-07,1.0094158824358601e-05,0.00036084791645407677,1.5747919235309382e-07,1.0051639947050717e-06,2.1074772575957468e-06
C:/Users/KUBA/GitProjects/WKIRO-Project/data/RC023/Session1/Treadmill_Run/Treadmill_Run_Fast/Post_Process/Treadmill_Run_Fast.csv,119,RC023,Session1,treadmill,run,fast,23,RC023,23,RC023,0.9936096668243408,0.0004143223923165351,5.89081594171148e-07,2.5876825020532124e-06,9.883176232960977e-08,2.9494447517208755e-05,5.63283322208008e-07,1.396866338154723e-07,5.0965685659321025e-05,3.4506236090692255e-08,2.389426526860916e-06,1.6295733075821772e-05,0.00014318095054477453,8.607326890341938e-06,2.3884906113380566e-05,1.0192220400995211e-07,3.8715239497832954e-05,1.4268771337810904e-06,1.336355762759922e-05,2.3831059081658168e-07,2.162474629585631e-06,7.275887583091389e-06,1.6739480997784995e-05,0.0003906138299498707,0.9936096668243408,3.1336539905169047e-06,2.137565206794534e-05,0.005188869312405586,2.1284013485001196e-07,6.338008006423479e-06,6.590197699551936e-06
C:/Users/KUBA/GitProjects/WKIRO-Project/data/RC023/Session2/Overground_Run/Run_Comfortable/Post_Process/Run_Comfortable4.csv,2,RC023,Session2,overground,run,comfortable,23,RC023,23,RC023,0.9949383735656738,0.0003114703285973519,2.979363671329338e-06,1.7846652553998865e-05,1.4560848526912196e-08,6.466908416769002e-06,1.2351181055691995e-07,1.4853224428179601e-08,0.0003175520687364042,1.747471500834763e-08,1.5734769931441406e-06,1.0824697710631881e-05,3.819027915596962e-05,4.786299086845247e-06,4.303680543671362e-05,9.448677928958205e-08,0.00010783443576656282,3.0298087949631736e-07,2.9687998903682455e-05,1.8060180195789144e-07,4.554474799078889e-06,1.2870557839050889e-05,1.948941280716099e-05,0.0036108847707509995,0.9949383735656738,9.445148521081137e-07,3.37165838573128e-05,0.00047381315380334854,1.0975866189255612e-06,9.582242455508094e-06,1.723888999549672e-06
C:/Users/KUBA/GitProjects/WKIRO-Project/data/RC023/Session2/Overground_Run/Run_Fast/Post_Process/Run_Fast9.csv,1,RC023,Session2,overground,run,fast,23,RC023,23,RC023,0.14789478480815887,0.028950318694114685,0.006824666168540716,0.06752870976924896,0.004781840834766626,0.1000802293419838,0.006532028783112764,0.002954924013465643,0.011270354501903057,0.008475235663354397,0.009688882157206535,0.12897305190563202,0.09529067575931549,0.002910809125751257,0.02570059522986412,0.004264466464519501,0.008651785552501678,0.006956659257411957,0.06491555273532867,0.0022077886387705803,0.003545967862010002,0.040377672761678696,0.00951188150793314,0.06478676944971085,0.14789478480815887,0.003701189998537302,0.007574818562716246,0.09701419621706009,0.003499047365039587,0.031139424070715904,0.00399569608271122
C:/Users/KUBA/GitProjects/WKIRO-Project/data/RC023/Session2/Overground_Walk/Walk_Comfortable/Post_Process/Walk_Comfortable4.csv,4,RC023,Session2,overground,walk,comfortable,23,RC023,23,RC023,0.9983202219009399,0.0003537880547810346,5.146425223756523e-07,2.0742436390719377e-06,3.054769592836237e-08,1.3553440112445969e-05,1.815288896978018e-07,2.751200334216719e-08,3.714963168022223e-05,2.8773548876870336e-08,5.678548404830508e-07,1.6684800357325003e-05,9.742427209857851e-05,3.703014272105065e-06,7.729765457042959e-06,5.394756641408094e-08,3.244362960685976e-05,6.833062684563629e-07,5.052924279880244e-06,7.412483427060579e-08,1.701030669210013e-06,2.7871080874319887e-06,1.0492145520402119e-05,0.0005448543815873563,0.9983202219009399,7.176452641033393e-07,1.0574258340056986e-05,0.0005328655824996531,1.8152664438275679e-07,1.4302621593742515e-06,2.4699852474441286e-06
C:/Users/KUBA/GitProjects/WKIRO-Project/data/RC023/Session2/Overground_Walk/Walk_Fast/Post_Process/Walk_Fast6.csv,3,RC023,Session2,overground,walk,fast,23,RC023,23,RC023,0.9964993596076965,0.0014238660223782063,8.726906912670529e-07,2.5684958018246107e-06,9.536472589388723e-08,1.1603177881625015e-05,3.647046185051295e-07,1.955859829649853e-07,0.0003395621897652745,4.0650764532301764e-08,9.044923103829206e-07,2.0290266547817737e-05,6.81092424201779e-05,1.643739960854873e-05,1.554112350277137e-05,1.212966651564784e-07,3.634547465480864e-05,1.0883641152759083e-06,9.669857718108688e-06,7.930475476314314e-07,3.6246640320314327e-06,1.120097022067057e-05,8.396105840802193e-06,0.0003302018449176103,0.9964993596076965,4.715604973171139e-06,5.0540678785182536e-05,0.0011243820190429688,9.922204071699525e-07,9.473369573242962e-06,8.601878107583616e-06
C:/Users/KUBA/GitProjects/WKIRO-Project/data/RC023/Session2/Overground_Walk/Walk_Slow/Post_Process/Walk_Slow3.csv,10,RC023,Session2,overground,walk,slow,23,RC023,23,RC023,0.9981528520584106,0.0003783909778576344,8.19393619622133e-07,2.9218508643680252e-06,5.5246335506353716e-08,1.2942900866619311e-05,2.8522021011667675e-07,4.582290102916886e-08,6.415850657504052e-05,5.1461444883216245e-08,9.000071941045462e-07,1.7698799638310447e-05,8.677833102410659e-05,6.211207164596999e-06,9.615883755031973e-06,7.337776253280026e-08,5.686405347660184e-05,1.11030169591686e-06,5.333202352630906e-06,1.333747547960229e-07,2.388650955253979e-06,2.7632002002064837e-06,1.2340182365733199e-05,0.0005718454485759139,0.9981528520584106,9.816909596338519e-07,1.7184698663186282e-05,0.0005893215420655906,2.7391902790441236e-07,1.6099826325444155e-06,4.002782134193694e-06
C:/Users/KUBA/GitProjects/WKIRO-Project/data/RC023/Session2/Overground_Walk/Walk_Slow/Post_Process/Walk_Slow5.csv,9,RC023,Session2,overground,walk,slow,23,RC023,23,RC023,0.9981028437614441,0.0003563555656000972,8.048685344874684e-07,2.690983137654257e-06,5.125860624843881e-08,1.392438844050048e-05,2.8725114020744513e-07,4.433321265651102e-08,6.090033275540918e-05,5.114356582680557e-08,9.166177505903761e-07,1.72192831087159e-05,9.348205639980733e-05,5.8883688325295225e-06,8.71367592480965e-06,7.623569331371982e-08,5.91896241530776e-05,1.0340908147554728e-06,4.890679065283621e-06,1.2088793255315977e-07,2.4291198315040674e-06,2.9118441489117686e-06,1.2440639693522826e-05,0.0006706765852868557,0.9981028437614441,1.031796045936062e-06,1.4912245205778163e-05,0.0005604124162346125,2.5380020929333114e-07,1.4513992709908052e-06,4.0056006582744885e-06
C:/Users/KUBA/GitProjects/WKIRO-Project/data/RC023/Session2/Treadmill_Walk/Treadmill_Walk_Comfortable/Post_Process/Treadmill_Walk_Comfortable.csv,119,RC023,Session2,treadmill,walk,comfortable,23,RC023,23,RC023,0.9958888292312622,0.0004323877510614693,1.1356023605912924e-06,4.612708380591357e-06,5.761472010590296e-08,2.318816405022517e-05,4.234439927586209e-07,5.482277742885344e-08,9.17537763598375e-05,5.4327575327306477e-08,1.5195456626315718e-06,3.013544665009249e-05,8.445329876849428e-05,7.2078046287060715e-06,1.949739089468494e-05,1.0843586295550267e-07,5.758081533713266e-05,1.884382868411194e-06,1.0362357897975016e-05,2.075761216246974e-07,2.3874138150858926e-06,4.555708528641844e-06,1.6375965060433373e-05,0.0020572550129145384,0.9958888292312622,9.823459095059661e-07,1.6487783796037547e-05,0.0012389839394018054,3.7283999176906946e-07,1.835122702686931e-06,5.2613963816838805e-06
C:/Users/KUBA/GitProjects/WKIRO-Project/data/RC023/Session2/Treadmill_Walk/Treadmill_Walk_Slow/Post_Process/Treadmill_Walk_Slow.csv,119,RC023,Session2,treadmill,walk,slow,23,RC023,23,RC023,0.9978642463684082,0.00045265283551998436,1.1084594007115811e-06,2.4318339910678333e-06,7.82767628493275e-08,1.4086157534620725e-05,5.767604989159736e-07,5.9340749203329324e-08,0.00014294369611889124,5.726842644548924e-08,8.707386882633728e-07,1.6822668840177357e-05,7.546107372036204e-05,6.9610728132829536e-06,2.516403947083745e-05,5.369668798493876e-08,5.7950390328187495e-05,1.4201689282344887e-06,1.1624251783359796e-05,1.508458211674224e-07,2.0365619093354326e-06,3.602902552302112e-06,1.412085384799866e-05,0.00041888654232025146,0.9978642463684082,1.2668944009419647e-06,1.996465834963601e-05,0.0008576354593969882,3.832223853805772e-07,1.8747016383713344e-06,5.42137740922044e-06
C:/Users/KUBA/GitProjects/WKIRO-Project/data/RV028/Session1/Overground_Run/Run_Comfortable/Post_Process/Run_Comfortable9.csv,1,RV028,Session1,overground,run,comfortable,24,RV028,6,DC005,0.09967262297868729,0.007241449318826199,0.02913113310933113,0.007403403986245394,0.07272600382566452,0.001982168760150671,0.027990376576781273,0.09967262297868729,0.02242249622941017,0.030761051923036575,0.023048294708132744,0.001891587395220995,0.0019653276540338993,0.08138732612133026,0.011762303300201893,0.08100027590990067,0.026267070323228836,0.029215171933174133,0.004881208296865225,0.05600547417998314,0.06954347342252731,0.010943314991891384,0.028375770896673203,0.002921209903433919,0.002488505095243454,0.0942961722612381,0.02988830767571926,0.0022583799436688423,0.06767730414867401,0.012448172084987164,0.06240467354655266
C:/Users/KUBA/GitProjects/WKIRO-Project/data/RV028/Session1/Overground_Walk/Walk_Comfortable/Post_Process/Walk_Comfortable10.csv,6,RV028,Session1,overground,walk,comfortable,24,RV028,24,RV028,0.9986483454704285,1.936386979650706e-07,5.433623755379813e-07,1.2249115854956472e-07,2.01299899345031e-05,3.329231185489334e-05,0.00018691069271881133,9.657174086896703e-05,8.143641935021151e-06,8.353978955710772e-06,2.0423171008587815e-05,5.38567590524508e-09,2.086519771182793e-06,6.196793492563302e-06,9.315192528447369e-07,0.00029780008480884135,7.085555989760906e-05,1.937437082233373e-05,8.721351150597911e-06,5.216569206822896e-06,7.31653699403978e-07,3.468725481070578e-06,4.247053220751695e-05,2.9549394753303204e-07,1.8762831359708798e-06,0.9986483454704285,3.752501527287677e-07,2.5390982045792043e-05,6.685746939183446e-06,2.9608327167807147e-06,0.0004814751155208796
C:/Users/KUBA/GitProjects/WKIRO-Project/data/RV028/Session1/Overground_Walk/Walk_Fast/Post_Process/Walk_Fast4.csv,4,RV028,Session1,overground,walk,fast,24,RV028,24,RV028,0.9976440072059631,1.9025137021344563e-07,6.374623353622155e-07,1.6616267828339915e-07,2.2648835511063226e-05,5.1212977268733084e-05,0.00034803643939085305,8.679520396981388e-05,9.859025340119842e-06,1.1093938155681826e-05,2.9368809919105843e-05,7.17328818566898e-09,2.0959239463991253e-06,9.079177289095242e-06,1.0619213526297244e-06,0.0006494728149846196,8.637027349323034e-05,3.6469045880949125e-05,1.2343906746536959e-05,1.0442128768772818e-05,1.0344920156057924e-06,5.143857833900256e-06,5.237273944658227e-05,4.58647235745957e-07,1.8699399788602022e-06,0.9976440072059631,5.147291517459962e-07,3.093944178544916e-05,1.348549994872883e-05,4.268235898052808e-06,0.0008784675155766308
C:/Users/KUBA/GitProjects/WKIRO-Project/data/RV028/Session1/Treadmill_Walk/Treadmill_Walk_Comfortable/Post_Process/Treadmill_Walk_Comfortable.csv,117,RV028,Session1,treadmill,walk,comfortable,24,RV028,24,RV028,0.9988787174224854,2.8880722879875975e-07,5.410950620898802e-07,1.0735465849620596e-07,1.8850292690331116e-05,1.9062383216805756e-05,0.00011037656804546714,0.00010461901547387242,1.0999259757227264e-05,5.326825430529425e-06,8.696422810317017e-06,4.382281648673825e-09,1.607723675078887e-06,9.367465281684417e-06,1.3009164376853732e-06,0.00011805709800682962,5.8551348047330976e-05,1.861562668636907e-05,4.2240308175678365e-06,3.151087639707839e-06,5.671344069924089e-07,1.7894387838168768e-06,3.638767884694971e-05,1.1778028863318468e-07,3.6203168747306336e-06,0.9988787174224854,2.802429150960961e-07,2.4113294784910977e-05,4.176674792688573e-06,2.6715824787970632e-06,0.0005538832047022879
C:/Users/KUBA/GitProjects/WKIRO-Project/data/RV028/Session2/Overground_Run/Run_Comfortable/Post_Process/Run_Comfortable4.csv,2,RV028,Session2,overground,run,comfortable,24,RV028,6,DC005,0.09945276379585266,0.007076862268149853,0.02963385172188282,0.007555095478892326,0.07263660430908203,0.0019722036086022854,0.028498433530330658,0.09945276379585266,0.021700873970985413,0.03096674755215645,0.023368241265416145,0.0018823780119419098,0.0019591094460338354,0.08099149167537689,0.012055356055498123,0.08100838959217072,0.026455093175172806,0.029546990990638733,0.004961736034601927,0.05578329414129257,0.06947031617164612,0.010661391541361809,0.02898925542831421,0.0029376556631177664,0.0024635689333081245,0.0941760241985321,0.029048096388578415,0.0022421434987336397,0.0679144561290741,0.012119566090404987,0.06247202679514885
C:/Users/KUBA/GitProjects/WKIRO-Project/data/RV028/Session2/Overground_Run/Run_Comfortable/Post_Process/Run_Comfortable5.csv,2,RV028,Session2,overground,run,comfortable,24,RV028,6,DC005,0.09936255216598511,0.007105301134288311,0.029627520591020584,0.007566630840301514,0.07264085114002228,0.0019837389700114727,0.028495393693447113,0.09936255216598511,0.02181422710418701,0.031009020283818245,0.023395158350467682,0.0018937583081424236,0.0019701120909303427,0.08098593354225159,0.01205402985215187,0.08089424669742584,0.026501307263970375,0.029556117951869965,0.004968708381056786,0.055743295699357986,0.0694168210029602,0.010705219581723213,0.028965655714273453,0.0029472624883055687,0.002480356488376856,0.09403713792562485,0.02918338216841221,0.0022552418522536755,0.06778717041015625,0.012169504538178444,0.06248434633016586
C:/Users/KUBA/GitProjects/WKIRO-Project/data/RV028/Session2/Overground_Run/Run_Comfortable/Post_Process/Run_Comfortable6.csv,2,RV028,Session2,overground,run,comfortable,24,RV028,6,DC005,0.09796320647001266,0.0075769321992993355,0.029562413692474365,0.00802555400878191,0.07191299647092819,0.002141463104635477,0.02834690921008587,0.09796320647001266,0.02216361090540886,0.030858511105179787,0.023343749344348907,0.00205311831086874,0.002125567989423871,0.0795603096485138,0.012564757838845253,0.08126701414585114,0.026334811002016068,0.02953776717185974,0.005361467599868774,0.05533979460597038,0.06910938769578934,0.01142716035246849,0.029240526258945465,0.0031813266687095165,0.0026744846254587173,0.09406404942274094,0.02923009544610977,0.002432629931718111,0.06822852045297623,0.012883907184004784,0.06148800998926163
C:/Users/KUBA/GitProjects/WKIRO-Project/data/RV028/Session2/Overground_Run/Run_Fast/Post_Process/Run_Fast10.csv,1,RV028,Session2,overground,run,fast,24,RV028,24,RV028,0.9860119223594666,2.1666858174285153e-06,7.479527084797155e-06,3.117435767308052e-07,0.000468306039692834,3.0081930162850767e-05,0.0005983136361464858,0.00047326041385531425,5.4656116844853386e-05,0.00040054155397228897,4.281098154024221e-05,4.0122934308328695e-08,8.168873137037735e-06,8.870490273693576e-05,4.619746505341027e-06,0.0038198702968657017,0.0021386074367910624,0.0001176117584691383,1.389953922625864e-05,3.573404319467954e-05,7.082604861352593e-05,4.277761490811827e-06,0.0014046750729903579,2.8957181257283082e-06,1.604546923772432e-05,0.9860119223594666,1.4515352631860878e-05,1.0428826499264687e-05,0.00014455444761551917,6.11654058957356e-06,0.004008408170193434
C:/Users/KUBA/GitProjects/WKIRO-Project/data/RV028/Session2/Overground_Run/Run_Fast/Post_Process/Run_Fast7.csv,1,RV028,Session2,overground,run,fast,24,RV028,24,RV028,0.9971906542778015,2.3451303832189296e-07,1.1426379842305323e-06,4.0878767038066144e-08,2.3194188543129712e-05,3.0858129321131855e-05,0.00010174384078709409,5.503454667632468e-05,8.378439815714955e-06,6.007526098983362e-05,7.56172084948048e-06,3.577100615714812e-09,2.051598357866169e-06,3.649973950814456e-05,2.9586928462776996e-07,0.0009900362929329276,0.00033741278457455337,1.2094871635781601e-05,1.5602691973981564e-06,3.722589781318675e-06,1.1143625670229085e-05,1.653293338677031e-06,0.00028634374029934406,3.109751673946448e-07,2.6319917196815368e-06,0.9971906542778015,3.193478050889098e-06,3.1110521376831457e-06,1.752795469656121e-05,1.96985388356552e-06,0.0008095921948552132
C:/Users/KUBA/GitProjects/WKIRO-Project/data/RV028/Session2/Overground_Walk/Walk_Comfortable/Post_Process/Walk_Comfortable1.csv,5,RV028,Session2,overground,walk,comfortable,24,RV028,24,RV028,0.10216011106967926,0.010401442646980286,0.028212103992700577,0.011262880638241768,0.06567110121250153,0.0028438966255635023,0.02618994191288948,0.09181922674179077,0.019154265522956848,0.026793107390403748,0.020702704787254333,0.002791655482724309,0.0028393741231411695,0.06925345957279205,0.016632603481411934,0.09072120487689972,0.022056246176362038,0.028017019852995872,0.008738626725971699,0.05443210527300835,0.06935291737318039,0.015800032764673233,0.031415682286024094,0.004799230489879847,0.0033478341065347195,0.10216011106967926,0.023069949820637703,0.0032212347723543644,0.07883898168802261,0.016666073352098465,0.05279501527547836
C:/Users/KUBA/GitProjects/WKIRO-Project/data/RV028/Session2/Overground_Walk/Walk_Comfortable/Post_Process/Walk_Comfortable5.csv,6,RV028,Session2,overground,walk,comfortable,24,RV028,24,RV028,0.9992389678955078,1.5878129033808364e-07,3.9743574120620906e-07,5.77859680106485e-08,2.39497658185428e-05,1.7208809367730282e-05,0.00010377413127571344,0.00011361875658622012,6.832156941527501e-06,6.500772997242166e-06,9.531237083137967e-06,2.5882131993171242e-09,2.074292979159509e-06,5.181531378184445e-06,6.932403380233154e-07,0.00010256798123009503,6.812779611209407e-05,8.1481812230777e-06,4.518176865531132e-06,2.0699314973171568e-06,5.68365237541002e-07,1.7095313751269714e-06,3.7733454519184306e-05,1.3114578223394346e-07,2.0335444332886254e-06,0.9992389678955078,3.2029197427618783e-07,1.5955407434375957e-05,3.26455119648017e-06,1.434076239092974e-06,0.00022242478735279292
C:/Users/KUBA/GitProjects/WKIRO-Project/data/RV028/Session2/Overground_Walk/Walk_Fast/Post_Process/Walk_Fast8.csv,4,RV028,Session2,overground,walk,fast,24,RV028,6,DC005,0.09888783097267151,0.007245955523103476,0.029668433591723442,0.008180849254131317,0.07106733322143555,0.0019876728765666485,0.028284519910812378,0.09888783097267151,0.01954410970211029,0.029643310233950615,0.022616662085056305,0.0019043032079935074,0.0019839478190988302,0.0782727599143982,0.01312330923974514,0.0846627727150917,0.02501031383872032,0.029290370643138885,0.005568426102399826,0.05596665292978287,0.07018908113241196,0.010903880000114441,0.030142834410071373,0.003153209574520588,0.00241775787435472,0.09776141494512558,0.025802627205848694,0.0022554313763976097,0.07208339869976044,0.012193810194730759,0.06018703803420067
C:/Users/KUBA/GitProjects/WKIRO-Project/data/RV028/Session2/Overground_Walk/Walk_Slow/Post_Process/Walk_Slow3.csv,9,RV028,Session2,overground,walk,slow,24,RV028,24,RV028,0.10180747509002686,0.010054783895611763,0.02835371159017086,0.010917510837316513,0.06622915714979172,0.0027479720301926136,0.02638939768075943,0.09257045388221741,0.019214749336242676,0.0270676389336586,0.020883822813630104,0.002691254485398531,0.0027434094808995724,0.07015395164489746,0.016250696033239365,0.09018096327781677,0.022335082292556763,0.028145352378487587,0.008367542177438736,0.054628752171993256,0.06948830187320709,0.015261285938322544,0.03128786385059357,0.004609664902091026,0.003245247295126319,0.10180747509002686,0.02335122972726822,0.0031133322045207024,0.0782078206539154,0.01618780381977558,0.05351373925805092
C:/Users/KUBA/GitProjects/WKIRO-Project/data/RV028/Session2/Overground_Walk/Walk_Slow/Post_Process/Walk_Slow5.csv,9,RV028,Session2,overground,walk,slow,24,RV028,24,RV028,0.10259290039539337,0.010891889221966267,0.027960704639554024,0.01168731413781643,0.0649724155664444,0.0029715532436966896,0.025872772559523582,0.0909167155623436,0.01912156492471695,0.026414664462208748,0.020427944138646126,0.0029264800250530243,0.0029665278270840645,0.0681956484913826,0.01706983521580696,0.09137285500764847,0.021680347621440887,0.027799030765891075,0.009233287535607815,0.05419957637786865,0.06916928291320801,0.016570262610912323,0.03147117793560028,0.005053467582911253,0.003483985550701618,0.10259290039539337,0.022775845602154732,0.003365655429661274,0.07958655804395676,0.017343517392873764,0.05190621316432953
C:/Users/KUBA/GitProjects/WKIRO-Project/data/RV028/Session2/Treadmill_Run/Treadmill_Run_Fast/Post_Process/Treadmill_Run_Fast.csv,119,RV028,Session2,treadmill,run,fast,24,RV028,24,RV028,0.9989656209945679,1.859120999370134e-07,3.458153798874264e-07,5.824867699288916e-08,3.465937697910704e-05,1.6486796084791422e-05,0.00017774684238247573,0.00010682994616217911,8.459988748654723e-06,7.681562237848993e-06,1.0646383998391684e-05,2.6770730077174676e-09,2.245207497253432e-06,8.46641523821745e-06,7.658722438463883e-07,0.00014975140220485628,9.929322550306097e-05,1.0813077096827328e-05,5.016087925469037e-06,2.9644825190189295e-06,1.00390764146141e-06,1.6681832448739442e-06,6.411769572878256e-05,1.57063382744127e-07,2.824093826347962e-06,0.9989656209945679,4.793800485458632e-07,1.6854997738846578e-05,4.830105808650842e-06,1.611250468158687e-06,0.0002983852755278349
C:/Users/KUBA/GitProjects/WKIRO-Project/data/SA017/Session1/Overground_Run/Run_Fast/Post_Process/Run_Fast7.csv,1,SA017,Session1,overground,run,fast,25,SA017,7,GF022,0.13041804730892181,0.03422890231013298,0.012550991028547287,0.006092360708862543,0.05068422108888626,0.009334872476756573,0.011921610683202744,0.0553426668047905,0.13041804730892181,0.024464378133416176,0.014823881909251213,0.009514853358268738,0.008344821631908417,0.057888370007276535,0.005356035195291042,0.041273944079875946,0.022344859316945076,0.01658441498875618,0.004731904249638319,0.035247594118118286,0.04074803739786148,0.05784709379076958,0.010087646543979645,0.005829875357449055,0.016363903880119324,0.04786126688122749,0.1257425844669342,0.011202918365597725,0.028443101793527603,0.06365325301885605,0.041071534156799316
C:/Users/KUBA/GitProjects/WKIRO-Project/data/SA017/Session1/Overground_Walk/Walk_Comfortable/Post_Process/Walk_Comfortable1.csv,3,SA017,Session1,overground,walk,comfortable,25,SA017,7,GF022,0.14453519880771637,0.0376599095761776,0.011062155477702618,0.005698752123862505,0.04686570167541504,0.010125151835381985,0.010480325669050217,0.050381455570459366,0.14453519880771637,0.022681081667542458,0.013465662486851215,0.010378780774772167,0.008970450609922409,0.05366216599941254,0.004767123144119978,0.03748960420489311,0.020789625123143196,0.014983857981860638,0.004516197834163904,0.032486435025930405,0.037301044911146164,0.06434446573257446,0.008771117776632309,0.0059060584753751755,0.018233083188533783,0.04346245154738426,0.13516008853912354,0.012217062525451183,0.02542981505393982,0.0705026313662529,0.03767251968383789
C:/Users/KUBA/GitProjects/WKIRO-Project/data/SA017/Session1/Overground_Walk/Walk_Comfortable/Post_Process/Walk_Comfortable5.csv,2,SA017,Session1,overground,walk,comfortable,25,SA017,7,GF022,0.14435449242591858,0.038669854402542114,0.010929042473435402,0.005801603198051453,0.04626400023698807,0.01039978303015232,0.010333476588129997,0.04970696568489075,0.14435449242591858,0.022369729354977608,0.013285251334309578,0.01068212278187275,0.009210748597979546,0.05279998853802681,0.004813176579773426,0.03737391531467438,0.020472228527069092,0.014823347330093384,0.004644405096769333,0.03217644244432449,0.03698161989450455,0.06613820791244507,0.008719420060515404,0.00607534684240818,0.018704086542129517,0.04324525222182274,0.13391795754432678,0.012548469938337803,0.025373313575983047,0.07214690744876862,0.037038855254650116
C:/Users/KUBA/GitProjects/WKIRO-Project/data/SA017/Session1/Overground_Walk/Walk_Slow/Post_Process/Walk_Slow3.csv,5,SA017,Session1,overground,walk,slow,25,SA017,7,GF022,0.14425237476825714,0.038821991533041,0.010910721495747566,0.005817695055156946,0.04618626832962036,0.010435235686600208,0.010312425903975964,0.04963133856654167,0.14425237476825714,0.022319993004202843,0.013256097212433815,0.010721574537456036,0.009242008440196514,0.05268699675798416,0.004821751732379198,0.03738405182957649,0.020419571548700333,0.014800761826336384,0.004665314219892025,0.032146867364645004,0.036952905356884,0.06640951335430145,0.008714537136256695,0.006100713275372982,0.0187606792896986,0.043244827538728714,0.13366465270519257,0.01259150356054306,0.02538597583770752,0.07239140570163727,0.036950238049030304
C:/Users/KUBA/GitProjects/WKIRO-Project/data/SA017/Session1/Overground_Walk/Walk_Slow/Post_Process/Walk_Slow6.csv,3,SA017,Session1,overground,walk,slow,25,SA017,25,SA017,0.9994247555732727,7.816306606400758e-06,8.666675057611428e-07,1.0670286201275303e-06,1.3269091141410172e-06,5.762964065070264e-06,6.519466921872663e-08,2.3308118670684053e-06,3.0325210900628008e-05,2.638902287799283e-06,1.0613234735501464e-06,2.4851835405570455e-05,3.195209217210504e-07,0.0002259471220895648,4.832395461562555e-07,3.347228994243778e-05,1.7802402680899831e-06,1.5560063459929552e-08,1.6598737317963241e-07,5.6438398132740986e-06,3.666153133963235e-05,1.6292586224153638e-05,5.451840934256325e-07,6.1953549845839e-08,2.3134174625738524e-05,1.5016526333511138e-07,0.9994247555732727,2.9664346357094473e-07,1.8568456653156318e-05,0.00013017725723329931,3.34024548465095e-06
C:/Users/KUBA/GitProjects/WKIRO-Project/data/SA017/Session1/Treadmill_Run/Treadmill_Run_Fast/Post_Process/Treadmill_Run_Fast.csv,119,SA017,Session1,treadmill,run,fast,25,SA017,25,SA017,0.9995388984680176,4.010954398836475e-06,1.1854996273541474e-06,8.597350529271353e-07,2.1014693629695103e-06,3.536471467668889e-06,9.896444197465826e-08,3.752017619262915e-06,3.215783362975344e-05,2.6516900106798857e-06,1.6982612578431144e-06,1.2629850061784964e-05,2.606595614906837e-07,0.0002090780617436394,3.9340702073786815e-07,3.20890212606173e-05,2.9273066957102856e-06,2.4219772853939503e-08,1.0097640057438184e-07,5.5919831538631115e-06,2.7368956580176018e-05,8.412882380071096e-06,5.742801363339822e-07,3.355041755526145e-08,1.7034251868608408e-05,2.0751596707668796e-07,0.9995388984680176,2.610645992717764e-07,1.4301509509095922e-05,7.349579391302541e-05,4.202244326734217e-06
C:/Users/KUBA/GitProjects/WKIRO-Project/data/SA017/Session2/Overground_Run/Run_Comfortable/Post_Process/Run_Comfortable10.csv,2,SA017,Session2,overground,run,comfortable,25,SA017,7,GF022,0.1384871006011963,0.03614166006445885,0.011687416583299637,0.005855223163962364,0.04854894429445267,0.009760428220033646,0.011085174977779388,0.05256480723619461,0.1384871006011963,0.023449108004570007,0.01403975859284401,0.009979255497455597,0.008680322207510471,0.05555162578821182,0.005007618572562933,0.039133984595537186,0.021459314972162247,0.015663664788007736,0.0045991456136107445,0.033708855509757996,0.03881099820137024,0.061470407992601395,0.00931825116276741,0.005862564779818058,0.01737716794013977,0.04538208991289139,0.1312449872493744,0.011751421727240086,0.026724955067038536,0.06749177724123001,0.03916197642683983
C:/Users/KUBA/GitProjects/WKIRO-Project/data/SA017/Session2/Overground_Run/Run_Comfortable/Post_Process/Run_Comfortable2.csv,2,SA017,Session2,overground,run,comfortable,25,SA017,7,GF022,0.1376558393239975,0.03588563948869705,0.011772969737648964,0.0058627622202038765,0.04881616681814194,0.00968193169683218,0.011167800053954124,0.05293479189276695,0.1376558393239975,0.02354840189218521,0.014111155644059181,0.0098939910531044,0.00861489400267601,0.055873699486255646,0.005033673718571663,0.039400890469551086,0.021542686969041824,0.015755612403154373,0.004598764702677727,0.03391510248184204,0.039056625217199326,0.06100225821137428,0.00939196813851595,0.005840303376317024,0.017211254686117172,0.045701753348112106,0.13073430955410004,0.01165485754609108,0.02693301998078823,0.06701155006885529,0.039395224303007126
C:/Users/KUBA/GitProjects/WKIRO-Project/data/SA017/Session2/Overground_Run/Run_Fast/Post_Process/Run_Fast3.csv,1,SA017,Session2,overground,run,fast,25,SA017,7,GF022,0.14233210682868958,0.036836329847574234,0.011431406252086163,0.005835969466716051,0.04752688109874725,0.010133537463843822,0.010854829102754593,0.05094463750720024,0.14233210682868958,0.023275326937437057,0.013916552066802979,0.010382089763879776,0.008993289433419704,0.054286256432533264,0.004909140057861805,0.03774598613381386,0.021380603313446045,0.015393082052469254,0.0045791929587721825,0.03273111954331398,0.03767648711800575,0.06270544230937958,0.009063273668289185,0.005942462012171745,0.018197238445281982,0.04373360425233841,0.1341189742088318,0.012198403477668762,0.02565857768058777,0.0688217431306839,0.03839551657438278
C:/Users/KUBA/GitProjects/WKIRO-Project/data/SA017/Session2/Overground_Run/Run_Fast/Post_Process/Run_Fast9.csv,1,SA017,Session2,overground,run,fast,25,SA017,7,GF022,0.13002924621105194,0.03415505588054657,0.012514859437942505,0.006035206373780966,0.0508439876139164,0.0091960234567523,0.011877757497131824,0.05573408678174019,0.13002924621105194,0.02435258962213993,0.014727183617651463,0.009366636164486408,0.008221530355513096,0.05817277729511261,0.005327384453266859,0.041622668504714966,0.022207777947187424,0.016543231904506683,0.004697694908827543,0.03550085052847862,0.04100435599684715,0.05776861682534218,0.010066413320600986,0.005772157572209835,0.016097446903586388,0.04829994589090347,0.12540490925312042,0.011045270599424839,0.028697730973362923,0.06357813626527786,0.041138529777526855
C:/Users/KUBA/GitProjects/WKIRO-Project/data/SA017/Session2/Overground_Walk/Walk_Comfortable/Post_Process/Walk_Comfortable3.csv,4,SA017,Session2,overground,walk,comfortable,25,SA017,7,GF022,0.14511559903621674,0.03801647946238518,0.01097698975354433,0.005707163829356432,0.046568404883146286,0.010225383564829826,0.010394763201475143,0.05000915750861168,0.14511559903621674,0.022548429667949677,0.013378479517996311,0.010488968342542648,0.009055192582309246,0.05328398942947388,0.004754696507006884,0.0372861847281456,0.02066672220826149,0.01488745491951704,0.004535422194749117,0.03228897601366043,0.03707395866513252,0.06499303877353668,0.008709416724741459,0.005947379861027002,0.018431060016155243,0.04320666939020157,0.13530327379703522,0.012339983135461807,0.02527892403304577,0.07113413512706757,0.03739374876022339
C:/Users/KUBA/GitProjects/WKIRO-Project/data/SA017/Session2/Overground_Walk/Walk_Slow/Post_Process/Walk_Slow1.csv,4,SA017,Session2,overground,walk,slow,25,SA017,7,GF022,0.14534614980220795,0.038091257214546204,0.01094821933656931,0.005699481815099716,0.046497177332639694,0.010237251408398151,0.010366326197981834,0.04992701858282089,0.14534614980220795,0.02250703051686287,0.013348045758903027,0.010502219200134277,0.009064263664186,0.05320598557591438,0.004744320176541805,0.03723234310746193,0.020628085359930992,0.014855506829917431,0.004532144404947758,0.03224526718258858,0.03701850771903992,0.06513676047325134,0.008685736916959286,0.0059486208483576775,0.018459605053067207,0.04314403235912323,0.13542889058589935,0.012355915270745754,0.025236349552869797,0.071281298995018,0.037326205521821976
C:/Users/KUBA/GitProjects/WKIRO-Project/data/SA017/Session2/Overground_Walk/Walk_Slow/Post_Process/Walk_Slow2.csv,4,SA017,Session2,overground,walk,slow,25,SA017,25,SA017,0.9992790222167969,4.434326910995878e-06,1.0610979188641068e-06,1.5080036064318847e-06,2.4097591904137516e-06,6.489695806521922e-06,1.5389863960990624e-07,3.4989529922313523e-06,4.0109818655764684e-05,2.195178694819333e-06,2.505104703232064e-06,1.715967846394051e-05,1.3754511485331022e-07,0.00019815405539702624,4.217540947593079e-07,0.0001498749916208908,2.5622603061492555e-06,6.272691877029501e-08,1.8628755071858905e-07,1.4084933354752138e-05,2.3734097339911386e-05,3.012487468367908e-05,3.5404008258410613e-07,7.78425501835045e-08,1.3969958672532812e-05,2.2981897984664101e-07,0.9992790222167969,3.674271340514679e-07,3.124361683148891e-05,0.00016559642972424626,8.315532795677427e-06
C:/Users/KUBA/GitProjects/WKIRO-Project/data/SA017/Session2/Treadmill_Walk/Treadmill_Walk_Slow/Post_Process/Treadmill_Walk_Slow.csv,119,SA017,Session2,treadmill,walk,slow,25,SA017,25,SA017,0.9945566058158875,8.67168273543939e-06,4.460929267224856e-05,1.962658643606119e-05,3.5668115287990076e-06,0.00032606348395347595,2.377114242335665e-06,1.7380863937432878e-05,0.00025315635139122605,8.13753649708815e-06,1.5998015442164615e-05,0.00023580723791383207,4.4479770622274373e-07,0.0008972924551926553,1.2103077096980996e-05,9.433417289983481e-05,3.69493204743776e-06,8.31621377983538e-07,1.4433014712267322e-06,9.789747309696395e-06,2.1158106392249465e-05,0.0002277420280734077,1.5170256801866344e-06,1.1120521321572596e-06,1.5746269127703272e-05,4.7165354999378906e-07,0.9945566058158875,0.00010047529940493405,8.226247155107558e-05,0.002940890146419406,9.66415973380208e-05
C:/Users/KUBA/GitProjects/WKIRO-Project/data/SM019/Session1/Overground_Run/Run_Comfortable/Post_Process/Run_Comfortable3.csv,1,SM019,Session1,overground,run,comfortable,26,SM019,26,SM019,0.9995028972625732,7.813088132024859e-07,4.1687886209729186e-07,3.8214847108974936e-07,3.5974032641661324e-09,0.0002153472596546635,2.263464921270497e-06,1.630707480160254e-08,1.9635808712337166e-06,5.121139956543175e-09,2.5066942725970875e-06,7.63647858548211e-06,5.3656108320865314e-06,5.530673206521897e-06,6.641403160756454e-06,5.9652300876678055e-09,8.126983530587495e-09,1.1073599814892532e-08,9.608893378754146e-06,1.9617710123043253e-08,6.72193412043498e-10,1.8803873444994679e-06,2.1080838905618293e-06,3.96852774429135e-05,0.00015260114741977304,1.2196687748655677e-06,1.5998344338186143e-07,0.9995028972625732,1.2293958207010292e-07,3.806038512266241e-05,2.7909045456908643e-06
C:/Users/KUBA/GitProjects/WKIRO-Project/data/SM019/Session1/Overground_Run/Run_Comfortable/Post_Process/Run_Comfortable5.csv,2,SM019,Session1,overground,run,comfortable,26,SM019,23,RC023,0.15573802590370178,0.029832124710083008,0.005986328702419996,0.061830922961235046,0.00433342345058918,0.10305191576480865,0.00572466105222702,0.0026374589651823044,0.011781347915530205,0.007747342810034752,0.008729767054319382,0.13338682055473328,0.09742888808250427,0.0026417868211865425,0.022617194801568985,0.0037841694429516792,0.00794429425150156,0.006216226611286402,0.06009557098150253,0.0019873427227139473,0.0031764982268214226,0.0419243760406971,0.008234789595007896,0.06296339631080627,0.15573802590370178,0.003283657133579254,0.00774820800870657,0.10023990273475647,0.0030650035478174686,0.03226137533783913,0.0036071944050490856
C:/Users/KUBA/GitProjects/WKIRO-Project/data/SM019/Session1/Overground_Run/Run_Fast/Post_Process/Run_Fast7.csv,1,SM019,Session1,overground,run,fast,26,SM019,23,RC023,0.14365154504776,0.028437146916985512,0.007314575836062431,0.07070985436439514,0.00503492308780551,0.09838434308767319,0.007004349492490292,0.0031364785972982645,0.01098966971039772,0.008884603157639503,0.010236654430627823,0.12648776173591614,0.09403079748153687,0.0030623890925198793,0.027491210028529167,0.004540028516203165,0.009048429317772388,0.00738162687048316,0.06755933910608292,0.0023327264934778214,0.0037564928643405437,0.03949936106801033,0.010265586897730827,0.06568984687328339,0.14365154504776,0.003940807189792395,0.007473674602806568,0.09518890827894211,0.0037511589471250772,0.030499447137117386,0.004216309171169996
C:/Users/KUBA/GitProjects/WKIRO-Project/data/SM019/Session1/Overground_Run/Run_Fast/Post_Process/Run_Fast8.csv,1,SM019,Session1,overground,run,fast,26,SM019,26,SM019,0.9151958227157593,0.0022468040697276592,0.0006971119437366724,0.0009577202145010233,2.6693114705267362e-05,0.006134058348834515,0.0009744098060764372,0.00010229793406324461,0.000392622547224164,2.417208997940179e-05,0.0019330776995047927,0.025537343695759773,0.005373462103307247,0.0010428335517644882,0.0033622269984334707,5.472505108627956e-06,8.626336784800515e-05,5.605836122413166e-06,0.0008983698789961636,1.0865476724575274e-05,6.1780210671713576e-06,0.0003350827028043568,0.0024000895209610462,0.01204388216137886,0.018962765112519264,1.3785575902147684e-05,0.0007097329944372177,0.9151958227157593,9.103562661039177e-06,0.00047904351959005,3.321086478536017e-05
C:/Users/KUBA/GitProjects/WKIRO-Project/data/SM019/Session1/Overground_Walk/Walk_Fast/Post_Process/Walk_Fast4.csv,3,SM019,Session1,overground,walk,fast,26,SM019,26,SM019,0.9975772500038147,3.1682468488725135e-06,2.20240008275141e-06,1.116088810704241e-06,4.8425125243056755e-08,0.0016574322944507003,8.199344847525936e-06,5.12582225553615e-08,1.4389007446879987e-05,7.713328642466877e-08,3.1444369597011246e-06,1.939563844643999e-05,1.4261721844377462e-05,1.5615745724062435e-05,1.9499455447657965e-05,2.6152930487910453e-08,3.504149148625402e-08,5.463432373176147e-08,4.309382347855717e-05,3.396673164957065e-08,1.8330532647325981e-09,1.3047744687355589e-05,3.627859996413463e-06,8.446606079814956e-05,0.000423836667323485,4.146609626332065e-06,1.5255280914061586e-06,0.9975772500038147,8.220731615438126e-07,7.647035090485588e-05,1.3031694834353402e-05
C:/Users/KUBA/GitProjects/WKIRO-Project/data/SM019/Session2/Overground_Run/Run_Comfortable/Post_Process/Run_Comfortable6.csv,2,SM019,Session2,overground,run,comfortable,26,SM019,26,SM019,0.9989738464355469,1.898805294331396e-06,5.947298404862522e-07,1.3766411939286627e-06,7.607304119972014e-09,0.00026935405912809074,2.4024695903790416e-06,4.882691584384702e-08,4.729730790131725e-06,8.21073076195944e-09,3.9668971112405416e-06,1.942156632139813e-05,5.679469268216053e-06,1.3972361557534896e-05,1.2903968126920518e-05,2.09905568482327e-08,3.3863603476902426e-08,2.793987263771669e-08,1.991659155464731e-05,3.7934523078320126e-08,1.6285160997497883e-09,4.21859476773534e-06,3.175309529979131e-06,0.00015884074673522264,0.00045171030797064304,1.4741324321221327e-06,3.754436193048605e-07,0.9989738464355469,3.1643855891161365e-07,4.584303678711876e-05,3.7680456443922594e-06
C:/Users/KUBA/GitProjects/WKIRO-Project/data/SM019/Session2/Overground_Run/Run_Fast/Post_Process/Run_Fast10.csv,1,SM019,Session2,overground,run,fast,26,SM019,26,SM019,0.9882633686065674,7.372316031251103e-05,1.3886429769627284e-05,1.3782307178189512e-05,1.6563976146244386e-07,0.0009743042755872011,3.482907050056383e-05,6.456173196056625e-07,6.773410132154822e-05,1.8260628564803483e-07,2.9870940124965273e-05,0.00028937181923538446,2.688632048375439e-05,0.00018986155919265002,0.0003626398101914674,7.769070862195804e-07,1.2734808478853665e-06,3.573021558622713e-07,0.000314055650960654,3.107446389094548e-07,6.803055896398291e-08,3.247005588491447e-05,8.217546564992517e-05,0.00425333809107542,0.004771050997078419,6.776947429898428e-06,6.918523922649911e-06,0.9882633686065674,1.344502561551053e-05,0.000147365135489963,2.840267916326411e-05
C:/Users/KUBA/GitProjects/WKIRO-Project/data/SM019/Session2/Overground_Walk/Walk_Fast/Post_Process/Walk_Fast3.csv,3,SM019,Session2,overground,walk,fast,26,SM019,23,RC023,0.1559104174375534,0.029843827709555626,0.00596904382109642,0.06171850860118866,0.004323129076510668,0.10311669111251831,0.00570801692083478,0.0026301888283342123,0.011788714677095413,0.007731419522315264,0.008709768764674664,0.13348489999771118,0.0974765419960022,0.0026354899164289236,0.02255593240261078,0.0037733716890215874,0.007928973995149136,0.006200434640049934,0.05999867618083954,0.0019822404719889164,0.0031681135296821594,0.04194716736674309,0.008208918385207653,0.06292620301246643,0.1559104174375534,0.0032741997856646776,0.007749451324343681,0.10030873864889145,0.0030554586555808783,0.03227703645825386,0.0035984248388558626
C:/Users/KUBA/GitProjects/WKIRO-Project/data/SM019/Session2/Overground_Walk/Walk_Fast/Post_Process/Walk_Fast4.csv,2,SM019,Session2,overground,walk,fast,26,SM019,23,RC023,0.1559303253889084,0.029843240976333618,0.005974693223834038,0.06169932708144188,0.0043282778933644295,0.10311001539230347,0.005713936407119036,0.002633174415677786,0.011805767193436623,0.007741265464574099,0.008719932287931442,0.13346605002880096,0.09746763855218887,0.0026390920393168926,0.022553060203790665,0.003775577060878277,0.007939891889691353,0.0062065646052360535,0.05995403975248337,0.0019842071924358606,0.003171007614582777,0.041946228593587875,0.008213494904339314,0.06289643049240112,0.1559303253889084,0.003276425413787365,0.007762773893773556,0.10030427575111389,0.003056879388168454,0.03228302299976349,0.0036033503711223602
C:/Users/KUBA/GitProjects/WKIRO-Project/data/SM019/Session2/Overground_Walk/Walk_Fast/Post_Process/Walk_Fast5.csv,2,SM019,Session2,overground,walk,fast,26,SM019,26,SM019,0.9989689588546753,1.7435928612030693e-06,5.061451702204067e-07,1.1685145864248625e-06,8.293607578480078e-09,0.0002783701347652823,2.783039235509932e-06,4.513995932597936e-08,4.4868274926557206e-06,9.874838724499568e-09,3.5152538657712284e-06,1.6291311112581752e-05,7.6144488048157655e-06,1.508318746346049e-05,1.0964822649839334e-05,2.585257874443414e-08,3.263167158706892e-08,2.262053833135269e-08,1.577652437845245e-05,2.8101629467869316e-08,2.2630926022060294e-09,3.767230737139471e-06,3.697156444104621e-06,0.0001823196216719225,0.00043656336492858827,1.6342528397217393e-06,4.60539268942739e-07,0.9989689588546753,4.109793678708229e-07,3.9812315662857145e-05,3.864367499772925e-06
C:/Users/KUBA/GitProjects/WKIRO-Project/data/SM019/Session2/Overground_Walk/Walk_Slow/Post_Process/Walk_Slow2.csv,6,SM019,Session2,overground,walk,slow,26,SM019,26,SM019,0.9932801127433777,6.929377559572458e-05,7.855346098040172e-07,1.0068128176499158e-05,1.4824916405586919e-08,0.0001978355139726773,9.878332093649078e-06,5.346665332695011e-08,8.614493708591908e-06,6.332624025162659e-08,1.2617296306416392e-05,0.00040173527668230236,0.00014807791740167886,1.3868160749552771e-05,4.88831901748199e-05,4.5694866912526777e-07,7.625401821087507e-08,2.4269402842946874e-07,0.000552946818061173,1.347374450233474e-06,4.1824886665153826e-08,1.423046978743514e-05,1.4998659935372416e-05,0.00028299892437644303,0.004308118484914303,2.94133678835351e-06,2.9900172648922307e-06,0.9932801127433777,7.71997292758897e-06,0.0005944891599938273,1.4470882888417691e-05
C:/Users/KUBA/GitProjects/WKIRO-Project/data/SM019/Session2/Overground_Walk/Walk_Slow/Post_Process/Walk_Slow5.csv,8,SM019,Session2,overground,walk,slow,26,SM019,23,RC023,0.15483255684375763,0.0307424645870924,0.0060754152946174145,0.06100473552942276,0.004515734035521746,0.10223197937011719,0.005804206244647503,0.00277375103905797,0.012395432218909264,0.007910975255072117,0.008835626766085625,0.1320253610610962,0.09655164927244186,0.0027762632817029953,0.02247893065214157,0.003962439950555563,0.008094423450529575,0.0063371979631483555,0.059353746473789215,0.002089879009872675,0.0033236262388527393,0.04337795823812485,0.008313899859786034,0.06241472437977791,0.15483255684375763,0.0034513138234615326,0.008158594369888306,0.09973233938217163,0.003201445797458291,0.033485300838947296,0.0037480362225323915
C:/Users/KUBA/GitProjects/WKIRO-Project/data/SM019/Session2/Treadmill_Run/Treadmill_Run_Comfortable/Post_Process/Treadmill_Run_Comfortable.csv,119,SM019,Session2,treadmill,run,comfortable,26,SM019,26,SM019,0.9993252754211426,6.340062554954784e-07,4.5186669694885495e-07,6.493591513390129e-07,7.918059985456694e-09,0.00025655896752141416,2.71087833425554e-06,3.514760749112611e-08,2.7303594833938405e-06,6.358619852875336e-09,4.373734100227011e-06,6.968542493268615e-06,5.040792075305944e-06,8.334380254382268e-06,5.776428679382661e-06,1.8923131506198843e-08,3.221710187517601e-08,3.079456689647486e-08,9.410176971869078e-06,2.553916189640404e-08,1.1502808705543544e-09,3.8008133742550854e-06,2.096950311170076e-06,9.356267401017249e-05,0.00024051543732639402,2.0070160644536372e-06,1.8137524193662102e-07,0.9993252754211426,1.337587747229918e-07,2.406344901828561e-05,4.523616098595085e-06
C:/Users/KUBA/GitProjects/WKIRO-Project/data/TB030/Session1/Overground_Run/Run_Comfortable/Post_Process/Run_Comfortable8.csv,1,TB030,Session1,overground,run,comfortable,27,TB030,27,TB030,0.9988721013069153,6.6275661083636805e-06,6.830296115367673e-06,5.367074209061684e-06,4.212327198160892e-08,4.6909590878385643e-07,2.5246165023418143e-05,4.6129265740546543e-08,0.0002625144843477756,1.3886246961192228e-05,1.1819438761051515e-08,3.9175071719910193e-07,1.3025328371440992e-07,5.560922727454454e-05,1.4681669426863664e-06,0.00013471113925334066,2.4581729576311773e-06,1.0033626494987402e-05,0.0002701289195101708,0.0001693155209068209,2.545655115682166e-05,6.7263522396388e-06,2.11793371818203e-06,1.2647454241232481e-05,1.2266700650798157e-06,4.547173375613056e-06,9.310128916695248e-07,2.3767297818722e-07,0.9988721013069153,7.143594120861962e-05,3.725239366758615e-05
C:/Users/KUBA/GitProjects/WKIRO-Project/data/TB030/Session1/Overground_Run/Run_Fast/Post_Process/Run_Fast10.csv,1,TB030,Session1,overground,run,fast,27,TB030,21,PQ006,0.53995281457901,2.9460939913406037e-05,0.0007765516638755798,1.931635051732883e-05,0.0002194982225773856,0.0013752930099144578,0.09942127019166946,1.5995570947779925e-06,0.0006155369337648153,0.0072013987228274345,0.000648023618850857,5.0883852964034304e-05,0.003062232630327344,0.0014531455235555768,0.0016387206269428134,0.0008436102070845664,0.00027020435663871467,0.0003100672911386937,0.1430855244398117,0.0002343415399082005,0.00012773473281413317,2.4548073270125315e-05,0.53995281457901,0.0029586178716272116,0.0008845070260576904,0.0029992926865816116,0.000673050875775516,0.04395485669374466,0.13786263763904572,0.0016081648645922542,0.0076970490626990795
C:/Users/KUBA/GitProjects/WKIRO-Project/data/TB030/Session1/Overground_Walk/Walk_Comfortable/Post_Process/Walk_Comfortable5.csv,5,TB030,Session1,overground,walk,comfortable,27,TB030,6,DC005,0.09892100095748901,0.007279860787093639,0.029563093557953835,0.008229406550526619,0.07084016501903534,0.0019813186954706907,0.028139416128396988,0.09892100095748901,0.019283246248960495,0.029366131871938705,0.022411132231354713,0.0018989099189639091,0.001978630432859063,0.07795241475105286,0.013218792155385017,0.08532055467367172,0.024719558656215668,0.029166433960199356,0.005637544207274914,0.05607146769762039,0.07035240530967712,0.010959518142044544,0.030194485560059547,0.00317300483584404,0.00240102456882596,0.09845725446939468,0.02539723739027977,0.0022486478555947542,0.07279002666473389,0.012227429077029228,0.05981989577412605
C:/Users/KUBA/GitProjects/WKIRO-Project/data/TB030/Session1/Overground_Walk/Walk_Fast/Post_Process/Walk_Fast2.csv,5,TB030,Session1,overground,walk,fast,27,TB030,27,TB030,0.9989070892333984,7.014997208898421e-06,7.864540748414584e-06,3.602649712775019e-06,3.696975525713242e-08,3.4616385846675257e-07,1.0852503692149185e-05,3.5016199717574636e-08,0.00021223495423328131,1.5370660548796877e-05,9.574145920510091e-09,3.58070451511594e-07,6.359664439514745e-08,6.228838174138218e-05,9.760851753526367e-07,0.0002397996577201411,2.0504976419033483e-06,1.141006032412406e-05,0.00014905761054251343,0.00024594468413852155,2.7610625693341717e-05,4.7808102863200475e-06,1.1956046819250332e-06,5.964203410258051e-06,9.755929113453021e-07,4.8389833864348475e-06,1.4168382449497585e-06,6.369887017854126e-08,0.9989070892333984,2.92804506898392e-05,4.745964542962611e-05
C:/Users/KUBA/GitProjects/WKIRO-Project/data/TB030/Session1/Overground_Walk/Walk_Slow/Post_Process/Walk_Slow6.csv,6,TB030,Session1,overground,walk,slow,27,TB030,27,TB030,0.9992268681526184,2.509267687855754e-06,5.436784249468474e-06,1.0494808293515234e-06,5.113924927968583e-08,1.8218599961983273e-07,1.2721240636892617e-05,4.2941056932477295e-08,6.284725532168522e-05,1.2614487786777318e-05,7.378915700684274e-09,2.084934322965637e-07,4.318436097605627e-08,3.6334597098175436e-05,6.333261239888088e-07,0.0002647323126439005,9.925796575771528e-07,2.249388444397482e-06,0.00012363078712951392,0.00014385549002327025,1.9746636098716408e-05,4.600050488079432e-06,1.5755337017253623e-06,3.849510449072113e-06,1.9489043268094974e-07,5.280075583868893e-06,1.151709511759691e-06,1.05407785611078e-07,0.9992268681526184,4.075215838383883e-05,2.5750247004907578e-05
C:/Users/KUBA/GitProjects/WKIRO-Project/data/TB030/Session2/Overground_Run/Run_Comfortable/Post_Process/Run_Comfortable7.csv,2,TB030,Session2,overground,run,comfortable,27,TB030,6,DC005,0.10010756552219391,0.00680012721568346,0.029807882383465767,0.007708362769335508,0.07191058248281479,0.0018579734023660421,0.028536314144730568,0.10010756552219391,0.019555728882551193,0.03002689778804779,0.0228431336581707,0.0017723706550896168,0.0018544557970017195,0.07982847839593887,0.012554075568914413,0.08370880037546158,0.025426149368286133,0.02940654754638672,0.005136830732226372,0.05622127652168274,0.07029885053634644,0.010220121592283249,0.029828745871782303,0.0029214893002063036,0.002271603560075164,0.09708890318870544,0.02622050978243351,0.0021095327101647854,0.07103295624256134,0.011542821303009987,0.061400942504405975
C:/Users/KUBA/GitProjects/WKIRO-Project/data/TB030/Session2/Overground_Run/Run_Fast/Post_Process/Run_Fast2.csv,2,TB030,Session2,overground,run,fast,27,TB030,25,SA017,0.10527873039245605,0.028083205223083496,0.015436595305800438,0.006699029356241226,0.05757378414273262,0.0076326653361320496,0.014688299968838692,0.06540264189243317,0.10336945950984955,0.027114812284708023,0.017020128667354584,0.0076919132843613625,0.006943589076399803,0.06557000428438187,0.006518084090203047,0.049497418105602264,0.024475222453475,0.01946975290775299,0.005063110962510109,0.04077968746423721,0.04770266264677048,0.0465867817401886,0.012818032875657082,0.0055175782181322575,0.012643169611692429,0.05744938552379608,0.10527873039245605,0.009082559496164322,0.03524297475814819,0.051558058708906174,0.047090690582990646
C:/Users/KUBA/GitProjects/WKIRO-Project/data/TB030/Session2/Overground_Run/Run_Fast/Post_Process/Run_Fast3.csv,2,TB030,Session2,overground,run,fast,27,TB030,27,TB030,0.9775394797325134,0.00012638777843676507,1.4843658391328063e-06,1.0863585885090288e-05,1.115990812650125e-06,2.2716703824698925e-05,0.00015303924737963825,1.6817356254250626e-06,0.00017563457367941737,0.00010284121526638046,4.865668870479567e-06,0.00017238779400940984,4.2370879782538395e-06,0.0018534384435042739,2.496058641554555e-06,0.006817820481956005,1.6425358353444608e-06,1.4348233889904805e-06,0.0010403867345303297,0.0027473531663417816,0.0005786285037174821,0.00011778698535636067,8.24120725155808e-05,0.00016128002607729286,2.583253626653459e-05,7.461183122359216e-05,0.001046290504746139,9.175288869300857e-05,0.9775394797325134,0.00692529883235693,0.00011477706721052527
C:/Users/KUBA/GitProjects/WKIRO-Project/data/TB030/Session2/Overground_Run/Run_Fast/Post_Process/Run_Fast7.csv,1,TB030,Session2,overground,run,fast,27,TB030,25,SA017,0.08277029544115067,0.021571839228272438,0.018802594393491745,0.007189140655100346,0.06405004113912582,0.005848809611052275,0.01792777143418789,0.07608164846897125,0.07633467763662338,0.029351772740483284,0.01918024756014347,0.005818627774715424,0.0054280138574540615,0.07270096242427826,0.007845847867429256,0.058540910482406616,0.026144545525312424,0.022494986653327942,0.005266932770609856,0.04630802944302559,0.05490361154079437,0.035028547048568726,0.016199693083763123,0.004992994014173746,0.009082554839551449,0.0680135041475296,0.08277029544115067,0.006891978904604912,0.043256476521492004,0.03902136906981468,0.05295160040259361
C:/Users/KUBA/GitProjects/WKIRO-Project/data/TB030/Session2/Overground_Run/Run_Fast/Post_Process/Run_Fast8.csv,1,TB030,Session2,overground,run,fast,27,TB030,27,TB030,0.915115475654602,0.0007871536654420197,5.43949590792181e-06,2.4331709482794395e-06,4.6610162826254964e-05,1.737332468110253e-06,0.00015675759641453624,6.420193585654488e-06,0.0005920057301409543,1.7320577171631157e-05,8.621507845418819e-07,5.883639460080303e-06,1.571968255120737e-06,0.00023734859132673591,5.331990178092383e-05,0.03925647586584091,2.672770460776519e-05,8.911477925721556e-05,0.0016030179103836417,0.0023567029275000095,0.0007076871115714312,0.00040201153024099767,0.00012321071699261665,4.732090474135475e-06,1.57650592882419e-05,2.4874880182323977e-05,0.020279085263609886,1.3393440667641698e-06,0.915115475654602,0.017991822212934494,8.723277278477326e-05
C:/Users/KUBA/GitProjects/WKIRO-Project/data/TB030/Session2/Overground_Walk/Walk_Comfortable/Post_Process/Walk_Comfortable6.csv,5,TB030,Session2,overground,walk,comfortable,27,TB030,27,TB030,0.9990644454956055,1.7564400422998006e-06,4.341354269854492e-06,9.824391327128978e-07,7.790207234847912e-08,2.634089071307244e-07,4.29544088547118e-05,5.460236707222066e-08,7.939356873976067e-05,1.7384863895131275e-05,1.566100316097163e-08,2.0602324468654842e-07,5.764314892076072e-08,2.024613604589831e-05,3.9340039847957087e-07,0.0002989980566781014,1.3346568721317453e-06,2.175875351895229e-06,0.00014762874343432486,0.00023443158715963364,1.775486089172773e-05,5.84774898015894e-06,1.1400712764952914e-06,5.590005912381457e-06,1.9818567409402021e-07,6.297953405010048e-06,2.2118342712929007e-06,6.691380605161612e-08,0.9990644454956055,2.856863648048602e-05,1.5132954104046803e-05
C:/Users/KUBA/GitProjects/WKIRO-Project/data/TB030/Session2/Overground_Walk/Walk_Fast/Post_Process/Walk_Fast5.csv,4,TB030,Session2,overground,walk,fast,27,TB030,24,RV028,0.10086539387702942,0.008853171020746231,0.028808338567614555,0.009752143174409866,0.06807858496904373,0.0024052876979112625,0.027039358392357826,0.09525994211435318,0.019203972071409225,0.027901161462068558,0.021424675360322,0.002335143741220236,0.002401812234893441,0.07322698831558228,0.014979853294789791,0.08856682479381561,0.023187657818198204,0.02852769009768963,0.007157596759498119,0.05534323304891586,0.07000600546598434,0.013397219590842724,0.030862271785736084,0.0039710309356451035,0.002867376897484064,0.10086539387702942,0.02408379688858986,0.0027275923639535904,0.07634266465902328,0.014495296403765678,0.05592792108654976
C:/Users/KUBA/GitProjects/WKIRO-Project/data/TB030/Session2/Treadmill_Walk/Treadmill_Walk_Fast/Post_Process/Treadmill_Walk_Fast.csv,119,TB030,Session2,treadmill,walk,fast,27,TB030,27,TB030,0.9990264773368835,9.39924120757496e-07,3.9078790905477945e-06,5.595208563136111e-07,8.169497078824861e-08,1.7670531349267549e-07,2.0573143046931364e-05,4.332697400855068e-08,2.6610405257088132e-05,1.4888406440149993e-05,1.4273620507765372e-08,2.0554838897623995e-07,7.204249641290517e-08,1.561091085022781e-05,4.328679210630071e-07,0.0004292750090826303,8.298272291540343e-07,8.653901204525027e-07,0.0002637914440128952,0.00012405468442011625,1.6564883480896242e-05,6.521588147734292e-06,2.390666395513108e-06,5.591461558651645e-06,8.770440729222173e-08,5.5045229601091705e-06,1.6820628161440254e-06,9.032811476572533e-08,0.9990264773368835,2.1895722966291942e-05,1.02847852758714e-05
C:/Users/KUBA/GitProjects/WKIRO-Project/data/TK029/Session1/Overground_Run/Run_Comfortable/Post_Process/Run_Comfortable8.csv,3,TK029,Session1,overground,run,comfortable,28,TK029,28,TK029,0.9990347027778625,5.8405294112162665e-05,6.105562988523161e-08,3.6268759231461445e-06,5.349203302529304e-09,3.1851595849730074e-06,6.635307414626368e-08,3.015622269231244e-06,3.6634373827837408e-06,1.83439823331355e-08,1.7601445279069594e-07,4.456600800040178e-05,3.565854811427016e-08,3.986708634329261e-06,1.3904901607020292e-05,7.95005980762653e-05,2.3906585600030894e-09,7.217146702487298e-08,4.0848499338608235e-06,4.532751972874394e-06,1.1947682878599153e-06,0.0004694430681411177,9.865383532314809e-08,1.4401804548924702e-07,9.939403753378429e-07,3.235606698126503e-07,0.00013795409176964313,2.782671981549356e-05,0.00010281033610226586,0.9990347027778625,1.6798394426587038e-06
C:/Users/KUBA/GitProjects/WKIRO-Project/data/TK029/Session1/Overground_Run/Run_Comfortable/Post_Process/Run_Comfortable9.csv,2,TK029,Session1,overground,run,comfortable,28,TK029,7,GF022,0.14461252093315125,0.03911290317773819,0.010843191295862198,0.005822114646434784,0.04596858471632004,0.010507595725357533,0.01024535484611988,0.04937240108847618,0.14461252093315125,0.02221164107322693,0.013183312490582466,0.010802159085869789,0.009302996098995209,0.052417125552892685,0.0048109423369169235,0.03724603354930878,0.020316584035754204,0.014724604785442352,0.004681497812271118,0.0320085734128952,0.03679073601961136,0.06693920493125916,0.00866563618183136,0.006132570095360279,0.01889997161924839,0.04307233914732933,0.13370758295059204,0.01268094778060913,0.025283649563789368,0.07289332151412964,0.0367438867688179
C:/Users/KUBA/GitProjects/WKIRO-Project/data/TK029/Session1/Overground_Run/Run_Fast/Post_Process/Run_Fast2.csv,1,TK029,Session1,overground,run,fast,28,TK029,20,PC008,0.22377347946166992,0.12415268272161484,0.0029360598418861628,0.013746287673711777,0.010757513344287872,0.03260321915149689,0.0023855469189584255,0.011843230575323105,0.05033960938453674,0.004562105052173138,0.0028872303664684296,0.03858233243227005,0.028817391023039818,0.009500079788267612,0.00695005664601922,0.020504752174019814,0.0035975812934339046,0.00418704142794013,0.023526141420006752,0.010070836171507835,0.012640530243515968,0.22377347946166992,0.003995513543486595,0.026343343779444695,0.048912905156612396,0.0205275509506464,0.026909491047263145,0.03900100290775299,0.015587498433887959,0.17405173182487488,0.006307251751422882
C:/Users/KUBA/GitProjects/WKIRO-Project/data/TK029/Session1/Overground_Walk/Walk_Comfortable/Post_Process/Walk_Comfortable4.csv,5,TK029,Session1,overground,walk,comfortable,28,TK029,28,TK029,0.9988234639167786,5.4530053603230044e-05,9.274194923136747e-08,7.682921022933442e-06,4.881459236827368e-09,5.8337564041721635e-06,1.6751104681134166e-07,3.168256853314233e-06,7.838070814614184e-06,3.175103202579521e-08,2.557264338065579e-07,8.032346522668377e-05,8.241750037996098e-08,4.149545020482037e-06,1.4526114682666957e-05,0.00010742463928181678,4.937517950054371e-09,1.707915799897819e-07,3.689514414872974e-06,9.919242074829526e-06,1.1799934327427763e-06,0.00042612216202542186,8.541353224700288e-08,1.3560944012169784e-07,1.051990125233715e-06,3.055885429148475e-07,0.0003258109209127724,2.5075714802369475e-05,9.516077989246696e-05,0.9988234639167786,1.7129530078818789e-06
C:/Users/KUBA/GitProjects/WKIRO-Project/data/TK029/Session1/Overground_Walk/Walk_Slow/Post_Process/Walk_Slow2.csv,9,TK029,Session1,overground,walk,slow,28,TK029,28,TK029,0.99906325340271,5.8458670537220314e-05,5.867687136174027e-08,3.833113169093849e-06,5.530174096435303e-09,2.9637665193149587e-06,7.173971283691571e-08,3.149361418763874e-06,3.562545771274017e-06,1.7938644347736954e-08,1.8330329965010606e-07,4.575360435410403e-05,4.0393619116230184e-08,4.28123621531995e-06,1.3561158993979916e-05,8.689772948855534e-05,2.659330311516328e-09,7.763010501093959e-08,3.677515906019835e-06,4.984984116163105e-06,1.394118953612633e-06,0.00042831728933379054,1.1793061815978945e-07,1.604060315685274e-07,1.0572402970865369e-06,3.449322889537143e-07,0.00014754742733202875,2.725197009567637e-05,9.741347457747906e-05,0.99906325340271,1.55760096731683e-06
C:/Users/KUBA/GitProjects/WKIRO-Project/data/TK029/Session1/Overground_Walk/Walk_Slow/Post_Process/Walk_Slow6.csv,8,TK029,Session1,overground,walk,slow,28,TK029,28,TK029,0.9990234375,5.958810288575478e-05,6.788863515794219e-08,4.525296844803961e-06,6.966362597893294e-09,3.1238141673384234e-06,8.203858214983484e-08,4.046873073093593e-06,3.2507982723473106e-06,2.174562041545869e-08,2.395901503859932e-07,4.9394067900720984e-05,5.0987171817951094e-08,5.4397769417846575e-06,1.593770502950065e-05,0.00011144572636112571,3.4352687361405287e-09,8.746938817694172e-08,4.075679498782847e-06,5.3718831622973084e-06,1.835923512771842e-06,0.00040655225166119635,1.8173908244989434e-07,2.1053904220025288e-07,1.2710468126897467e-06,4.3778689473583654e-07,0.00015898552373982966,3.210041541024111e-05,0.00010642240522429347,0.9990234375,1.8291091237188084e-06
C:/Users/KUBA/GitProjects/WKIRO-Project/data/TK029/Session1/Overground_Walk/Walk_Slow/Post_Process/Walk_Slow7.csv,10,TK029,Session1,overground,walk,slow,28,TK029,20,PC008,0.21454235911369324,0.11883620917797089,0.0033519999124109745,0.013433299958705902,0.012362483888864517,0.03126244992017746,0.002738066017627716,0.01355985552072525,0.056877702474594116,0.005298772361129522,0.003346272511407733,0.03663667291402817,0.027637600898742676,0.011137837544083595,0.007019367069005966,0.02220400981605053,0.0042434195056557655,0.004738777410238981,0.021771863102912903,0.011354408226907253,0.0141861941665411,0.21454235911369324,0.0043824901804327965,0.024748366326093674,0.047677889466285706,0.02242238260805607,0.031609028577804565,0.03743625432252884,0.016742084175348282,0.1710205376148224,0.0074213529005646706
C:/Users/KUBA/GitProjects/WKIRO-Project/data/TK029/Session1/Treadmill_Walk/Treadmill_Walk_Comfortable/Post_Process/Treadmill_Walk_Comfortable.csv,119,TK029,Session1,treadmill,walk,comfortable,28,TK029,28,TK029,0.9990322589874268,6.061106250854209e-05,6.281666742324887e-08,3.712230636665481e-06,6.9216969933449946e-09,2.9465472834999673e-06,7.856780825932219e-08,3.5301486605021637e-06,3.653992280305829e-06,2.0272484135830382e-08,2.1645344361331809e-07,4.4023938244208694e-05,4.572815370806893e-08,4.776306013809517e-06,1.325841458310606e-05,9.501181193627417e-05,2.8282685082814396e-09,7.754833575290832e-08,3.7261568195390282e-06,5.2490477173705585e-06,1.6187733535844018e-06,0.0004306508635636419,1.4572484019481635e-07,1.6681515546679293e-07,1.0912169727816945e-06,4.1420625507271325e-07,0.00015718713984824717,3.0045664971112274e-05,0.00010353061225032434,0.9990322589874268,1.7777299490262521e-06
C:/Users/KUBA/GitProjects/WKIRO-Project/data/TK029/Session2/Overground_Run/Run_Fast/Post_Process/Run_Fast4.csv,1,TK029,Session2,overground,run,fast,28,TK029,28,TK029,0.9989263415336609,7.63313946663402e-05,3.002097770377077e-08,4.29345027441741e-06,3.5150047317245026e-09,4.0389973037235904e-06,2.5863560182415313e-08,1.7839877273218008e-06,2.7597261578193866e-06,9.584470994639105e-09,8.641643489681883e-08,5.353428059606813e-05,4.8941782182509996e-08,1.8752422192847007e-06,8.771753527980763e-06,6.571473204530776e-05,2.0235237929711047e-09,4.072015258316242e-08,4.71976591143175e-06,2.299341758771334e-06,8.407526479459193e-07,0.0006746290600858629,6.731195867359929e-08,3.6231159583621775e-07,1.4170753956932458e-06,2.421076601422101e-07,7.906499376986176e-05,3.220920552848838e-05,5.7934841606765985e-05,0.9989263415336609,5.987583904243365e-07
C:/Users/KUBA/GitProjects/WKIRO-Project/data/TK029/Session2/Overground_Walk/Walk_Comfortable/Post_Process/Walk_Comfortable2.csv,4,TK029,Session2,overground,walk,comfortable,28,TK029,28,TK029,0.999110996723175,6.353594653774053e-05,3.754221467033858e-08,2.175854433517088e-06,3.1135045652774807e-09,2.686805373741663e-06,4.3332313737209915e-08,1.7187958292197436e-06,3.424959231779212e-06,1.1070650174360708e-08,9.685417978744226e-08,3.7396712286863476e-05,2.7352276887882e-08,2.681372279766947e-06,9.822837455431e-06,5.284339567879215e-05,1.3646523910892938e-09,4.607813153256757e-08,3.341853243910009e-06,3.563470045264694e-06,8.736577683521318e-07,0.00047921627992764115,6.086482784439795e-08,9.81172263436747e-08,8.246473157669243e-07,2.1964919483252743e-07,0.00011916326184291393,2.1555813873419538e-05,8.244027412729338e-05,0.999110996723175,1.077302385965595e-06
C:/Users/KUBA/GitProjects/WKIRO-Project/data/TK029/Session2/Overground_Walk/Walk_Comfortable/Post_Process/Walk_Comfortable8.csv,4,TK029,Session2,overground,walk,comfortable,28,TK029,28,TK029,0.9991115927696228,7.07019426045008e-05,4.022684407800625e-08,2.5585579805920133e-06,3.2795337556734694e-09,3.0188020900823176e-06,4.290611599344629e-08,1.8147095488529885e-06,2.7342357498127967e-06,1.2030470841750684e-08,1.1258209298148358e-07,4.528140198090114e-05,3.550611538116755e-08,2.7639193831419107e-06,1.08574358819169e-05,5.6544828112237155e-05,1.3027059431180987e-09,4.3644753588978347e-08,3.7924346543150023e-06,3.551243935362436e-06,1.0503331395739224e-06,0.0004637505626305938,8.262217932042404e-08,1.1829867929691318e-07,9.227551913681964e-07,2.573356141510885e-07,0.00010951346484944224,2.5899929823935963e-05,8.173823880497366e-05,0.9991115927696228,1.1024022796846111e-06
C:/Users/KUBA/GitProjects/WKIRO-Project/data/TK029/Session2/Overground_Walk/Walk_Fast/Post_Process/Walk_Fast5.csv,5,TK029,Session2,overground,walk,fast,28,TK029,20,PC008,0.2225511521100998,0.12286442518234253,0.003006015671417117,0.013649562373757362,0.010991724207997322,0.03228003531694412,0.002433288376778364,0.012071672827005386,0.0518028549849987,0.004676254000514746,0.0029644551686942577,0.038137029856443405,0.028534015640616417,0.009758430533111095,0.006932100746780634,0.02074372209608555,0.0037139728665351868,0.004260585643351078,0.023102086037397385,0.010270907543599606,0.01289907656610012,0.2225511521100998,0.004052307922393084,0.026035111397504807,0.048733048141002655,0.02077198028564453,0.027888014912605286,0.03863662853837013,0.015742871910333633,0.1740150898694992,0.006481574382632971
C:/Users/KUBA/GitProjects/WKIRO-Project/data/TK029/Session2/Overground_Walk/Walk_Slow/Post_Process/Walk_Slow5.csv,9,TK029,Session2,overground,walk,slow,28,TK029,20,PC008,0.21471603214740753,0.11891913414001465,0.003343637101352215,0.013427047990262508,0.012333587743341923,0.03128216788172722,0.002730955835431814,0.013527065515518188,0.056815966963768005,0.005286172963678837,0.003338085487484932,0.0366661436855793,0.027653614059090614,0.011110281571745872,0.007010974921286106,0.022162089124321938,0.004233075305819511,0.004727733321487904,0.02178051322698593,0.011329606175422668,0.014155511744320393,0.21471603214740753,0.0043727438896894455,0.024762511253356934,0.04770682007074356,0.022377686575055122,0.03155876323580742,0.037460584193468094,0.016710391268134117,0.17109867930412292,0.00740240840241313
C:/Users/KUBA/GitProjects/WKIRO-Project/data/TK029/Session2/Treadmill_Walk/Treadmill_Walk_Slow/Post_Process/Treadmill_Walk_Slow.csv,179,TK029,Session2,treadmill,walk,slow,28,TK029,28,TK029,0.9984316825866699,0.00018542754696682096,4.9395978862776246e-08,2.778653652057983e-06,1.1446109837720542e-08,3.29381487063074e-06,1.0684806994731844e-07,5.683755716745509e-06,8.842675924825016e-06,2.7705244320941347e-08,2.5040856144187273e-07,6.044093970558606e-05,6.076717795622244e-08,1.791798604244832e-05,1.866214006440714e-05,0.00015283246466424316,4.611842907564778e-09,1.4417355487239547e-07,2.9673199151147855e-06,1.8651313439477235e-05,4.6049844968365505e-06,0.0003877660783473402,1.9981835919224977e-07,7.410962155063316e-08,3.7237684864521725e-06,5.98854171585117e-07,0.0004976650816388428,3.0173030609148555e-05,0.00016058360051829368,0.9984316825866699,4.794548658537678e-06
C:/Users/KUBA/GitProjects/WKIRO-Project/data/YX024/Session1/Overground_Run/Run_Comfortable/Post_Process/Run_Comfortable10.csv,2,YX024,Session1,overground,run,comfortable,29,YX024,9,GQ016,0.0872572511434555,0.00539618544280529,0.06276218593120575,0.04551045596599579,0.03959004580974579,0.018486756831407547,0.07087814807891846,0.02750512957572937,0.017910728231072426,0.07278114557266235,0.0872572511434555,0.01980746164917946,0.01871006190776825,0.03106495551764965,0.04080694168806076,0.01774485781788826,0.08248189091682434,0.05230044946074486,0.01843699812889099,0.014416216872632504,0.021942120045423508,0.006669561378657818,0.05673311650753021,0.014142557047307491,0.02699274942278862,0.017968669533729553,0.02547386661171913,0.017583128064870834,0.014491925947368145,0.007408439181745052,0.046745993196964264
C:/Users/KUBA/GitProjects/WKIRO-Project/data/YX024/Session1/Overground_Run/Run_Fast/Post_Process/Run_Fast1.csv,1,YX024,Session1,overground,run,fast,29,YX024,15,LF003,0.074996218085289,0.007813566364347935,0.054759711027145386,0.03718854486942291,0.045616570860147476,0.01824154332280159,0.06024486571550369,0.03399519622325897,0.026445260271430016,0.06840813159942627,0.07406492531299591,0.019387800246477127,0.01813168078660965,0.03788505122065544,0.03338537737727165,0.022431625053286552,0.074996218085289,0.048840656876564026,0.01660786382853985,0.018335485830903053,0.026781097054481506,0.010117863304913044,0.04868889972567558,0.013617447577416897,0.027315452694892883,0.023187018930912018,0.03554718941450119,0.01796536333858967,0.017878025770187378,0.011225760914385319,0.05089573189616203
C:/Users/KUBA/GitProjects/WKIRO-Project/data/YX024/Session1/Overground_Walk/Walk_Comfortable/Post_Process/Walk_Comfortable4.csv,4,YX024,Session1,overground,walk,comfortable,29,YX024,9,GQ016,0.09431521594524384,0.0021872115321457386,0.08220822364091873,0.04454071819782257,0.040270641446113586,0.007721475325524807,0.09343283623456955,0.031053436920046806,0.006461893208324909,0.0704660415649414,0.09431521594524384,0.008027467876672745,0.008225159719586372,0.031105484813451767,0.05290248990058899,0.02096465602517128,0.07742737233638763,0.059713661670684814,0.016643831506371498,0.015320788137614727,0.024223243817687035,0.002553843427449465,0.08190640807151794,0.008966046385467052,0.009570879861712456,0.021215394139289856,0.010745909065008163,0.007143761496990919,0.01883215829730034,0.0028760582208633423,0.048977695405483246
C:/Users/KUBA/GitProjects/WKIRO-Project/data/YX024/Session1/Overground_Walk/Walk_Comfortable/Post_Process/Walk_Comfortable7.csv,5,YX024,Session1,overground,walk,comfortable,29,YX024,9,GQ016,0.09411824494600296,0.0022489428520202637,0.08166340738534927,0.04432685300707817,0.04048559069633484,0.00787355750799179,0.09277822077274323,0.031181231141090393,0.006693854928016663,0.0706600546836853,0.09411824494600296,0.008188266307115555,0.008373478427529335,0.03133351728320122,0.0523361973464489,0.021004317328333855,0.07766933739185333,0.05959285423159599,0.01660517230629921,0.015407604165375233,0.024313822388648987,0.0026318293530493975,0.08106448501348495,0.0090381670743227,0.009807674214243889,0.02127029374241829,0.011086885817348957,0.007294653449207544,0.018810708075761795,0.002964670304208994,0.049176108092069626
C:/Users/KUBA/GitProjects/WKIRO-Project/data/YX024/Session1/Overground_Walk/Walk_Fast/Post_Process/Walk_Fast3.csv,4,YX024,Session1,overground,walk,fast,29,YX024,9,GQ016,0.09420359134674072,0.0025558306369930506,0.07923200726509094,0.044646620750427246,0.04053877294063568,0.009000610560178757,0.09005564451217651,0.030660424381494522,0.007815878838300705,0.07174567878246307,0.09420359134674072,0.009401658549904823,0.009499762207269669,0.031434088945388794,0.050589609891176224,0.02042408473789692,0.0793619453907013,0.058922797441482544,0.016834579408168793,0.015261759981513023,0.023961856961250305,0.0030135258566588163,0.07735218107700348,0.009669117629528046,0.011506875976920128,0.020685475319623947,0.01267664972692728,0.008367681875824928,0.018029464408755302,0.003392051439732313,0.04915976524353027
C:/Users/KUBA/GitProjects/WKIRO-Project/data/YX024/Session1/Overground_Walk/Walk_Fast/Post_Process/Walk_Fast5.csv,2,YX024,Session1,overground,walk,fast,29,YX024,9,GQ016,0.09354700148105621,0.0024781608954072,0.07991226017475128,0.045143745839595795,0.04046068340539932,0.008655741810798645,0.09064675122499466,0.030879568308591843,0.007343771867454052,0.07087813317775726,0.09354700148105621,0.009033974260091782,0.009164242073893547,0.03130378946661949,0.0518261156976223,0.020831111818552017,0.07805056869983673,0.05903938040137291,0.01711493730545044,0.01536735612899065,0.024184346199035645,0.0029154790099710226,0.07892090082168579,0.00959981419146061,0.010924514383077621,0.021075529977679253,0.0119558647274971,0.008038012310862541,0.018513593822717667,0.003272987436503172,0.048921629786491394
C:/Users/KUBA/GitProjects/WKIRO-Project/data/YX024/Session1/Overground_Walk/Walk_Slow/Post_Process/Walk_Slow1.csv,12,YX024,Session1,overground,walk,slow,29,YX024,9,GQ016,0.09423253685235977,0.0022133677266538143,0.08200224488973618,0.044644009321928024,0.040272634476423264,0.007808731868863106,0.09317701309919357,0.03102629818022251,0.006532218307256699,0.07048141211271286,0.09423253685235977,0.008121749386191368,0.00831370335072279,0.03110569901764393,0.05285440385341644,0.020954037085175514,0.07745461910963058,0.05964946746826172,0.01670914702117443,0.015320715494453907,0.02421540580689907,0.0025861167814582586,0.08166356384754181,0.009032224304974079,0.009693494997918606,0.02120220474898815,0.010839511640369892,0.007226654794067144,0.01880674809217453,0.0029110091272741556,0.048949066549539566
C:/Users/KUBA/GitProjects/WKIRO-Project/data/YX024/Session1/Overground_Walk/Walk_Slow/Post_Process/Walk_Slow3.csv,9,YX024,Session1,overground,walk,slow,29,YX024,9,GQ016,0.09419437497854233,0.0022545522078871727,0.08166099339723587,0.04459284245967865,0.040341973304748535,0.007937958464026451,0.09278554469347,0.031024008989334106,0.006686677224934101,0.0706312358379364,0.09419437497854233,0.00825993437319994,0.008441639132797718,0.03118300437927246,0.05254051461815834,0.020917391404509544,0.07766886800527573,0.059566013514995575,0.016708072274923325,0.01533435471355915,0.024213623255491257,0.002637743018567562,0.08112677931785583,0.009098786860704422,0.009891217574477196,0.02117007225751877,0.011062804609537125,0.00735155725851655,0.01873622089624405,0.0029693059623241425,0.04901193827390671
C:/Users/KUBA/GitProjects/WKIRO-Project/data/YX024/Session2/Overground_Run/Run_Fast/Post_Process/Run_Fast5.csv,1,YX024,Session2,overground,run,fast,29,YX024,29,YX024,0.9991924166679382,1.0187988408461024e-07,1.3829605450155213e-05,3.6063474908587523e-06,1.8727934730122797e-05,1.4703075066790916e-05,4.742595774587244e-05,1.2903839206046541e-06,2.1116973584867083e-05,0.00012947364302817732,0.00013801074237562716,3.6080385257264425e-07,3.73685935528556e-08,4.4800621253671125e-05,1.7478390873293392e-05,1.663778107285907e-06,6.441133564294432e-07,5.270185647532344e-05,4.5334331844060216e-07,5.265759682515636e-05,2.6308471205993555e-06,6.122344871073437e-07,2.4068581296887714e-06,5.518824153227797e-08,7.434989015564497e-07,0.00022361740411724895,3.1361573746835347e-06,3.6698490930575645e-06,1.0488551197340712e-05,1.053669734574214e-06,0.9991924166679382
C:/Users/KUBA/GitProjects/WKIRO-Project/data/YX024/Session2/Overground_Run/Run_Fast/Post_Process/Run_Fast6.csv,1,YX024,Session2,overground,run,fast,29,YX024,6,DC005,0.08078636974096298,0.017865510657429695,0.02157965861260891,0.007780035492032766,0.06709891557693481,0.005127034615725279,0.020680654793977737,0.08078636974096298,0.06171843037009239,0.03124930150806904,0.021194729954004288,0.005071286112070084,0.00482292752712965,0.07537217438220978,0.009033583104610443,0.06250136345624924,0.027775343507528305,0.024832263588905334,0.005521933548152447,0.04832245036959648,0.058072254061698914,0.02847573533654213,0.019014008343219757,0.004805983044207096,0.007659698836505413,0.07242772728204727,0.06982219964265823,0.005977923050522804,0.04729250818490982,0.03184057027101517,0.056277379393577576
C:/Users/KUBA/GitProjects/WKIRO-Project/data/YX024/Session2/Overground_Walk/Walk_Comfortable/Post_Process/Walk_Comfortable3.csv,4,YX024,Session2,overground,walk,comfortable,29,YX024,29,YX024,0.999132513999939,1.1665725452303377e-07,1.070088728738483e-05,3.0662401968584163e-06,1.1025091225747019e-05,1.943409733939916e-05,4.023621659143828e-05,1.0780104275909252e-06,2.6917907234746963e-05,0.00010255438974127173,0.0001520812656963244,3.470330796062626e-07,2.7659332602070208e-08,4.650508344639093e-05,1.8137943698093295e-05,9.020790798786038e-07,2.83451214500019e-07,2.819040309987031e-05,6.255339144445315e-07,6.612274592043832e-05,1.6323330100931344e-06,8.343920399056515e-07,1.207278387482802e-06,6.601089808100369e-08,6.047588385627023e-07,0.00031405666959472,1.7700930357023026e-06,6.54793439025525e-06,1.1015439667971805e-05,1.4599315818486502e-06,0.999132513999939
C:/Users/KUBA/GitProjects/WKIRO-Project/data/YX024/Session2/Overground_Walk/Walk_Fast/Post_Process/Walk_Fast6.csv,3,YX024,Session2,overground,walk,fast,29,YX024,29,YX024,0.9991948008537292,1.0578023079688137e-07,1.4970602933317423e-05,3.15876241074875e-06,1.091911781259114e-05,2.1548918084590696e-05,4.2664305510697886e-05,9.519503691990394e-07,2.508974830561783e-05,0.00013783974281977862,0.00015722519310656935,4.318906974276615e-07,3.330437081672244e-08,4.1441326175117865e-05,1.7930284229805693e-05,8.387090133510355e-07,4.358005014637456e-07,3.215050310245715e-05,4.943078693031566e-07,4.9195736210094765e-05,1.993404339373228e-06,6.569912329723593e-07,1.5899025811449974e-06,5.586914042510216e-08,7.20973275747383e-07,0.0002243990747956559,2.4288763142976677e-06,4.909124982077628e-06,9.84009966487065e-06,1.104739112633979e-06,0.9991948008537292
C:/Users/KUBA/GitProjects/WKIRO-Project/data/YX024/Session2/Overground_Walk/Walk_Fast/Post_Process/Walk_Fast8.csv,3,YX024,Session2,overground,walk,fast,29,YX024,29,YX024,0.999131441116333,1.4372294288023113e-07,1.1660082236630842e-05,2.4836747343215393e-06,1.1194428225280717e-05,1.8084976545651443e-05,3.347440724610351e-05,1.2291515076867654e-06,2.710580338316504e-05,0.00010313491657143459,0.00012564017379190773,3.2707521313568577e-07,2.281515953939106e-08,4.428346801432781e-05,1.538909964438062e-05,9.70425730884017e-07,2.6233553285237576e-07,2.6014075046987273e-05,5.240510745352367e-07,6.529007077915594e-05,1.901784457913891e-06,1.030775933941186e-06,1.118383920584165e-06,5.241937017785858e-08,4.856481723436445e-07,0.0003557070449460298,2.0153872810624307e-06,5.081149538455065e-06,1.2253713975951541e-05,1.6964280575848534e-06,0.999131441116333
C:/Users/KUBA/GitProjects/WKIRO-Project/data/YX024/Session2/Overground_Walk/Walk_Slow/Post_Process/Walk_Slow2.csv,9,YX024,Session2,overground,walk,slow,29,YX024,29,YX024,0.9990912675857544,1.1804107202806335e-07,1.1659153642540332e-05,3.0500286811729893e-06,1.123261699831346e-05,1.9354709365870804e-05,4.043789522256702e-05,1.197811229758372e-06,2.976277392008342e-05,0.00011151679791510105,0.00015501200687140226,3.403416712899343e-07,2.8532420870419628e-08,4.680997517425567e-05,1.6864472854649648e-05,9.410315442437422e-07,3.013043397004367e-07,2.8789716452592984e-05,5.699201892639394e-07,6.95844428264536e-05,1.6753833733673673e-06,8.377215294785856e-07,1.157239012172795e-06,6.042607481049345e-08,5.583890470006736e-07,0.00033656356390565634,2.0369952835608274e-06,5.9731692090281285e-06,1.0909999218711164e-05,1.479815750826674e-06,0.9990912675857544
